method,target_id,eta,tau_transfer,ipr,purity,c_l1,target_eta,target_tau_transfer,target_ipr,target_purity,target_c_l1,dataset_index,abs_err_eta,abs_err_tau_transfer,abs_err_ipr,abs_err_purity,abs_err_c_l1
model,3,0.7509403881248599,20.34368208195663,0.267259666865757,0.27391741231986394,0.3240150070730949,0.8215711,20.109015,0.26017472,0.27023384,0.29238144,132514,0.07063072355421729,0.23466757084823087,0.007084945386341079,0.003683572569574023,0.0316335714403892
model,1,0.3764337528494486,27.527313262115914,0.6314819691698995,0.6320131688092587,0.09653176884972452,0.19029836,29.206373,0.668512,0.67043525,0.12942995,74123,0.18613538928304996,1.6790599526057655,0.037030017562583395,0.03842208099619171,0.03289818246043326
model,0,0.7426283513138292,19.26368853825284,0.2617911404924359,0.27281192367998236,0.38906044372222376,0.7584671,13.679777,0.24725586,0.26755,0.47606024,33458,0.015838726895094135,5.583911392867098,0.014535278733250112,0.005261932072316344,0.08699979773857641
model,2,0.1740853435355896,21.679791923458865,0.2459854294186957,0.2914642988874563,0.5851394533746891,0.27761433,16.832853,0.26614442,0.30238298,0.5041054,57950,0.10352898174936828,4.846938606198123,0.020158995258199447,0.010918676929270399,0.08103406425649451
model,5,0.8335493518662229,18.24505257374782,0.25774123163792606,0.27284634103173655,0.5173880573719257,0.8926104,17.333122,0.20670004,0.21893375,0.43974382,117269,0.059061019246600566,0.9119303203298514,0.05104118974778171,0.053912594813055215,0.07764424051935614
model,6,0.9127551274081311,5.148342758108392,0.27663514411722234,0.28304924363637896,0.2771295391409212,0.9328691,6.2080483,0.2524332,0.26191923,0.3260561,79622,0.02011394932068966,1.0597055855500557,0.02420193350587896,0.02113001341367693,0.048926553836602604
model,9,0.926658080967656,16.50785266449825,0.23967628407334732,0.2524670231470521,0.4195344131474017,0.9380948,15.09445,0.21274278,0.22207873,0.37097368,15184,0.011436713782557617,1.4134026675500095,0.026933508394712674,0.03038829745144206,0.04856073670430172
model,8,0.9965820085632394,3.4150145936908345,0.2415003297301507,0.2773228387523816,0.7459271148351068,0.99189395,2.958586,0.3242428,0.39422894,0.7152921,71597,0.004688061438758218,0.4564286161365132,0.08274247074401617,0.1169060964893176,0.030635018697106275
model,10,0.42286332699437684,15.876326364968122,0.31286526131264925,0.3413826327607868,0.4847880791022453,0.3533679,15.903919,0.26431936,0.2954089,0.5033014,116513,0.06949543210645265,0.027592855002581018,0.04854590105645418,0.04597372820832707,0.01851330296257403
model,4,0.9739725444927053,5.693458695352497,0.30484771307309805,0.32608332778302723,0.49338569179698183,0.9542749,7.8531504,0.23684888,0.24990356,0.3851833,16005,0.01969765168569848,2.1596916723843194,0.06799883719285665,0.07617976809827381,0.10820238724871828
model,7,0.9882630244706715,6.698134821509463,0.20002197132555116,0.20803215927220048,0.3339330064810467,0.9816332,5.389304,0.2285614,0.24210514,0.4024908,3648,0.0066298381303394605,1.3088306604376854,0.028539430041636338,0.034072982009881125,0.06855778817761421
model,14,0.6554893783158416,19.69020403742007,0.1965407753914253,0.21951462415063164,0.4598628722067343,0.56644064,22.261204,0.2002014,0.22082578,0.4909403,56719,0.08904873643580624,2.5709997284490704,0.003660631683502974,0.0013111523071549225,0.031077430403663064
model,13,0.968201033702537,9.077352794455642,0.2607175909376959,0.31106952883937966,0.5952114204459071,0.6999377,19.408997,0.30825895,0.37106785,0.69473225,8656,0.2682633324772562,10.331643787575608,0.04754135977260071,0.05999832294246543,0.09952082833720444
model,15,0.8733553447348796,17.203943105523045,0.35761319349920306,0.3628464244444096,0.2771868556390913,0.8357882,15.258431,0.35309833,0.35740274,0.2472404,6689,0.03756715437004199,1.9455116708916975,0.004514860617275573,0.005443682535382521,0.029946461285224713
model,12,0.30348905393829084,27.841023431786326,0.6995698594549673,0.7005806515719157,0.1338657819154634,0.17833596,27.576347,0.8260057,0.82681197,0.10525237,105690,0.12515308925857282,0.2646760807121069,0.1264358377953989,0.12623131770832718,0.02861341167715925
model,17,0.7665240723184429,22.753291460467853,0.5401927356111104,0.5480119332615039,0.27412933034257364,0.8213266,20.952593,0.45154494,0.46469358,0.2972435,116679,0.05480254110776561,1.8006986107364078,0.0886477951394612,0.08331835716401548,0.023114175373750212
model,11,0.4701622037802236,22.140398607998836,0.23633096374657883,0.2851918441143775,0.5885385064204633,0.58143514,20.258993,0.23310496,0.26235133,0.45395133,72301,0.11127294016737771,1.8814054591951255,0.003226004616291661,0.02284051001937626,0.13458717742761972
model,16,0.9842297036248789,5.026534533124696,0.27049032404828965,0.2847348006956948,0.3765870645498279,0.97950435,3.3362637,0.2791093,0.30948865,0.4676934,100831,0.004725356777344758,1.6902708765084853,0.008618975134602191,0.024753853440962925,0.09110632391223877
model,21,0.9500507859234396,10.599686542731106,0.1970804244019172,0.20520192065285908,0.3841520707623071,0.90898746,11.489827,0.19924553,0.2113309,0.39048547,123859,0.041063323402840246,0.8901406133357881,0.0021651029847481462,0.00612898490381969,0.006333394764273692
model,22,0.16664853191963241,25.44755430073295,0.29032796007662676,0.3030396726158155,0.3898873623377549,0.14017388,27.405123,0.50211406,0.5138985,0.28082356,23074,0.02647464967361496,1.957568456225058,0.2117860974642668,0.21085881924362054,0.10906380376880043
model,23,0.7918722121612755,15.853501012561495,0.20961234558739653,0.2168429817510338,0.36256143424891396,0.96750814,10.810547,0.21717158,0.2430961,0.46855432,39388,0.17563592506482928,5.042954137561495,0.007559234011983967,0.026253116552761052,0.10599288370228843
model,18,0.020493917226925323,28.62302101419267,0.5031560783245711,0.5166804656849284,0.2182345676766647,0.07165852,30.52825,0.41275868,0.42202425,0.2335222,101305,0.05116460466371493,1.9052287264079162,0.09039740012671038,0.09465621565441085,0.015287638868211412
model,19,0.4227317929026211,22.286679182330086,0.361851644408355,0.36996345717755236,0.28924091067523505,0.44525677,25.671879,0.3178487,0.32355633,0.26838478,84681,0.022524976754513926,3.385199632367179,0.04400293220246815,0.04640712339726366,0.020856126215167303
model,20,0.20614018095238656,28.710575515906086,0.4990076484540153,0.500988525463467,0.17115632461905073,0.11241332,27.629997,0.3617695,0.36447397,0.1772296,29614,0.09372686398728342,1.0805782624881175,0.13723815105945353,0.136514556719189,0.006073273545507685
model,25,0.11237886541782241,26.050294876450497,0.322854861913997,0.33432544762670957,0.3191636157160522,0.14926344,27.982382,0.34924078,0.36339417,0.30188543,20356,0.03688457614483018,1.9320869442282138,0.026385917962712002,0.029068723372817407,0.017278189671588062
model,24,0.7379064767598272,13.453275864152033,0.2842244235681919,0.30673252927329375,0.46494720559822417,0.57894224,12.69378,0.24781907,0.27554154,0.46762252,43478,0.15896423747531185,0.759495918778498,0.03640535752052343,0.031190985312722463,0.002675312941204544
model,29,0.9822500059657115,11.678471202072977,0.3599703799017074,0.3654454968962317,0.27754566208710696,0.95448196,11.806327,0.35742295,0.362317,0.25927675,64630,0.027768046622755005,0.12785566407692528,0.0025474320181014254,0.0031285010370855626,0.018268914383554713
model,28,0.8401844032198555,15.085068401747584,0.24542845461781237,0.2609934436265868,0.3650037852932917,0.85911524,20.116085,0.22340457,0.23826282,0.37446204,966,0.0189308397382133,5.03101665074265,0.02202388320381854,0.022730626362983564,0.009458252985288018
model,26,0.1463986088655824,26.704301457085045,0.21495931832130322,0.27726247718134045,0.6534073182309654,0.17486508,27.49588,0.2087741,0.24231182,0.4174216,16026,0.028466473040736268,0.7915786698680805,0.006185213606909601,0.03495065679350018,0.23598570906768113
model,27,0.8770099680808366,13.523678996717948,0.23197124758758192,0.24194409422077506,0.28774608934953294,0.83776194,10.556422,0.49969897,0.5153278,0.32517964,107466,0.03924802950890671,2.9672567631364046,0.26772771915397997,0.27338371702037484,0.03743354712889113
model,33,0.466529881665705,24.739444477953025,0.6772065638025254,0.6784099653312924,0.12860408077224195,0.26906386,29.479458,0.47149256,0.47205588,0.08023107,3780,0.19746602148771125,4.740013377271584,0.20571400508479776,0.2063540831157925,0.048373010253748294
model,30,0.9706072639794991,7.486931140519296,0.540728528039039,0.5457556274474924,0.19464944672073767,0.95581746,7.8988957,0.5376967,0.5409289,0.19346185,54231,0.014789802965705201,0.4119645999897372,0.0030318088694223366,0.004826727205640591,0.0011875964352075774
model,32,0.3220432857823261,29.570408046120612,0.5233436204166496,0.5273653008839158,0.2267583032763708,0.4251765,26.881758,0.34101763,0.3654213,0.4346095,53973,0.10313321549178278,2.688650309914557,0.18232598674012068,0.16194400571790013,0.207851199277569
model,31,0.8990850064716235,15.844883086874042,0.2742732288983354,0.29358519096782226,0.42859978528308984,0.8265191,18.020243,0.25307313,0.26497865,0.3731522,88946,0.07256593441580683,2.1753596041659975,0.02120010282068341,0.0286065437357666,0.055447588875771725
model,34,0.8064010860273918,9.056170063930885,0.27126066558063805,0.2732450699799189,0.14896042050114439,0.7910845,8.753873,0.32675344,0.330872,0.18104318,33369,0.015316558058031449,0.3022971925319595,0.05549277193843544,0.05762692928384455,0.032082757341949486
model,38,0.8766778552800788,11.949560595412024,0.21072841282337934,0.21711521513329013,0.2676826538907323,0.9171716,11.977125,0.21092434,0.21796142,0.2701651,7605,0.040493742200695126,0.027564572434656043,0.00019592945128649175,0.000846200515170259,0.00248243190180919
model,36,0.9189531077727332,12.85300434099814,0.2473104588634309,0.25120065291120514,0.24886420403292706,0.74816424,20.599714,0.2153853,0.22379883,0.30053902,438,0.17078887122717046,7.746709938176664,0.03192515596216289,0.02740182657434448,0.05167481269070576
model,39,0.8643407547546363,17.690600169131038,0.3673161182293988,0.3705316915883015,0.22750596891381908,0.8091837,16.048763,0.35426044,0.35733542,0.22742453,15555,0.055157037980649526,1.6418368939845536,0.013055673588285521,0.013196273125548219,8.143673875499191e-05
model,37,0.9492902899248501,13.051783668598922,0.38423275923414674,0.40057938317472747,0.3715722850464447,0.7057752,20.88893,0.33743313,0.378856,0.4793313,114877,0.2435150886042019,7.837145698466507,0.04679962968512025,0.02172337989027312,0.10775902951730654
model,40,0.5255480657459416,23.98076563685078,0.6748415917905373,0.6850822829446308,0.30301885387904093,0.4872733,24.499378,0.6528329,0.65993994,0.2622686,79003,0.03827476009141584,0.5186125674949231,0.022008666470865634,0.025142338200520697,0.04075025103098795
model,41,0.1664463027185556,28.83766830604966,0.26716459631582,0.27185563782755046,0.2468342852916878,0.3272198,28.572351,0.2764688,0.29257074,0.33818063,21133,0.16077351134356294,0.26531685036118446,0.009304217103522028,0.020715102156961873,0.09134634610746686
model,35,0.9147253259599238,16.986945535316934,0.22174802143276048,0.22749780115417287,0.26936154188156286,0.9604588,10.726496,0.26803547,0.27506015,0.2394322,107298,0.045733489137885,6.260449792519083,0.04628745000660109,0.04756234589286998,0.02992934109211126
model,44,0.697916640876931,20.848037286776915,0.19905043290946067,0.205245733218866,0.3640268522792192,0.71210027,20.609009,0.20744209,0.21471155,0.3618089,14756,0.014183626533347371,0.2390284977144148,0.008391657005814901,0.00946581367902219,0.0022179562144609144
model,47,0.5519349007969001,22.965592116314472,0.2649228527961584,0.26811526289196946,0.21124119786138376,0.39657944,25.758356,0.29651713,0.3012383,0.23993585,90336,0.15535545638848336,2.7927639780458797,0.03159428091661015,0.03312303552416823,0.028694647275258695
model,46,0.9944018984673841,5.550356387653871,0.17506341953684235,0.1914967483015174,0.550413391887481,0.99411213,5.7093306,0.18793839,0.21306454,0.569427,62112,0.0002897644875867744,0.15897417112298484,0.012874972625480652,0.021567788150776007,0.019013621509735845
model,43,0.29805381508994405,21.504317831016955,0.2590608173314458,0.2656527177273505,0.2679186052448658,0.20223852,26.457943,0.3336268,0.35060653,0.35357392,138175,0.09581530007052724,4.953625131629529,0.07456598940454662,0.0849538131774194,0.0856553130977245
model,42,0.5550612096827469,16.33838684319602,0.2640986488598771,0.27838620477434933,0.28329409483884793,0.6676844,17.194998,0.35203397,0.3696623,0.32533953,13497,0.11262316655702975,0.8566109442795664,0.08793532388029623,0.09127610987904727,0.042045431099186126
model,49,0.44057137599520585,23.31128086050494,0.2642124805913698,0.27833433120571244,0.35485455261837334,0.23206739,27.365128,0.27865744,0.3234331,0.52623135,71595,0.2085039847188463,4.053846702971622,0.014444955779479796,0.04509876997150314,0.17137679589618354
model,45,0.9382779653435286,6.93197932258898,0.30117471259963946,0.3054086289785848,0.23987381368706173,0.92296517,8.217064,0.28740525,0.2927139,0.24605627,86386,0.015312796390586692,1.285084581219614,0.013769460142974421,0.012694718637321967,0.006182459892535741
model,53,0.90914332622034,15.600060968249977,0.20718783583173805,0.22217242376895915,0.5569662571138294,0.9128947,15.74081,0.22438486,0.25013077,0.50879335,118408,0.003751399579220549,0.14074942603713225,0.017197023372554243,0.027958348821678053,0.04817290307940558
model,51,0.08107117287994807,25.399971649887757,0.3025012025394365,0.31661413336398175,0.37929440223717165,0.15314956,25.967892,0.29575887,0.309474,0.3785461,126241,0.07207838721393163,0.5679200432274776,0.006742329315178097,0.007140141969938785,0.000748313303226944
model,52,0.6159136944310759,21.283289051889525,0.24364943704831926,0.27427130721063603,0.4291191110840513,0.6138185,23.328236,0.32066396,0.370717,0.6176781,48181,0.0020951681630705377,2.0449465743311777,0.07701452173959883,0.09644568182973873,0.18855899474709492
model,55,0.28492790236758936,26.627183038490582,0.3079427965138904,0.3105879768085281,0.23159186806239349,0.1713736,24.089294,0.33033255,0.33302355,0.22643408,77211,0.11355429663943994,2.537888604896832,0.02238975091233336,0.022435571317692582,0.005157786269562065
model,57,0.13742357758186938,26.181278795182315,0.25154263830336554,0.2532565812534225,0.18853656493457632,0.08381365,29.16065,0.30132908,0.3048634,0.21369682,89584,0.05360992518566729,2.979371458113583,0.049786437986765075,0.05160681205330969,0.025160257589494417
model,48,0.1973185368163978,25.21521924359244,0.21509892979383421,0.22081040269110302,0.30938859270296104,0.3051758,22.778698,0.20980999,0.21571718,0.2750041,26553,0.10785727423592459,2.436521276063143,0.005288941056727892,0.0050932211277256445,0.03438450382432945
model,50,0.9771879147993533,8.181263855908313,0.38801216746627426,0.395736446364609,0.32232934187295864,0.9519933,8.143304,0.39042464,0.4010223,0.33748624,54029,0.02519462818970364,0.037959984753527465,0.002412471520313264,0.0052858388583982285,0.015156895414562721
model,54,0.8881635825454737,16.28731299747293,0.3584044232508929,0.3823463348273594,0.49269830279004273,0.9406932,12.716965,0.27513498,0.29039907,0.5042295,132888,0.05252961708907833,3.5703482757932434,0.08326944257233454,0.09194726027291605,0.011531183198574213
model,61,0.6400442806009724,23.763348119040323,0.35190195674750635,0.35948039415589816,0.31295986100033346,0.7488985,22.824816,0.4855495,0.49909177,0.39332604,92683,0.10885422556357838,0.9385323689182528,0.13364755277779272,0.13961138006933682,0.08036618308230814
model,62,0.9705805458671876,9.937451207256494,0.2433293819708006,0.26179538019239057,0.47287158402776797,0.9635143,12.703297,0.3846223,0.41405958,0.43764108,62402,0.007066217864257873,2.765845454120459,0.14129292366083698,0.15226419918001544,0.035230499833584616
model,59,0.18239895563014993,25.782707062880508,0.827541885431917,0.8282339578485864,0.09355613525463187,0.24107951,26.234648,0.86947674,0.87010956,0.08143045,87885,0.05868055362812033,0.451940687973984,0.04193485015997145,0.041875600256882306,0.012125685172806613
model,63,0.23227501524171726,27.668064264761732,0.23599889802120042,0.23825245066457454,0.19534326581134906,0.120743476,30.155148,0.22219725,0.22367024,0.14986375,107660,0.11153153938732044,2.4870832877285025,0.013801648489454504,0.014582206447655593,0.045479516068841125
model,56,0.82386504556113,18.47608127057225,0.32233116157651875,0.37096102722024366,0.6818238779707605,0.928411,12.686552,0.2703113,0.30094028,0.54258186,24993,0.10454596136636018,5.789529222842759,0.05201986559034322,0.07002075202798291,0.13924202171999756
model,58,0.6106770932029432,20.837964501088635,0.2488535933743609,0.269346559526693,0.4215653375474433,0.81023276,16.308239,0.25414038,0.26776546,0.35070863,21287,0.19955566531909052,4.529725517934338,0.005286783670316847,0.0015810971281639552,0.07085670388617316
model,60,0.21448639076652123,27.25162274724448,0.2557373915325732,0.2678590106666064,0.28735488068670784,0.6373154,22.101055,0.22667082,0.2654196,0.4601942,123520,0.42282900172768045,5.150567601980807,0.02906657499185511,0.002439408272502386,0.17283931959062065
model,64,0.8323791453580159,19.80107047990391,0.30008476726537114,0.3036820653038154,0.2626334889168641,0.69193363,23.776144,0.3273452,0.3301339,0.2449256,114838,0.14044551346104328,3.9750735478060513,0.02726042516703242,0.02645181984137196,0.01770788564633341
model,66,0.926549568105346,15.144710304807163,0.20049994255942685,0.22993624391578615,0.658473952541822,0.9810648,6.784301,0.1867344,0.22869974,0.6699938,104180,0.05451522834240785,8.360409500668979,0.013765549320405551,0.001236500168074972,0.011519865264421947
model,70,0.2444366518534889,26.28145807046215,0.5872223687113532,0.5887544103111686,0.1447930481464066,0.16552414,26.884502,0.81300145,0.8157679,0.14969918,84389,0.07891251185314557,0.6030443404265213,0.2257790851651421,0.22701347394328697,0.004906133171876492
model,65,0.9387157833230947,14.84562276798615,0.23919035853541634,0.24809878219430245,0.4239288561180411,0.9033592,16.808657,0.3665114,0.37366894,0.33575636,129419,0.03535660859470113,1.963033924518733,0.1273210459788964,0.1255701566808959,0.08817249463351351
model,69,0.9754856148223008,4.310704381298876,0.3702295448078197,0.3846478717466287,0.36818482564434984,0.9828951,6.010696,0.25168145,0.2906723,0.45278525,130638,0.007409461452571042,1.699991552996778,0.11854809777870595,0.09397556950053493,0.08460042788043043
model,72,0.9676481520825895,9.421984632677521,0.6896997318478274,0.6940374263544871,0.20246517861208568,0.95227647,9.029182,0.63416433,0.64924705,0.24559991,132543,0.015371683805611935,0.3928021985954899,0.05553539850432154,0.04479037606914771,0.04313473200478901
model,68,0.9624560593092542,7.006398831454476,0.27742660229113025,0.28806018694301055,0.29919355116687885,0.95060927,3.6110168,0.26646313,0.27673438,0.27322555,107511,0.011846792551289065,3.3953820811187825,0.010963471578621098,0.01132580502887176,0.025968005283700135
model,67,0.8556879261853809,10.500560979667263,0.3208715047708544,0.32753892610032764,0.2534230618670844,0.9050931,10.385718,0.27195257,0.2771916,0.25640616,45584,0.04940514765952875,0.11484263402517314,0.04891893528614372,0.05034731695611683,0.0029830963417626366
model,73,0.5668591616582367,20.393193372296896,0.19351082264379676,0.20253760382656755,0.4245497567229077,0.4156221,21.96439,0.25565356,0.2694603,0.43903217,34829,0.1512370763253662,1.571196428728495,0.06214273751779381,0.06692268684382735,0.014482410473366125
model,74,0.2551518089545756,26.19407069538324,0.25434875036997595,0.26289280170143386,0.2329193042681961,0.50898254,22.379879,0.32197392,0.33196816,0.23478936,16447,0.2538307302223653,3.8141916975805046,0.06762516949849329,0.06907535678207138,0.0018700523211212239
model,71,0.9783400321879426,4.714354101842112,0.3595558829568085,0.370290248522451,0.34752476817949507,0.98331374,4.9777174,0.3490426,0.35605392,0.28701532,77346,0.004973707111831538,0.2633632977550562,0.010513288523977704,0.014236329922368618,0.060509449308950636
model,78,0.6636265249526061,23.199825064269994,0.7306291281131168,0.7316091305286003,0.11694809719955739,0.35552377,27.470287,0.7829671,0.7839013,0.0946497,18874,0.3081027598654784,4.2704622587280525,0.0523379624935727,0.052292143675653824,0.02229839488899525
model,79,0.8979953505150029,15.201014238437445,0.43404998738865214,0.4384789532956025,0.25919593564682586,0.9606615,14.723011,0.3858661,0.39102417,0.2935697,75139,0.06266612037504227,0.4780032215917416,0.0481838818321641,0.0474547809895417,0.03437377818412202
model,80,0.4035607235815218,22.708182782160957,0.28737635870103745,0.298320134910955,0.3629451968591037,0.57568127,21.917786,0.2784825,0.28892547,0.32041407,131370,0.17212054558733197,0.7903971376297072,0.00889386196260361,0.009394665989293616,0.04253113054440644
model,75,0.4574428533695802,21.99993757111588,0.23972670022960452,0.2409019368877239,0.13020699259055032,0.18796815,24.718775,0.33605602,0.33791295,0.14140126,41036,0.26947470358835307,2.7188372244163475,0.09632932360653135,0.09701101005174448,0.011194268500681975
model,82,0.5961416515365736,24.366786403627206,0.36991759140066727,0.37439009732450196,0.23078294431752733,0.4137369,24.832193,0.46234486,0.4684225,0.24307573,109934,0.18240474190865918,0.46540697100658335,0.09242726366944687,0.09403240495477966,0.012292784098915543
model,81,0.9565244728807246,6.223287405742703,0.37697319717806627,0.3821574301811017,0.2661588526723394,0.9504329,7.114172,0.31666517,0.3219526,0.24728559,115990,0.006091576266649912,0.8908845760688209,0.06030802460116197,0.06020481897313967,0.01887326309657189
model,84,0.3935462251191226,22.458983690074906,0.2311211779801877,0.25899930313599595,0.3851989578480755,0.4281423,23.391497,0.26030293,0.29315227,0.39063296,70309,0.0345960840697202,0.9325129682502897,0.029181753090140067,0.03415296956526748,0.0054339993720020074
model,83,0.13168137480843867,29.186586888224497,0.34259530041518915,0.38769111199672746,0.4744768188075746,0.25834417,28.8861,0.3619847,0.40253738,0.45567232,48295,0.12666279862295782,0.300486119181528,0.019389399549334163,0.014846263691825401,0.018804495103808716
model,77,0.981121442873535,8.104137296343502,0.20210341441004978,0.22664323493058555,0.5678682977982507,0.96104586,13.033727,0.18100923,0.20873229,0.61596453,8251,0.020075581629333317,4.929589395856205,0.021094181412155494,0.017910942874501873,0.04809623410024788
model,86,0.800848480968192,20.566677102733284,0.28467569709327456,0.29311896493031164,0.37710400069921973,0.6466955,23.988289,0.27970874,0.28765595,0.32606697,4107,0.1541529863163975,3.4216117766612477,0.004966953997876611,0.005463015337721311,0.05103702987402442
model,85,0.866045018296437,12.629293601217213,0.2076000320138772,0.21000297057535972,0.20291477774683175,0.84018725,10.883569,0.21391621,0.21809272,0.22822689,64679,0.02585776672859641,1.7457248374843033,0.006316180306450564,0.008089754105540858,0.02531210745271506
model,76,0.356054656820839,21.69175279062376,0.2395121552709514,0.24554364411978385,0.2723021958145332,0.7675487,16.072035,0.23194991,0.23660281,0.28200436,95966,0.411494023484642,5.61971795480833,0.007562244749444141,0.008940831114336467,0.009702160569744156
model,88,0.7126878780031028,20.866136290620698,0.6014522736173404,0.603990049134489,0.15971527243470302,0.48985597,22.574947,0.6303898,0.63209766,0.13119675,90441,0.22283190309045942,1.7088110665570362,0.028937535991119034,0.02810761236071979,0.02851852024411311
model,89,0.4316080228674236,26.986076861023374,0.3041777528016025,0.3081985993435905,0.2026306571051361,0.38836735,27.611963,0.26168185,0.26483282,0.21164095,84205,0.043240667997581084,0.6258864110713525,0.04249589807671844,0.043365774874977836,0.009010296912503046
model,92,0.6832309321774865,16.970695522151452,0.20807791431979342,0.21137071408651445,0.22056344240139247,0.67514026,14.355022,0.2481612,0.25377217,0.2566046,107365,0.00809067052740109,2.61567309173153,0.04008328238888578,0.04240145526506331,0.036041169472234236
model,91,0.780524928267099,14.181828528201173,0.3118734419303675,0.318944663319968,0.2415621419642446,0.7754382,13.57105,0.24259923,0.25187498,0.23061833,87033,0.005086738760568199,0.6107788379545909,0.06927420794542027,0.06706968000926855,0.010943814108180766
model,96,0.25671303386384436,25.078379850821854,0.20004700793261504,0.20894098787106455,0.2985165194662903,0.45572323,22.520437,0.22139704,0.2307772,0.32520247,85534,0.1990101922065597,2.557942610221268,0.021350034341860058,0.021836216165648098,0.026685945591082727
model,90,0.49811656852967595,24.376842018764414,0.29748362795067906,0.3080077377880783,0.30009182057301254,0.62825906,21.258476,0.2420109,0.25033903,0.34484452,68647,0.13014249423735286,3.118365761440195,0.05547272161198735,0.05766870656859585,0.04475269951899796
model,87,0.44740010201996805,25.691127253081394,0.22886888275778597,0.24177006772157492,0.3396534449223385,0.50196135,22.163916,0.2749696,0.28339043,0.2803597,13073,0.054561248421010955,3.5272116189261205,0.04610072483384306,0.04162036487463175,0.05929375950134852
model,97,0.9414752202412733,12.261669811622745,0.288569339102281,0.2923335288444288,0.19094357813054422,0.8888163,14.852062,0.30021733,0.30192927,0.17083138,87802,0.05265892318698251,2.5903924137190515,0.011647991353499032,0.009595736416267597,0.02011219585591653
model,94,0.9459685674167997,7.10398040394341,0.28273333859000566,0.2890268705339353,0.2927225834646298,0.95812285,8.599814,0.39020193,0.39981133,0.30177665,3418,0.012154282047616816,1.495834011034617,0.10746858764137862,0.1107844569234927,0.009054064103119208
model,100,0.5099596605391055,24.544845743149523,0.378267697495417,0.38025560729966834,0.18530780436063782,0.448897,24.891273,0.34677616,0.3497091,0.18294977,128721,0.06106265641160302,0.3464277553856334,0.03149153987784803,0.030546513728959113,0.002358037843952332
model,95,0.3534876477082359,25.409031296104573,0.24275428704655955,0.2516148469423986,0.2844255997392585,0.19651225,26.84561,0.2628127,0.2727467,0.2764581,5376,0.15697539561587442,1.4365783688124196,0.020058416801325585,0.021131865026977004,0.007967485353653658
model,99,0.34193337175493205,22.417245628559787,0.22044836333130263,0.23034653013202955,0.419501421046232,0.4667186,22.163942,0.2250121,0.23329534,0.41175765,112128,0.12478524234647786,0.25330329152365394,0.004563730451122294,0.0029488062336702203,0.007743773055051584
model,98,0.8695614499877409,16.737626303611478,0.18661243026814706,0.19419018148890177,0.3332086969441562,0.85772574,16.761538,0.18706726,0.19379604,0.34753338,19714,0.011835710508675934,0.02391124826840496,0.0004548251096224143,0.00039414286127725795,0.014324678080639308
model,93,0.9819115379759404,4.818324651700777,0.5505287502049238,0.557340001317173,0.2720002009748014,0.9862209,4.992883,0.3819591,0.38894114,0.26344714,40735,0.004309358268108632,0.17455855371304096,0.1685696397064954,0.16839886233440016,0.008553065287926986
model,102,0.20070367675596337,23.52586320740298,0.30730494144240394,0.3167302916978854,0.3039654288348754,0.2560727,27.185375,0.30448842,0.30994168,0.29291958,111415,0.05536902326768775,3.6595120062200657,0.0028165209559537496,0.006788612458612342,0.01104585266681507
model,105,0.3084483744970508,20.427598529128066,0.2923267937145502,0.3092986696818875,0.40944126813121257,0.19462454,24.111979,0.29124674,0.29981074,0.36894187,61083,0.11382383130704837,3.6843800017557236,0.0010800517044336488,0.009487932310442815,0.040499394819216106
model,101,0.20456006858871603,25.716766694996892,0.2569066553591973,0.2685557708866937,0.3551995082904833,0.18957847,27.44778,0.26025674,0.26997843,0.32319087,41700,0.014981595020753385,1.7310139141339675,0.0033500821114295087,0.0014226629607336783,0.03200864038963491
model,103,0.14022642737308844,28.975050259878348,0.4783033474340465,0.4789592439449045,0.07238465937747515,0.41071266,28.079338,0.3259311,0.32747525,0.12081507,41846,0.27048623198588984,0.895712186147879,0.1523722453966167,0.15148399417760106,0.04843040910587751
model,110,0.532167388859948,22.311344921000124,0.34206692031061947,0.34444601026335686,0.20277042364558143,0.67912954,22.619465,0.33696523,0.33971024,0.20639324,77021,0.1469621520603096,0.3081199532674539,0.005101687223079798,0.004735774667653736,0.003622818236742792
model,104,0.6874903381869721,23.934830612204188,0.1868198619500245,0.202106255134665,0.3875265257514154,0.6528381,21.131826,0.23231246,0.24861024,0.4301315,88985,0.03465222726320505,2.8030042114473517,0.04549259382332907,0.046503988066590785,0.0426049692475165
model,106,0.18502105629682847,28.39294047502503,0.5507674069908745,0.5569519830297268,0.22037540983396292,0.17344321,28.497353,0.67832756,0.6789487,0.10123794,2507,0.011577843191626747,0.10441212507262776,0.12756015343393023,0.12199671739828222,0.11913747202592612
model,108,0.1725566841508977,26.781840251793213,0.29732500471993206,0.30445810115430494,0.2644461243748148,0.19782972,27.096684,0.30239072,0.3105972,0.23516855,20233,0.025273039207256598,0.3148432504040528,0.005065719700615423,0.006139109968207879,0.029277577936597632
model,111,0.9311377667750874,7.694610791752119,0.2481720185316012,0.256705140587677,0.33256212274191027,0.8104544,10.749181,0.26448187,0.2722839,0.34195542,91847,0.12068333857913405,3.054570002010088,0.01630985378857397,0.015578771117340073,0.009393300613192268
model,107,0.09719493775738296,24.516029643634187,0.28551514358626523,0.30811797640744765,0.4474740074517179,0.07984919,23.431452,0.22278814,0.24091251,0.47333917,88701,0.017345746747384636,1.0845778461488358,0.06272700340853848,0.06720546446267683,0.025865162765796146
model,109,0.9374960338942483,12.69924676533519,0.19550204345940006,0.20454286965575,0.40711482156699796,0.96223354,10.65801,0.17620383,0.18585497,0.35803276,65784,0.0247375095017478,2.04123723622142,0.019298211429103734,0.018687898246906004,0.049082058562694986
model,113,0.9586518954064154,6.410954335687421,0.4507362018358952,0.45570581671482674,0.22006835319902668,0.91650623,7.1120553,0.46790993,0.47189492,0.1981455,1618,0.04214566457526914,0.7011009659788385,0.017173730300640455,0.016189103157457196,0.021922859334013556
model,112,0.08876588976506661,23.06930732416739,0.5591137731856477,0.5614256023850476,0.18755324498968132,0.11953876,23.177954,0.66743,0.67032707,0.19682221,134768,0.03077287191029121,0.10864639592538339,0.10831621043022754,0.10890146499013553,0.009268966156673358
model,117,0.9612019157425884,11.828871321521305,0.2070194599370995,0.2117118726945369,0.2928439086300554,0.8512997,17.14421,0.23024854,0.2371178,0.30796364,24292,0.1099022126214031,5.3153394939083825,0.02322908070277782,0.025405924441769867,0.015119730867701575
model,114,0.7753411141114296,19.391453094653322,0.31742646617831777,0.39052977131616096,0.5370389365575774,0.5597202,22.602724,0.27822566,0.35036916,0.5864679,102678,0.21562089592981948,3.211270980664061,0.03920080585422109,0.04016061590920905,0.049428985176278806
model,116,0.9137649654547148,11.477722537455698,0.261085887722113,0.27825382550123867,0.4328510226522436,0.9485913,11.611339,0.22809029,0.24676704,0.5080616,127274,0.03482632644973471,0.13361607796178276,0.032995601467230185,0.03148678143385586,0.07521056515827274
model,118,0.9330343955446618,12.366952294692666,0.17829472261192755,0.1881413164731919,0.41809526015266085,0.95481944,9.069697,0.18998358,0.20126101,0.3852934,124114,0.021785045297012973,3.2972549146267482,0.011688853924251036,0.013119697273069691,0.032801865825497156
model,122,0.4646149285673735,25.95273352267429,0.5706573595280772,0.5718865796769234,0.1397930370837366,0.5330355,24.512684,0.58080995,0.5824037,0.1626165,91722,0.06842058817151808,1.4400496542660868,0.010152591300475078,0.01051713974827806,0.022823469135173607
model,115,0.8662675028480921,20.50721909012057,0.45685121842315607,0.4728938934031523,0.5083881966274868,0.95395523,15.153366,0.29831457,0.32274783,0.49964646,100814,0.08768773024898435,5.353853001253384,0.15853664704254083,0.1501460668269194,0.008741741577972029
model,120,0.6514369376933147,22.565351679495524,0.4319517317796348,0.4358629919728469,0.1956635274381338,0.6859267,22.776274,0.46233478,0.46717453,0.18751529,98069,0.03448973810319411,0.21092204792146774,0.030383050105512288,0.03131153805644998,0.008148238846748923
model,119,0.6491521141548978,19.245875429116285,0.3836893910637687,0.40443336241641964,0.4664759335758202,0.7292272,15.352625,0.33287448,0.34990236,0.45254073,68315,0.0800750710944308,3.893250535927809,0.05081491415413125,0.05453100078502621,0.013935208106230945
model,124,0.6900631062182632,17.129409710039532,0.35466967694468576,0.38748539626598116,0.41485879032749157,0.5930979,19.38417,0.37228206,0.47810468,0.57866937,128377,0.09696518103210594,2.2547608221870306,0.017612381055878812,0.0906192845106149,0.16381057889324208
model,127,0.8130697935574502,18.355375599106655,0.23450619325793365,0.23738275044322524,0.19990782031438278,0.815457,19.4621,0.25892687,0.2634544,0.26724717,3661,0.002387192869856891,1.1067234762107283,0.024420675180787055,0.02607165701031175,0.06733934989550186
model,123,0.7900258376771042,9.562606346889417,0.29667866123608144,0.3184911189432471,0.4423433976447973,0.8638806,14.797662,0.2344146,0.24700767,0.3999716,88491,0.07385473702611234,5.235055434421618,0.062264053949628195,0.07148345092490604,0.042371793297568294
model,125,0.19623505977196953,23.271575768287995,0.21432540589220686,0.24367420990395602,0.5349580617225909,0.11936989,25.506084,0.20436344,0.25969046,0.628498,66005,0.07686517295642159,2.2345086738506765,0.009961970385386182,0.01601625363898221,0.09353995606534249
model,128,0.11997550864908932,27.542759104539694,0.3127015619708809,0.3177249355415444,0.271156064494373,0.16135001,28.301107,0.37974232,0.3824067,0.2346681,5254,0.041374503176472205,0.7583483020765165,0.06704076238138351,0.06468177603682473,0.036487958653690034
model,129,0.824408753135077,11.803967141384483,0.3239133122422686,0.3282983621504601,0.24441883409670326,0.79903287,14.983558,0.27745393,0.28180128,0.2387503,103048,0.025375886180273532,3.179590559726357,0.04645938305640129,0.04649707879093251,0.005668540245804515
model,121,0.9910881004645591,6.071985314014746,0.23919964456003676,0.26115910999286274,0.646857176783061,0.99406284,5.2553906,0.20289335,0.23949708,0.6908754,67798,0.00297474047400903,0.8165946699412601,0.03630629801195631,0.021662029547573125,0.04401823425056939
model,126,0.7715939097043493,22.22274495832258,0.26387551477185883,0.27287100040182827,0.27931812830326264,0.91243213,16.227629,0.26331612,0.27107987,0.32694593,60871,0.14083822444710947,5.995116250436837,0.0005593900942007513,0.001791132323596456,0.047627802416112974
model,130,0.9508371752777509,12.197906200493833,0.1978264952564903,0.22428525314081954,0.6465851723671556,0.9764666,8.969985,0.17663778,0.22192945,0.6562025,41610,0.025629420848805484,3.2279211922540867,0.021188711609906735,0.00235580727804946,0.009617322730958389
model,131,0.5610822593941713,16.322593284411738,0.23816950663750813,0.25848712422260184,0.49551168776785015,0.49949542,18.65179,0.21536367,0.2405355,0.49498078,43739,0.061586842514517404,2.3291973344847463,0.022805840222293594,0.017951626557196565,0.0005309054974186322
model,137,0.844165980136769,17.408176185454664,0.21627462238188946,0.24012569228144173,0.48079520404271125,0.87290853,18.840435,0.17920546,0.20985526,0.48163995,29684,0.028742552482707295,1.4322588426215077,0.03706916004534924,0.0302704338166285,0.0008447474248027831
model,132,0.9443310184956751,3.4811477393380486,0.2897234187457556,0.30056255616043864,0.2587885568255217,0.9611297,4.2591558,0.32463923,0.33303913,0.2031044,106331,0.0167987064837255,0.7780080109366097,0.034915812220812414,0.032476578580390825,0.05568415023029161
model,138,0.12127043317105934,27.983879695014963,0.28623126453919434,0.2884130204401484,0.18617209734900153,0.09075033,26.818455,0.26332998,0.26608127,0.18700095,25533,0.03052010397460625,1.1654249525833222,0.02290128178162598,0.022331746884392767,0.0008288478614553174
model,135,0.6180619515419276,23.546158753564132,0.5189297383125359,0.520723218365607,0.1582396924479271,0.6736085,23.783697,0.5372027,0.54148954,0.21574281,104515,0.05554653034207513,0.2375383747317663,0.018272977561182402,0.020766323165002154,0.0575031191127037
model,133,0.7439694017881494,21.365196475908856,0.25065367569003055,0.2592912486792145,0.33587073524439875,0.66716266,21.724648,0.23176423,0.24029805,0.35671666,99376,0.07680674500409179,0.35945104606379985,0.018889448538159825,0.01899320101743318,0.02084592740094121
model,134,0.9202678965075373,14.808388892475108,0.25784825810602235,0.26725999787754745,0.4052317511655268,0.9083497,9.554885,0.26990777,0.28174427,0.3503315,17825,0.011918203686034579,5.253503981891612,0.012059514435023788,0.014484273639252476,0.05490026589407293
model,136,0.39610340070214634,22.934554950575116,0.1943465183459067,0.2131368501093041,0.5347457162868483,0.7665359,19.221857,0.20338193,0.2209849,0.49562517,48891,0.3704324774793112,3.7126978796522643,0.009035407475397633,0.007848055848871549,0.03912054820175004
model,140,0.1262410486879694,28.807194558596322,0.3079063577865639,0.31798516335702015,0.27866684509325373,0.34637225,28.02469,0.2612827,0.2771357,0.29447126,119733,0.22013119805427914,0.7825039305445642,0.04662364556541826,0.04084946336960865,0.015804418792244312
model,139,0.9601158983102354,13.748904654423825,0.47102490955790827,0.4802699377917698,0.3529569753886018,0.7681416,18.334352,0.8197346,0.8252538,0.1902688,20962,0.19197427099852882,4.585447838862308,0.34870966380634955,0.34498384686475486,0.1626881757260118
model,144,0.2760051611423217,27.83143834306529,0.3552009178408022,0.36486356756220867,0.3391948973946014,0.157177,29.427174,0.32874823,0.33604646,0.3037447,44350,0.11882815990445245,1.5957352714366628,0.026452691675030726,0.028817110271559254,0.035450193863336144
model,142,0.0981437113446299,28.18480432985493,0.3245224940386118,0.34052528512506514,0.3478383507565776,0.13220209,27.442757,0.3016329,0.3157956,0.36197683,42954,0.03405837748822532,0.7420476770228994,0.022889583071738606,0.024729684710789013,0.014138481394835367
model,145,0.8341446338848147,15.024504708634467,0.21622362292125322,0.23885227479718701,0.5310413583467488,0.9027792,8.970675,0.25184458,0.278499,0.4988706,51254,0.06863458764991426,6.053829240189643,0.0356209620206108,0.03964673242784961,0.03217074715595292
model,146,0.5954137352601416,15.090050494175166,0.2160924466485923,0.22139161814055006,0.28492602052699073,0.50012565,16.461933,0.23202096,0.23934329,0.28994894,18035,0.0952880886689551,1.3718826418111618,0.015928512609487216,0.017951667420057854,0.0050229197501088785
model,141,0.5354014326178224,25.56655890886652,0.3475248805286087,0.35468880748426,0.3106393574555931,0.3930655,25.216278,0.33799875,0.35717443,0.4834872,55846,0.142335920437494,0.3502808326946436,0.009526132702986134,0.00248561883295495,0.17284783136047743
model,147,0.5046395171488235,23.582260441486685,0.23980378196789948,0.2567779324117644,0.5038464744491442,0.53644776,21.155361,0.22251806,0.23083885,0.38375568,57139,0.03180824629416967,2.426899265949576,0.01728572533681122,0.025939082271192793,0.12009079055021843
model,148,0.7586572763879398,15.378445160003011,0.3100750587609595,0.3142592761346521,0.24969140849680896,0.6634564,18.851463,0.2600071,0.26329082,0.23805518,288,0.09520089602066073,3.4730181578680828,0.05006794554265198,0.05096845362870117,0.011636224013280821
model,149,0.6002881081695204,23.032462029720776,0.24478598714120853,0.2510326707211979,0.33184450457694786,0.79485834,15.779094,0.2263196,0.23980963,0.39517897,54183,0.19457022827914905,7.25336828735017,0.018466390969829438,0.011223038419867326,0.06333446909782631
model,151,0.48380116492223946,28.419276727271452,0.5268446648695982,0.5282675489609625,0.1645730608511521,0.4973401,27.58751,0.5062406,0.5076567,0.15230675,42200,0.013538948002336348,0.8317675719980144,0.020604058561614846,0.02061085550240538,0.01226631043439641
model,143,0.7122063298764442,18.0859335288995,0.193821633075206,0.22289657406435961,0.5470466934466955,0.52073383,22.369987,0.18364699,0.20918016,0.5864407,113506,0.19147249656345589,4.28405395889347,0.010174641226260384,0.01371641270743365,0.039393988964498305
model,153,0.6125690633541946,20.222022045730984,0.22049300036030087,0.2367465987699923,0.4520832809698305,0.7470299,19.496372,0.22233842,0.24333227,0.50226736,119874,0.1344608371966477,0.7256498228305936,0.0018454227725955563,0.006585668037563858,0.050184079717425334
model,152,0.25861551677449757,27.571932030574725,0.311844883763501,0.31456211240168785,0.17187446719729269,0.17702001,28.349092,0.28710875,0.28924185,0.1408743,50369,0.08159550344213062,0.7771604529457825,0.024736134612271143,0.025320262025558704,0.031000170770519614
model,155,0.935717716904252,16.20709365154668,0.22364793706515138,0.23153447575962216,0.27422263545575587,0.85445946,18.22089,0.25985387,0.30349293,0.42551678,1539,0.08125825235423367,2.0137963936193373,0.03620593261143859,0.07195845775211185,0.15129414873537572
model,150,0.053830288129794596,27.290763804184415,0.9626961030753975,0.9628223334522155,0.03862635873741649,0.070121095,27.556084,0.96538943,0.96554184,0.038153097,17827,0.01629080645467043,0.2653198750148036,0.0026933274475211544,0.002719506147393913,0.0004732617039158171
model,157,0.7668055690720914,18.80124719213795,0.26255852003923413,0.2680717433860031,0.2873666717077093,0.77376485,15.272466,0.4046297,0.41623184,0.3413217,68642,0.006959279637015037,3.528781486266368,0.14207118729719165,0.14816009746291964,0.05395503506414129
model,159,0.8965642322256576,5.450613839886472,0.253982586611651,0.262818218264991,0.27775575269646646,0.8747653,5.966621,0.23841435,0.24276061,0.26273558,1502,0.02179895531678311,0.516007082202151,0.01556823943986757,0.020057604704314447,0.015020177258920686
model,154,0.14578859809401862,23.487904824133004,0.19662311821151932,0.205664892818517,0.26174893847246467,0.2259466,22.633484,0.22624949,0.23233566,0.24709448,110298,0.08015800711151727,0.854420937414254,0.02962636799644272,0.026670764062815405,0.014654456289008244
model,158,0.14365303101788834,25.005897325757857,0.29162330273605486,0.31060143135494933,0.3707921011683543,0.1847325,24.587997,0.29889354,0.31951642,0.38287804,139498,0.041079465720545494,0.4178998892344197,0.007270238361586134,0.008914989009430552,0.012085934138576226
model,156,0.8611872439992285,15.027888552382144,0.31575997806095585,0.3398277806345485,0.5327652501705094,0.84594667,15.744453,0.39838147,0.42650217,0.5314537,52379,0.015240574420676278,0.7165648777936369,0.08262149357295528,0.08667438754400986,0.0013115214946670672
model,162,0.6012869720244752,24.96042027490905,0.36348041400776193,0.3684918952669317,0.24172507170579824,0.9084822,17.564554,0.24044713,0.24926578,0.3240329,42803,0.30719522192236315,7.395866060431512,0.12303328022823617,0.11922612018243617,0.08230783101179209
model,160,0.3943245568100943,25.099895291776388,0.6526862313685422,0.6542913008116712,0.15337791307193074,0.16614236,25.79963,0.49021357,0.5076604,0.3123826,127469,0.22818219743414064,0.6997339196493932,0.1624726583895688,0.146630911865138,0.15900469558018412
model,161,0.9469683549006123,6.8284169503896806,0.2580140707057107,0.2644128820859223,0.249646680819937,0.9592159,5.5796895,0.26853508,0.27953848,0.30148184,43268,0.012247524539695354,1.248727447673616,0.0105210068661582,0.01512560034167476,0.05183516217475295
model,167,0.11861845787128546,29.7058433863423,0.3610389693381119,0.3663509375159723,0.2526777839695148,0.055500045,26.757128,0.36788923,0.3722383,0.20740405,23918,0.06311841245254614,2.948715624501478,0.006850256144828759,0.00588737067532713,0.04527373671876711
model,164,0.26308352617707403,22.238492375778563,0.1994943429402819,0.20290613754119516,0.25514224695513343,0.4174658,19.837389,0.21155006,0.21506488,0.22330345,68069,0.15438227983031122,2.4011033834689925,0.01205571399407479,0.01215874569092154,0.03183879482100105
model,166,0.814162278714056,15.948868058160578,0.21431630957965622,0.2310421130653995,0.4202116998869571,0.87527996,14.113092,0.21014732,0.23421419,0.47727737,102649,0.06111768430245401,1.8357756356752262,0.004168988355443576,0.0031720736029964836,0.057065668420156535
model,168,0.9564624664108942,9.47692345593331,0.209939161417901,0.2235326136043997,0.3553462045453433,0.9634831,9.824373,0.22221565,0.23145387,0.34987503,129278,0.00702062875817322,0.34744978930594783,0.012276491047919308,0.00792125216212558,0.005471171643579409
model,169,0.9659379182440389,4.669535058498312,0.2734104179259074,0.31407321433425656,0.5695835305587871,0.9512185,5.435145,0.31485316,0.35973653,0.40417278,88135,0.014719432411824496,0.765609842777323,0.04144274364750261,0.045663317638628576,0.16541075242920944
model,165,0.6125994624926993,16.28136935465394,0.29577022106398176,0.300640893319748,0.23817960281168132,0.6306602,12.79828,0.32826695,0.34460637,0.3558489,46663,0.01806071378446139,3.4830895923858733,0.03249672739755083,0.0439654764140624,0.11766930561269612
model,170,0.1333455045926721,28.81855894607377,0.33450394411030165,0.3373778731999018,0.19147723628424526,0.17418015,27.298477,0.34834108,0.3515214,0.19718997,83412,0.04083464543937135,1.5200817732222092,0.013837133455845196,0.014143529397525556,0.005712735520373574
model,171,0.3991786732880149,25.260557773454696,0.3736444681545021,0.4295735378514789,0.5008291159458633,0.26585367,28.249697,0.40244472,0.4884497,0.5374531,95843,0.1333250000683341,2.9891389581126866,0.028800252113747427,0.05887615487465636,0.036623999040556354
model,163,0.8539536494995615,19.519588378784423,0.280451960738496,0.28541593559070416,0.24134350683489172,0.31125742,22.369558,0.26200303,0.36804664,0.71938926,1459,0.5426962275291941,2.849969955566163,0.01844892638523976,0.08263070575908832,0.47804575298032437
model,173,0.8817332132613416,16.868045296050973,0.2260232517814103,0.23735572228580165,0.4297472677880307,0.6201903,22.282326,0.27630904,0.28633088,0.39370427,131660,0.26154289086220217,5.414280448577934,0.0502857913876113,0.04897515644878697,0.03604300243196684
model,172,0.6343947883997136,21.89698205600067,0.6341761164331284,0.6368128243040616,0.18959858287577433,0.6105009,23.13431,0.55489653,0.56111866,0.22003186,127898,0.023893916264551285,1.2373277126760875,0.07927958294390114,0.07569416194673129,0.03043327461476522
model,174,0.9148369368777883,6.3466182315580895,0.42365878942523066,0.42794544841159526,0.1641816177959659,0.920569,5.976424,0.45569226,0.46005416,0.15364957,116898,0.0057320657505380845,0.37019401433396837,0.03203347203221257,0.03210871075283345,0.010532049238226648
model,178,0.234776772294362,25.744376659353353,0.25624111754073037,0.26120940790563807,0.2270910400209623,0.15072244,28.104229,0.29563823,0.3006917,0.21228768,42254,0.0840543282368974,2.3598523140353187,0.039397115882502665,0.039482286115586906,0.014803360706348967
model,175,0.28855985456773064,20.319462846598864,0.2314536834124732,0.26581702831616083,0.4808811569895844,0.4368854,27.196178,0.28598428,0.30417836,0.3518146,62291,0.14832553213766791,6.876715589680433,0.05453059431274654,0.03836132880816778,0.12906655914450688
model,176,0.9506525670263827,5.111120215780431,0.3784278108531132,0.38758424653598716,0.3090964628754919,0.9371833,4.2727866,0.37492657,0.3836945,0.28719553,59051,0.013469246504074328,0.8383335985013787,0.0035012437754765036,0.003889746804923322,0.02190092936146909
model,181,0.9602620674184885,15.563406787173747,0.32058861387643195,0.32368780615456155,0.20230540781769385,0.9761339,12.398172,0.26405317,0.26692203,0.19055498,67014,0.015871815580931647,3.165234408633708,0.056535447963803775,0.056765779281926665,0.011750431354375979
model,177,0.6253192359805735,23.911024990965746,0.6571585591484909,0.6585552991338419,0.12835402209361346,0.3774842,25.969688,0.8260946,0.82788026,0.13646677,11502,0.24783503359562475,2.0586634245615976,0.16893606823188023,0.16932496419471033,0.008112749270598574
model,182,0.9835950418545281,7.464045699930921,0.19083288308492202,0.19990255135668183,0.38591487636778454,0.98323125,7.293705,0.18892466,0.20418373,0.38552797,99602,0.0003637953831230334,0.1703407133586552,0.0019082277666618297,0.004281176146141041,0.00038690796110729675
model,185,0.0760417588744705,26.858773438866326,0.22723601867443002,0.24650800770776538,0.47597827518805486,0.17347693,23.181128,0.24559449,0.3122152,0.71904093,67410,0.0974351755585129,3.6776458906485523,0.01835846791977011,0.06570720129949781,0.24306265508309383
model,183,0.9702092669804556,11.987296031296331,0.2505268103105502,0.2696330578988447,0.4480798240085273,0.97444177,9.519079,0.24165972,0.26373178,0.49248752,67695,0.004232499758435981,2.468216822922308,0.008867094538875075,0.005901280230845407,0.04440769597094962
model,186,0.4005418164729667,23.726400534391324,0.22191463466024883,0.23184392062972253,0.41873767087335007,0.40926892,23.096407,0.22079779,0.23269965,0.39379376,57821,0.008727099180262043,0.6299935977458162,0.0011168425831843132,0.0008557269160919811,0.024943909143155973
model,180,0.30222313901200637,26.197623515154966,0.21807304857925117,0.23156354671474202,0.35952191249854304,0.37032053,26.036715,0.31001493,0.32229596,0.3179883,51618,0.06809738973364488,0.1609089613219581,0.09194188476845086,0.09073241704944865,0.041533606214592234
model,179,0.9196600216096106,4.02813455534114,0.25478000198784034,0.2617393731995206,0.23120355384669564,0.9381767,2.7796597,0.34425157,0.36166787,0.32354036,46132,0.01851666992252443,1.2484748072637473,0.08947157109794457,0.0999284982756991,0.09233680588879326
model,187,0.8525217487506844,14.301800121377994,0.2632705689155574,0.2652415628748251,0.16914224178721138,0.87789935,11.328646,0.2570406,0.25945377,0.17801166,5920,0.0253775999851249,2.973154415201236,0.0062299788677210866,0.005787789376289931,0.008869414020283739
model,189,0.38214489038594146,27.619855497546574,0.4587617520903421,0.46045770208868836,0.17503089635558522,0.6421041,24.806776,0.38167205,0.3842057,0.19629765,122404,0.25995919887415986,2.8130794507936443,0.07708969756115203,0.07625200312170838,0.021266749213262437
model,190,0.2776897876373395,27.35072966458754,0.8312002925944103,0.8323077248397026,0.11435243562377469,0.42721227,25.1097,0.76693326,0.7684736,0.11646682,125615,0.14952248047675049,2.241030415319962,0.06426703024623526,0.06383409965659714,0.002114384616246065
model,184,0.6678690892895343,21.286234889271434,0.4007458429051942,0.4020559888654931,0.15011468387538365,0.67017376,21.726582,0.42676258,0.42880788,0.18695776,41623,0.002304674939286544,0.4403466842148944,0.026016737966387815,0.026751895589234076,0.036843077769933424
model,191,0.10766308348892978,22.619378816023662,0.21613626515977777,0.22622033484338677,0.38760390675266043,0.09353386,23.870848,0.21282002,0.22480519,0.39727622,61615,0.014129224832046539,1.251468886002705,0.0033162418615142186,0.0014151436841384202,0.009672315953180632
model,193,0.9425516661303905,11.72731828599381,0.43399822952641237,0.44557683391179287,0.37166368956989726,0.9666059,11.439846,0.36922804,0.3845366,0.4353785,100008,0.024054235587749107,0.28747224717545095,0.06477019431484926,0.06104023975934231,0.06371480230861226
model,188,0.19878508705754547,27.78878687442429,0.5519481047606783,0.5525121191505769,0.10149912070349232,0.4099868,25.91455,0.54621243,0.5467785,0.09397277,70264,0.2112017069373581,1.8742360931742894,0.005735669992001591,0.00573361907046821,0.007526348343644296
model,192,0.8175685164020181,19.783732622344026,0.28730545049529005,0.2989727317006142,0.3580752575727001,0.91231287,12.093957,0.23634078,0.2517658,0.3823296,4980,0.09474434885524508,7.689775675017366,0.05096467440943647,0.04720694409914328,0.024254355397652083
model,194,0.24070208036592577,25.614255710116147,0.8843306134374415,0.885566864145699,0.10080646690424358,0.21902457,28.33867,0.8564889,0.85750955,0.09974089,49295,0.021677511569767938,2.724415020474673,0.02784172994211065,0.028057310713234362,0.0010655742555466807
model,195,0.9375151974749963,17.27783642540802,0.5332945104721571,0.5375539687424724,0.22533923194096522,0.95940125,16.17942,0.33367944,0.33721516,0.24706848,82382,0.02188605241056274,1.0984159542166125,0.19961507283482804,0.20033881337938952,0.021729247716207933
model,197,0.14953445143488747,26.71674800488845,0.6196392532694358,0.6231578527292008,0.21081269258047122,0.18479988,24.577337,0.6083756,0.6118201,0.20934775,53983,0.035265428354464945,2.139410739873803,0.011263644348384783,0.011337750991224693,0.0014649378635980537
model,199,0.9292867356840264,12.795539098670751,0.21863702668554094,0.2310096554080054,0.3939692994118257,0.7944265,16.446856,0.2887997,0.30435038,0.35470855,136517,0.1348602348867547,3.651316446373194,0.07016267643564436,0.073340720721145,0.03926074705129101
model,201,0.058318090947157904,26.407851188675554,0.31344262589226807,0.3178210304238072,0.22931949887040137,0.031251553,24.826643,0.29425612,0.3056174,0.28451583,79555,0.027066537501103445,1.5812081985632496,0.019186504972086793,0.012203638360666347,0.05519632902380944
model,196,0.42932611120704944,26.833743082048084,0.4204685946574855,0.42226163187174537,0.16580575438662418,0.5333079,24.617947,0.33726513,0.3399275,0.19957608,24276,0.1039817987584657,2.2157964572922246,0.08320346079975843,0.08233413734583594,0.03377032545880429
model,202,0.2669286864249043,20.426726618995136,0.23633573567552205,0.23834012103621027,0.179385964556567,0.28820732,19.60513,0.2335871,0.23656078,0.22775514,117461,0.02127863593418078,0.821597377051777,0.002748634573646741,0.0017793442064907294,0.04836917968190499
model,203,0.891130704112716,12.706590715417427,0.23569194457466405,0.24509971487130341,0.3204868169478103,0.84077525,14.30075,0.21515587,0.22222431,0.30185437,73404,0.050355452724166194,1.5941590633301317,0.02053607485229772,0.022875404830829477,0.01863244492327415
model,198,0.48291778515599454,24.60037221690696,0.2690396250720166,0.27159221443249454,0.20442222592763712,0.5756875,24.135557,0.27257717,0.2769333,0.21184646,92812,0.09276974250056064,0.4648150422243411,0.0035375414852953924,0.0053410979835821215,0.007424230004026394
model,200,0.887368216107463,7.125741346897229,0.23872055673196416,0.24497490561037574,0.2980934536903757,0.91785604,4.7940564,0.28115964,0.2912199,0.3271654,76666,0.030487821509266766,2.3316849313393675,0.04243908262655635,0.04624498450726952,0.02907194133106289
model,205,0.6463055422576828,19.409804173680175,0.5282140451433178,0.5310490868067339,0.14929130033585103,0.4991929,19.237764,0.42686492,0.42910475,0.15040667,60388,0.14711264875258634,0.1720398151596676,0.10134912309665645,0.1019443414187029,0.0011153732147547446
model,206,0.5028895458637047,15.545745681572342,0.3603588291286507,0.3681625573480545,0.27742298111702046,0.5038399,15.150395,0.34107965,0.3478903,0.26401186,138453,0.000950364166660278,0.3953502882007598,0.019279176819232968,0.020272269710343904,0.013411121223221634
model,207,0.491259201510343,20.805843678255986,0.49070847256044614,0.49191449877740706,0.12015270610979087,0.6337114,18.721075,0.5062929,0.5074835,0.11481538,137789,0.14245219613751464,2.0847686202725875,0.015584407021005275,0.015568983583432783,0.005337329410820074
model,208,0.7655623850027584,18.993378527667325,0.20326827947867235,0.21460892608945445,0.48495761482212085,0.5218997,24.327305,0.22080491,0.23131151,0.3985246,73576,0.2436626848379635,5.333926312420566,0.017536635353442825,0.016702588884185993,0.08643300263378162
model,204,0.6316729098086232,19.99406403012698,0.6517836464010917,0.6552918936325888,0.17872025804074615,0.38218084,19.519865,0.4165194,0.46556637,0.37398532,93290,0.24949207003163043,0.47419899411623945,0.23526424294345005,0.18972552672165433,0.19526506228892
model,212,0.9563340827894302,10.37276756958883,0.24830215460767643,0.2628848053311223,0.4145104827509849,0.922102,12.47795,0.25534257,0.26792622,0.3647414,74392,0.03423210830212553,2.1051825265415403,0.0070404183197985415,0.005041410794365986,0.04976906796559977
model,211,0.0713621893333715,30.373276456576004,0.5446451812350236,0.5457107413016973,0.11713598712912453,0.09700054,29.897211,0.5346303,0.5360146,0.13757811,56838,0.025638349969454424,0.4760653817469027,0.010014882620521637,0.009696124812286877,0.02044212773808586
model,213,0.9754186223373701,5.597120132913723,0.5904635866750692,0.5951944053572555,0.23603213831002345,0.9525448,9.497598,0.669496,0.6802452,0.2390646,27582,0.02287381394961374,3.9004775614832496,0.07903241313801068,0.08505081530390779,0.0030324657339371175
model,214,0.021231350438826135,24.61852779133543,0.252665512850327,0.2568084338608169,0.19114005004910076,0.022575999,26.11699,0.28480977,0.29009497,0.22421275,39616,0.0013446482399773092,1.4984613444067563,0.03214425534959364,0.033286537795982396,0.0330727007434026
model,216,0.7252569385722875,18.384275859789298,0.39874631231845986,0.4004603311894801,0.14982448305519466,0.89664364,15.457788,0.41100755,0.41481394,0.19530971,3750,0.1713867000385524,2.9264873923820716,0.012261241020544655,0.014353604567203249,0.04548523042766209
model,215,0.9362805037698309,8.583956221219196,0.5220429741515228,0.5254965894237124,0.20369755755015742,0.98219115,6.200924,0.6923044,0.7000263,0.18214685,118498,0.04591064165024361,2.383032301541462,0.1702613986359528,0.17452968430370464,0.02155071030208003
model,217,0.38838626354038386,19.386761727554365,0.20703636251544366,0.21395855949559706,0.29940729058372356,0.31246853,18.686245,0.22260462,0.23056856,0.30568507,124660,0.07591773479282526,0.7005167629547557,0.015568254961019656,0.016609998482079336,0.006277782553559763
model,210,0.19732441288736782,26.0810667973679,0.2917941335379661,0.29498489957782675,0.19338094066398356,0.09494855,25.680159,0.2657775,0.2686766,0.18744282,131957,0.10237586033848248,0.4009081822555949,0.02601663505430829,0.026308290776938692,0.005938116419484357
model,209,0.9647681441855193,8.154945201893838,0.24380599647008455,0.26750116199972435,0.4348728144756032,0.96925884,9.788651,0.29172635,0.30962852,0.3831538,65699,0.004490700666928249,1.6337062644757907,0.047920354314217206,0.04212735443589882,0.05171901827961933
model,219,0.6235846863507379,25.29015971039965,0.3308005836019057,0.33757095154824573,0.28802341275329923,0.66224164,24.630816,0.29796034,0.30647868,0.33943483,22477,0.038656951356018654,0.6593442044182041,0.032840242625190585,0.03109227236810047,0.0514114195812192
model,218,0.7162257608869343,21.147456289243713,0.30166186122224603,0.3049263974029871,0.24266250056239175,0.6954102,23.035995,0.61984855,0.6221708,0.18806607,58244,0.020815568874147483,1.888539194154724,0.3181866881437513,0.3172444085281042,0.05459643525095986
model,223,0.42972987276697716,23.179298764921956,0.3628317323667293,0.4300519070088743,0.5295284574697343,0.9441092,7.9127345,0.2731104,0.30915132,0.4763951,1072,0.5143793286642973,15.266564256407552,0.08972134265725662,0.12090058535932291,0.053133357114586
model,222,0.42860630447627407,18.822669778258472,0.3200824236939897,0.32177012304050934,0.1613963032836766,0.47545728,19.119091,0.3490778,0.35220948,0.17081214,51030,0.04685097639797825,0.29642125567707467,0.028995367281580975,0.03043935557620514,0.009415841591849827
model,220,0.9503605439474538,15.750088884961315,0.2996723290940548,0.3145517352890564,0.38700899111393144,0.33128765,20.73046,0.29129928,0.33917317,0.49903515,22625,0.6190728916933492,4.980370328295521,0.008373045589568695,0.02462143265489808,0.11202615869876692
model,221,0.6957418440740725,22.334214497917035,0.22127251390635486,0.22710838101580483,0.26105027956020255,0.22036391,28.427147,0.23846011,0.2458106,0.26518774,35316,0.4753779291074892,6.092932413704059,0.017187594731454897,0.01870221711918968,0.004137460765725187
model,224,0.7746918641710633,16.463818994188365,0.24593672868649627,0.2698888810011058,0.6515955958175843,0.83115256,17.963335,0.24856496,0.2796273,0.6282146,43252,0.05646069415565791,1.49951604304308,0.0026282298858914255,0.009738412347206571,0.02338099811555794
model,226,0.09069301584099275,22.212706389058855,0.20091639955966198,0.20535701879526702,0.22631687387626376,0.08373386,21.750286,0.23191199,0.23914018,0.2567246,100627,0.006959159162983716,0.4624202867639333,0.030995587506606942,0.033783163938268745,0.030407722147295813
model,225,0.5809086026843622,15.602790871437307,0.31871016299113625,0.33519809880214824,0.3556312984746465,0.7710879,11.999344,0.26896265,0.28558514,0.39653227,122611,0.19017928221859193,3.6034469993669944,0.04974751149997109,0.04961296358066691,0.04090096885743055
model,229,0.07992563685705634,29.511647379342364,0.3938562732105761,0.4045721369932233,0.27428440538289356,0.07289079,28.077456,0.38031256,0.3924869,0.29339442,41521,0.007034848540329652,1.434191858712481,0.013543711221745525,0.012085236902052043,0.019110011187769893
model,230,0.2388646232790013,22.2876290887218,0.23269330019169956,0.24205521395274288,0.3049873637471458,0.13931303,23.992552,0.290519,0.299823,0.2844439,62517,0.09955159601631361,1.7049227148670667,0.05782569890803188,0.05776777217320317,0.020543448856856494
model,231,0.5559156203777806,23.060481951865167,0.2873626979673002,0.29513715484425357,0.36699369952023303,0.6362742,20.406773,0.261379,0.2719739,0.33112547,17066,0.0803585981814845,2.6537093383397767,0.02598369444251991,0.023163246896713285,0.035868231504562254
model,227,0.6123499525620709,22.619384388905438,0.7533513916925496,0.7552371201910749,0.1572702206557571,0.39124614,25.54052,0.59793234,0.60088986,0.16352816,2721,0.22110381255886657,2.921135325450031,0.15541905297795,0.1543472586073652,0.006257938604992713
model,233,0.19225287852786338,30.17442754606441,0.3970521018190219,0.39943174213501026,0.1722149922901233,0.16406295,30.972347,0.4185848,0.42051584,0.16478589,32688,0.028189931493027565,0.7979197134570732,0.021532691987054153,0.02108409315017651,0.007429100518806769
model,228,0.05111593251902806,30.36517386071418,0.5065293005561823,0.5089278378064763,0.13217294374615435,0.07997736,25.063278,0.37589064,0.37932542,0.18083556,24569,0.028861430828979143,5.301895662471992,0.130638658151626,0.1296024181420934,0.048662616218025645
model,234,0.4939970907972924,26.768085245368734,0.5937538198166351,0.5973915170014654,0.24895581971281938,0.4917091,27.438684,0.42513898,0.42835578,0.24036537,91789,0.0022879776762597115,0.6705992181322422,0.16861483966641233,0.1690357337773596,0.008590448604764267
model,235,0.947505236043127,13.158579542186978,0.21037071479915698,0.27188044456852356,0.8081538587211854,0.91147655,15.363368,0.19837642,0.24767542,0.8043472,13028,0.0360286835567073,2.2047884921758154,0.011994297639122797,0.024205025714763795,0.003806641638208097
model,237,0.5791830568323846,20.31517523156794,0.34608055457288395,0.4254523136192536,0.45920092008045116,0.5405529,22.52343,0.34466538,0.38059124,0.35471535,28223,0.03863014268977594,2.208254639037527,0.0014151762407458857,0.044861070113775714,0.1044855727904121
model,238,0.16142421633090528,26.275141761715727,0.24841703121958628,0.26124164810305006,0.44687626341272846,0.14918949,25.68636,0.2929502,0.30875295,0.43659955,78181,0.012234729231257763,0.5887823561981484,0.04453318173588858,0.04751130590314501,0.010276710781350284
model,232,0.8084272417619949,15.637932907676898,0.219208054692208,0.22690341919894366,0.2765747157242553,0.29394087,21.852108,0.2483825,0.25417295,0.24930929,91418,0.5144863698080306,6.214175094032086,0.029174439161361032,0.027269531784103823,0.027265429249073714
model,236,0.06856931930075791,20.10943167503869,0.22227017284599537,0.22916752847119734,0.2677619083072516,0.044724163,23.031775,0.21503708,0.22414741,0.28810146,70948,0.023845156632768177,2.9223428458353347,0.0072330951806663935,0.005020119270529005,0.020339556202712383
model,241,0.9522141054152086,10.08564835210531,0.46995469100591714,0.5040416391365167,0.37662202903117126,0.9245767,9.835166,0.29755396,0.32644728,0.38868377,103589,0.027637405681474436,0.25048237462728196,0.17240073449728066,0.17759436087533198,0.012061737095461433
model,239,0.3534688028466716,25.06633784332428,0.6110287259465256,0.6168235538278993,0.2422916007770537,0.44862574,26.42577,0.6325838,0.6380062,0.24677007,105157,0.09515694054245805,1.3594319625839226,0.02155507103147125,0.02118265649924911,0.0044784682260514685
model,240,0.050784132179808344,24.20655530616211,0.20950831057522612,0.2120550209600268,0.17771383746366606,0.079751275,24.599041,0.22688648,0.22869721,0.17098586,108248,0.028967143299985204,0.39248567894531305,0.017378170471450516,0.016642189590281437,0.006727974850941759
model,244,0.9859808859007663,6.310266790639048,0.22535307191117535,0.2525324785067984,0.4968093594263831,0.97604,4.076639,0.2797953,0.32368872,0.56989783,16512,0.009940880216867343,2.233627615224009,0.05444221712843647,0.07115623718953645,0.0730884710599145
model,243,0.9629364439784974,14.291805715485431,0.2602609734234399,0.2894792025646436,0.5522060504786143,0.9736238,12.105621,0.29644313,0.31168774,0.4676204,100731,0.010687368220141491,2.186184377594806,0.036182161122840006,0.022208535138679764,0.08458564790407508
model,246,0.677697069260292,19.69587958888344,0.1795325557147258,0.2019105230514677,0.5656338738451738,0.81628245,17.2654,0.1774206,0.19805776,0.61438125,99304,0.13858538189250946,2.4304796560221114,0.002111954465984639,0.003852767223563952,0.048747379874156005
model,247,0.6200735778692963,19.397878008834613,0.3076095107341983,0.3291156575548128,0.4007753511200036,0.8557076,14.390379,0.30840245,0.37506026,0.5678094,59368,0.2356340079423187,5.007499056808246,0.0007929381583950956,0.04594460274105511,0.16703405182265385
model,242,0.501679425296672,24.050168190402772,0.22812804946154916,0.2533702724954039,0.42094444430933164,0.5976879,22.338085,0.2626575,0.3146407,0.52752966,8463,0.09600847476970376,1.712083015842225,0.034529443891340855,0.06127042832170426,0.1065852125777228
model,250,0.42685190028342324,22.538402175241156,0.19839073777793903,0.20628724564699685,0.3743607394623458,0.59944224,22.630375,0.2234351,0.23458858,0.3840917,43095,0.17259034329262657,0.09197273320610933,0.025044366115341,0.028301332696394566,0.00973096562150122
model,249,0.18499836363963762,26.553713136860928,0.2666606193633531,0.2728334509095307,0.29324279315781476,0.34231502,25.90376,0.25250646,0.2626259,0.3366831,31376,0.15731665453739485,0.6499522268267484,0.014154154643580774,0.010207548018371648,0.0434403013436806
model,251,0.49047085470417207,23.274369347278807,0.2840705207062943,0.28607934413198677,0.19907773679699436,0.503693,22.85769,0.29215786,0.295182,0.21559742,94578,0.013222129876821587,0.4166785361215801,0.008087337903858904,0.009102645537813037,0.016519684133868062
model,245,0.9806214856400967,7.0346009659847795,0.22814604386590573,0.26558692539338313,0.6040995530428356,0.96457726,11.064753,0.20988674,0.22788495,0.4876974,125001,0.01604422800688743,4.030151612750572,0.018259299247489896,0.03770197713975154,0.11640216034073292
model,248,0.4298485821894008,22.440026678007435,0.21068881554911162,0.24259441370137966,0.5705535599427087,0.5286346,21.211502,0.22244284,0.25232762,0.56189287,135254,0.09878602560249983,1.2285246028121222,0.011754020020270095,0.009733207281744122,0.008660692854390861
model,254,0.905488146932415,15.285565678184902,0.5907152626124164,0.6007849675908167,0.293622925687516,0.7968547,18.645573,0.49175027,0.4992052,0.25957227,14240,0.10863347211628338,3.3600069841686135,0.09896499248416624,0.10157976572657412,0.03405065815516739
model,255,0.5308677150557484,23.61569014032259,0.353662401131048,0.3625705630183777,0.3331728721620281,0.7083659,18.70371,0.24550048,0.26725075,0.51385146,48132,0.17749820215006218,4.911979584292318,0.10816192596281987,0.09531981652980653,0.18067859163268013
model,258,0.9848566357971226,9.561897293353432,0.21177130589838503,0.23059347878795863,0.5166775927590526,0.9824236,9.724348,0.21044233,0.23029381,0.51846653,33477,0.002433032262424084,0.16245077488387238,0.0013289714848565837,0.0002996684203744049,0.0017889394713246354
model,256,0.8683451965581337,16.13811290525058,0.2019000115247597,0.22045553458394718,0.5764700083070302,0.9134295,13.021815,0.21295598,0.23470072,0.5485922,57668,0.04508430211435166,3.116297605262787,0.011055969968236518,0.014245189898589139,0.02787779849105121
model,252,0.6891998909234921,17.27593558281096,0.2673687551354181,0.27607214159372934,0.31029389106734656,0.8442917,12.085671,0.24455297,0.26482847,0.3846271,54985,0.15509179608822665,5.190264157945236,0.022815785202861927,0.01124366826418527,0.07433321273819543
model,253,0.6540503545420404,19.820768037634362,0.24600887542581779,0.2550624359285082,0.4369995946410129,0.72779435,16.673859,0.25857168,0.26630026,0.3865754,13421,0.07374399465153259,3.1469093950562375,0.012562808934686365,0.01123782509215221,0.050424193811697715
model,257,0.7321229454300952,23.390713215730145,0.24660357046550832,0.251673966293344,0.2546767678238832,0.5782253,22.619211,0.30117878,0.30450645,0.2280414,36940,0.15389763081293817,0.7715020188307307,0.05457521271282115,0.052832484598150764,0.02663537227887741
model,260,0.4240418257034739,28.494390737008665,0.4254170644310374,0.42833970327465715,0.20523503410459604,0.5971405,24.50838,0.32135475,0.32503062,0.2820252,38779,0.17309866530528467,3.9860098471160867,0.1040623176124949,0.10330907840817155,0.0767901541030303
model,261,0.9178554059926457,14.332482301160184,0.22481649637670348,0.2647428854684124,0.527553714127176,0.8585684,14.2007885,0.25513637,0.29645187,0.52818686,91841,0.05928703565039106,0.13169380323537894,0.030319874282171033,0.0317089811583271,0.0006331435731719015
model,262,0.03890271981632637,25.21738628775241,0.5676303243078253,0.5695348342150239,0.16951216413730147,0.020702537,28.997772,0.7701232,0.7711211,0.13712277,24873,0.018200182667135467,3.7803859290444635,0.20249285941943906,0.20158625047507006,0.03238939895385268
model,263,0.7854976220964954,16.279133268569147,0.29885145643526695,0.31486175812587813,0.3822904215991006,0.8966085,12.671608,0.39034554,0.4013261,0.36303815,51934,0.11111084977392693,3.607525297377741,0.09149408718770363,0.08646433197154924,0.019252269142817025
model,264,0.10727522599559294,28.30314930417354,0.4153607561110825,0.4194347820453517,0.19193538202628926,0.052459534,28.339094,0.3252173,0.33479056,0.25707704,39532,0.05481569173794257,0.035944857813763775,0.09014344949716036,0.08464422442244213,0.06514165626182719
model,265,0.9288779929276282,9.765074208236456,0.24176950096332447,0.2523619828562496,0.3297562213433984,0.87256724,11.510583,0.26516834,0.28399855,0.28436866,31062,0.05631075650413575,1.7455087156527043,0.02339883805072887,0.031636566128277976,0.045387557317138005
model,268,0.7692122662733748,14.887569353053046,0.23771755273004788,0.24688204017061874,0.34001765067439255,0.6832746,17.090548,0.26792148,0.2834196,0.40337574,8665,0.08593763954150224,2.2029782085924623,0.030203924826180756,0.03653756889920548,0.06335809414524857
model,259,0.7209836629533806,18.0558045680937,0.20679480217207313,0.23301751383193445,0.584880539552116,0.9172222,11.376332,0.21989527,0.29873827,0.8243051,52426,0.19623853887080767,6.679472285073679,0.01310047127496361,0.06572075716606665,0.2394245775781635
model,269,0.2122067436139139,20.138237158575254,0.22214544411459047,0.23802207606398446,0.359670532558522,0.17031556,21.382309,0.22443794,0.25195977,0.3877402,76263,0.04189117993517244,1.244071801385683,0.0022924930258743093,0.013937694853908,0.028069662238993875
model,266,0.5224102444164268,22.643986682326975,0.40714260861140594,0.4144836143576273,0.2686587204490164,0.29948872,24.913795,0.44163948,0.4461289,0.2384472,50183,0.22292152113838115,2.269808788864431,0.03449687436360016,0.03164529046186121,0.030211516216800516
model,271,0.8978000362086181,16.629607643556277,0.1803044320431348,0.19633407686728643,0.4506986993426349,0.9666776,11.373203,0.18051122,0.19229783,0.42983165,3600,0.0688775698971863,5.256404365968386,0.0002067892464999166,0.0040362456895749466,0.02086704550924562
model,267,0.2940319638929381,32.22369204231761,0.2749953353564524,0.2779431016483398,0.17315231384789476,0.7044345,22.294357,0.26164585,0.26541677,0.22317527,36167,0.4104025501527772,9.929334742512921,0.013349481837012678,0.012526330474862624,0.05002295849764815
model,275,0.5970421521612802,21.32245618602492,0.23460636003855664,0.24752294338835015,0.3865860584888167,0.50767136,22.754032,0.21536247,0.23122686,0.39781028,75375,0.08937079596010833,1.4315759489848467,0.019243885716237613,0.01629608191145196,0.011224221834211845
model,272,0.20498832225742308,24.45350907106079,0.30931237991947247,0.3308383248203543,0.5394149384406712,0.34110647,26.640862,0.27078304,0.32109302,0.48733088,22106,0.13611815214214357,2.187352440169679,0.0385293429722221,0.009745301997020561,0.05208405469929245
model,270,0.9890792246053467,8.16852797718505,0.2347554891432695,0.25147970450656043,0.40997069186266477,0.9905427,8.425476,0.24991564,0.26711765,0.4856078,35307,0.0014634852220763994,0.2569480970336997,0.015160155383212137,0.01563794481022729,0.07563711100522463
model,276,0.9131479628829068,9.936787659459611,0.22326713079184252,0.2337423773872511,0.3626610460683842,0.87499845,7.6722603,0.26142305,0.29634565,0.42765832,72147,0.03814951260367094,2.264527375035783,0.03815592056542677,0.06260327376249866,0.06499727340488243
model,274,0.9937782134113364,4.8225538779581,0.22313774702332542,0.2596482343371835,0.6144638453578546,0.98767126,4.3296614,0.2382341,0.27962372,0.5912923,40472,0.006106957345967778,0.4928925086343696,0.015096355702657244,0.019975482732442373,0.02317152367587827
model,277,0.793952754872032,17.700811409180375,0.2338360896964,0.25318227112522035,0.48994796656534717,0.7035127,19.36888,0.22432528,0.23307046,0.37396392,63301,0.09044002665776807,1.66806790905693,0.009510805334560696,0.020111808183096935,0.1159840443031554
model,279,0.8828980126653632,20.825969721193403,0.3536441739501252,0.3557209129286721,0.20854362437363402,0.87947303,20.354042,0.41001642,0.41278175,0.20789205,113564,0.003424982098193974,0.47192766797074626,0.05637224355323173,0.05706083226671671,0.0006515789949490258
model,273,0.4420928936430985,27.041336682034796,0.38232813201705945,0.38340410454345886,0.14364723255179931,0.4112961,26.475035,0.37116262,0.3724164,0.13212761,4726,0.030796794218736323,0.5663019682896788,0.011165508850021488,0.010987697673570551,0.01151961972259094
model,281,0.9888398996510782,6.344529505396366,0.37181239981573305,0.4015359033476319,0.4721317081152492,0.9785827,6.7831244,0.31473753,0.3415968,0.48362392,33040,0.010257219425705899,0.4385949414725303,0.057074871253187276,0.059939091337820494,0.01149221375593612
model,280,0.2213553149525751,25.592009550980805,0.2843496145075261,0.29435122415288373,0.30252849603569254,0.053582173,27.387335,0.38918698,0.3955653,0.2267816,81275,0.16777314211174144,1.7953252726275934,0.10483736383262282,0.10121407702700214,0.0757468893614982
model,278,0.5306893419697389,23.616531548230675,0.2593473214102149,0.27125352876787356,0.46105403473933193,0.3403389,24.13241,0.24628319,0.26130217,0.47656867,54225,0.19035045618558977,0.5158785012078013,0.013064132947957496,0.009951355630208769,0.015514634341402322
model,282,0.2103636628478301,27.64786459719762,0.5165128619716487,0.5173990946691951,0.1376497290918523,0.098473705,27.787012,0.7885107,0.7911142,0.14258045,10154,0.1118899574964774,0.1391475030221052,0.27199781822702074,0.2737151164132634,0.004930720489293938
model,285,0.46484726810902505,24.832017906658255,0.2622149119336879,0.2649770152249398,0.23407463615778618,0.5383165,25.504929,0.25300983,0.25603256,0.21325514,101396,0.07346922015696616,0.6729106822089328,0.009205085988787387,0.00894445892954493,0.020819498952662274
model,286,0.11581576541118677,22.531683295085113,0.2768995591775082,0.2792707057461938,0.1604918407798684,0.13756576,25.181318,0.28689077,0.29042092,0.19157448,76265,0.021749996393393922,2.6496349879959418,0.009991215787778063,0.011150213910559759,0.03108264333001015
model,283,0.9188608690229801,5.074526855716201,0.27830403420943245,0.28767951671188613,0.301156894076066,0.9169395,4.2195415,0.29325196,0.32434544,0.4232211,28013,0.0019213720289615877,0.8549853060335835,0.01494792726021782,0.03666592296058396,0.12206421722154143
model,288,0.8541614662718671,8.27577241490772,0.2724267892290178,0.2830720580833054,0.25340233538577056,0.8090895,9.103118,0.27225062,0.28069246,0.251169,137408,0.04507198444127014,0.8273455279023381,0.00017616671810777307,0.002379599930534382,0.002233339290113212
model,284,0.9569109339174825,2.732026120492719,0.4058307523869339,0.4138373923108087,0.20809851929179754,0.94863003,3.9497595,0.38458106,0.39139143,0.23233356,64595,0.008280898993929031,1.2177333628446831,0.021249693169480888,0.022445965985964322,0.024235036525806525
model,291,0.4893992885382213,25.601398072388847,0.25847052912134316,0.26173478101771885,0.21872445105529442,0.44090167,25.284513,0.25462192,0.25806665,0.22859465,46257,0.04849762165856736,0.3168845988781044,0.003848606151525047,0.0036681268123965882,0.009870194802516552
model,290,0.974956368487378,12.299580544506952,0.4133721041814745,0.4163076396369763,0.23034626671307135,0.9592784,12.128454,0.34557536,0.3493677,0.22845373,92865,0.015677963774700987,0.1711263361329287,0.06779674173755057,0.06693993166921813,0.001892541136670589
model,289,0.34958157941433576,19.538141711422043,0.29402933518223395,0.2952904486891334,0.13189925829731605,0.37279156,19.20243,0.28224108,0.28331393,0.1267166,103445,0.02320997908976885,0.33571098632438634,0.011788258951231145,0.011976518654495949,0.005182659428945996
model,293,0.6405358955256357,22.797082989725613,0.35610569363973577,0.42152481082905385,0.6318020629313843,0.6343021,22.703932,0.38604996,0.50838137,0.7699292,54336,0.006233815848053936,0.0931511812539334,0.029944262443561964,0.08685655590068248,0.1381271076771362
model,294,0.8578135464128093,19.45107051889724,0.21527057109315126,0.2227280902799874,0.27406573798059647,0.83460915,15.194866,0.2382669,0.24308197,0.25055584,68603,0.023204395526273625,4.256204338477318,0.022996329088619066,0.02035388172299568,0.023509894865743564
model,295,0.16099096904558471,22.48765589911225,0.22668725535336443,0.23077305398227135,0.23552401116851207,0.20137583,22.813358,0.2420166,0.24741398,0.25468296,172,0.04038485814767548,0.32570240777251414,0.015329343228903336,0.016640923998342355,0.019158946957556044
model,287,0.9566100019852294,12.377045703982738,0.18228773950173127,0.1990209983047531,0.44513692187620074,0.9724585,11.131249,0.19539723,0.21733171,0.51052403,75669,0.015848479803405868,1.2457962761873276,0.013109488500816946,0.01831070917281649,0.06538711262392133
model,297,0.9123537582758597,18.316110903325765,0.4318764810248105,0.4352195139570434,0.2867260711253485,0.6875048,23.04109,0.56519747,0.5686443,0.22414039,41918,0.22484893029963293,4.724979108270915,0.13332098677914456,0.13342477124498298,0.06258568037160245
model,296,0.9819340540766179,4.872386014537476,0.22052723118642592,0.24622222124770796,0.5137987177845839,0.9812167,4.9363704,0.24906309,0.28835976,0.54516137,123016,0.0007173253893315579,0.06398435823474102,0.028535858303510908,0.04213753999039019,0.03136264867812366
model,300,0.5530998585913869,22.796073406286276,0.20934000773133996,0.23212099966524652,0.5228244205496567,0.490944,23.12739,0.25164253,0.3019152,0.6454462,81192,0.06215586049301347,0.3313165015506385,0.042302517464735484,0.0697941988992829,0.12262176074764553
model,298,0.982719191298791,9.335447282955137,0.218966283701544,0.2327134548809398,0.4932719969159742,0.961938,11.166701,0.29986548,0.3183474,0.4789732,116501,0.020781167731591332,1.8312540338783592,0.0808992005361269,0.08563393958546034,0.014298787058033502
model,299,0.10377710778345173,28.57930772911571,0.3578141958562822,0.3603791448608012,0.2170824280823941,0.10203388,26.510551,0.33324665,0.33710477,0.1958459,83289,0.0017432244502455507,2.0687562764789895,0.024567547544667223,0.02327437729984233,0.021236526116299143
model,302,0.3654510233789786,19.7446721247591,0.23155033548048162,0.23488898986976464,0.22178598850856548,0.5867815,19.040152,0.26382,0.2698244,0.2739238,118308,0.22133047839104092,0.7045205286897627,0.03226965706178522,0.03493539577324073,0.05213782578815693
model,292,0.7399632301241758,19.34359584621339,0.23839337192795265,0.24643797732366154,0.38502487731569807,0.95820147,10.146467,0.23355508,0.24389672,0.41561747,41425,0.2182382378666995,9.197128637351085,0.004838293421482925,0.002541254530082443,0.030592588657202324
model,303,0.18606361812892389,24.244952232478163,0.43896574617912726,0.439723253116323,0.1131240088336836,0.14542727,24.447695,0.36044312,0.36110398,0.09438489,39536,0.04063634640517663,0.20274254596422026,0.07852263094475226,0.07861927138300084,0.018739122509277936
model,304,0.9839261950138087,8.542986567452495,0.23796956162047164,0.24753560431703242,0.4334067596326971,0.90485644,12.909215,0.2646462,0.2729385,0.37923038,14631,0.07906975160865737,4.366228405997212,0.02667664070534928,0.02540288559690801,0.05417637957440852
model,307,0.9049642751521488,11.498015957657444,0.2212267965191093,0.23069351447043968,0.2687580240847469,0.9102682,8.709953,0.25203067,0.26211572,0.29503158,33698,0.00530391237073935,2.788062649551975,0.030803874123743497,0.031422202463764426,0.02627355326396219
model,301,0.915737229603751,12.628542267737402,0.28138060313697055,0.3341776179078652,0.5455943114993954,0.923299,14.699223,0.30026478,0.3555695,0.6123233,98843,0.007561784964577822,2.070680296959864,0.018884172616050687,0.021391893744127588,0.06672897264977451
model,310,0.34018433581314483,29.286210794814906,0.37177020763441443,0.3728341042502512,0.1239600005719041,0.30567494,27.366968,0.5179925,0.51924,0.13638976,117528,0.034509395465473325,1.9192426399076794,0.1462222888560641,0.14640591745537623,0.012429761591258137
model,306,0.929051132930371,2.9367873773371542,0.28179777898135144,0.3014701248006293,0.39441816175588407,0.9186843,2.886876,0.279381,0.3340104,0.44246468,92435,0.01036682916984244,0.049911271074947194,0.0024167720252509794,0.03254026762681517,0.04804651772371493
model,312,0.9424560108601938,10.135175740391688,0.44892104732333615,0.45424765822170216,0.20523437475300244,0.92470616,8.289946,0.41474327,0.4221024,0.2142116,36270,0.017749849838007536,1.8452301379746956,0.03417777287303403,0.03214526650188404,0.008977223285670966
model,308,0.5634510705071571,22.40166284828543,0.22168890118147355,0.24679729536428324,0.4843647643781527,0.4348035,21.646608,0.211076,0.29017657,0.8920513,39362,0.12864758463679582,0.7550544956242966,0.010612894888176738,0.043379275051213584,0.40768651516667764
model,305,0.3176385150565924,24.231977366123033,0.25737088993209295,0.29120428923563507,0.5395136387382541,0.3854943,21.239113,0.25528932,0.28744483,0.48869804,73046,0.06785577672578674,2.9928645121191266,0.002081573754724786,0.0037594592948391736,0.05081560325966217
model,314,0.6633927032166126,21.128971500978697,0.6023933112217426,0.6270049209784319,0.49726691272931006,0.657395,22.130531,0.5336939,0.5518591,0.41703588,19407,0.005997697990477335,1.0015598100564596,0.06869940157666199,0.07514584018695847,0.0802310350246897
model,309,0.9355783409907067,10.466951575576715,0.23211449016199992,0.23915896139445061,0.36562659653628715,0.9647048,7.9841905,0.19930682,0.20805982,0.37749887,71514,0.029126470582321873,2.4827611115569397,0.03280767429934428,0.031099143841884086,0.011872268591276325
model,311,0.22933195705065887,21.17656107362246,0.22365281541476942,0.24400811694666152,0.49800695715162463,0.25995806,18.83032,0.21972083,0.24762735,0.5050828,131305,0.03062610154499848,2.3462407153460916,0.003931989861829049,0.003619230761086889,0.007075828931596806
model,313,0.7186742597111314,22.794446043395016,0.2779934484348881,0.2804121231262157,0.20500581156109626,0.66858584,24.711943,0.30780885,0.31068867,0.20432056,126305,0.050088422823771794,1.917496629334476,0.029815397800387167,0.030276551323704937,0.0006852466950302838
model,316,0.34935621263177014,25.616088914384786,0.49326861020878215,0.4959849230832693,0.15435964042583245,0.23105118,28.889288,0.557855,0.5610712,0.16851021,106156,0.1183050358453474,3.2731990342236124,0.06458639982387165,0.06508629397681981,0.014150573068468397
model,318,0.6999284825675702,16.684039913102524,0.2589346215853718,0.2734143667766631,0.3726586597988538,0.7394128,17.904608,0.23486462,0.25301483,0.3827207,92795,0.039484302008845784,1.2205678597246248,0.024069999230864336,0.02039953404160144,0.010062049048192079
model,320,0.5892651111057412,25.11223857415466,0.31965554430401166,0.3267115762136255,0.27648055684282713,0.32275113,28.142456,0.28867918,0.29126674,0.22427547,43454,0.26651397647172326,3.0302174805328406,0.0309763617745622,0.03544483684518679,0.05220508706285887
model,317,0.3398201688689886,26.685432485908674,0.25755461027292037,0.2621264392610121,0.2865444086893276,0.45700952,24.155535,0.26423794,0.2692116,0.28750113,125247,0.11718935523799079,2.5298977416459785,0.006683330038511515,0.00708515102905749,0.0009567178384586317
model,315,0.42055042548893157,24.81983573012993,0.45062162020763674,0.45685471304222014,0.28039697805056135,0.23976566,25.276556,0.44294608,0.4741078,0.37475488,57889,0.18078476651428405,0.4567202848847174,0.0076755438145093,0.017253088871994948,0.09435789784779985
model,323,0.856523065768323,13.680831833651887,0.22144531518252616,0.23346750748820694,0.3880236216510274,0.8050401,14.9229355,0.22444968,0.23672551,0.36564004,89991,0.05148294468983183,1.2421036521879572,0.00300436407295937,0.0032580016785105914,0.022383577438686075
model,322,0.9743450773759313,11.757080608076755,0.19219109566674408,0.24488593462950656,0.8872569404692701,0.94564897,13.800077,0.1814734,0.2639116,1.0787532,134431,0.028696109156174265,2.042996830277737,0.010717691497661441,0.019025670251780064,0.19149629248666256
model,324,0.4560794516741836,25.199806821494388,0.5298355656827676,0.5307216003831123,0.12263902557275938,0.6402763,23.677908,0.4627116,0.46429175,0.15736014,58068,0.18419686115388034,1.5218988777688018,0.06712396323335046,0.06642984899837723,0.03472111093618227
model,321,0.8728583036175624,10.584116533098786,0.3290622077303443,0.3328522795570535,0.17233163342105937,0.9050683,11.274244,0.3446026,0.34796268,0.1711779,24302,0.03220997469512066,0.6901277753728934,0.015540406910845295,0.015110397921736796,0.001153739544029947
model,326,0.5601912326589822,23.432620073733418,0.29698364581114184,0.30838808154483677,0.3968383315399966,0.7691884,18.937822,0.26469985,0.2769085,0.3884387,88077,0.20899717142426977,4.494797731814472,0.032283799305023064,0.03147959446330906,0.00839962991035792
model,319,0.9675504166183864,11.942033550907844,0.23642055871541867,0.25299223957746286,0.5209403959907871,0.89365727,16.786804,0.32529032,0.3571512,0.44236517,6400,0.07389314952472792,4.844770648310906,0.0888697635883533,0.10415897073061209,0.07857522646564064
model,328,0.9622013886781067,8.147583629812218,0.32809821056806676,0.3410742613655016,0.3369714869162277,0.9191997,13.772166,0.4102315,0.42607796,0.3466368,104320,0.043001683554205306,5.624582622324013,0.08213329029596217,0.08500370055619028,0.009665315041856415
model,329,0.32913129174865047,25.37782549415513,0.3165154495247351,0.3222693065880913,0.2986542519835116,0.41259184,27.475092,0.44638544,0.45441663,0.2732255,137267,0.08346055304848393,2.0972664400489727,0.1298699936858667,0.13214732606419144,0.02542876570497765
model,332,0.9570655127239893,13.620664453282437,0.200357695597461,0.20499101376940612,0.2903828155845319,0.93799037,11.271418,0.24299385,0.24889544,0.28999135,49176,0.01907514531142218,2.3492468354845855,0.04263615093822168,0.04390442275593873,0.0003914666026745839
model,331,0.8827938972969768,16.104428301982495,0.269991374949785,0.2737173056068282,0.20812391497402566,0.8560561,15.76437,0.29652497,0.30799785,0.25539446,110343,0.02673780312736007,0.34005833738288516,0.02653359677377154,0.03428054695702981,0.047270543796726294
model,330,0.9737785506434998,10.589656158712074,0.22420042036769378,0.25438361130666365,0.6126619354169901,0.9717661,12.911549,0.22539449,0.24735048,0.52861905,4810,0.002012436408575513,2.321892455789879,0.0011940670132876696,0.007033127173896925,0.08404288443737584
model,325,0.799957626698166,21.56356770444261,0.5516171651224712,0.5571693605076662,0.23196616480241308,0.30077958,25.690079,0.5367874,0.5396353,0.13487516,8442,0.49917804562821966,4.126511030908951,0.014829774413547825,0.017534059871374685,0.09709100136647711
model,327,0.7558149268124279,16.227828674083902,0.2676749111399097,0.28459791384825134,0.3045575721752447,0.732066,14.123938,0.24891457,0.26345873,0.29674077,107582,0.023748951146381758,2.1038910672723787,0.01876034152359196,0.021139185057968135,0.007816801835278886
model,337,0.8425882794289354,16.992545916173313,0.4512751043449952,0.45394614801480576,0.19707335520563385,0.5943585,22.772343,0.3816662,0.38638133,0.21377258,60972,0.24822977561042348,5.779796765711453,0.0696088910709931,0.06756481990887925,0.016699224821946412
model,338,0.5305289254478941,24.05934181578086,0.3084977012528744,0.31007956953232685,0.15201893111917406,0.36463356,27.009958,0.31489873,0.3163603,0.15160444,75095,0.16589536526723003,2.9506164514310527,0.006401028071466419,0.006280725286551325,0.00041448733064561316
model,335,0.9833030881516183,6.47054751812518,0.19712119845531037,0.20706852986680255,0.36694121762610643,0.97456056,8.709268,0.19734758,0.2071362,0.3424488,121837,0.00874252935568931,2.2387200981467927,0.0002263829312557919,6.766901148572146e-05,0.024492416823875596
model,334,0.18999396514463848,27.257121498383242,0.2043057698349991,0.2097216406749891,0.24552060857313573,0.330599,23.561222,0.23971626,0.24284868,0.21254627,10270,0.14060504484605366,3.6958994219672263,0.03541049179029082,0.03312703874834311,0.03297433450716436
model,336,0.05822547195428795,25.653101294670712,0.7203532602911327,0.7209119409592689,0.09167408482722929,0.027540525,24.195015,0.702881,0.70330316,0.07366444,30030,0.030684946532787742,1.458086341057431,0.017472281706843118,0.017608782676035273,0.018009643122479227
model,333,0.9567236605928647,12.646270499307803,0.17671301603788017,0.19513236570677253,0.45747958764967234,0.8681791,18.227242,0.22086164,0.24349432,0.50858754,41159,0.08854457772238133,5.580971016805478,0.04414862751489998,0.048361951228766714,0.05110795154634207
model,339,0.5651337545455846,20.500366872390178,0.22554507185935846,0.2285187703397921,0.24012289693115701,0.74119526,15.460986,0.2534969,0.25991252,0.26770148,5749,0.1760615069328395,5.039380735000041,0.027951813440324158,0.03139375030725686,0.027578579881205656
model,344,0.5980740714779117,23.48169492168393,0.2915919098708683,0.29840710053454045,0.25461286394862304,0.50458926,23.130035,0.25564048,0.2622711,0.291332,25673,0.0934848118534305,0.35165952129330336,0.035951432928805926,0.0361359942914069,0.03671914250584474
model,341,0.9496381018042422,16.98503125157537,0.30851949369167997,0.3123548468973756,0.24392171457812575,0.9050151,18.699442,0.42024383,0.42450008,0.24924581,80826,0.044622990834698784,1.7144106582146676,0.1117243357970743,0.11214523106549978,0.005324092950370035
model,347,0.569169834218407,20.876244320731004,0.2098115389246716,0.2164325443334396,0.3166429217217163,0.58710676,21.892153,0.21306601,0.22027192,0.3254593,74040,0.017936930098151893,1.0159084655238786,0.003254472742579978,0.003839370863932823,0.008816379749993886
model,342,0.8537146808481136,19.67615051076309,0.2808219100901292,0.30407192980380027,0.40675866446412506,0.8546216,17.806498,0.29050747,0.30768958,0.33445007,1331,0.0009069083356937346,1.8696529369105512,0.009685555510838217,0.0036176475372794448,0.07230859837449494
model,343,0.691911284033318,17.4934131508614,0.2314220618929392,0.23818147308887505,0.3306773826440491,0.7034151,19.68113,0.33106682,0.38792288,0.6058313,92981,0.011503811772803796,2.187716304705006,0.09964475515227258,0.1497414099448774,0.2751539424101196
model,345,0.14021641096094736,24.021921873268166,0.19971568521143956,0.2134244274201188,0.42487121792234284,0.30130863,25.175379,0.19328962,0.2053981,0.4114699,32015,0.1610922209360253,1.1534569261703105,0.006426062546987965,0.00802632978580331,0.013401311353815615
model,349,0.8983096944192528,7.285744098601185,0.2780920287557102,0.2839709369871467,0.24322035905738343,0.93265074,7.4492674,0.30763975,0.31141207,0.2108651,52836,0.034341050495755754,0.1635232887889515,0.029547719102337278,0.027441129234090478,0.032355263799624334
model,340,0.9017149113616312,7.971225983079876,0.3391007719676864,0.35040977785562205,0.3123411671816316,0.85701734,8.216132,0.2765919,0.28981075,0.31186992,63652,0.044697573085721753,0.2449061809215891,0.06250887495688318,0.060599030947434185,0.0004712478815522281
model,346,0.7820447472102464,19.166703912551142,0.435115647140767,0.44280191819438264,0.23713139123279828,0.7752736,19.406694,0.4986808,0.50538456,0.24310313,46005,0.006771126127940508,0.23999049968030306,0.06356515305874166,0.0625826462053366,0.005971740419080079
model,350,0.8832979295952018,9.633362061345757,0.24956231565063733,0.2579334438442735,0.25024236755743745,0.9066476,9.459951,0.24396086,0.25258455,0.28588873,10853,0.023349692990094817,0.17341066058892096,0.005601458259279907,0.005348897039845424,0.035646363922207325
model,352,0.5915777339008578,20.470487700843,0.7639354943966451,0.7748100617216823,0.24349206106331744,0.4784927,20.775179,0.68206495,0.69098955,0.2314612,83794,0.11308502688677391,0.3046912084587561,0.08187054393048909,0.08382050779330708,0.012030863925484803
model,351,0.721667532425412,20.6863448706791,0.2206194790250362,0.22372028657870743,0.2069792340642516,0.6695798,21.5644,0.2356383,0.23902915,0.1832147,29405,0.052087728481778006,0.8780548485591808,0.015018826519817008,0.015308867602772974,0.023764539802700685
model,348,0.3410811304439981,26.00099009649893,0.2744655216133593,0.27757921242542455,0.18137276251150375,0.5409324,21.753227,0.38500348,0.38675088,0.1553964,50131,0.19985128647189543,4.247762862612213,0.1105379557216169,0.10917166447810939,0.025976360629332118
model,353,0.5044123940212883,24.235262267015116,0.5877860795289546,0.5893309586974519,0.13639623762169317,0.508977,24.81757,0.57029223,0.57133555,0.1462439,76415,0.0045646019236884605,0.5823074656508993,0.017493845108178196,0.017995404574527085,0.009847662438960514
model,354,0.6390639161719344,24.44519820641916,0.5324761285833274,0.5346675989383514,0.2113274287080154,0.69928706,21.260862,0.23150632,0.2393943,0.3283905,136889,0.06022314075097823,3.1843358559552932,0.30096981072939977,0.2952732918018157,0.11706308018213657
model,356,0.3614237784985828,25.59097529561814,0.33802216020050674,0.34146400752167216,0.2112804955074015,0.27781293,27.503887,0.23664585,0.2400437,0.18906361,76996,0.08361085053723333,1.9129118808955319,0.10137631264153152,0.10142030778030864,0.022216886861008672
model,358,0.5260054528344895,22.68798529690484,0.29995977379398825,0.30445108201327553,0.27039989716117097,0.6073094,22.492666,0.24542265,0.248188,0.22020233,61418,0.08130394820081932,0.1953190523980055,0.054537127390675566,0.0562630781156086,0.0501975703865738
model,359,0.43840560119944066,22.938305716360446,0.20597607961841288,0.23055750139097994,0.5773636640595595,0.44597816,22.952667,0.237915,0.25834075,0.5683225,105897,0.007572563473410898,0.01436151996767876,0.031938914740603536,0.02778324477334196,0.00904118433467549
model,362,0.5084751132853862,22.12792030637768,0.7926206681489725,0.7969294829860037,0.14239641926843782,0.46006468,21.037758,0.65144384,0.65235484,0.09922745,56385,0.048410433901154626,1.0901624328425221,0.14117682907579132,0.14457464652207552,0.043168968480416736
model,357,0.9437872579342576,15.160022211769451,0.3280194721760077,0.333285869873715,0.26807875128429703,0.86240333,16.007492,0.36390293,0.36720103,0.22759818,86257,0.08138392474715428,0.8474698536602361,0.03588345426899964,0.03391516038064901,0.04048057587784104
model,360,0.4369293537593735,19.00501686633488,0.3216443481591368,0.3234271117778784,0.1512907343437079,0.5793359,17.706892,0.2956425,0.2972913,0.1402211,22583,0.14240657420388336,1.298124852785076,0.02600185300380231,0.026135803136444702,0.011069630317867146
model,364,0.9739954887492225,3.0166028598368655,0.2775787663184823,0.32484167840989653,0.5796082595725525,0.9755411,2.7574332,0.2956459,0.34374234,0.49602807,108455,0.001545626057906424,0.2591696837962161,0.018067126301604397,0.018900662393249834,0.08358019389109494
model,361,0.9897808754811719,7.494948844732811,0.19268170608604043,0.22466999473229168,0.6437517898791593,0.98255837,7.8438067,0.18648213,0.24216722,0.7846514,120835,0.00722250584463624,0.3488578988890154,0.006199574604869779,0.01749722478732349,0.14089960877959318
model,363,0.9759861095596637,7.594159405597601,0.43654466527690694,0.45123320018517254,0.33218501115185356,0.9875173,8.657264,0.34454933,0.35175616,0.30301982,48010,0.011531187708250124,1.0631043502007387,0.09199533718814656,0.0994770446942973,0.029165189508024214
model,355,0.8076485171175319,14.134991070771036,0.2216990303514259,0.23966488894143603,0.4936949973797368,0.82905596,15.367041,0.20931473,0.22283678,0.45504782,39837,0.021407447829214887,1.232049563384237,0.012384296607758305,0.01682811137357257,0.03864718134160511
model,365,0.6594593156946523,23.398867023654695,0.6291394506511326,0.6301821685903576,0.12093159447043378,0.8077846,20.378887,0.5749483,0.57677805,0.14658864,16621,0.14832530125252175,3.0199798471410233,0.054191139799081856,0.05340411435299186,0.025657043954439573
model,366,0.924100504279054,12.52120156279586,0.22116539789356074,0.2298247105439525,0.38603204848004835,0.93529975,12.992382,0.24704927,0.25915724,0.42993608,108201,0.011199249863707239,0.4711804867646876,0.025883874166833548,0.02933252984682508,0.043904032690987416
model,368,0.5715023498697366,21.815896482845215,0.21193915983477615,0.22262932119240608,0.382866756635539,0.6203297,18.492188,0.28353617,0.2937061,0.35993224,11630,0.048827328188887686,3.323708982845215,0.07159700611790634,0.07107676806578789,0.022934512811533858
model,370,0.9326508522496196,17.570218628510084,0.31192776992403176,0.3174733632493822,0.30953123626243545,0.9339273,17.456198,0.42965928,0.43965527,0.32727706,106179,0.001276445342543453,0.11402088986262271,0.11773150727666709,0.12218191090337355,0.017745828060989843
model,367,0.9059034385217112,11.758121759594744,0.23404131676484724,0.25207064802652096,0.4057656531179388,0.92506063,13.249135,0.25135317,0.26898745,0.38612136,133681,0.019157191322954348,1.491013257800276,0.017311857683166065,0.016916798996870763,0.019644290670200126
model,373,0.9818591725503651,8.41105561045412,0.2818122965859351,0.33010106921314425,0.6976822536035425,0.987361,7.2971435,0.21352538,0.24780773,0.5999285,126941,0.0055018413389475995,1.113912151134052,0.06828691192139957,0.08229334294914431,0.09775375533541508
model,371,0.11307940727826662,27.80170646756429,0.2910386898270944,0.295242213673697,0.2491554371089756,0.2407927,26.25108,0.3181193,0.32604605,0.24647482,8272,0.12771329933050565,1.5506269082381188,0.027080597663750317,0.030803835921182132,0.0026806197137653476
model,375,0.4878875623689364,24.967750558776615,0.26558754159221093,0.27016537973215105,0.2422032553659405,0.59236413,23.570591,0.21439296,0.21860562,0.21576987,8588,0.10447657003539101,1.3971595858762242,0.05119458152064721,0.051559757082958235,0.02643338329658168
model,369,0.5400280690648274,17.827788117031787,0.27144779008999415,0.2734242128942102,0.17817215845092846,0.8571819,12.492165,0.31600344,0.32022804,0.21154135,130214,0.3171538376353069,5.335623505215381,0.044555651720613765,0.046803827324143066,0.033369196205291024
model,374,0.9893434711699364,7.336485249062285,0.17060182044949493,0.19776413323666167,0.6270717246906604,0.9808278,7.200929,0.20095976,0.22564816,0.54885876,71400,0.00851566278980942,0.13555608417581055,0.03035793652091065,0.027884031512483837,0.07821296290324586
model,372,0.9249755045571147,17.977043160032053,0.34423619892120155,0.34731573998704873,0.17960184222139394,0.8176798,19.57138,0.3682184,0.3701209,0.20028445,133477,0.10729568211219898,1.5943374552023215,0.023982193212511216,0.02280517280324973,0.020682609024867654
model,376,0.8878116260484915,13.558132937403357,0.2722578473288316,0.2853735748353834,0.36878455058186654,0.9458337,11.176071,0.27157214,0.28455418,0.38199484,58924,0.05802205696542451,2.3820617704111697,0.0006857044893998632,0.000819391352259613,0.013210292901104648
model,378,0.6658510299387904,24.711080696219884,0.38842294904481495,0.39024783317695266,0.15500834299100352,0.4083557,27.730673,0.62580574,0.6269689,0.1202478,69853,0.2574953170481654,3.0195921400838266,0.23738278654325878,0.23672108705391282,0.03476053936255885
model,379,0.7527521771897573,16.533860316009964,0.38082399530908906,0.38825417719649985,0.32776209258034583,0.6601562,17.456558,0.30393577,0.3102106,0.3070319,60645,0.09259598679440206,0.9226979115290987,0.07688822908899628,0.0780435916023226,0.02073019288971778
model,381,0.9489740247996599,10.760966918786018,0.22616218976370836,0.2432940843686334,0.5571621025619833,0.9513495,11.320383,0.20829318,0.23389399,0.65823007,63921,0.0023754720417707986,0.5594161531133963,0.017869005125684984,0.009400093851970798,0.10106796373745519
model,382,0.8685309451062897,15.169957182289302,0.21499047120191395,0.2217038208316764,0.24977578590579697,0.8447194,18.86852,0.21774314,0.22505257,0.26045832,70346,0.023811535163662745,3.698563554405034,0.0027526722373789614,0.0033487445045510267,0.010682534473460237
model,380,0.672878064181715,20.264732767147876,0.26993528243625825,0.3177151987047257,0.6110696190994834,0.9271995,15.929985,0.1846433,0.20985167,0.47504967,95234,0.2543214187360706,4.3347477207611576,0.08529198404873078,0.10786353141976018,0.13601994458852762
model,377,0.19971849272432768,27.792763656481018,0.26180750927199653,0.2649894145294086,0.2425041861125882,0.14953674,26.999628,0.3190921,0.32509002,0.2537565,118268,0.05018174896421873,0.7931355894644163,0.05728458562622735,0.060100606365595666,0.011252307217413632
model,383,0.2597951446548821,23.73131341075157,0.20812793808350208,0.224646456189039,0.38624795104822485,0.24552983,25.506907,0.21609637,0.22993435,0.42299077,35981,0.014265314199102097,1.7755930986478425,0.007968433328775143,0.0052878934670660405,0.03674281809964808
model,384,0.32201385379730174,26.669371805146625,0.32422122702142936,0.3322660319628783,0.2612779692064691,0.5492954,23.574694,0.33636335,0.34518835,0.3267265,40051,0.22728157161773732,3.0946781253370546,0.01214211836316842,0.012922317522519045,0.06544852701316589
model,388,0.8216102971175299,20.118325443621952,0.2405630623714878,0.24392107185207443,0.2136992310964543,0.81373644,21.91906,0.23652063,0.24086946,0.23290618,110524,0.007873858366309161,1.8007343097960167,0.004042429270024489,0.003051609361992641,0.019206946543506936
model,389,0.7395180823118224,21.732369977458177,0.30613211268045676,0.311594349153896,0.27480165299265974,0.69142824,22.646313,0.3010357,0.3124578,0.27880985,119881,0.04808983819790025,0.91394273616487,0.005096410451910616,0.0008634507576030237,0.004008192454880544
model,387,0.12335011489982467,29.871259257657552,0.6963538651309576,0.6981095225023677,0.12573084361152884,0.097547434,29.821735,0.620935,0.6225348,0.12945186,20307,0.025802680629442742,0.049523875577474286,0.07541884229999452,0.07557471100563307,0.0037210124055838956
model,390,0.1944957802785763,24.96740777654916,0.2718129389616138,0.27701804629241167,0.25542348411280996,0.21227527,23.496109,0.35338318,0.36563972,0.32119486,77427,0.01777948636876256,1.4712987677600964,0.08157024451769529,0.08862167009438338,0.06577137324612253
model,386,0.9660506635152805,14.032417318445837,0.3158386448332935,0.3282690004837877,0.4173168891808492,0.9674413,12.634002,0.37697485,0.3875173,0.42318583,75824,0.0013906569040310623,1.3984155865732788,0.06113620605972714,0.059248302744590586,0.0058689361670511975
model,385,0.888460458753645,13.37826575679302,0.22020141866107273,0.22470853914212816,0.26135409128672227,0.8622392,14.423808,0.21883625,0.22360179,0.25654277,13204,0.026221276758253143,1.0455423410463354,0.001365170740082744,0.001106750859733746,0.004811319232050026
model,394,0.3531150825067499,24.533959518216253,0.22675686920116994,0.23508687164605735,0.2937361434288034,0.5896801,16.736021,0.23207158,0.25690183,0.40174028,97373,0.2365649931386969,7.797938476346136,0.005314709301485088,0.021814958788741845,0.10800413934516817
model,393,0.983212828282307,5.234346505127704,0.22826132891441095,0.24645259778354234,0.4215940517613291,0.98240215,5.504512,0.22059989,0.23708025,0.4140505,120665,0.000810682419727704,0.27016532806321436,0.007661439159161926,0.009372351573444071,0.007543562097251322
model,396,0.9490018341290026,10.931179175808687,0.37906961618177104,0.3848365582064657,0.26255926304391314,0.9302492,14.864946,0.32705274,0.33495492,0.29526386,102313,0.01875261995663935,3.9337671895477584,0.05201687393895793,0.04988164077558799,0.032704593605485666
model,395,0.6455983850125726,23.87115739269576,0.33445368230110323,0.3644594185768686,0.3976448544113795,0.88869727,17.067566,0.29308587,0.3328983,0.4433532,8208,0.2430988815661017,6.8035914747270105,0.041367809174119585,0.03156112961164337,0.04570835150788627
model,391,0.44240721541782463,19.221286556548122,0.24627924478149352,0.2669135481550183,0.3311191004572297,0.609456,19.936169,0.2263238,0.23711468,0.2691413,107529,0.16704878729442513,0.7148821141061745,0.019955446482657763,0.029798865361401028,0.06197781384567269
model,392,0.7004112472719795,19.967877193307313,0.27083558111535416,0.3105301745640547,0.5639203807085315,0.8510731,15.85611,0.24815091,0.27998236,0.51524407,68428,0.15066183898976981,4.111767574166688,0.022684666207898718,0.030547816346815304,0.048676313993290976
model,398,0.7811677754046507,21.84571378688499,0.3379023820575731,0.34027698818401053,0.20116189111341246,0.6928712,20.031834,0.26634645,0.2728888,0.28505608,82604,0.0882965624453611,1.8138801382033485,0.07155592743721179,0.06738817874149039,0.0838941932810425
model,399,0.24533428290852308,24.634772785164046,0.2156803913920544,0.2179742495936693,0.18691558932610267,0.14974362,25.273773,0.3341477,0.3377355,0.17705144,25424,0.09559066632755994,0.6390004081953293,0.11846730033463018,0.11976125431830276,0.009864149444777898
model,397,0.1048586229491263,23.583173490282697,0.24979125587420037,0.2869547762973535,0.42167608383124894,0.096419446,23.234922,0.21608031,0.24044994,0.41493818,86117,0.008439176778796256,0.3482510812250794,0.033710947913690115,0.0465048410995233,0.0067379021925312865
model,404,0.11465883875720947,25.413131950152952,0.42150180902275813,0.4226134364106599,0.1291880775742733,0.22564398,26.173058,0.39538223,0.39713076,0.16294678,70761,0.11098513876564056,0.759925605999392,0.026119583509299882,0.02548267884039318,0.03375869798133735
model,406,0.30471085500673123,25.462171441282003,0.27860010451650963,0.28482626213061235,0.29122327352132665,0.060419187,25.594225,0.23516266,0.24057095,0.25462127,80302,0.2442916680570013,0.1320534885275677,0.043437444036964035,0.044255314602726914,0.03660200620260107
model,403,0.5534315617703999,16.5416260778874,0.22100804607235697,0.22642367258633764,0.2908326962553836,0.5058872,15.117291,0.2760435,0.2921941,0.34754685,33526,0.047544351401289764,1.4243346273869122,0.055035458404190274,0.065770425647839,0.056714149419131166
model,405,0.015952188679973476,25.046681942061923,0.20237743662482252,0.26491121624713276,0.879235528822829,0.025165962,25.53785,0.20723885,0.26105285,0.8069689,71767,0.009213773375352032,0.49116748420760814,0.004861416352930165,0.0038583693385634277,0.07226660143940611
model,401,0.91200839255836,7.52614539667411,0.2445012434313569,0.2521951236994183,0.26542950425484885,0.8926292,8.369392,0.23620242,0.24258825,0.25611493,84745,0.01937918637778746,0.8432469983454212,0.0082988246271882,0.009606871870270983,0.00931457434037436
model,402,0.21045296929809063,16.360247925240415,0.23039287837003225,0.23967952508393772,0.3539103610935088,0.3703981,16.534481,0.25760466,0.26832104,0.32386884,63618,0.1599451348927358,0.17423312334356922,0.027211780233635963,0.028641512208542746,0.03004152016066275
model,400,0.7928840966213577,16.305924374205546,0.20982261763768484,0.24339307261567222,0.5711498026928364,0.55196285,22.751373,0.205083,0.27379757,0.6702842,118671,0.24092124414333038,6.445448916810079,0.00473961995797445,0.03040449904341591,0.09913440894275316
model,410,0.18227995964785565,30.293707572705685,0.34848196325667585,0.3499987936465865,0.15509018802346852,0.093164235,32.212555,0.3261667,0.32947475,0.1435537,29771,0.0891157242943858,1.91884735893494,0.022315273860771312,0.02052404646564776,0.011536484000107317
model,409,0.5205103191354152,24.202253311216552,0.8571505219059048,0.8581489758529314,0.10761459085937058,0.660475,22.539038,0.78928775,0.7919403,0.14180689,85142,0.13996469650484356,1.6632156067487784,0.06786277595329859,0.06620870399853074,0.03419229474071944
model,408,0.893675061493403,9.071251888724674,0.21793283040515776,0.22570362592422258,0.3352014637065435,0.87701637,11.215318,0.20359962,0.21175574,0.32320172,93339,0.016658695965296344,2.1440658374105794,0.01433321351997252,0.01394788826190721,0.011999747760346013
model,412,0.6354387844284901,22.67222215877354,0.41104513770314316,0.4131946921301364,0.20470078485238608,0.93979496,14.546271,0.4555793,0.46029684,0.21690576,15985,0.30435617320929675,8.125950834615825,0.04453417295245071,0.04710214734549534,0.01220497293245737
model,407,0.7273547852333679,21.682486994572614,0.3873251433114961,0.4233822049140561,0.41803187552611926,0.7942341,20.027014,0.24218825,0.26746652,0.41629732,2546,0.06687931177056883,1.65547321588609,0.1451368982534364,0.155915689611398,0.0017345589749107604
model,414,0.7770059409226472,15.968114286349298,0.23736184025067794,0.24966403380103652,0.32623316669296737,0.4475488,21.256071,0.2223608,0.23887521,0.3126221,15545,0.3294571342553193,5.287956804348944,0.015001035573668359,0.010788823515849755,0.013611066578144981
model,411,0.7675622849249156,15.537411998052278,0.4141071641435809,0.4182977848330052,0.21655648194111027,0.6870739,17.462496,0.35679868,0.36313614,0.23593065,96187,0.0804883985304149,1.92508380578073,0.057308485507029994,0.055161642340710915,0.01937416948520504
model,415,0.9790237931213572,1.9339884360340776,0.4658159066539381,0.5787826167695936,0.5819175424241916,0.9736429,2.072812,0.4496887,0.47154343,0.30519414,118759,0.005380907436390192,0.13882364434922323,0.01612720383220656,0.10723918548755018,0.27672340294360076
model,416,0.10672852746147983,22.122339398869197,0.2593746025457917,0.2792802314817867,0.5131549230713455,0.25168735,17.494328,0.22433883,0.24548428,0.4572499,53776,0.14495882042746672,4.628011853703182,0.0350357730284272,0.033795953875776275,0.05590501343198695
model,413,0.9517492472141251,13.149849375376753,0.2504696765949448,0.2550583396724006,0.27988400660368873,0.96610206,10.955995,0.29586053,0.3035099,0.32777035,70015,0.014352816441728145,2.193854769358687,0.04539085235097806,0.048451551360772005,0.0478863457598977
model,419,0.7105166865036465,19.591823480583294,0.2427025580145647,0.26259767423175984,0.4578801482260818,0.74112934,20.859688,0.24638127,0.2663435,0.494652,10504,0.03061265223765597,1.2678643245924874,0.003678709890670595,0.0037458299586851096,0.03677185482376866
model,420,0.6350302275160941,23.280044802113757,0.22517063410946958,0.22959956484822833,0.2677772439369283,0.48315126,26.02192,0.23358752,0.23651955,0.22982325,2064,0.1518789704779776,2.7418744483745243,0.008416884224919152,0.00691998046846784,0.0379539973386846
model,417,0.47233535432211077,17.189541932325028,0.2504936773207187,0.2567526824172839,0.24949419522350352,0.3014636,19.404078,0.28241053,0.29699707,0.32189697,105268,0.1708717503487221,2.2145355975821985,0.031916854915380544,0.040244387895216116,0.07240277504856069
model,423,0.1916104243832212,26.006490021714455,0.4226455049079504,0.49607813738408085,0.4863149724534559,0.59867984,23.300983,0.2653468,0.30563372,0.45186168,1379,0.4070694161815066,2.7055065927593773,0.15729870958743952,0.19044441364827153,0.0344532928994703
model,421,0.5766619905043014,23.56586114764906,0.4095895676358088,0.4604495784319365,0.4587869683331091,0.36313397,26.42509,0.4244968,0.51612735,0.54545176,101804,0.21352802358154144,2.8592296421458627,0.014907232071603937,0.05567776951423048,0.08666479195894411
model,424,0.36818750229283476,26.31506307491564,0.22441222797581895,0.23248306374233116,0.31774111112642267,0.33428624,25.671724,0.2252977,0.23285809,0.29209477,104686,0.03390125956936979,0.6433387554576306,0.0008854763632084595,0.0003750278504575377,0.025646344032764223
model,426,0.7819699469835613,21.566377259364707,0.3534511168459608,0.35744442231871765,0.22472399998129977,0.855834,18.255991,0.33403835,0.33785176,0.2351786,71017,0.07386406027962233,3.3103862773090427,0.019412769840116695,0.019592659547111202,0.010454604740723239
model,422,0.968656213853692,9.634135912952829,0.3990849360751759,0.40294041063447267,0.23543084913812048,0.97241265,10.355257,0.38947734,0.3976851,0.29418844,78183,0.003756431963110929,0.7211211213489293,0.009607593708003681,0.0052553000654724236,0.058757590707918333
model,428,0.5617750031160432,18.143732049259878,0.5046806770711095,0.5063754296977448,0.13524255073277158,0.60189754,18.60164,0.48617184,0.4875026,0.11828915,102077,0.040122534592239245,0.4579086520340674,0.018508835449710603,0.018872824974768165,0.01695340043512983
model,418,0.5598624671655207,21.150958829835655,0.19728350987067825,0.20304628276036865,0.2681722122433149,0.85204136,15.314283,0.20758916,0.2106899,0.21691096,399,0.2921788965506048,5.836675458863976,0.010305654505580603,0.007643619545234376,0.05126125395321479
model,429,0.9659412327179512,11.73807677994629,0.2673632791674139,0.27923039850638,0.38153656779728984,0.93709314,14.612816,0.25041947,0.2710377,0.38893855,135278,0.028848094023187998,2.8747390769873036,0.016943811479807114,0.008192700714326762,0.007401978383435259
model,425,0.9622375556551178,9.251696630084517,0.33399119284332573,0.34852571106253744,0.3998739229451102,0.9640703,8.061404,0.3266203,0.33938453,0.32232115,74551,0.0018327644742767157,1.1902924018740677,0.0073708822983580835,0.009141185048209433,0.07755277621850193
model,433,0.9634657940237881,13.13533055159553,0.30379702788685364,0.31262583715834474,0.359215965272547,0.90928966,14.92835,0.3106316,0.3218303,0.35969543,13915,0.05417613595417747,1.7930198970128686,0.006834575115694574,0.00920446531853819,0.0004794692977654891
model,427,0.2567162651682082,25.478650513118914,0.26509278075888887,0.26846563477985075,0.20511252989571083,0.31972533,25.776886,0.22954065,0.23410827,0.20473331,137398,0.0630090694761094,0.2982354732092105,0.035552134682686476,0.03435736556522062,0.0003792177657364615
model,432,0.9603980241959322,11.213125162722577,0.18652801762051946,0.2121301785684226,0.5436521565011827,0.9435291,11.115973,0.20686091,0.22173175,0.47151893,84365,0.01686889516761192,0.09715169012736169,0.020332897205873668,0.009601573588788714,0.07213322272814193
model,431,0.5802295580978253,24.414373743291723,0.19732723111953124,0.2026520518962293,0.2669833040408483,0.4168812,25.275162,0.21883665,0.22762202,0.2679944,117119,0.16334835444639706,0.8607879998723398,0.021509419132810986,0.024969965368136837,0.0010110997982630265
model,436,0.604168873721747,22.92484922841474,0.2901718801749046,0.3124612701267769,0.39488796453135705,0.5586218,23.580378,0.2578641,0.27516028,0.35782245,102066,0.04554704993405778,0.655528350320612,0.03230779235485148,0.03730098727651138,0.03706551651614404
model,437,0.940964183523906,12.469386707922133,0.2516207895911233,0.27163559569452006,0.46537053478623785,0.7690482,18.016954,0.2792818,0.32162344,0.51135635,106077,0.17191596956516575,5.547567714074937,0.027661005433748553,0.04998784886266988,0.04598581897352777
model,434,0.7438773909249198,22.518204954665027,0.3907231434945414,0.3944061212578922,0.24074379649101987,0.71406585,21.631275,0.4288585,0.4460244,0.38872296,95322,0.029811541143883402,0.8869297776630738,0.03813534530360008,0.05161826681698267,0.14797915968955264
model,438,0.8324743464560758,18.97336608959257,0.31018757665035696,0.31401348273622653,0.253790788314369,0.62897617,19.251526,0.35030138,0.35636353,0.26995966,46341,0.20349818020775423,0.2781597893136798,0.04011380827548533,0.04235005219114163,0.0161688700699541
model,430,0.966955578582496,11.21597877464238,0.2272255807470598,0.2532514920692656,0.47265881202309745,0.68625176,21.581131,0.30810326,0.42385277,0.87158567,47049,0.28070381905338226,10.365152206802932,0.0808776826310835,0.170601279451349,0.39892685511023385
model,435,0.021047647615272766,31.640964944977082,0.5759792323624301,0.5910869567606358,0.2282181242978517,0.07876922,27.292582,0.30663913,0.3197184,0.26566666,113633,0.05772157428662085,4.348383386749543,0.2693400974785495,0.27136856605743453,0.03744853934884629
model,443,0.6896609685008473,16.24401016594605,0.2733478223158476,0.29290814702634255,0.35473985845381717,0.791598,13.676237,0.25744924,0.26838863,0.26368243,16068,0.10193705348325299,2.5677730596228088,0.015898582823431207,0.024519518066686785,0.09105743343169193
model,442,0.4614121580785522,24.847023947451753,0.8450489961107263,0.8521258371134538,0.2801265893946502,0.8016627,19.986227,0.4438819,0.4502332,0.32970843,111315,0.3402505254083863,4.860796911929292,0.4011670969923028,0.40189264586169904,0.04958183779613046
model,441,0.5904244471704506,24.297462080329495,0.7648244566031446,0.7660259926271533,0.16370925010257587,0.6708246,23.49503,0.6468565,0.6485633,0.17294164,69920,0.08040014017467267,0.8024326308666048,0.11796796980581181,0.11746266722203247,0.009232389916840944
model,444,0.8810679197723447,18.54786573286484,0.2830939234965298,0.29159280889848993,0.35731389297232746,0.9706099,10.290705,0.2600145,0.27200693,0.41036358,104964,0.08954198356322662,8.257161005691987,0.023079419302270143,0.01958587997774408,0.053049691784523734
model,440,0.9815398793554442,7.033693086158877,0.277454536664186,0.28410645180846134,0.25794597039000194,0.969594,9.881126,0.25358987,0.2587054,0.25548974,39875,0.011945877585424647,2.847433317649717,0.023864668118653787,0.025401044427403596,0.002456233594576529
model,446,0.248341629450861,24.38044876463552,0.23793461793764786,0.24537736304920496,0.30842760061313124,0.35469022,23.876146,0.26085445,0.2810055,0.44404155,52960,0.10634859448140524,0.5043024481072003,0.022919834910786585,0.03562813869792639,0.1356139495463231
model,439,0.926202106022093,14.935358613433507,0.2665565626741615,0.28515168384700196,0.35159567447805334,0.89046806,17.426674,0.2705322,0.28827265,0.37918258,16037,0.03573404505178657,2.491315275726649,0.0039756281255516335,0.0031209652027569534,0.027586902655125367
model,447,0.9224000827731639,4.904181216333541,0.43191786668398924,0.4553074808009346,0.2914793130589819,0.86890393,5.2734604,0.48190168,0.49637008,0.25977257,22311,0.05349614781756695,0.369279171850053,0.04998380877873354,0.04106259633224413,0.03170674411786556
model,445,0.8552320299822743,19.98542095268891,0.22573076885001395,0.2342119744777471,0.3255278153694682,0.48900244,21.435978,0.25333387,0.2627498,0.35750073,57652,0.3662295935828145,1.450556983102107,0.027603097746207977,0.028537816667577598,0.031972916575569665
model,451,0.053991001065448276,13.746323456617795,0.2257156939360465,0.22968518981987215,0.23651649785245096,0.015325507,16.445606,0.23911263,0.24526525,0.23326856,1662,0.03866549391634797,2.6992827750716586,0.01339693655044183,0.015580055617749916,0.0032479388734165393
model,452,0.8037930328658257,16.010154587513206,0.23963740385757984,0.25499805655913466,0.4187580068732719,0.61277336,20.114727,0.22514631,0.23401982,0.37312427,90083,0.1910196740439568,4.104572432750466,0.014491095316281927,0.02097824063735121,0.04563373524203107
model,449,0.35119223888765055,20.78541307378047,0.2793256645463378,0.28171939389679557,0.1730511952596423,0.85199964,10.282875,0.33762363,0.34471473,0.24079955,35061,0.5008074015771322,10.502538012745315,0.058297961447390856,0.06299533708121652,0.06774835098211796
model,448,0.8782002072653924,18.698339121088175,0.375796780474387,0.3810168530179765,0.23936922712231248,0.66965634,21.440884,0.31923956,0.32258534,0.22870527,105304,0.20854387095786675,2.7425445153864345,0.05655722368498883,0.0584315087034013,0.010663955043798384
model,454,0.4142356706589193,24.378831996663436,0.3521512110638549,0.36064972563826997,0.2646690383770565,0.6619706,20.114,0.251009,0.25614774,0.26009503,33665,0.24773494472804358,4.264831676228866,0.10114222363709707,0.10450198336684663,0.004574008307705324
model,450,0.3814807183231352,20.39857238076138,0.2708038237745826,0.30744596570821037,0.4573008871483374,0.57321054,15.980522,0.30753973,0.33023635,0.41290957,16182,0.19172981911048909,4.418050224999661,0.03673590748953176,0.022790379821345907,0.04439131979222777
model,455,0.7847412658821908,15.029407008143501,0.24984850659280047,0.25841289602258793,0.34567206152055663,0.8647998,8.874828,0.32233503,0.32824504,0.2880843,102212,0.08005853165275179,6.154578669520454,0.07248652801604047,0.0698321477319897,0.05758776314828795
model,457,0.984423364675784,9.266467718441803,0.1787241572072368,0.1932001312585084,0.46547757340975077,0.97857314,8.012368,0.22568129,0.24334335,0.5032514,103700,0.0058502211935757,1.2540995162323298,0.046957132823242625,0.05014322201297597,0.037773800358102017
model,453,0.1652689757292458,27.537836884404438,0.28920317571952436,0.29368485025195357,0.1849717197975688,0.10011466,30.22186,0.39037156,0.39583242,0.17524615,70281,0.06515431725432361,2.684024001215679,0.10116838533089068,0.10214756914349321,0.009725570496039865
model,458,0.08231803263317315,30.67952531602734,0.7494888743290892,0.7539420469779164,0.20078545676841075,0.04867287,32.28031,0.80906403,0.81249875,0.17129473,48622,0.03364516283165185,1.6007862684453151,0.05957515631818866,0.05855670132454327,0.029490722886460374
model,456,0.43891086541654667,17.389841337792568,0.26955692347132876,0.2755991020674755,0.23489901263644541,0.36501986,19.7475,0.26429716,0.2701042,0.25007695,40612,0.0738910075330933,2.357658128149815,0.005259765945312522,0.0054949024195720675,0.015177936959959615
model,462,0.633773113794869,24.01179274410854,0.26836613667049963,0.2755790215838735,0.28931715312400397,0.65869087,22.659275,0.28444415,0.29000148,0.24691032,121868,0.02491775601332802,1.3525176891768993,0.016078016638368775,0.014422460187595632,0.04240683439174231
model,465,0.9277658521298027,9.63779726872189,0.32408250590792775,0.34665205801546806,0.4383740848055007,0.949273,8.3491955,0.2618289,0.30587384,0.5935135,24382,0.021507138096942935,1.2886017883752103,0.06225360652438283,0.04077821696818107,0.15513940396403053
model,461,0.8632137951972144,14.885352438387663,0.27288062165839233,0.2932124667555408,0.42516339816874615,0.7337999,20.56803,0.2604,0.2886654,0.5359168,83443,0.12941392041465216,5.68267696529886,0.012480624424047848,0.004547052899034454,0.11075340709858783
model,460,0.305711846351623,23.613501853109565,0.23646972549440998,0.2676790437711029,0.690478301186585,0.31947726,22.775103,0.21885704,0.2390014,0.54421633,58811,0.013765413761139433,0.8383992377531193,0.01761269045355457,0.02867765045292664,0.14626196636679134
model,467,0.8494845014713419,11.053340326612123,0.4159015651481716,0.4180375075292985,0.1685210959159119,0.84843093,12.07403,0.38128123,0.38418144,0.19278978,121344,0.001053569903196161,1.020689595873229,0.03462033827477379,0.03385606765274213,0.024268682197453262
model,468,0.6323143657752693,22.154779455827093,0.4195478607870686,0.42127819452368875,0.13713390526637012,0.31194627,20.057972,0.46503207,0.4673155,0.14357163,128366,0.3203680929252327,2.09680750148139,0.04548421008809922,0.04603730049050192,0.006437724853907284
model,466,0.21815006203506818,29.827465906632213,0.49926868264283714,0.5016880394369441,0.17667457277482942,0.19839948,29.703096,0.37819213,0.38099542,0.22007759,6267,0.01975057787750592,0.12436951686170516,0.12107655589189109,0.12069261683524424,0.043403016379414044
model,463,0.42173906135649586,24.405496087053052,0.24912177869816088,0.25754023646763924,0.3732197696629335,0.86973745,19.233873,0.23482433,0.24548665,0.39032185,83272,0.4479983849516401,5.171622719743482,0.014297449083521596,0.01205358957699898,0.017102081113738843
model,459,0.8494059438996004,17.643388079391492,0.23632812494009525,0.24487956838463742,0.3594162827732232,0.82274085,16.94025,0.23337804,0.24175075,0.34210002,130470,0.026665091066806257,0.7031376826629767,0.0029500871297696296,0.0031288214192290997,0.017316258549895547
model,470,0.344449064904019,28.25017229108373,0.3810889457048157,0.3883043465916352,0.31648675754970795,0.1910429,30.054562,0.48884574,0.49314195,0.2738882,3557,0.15340616481856978,1.8043893239065056,0.10775679008352962,0.10483760258515312,0.04259855702823884
model,464,0.9508839160455707,11.103410306881656,0.22360948913478176,0.23266683920051642,0.2825617258244968,0.9426444,10.715453,0.24870545,0.25611576,0.28264108,118179,0.008239498759651465,0.3879571589934727,0.025095957585341527,0.02344892517898492,7.935717759366412e-05
model,471,0.8725993281982062,11.737043981292445,0.37340871295202127,0.3763327450579842,0.18608703124424256,0.8353903,11.830295,0.34254083,0.3448896,0.17432255,78673,0.03720899883724427,0.09325062777737969,0.030867882578257233,0.031443134052201116,0.011764485715830691
model,474,0.7957211020741404,15.973272322267576,0.4198464635357246,0.4274078372558025,0.27494452435732075,0.9155832,15.432462,0.2557515,0.26055193,0.2894064,940,0.11986209122801417,0.5408105836811501,0.16409497294276804,0.16685590778192555,0.014461864640710864
model,472,0.2241536998852187,23.584353523244914,0.23155663864078968,0.2347950227218633,0.21988438192856752,0.25232223,20.028503,0.24326368,0.25040963,0.25297165,67036,0.02816852687755292,3.555850105276164,0.011707038121791191,0.01561461019935556,0.03308726724135436
model,473,0.226928969485676,25.73170567922374,0.5727264875930903,0.637086008594922,0.45466836195786636,0.59844345,18.507324,0.3182068,0.39481357,0.6019837,90314,0.3715144790578726,7.22438146047374,0.2545197004837153,0.2422724411949434,0.14731536406676132
model,469,0.6997703769296101,22.559874976899618,0.22684617645339364,0.2332143861208963,0.28185360070535215,0.5140788,25.174053,0.25718194,0.26548454,0.29700541,98349,0.1856915810197285,2.614178215239054,0.030335766009527504,0.0322701555336905,0.015151814257416407
model,477,0.49418540884975387,19.213614854072606,0.3914471178517538,0.39357802734092917,0.17369239100811065,0.49052718,20.457476,0.37951455,0.3818304,0.16833334,84492,0.0036582260322947646,1.2438608081588391,0.01193257264949854,0.011747633072893282,0.005359054297180782
model,478,0.2853043368400097,18.930974977686784,0.3903229038230482,0.3920652939480059,0.15718854500207577,0.45570648,20.047976,0.3654662,0.36740986,0.18089235,12666,0.17040214032521245,1.1170005624743489,0.024856696557194302,0.024655438820671283,0.023703803287413977
model,476,0.5148571881593494,15.91069312331176,0.24957473471427574,0.26065086304783885,0.4377940202045163,0.33617508,21.141315,0.23916873,0.25264388,0.43631202,113164,0.17868210404527474,5.230622336893319,0.010406001355892563,0.008006979819536852,0.0014820003795346093
model,475,0.167965896912058,20.972979402482938,0.21568012697957675,0.2239392990139242,0.26490586626269536,0.1662858,21.128765,0.294074,0.3030115,0.28033528,60928,0.0016800989584523363,0.15578570371823375,0.07839387194849332,0.07907220778195898,0.015429411056259112
model,479,0.9905035198505084,1.841395125847896,0.49245258756051213,0.5903532856158582,0.5251864031545403,0.98829424,2.354413,0.3601907,0.47650057,0.633335,105631,0.0022092760379474052,0.5130179066838423,0.1322618979967609,0.11385271484177983,0.10814859116156073
model,484,0.5321883150748943,16.129082790897158,0.38556239140605797,0.38852555221926327,0.19989418092009442,0.60125834,16.958212,0.4294457,0.4326774,0.2092386,139914,0.0690700224228169,0.829129107906553,0.04388332235241066,0.044151835971959874,0.009344422791033813
model,483,0.595272841048809,15.841625292206054,0.39088381565990876,0.39370397603786395,0.1635128895938614,0.4767871,16.993988,0.4260383,0.4275707,0.15325525,74622,0.11848575074729528,1.1523627449033214,0.03515447937068511,0.03386672460758283,0.010257635563633738
model,480,0.12709279368952495,25.155967818928517,0.21626739230691533,0.2293308388621479,0.4391185333626323,0.1844303,26.261986,0.19996451,0.2109612,0.34405375,6080,0.05733750749989766,1.1060179598800772,0.016302883892646836,0.018369646015849672,0.0950647880928569
model,482,0.2631012631000594,23.30233483517382,0.23756436132540185,0.27527197074602644,0.6400182484489696,0.1520367,24.452404,0.20982838,0.23539537,0.53203994,138859,0.1110645664276198,1.150069187042977,0.027735984555382315,0.03987659883211653,0.10797830809176134
model,481,0.9891474403791716,6.92540959722583,0.16863282368813287,0.1957628067387492,0.6244333089265522,0.9841253,10.221961,0.1778399,0.20346832,0.5767278,112172,0.005022124236135683,3.29655142419751,0.009207081335441958,0.007705516015157038,0.047705501404732176
model,485,0.6075190018948957,22.00211956042908,0.26088434378091013,0.2677535022986215,0.34051404649254735,0.5442518,23.89097,0.2776508,0.29399607,0.35163072,83547,0.06326720231146066,1.8888506696734595,0.016766459546650292,0.026242563556404752,0.011116671023398084
model,487,0.009275048094700597,23.58865077824544,0.19627438747922735,0.19824972251241782,0.16990040027252198,0.028795075,22.918543,0.21407782,0.21675098,0.19131288,9691,0.019520026576806286,0.6701079163069643,0.01780342793424769,0.01850125691110513,0.021412479051437366
model,489,0.6722300185620227,16.46678491684552,0.24419712802710272,0.25361147319854577,0.3871488924994877,0.8260569,14.227068,0.24131638,0.25510925,0.5063876,125136,0.15382687907820558,2.239716969457824,0.0028807499104950562,0.0014977773469559419,0.11923869886251182
model,486,0.9194872623600069,18.920777863681497,0.4101548744125332,0.4145741358238512,0.31033269112488066,0.91872776,17.807226,0.28880164,0.29349345,0.3012433,131164,0.0007595068134370608,1.1135516826512237,0.12135323414039267,0.12108068613589346,0.009089385918581827
model,491,0.6014525270348353,21.163098414092865,0.23068726855457464,0.2360558462447067,0.31811856230760754,0.6463978,18.433767,0.22445075,0.23514926,0.33046016,108996,0.04494530202095082,2.7293310953672787,0.006236516415483145,0.0009065819090743887,0.012341598663080322
model,488,0.45902969519367776,23.57880893227704,0.9088679348063651,0.911170313206594,0.12684969075742292,0.5932763,24.09589,0.72097486,0.72391874,0.20189045,28543,0.13424662669429221,0.5170811128889774,0.18789307223083407,0.18725157722560648,0.075040762938828
model,493,0.9829941292348913,7.287906892471852,0.19502520424211187,0.20626027595484217,0.4074971512672657,0.97677594,8.158229,0.21904571,0.23619747,0.42445773,101393,0.0062181850019505935,0.8703219817346906,0.02402050930178004,0.029937195663810173,0.01696057759549674
model,495,0.918967852364404,13.696240686598372,0.25955065905903696,0.2639508622760378,0.22639355962642949,0.8992788,10.887625,0.27677312,0.28129256,0.2487881,125106,0.019689032803399398,2.8086159459977864,0.01722246587420584,0.017341695440331817,0.022394543834836078
model,494,0.6654453307749945,17.342153302895312,0.49446569061146595,0.5030740269090955,0.27061868293597335,0.9644431,7.3163295,0.28776467,0.29492864,0.30807558,122704,0.29899775680282537,10.025823823677783,0.2067010221468053,0.20814538678191352,0.03745689408467179
model,497,0.8135767075635929,17.755478145989045,0.2465611388752125,0.24793899258244848,0.15458914116439249,0.900502,16.006483,0.24003118,0.24343659,0.21117835,36206,0.0869253185174923,1.7489950679861153,0.0065299561092518055,0.0045024027453741955,0.056589206303983675
model,496,0.6956876470385435,19.478076626471655,0.18574198222727567,0.21889940487682552,0.6843183950402433,0.46906823,21.150536,0.27265495,0.40545577,1.0028958,75960,0.22661941784008766,1.672458957024439,0.08691296839146823,0.1865563632315424,0.3185774370215243
model,490,0.9232055781289569,10.0767299823898,0.24869018679881327,0.2604364378762568,0.3280487048796831,0.7878926,13.793733,0.25734174,0.26478523,0.30030662,131652,0.13531299809660824,3.7170026607376414,0.008651555716750692,0.0043487922835027115,0.02774208666602951
model,492,0.23115277360456135,23.98221247977461,0.40173227510335424,0.4151069230846619,0.3277845192700971,0.20532067,23.252842,0.29176506,0.30648866,0.26212054,29005,0.025832102403809093,0.7293705303117193,0.10996721110227087,0.10861826012651676,0.0656639743596662
model,502,0.8616110194683921,11.899437128447381,0.4022459369416283,0.4044983118372731,0.16383087895601067,0.7996153,12.152144,0.37087217,0.37332782,0.17462762,77429,0.06199569592484355,0.25270730362048965,0.031373767208580816,0.03117049034412428,0.010796738045522836
model,498,0.7252998844944655,21.81099213768879,0.2710583007872044,0.2961301193592405,0.4358013629903381,0.48291755,24.859468,0.2694692,0.3057245,0.40265882,44081,0.24238233726851333,3.048476322394219,0.0015890992224155687,0.00959438225056175,0.0331425428380554
model,499,0.6655725539494922,19.759025815392306,0.2459366244765127,0.25088670138722896,0.2642607863849232,0.5534485,19.648323,0.26681364,0.27396747,0.2470171,66888,0.11212405570043826,0.11070275631027471,0.02087701134959813,0.023080773311791425,0.017243685931546404
model,500,0.7807092886942455,22.293987303435717,0.32140826865308286,0.32339630418928617,0.1562807170739541,0.36743867,25.060791,0.3160509,0.31791618,0.16680965,90965,0.413270614721162,2.766803712189283,0.0053573815452337414,0.005480119525513583,0.01052893120142126
model,505,0.21439321542132836,28.835581445624314,0.3652593701106275,0.3663870300747637,0.1312391313188879,0.3092958,27.611074,0.3988728,0.4002728,0.13831599,12097,0.09490258788715858,1.2245069979924779,0.0336134226101672,0.033885756542515355,0.007076859248319439
model,501,0.40868210302391245,25.095643284059527,0.24710012177486768,0.27213337809561555,0.45553057979303924,0.11254361,29.078642,0.26134795,0.28369623,0.4011888,61270,0.2961384903053303,3.9829986074199653,0.014247827729984619,0.011562856130611254,0.05434178899485198
model,506,0.5039797427107738,12.506277089549748,0.3195593181649621,0.3215353861718708,0.1598736940945241,0.57669336,12.65129,0.32000378,0.3225815,0.16992757,89472,0.07271361332636606,0.14501285033062317,0.0004444595774237836,0.0010461136431164086,0.010053873149051956
model,508,0.6202584975420141,20.932622115710412,0.19588259454950366,0.20738553644636706,0.41695774850552836,0.72394794,20.154459,0.20893359,0.21862468,0.4458563,95413,0.10368944471491337,0.7781631160766231,0.01305099729314771,0.011239144787992678,0.028898554471079918
model,504,0.33483928192896883,23.98722985868915,0.21434856230584742,0.22201701969598167,0.3199541538514667,0.36025137,25.309942,0.23134136,0.23905241,0.3311226,21114,0.025412085163163733,1.3227123867942474,0.016992799693664296,0.017035395198122333,0.011168453141254864
model,503,0.8201793895309225,8.977870410572272,0.22993711821715943,0.244635335655271,0.3657408416966847,0.83551836,7.239979,0.24240625,0.26068288,0.3919754,124891,0.015338970607016944,1.7378916202890693,0.012469130829166258,0.016047545223177473,0.026234561135346557
model,510,0.8062657617660876,21.18936396604209,0.2734683654311488,0.2790421351167463,0.28699395629338803,0.6937274,22.9943,0.3045525,0.31103653,0.26827884,17485,0.11253838768924429,1.8049368762430653,0.031084130048434966,0.03199439204008353,0.01871511908940854
model,513,0.974887138556165,7.307863394703709,0.32956777949079447,0.34897120204824195,0.33636005646955786,0.96642226,6.505414,0.3261024,0.35012406,0.34620205,136754,0.008464878748578375,0.8024493856094708,0.0034653737042801835,0.0011528590593935517,0.009841989209534552
model,514,0.10823026431163608,29.164081467038883,0.5668635053786584,0.5714369204311086,0.21564225191936512,0.04299533,28.241432,0.43329823,0.43676203,0.18029302,53545,0.06523493436535656,0.9226492770974772,0.13356527520745476,0.13467488553807272,0.035349228333091925
model,507,0.5102642495654568,20.272775819121566,0.5597687550611987,0.5617469536047637,0.15219512784318245,0.518526,19.97889,0.6216082,0.6240617,0.16482972,77221,0.008261768100406242,0.2938863537895351,0.06183944262785768,0.062314750077182124,0.01263458824320518
model,512,0.3908996986960844,26.323359111772103,0.6572376583410199,0.6588025880593393,0.13729939648771652,0.56460273,22.896826,0.51076835,0.5120907,0.147964,60254,0.17370303396230186,3.426533321366829,0.14646930440196348,0.1467119050759409,0.010664604214187773
model,511,0.6148558877728354,18.914037490101748,0.39488882704032285,0.41091032464826976,0.33667185661694027,0.8913892,12.079499,0.37830257,0.383051,0.26912144,3401,0.2765333033778299,6.834538245411807,0.01658625288260801,0.02785931666220104,0.06755041835209347
model,516,0.7723684714020942,21.891511529089374,0.29356608360472,0.3079477792076431,0.46849817320973497,0.6291179,23.407984,0.270446,0.28097823,0.38807705,53116,0.14325056530849678,1.516472250817852,0.023120081121352054,0.026969546585496496,0.08042112276227098
model,518,0.3143062931879915,26.391421794614153,0.3453262524010449,0.3467928392791936,0.15384360754738813,0.20740697,25.58758,0.291301,0.29386115,0.15171261,25525,0.10689932530964985,0.8038420674413018,0.05402524036186035,0.05293168853761643,0.0021309962297535456
model,517,0.225865138969157,21.776370322946473,0.21035736658630075,0.2205540413534355,0.3024370261701295,0.127303,26.036758,0.21456872,0.2284461,0.3563548,119683,0.09856213470432545,4.260388099905089,0.004211352681544406,0.007892054828433998,0.05391777667677905
model,515,0.8724155806445291,16.80081498933191,0.27799932325226817,0.33761559939509933,0.5158883130549035,0.71697736,22.600525,0.34604067,0.4576096,0.6331878,113601,0.15543822278014918,5.799709913011839,0.06804134285109487,0.11999399447315628,0.1172994577886024
model,509,0.9358952173644142,9.273634980080217,0.2757486029857864,0.2904865185508932,0.3734924243541472,0.9564389,9.109828,0.27242395,0.30015045,0.43811324,100996,0.020543681675808,0.1638069847799244,0.003324650167869536,0.00966393549344885,0.0646208180336244
model,519,0.9922075829045179,7.2073107695675915,0.20710712947202436,0.22482268777775669,0.4597661637576796,0.99078375,8.451201,0.22205076,0.24228019,0.4494483,74800,0.001423831893623162,1.243890669336217,0.01494362674402483,0.017457497444869047,0.010317876270649562
model,522,0.7635422538370455,13.384735585777214,0.25077312910462296,0.25414960344519927,0.23031845074112453,0.75980604,14.048605,0.25357798,0.25748354,0.23213936,88632,0.0037362168878878332,0.6638693794327466,0.0028048483142765757,0.003333938520285351,0.0018209131438013115
model,523,0.9149206411214998,19.200814249014304,0.38287147417365675,0.38557221808722214,0.19729445163098322,0.8724896,20.812439,0.36634177,0.36842424,0.19080688,37447,0.04243106955014975,1.6116247158294463,0.016529704478374763,0.01714798131277756,0.006487571037683354
model,524,0.3256714956907367,28.639078734026356,0.660931856135063,0.6664730014655764,0.2582699502705356,0.2899978,28.369846,0.58686805,0.5926722,0.26539946,43816,0.03567370940724368,0.2692323900322151,0.0740638084208296,0.07380077265240503,0.007129505753634302
model,521,0.36037362233063275,27.615460510489726,0.5033595339321997,0.5062903133517322,0.21359962839193,0.20115994,29.14764,0.46051162,0.46329418,0.20273778,69146,0.15921368316074902,1.5321797177817587,0.04284790911911984,0.042996135104280464,0.010861849966713327
model,520,0.8119551943535924,19.82546771438468,0.21908905557707795,0.22922960097509457,0.2799547633631579,0.6274624,23.354504,0.24172638,0.25170487,0.2714628,113879,0.1844928072686315,3.5290359172071177,0.02263732798977844,0.022475270679415932,0.00849196524456658
model,528,0.9911045712952586,2.5741368855007423,0.43197145837988055,0.4946847958070116,0.5143140936022405,0.99255604,1.8965497,0.511681,0.76698846,0.7937462,64552,0.0014514642233875996,0.6775871838100684,0.07970956187997663,0.2723036604422255,0.27943207977956497
model,526,0.5197587212491483,22.642369155986103,0.2379476681017964,0.2684361812625669,0.5306898736465091,0.22519776,25.94654,0.20812334,0.235612,0.4375678,76662,0.2945609589982481,3.3041716765334286,0.029824326899060505,0.03282417626722084,0.0931220733630771
model,525,0.07331718683317015,26.87902421063909,0.29469190229179754,0.3161314764735303,0.4291153134334557,0.097351626,24.46244,0.28402218,0.30884877,0.5081417,100272,0.024034438728544022,2.416583719916435,0.010669720065616506,0.007282708000858784,0.07902638301963877
model,529,0.444127274387436,27.052913282788534,0.3069673256738128,0.30888729371478196,0.17444211869725193,0.45041785,26.10022,0.33895403,0.34417996,0.21740223,4130,0.006290572053832932,0.9526935562260341,0.03198670579362495,0.03529266439030532,0.04296011597624813
model,527,0.9931718784874685,4.4816420530147525,0.24568152238059449,0.2855250005631189,0.6201541616215458,0.99415547,4.384458,0.25930282,0.3013697,0.58215326,34621,0.0009835880690806098,0.09718398798179351,0.013621302355046994,0.01584469629242613,0.03800090091369057
model,533,0.9728058628969016,10.928195535749644,0.3076885023252013,0.3143204798105226,0.32319444669372066,0.97416437,6.6567287,0.33006704,0.33978084,0.37641975,14776,0.0013585038252053039,4.271466791242808,0.022378536210870492,0.025460357486916996,0.053225306142506756
model,535,0.9827911058160504,9.90716894849389,0.1849142933783035,0.21046624751216447,0.7391042455375334,0.97036743,12.073354,0.18807729,0.22315034,0.7935803,51687,0.012423674175425448,2.1661848189011295,0.003162992507507345,0.012684095190701128,0.05447604811786211
model,532,0.8801273877340942,11.763842283432737,0.23130695444633434,0.2450687458720177,0.45247997648915816,0.8989567,8.576449,0.25781804,0.27081344,0.41956142,135707,0.01882932832654427,3.187392889206663,0.02651108878562977,0.025744689444068103,0.03291856057843734
model,531,0.6374873627025168,19.800337847346732,0.2728014806329661,0.27912613361989014,0.2966636495938526,0.6015729,21.649431,0.3594494,0.3744892,0.317012,37382,0.035914491494325906,1.8490933812909631,0.08664790596371358,0.09536305457438476,0.020348362410999687
model,530,0.6841299600851426,20.178510119607928,0.21048310378415525,0.22949186748472167,0.5238442689453131,0.82990533,18.61961,0.2094308,0.24673145,0.59679496,100772,0.14577537104965355,1.5589002868442563,0.0010523048959487635,0.017239577708569043,0.0729506939376825
model,534,0.34022819961508455,18.690884111771357,0.22130355947007388,0.23196295948635637,0.3375281786930799,0.2479822,28.440626,0.21846165,0.22998716,0.33792156,52567,0.09224599565466585,9.749742032637823,0.0028419118403360255,0.0019758001149803306,0.00039338111755854444
model,538,0.4227475052976075,26.292926350882265,0.4902056765945302,0.4929562970108354,0.22857651306207413,0.36633575,23.410688,0.60417295,0.6083877,0.20875104,107023,0.05641175567144785,2.8822379506137104,0.11396726842805283,0.11543141165310505,0.019825475345208593
model,541,0.7233851530210615,19.358304219074896,0.23494538846003804,0.2510503716556672,0.44117214647769026,0.5088033,21.498247,0.27294868,0.28468412,0.369901,129267,0.21458184501096023,2.13994292753155,0.03800329384815898,0.03363374995306695,0.0712711450242906
model,536,0.4108548909676143,25.875701257162778,0.5221700715193598,0.5307269704575882,0.2717430136822743,0.4918897,25.352304,0.38324153,0.39241588,0.3144274,37153,0.08103479442476547,0.5233967985446135,0.13892853728626653,0.13831108930066682,0.04268439191350509
model,540,0.6210560769001167,21.547609412000213,0.33637455340450295,0.3457318488429978,0.36725666769980875,0.84024227,14.098247,0.412862,0.4345449,0.42084295,110879,0.2191861897548516,7.449362837598358,0.0764874494450759,0.0888130422760055,0.053586277875905364
model,537,0.19469951199927404,28.373091651759268,0.9021152526401903,0.9024466342575488,0.07262553462276579,0.23385225,29.57408,0.7288262,0.729597,0.1049654,1655,0.039152740364884586,1.2009878617905372,0.17328902783626576,0.17284966179203365,0.03233986905326723
model,545,0.4544327155527512,22.489833043620074,0.20854662798501322,0.2508609977218937,0.5986805227296054,0.40796944,21.9051,0.22408827,0.29959115,0.75054085,2806,0.04646327056259314,0.5847331748456597,0.015541638506876732,0.04873015613819848,0.15186032981708653
model,546,0.3796094771077088,27.069562178980682,0.8168248379584894,0.81799196413665,0.11782891131078799,0.20663439,26.539753,0.9282647,0.92886984,0.075227804,79908,0.17297508973378456,0.529809218775604,0.11143983956607728,0.1108778793463212,0.0426011068288048
model,542,0.1052784672431367,30.745162820984046,0.5312893412185612,0.5323947210025286,0.12685734712445917,0.034575075,29.888807,0.70585346,0.7071043,0.11547966,80496,0.07070339233201915,0.856355524231116,0.17456412100067709,0.17470960429196603,0.011377684110047248
model,539,0.9156408838719022,6.890123104194849,0.27310892156125494,0.287841191171022,0.34491853717643695,0.92047703,8.371471,0.23864922,0.2550316,0.4254453,83835,0.004836148789535755,1.4813483008344477,0.03445970228673406,0.03280960547766265,0.08052675124328657
model,544,0.9638838050906091,5.838242949693921,0.33828518876429897,0.34638803505676097,0.26379974010366986,0.939248,4.6200237,0.27246633,0.27961096,0.26598975,31774,0.024635779673281233,1.2182192222769288,0.0658188570439468,0.06677707338111705,0.0021900105200331477
model,543,0.9165193052509154,9.984472676708563,0.2916761040077475,0.30110545801048766,0.28920485265767903,0.8334814,13.234088,0.280433,0.28704214,0.25779453,20174,0.08303793384817493,3.2496152673221985,0.011243104873683796,0.0140633170497943,0.031410323458078815
model,550,0.1615552848641359,28.243921100057207,0.310674235046301,0.3466516836585097,0.43233789752221113,0.24724793,26.48304,0.33372656,0.36532095,0.48030734,137915,0.08569264947729477,1.760881244100176,0.023052320062723064,0.018669267088026575,0.04796944309973711
model,549,0.9828315072648965,7.070092719101979,0.2975225111364719,0.3179707032069379,0.47208640089303233,0.8360564,17.863283,0.36408868,0.37812954,0.40307897,108487,0.14677509599856964,10.793190438246654,0.06656617318397795,0.06015883866699401,0.06900742759972789
model,552,0.7196213912565944,19.01323300964722,0.2962180821680957,0.31935095637756944,0.5206705573309401,0.7788192,18.200243,0.29903224,0.31870311,0.43272537,21143,0.05919781212017561,0.8129900134313992,0.0028141589379376275,0.0006478413911497616,0.08794518740067281
model,547,0.7849472697162155,15.319564921304554,0.27789735654104214,0.3002004147115587,0.41574065148678213,0.815775,15.545132,0.28129026,0.3031637,0.41173542,29620,0.030827707490968304,0.2255667620450552,0.0033929063965036366,0.0029632925447584113,0.004005236028102932
model,548,0.4915573939351546,22.95193978116326,0.24430286530457587,0.25590665352627917,0.40641833806843164,0.7266238,20.732729,0.22863391,0.23594843,0.4044834,50703,0.23506637963967453,2.2192108230333787,0.01566895488701911,0.019958225014659603,0.0019349303326070544
model,555,0.6692483682619144,21.745162424049763,0.2347723284842654,0.23917699515519353,0.22226212222990493,0.36652547,25.000937,0.33578712,0.34686038,0.26807517,90382,0.3027228970514346,3.255774084128948,0.10101478899696628,0.10768338382544307,0.04581304590287705
model,551,0.9601305590775908,3.955239073246453,0.2981142369726204,0.333320859801627,0.4729651609051913,0.98803884,6.116672,0.22070016,0.23958364,0.44861326,58438,0.02790827883210767,2.1614329657855293,0.07741407730369798,0.09373721851096234,0.024351904689142112
model,558,0.19582897881325195,28.5842571577261,0.4400296753439962,0.4416315422549232,0.1341526954641027,0.1699406,28.404053,0.545037,0.5469396,0.13961226,54633,0.025888373053631286,0.18020442335109976,0.1050072962250651,0.10530806918001334,0.005459562016518649
model,553,0.9189422593516527,11.585409732617407,0.2131438393749329,0.2297372800752114,0.5198359503565078,0.930598,14.218661,0.18666604,0.2013833,0.5146873,49832,0.011655761201936121,2.633251575671167,0.02647779776230777,0.028353987400193098,0.005148650628114204
model,559,0.9008632939321353,14.485224936651036,0.3112935346431368,0.31820690939636265,0.2891844338696867,0.6315362,20.097155,0.38572633,0.3903929,0.23717067,70060,0.2693271081907107,5.611929680658534,0.07443279802135294,0.07218599011688198,0.05201376741346414
model,557,0.8470472166448744,12.049760666050325,0.22581721841952332,0.24545019719247727,0.331757320115794,0.48853737,18.768845,0.23619995,0.25528818,0.31242603,102897,0.3585098454862745,6.719083938441862,0.010382726791887203,0.009837986496640166,0.019331289479960267
model,554,0.2721192236308821,23.80629229967832,0.21920397446779746,0.2483597038824916,0.44979321387205645,0.4122784,19.964928,0.22994068,0.25961086,0.41013217,9621,0.14015919014170092,3.841364626338475,0.010736708181814963,0.011251157657349103,0.03966104414854571
model,556,0.5860969192173189,25.145292044748146,0.6159472612225062,0.6170453972376857,0.13843633886182063,0.5745502,22.54313,0.4191703,0.42043617,0.15435867,104374,0.011546707787722932,2.602161170114357,0.1967769709908015,0.19660922356024124,0.01592233125365025
model,562,0.9641909670846148,9.521468836172872,0.2837928479704482,0.2906525221521148,0.3415163620384189,0.8300228,18.867785,0.30040523,0.30494532,0.28056476,46417,0.1341681551949664,9.346315663949198,0.016612386127986267,0.014292797738861163,0.060951606837079175
model,563,0.8594373153512983,16.79524800617903,0.30633945805704754,0.3109771674351564,0.28743802245250094,0.53584135,23.69682,0.28008547,0.28281537,0.20950103,103676,0.32359596956424996,6.901571299240892,0.026253983804346737,0.028161800451742713,0.07793699439158785
model,565,0.4990960953298635,22.088697949827356,0.2296803914909625,0.2313521741324379,0.17075496048901775,0.556569,21.1384,0.24153994,0.24434067,0.19871552,91888,0.05747288488711649,0.9502988256818483,0.011859548747036458,0.012988498956589517,0.027960562396304817
model,564,0.9384020416434787,16.720885435659447,0.28256583750542436,0.2885746420548463,0.2844082980025048,0.82662374,17.281738,0.2485447,0.26954558,0.40305954,104307,0.1117783038314365,0.5608528455905528,0.03402114451226029,0.019029057137777805,0.11865124417660289
model,567,0.34576561487370133,25.392581505419585,0.33428230517465474,0.36773889105012864,0.43739212436468305,0.36798972,24.716265,0.26536438,0.2838323,0.36910075,68192,0.02222410404033065,0.6763167806881398,0.06891792648393513,0.08390657941987961,0.06829137487203779
model,560,0.7653581116489521,20.816188102452944,0.41773275215267036,0.421843311690266,0.2587523872055446,0.92987037,15.045594,0.37743837,0.38207573,0.24619722,102016,0.16451225540121883,5.770593887059878,0.040294385739553906,0.03976758470433461,0.012555163542214531
model,568,0.3131786306286412,26.519370768227336,0.3846315172175674,0.3881781678961915,0.2131959542838129,0.15887499,26.643608,0.33000398,0.33297437,0.21469231,12639,0.154303642072733,0.12423732503438245,0.05462754039566797,0.05520379360191047,0.0014963552149740156
model,561,0.8954340517165603,13.363690329803084,0.21913420385649135,0.2265500857911985,0.295947010906181,0.7942748,17.296724,0.28271684,0.29130936,0.33616364,49983,0.10115924474024196,3.9330339896549233,0.06358263664910863,0.06475927089825462,0.04021662911609686
model,570,0.9578096148872564,10.07910961158165,0.3075534346381824,0.31657014694607816,0.3145119682903565,0.91865546,12.471125,0.35718575,0.36350662,0.2668871,70656,0.03915415977479908,2.3920150374662015,0.04963231656153988,0.046936468215817595,0.04762486973955998
model,572,0.9328826912208453,17.05431667175901,0.49998375952154434,0.5041323382477892,0.2817845932832772,0.7686641,21.870243,0.43748,0.44281736,0.27633426,79970,0.1642185695930377,4.8159264007507545,0.06250375687986648,0.06131497808505426,0.0054503373495156104
model,569,0.11581405067715353,24.32268636931289,0.2231691059893298,0.23361306103151946,0.36522984020484917,0.24419552,24.24337,0.2576526,0.27031475,0.35851282,100153,0.1283814702006846,0.07931631316054677,0.03448350455106022,0.036701692024053045,0.006717021391525191
model,573,0.7426518988625548,16.348104422616892,0.31576036597088963,0.32868732213090174,0.32815650237465455,0.44586882,22.929441,0.31668133,0.33990926,0.3637202,83530,0.2967830789105437,6.581337029409475,0.000920959464748794,0.011221933373706416,0.03556370603179382
model,566,0.9877960143925268,7.215528071561337,0.23421745732517707,0.2449588686209056,0.40531883847810174,0.99202263,5.4880505,0.25867078,0.2673578,0.37014934,129660,0.004226619160024425,1.7274776107459076,0.024453319757266168,0.022398927809682168,0.035169494272245416
model,574,0.9884653993503679,6.949976672406855,0.21755090613432493,0.24549849960585865,0.6759281142682525,0.99352896,5.4803944,0.19955805,0.24271014,0.7340186,50999,0.005063562784947018,1.4695823090035347,0.017992856693941017,0.0027883562781456372,0.05809050956063544
model,571,0.3327110060209671,24.163406713250538,0.2674310751500178,0.27264416208016246,0.24476241723365294,0.43275505,23.107105,0.25684872,0.26370314,0.27922386,123777,0.10004404702239839,1.0563014581235848,0.010582352453713473,0.008941024443977763,0.034461442076497206
model,577,0.3847836191825175,22.821314945602683,0.21602838999978907,0.22571018182101088,0.32574349303554667,0.8555595,12.950553,0.2405056,0.25330868,0.34123018,69269,0.4707759086914754,9.870762005234031,0.024477215936261343,0.02759850181279344,0.015486690804251302
model,578,0.16188696077700057,27.149931128830232,0.7306157162585122,0.7348921271163507,0.21514366001268656,0.25485057,27.649908,0.45685756,0.46346062,0.21556951,108908,0.09296360561017594,0.49997693696566614,0.27375815419338767,0.2714315028983636,0.0004258510432597895
model,575,0.3975417992741585,25.47054816599925,0.19250480465336345,0.20240912100219835,0.40100907186492213,0.62766373,21.978476,0.20862669,0.22099835,0.48816904,125945,0.2301219323008537,3.49207259532054,0.016121882873339433,0.01858922580337416,0.0871599723912882
model,580,0.7752116366357336,20.660297022198236,0.2428662397426999,0.24882523304275533,0.29592219424553257,0.63105476,24.87715,0.29275542,0.2964441,0.26472098,98508,0.14415687761015983,4.216852559710944,0.049889185233648964,0.04761885517784098,0.031201217892840916
model,584,0.9786822726604533,10.108644951052867,0.26868487586355283,0.2745694393893414,0.27236626889896226,0.95122933,10.09479,0.29022178,0.29607192,0.26129594,40824,0.02745293878288979,0.013854492373667426,0.02153690467500613,0.021502477429277356,0.011070324446676494
model,576,0.12050594958627961,24.497646241990974,0.21281753224421843,0.24212386865556862,0.4822772466349281,0.17537346,23.672255,0.27379435,0.31168753,0.5252819,27314,0.054867515236489556,0.8253916796130447,0.06097682076405184,0.06956366043149803,0.043004659493001585
model,583,0.30536376048223146,28.148433534698114,0.6733493190376947,0.6742227097342668,0.11808168681659997,0.26744822,29.145437,0.534603,0.5358465,0.11039409,113742,0.037915543805519425,0.9970037059024719,0.13874631935049986,0.13837623794776777,0.007687596402552732
model,579,0.9044082798054448,9.949799463015616,0.28431885580803584,0.2943783120811588,0.4001699837471831,0.8427517,12.5081,0.26804525,0.2852381,0.436076,139818,0.06165659800078782,2.5583000929536226,0.016273609206931106,0.009140224903882166,0.03590600168448804
model,581,0.7999048410924382,20.106299018628558,0.31739623468915984,0.3188630101433838,0.17240571886196332,0.78773725,19.940672,0.39074472,0.39235625,0.18346275,59867,0.012167590764374236,0.16562709785219099,0.07334848123987153,0.0734932365664398,0.011057035029981566
model,586,0.8198292215417066,19.962405188502945,0.3466490828268507,0.35911710876782715,0.35908680567603296,0.9363359,11.504751,0.27798116,0.29334202,0.35795787,78969,0.11650669974583006,8.45765398305861,0.06866792075562267,0.06577508467992127,0.0011289359078902605
model,589,0.9486645344354329,12.171861038299149,0.22684361455651275,0.24645709415288572,0.48897250010041377,0.90631706,14.551181,0.25665516,0.28955525,0.47952405,2797,0.042347479210060546,2.3793198012394257,0.02981154205588349,0.043098157445472435,0.009448453917781319
model,588,0.36532947755715905,27.503090914528837,0.4715135852097805,0.4803250785789693,0.3447833717547111,0.47696835,25.903982,0.5846743,0.59656215,0.34771103,111405,0.11163887046911658,1.599108752053251,0.11316071355349466,0.11623706856153365,0.0029276549138375074
model,582,0.9182627047235591,12.740883732202867,0.20441610827399836,0.23511500110407713,0.664019416359638,0.9533724,9.861614,0.23027451,0.25247434,0.56449246,107960,0.03510971415690356,2.8792695049079455,0.02585840508983983,0.017359336712161277,0.09952695229408626
model,585,0.48583298665251,22.84099655774259,0.3369237838999414,0.34281462750706654,0.20409345690008462,0.41190627,22.834793,0.32805955,0.33040127,0.16550323,134630,0.07392671447958216,0.006203466922276135,0.008864229799904755,0.012413355925416758,0.03859022322889627
model,591,0.11052690595181115,26.388303485280403,0.2908143305721797,0.29744509425276633,0.30516787284481284,0.33455402,22.401274,0.2727487,0.27979276,0.3171873,91207,0.22402711063830727,3.987029757863411,0.018065621847204116,0.017652338410557467,0.012019436420323881
model,592,0.6676654546660259,12.775003288939523,0.32508997588374944,0.3300806785735576,0.24893684344687175,0.7346471,12.456335,0.31691405,0.32659796,0.26441398,9929,0.06698164053737377,0.3186682211904994,0.008175924112585498,0.0034827197703807267,0.015477139182904248
model,590,0.24590668298858886,29.37994035499514,0.6869800046607567,0.6906346477343585,0.19065154530392814,0.32539976,26.988537,0.77491575,0.77859867,0.21702033,83146,0.07949307344299072,2.3914035202783417,0.08793575013431776,0.08796401845674262,0.0263687875093348
model,587,0.6460257773808301,20.326170738238904,0.3360796110629148,0.3390554154504966,0.2174277944570994,0.8009974,13.38691,0.33836082,0.3412181,0.18231064,68142,0.15497159906112545,6.939260299701306,0.002281205177395884,0.002162698448734346,0.03511715364517923
model,593,0.8765867031620191,18.207698382358124,0.2848846285986802,0.29562334922096634,0.3522741214612228,0.6582459,23.619196,0.2640903,0.2720891,0.2966313,87728,0.2183407820270704,5.411497555752227,0.020794328992356947,0.02353425529739761,0.05564281505138696
model,597,0.7963497655671209,20.21877396975281,0.33400946171823787,0.33625731352585264,0.1996849779041191,0.7024166,22.61972,0.5739068,0.5819679,0.261467,89595,0.09393316677027641,2.400946489231565,0.23989731757100774,0.24571057673675112,0.06178203187867204
model,594,0.2552119592124436,28.395073039899405,0.8589890953576986,0.8602161752384433,0.10375026760979233,0.32047957,28.294926,0.63296336,0.63457644,0.1587935,12919,0.06526761260686181,0.10014735020213905,0.22602573600177212,0.22563973538096038,0.055043226495546715
model,596,0.8195266434898169,18.5084044627695,0.43074616725919695,0.43777268496215777,0.284240670585692,0.8334441,17.898413,0.39724222,0.40248412,0.28895807,37943,0.013917475009939007,0.609991758301728,0.03350394900320025,0.03528856602371172,0.004717402076661492
model,595,0.9569790460465527,11.331712538194786,0.3485597597102396,0.3542002012745897,0.32835791344434206,0.8896298,19.973223,0.3568901,0.36138672,0.2740659,130288,0.0673492648003674,8.64151019434916,0.008330352451396739,0.007186515091224532,0.05429200167447512
model,599,0.8064792927746012,16.130426155277988,0.23491626625898324,0.23844324403868822,0.22838698681673603,0.8969147,14.729623,0.26725742,0.27222648,0.24398555,35838,0.09043542776067715,1.40080331439664,0.032341155949802775,0.03378323859108778,0.015598561798719601
model,601,0.13149676801476312,23.97575400669595,0.2648791596680385,0.27304828226847305,0.253577615857421,0.1463244,24.497746,0.29790226,0.32059744,0.3295305,30470,0.01482762811865973,0.5219915072200649,0.03302309658234298,0.0475491577358757,0.0759528914687051
model,603,0.23497143412807284,25.46571895262105,0.3375352634920185,0.3454206963210434,0.2508119556600545,0.30424413,21.371769,0.3089149,0.31567028,0.22173005,115410,0.06927269672176542,4.093950001205034,0.028620363665968707,0.02975041467240752,0.02908190223521928
model,602,0.9039694559750443,15.844840245938371,0.21605796990800802,0.24323249446064985,0.5934239073651522,0.9592805,12.925335,0.22379889,0.24815561,0.546064,27360,0.05531103490019984,2.9195053155184496,0.007740916033497414,0.004923114312581661,0.047359888161966124
model,598,0.35301236982296486,19.02592182329186,0.21668070273335516,0.2279929434030471,0.3276874881856315,0.2892659,20.376766,0.24822108,0.2643944,0.3343902,123810,0.06374646897266883,1.3508443815421245,0.031540381742162116,0.036401459100920186,0.006702705038321766
model,607,0.1885419849849394,19.94905431607974,0.30533308536613685,0.307125851427216,0.17286209321072282,0.2617722,22.352373,0.28599292,0.28818053,0.19848569,121745,0.07323020057910173,2.4033188070892066,0.01934016496742469,0.018945321355957445,0.025623594164345842
model,600,0.7717219232741452,16.12967652174362,0.22845563602424643,0.23602307652008495,0.39632698564545527,0.68587065,16.724934,0.2235358,0.23076867,0.31767005,77590,0.08585127584372532,0.5952571025239592,0.004919830083618376,0.005254410848736374,0.07865693836228266
model,606,0.6401658847196195,13.277988015034452,0.24448164158599878,0.24718934761683667,0.16732947437945797,0.6605614,11.977976,0.25165686,0.25589105,0.20482118,100812,0.02039549805091878,1.3000121696975384,0.007175218527145144,0.008701707251861451,0.037491709898076514
model,604,0.8250483508725958,13.210556291235548,0.3299337013559066,0.3344121649720108,0.23871383794829298,0.7971967,15.311357,0.30972338,0.31354976,0.20261912,128538,0.027851664604742976,2.100800253259081,0.020210324128123403,0.020862407968226637,0.03609471746966292
model,609,0.017674085635042233,27.3479354554371,0.33206855048313794,0.33365902272401976,0.12454716280983769,0.0067370525,29.635548,0.30677193,0.30984873,0.17768624,113420,0.01093703317204718,2.287612182502354,0.02529661645069775,0.02381029692827391,0.053139081439506186
model,605,0.015185191020223084,31.60879129109344,0.3831706611709113,0.40618096767859335,0.308853086696825,0.062754646,27.072792,0.45650977,0.48401707,0.3588983,50502,0.047569454923418575,4.535999237870783,0.0733391077919488,0.07783610642953043,0.05004522515658383
model,612,0.9781428307571941,12.116989352084566,0.270110449972987,0.27944399252721447,0.37194243591748954,0.94115186,14.36936,0.23768744,0.24619175,0.34416538,19167,0.03699097338109547,2.2523706180082073,0.03242301124656183,0.03325223759004253,0.027777051148049847
model,611,0.7359844661570357,19.152760557460883,0.25978474222349535,0.2670847263549198,0.3166348694261806,0.75914407,19.163265,0.27024958,0.27579156,0.2775482,127102,0.023159601607246505,0.010504670810600913,0.010464833153015274,0.008706829288161855,0.039086675494600986
model,608,0.9535239417077372,8.459976250899821,0.22275626165488954,0.2442995280157764,0.40086269783109907,0.95601225,11.907859,0.19964951,0.2385509,0.57430327,90430,0.002488307285182678,3.4478825976719563,0.023106748887097794,0.005748626602812529,0.17344057155519244
model,613,0.36703060574741464,27.208790783704185,0.7374755079239974,0.7388978115013208,0.14241246536079963,0.428266,26.549637,0.7042726,0.7059732,0.1516048,55245,0.06123538307933707,0.6591539428838722,0.03320288009349204,0.03292460355072879,0.009192336055597466
model,616,0.5911322884867868,17.941788630268526,0.4355477472561215,0.43901463370355853,0.18371212204702736,0.4757294,25.9048,0.27964148,0.281631,0.149555,70463,0.11540288260681242,7.963011784770536,0.15590626800235258,0.15738364081415424,0.03415712436445595
model,610,0.5479749741928096,21.679568468830613,0.3229262476321426,0.3446171953239035,0.30273243179858467,0.41429013,21.78199,0.26912236,0.28383508,0.30641672,97861,0.1336848440544124,0.10242158243891808,0.053803885495301795,0.06078211207767242,0.0036842883533165782
model,615,0.8358914099385166,6.891205373092134,0.3516190336017618,0.359427106792347,0.23255492393852054,0.7796087,8.582299,0.31954214,0.32732004,0.27324918,125492,0.056282683437051784,1.6910938593907758,0.03207689383316131,0.03210706752003867,0.04069425518631162
model,619,0.288737417332906,23.58371923419765,0.223274279312485,0.2667405200030951,0.6196314649388772,0.3673673,23.782982,0.242593,0.3091599,0.71257186,111402,0.07862988007805899,0.1992626383609455,0.019318725987083174,0.04241938471530393,0.09294039442086399
model,620,0.6624822348489458,22.87421600760318,0.23649080326034227,0.24540081818896425,0.4089291123617038,0.8497569,19.334507,0.19922595,0.22343221,0.47987142,11879,0.18727466164687334,3.5397090190777902,0.03726485599948565,0.02196860512095583,0.0709423096906796
model,621,0.6457013905695452,18.83877897666661,0.3623148934003385,0.3656518626069326,0.21583540159729084,0.56735057,21.497921,0.4731077,0.47618183,0.20162503,84596,0.07835082418236872,2.659142013323624,0.1107928021791903,0.11052997232920936,0.014210367384224737
model,617,0.06403147039722813,27.869979844772395,0.42816077644173656,0.4323167212972532,0.17481725486543592,0.062054276,31.767565,0.57117265,0.5760272,0.17619276,78246,0.0019771939308585035,3.8975849287871753,0.1430118781870171,0.14371049322987695,0.0013755056020933742
model,614,0.9728936581530473,4.945743088164072,0.30210023526182467,0.33588476962520464,0.45037450979286475,0.97351927,4.7573614,0.31469178,0.34727067,0.37109524,48338,0.0006256074986555893,0.18838167611573198,0.012591546735855996,0.01138589792774336,0.07927926967674537
model,622,0.44699415268200143,25.8299865915659,0.2654124031714101,0.26650546093373184,0.140734218344929,0.46995777,24.662842,0.3164217,0.3183237,0.16049322,68689,0.022963616235082307,1.1671447946908984,0.0510092844315867,0.05181824068637009,0.019759006514308675
model,618,0.09794910129446095,29.89893135968654,0.9095951658057303,0.909968475165741,0.06477206129310395,0.05178229,30.338377,0.93121284,0.9315458,0.046954427,2696,0.04616680991190976,0.4394456392148278,0.021617676658716722,0.021577318844421378,0.017817634378650443
model,626,0.2840616238414941,22.589994744423034,0.23204779139669945,0.2372882913008684,0.2901827328742159,0.36496246,23.868633,0.27883738,0.28412932,0.27350235,39402,0.08090083476904059,1.2786385258406376,0.04678959139672706,0.0468410302742964,0.016680383020700296
model,625,0.11054797523754462,28.718374744240965,0.4808238583667709,0.4859859695943365,0.2442635487609237,0.04066832,29.331545,0.56394607,0.56808996,0.18306577,25060,0.06987965532677992,0.6131701318576681,0.08312220992012487,0.08210399241127875,0.06119777670434412
model,623,0.302480691940051,26.070863113004357,0.3566368964320526,0.3654893443775303,0.33136658479869485,0.30118528,22.472153,0.26837012,0.27313685,0.24924564,46126,0.0012954118554410199,3.5987104030434196,0.0882667747145996,0.09235249020577735,0.0821209411829722
model,628,0.30054914326372456,28.072684657558334,0.26498190372310065,0.268917669132116,0.22527985450187407,0.21893464,25.505432,0.2872557,0.3031009,0.3264603,75973,0.0816145029753716,2.5672525286520838,0.02227380067982293,0.034183244630930254,0.10118044737419404
model,624,0.08200547925028816,24.938866282341902,0.6129282589001421,0.6336955784488261,0.30181983171605875,0.07225859,27.3179,0.3942051,0.42144302,0.39558935,107742,0.009746887598371654,2.3790334216375904,0.21872316551635307,0.2122525631118357,0.09376951993799398
model,629,0.951655979397997,13.615165728666675,0.21390403376041853,0.26971110282075733,0.8168905798896292,0.9739017,11.372887,0.22634445,0.2731191,0.83081764,53509,0.022245709654584833,2.242279070951831,0.0124404175478319,0.003407989166852532,0.013927059938099062
model,627,0.1980800249203539,24.684587956864824,0.21207493476786826,0.2184817873371954,0.2967075385093203,0.19365644,23.961311,0.20566729,0.21187723,0.28184748,61296,0.004423580370793351,0.7232766165327931,0.006407647656585913,0.006604560507666585,0.014860061550091785
model,632,0.6529318966388733,22.300556570384007,0.4472137130571568,0.4483623988397865,0.14607944664235925,0.86698025,19.450756,0.41552997,0.41746053,0.16887243,103645,0.21404835801124267,2.84980049738596,0.031683746702786675,0.03090186784346388,0.02279298427824164
model,630,0.6068434487801497,23.08082893117211,0.24567256670322657,0.2548648918335981,0.2877614179941282,0.6010825,22.482584,0.23166527,0.24494222,0.34047782,39250,0.005760944984525951,0.5982449315383214,0.014007298162844184,0.009922673768336276,0.05271640621699242
model,631,0.7486205651153545,20.43536416127729,0.19230434891385556,0.20484372351258323,0.41856728065702065,0.7535858,20.614689,0.19494088,0.20822044,0.40048322,25624,0.004965250314333036,0.17932471201372735,0.0026365310271310727,0.003376713656491781,0.018084059841362077
model,633,0.8774976224312382,17.358822196878478,0.27637621192748013,0.2947383617274928,0.5389383264267305,0.8654767,16.102531,0.26276374,0.28100514,0.43802258,128371,0.01202089494558145,1.2562907637730092,0.013612473295277983,0.013733217608230097,0.10091574270366221
model,637,0.8821817289021409,14.601294755124293,0.21869004341520748,0.2384415150666347,0.39873653462879566,0.96857846,9.450259,0.24510393,0.28640524,0.52477336,101233,0.08639672893019557,5.151035546445094,0.026413882051329995,0.04796372046231123,0.1260368246699104
model,638,0.8444508371301677,16.51524009620168,0.20219764230915388,0.20962303897789408,0.34627525979031437,0.5628802,20.709646,0.21782602,0.22205868,0.30619943,3963,0.28157061910114545,4.194406128773906,0.01562838138869921,0.012435644655910238,0.04007582837094181
model,639,0.18194106427083084,22.710710791094314,0.2768778888594366,0.2862084593841235,0.308225793601592,0.15930204,22.646526,0.23189345,0.24530265,0.2915048,53892,0.02263902333626816,0.06418445442439236,0.04498443883769282,0.040905812031904853,0.016720993281920393
model,634,0.9771649880352379,4.532557729278587,0.24346086475771103,0.2638618390013243,0.34401155943622,0.9855545,4.388352,0.26869288,0.29079586,0.4193577,2650,0.008389528280222325,0.14420581201174087,0.02523201611120071,0.02693402367338882,0.07534612779865851
model,636,0.4711450245498544,22.166782941144564,0.2295884123751589,0.2364209296060222,0.30898856717886913,0.86187357,10.900923,0.25419953,0.26405042,0.31313014,31437,0.3907285425544852,11.26586016587601,0.024611122279458414,0.0276294944929463,0.004141573125696296
model,635,0.07998614461078597,18.180835971706166,0.23521926085160516,0.23784299808571085,0.1950388099319059,0.12343894,17.995314,0.25462866,0.2616309,0.21330401,137164,0.04345279484138535,0.1855223272969866,0.019409397443072574,0.02378789466789022,0.01826520308193383
model,640,0.3209706452530099,29.147333925774955,0.4017938306796257,0.40377659925226944,0.19416469597379837,0.14187954,30.089148,0.3123196,0.31520227,0.21212779,117653,0.17909110159093866,0.9418136419740684,0.08947422413703843,0.08857433327440994,0.017963093881204983
model,641,0.9180756813653305,16.290252568347057,0.26630034174124034,0.2699946469702844,0.2458064083363771,0.93264836,16.124361,0.2681512,0.2715137,0.23229906,131891,0.014572679363887064,0.16589153013904934,0.0018508521159526503,0.001519053514945079,0.01350734870693679
model,643,0.9147867168876154,14.574889336483153,0.24620347939293294,0.25349924050148354,0.3602972093326883,0.86029714,16.484114,0.29549626,0.30289778,0.339715,53915,0.0544895734282953,1.9092243567541516,0.04929277576644511,0.0493985406321682,0.020582205365403117
model,646,0.5136856408845015,26.285640051982135,0.3531611695701862,0.35866503163111196,0.27458353276242353,0.5628404,24.344662,0.3569491,0.36199102,0.24322933,988,0.04915476124181073,1.9409783393356506,0.0037879213874554285,0.0033259864257575433,0.03135420317639448
model,645,0.34900490502038717,26.458198489028074,0.8535645903971038,0.8580608320237006,0.26756174652854725,0.5905001,23.315342,0.7941955,0.8007459,0.26402217,44613,0.24149521132787943,3.1428565395651837,0.059369117202981436,0.057314927578052455,0.00353957503120228
model,642,0.1064796731705531,26.66209177229227,0.2348187262608841,0.26580431374245833,0.36730614506958265,0.64984494,21.96659,0.22937779,0.2668561,0.3946374,12908,0.5433652713065282,4.695500890944615,0.005440934975369266,0.0010517903930549743,0.027331260802762325
model,649,0.8684017557751027,19.088720452355698,0.30756977787774764,0.314296119784435,0.28400698506166816,0.79918003,19.814804,0.3575659,0.36507872,0.27241305,24962,0.0692217249523488,0.7260836247927394,0.04999613174635209,0.050782597685734066,0.011593939893745187
model,644,0.21554721404570132,25.789211030947314,0.5935973134166401,0.5952428683461711,0.15175797013283887,0.17102456,24.165997,0.5994839,0.6005712,0.124235734,73861,0.04452265311735659,1.623214479433642,0.005886593806107676,0.005328346806569351,0.027522235789310123
model,652,0.36619704826561056,23.931940069282124,0.2014438497689363,0.21214029972763757,0.32998414881614196,0.17427784,25.842402,0.21001062,0.22250748,0.3726597,114589,0.19191920622078024,1.9104614352344775,0.008566768202483976,0.01036717707900306,0.042675564213719486
model,653,0.815129656814507,17.479370448210197,0.26080789266631677,0.2686462722017969,0.32241477021789994,0.7473209,18.637589,0.2889062,0.2992221,0.37170115,58694,0.06780876638787126,1.1582180527663652,0.028098294152759773,0.030575839500168456,0.04928638091468368
model,647,0.9404950741639415,9.404922888101133,0.2791735420184263,0.2879164428187186,0.32546119986686517,0.94953763,11.079328,0.23485743,0.24263023,0.24975216,110286,0.009042560685606826,1.6744046952118552,0.044316116924775495,0.04528621441848818,0.07570903597984124
model,648,0.17313727635244558,24.03423529851132,0.1982998456123953,0.20393722103416395,0.2864705006972707,0.182499,23.083523,0.21311751,0.21978803,0.26806578,45176,0.009361730038126015,0.9507125018804601,0.014817664467942221,0.01585080875576067,0.018404720296040844
model,650,0.8780792884085713,11.290439722042635,0.2402898967618532,0.24928105218050983,0.2980628358119684,0.8602925,16.143923,0.19769433,0.2019675,0.26977336,98676,0.017786794111543713,4.853483083743498,0.0425955653543062,0.047313559480886724,0.02828947174489077
model,657,0.716302073133012,19.791565822262584,0.19945147817361297,0.2068412764697618,0.36822174520463313,0.78544974,19.110508,0.2503496,0.264695,0.40212587,18919,0.06914767013786205,0.681057857174693,0.05089813287031708,0.05785371225780778,0.03390412001639043
model,658,0.5652769767361312,21.992102624435223,0.7222634839221382,0.7309150715405909,0.27892816938454035,0.61314756,20.604382,0.54873514,0.55470836,0.27629018,90950,0.0478705800456376,1.3877210631559258,0.17352834216798785,0.1762067099149195,0.0026379910855901523
model,651,0.35327223759431925,24.551923888843206,0.227210802214575,0.25061620625017966,0.42436947097142713,0.27085182,25.037786,0.29450196,0.32795072,0.48865393,34672,0.08242041688699808,0.4858625949214428,0.06729115806298239,0.0773345097684971,0.064284457070031
model,659,0.19743706293218585,26.238408367597444,0.7076031451243268,0.7107715713067346,0.18327801546058617,0.17349294,25.114897,0.7663895,0.7693599,0.16830127,45949,0.023944124652080262,1.1235115933054516,0.0587863440495624,0.05858831533953612,0.014976746048545458
model,655,0.9489218839185405,8.439350780592441,0.2574149763696374,0.2632199604065903,0.28086723007123787,0.92100173,7.612123,0.27558297,0.28205022,0.27791792,1302,0.027920151569144736,0.8272277680497169,0.01816799281905279,0.018830261751841715,0.0029493085281165343
model,654,0.39702946318590066,26.136960558562972,0.29723112780157834,0.3090066905412436,0.3428935904286374,0.6587219,22.447256,0.29350454,0.30304283,0.35430518,32067,0.26169246064222434,3.689704470306136,0.003726591649692357,0.005963861504530932,0.011411587498379838
model,660,0.2777931192701589,24.560063694553524,0.6563782855206088,0.657759414811152,0.13316104575552878,0.6613964,24.007174,0.53431284,0.5361736,0.1349038,19061,0.3836032649690379,0.5528901563455157,0.12206544124418062,0.1215858327341256,0.0017427577122217652
model,656,0.8381362176022878,10.99382739230986,0.47338735009216837,0.4875408729311247,0.26541116002832105,0.8053286,11.973825,0.36332873,0.36690575,0.19399132,911,0.032807610043083746,0.9799980624020534,0.11005862499260477,0.12063512408697796,0.07141984168325116
model,662,0.9844293616467699,9.693576063567647,0.1988455304981874,0.21390090712575277,0.4640251693737641,0.9727905,8.580047,0.18281254,0.19683442,0.42691994,16536,0.011638881986735683,1.1135294098200887,0.016032988774936058,0.017066491928380334,0.03710523223997503
model,661,0.9410438923010932,13.585254820585796,0.2814862627001692,0.29439614244898543,0.412593739490638,0.9350634,14.210244,0.29717025,0.30693743,0.35884506,30409,0.005980470574866392,0.624989358186177,0.01568398890772571,0.012541283879673626,0.05374868438733599
model,664,0.716300323138383,15.877517295789758,0.2475555599455858,0.25029880199720933,0.1917298659070152,0.93306065,9.761845,0.30969554,0.31368032,0.23431548,57615,0.21676032291874592,6.1156726607799925,0.06213998191308728,0.06338151898095534,0.04258561885517656
model,667,0.2590766935267283,22.52045295123699,0.5410529572211029,0.5437694825466393,0.1784085476728668,0.22231221,24.781895,0.58880574,0.5920002,0.19048919,40434,0.03676448153637185,2.2614417326009004,0.04775277789013366,0.0482307038966896,0.012080640163780243
model,666,0.4332919450981493,26.109181008566203,0.4379106943272153,0.4404736677186686,0.2307952189754236,0.42430085,25.802114,0.40080956,0.40602532,0.30922204,10763,0.008991095660435655,0.30706652187186734,0.03710113808141147,0.03444834742714942,0.0784268235851538
model,665,0.09109171703135631,29.859836803485457,0.9226501615385349,0.9230155500010057,0.06375160068864051,0.14738007,28.482708,0.91278386,0.9132182,0.07558972,69016,0.05628835186684468,1.3771288261905354,0.009866300378256532,0.009797349794249066,0.011838115745838249
model,663,0.383140018384914,22.436597970909162,0.2819457607670245,0.2910110801759622,0.33860392965582203,0.57834965,23.053211,0.25177988,0.26047269,0.3380977,29288,0.19520963152124443,0.6166132412490413,0.030165876667064162,0.03053839507731415,0.0005062381198723265
model,669,0.29776663962079675,25.636974831721904,0.3511645783559167,0.37041790347635806,0.4206990560489239,0.40734175,23.834337,0.39806083,0.44932052,0.5413495,123298,0.1095751088552317,1.8026375972248339,0.04689625009142523,0.07890262145459592,0.12065041456646308
model,673,0.9616097871978285,9.566332457734752,0.3160787915642853,0.33278814485744534,0.4350429791081558,0.9705888,10.343152,0.29648733,0.3202598,0.45691204,41579,0.008979016093492276,0.7768195884688609,0.01959146017390445,0.01252833536342679,0.021869061602293405
model,670,0.8972577214876046,13.784646143977888,0.28243368155539805,0.29219703543926756,0.3283896135795951,0.8074876,17.271378,0.27987647,0.28294185,0.25962916,30053,0.08977011448534633,3.4867314194986747,0.0025572109896021544,0.009255187399640485,0.06876045341380838
model,668,0.42888522433346654,25.208441601172087,0.2962508878793033,0.30086275753936487,0.22198827475772703,0.28896764,27.589819,0.43257973,0.4363762,0.22045971,123941,0.13991758512562658,2.3813773532956866,0.13632883810145535,0.13551345648803992,0.0015285602258285347
model,675,0.29904449158963536,28.546269859838162,0.3536783498433658,0.3728882238470567,0.4419483179991646,0.19525152,30.35674,0.55621165,0.55973035,0.25542262,137958,0.10379296714124059,1.8104710916999238,0.2025333005281857,0.1868421271241652,0.1865256960337563
model,676,0.15278779303623855,28.083676328756173,0.36930799289846117,0.3719427136536923,0.20036354983217042,0.06893155,28.784948,0.2980198,0.29936898,0.17686048,48932,0.08385624324871718,0.7012720202428504,0.07128819628858263,0.07257373610700041,0.023503068331544807
model,672,0.7691645599633579,22.489536397633476,0.1941768150352351,0.2045254707209891,0.3896551640689438,0.7761057,20.365795,0.19952007,0.21180972,0.37084657,66456,0.006941141960012498,2.123741262135429,0.005343251345265698,0.00728425384833159,0.01880859453082734
model,671,0.47058434311560976,19.168883387585375,0.48130317638180864,0.4928938947959644,0.2913846061555051,0.6053704,21.312756,0.5044568,0.5186435,0.33066615,58728,0.13478605922051085,2.1438721971314223,0.023153641721981644,0.025749603624750927,0.03928154846752652
model,679,0.9106280522740067,11.595147652834328,0.29261881309497123,0.2999100497198776,0.2806932788137799,0.93396425,10.034842,0.2970408,0.30247214,0.30064937,65673,0.023336200197917156,1.5603061153587419,0.004421977224471518,0.002562094645433055,0.019956095909654525
model,674,0.8927600288077726,17.111549945177856,0.2148558333418861,0.2261192985322072,0.441543828140188,0.9485041,14.108398,0.2231568,0.2464392,0.49283993,64745,0.05574406150137046,3.003151507677856,0.008300961563776438,0.02031990508774978,0.051296104301523426
model,681,0.7005934079326347,21.195414314648282,0.23711802882516114,0.2585875437650271,0.5173363125149233,0.36801112,23.78781,0.26816574,0.2833294,0.43842283,137202,0.33258229095112835,2.59239505729996,0.031047708565357046,0.024741853674929593,0.0789134836021883
model,678,0.8520330633632446,19.55698808715993,0.3188630436948058,0.3229685944564671,0.21310888886029683,0.79923725,18.130651,0.35333124,0.3601387,0.24270606,15236,0.0527958120815063,1.426336613160906,0.03446819433658155,0.037170119857039996,0.02959717154924907
model,677,0.9593056154364871,9.824974690170194,0.2354404818806358,0.24687428695133265,0.3654738515954861,0.99077934,8.270407,0.19196244,0.20209584,0.36545885,49647,0.03147372483069433,1.554567967147733,0.04347804603907543,0.04477845055034693,1.5005503262000008e-05
model,682,0.7356908417847207,16.67698729700909,0.20341030552578987,0.21428126754980334,0.358763812474946,0.71494704,17.858223,0.23654655,0.25577214,0.37258565,61185,0.02074379693532491,1.1812356644166897,0.03313624069498955,0.04149087605256788,0.01382184178378204
model,683,0.9567837002288783,12.146112548465062,0.22293725860786381,0.28587381933399814,0.8127204661813455,0.9915586,7.006035,0.1929311,0.22572498,0.639522,43300,0.03477491116409659,5.1400776973908435,0.03000615788173619,0.06014883909889834,0.17319845013291413
model,680,0.9757272759883415,11.799638957531457,0.4541044506501101,0.45823162987539595,0.23449983599955493,0.9609867,12.847464,0.48307595,0.4869006,0.22947106,57688,0.014740602156401827,1.0478246502566293,0.028971495919332624,0.028668967935349288,0.005028778346127805
model,686,0.16400075362247346,23.80055657565088,0.39815608748951165,0.39944143233527624,0.12228309008662108,0.09511676,22.461796,0.40238678,0.40461972,0.12943128,12773,0.06888399676603196,1.3387607687661145,0.004230697064016187,0.005178291223149667,0.007148187426882946
model,685,0.6720670630739928,9.432321229111764,0.357176000647227,0.36642721362778863,0.32057746307429347,0.8116477,13.875265,0.26519343,0.2828263,0.36613455,126889,0.1395806501103639,4.442943892348197,0.0919825680777232,0.08360090919205865,0.04555709107342687
model,688,0.6635743244814803,21.37623087224516,0.6736095626166474,0.6784958705452981,0.24901106243269397,0.4796985,24.73689,0.55573946,0.567465,0.28139156,69929,0.18387581550359033,3.3606599206015204,0.11787010024100653,0.11103086324015288,0.032380498598647584
model,684,0.8067917977445609,20.674367011954676,0.4217044139336559,0.43510371243176865,0.4050051169769742,0.57920337,23.377485,0.37148663,0.38123122,0.38092202,129982,0.22758843051128452,2.703118263313879,0.05021777991761889,0.05387249385533738,0.024083097495315287
model,690,0.5175655445863813,23.447430325086696,0.3740606633811848,0.37763000317454903,0.21486922817230739,0.496637,24.24041,0.5056748,0.5106752,0.24811354,21863,0.020928557853898355,0.7929795259875227,0.1316141160339458,0.13304518870472343,0.03324431462287389
model,692,0.634052518768562,16.50164968522717,0.2968480349939917,0.3017591561106062,0.22273592164128858,0.64581686,15.556148,0.25686237,0.26566476,0.26571038,114621,0.011764343814598455,0.9455021098487535,0.03998566283403382,0.036094399812541034,0.042974462012352166
model,694,0.517785826835782,25.174094431645408,0.23858394651828815,0.24029237180308846,0.18131828963553273,0.37801126,26.988708,0.23655222,0.2396197,0.19094047,125196,0.13977457037940688,1.8146140644483424,0.0020317229550938787,0.0006726697023346773,0.009622179867869979
model,691,0.44395186758892324,25.862243305761734,0.2392881044464466,0.24961297851246325,0.26635729809431574,0.76095283,18.804876,0.20807086,0.21804179,0.33175653,125720,0.317000962725713,7.057366978247085,0.031217245133435434,0.03157118600052325,0.06539923409791448
model,687,0.14890986777957216,26.758094273136912,0.26436563639720645,0.27476930715039716,0.28825842821093584,0.3960004,25.777498,0.29386696,0.3013947,0.30281806,100606,0.24709051750485167,0.9805960278976542,0.0295013257972363,0.026625393853631163,0.014559631710328813
model,698,0.945779964818232,14.071175085317776,0.206116370207373,0.2140877928069043,0.3235273613658196,0.96355516,12.096337,0.23516595,0.24711229,0.37640205,98426,0.01777519236636882,1.974837766897366,0.029049583428796433,0.033024496264178776,0.052874688890909516
model,689,0.7368477538050321,20.995093153090288,0.23617338616216407,0.24661900050509242,0.3966283515917802,0.80910057,18.508072,0.20964913,0.21808238,0.38087255,137309,0.07225281448949306,2.4870212536762253,0.026524255460145335,0.028536617230060374,0.015755803965284865
model,699,0.6404716636089467,21.70723868736893,0.22159955815231278,0.23260457398713538,0.4025169177887843,0.98085135,5.747394,0.19508187,0.20745306,0.31964758,56792,0.34037968860586654,15.959844602438508,0.026517683424109956,0.025151516817221137,0.08286933740357616
model,693,0.8974226512757324,10.324142510850095,0.22018061279200254,0.22583841806083185,0.2790301546316197,0.9151379,12.926447,0.1997188,0.2055792,0.2844627,14305,0.0177152357253052,2.6023044038227567,0.020461809624659405,0.020259211713366337,0.005432535721773879
model,695,0.9282724835019399,12.396041945002402,0.24710698227493635,0.25041353320446447,0.20003822330363752,0.91282207,16.717255,0.24728583,0.2502825,0.21766427,37242,0.01545041576436057,4.321212693669473,0.0001788457194102644,0.00013103699055150297,0.017626048289456353
model,700,0.3326874420012983,26.909093704036366,0.35444909305072175,0.3571436613549699,0.18223452242576907,0.4680798,24.749275,0.40795985,0.41045117,0.20566677,58449,0.1353923633728472,2.1598184965168343,0.05351075559162749,0.053307512427378745,0.023432243144871495
model,696,0.2783503063266871,23.922208702344978,0.20383935345195234,0.22339753275879753,0.5118374713495766,0.27616337,23.65038,0.19031784,0.21620676,0.5380394,60535,0.002186936909496562,0.27182952143677497,0.013521514067873358,0.0071907735443962895,0.02620191492285384
model,697,0.20893352238545188,23.650456080201238,0.27653150347239774,0.2814179001905719,0.26526999008085556,0.59593415,15.550814,0.28072625,0.28918037,0.28936926,85628,0.38700063021769754,8.09964240527448,0.004194750513960899,0.007762467994471445,0.024099265223480992
model,701,0.5525418684481458,26.12528476440165,0.40236968162900577,0.40863421751633977,0.3133788624016351,0.71889484,22.051268,0.48240465,0.4856448,0.20729472,118897,0.1663529708386584,4.074017140500281,0.08003496762865414,0.07701057003363276,0.10608414497056667
model,705,0.8836925216062782,16.704989526813236,0.26951276503142035,0.2766649497028779,0.27024218126173283,0.8495493,16.616158,0.27957463,0.28391567,0.25588733,19482,0.0341432280882118,0.08883199507495476,0.010061867613232967,0.007250719023089491,0.01435485168333317
model,703,0.9230609783227606,9.650459415922263,0.3192577156201798,0.331411199226521,0.31968343298716234,0.90570945,9.296479,0.43487218,0.44293344,0.27423662,124366,0.01735153284622859,0.353980190763572,0.11561446460328517,0.11152224098191404,0.04544681351465868
model,702,0.19182826343365483,24.3676184637148,0.5742374561536832,0.5750614412747168,0.09170498565309125,0.22795749,25.877628,0.5139555,0.5145583,0.09249924,24381,0.03612922367266841,1.5100098627012173,0.06028198225384185,0.0605031259976172,0.0007942555797807588
model,707,0.40689320328835166,24.72365864434874,0.7314891901501683,0.7342268696112182,0.15479981413676303,0.27573404,23.011116,0.6560122,0.6591758,0.16336855,109697,0.13115916612747824,1.712542616516707,0.07547701268282214,0.07505105641312859,0.00856873878643949
model,708,0.91499804773819,9.326423516746104,0.32218033298271714,0.32878920388014576,0.23015144501610435,0.8622685,8.519239,0.28420258,0.2892603,0.20997639,13163,0.05272954025756871,0.8071840910869241,0.037977757299123394,0.03952890586645863,0.02017505501194633
model,704,0.3757150596847601,28.359907499543848,0.41625885958945774,0.4189957516741581,0.17046406399535266,0.18210131,29.992968,0.56518316,0.56629306,0.14215466,104545,0.1936137503852911,1.6330601060469725,0.14892430309975124,0.14729730910541344,0.028309400194159423
model,710,0.9751640000130474,5.911910943253247,0.22806726980601458,0.23443764099612158,0.28823013170614303,0.9755264,6.7030206,0.20579168,0.21268742,0.30410117,55855,0.000362392446822013,0.7911096294091067,0.02227558780108599,0.021750223131322077,0.01587103740320145
model,711,0.0243596471308031,27.084509132691533,0.3989989519980251,0.4011484748525796,0.1885937732734706,0.03093618,27.015682,0.4052048,0.41503423,0.28771064,71436,0.00657653255180932,0.06882691223254866,0.00620585075351604,0.013885759671193598,0.09911686358070115
model,713,0.3958781650685824,22.755475878767268,0.4261710899956506,0.43363685136836416,0.34687857116286513,0.37551528,23.664787,0.48969874,0.49680102,0.2632934,88527,0.02036288291449917,0.9093114137132012,0.06352764786407533,0.06316416734654062,0.08358518565718887
model,706,0.9165023670923913,6.369934914194296,0.2683927386271365,0.28753187341230596,0.3661168476282146,0.9215299,5.713529,0.2643134,0.2739288,0.2955867,69482,0.005027522014359187,0.656405804239462,0.004079338835418944,0.013603082127744803,0.07053014242038991
model,709,0.15525961645883476,25.907450150697418,0.21161564817362188,0.22880529229080368,0.5041032437168296,0.19886526,25.066118,0.19675383,0.21666636,0.5491437,21756,0.04360564819532478,0.8413319103409727,0.014861818455985776,0.012138936561700592,0.045040428272611344
model,715,0.07470166194392792,31.513577563219634,0.32498893477795426,0.3345143568039267,0.295438320045909,0.0660849,29.342728,0.31974488,0.3270311,0.28220826,76062,0.008616762935653846,2.1708499020868217,0.005244049810150309,0.007483251047167072,0.01323005617185502
model,716,0.4013663899516943,24.492458143793964,0.47674724536551183,0.478433157519569,0.1687542782435757,0.6305837,24.962725,0.40436742,0.4105566,0.22126126,45199,0.2292173135662195,0.47026654187498096,0.07237982826842015,0.0678765431206127,0.05250698465010106
model,712,0.2840439658775666,24.145730150310946,0.3682958433341572,0.37692764116181077,0.2898583121722954,0.25663862,24.073792,0.48857486,0.4938723,0.27663612,3488,0.027405349554095515,0.07193864640469627,0.12027901914600636,0.11694467352973281,0.013222188515068845
model,718,0.11493394139066895,27.751900615468102,0.312718896297097,0.32102424341629915,0.21610239751774055,0.122711554,27.602333,0.29656005,0.303002,0.22309849,129728,0.007777612778985893,0.14956754662044602,0.016158847240090146,0.018022243561257645,0.006996089144170464
model,721,0.20109549862143256,23.571267562449755,0.1924657700604656,0.20078084573394755,0.3233533030202578,0.22988173,26.720173,0.22409628,0.23886372,0.36112475,128213,0.02878623503449701,3.148905319630323,0.03163051325614663,0.038082875755958756,0.03777145093176859
model,719,0.25517281140788595,26.951352589890853,0.6763953512592265,0.6774195653715894,0.12545768217288478,0.21347836,30.154163,0.6193803,0.6209859,0.15370548,67282,0.04169445480807821,3.2028107707048505,0.057015055982584606,0.05643364017398811,0.028247795541653797
model,714,0.5434274247959997,17.763175242474844,0.24902148938390825,0.2518518076478068,0.220895412710526,0.44112176,20.933249,0.28293812,0.28689262,0.24546087,97067,0.10230566776551264,3.170073277422617,0.03391663336542036,0.0350408150614675,0.02456545517124889
model,717,0.9691440827951429,4.9553703799476665,0.2671838028576655,0.27874277429025396,0.3147012816480721,0.9460164,5.712701,0.26232114,0.27754635,0.35810623,64676,0.02312771154499027,0.7573304638633687,0.004862658515243035,0.0011964281026624057,0.04340494408091655
model,725,0.39792763368838435,23.676026900879236,0.2972587827099173,0.30096381644835396,0.22644498842117392,0.36439523,23.138187,0.27518603,0.2855157,0.27424112,130877,0.03353240267985469,0.5378394924319707,0.02207275065310882,0.015448120638035967,0.04779613120201029
model,720,0.8657929740963904,16.34535673280501,0.3857311505602046,0.3878735772799334,0.1686688419352145,0.7837793,17.974567,0.39782348,0.39956695,0.16181608,139772,0.08201365099534674,1.6292106805250697,0.012092332191641686,0.011693371133915498,0.006852766490993006
model,722,0.4796616855718133,22.441405287141784,0.2282433351609004,0.22983223478724024,0.1365718214067574,0.33215523,23.907267,0.23452787,0.23566322,0.14522482,97773,0.1475064579106805,1.4658613296795053,0.006284535851787287,0.005830985499129082,0.008653003141010251
model,727,0.5259627549765145,24.508744552333315,0.3141574962144486,0.31897017301675923,0.2229965375929571,0.329764,27.615551,0.3461752,0.37103602,0.3405027,112895,0.19619874645448077,3.1068064425397317,0.03201769757217249,0.052065849884775806,0.11750617155735724
model,728,0.3794043287480541,27.165616691253884,0.63874580752468,0.6524335738555296,0.32101216342159605,0.3461275,25.014786,0.4804868,0.48979822,0.28969485,122922,0.033276818677253295,2.150830924652322,0.15825899731731308,0.1626353558436735,0.031317317745173934
model,729,0.10425992203896069,29.366381795725626,0.2075909161459274,0.2127792516921063,0.27639293633352857,0.15579304,25.512444,0.21662425,0.21849175,0.20467652,107929,0.05153311895186878,3.8539382532451576,0.00903332890164188,0.005712496283243135,0.07171641252886396
model,726,0.46804012148365987,28.281789556638078,0.41522162011270386,0.41763957289282305,0.1970128548102567,0.5353737,25.961458,0.42238605,0.42528588,0.19260523,136110,0.06733356626048076,2.32033135046132,0.0071644301116003395,0.007646302904448676,0.00440762757827734
model,723,0.8890637401431901,4.480139545452175,0.3184866831920724,0.32710106843267267,0.2813447668753668,0.8791462,5.8812275,0.27350503,0.28128216,0.30898508,27442,0.009917521843324395,1.4010879478339575,0.04498165112954189,0.04581891172681635,0.027640317419906024
model,724,0.917399812824455,10.987162727523987,0.23957412011742102,0.2698864643618443,0.6478666833271782,0.9512979,7.557986,0.2735986,0.32613438,0.65719795,91024,0.033898066394600135,3.4291769449006964,0.03402449123740686,0.056247919316591954,0.009331268943329585
model,730,0.9790474843935405,11.490888891800239,0.22268070291586411,0.2618098097257081,0.730828853455365,0.96207917,10.52854,0.19534951,0.24053334,0.7246744,113637,0.01696831702751267,0.9623492342074655,0.027331188431458597,0.021276472728675944,0.006154449787915017
model,732,0.7067787059024573,19.80511074024074,0.2398684356560629,0.2810397061980882,0.5484402190218686,0.63458794,20.49717,0.23320682,0.2853689,0.5536647,93972,0.07219076234853272,0.6920587543881673,0.006661612187854576,0.004329183372147993,0.005224465273785728
model,733,0.47775618036968015,24.020831181501016,0.4709166828185298,0.47574266151873623,0.2597049506841128,0.28102356,26.616869,0.47735384,0.48087215,0.21912508,56965,0.19673261841518186,2.596037791277304,0.006437158247830699,0.005129492717103612,0.04057987355570247
model,735,0.9522952743717825,11.297435241277562,0.18813538006871486,0.22117860205627504,0.6907140136200343,0.94056726,12.368313,0.20894487,0.2385528,0.64497226,41957,0.011728019351640917,1.0708775944157978,0.020809491952960252,0.017374191804160444,0.045741748853341146
model,736,0.6545259256222252,20.765832554454224,0.444803708143918,0.44716000258320177,0.16520846284508142,0.6789212,20.249977,0.44709453,0.449261,0.16402584,89703,0.024395297064542354,0.5158554426378181,0.0022908217232542327,0.0021010071099439864,0.0011826197016182871
model,737,0.8038651615071403,17.711418924091284,0.20744427379924377,0.24409653452746605,0.6330882699460341,0.9492476,13.88194,0.19837923,0.2452453,0.6697798,62692,0.14538243714093102,3.8294790360907953,0.00906504031974395,0.0011487582553174613,0.0366915075808214
model,731,0.9579876193878929,16.196171407812663,0.43494358966546687,0.4425959295906133,0.37092415603517903,0.92533064,17.275572,0.51255894,0.5192822,0.263426,96930,0.03265698050239485,1.079400415307454,0.07761534740728704,0.07668629220351514,0.10749815019487752
model,738,0.0280266777004759,26.886890962130003,0.34828545888129153,0.35058963591169195,0.176091500701742,0.042134393,28.519365,0.41700473,0.4188601,0.16348727,133095,0.014107715306087287,1.632474348538942,0.06871927539643369,0.06827047174860162,0.01260423022730811
model,739,0.4304201611524691,24.951821721498316,0.24626886774925633,0.25066166695656705,0.24810214124981944,0.66399384,18.517868,0.27633017,0.28149956,0.23333858,38025,0.23357367429674963,6.4339536795061285,0.030061305266338156,0.030837897691107508,0.014763561714335127
model,734,0.9351563747425533,15.679843633692101,0.24480690043199205,0.2560345126711198,0.4252687932713073,0.8584845,17.545712,0.25552782,0.30308685,0.5390641,31551,0.07667186813549765,1.865867883641883,0.010720923731444842,0.047052334395759454,0.11379531605410165
model,742,0.41368962738162535,26.098623257627242,0.6323420455651365,0.6352641676357059,0.20604620498012138,0.28424543,28.624516,0.5841926,0.5871004,0.1786869,9469,0.1294441959584381,2.5258922758200235,0.04814947154093607,0.04816378101613805,0.02735930305312706
model,744,0.9885796086331279,8.893188003582665,0.25387147609961497,0.26711466310516996,0.5130080361390957,0.9867491,6.256563,0.25242615,0.26772958,0.48691654,54054,0.001830496027079298,2.6366248169371573,0.0014453286386774677,0.0006149172972043093,0.02609149408587308
model,745,0.9662354301036268,4.85584812935285,0.2403661122248087,0.2451595797960835,0.1937484409690905,0.96383125,3.6828706,0.2757874,0.282905,0.2231898,110875,0.0024041842044263406,1.1729775029032652,0.03542130089546108,0.03774543257307239,0.029441360008616413
model,746,0.45140472948688154,15.529687688218836,0.2515839048179309,0.25512833303028454,0.2112983763179861,0.63223654,14.575602,0.26232326,0.2658193,0.23566844,38872,0.18083181083065386,0.9540861104600467,0.010739355489381097,0.010690978111683236,0.02437005937480108
model,747,0.9765263860397143,10.288083013858603,0.28005533589345655,0.2919095442273825,0.39474627467483026,0.32402557,25.24644,0.4600338,0.47161618,0.27236578,83664,0.6525008146934314,14.958357873592568,0.17997846828478137,0.1797066345236093,0.12238049599021417
model,743,0.5663208012784692,24.359092684809973,0.26716863783884776,0.2722326943078087,0.2588694418994351,0.624487,23.049679,0.26250497,0.27551338,0.3556491,69116,0.058166181543949036,1.3094138823197383,0.004663672771937966,0.0032806864581061967,0.09677967175565522
model,741,0.06504535027453667,25.7719631785081,0.21539289537703274,0.2236570235940559,0.3192427285012197,0.11566569,25.263535,0.27474204,0.28992954,0.41867027,117063,0.05062033883621925,0.508428632609661,0.05934914168084385,0.06627251537116932,0.09942753836546425
model,751,0.7256072712185826,19.018668076164793,0.20836151821667107,0.22343045967072997,0.361163660940301,0.8272738,17.09672,0.19333977,0.20690589,0.32910386,8144,0.10166651484938005,1.9219483343435044,0.015021753144802169,0.01652457313985381,0.03205980366147715
model,749,0.7721427088970334,19.406155383696287,0.3216363319352879,0.3398645911976587,0.3501852802367882,0.62068605,22.319551,0.35467276,0.35942963,0.2729082,12280,0.15145665466729707,2.9133960841992206,0.033036427836059146,0.01956503645927793,0.07727706948239366
model,752,0.8376401293493781,19.67434726034708,0.25190729032699394,0.2569750636199918,0.23762419696350917,0.9386853,12.858724,0.2613711,0.26773545,0.259314,83737,0.10104516861662527,6.815623619905185,0.009463815582353596,0.01076038783989286,0.021689803643027694
model,750,0.5560051398173688,17.848987537085833,0.2726310107024169,0.27423641885815414,0.14199430847316832,0.51407087,18.037323,0.3022026,0.30379167,0.16269009,108089,0.0419342713252423,0.18833546096104214,0.029571601459219443,0.029555253133194126,0.020695779679717113
model,740,0.23370639181891187,28.350349907190164,0.35460715593473185,0.4049388178704376,0.47827877913017214,0.31443456,27.897131,0.35374594,0.3999178,0.47618893,120024,0.0807281663342406,0.4532189410036409,0.0008612185873197453,0.0050210067151184035,0.002089851241301899
model,754,0.19401053925364148,25.97312834091294,0.2875346133560117,0.29163774060346015,0.1907216528620837,0.2297464,26.58047,0.27985048,0.28195795,0.1630385,1796,0.03573586205632556,0.6073407905567869,0.007684130415337886,0.009679786435140447,0.02768314575816372
model,755,0.6427865015625691,20.523130112547694,0.328846910315262,0.3317721989107749,0.2175210991051702,0.7052057,20.965828,0.3057663,0.30781746,0.15573308,54159,0.06241917737725022,0.4426978293468373,0.023080596047149793,0.023954739804329606,0.06178802038698478
model,748,0.900466054363961,14.414651774914041,0.3215618044697244,0.3244481385565733,0.18616916554585428,0.92891383,11.326196,0.40738854,0.41093522,0.18929538,51150,0.02844777734685444,3.0884560580561313,0.08582673365245275,0.0864870845459963,0.0031262157617476527
model,756,0.9518750759172255,10.10936040911556,0.34598401796003975,0.3521250442180712,0.2402400247759949,0.9179486,15.312695,0.26894796,0.27347046,0.24368086,83809,0.033926472287159615,5.203334140444987,0.07703605901381172,0.07865458284951043,0.0034408397965301207
model,758,0.3310158445681342,27.254560446144676,0.606750658303526,0.615997406288255,0.2590885980269591,0.561989,23.860765,0.31856877,0.3219168,0.23131114,85630,0.23097316481220637,3.393794988991356,0.2881818921864301,0.2940806174718029,0.02777745558234851
model,759,0.33867529685373193,21.992458998912294,0.23851124858539352,0.2418206049510282,0.23918541004895774,0.34047797,23.237242,0.21820621,0.22101076,0.20919298,71935,0.001802676369000611,1.244782746082823,0.020305036660840603,0.02080984547818121,0.02999243369340507
model,760,0.8212446392299774,17.524602228821315,0.23095371499288692,0.26434089409322903,0.6279670210542342,0.9386763,8.173751,0.25781628,0.31843534,0.66513956,36591,0.11743165843466497,9.350851351440944,0.02686256990205632,0.05409444702653721,0.03717253487685712
model,753,0.3948778776870761,27.23491684781058,0.3717367651711553,0.3752063510284841,0.23842081712105098,0.7206576,18.339954,0.2757548,0.28168714,0.2787962,2565,0.3257797093643155,8.894962471589878,0.09598195579157764,0.09351921056370138,0.04037537886283574
model,764,0.07377453994051607,24.798086090859222,0.21533158825844279,0.23131631080148074,0.3701873681646068,0.030538395,27.569656,0.24240702,0.281182,0.43246186,22971,0.04323614489332826,2.7715702812110905,0.02707543564826498,0.04986568029883054,0.06227448963110854
model,757,0.7797025925622727,24.212685118635356,0.30457544328254277,0.3095870057332529,0.27162127848980866,0.7188212,23.282179,0.26146644,0.27154002,0.28852347,36966,0.06088136501176611,0.9305062398511765,0.043108999743877,0.038046989797355046,0.016902186905165095
model,761,0.1524611796367491,27.69722623491086,0.46536681795680884,0.4723079737143287,0.23646777079516532,0.18791723,28.928452,0.46270692,0.46781167,0.23167673,73724,0.035456052876678634,1.2312253031750764,0.0026598944720065965,0.004496299834705286,0.004791043261824862
model,765,0.21214278296994565,24.78866854022401,0.287902296260886,0.35179542792374496,0.5044390273799865,0.11710492,23.78434,0.2717382,0.29609716,0.3858561,112596,0.09503786520528196,1.0043286354388528,0.01616409488110998,0.05569826853806381,0.1185829354038207
model,766,0.625335629130122,23.975077877300933,0.5064121315335807,0.5212995430596984,0.2908701135596719,0.6824019,21.66604,0.4960711,0.5092071,0.32594162,102892,0.057066266392949316,2.3090374567687064,0.010341031298595316,0.0120924135812438,0.03507150869756076
model,763,0.893923731945293,7.1271090292045685,0.29529598198992935,0.31701173232421714,0.4156357525236312,0.8288601,6.4539657,0.2535195,0.2769209,0.4444916,46898,0.06506362786127806,0.6731433652946563,0.04177647672755447,0.040090817674253765,0.028855842506199714
model,762,0.9930195418241907,6.062866651867566,0.20412972882673128,0.21727327034909968,0.403373907905671,0.9812449,5.1715565,0.23413822,0.24592929,0.36784026,32123,0.011774620139925585,0.8913101790892455,0.030008491721898484,0.02865601553480382,0.035533647638413324
model,768,0.4052913515239922,22.959316567849047,0.2508214124426145,0.25515180229410717,0.24785280130252346,0.60164493,18.015358,0.29304653,0.29804865,0.22421816,97793,0.19635358169973216,4.943958596657641,0.04222512161881736,0.04289684296384266,0.02363464138850674
model,772,0.6011711369816898,23.660744355327115,0.4052167514226865,0.4089301827666463,0.214872759207502,0.78991586,21.76208,0.41703415,0.42052573,0.2053714,103496,0.1887447227175595,1.898665116435513,0.011817397747235392,0.011595546889573205,0.009501364454045896
model,767,0.09396286858593855,24.269591630216507,0.22824263558038832,0.23088595143357427,0.16963377611029642,0.058273792,25.544632,0.2265509,0.22845492,0.15778206,129342,0.03568907631909285,1.2750403277913058,0.0016917286837971335,0.002431033764278001,0.011851713222150978
model,770,0.7171885294343308,18.59833167893738,0.37256652385772665,0.38726952342661386,0.27068303141141287,0.6133823,21.855005,0.34501153,0.3616968,0.31182456,117298,0.10380624956143647,3.2566735853448456,0.027554991551055508,0.02557271389635568,0.04114152875399241
model,771,0.2608537777881313,24.333891239936722,0.19909321209605474,0.21257091443856932,0.4310520979642524,0.3678344,26.228338,0.20010921,0.20996815,0.38456494,117812,0.10698061142161602,1.894447001640426,0.0010160014945672091,0.002602764776551497,0.04648716180321116
model,769,0.8820683001218068,8.491752470582966,0.22943837529859826,0.23877198991470394,0.38708765279647445,0.88633156,6.357116,0.24697702,0.26263988,0.41662005,39591,0.004263258105732248,2.1346362482013745,0.017538641031167063,0.023867890265654945,0.029532393103870402
model,774,0.24691169575042143,24.967349689458313,0.34345643139239496,0.3494536102810094,0.31323424133350136,0.20612553,24.561184,0.34922385,0.3544411,0.27720395,34710,0.04078616813010588,0.40616576001495375,0.005767420765197817,0.004987496038418082,0.03603029402782204
model,776,0.9660647454489988,5.989988946674309,0.22405609845939253,0.242628705780692,0.4320993114834523,0.9797903,9.041464,0.25412706,0.27075157,0.44774666,39745,0.013725524879522943,3.051474905254402,0.0300709569471779,0.02812285991411695,0.01564735280220747
model,773,0.484700657691705,24.89328524098002,0.3446931685647685,0.3715041334880529,0.48562977706974064,0.52076787,24.395554,0.34825858,0.3773273,0.46659917,119873,0.036067209873450023,0.497731652112833,0.003565416173009206,0.005823159669524625,0.019030610676460613
model,777,0.42510199841268365,23.801810268364807,0.3521691677656314,0.3652581209039084,0.36196141663816694,0.6189152,21.972467,0.44038516,0.45807207,0.39580497,112312,0.19381320182077583,1.8293428458794558,0.08821599506472139,0.09281394540315946,0.033843554818360766
model,779,0.1796498984509493,23.436998769966184,0.3146516673365552,0.3182927085826515,0.24289014957739105,0.15414824,22.994436,0.29066956,0.30404016,0.29651284,139865,0.02550166253385794,0.4425625059280982,0.023982106904121114,0.014252544827234648,0.053622692600953675
model,780,0.5620041171734507,23.612633713678267,0.5430123033091239,0.5441527502613395,0.1361921812882841,0.6398945,22.05278,0.8401244,0.84324545,0.13910647,9519,0.07789036830018214,1.5598535623110799,0.29711212496312345,0.29909269642063685,0.0029142860779344804
model,782,0.41273047245440286,27.095929120559205,0.35275637157978906,0.3565165032295606,0.2546223388963409,0.55218023,24.239046,0.3381311,0.3438967,0.24177964,43991,0.13944975816312033,2.8568830237574474,0.01462527164044275,0.012619816198768341,0.012842698579377698
model,783,0.13883879513182262,26.44004638146536,0.23174934017219684,0.23577604880959954,0.23775021664181856,0.109907046,27.197996,0.2489474,0.25129956,0.22078718,50769,0.028931749171396293,0.757949758061006,0.017198056702230957,0.0155235112604383,0.016963034191524062
model,785,0.8381865937130575,17.069773681426568,0.23478153227772086,0.25642127368115575,0.4618715298878107,0.8632484,16.21423,0.2375223,0.2494248,0.3468818,13949,0.025061814127671278,0.8555440976863338,0.00274077178035409,0.006996473404399461,0.11498972303737737
model,784,0.9887133147685415,3.732222141889693,0.2670353572571326,0.29090449999791596,0.4792584877530306,0.98097515,3.5607574,0.30584252,0.33464316,0.4137086,131704,0.007738163706529799,0.17146474328434635,0.0388071615493249,0.04373865533846405,0.06554989033138447
model,778,0.9539155929725228,3.991848228244244,0.30321772491895643,0.3095973131851643,0.20243663973004888,0.947948,3.591769,0.29131505,0.29871163,0.22402523,8528,0.005967613999134147,0.4000792482179989,0.011902675985927258,0.010885685463377814,0.021588594849991094
model,786,0.4390311374640673,26.67739282366233,0.3746661659244761,0.39697149267590887,0.38108876709717815,0.8162877,18.553108,0.26423275,0.27976727,0.36892626,25115,0.37725655889747445,8.1242846083303,0.11043341121713968,0.11720421781934148,0.012162510202112842
model,781,0.9593885866887171,15.056602972146393,0.45336453597348353,0.4574100975935882,0.263657808904013,0.8524211,20.508192,0.51523894,0.5205988,0.23249274,117984,0.10696748178072757,5.451589090231536,0.061874404742306266,0.06318873119898383,0.031165063981375085
model,775,0.2013812769963088,24.801313014917163,0.2009345907840353,0.22299814722786543,0.4288829441286601,0.7558086,21.024445,0.19105119,0.20548974,0.40307555,87102,0.5544273148463426,3.776868434839038,0.009883405652962307,0.017508407452207775,0.025807398102430268
model,787,0.7754764666786848,14.291687964826345,0.25184510574950786,0.2596813086534385,0.28099369921903916,0.8281579,13.349785,0.23719877,0.24403088,0.28638783,9668,0.052681435085231265,0.9419031137521259,0.014646335703273727,0.015650430705631213,0.005394131753632347
model,789,0.28135093663173305,24.043630526903264,0.26727788457346335,0.27147221288771556,0.2354213235614291,0.20286459,24.783894,0.25130647,0.25439805,0.22871582,138363,0.07848634932475673,0.7402630583018137,0.015971410364631566,0.01707416496367381,0.00670550146078977
model,790,0.8384067085884039,12.523723860780116,0.22300380719656362,0.2380813507006781,0.45961796643801134,0.8458292,10.793976,0.2341862,0.26530603,0.4764667,51574,0.007422480235296014,1.729748030701991,0.011182395091110325,0.0272246750428064,0.01684871909551222
model,788,0.6428849810437232,24.622107657964325,0.6543080736726513,0.6562543871718932,0.19876047701525498,0.46817136,26.198893,0.7820694,0.7839202,0.1551131,118781,0.17471362293520265,1.5767849354194645,0.12776131137907598,0.1276658413093995,0.04364737600970078
model,791,0.3073856259675711,23.277647645228683,0.46214593445496355,0.47057224120905966,0.2667291698045173,0.59946287,18.974316,0.33837765,0.3460698,0.216998,98863,0.292077240815571,4.303332001918136,0.12376827990250383,0.12450242843440146,0.04973117383188391
model,793,0.9527265882506412,14.950541497176978,0.41773856677624294,0.424760286812766,0.3047372668174178,0.8987009,18.045307,0.34844077,0.36515146,0.39374682,54571,0.05402569532537871,3.09476566224685,0.06929780044170925,0.059608821873648576,0.08900955625501566
model,792,0.991102797354044,5.901948525879362,0.21729843216623287,0.23802858358630732,0.48249306000903625,0.9373911,16.300276,0.2874041,0.32877862,0.4868762,13655,0.05371169504004869,10.398327276732942,0.07010565799985904,0.09075004094829961,0.0043831296996734714
model,795,0.17075023666831676,29.085654722492272,0.7947701050866158,0.795362117937013,0.0906148936400595,0.16896933,29.494652,0.79489785,0.79545385,0.08396156,103339,0.0017809034964722803,0.4089970719413216,0.00012774924153968747,9.172851760741452e-05,0.006653332317847274
model,794,0.15471278484984832,29.241742496284264,0.7256113959601712,0.7266317887610957,0.11118388323540572,0.2328298,30.245413,0.72353137,0.7243967,0.09887269,42628,0.07811700943783326,1.0036703302538221,0.0020800305655789275,0.002235083133654281,0.01231119184250716
model,797,0.8844397570787582,11.513585663837091,0.2569896844346719,0.2738044253287334,0.3700186520815693,0.8935061,11.393676,0.25939396,0.27400625,0.3454277,81184,0.009066352635749841,0.11990985969890744,0.002404275802831146,0.00020182219171338556,0.02459096014507639
model,800,0.774201633344013,22.09653770586909,0.34362580079074023,0.37255264178442393,0.39625996533895874,0.7600074,21.52298,0.3435528,0.36944008,0.43983027,19140,0.014194251904804056,0.573557969540964,7.30027579796122e-05,0.00311256304907237,0.04357030805085754
model,803,0.9198951343188371,13.946065376021807,0.28345476015738796,0.2894553865500774,0.30330757949234904,0.7745928,18.071827,0.28031263,0.28804195,0.28805438,50737,0.14530231748915567,4.125761558792647,0.0031421326034481445,0.0014134372779216475,0.015253202651757614
model,796,0.9229636789498757,13.50418376992183,0.1754312540320895,0.18676277265507146,0.44024670604108135,0.9247539,13.45453,0.17261249,0.18057151,0.39268345,12017,0.001790225392775624,0.049654007653764154,0.002818765762283598,0.006191261267246451,0.04756325963376323
model,798,0.8168425595962162,19.531502288105266,0.2459170965629129,0.2513596507131091,0.29466698540468705,0.8867507,14.301664,0.30862877,0.3150049,0.27876002,33584,0.0699081384933834,5.229837935688273,0.06271167116589263,0.06364523448357667,0.015906969440178997
model,799,0.9000978357308806,17.86858865245872,0.3125017835331333,0.35516025161498604,0.48984083594459416,0.5463082,22.130613,0.26028532,0.2919428,0.5216134,98409,0.35378961629804984,4.262024674567648,0.05221646563533666,0.06321744656318246,0.031772583111344566
model,802,0.046330161488306335,25.294079395234643,0.6325042241231594,0.634743788450994,0.1850016176536492,0.043909617,26.439438,0.7142151,0.7172091,0.19399683,69549,0.0024205447199461966,1.1453584709762943,0.08171087568839452,0.0824653122722726,0.008995214121062411
model,805,0.8058331924157435,10.292641335259027,0.30037251241598534,0.31378047675215526,0.37211232072106876,0.84442824,13.998455,0.2684468,0.28938195,0.38597345,94805,0.0385950488371557,3.7058137123483945,0.031925709323028795,0.02439852565848155,0.013861132800659759
model,801,0.6420856315957276,21.29766598991727,0.20924266399860067,0.23230765481185248,0.60149102245015,0.7560368,21.14094,0.20551921,0.2449898,0.6957994,36901,0.11395118643176871,0.15672627739285616,0.0037234497261015853,0.01268214266110132,0.0943083878930202
model,807,0.011414101351106902,23.691195841875043,0.21584022125346622,0.23601745238586022,0.49329199672824836,0.12962247,23.602514,0.21902262,0.2332851,0.41558295,25569,0.11820837296167538,0.08868157490726958,0.003182395490575224,0.0027323531179006266,0.07770904184467292
model,809,0.30892068470459516,25.521727486698623,0.36953212332644975,0.3727960879670799,0.20259570666076848,0.87900984,9.316039,0.31491244,0.3329897,0.29915458,22608,0.5700891581680245,16.20568840131044,0.054619684933810586,0.03980639527909163,0.09655887297866633
model,811,0.9417278359034006,12.291931244107246,0.18547587265048737,0.19240645376841278,0.32564325591809257,0.8943548,13.768606,0.20110166,0.20826755,0.33838266,87981,0.047373015651935746,1.4766749418058396,0.015625788077967218,0.015861100872357176,0.012739405424528283
model,804,0.14759281542639072,25.059355246102612,0.21558048351373466,0.23770567098301632,0.40904752207103523,0.34329212,23.436014,0.22104931,0.24408455,0.38102192,45792,0.19569930169244473,1.623341070687573,0.005468825263120813,0.006378880947411236,0.02802560520473274
model,806,0.9893254727748696,4.956684787018588,0.20427616637367876,0.22482435388400665,0.4565677843713251,0.9756968,4.10861,0.23732993,0.26804554,0.44013456,107666,0.01362867063558737,0.848074633820346,0.033053763693383614,0.04322119074032196,0.01643322926993046
model,810,0.009820787879939097,32.442068948389945,0.9037887557628556,0.9050463658025377,0.09616163740599307,0.064878836,31.469406,0.75907326,0.7605523,0.11988958,85613,0.055058048394207935,0.9726628204602576,0.1447154983165665,0.14449407870079212,0.023727942307351507
model,814,0.9377384358699024,17.34697236818281,0.3330612088544564,0.3374349422349255,0.23496977867229052,0.9248006,11.521874,0.29261085,0.29581004,0.20646437,117651,0.012937861090391856,5.825097940387401,0.040450354944010225,0.04162489842312739,0.028505413547588065
model,808,0.47695563237202876,21.114751166596115,0.233014753029548,0.24137155934836407,0.29344108084949466,0.3101753,23.487408,0.2575705,0.26371363,0.24062292,69523,0.16678033272755854,2.372656517730057,0.02455575211266392,0.022342068705301088,0.052818158071365084
model,816,0.9129605227071173,7.8369343082119585,0.3598962646411709,0.38980264099283557,0.37296365975961526,0.9064004,6.6817904,0.32303593,0.3412825,0.34834883,108480,0.00656014018834894,1.1551439563442827,0.036860339014416155,0.04852015407724719,0.02461483358964761
model,813,0.7208971943828232,22.54488464118015,0.43345950717072274,0.43731323839820047,0.23942805825715247,0.72885317,22.412672,0.40898433,0.41206267,0.23607117,97900,0.007955971720539856,0.13221259833347077,0.024475173893974078,0.025250563637381984,0.003356888880779174
model,812,0.6482705232788378,21.279810701735293,0.36820613587820317,0.37848418619981106,0.2776773175816534,0.26506937,22.355143,0.41623527,0.42139706,0.22063069,24963,0.383201157777434,1.0753318916484957,0.04802913223779415,0.04291287395605747,0.05704662712621672
model,815,0.9366178817249861,6.947058844669222,0.34859867627589664,0.35866280094887504,0.3083731544131185,0.96879435,6.4071527,0.54232293,0.56144506,0.40083265,105978,0.032176464130726834,0.5399061919287433,0.193724257397962,0.20278225644324532,0.09245949863253577
model,819,0.7132942501551292,18.389264967281488,0.2062829411527941,0.2162255340297041,0.359727663949607,0.5337102,21.072554,0.22283942,0.23162706,0.3489993,1950,0.1795840684420249,2.683288667362067,0.016556473920600667,0.015401527933377263,0.01072837229120549
model,820,0.8194152071854166,14.919070325978673,0.2885190664911216,0.2933685339905455,0.2520845938423107,0.84841263,13.781755,0.3362932,0.3413659,0.24940942,139307,0.028997425756783102,1.1373148785909777,0.047774124226575565,0.04799736962540602,0.0026751715639064533
model,818,0.6736708981025088,23.741679758271026,0.38589863361922594,0.3928374655622197,0.2907169008009721,0.2996049,27.161652,0.73299915,0.7363239,0.19998428,5034,0.3740660053717959,3.419971853057099,0.3471005123654237,0.34348642750800124,0.09073261854579939
model,822,0.5993772157040278,17.080850691061343,0.3026029344512803,0.3086272479281937,0.2660231602362311,0.60842764,19.9278,0.4346861,0.4449064,0.31795454,82603,0.009050428071912142,2.8469485337921725,0.13208316007119592,0.13627916562695158,0.05193138001645442
model,823,0.07754674558550934,23.048481415595038,0.1941803831498062,0.20191998243555917,0.32468711680445617,0.06856524,20.088528,0.28423795,0.3512373,0.6128073,18814,0.008981503593035733,2.959953736151679,0.09005756789046174,0.1493173146225463,0.2881201570602899
model,824,0.8158712253782762,13.234425338378138,0.3438578753929922,0.3488278567477089,0.2442793133914037,0.82145,13.168421,0.23924363,0.24505822,0.28763178,73442,0.005578769662617389,0.06600454675216127,0.10461424879844872,0.10376963314255294,0.0433524665177302
model,817,0.6465692121085503,18.98457513598928,0.25429371391702643,0.26066478296581985,0.3127717560119442,0.7450477,18.427143,0.23142125,0.24416064,0.3697407,2985,0.09847847637564155,0.5574320390654535,0.022872466792354496,0.016504145706336515,0.056968938749332065
model,827,0.6719797882046626,11.492108123462152,0.2646067329811564,0.27166007138394416,0.27964596933712177,0.6343188,13.472824,0.3594784,0.37016496,0.27907407,48519,0.03766095962189897,1.980715973217535,0.09487168107752891,0.09850488923884332,0.0005718964992921793
model,829,0.24670716269100185,24.244025079120718,0.22653867607931974,0.24084186242748584,0.3393684452213604,0.116037734,27.270483,0.28377485,0.31920922,0.36089602,108208,0.13066942883813853,3.0264579378470557,0.05723617667336581,0.07836735559772168,0.021527575906340413
model,825,0.6102899474640324,24.22159087711017,0.5608703639608228,0.5662195063606812,0.28444774321373023,0.72168005,23.357052,0.4865143,0.4933935,0.28989962,115953,0.11139009766383623,0.8645390277449359,0.07435606385286686,0.07282599578061832,0.005451874219817743
model,821,0.8308349089535512,17.502268092254234,0.18976669256749149,0.21952049082968839,0.515649622490784,0.919111,13.938296,0.19545211,0.2457786,0.6171891,117909,0.08827610445892442,3.5639717742000343,0.005685416411733674,0.02625811451222293,0.10153948683462488
model,831,0.9124027014909474,8.436575853048957,0.2801150827580966,0.2868897840612713,0.2638520094980436,0.870743,11.789667,0.24569067,0.2562788,0.30571386,100377,0.04165972482545055,3.3530912764676444,0.03442440916839018,0.03061097117598688,0.041861852682666234
model,828,0.7940637586958376,20.653305335653652,0.26641020219855893,0.27704061396321145,0.3608867175505241,0.74386096,19.002542,0.38118413,0.3949169,0.32633984,51313,0.050202798689123695,1.650762839926113,0.11477392870849978,0.11787627808848533,0.034546876661547044
model,830,0.6256018551455731,23.709897994008607,0.3067786308892408,0.31275134209891,0.28235534359934833,0.45608962,26.069906,0.31231514,0.32281986,0.29118606,12744,0.16951223932373471,2.360008240732604,0.005536505304988337,0.01006851669053399,0.0088307208823869
model,826,0.9930346873868228,6.540006348713099,0.23488717396154493,0.24730419044332072,0.3569564982061175,0.8763121,17.15946,0.2852684,0.300304,0.3220501,86856,0.1167226103413821,10.619453719035924,0.050381222177599966,0.05299980516596273,0.034906403601625335
model,833,0.6282655538802124,22.553737392746783,0.3752833072719866,0.3926599167349496,0.2799237282825221,0.74618495,20.360664,0.34408638,0.36722383,0.29013935,133311,0.11791939122629391,2.1930730250710013,0.031196928459196693,0.025436087703959,0.010215619032312495
model,834,0.8435155329760337,6.86530393953678,0.38449845105463804,0.4011095605337094,0.4021929036923452,0.85356927,7.755493,0.33613673,0.35637242,0.39742056,112773,0.010053736204264196,0.8901892245257201,0.04836172252947629,0.04473714451426969,0.004772348339180554
model,832,0.2637150967823613,20.383682492658295,0.32362149688061,0.32684069149802525,0.20837450287833384,0.2752073,20.45429,0.35408905,0.35837314,0.23320015,59088,0.011492214132631962,0.07060789735635353,0.030467554604451663,0.0315324438302676,0.02482564486965963
model,835,0.8913639269262486,10.316497323702322,0.28572974959915287,0.306658140522924,0.3717332830441393,0.95762324,8.153419,0.26627958,0.27977383,0.33879477,93535,0.06625931640566063,2.163078782747732,0.01945017139022953,0.02688430915543133,0.03293851518754137
model,840,0.6183799051331175,18.73009519100077,0.24092055099416076,0.24784983869135813,0.3399241601551831,0.85459596,12.818325,0.24743383,0.25743693,0.3455627,94153,0.23621605405343649,5.911770148276162,0.006513275333163149,0.009587092441912137,0.00563853630172606
model,838,0.16231480948801247,30.07930836840205,0.3763639005202876,0.38110021075981143,0.24085706303737298,0.24263473,29.519373,0.3755339,0.38105866,0.24563609,96556,0.08031991906289848,0.5599354283385729,0.0008299919147120582,4.154763000491224e-05,0.004779027598880381
model,839,0.16483102164772695,28.515660351378166,0.3586860658089925,0.3665832841680986,0.34045738371554185,0.2578966,29.48286,0.46107107,0.4671623,0.29477265,112066,0.09306558050605113,0.9672002138073807,0.10238500819994917,0.10057902690901932,0.04568472894373704
model,837,0.08518965086660928,23.990781726165824,0.20323647063870467,0.2293358626617603,0.4941750144773571,0.023099452,24.851406,0.22580238,0.25124463,0.48452547,17221,0.062090198609452904,0.8606243712462849,0.022565906227635962,0.021908771728117032,0.009649542551621648
model,836,0.7104992106971492,23.47941069804288,0.40415632549807745,0.41674251567942944,0.396395113711768,0.75669754,21.335297,0.30074644,0.30775917,0.33883518,132823,0.04619832481768238,2.144114067183505,0.10340988461062628,0.10898334991557446,0.057559933906012384
model,844,0.8442144715224001,19.797415221113187,0.24755915451126895,0.27403138485659717,0.4684555937544874,0.9100607,10.393353,0.286794,0.30920726,0.3957936,105476,0.0658462322320249,9.404061758893949,0.03923485231322446,0.035175875752075925,0.07266200678511181
model,842,0.3623744814282166,24.88898855181746,0.23909290699974936,0.2419492937508281,0.23421462023783574,0.42115393,24.108818,0.26678827,0.26968887,0.19147865,76472,0.05877945138161311,0.78017049761824,0.02769536705000955,0.027739580732280417,0.04273596549559483
model,843,0.08728523041634689,25.909960732677064,0.22299144600647472,0.23260493151746306,0.3812107863154701,0.08487059,26.376263,0.23114471,0.24115999,0.3760051,68485,0.002414638656665191,0.4663019321178581,0.008153265368761792,0.008555058912415175,0.005205673190622706
model,841,0.9770446971904511,8.995301554036956,0.20671211925437946,0.21977205726320365,0.39510126514794036,0.9403198,11.392002,0.20249899,0.22068693,0.38673308,75512,0.03672492065541688,2.3967005516759343,0.0042131319372941956,0.0009148701745786414,0.00836818023087188
model,845,0.9338167242394265,16.571464342131677,0.2762007517078613,0.2849823652995504,0.3615830287476966,0.97957665,11.570315,0.23809479,0.24375604,0.32002947,9679,0.04575992304222021,5.001148981108727,0.03810595993787991,0.041226324368802414,0.04155356140341254
model,849,0.4434518241920839,24.205494516548416,0.42171222800430846,0.4234713364400359,0.17584756866895254,0.49768242,21.569908,0.3615298,0.36397612,0.18985586,24340,0.054230598207436975,2.6355863744585726,0.06018243068871093,0.05949521549124437,0.014008290014633579
model,850,0.047934317972923926,20.445019519184854,0.2930559678762083,0.2972251773035286,0.24363546122604668,0.047785092,20.421333,0.2386911,0.24166697,0.18106031,25487,0.00014922582771938198,0.023686206196572357,0.05436486143757152,0.055558204666352085,0.06257514704757988
model,847,0.8865786214497657,16.868077827302187,0.3386366005697835,0.344099786552659,0.25175541281955593,0.8719783,16.817831,0.40870753,0.41162083,0.17925122,763,0.014600338521298939,0.05024678787347625,0.07007092873662824,0.06752103897643952,0.0725041890169894
model,851,0.1829446933442599,28.039978652558684,0.3326827773814241,0.34356117692110916,0.3131278087963631,0.5376436,22.182491,0.31847245,0.32773072,0.32324842,38153,0.35469891808686194,5.85748735006845,0.014210332370285184,0.015830461646298366,0.010120607389015934
model,848,0.9857991743108713,5.889492331379984,0.2030905150308633,0.22211717736364311,0.48618972670776034,0.9689312,6.4305224,0.21282059,0.24809673,0.4241049,98085,0.016867976190754086,0.54103011048403,0.009730074511525605,0.0259795569217115,0.06208482753974581
model,853,0.49677072465035954,21.83713828390067,0.37054172484902187,0.37228765743332465,0.15905624557367387,0.65079284,16.507944,0.32262996,0.32648203,0.21391085,103868,0.1540221124925848,5.329194176845007,0.047911766457832294,0.0458056296642359,0.0548546023286241
model,846,0.8307084087037396,14.210300713858892,0.23196039086089437,0.23630467196208668,0.23807676185407692,0.8340922,14.111992,0.24512175,0.25166106,0.23655048,67264,0.0033837910986590503,0.0983088315346734,0.013161356394430945,0.015356390278513904,0.0015262817267423234
model,852,0.7471861776655615,21.505690573833597,0.31480173183017424,0.3195840644700792,0.24193265760439472,0.8715715,19.498686,0.2766986,0.27976802,0.20913611,84489,0.12438530356231325,2.007004737041605,0.038103142505223064,0.039816044555452124,0.03279654407995777
model,856,0.7072006582159495,23.7022802854721,0.4078468461447204,0.4107761648103296,0.2191050132277449,0.8733641,16.79779,0.35745344,0.3625271,0.236621,80368,0.16616343270354517,6.904489758128349,0.05039341048531182,0.04824906257835021,0.017515994095520182
model,854,0.9071081758608623,7.770273033175229,0.28909354908200696,0.3088271868358523,0.4532353021778242,0.8876563,10.761479,0.28764525,0.34105346,0.48721147,115659,0.019451904403190223,2.991206344571353,0.0014482985231538126,0.03222626923218663,0.03397616365774708
model,859,0.38710138018129625,22.12985726219672,0.2383117582873083,0.24316586611221985,0.2653228003935586,0.5559053,23.325321,0.23602277,0.24346922,0.26402178,72703,0.16880390231610976,1.1954639353130467,0.002288987882492627,0.00030335726786895334,0.0013010163264046692
model,857,0.8646624622800879,16.884741179238283,0.25558201041294476,0.2945704676915943,0.44880518388446355,0.78526163,21.334183,0.25739732,0.29212683,0.4256872,109773,0.07940083126812503,4.44944156001953,0.0018153134338722565,0.002443633299046677,0.02311799001391912
model,858,0.1673363603099079,24.216112136089485,0.24754207471536518,0.2506262145761194,0.21328884464190814,0.16059752,27.687346,0.26097617,0.26410007,0.20385943,91162,0.006738842223474484,3.471233368671257,0.013434090817700611,0.013473860191947018,0.009429411110146974
model,855,0.9854659823849877,9.375478574678581,0.21810553282680895,0.23448150826392455,0.5607645101451373,0.9745138,11.792207,0.1928191,0.23915985,0.859066,106438,0.010952153630562678,2.41672818954261,0.02528642922821428,0.0046783440023870915,0.2983014993763471
model,861,0.766243618359347,15.616636527651977,0.28021040503941885,0.2859806232696494,0.27411925148577576,0.63611805,16.0313,0.33280832,0.33821538,0.24677224,26042,0.13012556396939334,0.41466306341247616,0.052597910714517915,0.05223475763740931,0.027347006913136296
model,863,0.7392826680668774,13.670429197270686,0.33356132208668887,0.3411501462020383,0.34444716577276074,0.745625,12.435984,0.27666467,0.28635707,0.37367424,53442,0.0063423510066089595,1.2344455394337714,0.0568966478046149,0.05479307122607091,0.02922707791582263
model,865,0.8876581786851266,13.122684842771413,0.21006177339042217,0.21388973869601846,0.20279691348524412,0.89458567,10.572203,0.2187717,0.22154397,0.18599872,53188,0.00692749035555329,2.550482160276296,0.008709922700276068,0.0076542290278279745,0.016798190574363076
model,864,0.39301545543294963,28.509962084533612,0.42221559122716557,0.42314700869469957,0.12096445603112131,0.577371,23.826012,0.49060604,0.4929011,0.1822986,40212,0.18435554581064167,4.683950426818768,0.06839044853533138,0.06975407811255141,0.061334144642554225
model,867,0.4781337594400614,22.98377350436288,0.20961411431812288,0.24111590802593583,0.7142530515965453,0.5189391,21.543842,0.21915656,0.27205864,0.7483968,128051,0.04080531841409507,1.4399311886890516,0.00954244896389006,0.030942727924152674,0.03414376227293103
model,860,0.6039758973500011,20.772285792367953,0.22064861970936986,0.23526749659990626,0.4724347155592144,0.5321997,21.54472,0.2217561,0.24355926,0.5441949,65042,0.07177621654479482,0.7724339036769692,0.001107480945232192,0.008291759596115778,0.07176016158846016
model,866,0.0963492325753764,23.91632997320034,0.2899014111308514,0.32794154794459107,0.48799788948697775,0.09639364,21.741287,0.29655087,0.33723298,0.46968248,53352,4.440478376589729e-05,2.1750427417550284,0.006649458810860043,0.009291429207279656,0.018315404621789155
model,862,0.9497882326263472,4.552046568134259,0.33746368632982887,0.34510817436855834,0.22820417082319472,0.96783715,5.3407044,0.34122813,0.35134906,0.26815268,1760,0.01804892223891774,0.7886578729362981,0.0037644411497243513,0.006240881398500986,0.03994851315011766
model,869,0.11616479595130268,32.57441484786091,0.6431827406719841,0.6440005581104109,0.09480210187518716,0.053153414,31.729973,0.7333999,0.733961,0.07738414,115293,0.06301138167208019,0.8444420085054389,0.09021718694413527,0.08996042802697923,0.017417965258003473
model,868,0.8856260375591193,14.582271027397105,0.37019787443727054,0.37910100351956083,0.27197677703191897,0.6977721,17.757969,0.28206044,0.309761,0.33477402,92641,0.1878539518924628,3.175697875190785,0.08813743008225955,0.06934001576092436,0.0627972403020654
model,871,0.9556334745411406,13.484871578522743,0.28822005829962016,0.29900186356283603,0.3847270495966185,0.90638757,16.068407,0.3106837,0.318732,0.33904532,2051,0.04924590702099896,2.5835354801930777,0.022463639162461746,0.01973012987397732,0.045681733615707265
model,874,0.7341027514078426,18.746541928493286,0.3520255788269123,0.354076697643406,0.1681368061060343,0.85354733,19.06421,0.4626057,0.46555114,0.19158868,76273,0.11944458326317786,0.31766896323034644,0.11058013597106131,0.11147444028078834,0.023451878810461985
model,876,0.6920540095528247,21.962878298233854,0.23908015757013115,0.24400741823550487,0.2723207383690884,0.6937452,22.419998,0.2567039,0.26568314,0.27450764,26521,0.001691186312806403,0.457119870711459,0.017623755641691358,0.021675726095473524,0.0021869034232089857
model,875,0.460539790927279,19.65785545556797,0.41130732864267366,0.4146834183352035,0.20132381921144532,0.650819,20.257727,0.4958973,0.50141823,0.24661198,73112,0.19027921265472175,0.5998712137435547,0.08458996444814665,0.08673481458258214,0.04528816337255431
model,877,0.22834551127210972,29.729632400278295,0.6485726733476624,0.653115808441562,0.2137628872720657,0.342903,26.628868,0.39753038,0.40638548,0.25310308,115365,0.11455747692330959,3.100764297250951,0.2510422964364991,0.24673032708398757,0.03934019013958592
model,870,0.18671124964799263,20.589108471308275,0.2141942187348679,0.22748732531339957,0.3441035610417828,0.23206744,19.466583,0.23896624,0.2526363,0.34351712,103587,0.04535618633185051,1.1225252193551505,0.024772022744052075,0.025148988125015953,0.0005864363889202528
model,878,0.32288420308333626,23.66460572267149,0.21423014883388214,0.2268569181881515,0.4519622786132592,0.27372476,24.000326,0.20137854,0.21115078,0.39044908,102324,0.04915943849784127,0.3357204339447222,0.012851609629284666,0.01570613786798397,0.06151320172231378
model,872,0.41842778015080057,17.113691474304197,0.24216532724691436,0.24576124267470673,0.2183933911452135,0.5073852,13.901996,0.2419418,0.24626032,0.23392703,24942,0.08895741415080466,3.2116958154296853,0.00022353249383971763,0.0004990725051181033,0.015533635245815858
model,873,0.9933421354720385,4.103352346415605,0.23665066718915412,0.2540907719929397,0.454004542012831,0.99382055,3.8106523,0.26952228,0.29201302,0.48818466,134292,0.000478412585517618,0.29270009040364187,0.032871612311807186,0.037922247330409276,0.034180118660310455
model,883,0.7495904980359007,20.036140909089124,0.2724021698996922,0.27629119042775424,0.1982854558599575,0.42081887,26.239532,0.23760197,0.24084072,0.20013571,67472,0.32877163273667587,6.203391561614001,0.03480020423387492,0.035450472277615386,0.001850251995267116
model,880,0.5613787058269714,24.504494880483016,0.3644166401007106,0.3689900462385935,0.21504016416446098,0.6515215,21.068537,0.32093278,0.32567686,0.2018101,52668,0.09014279809835213,3.435958122060164,0.04348386436485552,0.04331318781345311,0.01323005752936729
model,881,0.8307089096167818,11.543325047828063,0.21039708759129241,0.22164122023742078,0.3931631206868554,0.8444077,8.516929,0.24276932,0.26099914,0.34991148,19298,0.013698768033669873,3.0263963750375353,0.03237222824752137,0.03935792288620593,0.043251639544811316
model,885,0.9567643920085563,5.4461091210310215,0.2567061918703379,0.2657081555454058,0.26416522286275756,0.9488196,4.9630165,0.24212018,0.24945453,0.25098795,84999,0.007944814314617132,0.4830926110212559,0.014586015316611689,0.016253627452067765,0.013177275875605465
model,882,0.8741030073754791,10.586290796118476,0.29267463366299223,0.3035015786629555,0.24483270267540488,0.9206972,12.252737,0.29845813,0.30658802,0.27705142,62663,0.0465942048437592,1.66644624916961,0.005783495504564529,0.0030864452380302,0.03221871634429421
model,879,0.10699849896302843,30.146751006138164,0.5972915095327522,0.6034252035355336,0.2473449751089228,0.061811052,29.63626,0.6677872,0.67281103,0.25139996,77374,0.04518744670024538,0.5104919271586716,0.07049568471926193,0.0693858278060191,0.004054988985239177
model,886,0.49922004118043956,23.10063775824885,0.21575921070698476,0.23460792101244526,0.458649447315561,0.350924,24.36004,0.23318832,0.28073177,0.5937065,101521,0.14829605593759593,1.2594029064240004,0.0174291055190208,0.0461238464035551,0.13505704129375296
model,890,0.49394698394481457,18.301451357938316,0.33585458921954287,0.33745008139499827,0.1832029969211803,0.4862936,18.252342,0.33568993,0.33775452,0.17704211,93721,0.007653370034139517,0.04910913381722182,0.00016465711161745,0.00030443639865712635,0.006160885166762886
model,888,0.8319263148808753,14.998782900383922,0.6186626695299663,0.6228875413131251,0.22500831997804294,0.7331022,15.036664,0.409893,0.41562188,0.29244965,61784,0.09882411246540901,0.037881108710315914,0.2087696634436168,0.2072656645965113,0.06744133317060819
model,889,0.8914358712043403,14.028350725546119,0.32185659275549383,0.33548586232951005,0.32912145036257406,0.9641086,8.87326,0.24907732,0.26304534,0.33602992,54182,0.07267271510700002,5.15509118117356,0.07277927265661688,0.07244052155306657,0.006908466639150179
model,884,0.022496743673185656,26.01780713868024,0.23422698358120353,0.2384973780132466,0.23418179921893,0.017825283,26.125927,0.22655857,0.2361176,0.2730388,52898,0.004671460563043902,0.10811983275530679,0.007668417487758705,0.002379776618593288,0.0388570053121674
model,887,0.31476960021557776,22.56603641040446,0.2249773503735974,0.23397207260124264,0.274771918555823,0.19161612,26.645922,0.21861313,0.22262764,0.22896549,92906,0.12315348226132361,4.079885296748859,0.006364217539162886,0.01134443283073483,0.04580642749938074
model,894,0.25284013337640704,24.111062354406567,0.19720568848816636,0.22274763564948466,0.6130892881493994,0.2633009,24.253426,0.19633445,0.23374833,0.6281728,50398,0.01046076231451093,0.1423632437379645,0.0008712370511698986,0.011000696016508077,0.015083526696639371
model,891,0.36997154320024955,27.28869274943077,0.5307279052628359,0.5345640989298498,0.24969753656161225,0.42245373,27.07853,0.3918988,0.39852232,0.27256495,136587,0.0524821880981971,0.21016339152061292,0.138829094399341,0.13604178152033441,0.022867411043520802
model,896,0.9247907063257542,11.712371476251327,0.20229691065345934,0.21797302999612553,0.48058811149937447,0.9502686,8.629272,0.2138359,0.22741826,0.41195667,130104,0.02547791988731951,3.0830990153138274,0.011538984408033581,0.009445228790075949,0.06863144359928902
model,892,0.563900678691401,22.715546011485486,0.870285305921892,0.8709184721826673,0.08585569153009115,0.48899835,24.991411,0.80181074,0.8022883,0.0826577,44451,0.07490232521010831,2.275865197620959,0.06847456449733147,0.06863017834416629,0.003197989262921197
model,897,0.02842338482200013,31.205124089917273,0.35475370775261117,0.37509814945445336,0.3488408730900285,0.12520073,27.29738,0.3038398,0.334308,0.34787557,2777,0.09677734872044219,3.907743642529578,0.050913905010606775,0.04079015103564537,0.0009653077995774306
model,893,0.7113493547092385,20.628831732254767,0.18703827540694076,0.2091932176245587,0.5845159375634738,0.6609482,21.936636,0.19643714,0.2357703,0.6441909,102203,0.05040113779410793,1.307804238814569,0.009398859931842501,0.026577082406149616,0.059674969914858766
model,898,0.20795481408388772,27.863788381044476,0.4290127935289685,0.43473193138973365,0.26145555894183814,0.26709038,26.192656,0.39399448,0.40058836,0.23450056,41400,0.05913556610791526,1.6711328176899833,0.035018313157493264,0.03414356798069129,0.02695500175761878
model,900,0.7358951855972439,19.541402006809868,0.7116417241914207,0.7142027854937095,0.12359560973024104,0.7316212,19.277857,0.6905189,0.6919804,0.1038763,52511,0.004273979790511695,0.2635451800276414,0.02112280853819193,0.022222363950588186,0.019719309574124558
model,899,0.6804838571982654,21.6657808022795,0.35652399541447494,0.36143947432964313,0.2885133623306489,0.319169,25.13501,0.3804939,0.38441417,0.27467406,124523,0.3613148425059589,3.4692289633455005,0.023969913706084756,0.02297469188243878,0.013839304370138639
model,902,0.9468104701596746,8.8690504447895,0.25180079326636406,0.26249124306808846,0.3541360487183601,0.92528313,10.389412,0.26914302,0.2810756,0.33944628,60811,0.021527336176062506,1.5203614814800304,0.01734222187989143,0.018584353741298743,0.014689772292044767
model,901,0.5334732165665403,18.30828579911514,0.22917714992686158,0.24015319043251596,0.3522559333358931,0.64228195,14.925413,0.2727037,0.2867194,0.40805823,100861,0.10880873295357074,3.382872667401273,0.04352655729130858,0.04656622117904105,0.05580229277265791
model,905,0.3429783927100546,26.977233929710714,0.7104982307957034,0.7119116092395518,0.13686404542309535,0.69967145,22.643763,0.5616817,0.5639726,0.14573354,44605,0.3566930545670145,4.333471341209737,0.14881654296382474,0.14793901688573097,0.00886948986666905
model,895,0.23370615233212805,24.96391282615118,0.21166615585146287,0.2366644524147358,0.4932704032487947,0.1413921,24.822742,0.21169795,0.23587182,0.5546853,89024,0.09231405545502996,0.1411703639929769,3.179510774276029e-05,0.0007926307728138016,0.061414891379348635
model,907,0.5968847902778665,17.069206537237626,0.21755099138831266,0.23640506160420932,0.4457569920972139,0.30423313,21.457003,0.19765507,0.22261463,0.5138273,63436,0.29265165648498925,4.3877961025328815,0.01989592454051145,0.013790430547423738,0.0680703318163603
model,908,0.8288101114896247,18.330978826828634,0.24869089417293055,0.27414367531949585,0.3977425721030056,0.937046,13.042496,0.25015235,0.27515495,0.4343688,52149,0.10823587993112116,5.2884830992895715,0.001461455299115344,0.0010112729150622557,0.036626217093008784
model,909,0.8756198499341423,14.427291576727221,0.22546688642533155,0.23076370104566685,0.2612048719880707,0.9067012,14.220901,0.22612058,0.2293623,0.21165399,762,0.031081357226807382,0.20639104114372486,0.0006536898371425071,0.001401406967793617,0.04955087945438691
model,910,0.29721501502320835,23.04006656352977,0.2826896234438188,0.28533637829474223,0.16189125730581475,0.36828646,21.711596,0.30979657,0.31346068,0.17294703,39285,0.07107144561483791,1.3284710282514496,0.027106948287748567,0.028124299567425126,0.011055776933954237
model,903,0.7323861705886264,22.13808381758156,0.5882157065553277,0.6072915039505958,0.3985761501422144,0.7650523,20.311796,0.44187534,0.45800036,0.43461862,133936,0.03266614798437162,1.8262876292270676,0.1463403680009454,0.14929114203119276,0.03604247192237603
model,904,0.3183607754168991,23.455191002319573,0.177576217043904,0.2030300804009396,0.5315836422667372,0.48038563,22.155483,0.19206777,0.21685629,0.5104086,10666,0.1620248559059616,1.2997077564699637,0.014491555106135673,0.013826205528740282,0.021175061963545017
model,911,0.881202864893566,17.862120183905297,0.26338722840552664,0.28090204206862474,0.3501762866057516,0.9524215,13.368615,0.23082398,0.25026196,0.38930023,59237,0.07121862148415004,4.493505033453637,0.03256324962382651,0.030640079654836894,0.03912394055947055
model,913,0.7587063864011729,21.167549172401493,0.289542036216032,0.2931738709178756,0.2207396305826908,0.6933662,20.204279,0.2957316,0.29875898,0.20201619,133559,0.06534015686702377,0.9632702264786417,0.006189567883241709,0.005585112694184935,0.018723440888286202
model,912,0.6668433426940558,19.03049129809633,0.323134844634303,0.3329702057033043,0.3944209601120706,0.5643141,22.478079,0.26913533,0.28150517,0.42108068,118467,0.10252921572567197,3.4475875440667565,0.05399951848722351,0.051465038219020875,0.02665971858933014
model,906,0.7445423322642657,16.5898711081526,0.27133388901039934,0.302367090783481,0.6631779499009254,0.7914802,17.64273,0.2691887,0.30782408,0.6656633,126199,0.0469378513371137,1.0528596047380248,0.0021451869039235127,0.0054569844385343735,0.0024853520438072874
model,917,0.9806796838699453,6.373291713580848,0.23572523655133987,0.25677868948069055,0.49542063266658354,0.98416114,6.6782737,0.23772535,0.25999463,0.5395078,72648,0.0034814546646005917,0.30498196424507995,0.002000110729162452,0.0032159365645365035,0.044087173634533405
model,915,0.7397373447470329,21.50235095095024,0.2399347773024715,0.2670184036335862,0.4964297779886139,0.79990005,19.064789,0.24423046,0.263869,0.46965408,138145,0.060162710184607726,2.437562132590866,0.0042956867983661995,0.003149416073313982,0.02677569473666075
model,914,0.17846792683098706,25.85370613295457,0.2662133667934309,0.27358359920036984,0.3149763558603475,0.27560154,27.171581,0.28137264,0.292628,0.311852,69483,0.09713360920455066,1.3178751353559761,0.015159269763194483,0.01904439104544925,0.0031243477560231603
model,918,0.8937092721932018,12.393015054806618,0.22999571702468233,0.2539351185740247,0.4347160737131928,0.89234406,14.094269,0.23430258,0.2724958,0.5058347,43340,0.0013652146332348014,1.701253744021507,0.0043068633319155725,0.018560687643168927,0.07111862496387017
model,920,0.4764792262571997,15.84209992154453,0.25786571078012926,0.2625655025679171,0.2433118814804057,0.34522092,19.425344,0.2902765,0.3118679,0.37322077,57088,0.1312583028334326,3.5832445456185553,0.032410786822333504,0.049302390174239874,0.1299088900707265
model,922,0.403665902682595,27.396626090880847,0.6222709367461289,0.62588855624732,0.2349935988681814,0.36817273,28.30994,0.54987913,0.5559186,0.22626477,40239,0.03549316770678018,0.9133142472539184,0.07239180304480441,0.06996998191412906,0.00872882406883449
model,916,0.972592906855442,8.08215418326283,0.26769376231373765,0.27873152832362696,0.42452511049226144,0.9726848,8.115215,0.21439141,0.2296534,0.46081564,38619,9.189376940543781e-05,0.033061118250842014,0.05330235196293809,0.04907812516067073,0.03629052781149528
model,919,0.7652017089975112,18.91197448187653,0.27052909471910036,0.3021835846711188,0.6044093537975137,0.55046326,21.28202,0.25466776,0.3815084,0.77048755,51180,0.21473844977738787,2.3700460869711257,0.01586133577744997,0.07932482530584045,0.16607819312326266
model,925,0.39358001589760827,27.89572421343515,0.40831475406512446,0.4131152843556999,0.24742899509267693,0.2922149,29.64516,0.5304479,0.53441167,0.2168727,117608,0.10136511564240502,1.7494364616136764,0.1221331462301331,0.12129638442176593,0.030556288083361444
model,924,0.47350014294412474,24.313984029362967,0.2679415353481698,0.2767710551908155,0.37804541330749497,0.7681941,19.173077,0.34699196,0.3536294,0.34229916,138967,0.29469393645498415,5.140907399724295,0.07905042088580849,0.0768583550760607,0.035746249965972754
model,921,0.8826558396175154,10.733063747581177,0.31904600920055415,0.3260418896102452,0.2617428463324259,0.95348847,9.310511,0.26995516,0.27849934,0.33283037,79504,0.07083262950632496,1.4225531122052004,0.04909085096691157,0.04754255455966233,0.07108752314007777
model,923,0.9791980293102145,8.908729102166802,0.27089869253492727,0.2793543779167692,0.3628926223881521,0.9584068,12.775544,0.22926243,0.2377723,0.34893048,29896,0.020791223318088026,3.866815064398139,0.0416362660393752,0.04158207707734507,0.013962144292143819
model,927,0.3982080110152925,25.47922493425406,0.19371302734284296,0.19803204857811035,0.226564248641749,0.6032759,17.84656,0.19881113,0.20207034,0.21257631,122448,0.20506788410342086,7.6326654097179265,0.005098101392699339,0.004038291936072691,0.01398793383481084
model,926,0.38293947143148577,23.59961744893326,0.5885217736052789,0.5896942667835198,0.11880420921572998,0.29377827,22.710182,0.6261268,0.627213,0.11448529,112163,0.0891612009484688,0.8894352589918526,0.03760505220419985,0.03751873446770093,0.004318915588944705
model,932,0.46940396549397917,20.511000956922164,0.22084584646712602,0.22686598509289935,0.2634656416194699,0.6481691,18.81404,0.2956493,0.30428904,0.30844465,81374,0.17876513479059725,1.6969617265754842,0.07480344361771285,0.07742305785677717,0.04497900736162447
model,930,0.9704025340817304,8.16426705651871,0.26116403258852844,0.27170889079490224,0.36489614198210973,0.96003556,9.013746,0.2769589,0.2871578,0.3111648,138672,0.010366971566471594,0.8494792050779694,0.015794880022479252,0.015448912978977769,0.05373134562972326
model,933,0.5987570119481131,13.339716199992537,0.28102240812908186,0.3013114405151405,0.4854839957664426,0.39827037,19.743946,0.25387603,0.30252802,0.56595707,22533,0.20048664337206334,6.404229875446916,0.02714637768398298,0.0012165832046470704,0.08047307363053008
model,929,0.47177693571846796,21.98686680939046,0.27825587669779317,0.3109801512572524,0.5969688559261853,0.42345348,21.559727,0.3755888,0.618945,0.8331574,40510,0.04832345571320368,0.42714009430256894,0.09733292778562053,0.30796485129859474,0.23618856423220091
model,935,0.7146522059462483,22.397848441642587,0.3583514829280731,0.3669300374338628,0.2665776624878281,0.90963435,14.774024,0.39075086,0.39853978,0.22460996,95851,0.19498214578409834,7.623824431937997,0.03239937227937012,0.03160974413657175,0.041967706342541544
model,934,0.9863020488861338,9.594747607790836,0.22527141980642723,0.23236290846457625,0.26632411037768894,0.9595471,9.739053,0.3211356,0.32575026,0.22983202,78734,0.026754946434809357,0.14430516473113641,0.09586419053559853,0.09338735308060503,0.03649208699550205
model,931,0.6922314247738316,21.442009136897532,0.22467832117436262,0.22977155319519138,0.23351021293443225,0.5821299,22.811275,0.2210041,0.22572014,0.24069737,111728,0.11010152908672832,1.3692663452802023,0.003674222520569287,0.004051415837479588,0.007187156045021792
model,937,0.48984976304514144,19.029006083188417,0.297980835552267,0.30007231930994543,0.19352605442791634,0.4935942,20.449076,0.27239332,0.27420944,0.17110798,20756,0.0037444363738801667,1.4200696156641222,0.02558751952176469,0.02586287955545935,0.02241807679920846
model,938,0.6533601734990837,23.220973003843643,0.23834728304325487,0.2530701564553435,0.3940343044178353,0.54899615,22.752865,0.25121728,0.26598427,0.38069707,31889,0.10436402300546188,0.4681081661971582,0.01286999281467055,0.012914110541040191,0.013337232865558712
model,940,0.03441314919895359,20.38692323343224,0.25384635455242716,0.25804290735042335,0.21924992486124922,0.034491178,21.069416,0.3197381,0.34318835,0.31456754,100972,7.802844935230618e-05,0.6824928127103398,0.0658917354858724,0.08514543808185815,0.09531761125439714
model,928,0.9857604067209715,7.712772472906394,0.2504088476029315,0.2890935404130652,0.5383982437205131,0.9796422,5.790053,0.2850356,0.3373104,0.57048786,70155,0.00611819433007188,1.9227195821288063,0.03462676259604314,0.048216863172368785,0.03208961314441605
model,941,0.6691913772297922,10.656789794254244,0.29330766210983367,0.29613362335934457,0.20953485157192062,0.69275993,11.825057,0.31477907,0.32326886,0.23546235,4612,0.023568553857701735,1.1682672354698767,0.021471410890120557,0.02713523721919242,0.02592750106155564
model,942,0.3805302442297902,28.537101963455246,0.4093070603046361,0.41130457224092254,0.1642180583043031,0.17161937,27.450245,0.30578044,0.30876613,0.16015938,33462,0.20891087365007066,1.086857059890793,0.10352661973571214,0.10253844560823211,0.0040586790604524026
model,936,0.6699665501465403,14.540608270631587,0.29580457938638566,0.3021368311543405,0.2824938312683179,0.7122578,16.15376,0.32974997,0.3358979,0.30678007,114564,0.042291252339879404,1.6131526394025926,0.03394539224180343,0.033761061559206273,0.02428623879813413
model,944,0.17339580245180786,25.88249280909993,0.2699035861015987,0.27715003862006826,0.28329674661977233,0.38895562,22.45186,0.33418542,0.3394896,0.24024624,63373,0.2155598204596454,3.430632381243484,0.06428183536522869,0.062339570382998755,0.04305051029546203
model,939,0.9023972565832248,13.715210738559321,0.24007828841454096,0.24662717835601491,0.31205471411864677,0.7475401,17.135298,0.23057887,0.23787525,0.29825774,60156,0.15485714027310515,3.4200870367092335,0.009499418833318424,0.008751925393902488,0.01379697576682487
model,943,0.9819190062903623,8.302525571935206,0.24301805901216758,0.2524442130928456,0.3222218608071187,0.97834504,11.321638,0.3334958,0.34195074,0.30408514,33123,0.0035739697837094964,3.0191125353645987,0.09047773671460854,0.08950653129764208,0.018136725347218774
model,948,0.8349117413368035,8.694565834420267,0.2980692327606922,0.301735829399478,0.17885000529490738,0.82101154,10.389992,0.39539912,0.40065783,0.19587244,30393,0.013900198062877678,1.6954259258336393,0.09732989066955988,0.09892200322305006,0.01702243563927383
model,945,0.9931641863594393,4.8572521980513415,0.23747304596846566,0.255151068578089,0.48420234523304195,0.9815074,6.5414824,0.22938833,0.2766466,0.6662839,67724,0.011656765819583303,1.6842302505265394,0.00808471956198678,0.02149554549661803,0.18208156027309208
model,951,0.41950011265864,26.36932042189814,0.6888802805780704,0.6900271109812701,0.1368776713175419,0.27722174,27.01156,0.75704265,0.7580726,0.1266458,14927,0.14227837336649524,0.6422400181653352,0.06816236583001067,0.06804550368852968,0.010231867866003802
model,946,0.6523545889808322,20.027667162622134,0.25391382348226016,0.282540446231597,0.5112108763214702,0.25230572,22.778788,0.28079793,0.30474338,0.4330975,70399,0.4000488727046634,2.7511204502929054,0.02688410508944089,0.02220293312287991,0.07811336479154773
model,947,0.9704309288036684,9.670249428511767,0.24122402561478704,0.2684341710187707,0.513455903375054,0.9804085,8.046389,0.27094376,0.35258675,0.7262613,70753,0.009977560900463645,1.6238608024131338,0.02971973525710017,0.0841525751970496,0.21280541435489597
model,949,0.7239974454998105,23.046197381014725,0.2911468984214949,0.2985414622366412,0.3480865906457461,0.8047017,19.57317,0.40438575,0.40835792,0.2711665,21079,0.08070424040564605,3.473027672762772,0.11323884710386523,0.1098164560258405,0.07692008721633325
model,952,0.8283989191039174,17.499273091433345,0.1759227126083197,0.18193546056361617,0.3539104275118002,0.7258901,19.339994,0.18591307,0.19534288,0.36535096,66599,0.10250881910162857,1.8407213391086472,0.009990358428019097,0.01340742290405808,0.011440534173380479
model,950,0.799971389878842,16.400514998775186,0.22427803112200798,0.24311895845637163,0.4318469128139965,0.8506357,17.036924,0.24177907,0.26218128,0.4030643,83613,0.050664317499545475,0.6364093634074308,0.017501042950829854,0.0190623235870854,0.02878260226330681
model,956,0.7011749067518122,22.883204729070858,0.49547576443260843,0.49898583139610103,0.20326370437723415,0.89216834,17.034542,0.3264587,0.33026856,0.22967462,116110,0.19099343631535703,5.848662645330624,0.16901707188194925,0.16871726955604366,0.026410918039262127
model,957,0.9325454661451886,7.378208639402146,0.48420919982680055,0.518666855881505,0.38022525072615804,0.8737547,10.102742,0.36118668,0.38821444,0.33712333,112198,0.058790785988480865,2.7245335557272483,0.12302251664885255,0.1304524167278337,0.04310191631835164
model,955,0.2559605156260237,25.035678228472086,0.210677189193457,0.22412179534671098,0.4263118121570796,0.106921494,25.175964,0.23720576,0.25686738,0.43085557,20639,0.14903902161891308,0.14028612699666354,0.026528569497377058,0.03274558360340804,0.004543760066583746
model,953,0.2592777496424712,25.97384695284861,0.2881240357463648,0.2894292871369119,0.14128857386265717,0.13044788,28.727377,0.28851244,0.28985053,0.14224637,35027,0.1288298702088393,2.7535299850176003,0.00038840278932550376,0.00042124587166353367,0.0009577916845230072
model,959,0.7222328059565416,22.025172020670936,0.3767370109268199,0.3823178924739873,0.2750673617535682,0.7837815,19.704144,0.4285409,0.4333179,0.24493283,97943,0.06154872251635879,2.3210284965010146,0.05180387452163593,0.051000007229992206,0.0301345314198585
model,954,0.2461072630496609,21.945029173594293,0.24240860535153916,0.2472538240390577,0.24809032167012737,0.17678416,23.257652,0.25689152,0.26303113,0.26592356,110804,0.06932310529667018,1.3126231091205511,0.014482913479713894,0.01577730102960684,0.01783323799555256
model,962,0.8706218614065729,13.696909067150955,0.23932723401203498,0.2439532687855258,0.2712297285089222,0.86947787,15.917178,0.21835071,0.22345679,0.2697422,55122,0.0011439933264337787,2.2202690868407444,0.020976525527385326,0.020496483702708734,0.001487537671062078
model,958,0.8742791641097589,15.60080026686537,0.510527145018016,0.5145938361994259,0.2312875644517193,0.6247369,24.078648,0.48511598,0.48675308,0.1612137,3641,0.2495422590117975,8.47784734666002,0.025411169876490725,0.027840759884499744,0.0700738684487591
model,963,0.02971426473889258,25.621159325229925,0.2128911106081277,0.22248031613125502,0.3669243113572432,0.0506878,24.407324,0.20697156,0.21413006,0.32013997,91338,0.020973536353970503,1.2138354879496518,0.005919554659870263,0.008350257246634352,0.04678433700154555
model,964,0.6394314203635705,25.242012014786393,0.4614993611849922,0.4634029771574393,0.20666897490556368,0.5530839,26.548082,0.42476973,0.42730507,0.19291241,125504,0.08634752372660759,1.306070336898177,0.03672963180915295,0.03609790461143403,0.013756560235573145
model,961,0.7279979922944168,19.734803674317487,0.2148490934221739,0.21750147797846078,0.24552015919605694,0.8766431,15.198413,0.22010013,0.223847,0.2641178,63964,0.14864512894810644,4.53639077911485,0.005251041188955863,0.006345523812539583,0.01859764795383015
model,966,0.32289495365362314,25.122731171150736,0.48982408598233607,0.49059790614322646,0.12224403588449015,0.53785443,25.54105,0.5453327,0.54644996,0.1428948,37554,0.21495947940606924,0.41831878612465445,0.055508584229455926,0.05585205313488023,0.0206507685932015
model,960,0.943834517355915,12.324730362159443,0.23587178736890269,0.28996784352717025,0.6924216862276306,0.8562495,13.823387,0.25637937,0.279719,0.53630334,129166,0.0875850061140021,1.4986567838366511,0.020507578552117822,0.010248848432870938,0.15611834483892817
model,965,0.7685126084212847,23.940189695095384,0.47034513456731025,0.4721383457330927,0.17437251201005097,0.9210695,16.164253,0.30663526,0.3092137,0.20700629,7024,0.1525568944092207,7.775936460232103,0.16370987398534004,0.16292464782278387,0.03263377854494934
model,969,0.08613271005576455,24.369895479298364,0.1986130234563983,0.2290954420210563,0.5954639848897431,0.06924335,24.13663,0.22386958,0.26898915,0.65000165,121660,0.01688936092084252,0.23326637468410638,0.025256553593810738,0.039893703734711516,0.05453766019845274
model,970,0.07816188820522287,31.305643605913026,0.40424357471527306,0.4052680635977676,0.10245028235191532,0.16355546,26.235617,0.29262534,0.29364786,0.11724969,34601,0.08539356998283408,5.070026921953065,0.11161823687614647,0.11162020807751921,0.014799407644327203
model,972,0.9764414795965991,3.7130276357444956,0.27543085313096755,0.2914606801947851,0.33993064235088183,0.9782174,3.4259353,0.28566405,0.31918043,0.3905963,118505,0.0017759433655896162,0.28709236734239596,0.010233198640196395,0.0277197487869959,0.05066565801265882
model,974,0.18371807597668177,30.67843150193193,0.7472496535255782,0.7477729258817121,0.08778976134926642,0.178642,27.147287,0.93290675,0.93363845,0.088856325,23861,0.005076071248364511,3.5311441331575146,0.1856570933387407,0.18586552760186947,0.0010665632042232698
model,967,0.8865289783818947,14.966203138479642,0.18905280159246676,0.20235975417063995,0.4930826587644226,0.8292622,17.561625,0.20040555,0.21771908,0.5097958,36100,0.05726678136422503,2.595421388497897,0.011352751390817234,0.015359323893324894,0.01671312618583376
model,971,0.2434399978430086,24.02354428060494,0.2513344599980863,0.25458920878850766,0.17574103456218046,0.29423884,27.709335,0.30042893,0.3032192,0.17075296,63676,0.05079883773018781,3.685791046543496,0.049094466946646376,0.04862999039209537,0.004988077098915994
model,968,0.6906571679615812,22.24903730039502,0.2586346090314531,0.2713550527602741,0.4280570217777879,0.7613112,19.206514,0.27873358,0.29800326,0.44611934,13892,0.07065400547744471,3.0425229418745126,0.020098972273097093,0.026648203560679262,0.018062316496214148
model,973,0.9031227881975362,18.47877955984839,0.32827380726637956,0.3341247700721255,0.3201346400991605,0.89209133,18.385166,0.47311878,0.48095503,0.2848858,88392,0.011031454331416835,0.09361339163550042,0.14484497477707747,0.14683026442227454,0.03524884617482882
model,976,0.6288119267930884,21.234324533871128,0.20223589959024185,0.2330048127815459,0.5141964579303187,0.7302237,18.54206,0.1977592,0.22062029,0.46663278,27429,0.10141178851223998,2.6922636818203465,0.004476703428018036,0.012384523336622488,0.0475636745173853
model,980,0.696699414849323,21.611517170621607,0.27516005731283444,0.2785781238326804,0.25087676679337156,0.726082,21.71793,0.22893505,0.23415019,0.2711679,49627,0.029382612109142614,0.10641266946628392,0.04622500932871121,0.04442793765161196,0.0202911373451935
model,979,0.41460566243709646,15.275599212916404,0.21373954938004436,0.220812966799964,0.32164165633881997,0.36181617,17.521343,0.21418272,0.22137085,0.3264155,55034,0.05278949460567556,2.2457440182847677,0.0004431702082353661,0.0005578792331323024,0.004773852646699439
model,978,0.8852367591359632,16.584325150898785,0.1846654348472522,0.23413500881449548,0.8504469783434203,0.7479091,19.241869,0.19327994,0.25706863,0.90497833,2819,0.13732763047003915,2.6575438218795355,0.008614502062423396,0.02293362521870765,0.05453135656029673
model,977,0.14304452485272057,26.667041544509107,0.6230278171837484,0.6373289615363034,0.2842771984242454,0.39733192,27.27248,0.48501095,0.49722373,0.32870194,72920,0.2542873983936631,0.6054384664772208,0.13801686542631741,0.1401052266806515,0.04442474473485797
model,975,0.9921515389310911,7.105937377259572,0.16969074860752797,0.2173176223456066,0.9267961220914334,0.99204063,7.0438666,0.17539856,0.2104582,0.7355865,102119,0.00011090477581765512,0.06207074289067549,0.00570780977069163,0.006859418195406697,0.19120959808172877
model,982,0.9647180140841891,5.8165574566543015,0.34246505687757434,0.3703702136155073,0.42155470620984276,0.97581416,5.2510104,0.36895105,0.38628113,0.37772638,36919,0.011096149600655858,0.565547038716069,0.026485995549717534,0.015910919082551767,0.04382833015317161
model,981,0.9834762950509153,3.402007405426815,0.5569155257839492,0.5620588284426694,0.19728753775288208,0.9601258,5.605202,0.3749286,0.37965736,0.2405342,35042,0.023350491103466542,2.2031947926017494,0.18198693214839012,0.18240147051153233,0.043246663511499334
model,984,0.19295937396416862,27.369326741650717,0.3253523017355416,0.32948391498274465,0.20615468422091782,0.2193006,26.643793,0.29975104,0.30524713,0.21111889,63773,0.026341223941944047,0.7255336355716153,0.025601258415839434,0.02423678697294851,0.004964207614294891
model,985,0.6331707791988093,23.353512038593504,0.29360821294538714,0.3203362747289687,0.4388371840061359,0.7443527,23.100006,0.2890042,0.31640932,0.37108287,66000,0.11118191912730158,0.2535059350778788,0.004604006287977469,0.0039269550897627625,0.06775431185380743
model,986,0.6642361608072958,19.734193705965687,0.24231573144672,0.2501490046876648,0.3476854185963594,0.6973837,18.714375,0.24919657,0.2569734,0.3447105,40013,0.0331475409940043,1.019819163729359,0.006880842645191315,0.006824381123187229,0.0029749195481263424
model,983,0.2444427059152982,25.853555870757514,0.4702437903499718,0.4751031941127612,0.20108544476426476,0.29424864,25.666697,0.46813968,0.47378114,0.19244988,40370,0.049805934621963754,0.1868593222956001,0.0021041121101494364,0.0013220554542376362,0.008635562137731256
model,989,0.3308202626900815,27.360409606490574,0.2525489024350225,0.26506258901656693,0.3116666383336128,0.26212144,24.331442,0.27538976,0.2804465,0.27184635,39050,0.06869882370997898,3.028967727218113,0.022840858297628275,0.015383910569538417,0.03982028432589185
model,987,0.8995320360001816,17.85219964498041,0.4289316071373337,0.4344411607203092,0.29162732401957553,0.9020502,18.782125,0.42976412,0.43459922,0.24769625,42403,0.0025181611242995894,0.9299258280420517,0.0008325146335250722,0.0001580600324068704,0.043931073342466764
model,993,0.5652062685941205,26.413763437214378,0.49116325158963015,0.4940048472420022,0.20163592832916347,0.71020895,22.95563,0.41139838,0.4140401,0.22537066,85966,0.1450026838327899,3.458134088459495,0.07976487059483339,0.07996475858843777,0.023734732095069017
model,988,0.7590834973759893,21.2956123520373,0.3140070812961542,0.31843772320218927,0.20573563591202354,0.54142725,21.67643,0.3271299,0.33034238,0.193406,102181,0.2176562426991705,0.3808173964978572,0.013122819159320676,0.011904658990422423,0.01232963517864799
model,996,0.9859337084260078,6.771323429305163,0.2634108854440543,0.27491353781257377,0.39908219365508407,0.97611487,13.621482,0.4075573,0.4137913,0.3266382,30624,0.009818839308270988,6.850158466141615,0.14414642322980437,0.1388777610536982,0.0724440017166838
model,991,0.4623810879192783,23.397894139487487,0.21959577822972137,0.23394151646606434,0.440037688859906,0.5414959,21.140804,0.23423591,0.25293297,0.4521782,74643,0.07911483130832181,2.257089848716003,0.014640134331695254,0.018991449289398304,0.01214052116015929
model,990,0.5973037832080508,25.062325870799878,0.4345802253148519,0.43667063192005373,0.19753652123694362,0.7193226,22.25183,0.4060398,0.40813142,0.16133983,78461,0.1220188386143064,2.8104967234610108,0.028540421094652324,0.028539211307718526,0.0361966869044775
model,995,0.04795206438405549,25.825323195475647,0.2248438249849497,0.23409733644736644,0.329539480212755,0.049119532,25.253155,0.21722645,0.25014082,0.48023608,60720,0.0011674677242513934,0.5721684408369754,0.007617379310053463,0.01604347952591542,0.1506966030563643
model,997,0.9334314704721476,17.125720224900867,0.3074020684048482,0.312694884203054,0.2868086505185538,0.96010333,13.609767,0.31119263,0.31621498,0.29383358,118379,0.026671862524220824,3.515953264756824,0.0037905633166483987,0.003520094491861747,0.007024933074814721
model,994,0.9718559341148012,6.873697223136858,0.24022438400313698,0.2580652055381968,0.4993464810418704,0.9869026,7.095591,0.20714635,0.23366755,0.49821338,71125,0.015046660451544014,0.221893845130964,0.0330780374340757,0.024397653067035896,0.001133100466690351
model,992,0.9691380906053749,11.939849768713032,0.17279896154713836,0.2004559418438715,0.747891691692961,0.44150457,23.306345,0.22121704,0.2659345,0.8438313,49226,0.5276335227438179,11.366495217248882,0.048418074700115055,0.06547855527412472,0.09593960904251264
random_baseline,1,0.8775073980650758,15.54639073395078,0.2024117330918711,0.21318667176076747,0.35986961074982116,0.19029836,29.206373,0.668512,0.67043525,0.12942995,74123,0.6872090344986772,13.6599824807709,0.4661002536406118,0.457248578044683,0.23043965943966338
model,998,0.9166642512769851,14.8478769404187,0.23739688333411058,0.2805393230613216,0.6741993778092957,0.8620118,10.020809,0.37383422,0.40889284,0.6140294,80624,0.05465246100141141,4.827067766834716,0.13643733922104995,0.1283535170856968,0.06016997030807503
model,999,0.2540193988540072,22.933614436832336,0.27644909456126243,0.3073215469206802,0.45407304927280573,0.1059202,26.758583,0.29375872,0.36184826,0.5995507,122098,0.1480991958238978,3.8249686320153202,0.017309625598268208,0.05452671801195225,0.1454776747567353
random_baseline,0,0.9568335379252283,4.102567745285228,0.3257691565694701,0.33334379505419853,0.25300076168750746,0.7584671,13.679777,0.24725586,0.26755,0.47606024,33458,0.19836645971630495,9.577209400100514,0.0785132948102843,0.06579380344653252,0.2230594797732927
random_baseline,5,0.29203368537829405,26.54204525511453,0.33490056512966754,0.3465281815801738,0.2787112530599226,0.8926104,17.333122,0.20670004,0.21893375,0.43974382,117269,0.6005766857345294,9.208923001696562,0.1282005232395232,0.12759443536149245,0.16103256379264697
random_baseline,4,0.02588862269018119,23.899096541962745,0.20872459150729208,0.21455124734529468,0.2519673591523769,0.9542749,7.8531504,0.23684888,0.24990356,0.3851833,16005,0.9283862701168256,16.04594617422593,0.02812428437294931,0.035352312339458736,0.13321594539588666
random_baseline,3,0.6098059774788996,24.44374026991663,0.31725021119623803,0.3259299011734757,0.3395357360232732,0.8215711,20.109015,0.26017472,0.27023384,0.29238144,132514,0.2117651342001775,4.334725758808233,0.057075489716822136,0.05569606142318578,0.047154300390567505
random_baseline,2,0.9722165576412958,4.488418964549666,0.26124080699293634,0.28232125012436776,0.4899201914355258,0.27761433,16.832853,0.26614442,0.30238298,0.5041054,57950,0.6946022323563379,12.344434352711076,0.004903617683958805,0.020061725692358923,0.014185197682668793
random_baseline,8,0.13094084229629038,30.480381310068463,0.442482260200038,0.4437424727091857,0.133729849380809,0.99189395,2.958586,0.3242428,0.39422894,0.7152921,71597,0.8609531048281909,27.52179533251414,0.11823945972587113,0.04951353746748649,0.5815622467571915
random_baseline,6,0.1146670313243033,26.197534459777124,0.6028548280536254,0.6054103183556169,0.17231674062165075,0.9328691,6.2080483,0.2524332,0.26191923,0.3260561,79622,0.8182020454045175,19.989486116118677,0.35042161744228206,0.34349108813291485,0.15373935235587305
random_baseline,10,0.8878499681560259,5.933818356390724,0.25043655560020134,0.2575607862164439,0.29260151191668843,0.3533679,15.903919,0.26431936,0.2954089,0.5033014,116513,0.5344820732681017,9.97010086357998,0.01388280465599373,0.03784811833601581,0.2106998701481309
random_baseline,11,0.9925814457850707,6.8151924236081385,0.20917680794843632,0.23899990167212778,0.6937633224618925,0.58143514,20.258993,0.23310496,0.26235133,0.45395133,72301,0.41114630183746936,13.443800725195572,0.02392815118185085,0.023351432422873436,0.2398119934690489
random_baseline,12,0.19428239463136623,24.65083052760329,0.2605372377083078,0.3245739423850542,0.514834607790316,0.17833596,27.576347,0.8260057,0.82681197,0.10525237,105690,0.015946429951648217,2.925516823470929,0.5654684595420585,0.5022380268951887,0.40958223755201184
random_baseline,9,0.4367288592158516,27.602381207877844,0.4017551460939157,0.4066447563478165,0.280919105025342,0.9380948,15.09445,0.21274278,0.22207873,0.37097368,15184,0.501365935534362,12.507931210929602,0.18901237041528107,0.18456603065220645,0.09005457141775797
random_baseline,7,0.9251451965560006,13.522547833164474,0.6307343501109377,0.6764819196503483,0.49404393461217583,0.9816332,5.389304,0.2285614,0.24210514,0.4024908,3648,0.05648798978433145,8.133243672092696,0.4021729487437502,0.4343767783682667,0.09155313995351494
random_baseline,16,0.16237651890432794,29.539488845371768,0.3028891062785905,0.3105340528922004,0.21444960669245539,0.97950435,3.3362637,0.2791093,0.30948865,0.4676934,100831,0.8171278279432063,26.203225188755557,0.023779807095698657,0.0010453987555426592,0.25324378176961126
random_baseline,13,0.902349973988668,16.30050828034223,0.29235332365581346,0.297544655648786,0.23038139624420348,0.6999377,19.408997,0.30825895,0.37106785,0.69473225,8656,0.20241227276338725,3.1084883016890217,0.015905627054483173,0.07352319613305908,0.46435085253890807
random_baseline,18,0.8360362465704205,17.391246441577692,0.20802374652726047,0.22406490732410675,0.5660630458079629,0.07165852,30.52825,0.41275868,0.42202425,0.2335222,101305,0.7643777246797803,13.137003299022894,0.20473493167060025,0.19795934270641083,0.33254083926308675
random_baseline,19,0.9067346538057907,9.856230421174168,0.2577979820371113,0.3044377530485998,0.6356737970123751,0.44525677,25.671879,0.3178487,0.32355633,0.26838478,84681,0.46147788414865565,15.815648393523098,0.060050730168775546,0.019118580731688872,0.3672890125523074
random_baseline,15,0.12253637853560216,24.06954981722112,0.6331959699200643,0.6339722170812192,0.11150893757578931,0.8357882,15.258431,0.35309833,0.35740274,0.2472404,6689,0.7132518118292355,8.811118382589772,0.28009763703813684,0.2765694751721921,0.13573145677807727
random_baseline,14,0.16823156274371717,28.447794496389275,0.27045385459730903,0.2732842156129571,0.17745419415599115,0.56644064,22.261204,0.2002014,0.22082578,0.4909403,56719,0.3982090791363182,6.186590730520134,0.07025244752238075,0.052458439155170566,0.31348610845440616
random_baseline,20,0.9701191793308138,6.344776838654717,0.4435876153197154,0.47865128857747036,0.4808783373086983,0.11241332,27.629997,0.3617695,0.36447397,0.1772296,29614,0.8577058623657107,21.285220414763252,0.08181811792515364,0.1141773198331924,0.30364873914413987
random_baseline,23,0.5793118744087213,13.116318085496758,0.23122728560587624,0.23646760657680554,0.23302380134756567,0.96750814,10.810547,0.21717158,0.2430961,0.46855432,39388,0.3881962628173834,2.305771210496758,0.01405570600649575,0.006628491726989316,0.23553051660363672
random_baseline,17,0.2879518536196495,26.374706537080765,0.2684231867016511,0.2761751267493391,0.3070262878689546,0.8213266,20.952593,0.45154494,0.46469358,0.2972435,116679,0.533374759806559,5.42211368734932,0.18312175376999806,0.18851844934814932,0.009782782152630731
random_baseline,24,0.6340227099189433,19.851037652611012,0.49689375743945935,0.5005715356038095,0.2188848145719622,0.57894224,12.69378,0.24781907,0.27554154,0.46762252,43478,0.05508047063442789,7.157257707237477,0.2490746913917909,0.22502999164323823,0.2487377039674665
random_baseline,21,0.9065991510681681,12.228781199352753,0.2392304571083737,0.2523993874830878,0.39500557400456887,0.90898746,11.489827,0.19924553,0.2113309,0.39048547,123859,0.0023883114524312354,0.7389540432858581,0.03998492972170836,0.04106848192640905,0.004520108477988061
random_baseline,28,0.1583126255211192,18.81177747174828,0.24695186702680158,0.24849912911449312,0.1432318245168931,0.85911524,20.116085,0.22340457,0.23826282,0.37446204,966,0.7008026174369497,1.3043075807419555,0.023547295612807745,0.010236311850889912,0.23123021376168662
random_baseline,30,0.1700704996497808,23.155774787023553,0.36736048171271624,0.37020568411660526,0.19612506637330748,0.95581746,7.8988957,0.5376967,0.5409289,0.19346185,54231,0.7857469613640131,15.25687904651452,0.17033623745690046,0.17072321612524655,0.0026632160877773925
random_baseline,22,0.37243491028278153,21.739248530459914,0.2319889599317345,0.28692331107971597,0.5709377136295747,0.14017388,27.405123,0.50211406,0.5138985,0.28082356,23074,0.23226102803676407,5.665874226498094,0.27012509760915904,0.22697518077972006,0.2901141550606202
random_baseline,25,0.2758740104641455,24.259725857868105,0.3353454376103258,0.34209906966944476,0.23073590579987288,0.14926344,27.982382,0.34924078,0.36339417,0.30188543,20356,0.12661056890149291,3.722655962810606,0.01389534226638317,0.021295101330082222,0.07114952024459123
random_baseline,26,0.8687299552383846,15.589997798500228,0.2435802393294994,0.24761266111752506,0.2302143204202366,0.17486508,27.49588,0.2087741,0.24231182,0.4174216,16026,0.6938648733320659,11.905882328452897,0.03480613461510579,0.005300840729684786,0.1872072887430477
random_baseline,27,0.5923328850718119,20.36770482704904,0.39701001095538363,0.40167452777639445,0.22455156349083163,0.83776194,10.556422,0.49969897,0.5153278,0.32517964,107466,0.245429053500118,9.811282593467496,0.10268895578617826,0.11365328346475545,0.10062807298759244
random_baseline,29,0.9520840779406534,10.586652015332383,0.22353176788779175,0.23888211777614526,0.42092726653113055,0.95448196,11.806327,0.35742295,0.362317,0.25927675,64630,0.002397881402303126,1.219674850817519,0.1338911799958142,0.12343487808300085,0.1616505188275783
random_baseline,34,0.9808899467196822,4.043069908964561,0.3041542502126542,0.3264094398766485,0.3915704706743996,0.7910845,8.753873,0.32675344,0.330872,0.18104318,33369,0.18980541875032186,4.710802962434364,0.0225991873064193,0.004462559387114928,0.21052729283130572
random_baseline,36,0.9731773181477902,9.226692865387264,0.1980308346942182,0.2706038720518902,1.0008942550307414,0.74816424,20.599714,0.2153853,0.22379883,0.30053902,438,0.22501308160222744,11.37302141378754,0.017354468207049806,0.046805045715029525,0.7003552383071086
random_baseline,35,0.6978502983069484,22.573078460854287,0.3278364467058772,0.36329011394253274,0.44424570055925844,0.9604588,10.726496,0.26803547,0.27506015,0.2394322,107298,0.2626085167908604,11.846582718056435,0.05980097526651562,0.0882299668954899,0.20481349976980684
random_baseline,33,0.966863912138766,7.334976216852873,0.2728053589858129,0.3342645165247495,0.5135205529593418,0.26906386,29.479458,0.47149256,0.47205588,0.08023107,3780,0.6978000519607722,22.144481638371737,0.1986871997319148,0.1377913656907504,0.4332894824408482
random_baseline,38,0.8829308615764249,14.122141942735588,0.22589415232361731,0.23165733552797166,0.292110765130698,0.9171716,11.977125,0.21092434,0.21796142,0.2701651,7605,0.03424073590434906,2.1450167748889086,0.014969810048951482,0.01369591987951127,0.0219456793381565
random_baseline,40,0.9768667227845637,11.353925689460901,0.31117085035227177,0.3253156029986141,0.38756974606022704,0.4872733,24.499378,0.6528329,0.65993994,0.2622686,79003,0.4895934171300379,13.145452514884802,0.34166207496739986,0.334624341745496,0.12530114321217406
random_baseline,31,0.873676827584945,6.185730035320724,0.2464125902777911,0.26035126303578554,0.3052327463116846,0.8265191,18.020243,0.25307313,0.26497865,0.3731522,88946,0.047157755529128376,11.834512655719315,0.006660535799860867,0.004627384196270123,0.0679194500956335
random_baseline,32,0.6150964086430454,20.567939787333202,0.17909370481310702,0.18735834561768372,0.3730205355633053,0.4251765,26.881758,0.34101763,0.3654213,0.4346095,53973,0.1899199073689365,6.3138179488728525,0.1619239288634219,0.1780629495483319,0.06158896699063454
random_baseline,42,0.9786959680284902,10.694198542795753,0.28543268726985555,0.29278851719415105,0.33053863063989564,0.6676844,17.194998,0.35203397,0.3696623,0.32533953,13497,0.3110115917887136,6.500799244679833,0.0666012854703178,0.07687379745924555,0.005199104701861579
random_baseline,37,0.8696794861243778,14.842289614882958,0.28091581219007483,0.2878986459275147,0.23650432575284622,0.7057752,20.88893,0.33743313,0.378856,0.4793313,114877,0.16390428480372965,6.046639752182472,0.05651731735895166,0.09095735735693966,0.242826988810905
random_baseline,39,0.17106591626122267,29.280433586976965,0.23449621447365088,0.24227446548772938,0.2854661515561148,0.8091837,16.048763,0.35426044,0.35733542,0.22742453,15555,0.6381178005127641,13.23167031183048,0.1197642301674624,0.11506095297502392,0.058041619381050735
random_baseline,47,0.7858935411625426,19.162252998505124,0.21553077032711487,0.2585006953890646,0.7897687283279404,0.39657944,25.758356,0.29651713,0.3012383,0.23993585,90336,0.38931409675412587,6.596103095855227,0.08098636338565368,0.04273760302707308,0.549832883191298
random_baseline,43,0.9188900267412535,14.155876952739199,0.27494373333370176,0.2873441796164385,0.33504858951603805,0.20223852,26.457943,0.3336268,0.35060653,0.35357392,138175,0.7166515117218367,12.302066009907286,0.058683073402290675,0.06326235128833141,0.01852532882655228
random_baseline,44,0.5558599298264308,23.1243745160959,0.2154898656974124,0.24334623178754455,0.4427673529750041,0.71210027,20.609009,0.20744209,0.21471155,0.3618089,14756,0.15624033758384748,2.5153657270334016,0.008047775782136835,0.02863468488965637,0.08095845691024578
random_baseline,41,0.8230538167559067,19.7844458946591,0.19339812763085368,0.22823424159576744,0.44375626255860157,0.3272198,28.572351,0.2764688,0.29257074,0.33818063,21133,0.4958340026937882,8.787905561029376,0.08307068578848836,0.06433649838874489,0.1055756311594469
random_baseline,45,0.8600228735919399,14.42410179297464,0.2821961249990901,0.2966072511162565,0.46986479930340297,0.92296517,8.217064,0.28740525,0.2927139,0.24605627,86386,0.06294229536100204,6.207037889166045,0.005209127457574958,0.0038933407749937032,0.2238085257238055
random_baseline,50,0.9443166268866052,10.93400794588188,0.267651183268612,0.286230206629638,0.45752415403143787,0.9519933,8.143304,0.39042464,0.4010223,0.33748624,54029,0.007676659723044432,2.7907040747270955,0.12277345571797554,0.1147920785933692,0.1200379167439165
random_baseline,46,0.35741366483766623,23.439486402282906,0.2493766098802625,0.2538433108391126,0.2144509778310031,0.99411213,5.7093306,0.18793839,0.21306454,0.569427,62112,0.6366984691421311,17.73015584350605,0.0614382177179395,0.040778774386819205,0.3549760355662137
random_baseline,52,0.8426617281170126,18.951852492756398,0.33718217849579857,0.34147127751720086,0.25578022949152934,0.6138185,23.328236,0.32066396,0.370717,0.6176781,48181,0.2288432018490072,4.376383133464305,0.016518219707880477,0.0292457115231739,0.3618978763396169
random_baseline,49,0.9514855551084671,14.383367087409248,0.18815591372786858,0.20720754370721936,0.5988758902429485,0.23206739,27.365128,0.27865744,0.3234331,0.52623135,71595,0.7194181638321075,12.981760476067315,0.09050152264298103,0.11622555746999622,0.07264454172839163
random_baseline,53,0.17067284006175742,29.498270601001465,0.35423582367505857,0.3606430456503457,0.2933472814010865,0.9128947,15.74081,0.22438486,0.25013077,0.50879335,118408,0.7422218857378031,13.757460206714356,0.12985096447076627,0.11051227305970851,0.21544607263333732
random_baseline,54,0.7414149715437068,17.70891425921709,0.22150578375972702,0.2378371535891362,0.4593469278489199,0.9406932,12.716965,0.27513498,0.29039907,0.5042295,132888,0.19927822809084517,4.991949537537401,0.053629196918831334,0.05256192096530715,0.04488255813969705
random_baseline,55,0.5123661327430025,22.96047968094992,0.8559718624912882,0.8578394976380934,0.1139720532958819,0.1713736,24.089294,0.33033255,0.33302355,0.22643408,77211,0.34099252701485305,1.1288147526438301,0.5256393150650644,0.5248159495118727,0.11246202849694951
random_baseline,48,0.8253421544753411,13.083062216266988,0.22341245524356323,0.2327481476827214,0.32362615248645554,0.3051758,22.778698,0.20980999,0.21571718,0.2750041,26553,0.5201663434230187,9.695635751262309,0.013602466506456912,0.017030966119344015,0.04862206360782395
random_baseline,57,0.5336975215590636,21.978381421872964,0.562731753582122,0.5668511001186063,0.21850668979945667,0.08381365,29.16065,0.30132908,0.3048634,0.21369682,89584,0.4498838691628615,7.182268831422935,0.2614026772919914,0.2619877068118741,0.004809867275385932
random_baseline,51,0.8439668613086643,16.088648364024145,0.2353145471703925,0.2644928408578036,0.4470623667868762,0.15314956,25.967892,0.29575887,0.309474,0.3785461,126241,0.6908173012147846,9.87924332909109,0.06044432605386593,0.044981150536239356,0.06851627785293152
random_baseline,58,0.8866289745085038,11.566866966232787,0.2445627066707711,0.2554074046221586,0.37732429201791934,0.81023276,16.308239,0.25414038,0.26776546,0.35070863,21287,0.07639621598647006,4.74137201692151,0.009577670373906638,0.012358057776370446,0.026615658356649197
random_baseline,60,0.3199109138287519,28.641107407809987,0.7225231439794997,0.7270066224661405,0.22837386285444009,0.6373154,22.101055,0.22667082,0.2654196,0.4601942,123520,0.31740447866544974,6.540052262546315,0.4958523274387816,0.46158702007203645,0.2318203374228884
random_baseline,63,0.3212148068980353,25.170101266149,0.45246242534567926,0.45493487269644156,0.1941713480079875,0.120743476,30.155148,0.22219725,0.22367024,0.14986375,107660,0.20047133104363846,4.985046286341234,0.23026517581393335,0.23126462847952262,0.04430759826547956
random_baseline,61,0.889184279061914,14.234741828577683,0.21912258832900716,0.23448132081510945,0.4302631130882052,0.7488985,22.824816,0.4855495,0.49909177,0.39332604,92683,0.14028577289736321,8.590073921544388,0.2664269211962919,0.26461045341012557,0.036937069005563594
random_baseline,59,0.8458460050683724,14.863847902648857,0.43149015136200314,0.4368047232052065,0.24635427501698973,0.24107951,26.234648,0.86947674,0.87010956,0.08143045,87885,0.6047664958101021,11.370799848205635,0.4379865842298853,0.4333048349002622,0.16492382493516447
random_baseline,56,0.8346641316850397,15.5819462084472,0.31782992661926907,0.32520810024673946,0.27052615789843715,0.928411,12.686552,0.2703113,0.30094028,0.54258186,24993,0.09374687524245051,2.895394160717707,0.04751863063309353,0.02426782505447872,0.2720556983523258
random_baseline,62,0.832985011498523,10.718702946885507,0.3469037188991607,0.3646668316654023,0.35876268428958386,0.9635143,12.703297,0.3846223,0.41405958,0.43764108,62402,0.1305293165044067,1.9845937144914458,0.037718586732476855,0.04939274770700369,0.0788783999045995
random_baseline,64,0.3659484404393885,23.68059155078029,0.9094862262295538,0.9109167269464057,0.08542910561396938,0.69193363,23.776144,0.3273452,0.3301339,0.2449256,114838,0.32598519145758414,0.09555247692967228,0.5821410337971502,0.5807828418012183,0.15949649765656132
random_baseline,66,0.21713177143124734,28.16966144253823,0.422310682175569,0.42390916727240946,0.1398258968936239,0.9810648,6.784301,0.1867344,0.22869974,0.6699938,104180,0.7639330250165066,21.385360638400048,0.2355762889365477,0.19520942352469828,0.53016792091262
random_baseline,65,0.5703937189685494,22.3575392317882,0.34352609360776043,0.3667140726847053,0.3527286830340397,0.9033592,16.808657,0.3665114,0.37366894,0.33575636,129419,0.33296545575984415,5.548882539283316,0.022985310906552314,0.00695486619049307,0.016972321549512115
random_baseline,67,0.5900704533077741,20.818976158696785,0.38410991089460356,0.3878332493077885,0.1984604871978208,0.9050931,10.385718,0.27195257,0.2771916,0.25640616,45584,0.3150226205371356,10.433257813054695,0.11215734140989286,0.11064164016357769,0.05794567101102624
random_baseline,70,0.41750582369995515,24.014127042831415,0.28883080877788636,0.293484176748306,0.2471051273604669,0.16552414,26.884502,0.81300145,0.8157679,0.14969918,84389,0.2519816836996118,2.870375368057257,0.524170645098609,0.5222837075061495,0.0974059460421838
random_baseline,71,0.25911618184244933,23.766869736394074,0.2372252727217881,0.2533526574982654,0.30128562522559293,0.98331374,4.9777174,0.3490426,0.35605392,0.28701532,77346,0.7241975574573248,18.789152336796906,0.11181732171104272,0.10270126110181699,0.014270306355048501
random_baseline,72,0.9095111872939995,11.691682376596482,0.2675123841306298,0.2746554077008366,0.3457868383928452,0.95227647,9.029182,0.63416433,0.64924705,0.24559991,132543,0.04276528098297805,2.662499942514451,0.3666519492128761,0.3745916425845028,0.10018692777597049
random_baseline,69,0.5839114552133735,25.511953557311095,0.44208406738835254,0.44488480392031193,0.19055370955148823,0.9828951,6.010696,0.25168145,0.2906723,0.45278525,130638,0.3989836210614983,19.50125762301544,0.19040262035923877,0.15421250167421818,0.26223154397329207
random_baseline,74,0.975807772032558,7.998368314486804,0.2977117860201626,0.30633015489686327,0.36132156995514514,0.50898254,22.379879,0.32197392,0.33196816,0.23478936,16447,0.46682523285561706,14.38151068331593,0.02426213384830661,0.025638003586641978,0.12653221336582782
random_baseline,68,0.7952578208362255,15.02384641104566,0.23401903283197106,0.27425776540823577,0.6381083458304386,0.95060927,3.6110168,0.26646313,0.27673438,0.27322555,107511,0.15535144592173955,11.412829660709967,0.03244409788053809,0.0024766165059030287,0.3648827999472599
random_baseline,76,0.9223367566060021,7.323333982083653,0.35158235572064384,0.3929916881242277,0.4355421628422116,0.7675487,16.072035,0.23194991,0.23660281,0.28200436,95966,0.15478807630052116,8.748700853731776,0.11963244519913657,0.1563888751187803,0.15353780645793424
random_baseline,73,0.8746366945419337,17.65135459853289,0.19270188618921827,0.20653644508087385,0.38363885103854767,0.4156221,21.96439,0.25565356,0.2694603,0.43903217,34829,0.45901460920906323,4.3130352024925,0.06295167397237231,0.06292384558952105,0.055393316157726136
random_baseline,80,0.9786644683428593,11.432185002348916,0.4270109830370916,0.4338807773434548,0.2961639660083551,0.57568127,21.917786,0.2784825,0.28892547,0.32041407,131370,0.4029831991740055,10.485600642182334,0.14852848629865778,0.14495530842179344,0.02425010030634217
random_baseline,79,0.5106734170511061,17.6921411176195,0.4549770198190835,0.4563699476284951,0.11510023364735048,0.9606615,14.723011,0.3858661,0.39102417,0.2935697,75139,0.44998805383893903,2.9691301007737962,0.06911091426259547,0.0653457753224343,0.1784694801835974
random_baseline,77,0.03888626508851469,31.42303433031963,0.411718831103203,0.4125277017542454,0.10743709068723696,0.96104586,13.033727,0.18100923,0.20873229,0.61596453,8251,0.922159596155687,18.389307638119924,0.23070959810530872,0.20379540969816173,0.5085274412112616
random_baseline,75,0.7186782388135923,18.38328165408443,0.21319881071026794,0.23551076169236296,0.4934029800635112,0.18796815,24.718775,0.33605602,0.33791295,0.14140126,41036,0.5307100890323652,6.335493141447795,0.12285721312586792,0.10240218524710543,0.3520017189722789
random_baseline,78,0.5126528041909675,24.289601656745614,0.2142301852994006,0.24116307855649258,0.5299352566453321,0.35552377,27.470287,0.7829671,0.7839013,0.0946497,18874,0.1571290391038398,3.180685666252433,0.5687369053072888,0.5427381956477616,0.43528555433477
random_baseline,81,0.786874701864554,18.407099975319237,0.34290999500363617,0.3566910597279122,0.38882520904159706,0.9504329,7.114172,0.31666517,0.3219526,0.24728559,115990,0.1635581947495207,11.292927993507714,0.026244822426731873,0.03473844851995017,0.14153961946582955
random_baseline,83,0.7058154657217612,18.75046221680485,0.21936361498598284,0.2427105281259032,0.6176638203684885,0.25834417,28.8861,0.3619847,0.40253738,0.45567232,48295,0.44747129229036475,10.13563855223812,0.14262108497854048,0.15982684756264964,0.16199149666472268
random_baseline,82,0.8904731926849612,14.630475967053329,0.1958381935498299,0.20787025108609344,0.4373197969962804,0.4137369,24.832193,0.46234486,0.4684225,0.24307573,109934,0.47673628305704674,10.20171740758046,0.26650666152028424,0.26055225119318814,0.1942440685798375
random_baseline,84,0.30934926751002667,25.17801685587528,0.21975839834577063,0.2260553970314541,0.23880637868232432,0.4281423,23.391497,0.26030293,0.29315227,0.39063296,70309,0.1187930416788161,1.786520197550086,0.04054453272455713,0.06709687566980932,0.1518265785377532
random_baseline,85,0.7737359368685601,21.13606529293792,0.2754040348093075,0.34179741543730335,0.7477613648052374,0.84018725,10.883569,0.21391621,0.21809272,0.22822689,64679,0.06645131469928045,10.252496529205011,0.061487822488979715,0.12370469075640278,0.5195344796056905
random_baseline,88,0.853822927689877,18.16716843295957,0.23008455120705915,0.23366869495645007,0.22768138422114334,0.48985597,22.574947,0.6303898,0.63209766,0.13119675,90441,0.36396695277723357,4.407778924218164,0.4003052584014003,0.3984289665387587,0.09648463203055344
random_baseline,90,0.9278427839319445,7.735713955199742,0.24002761201899764,0.2469694834539733,0.25992294129500504,0.62825906,21.258476,0.2420109,0.25033903,0.34484452,68647,0.2995837211649157,13.522762302124477,0.0019832943196940733,0.003369547765509129,0.08492157879700546
random_baseline,87,0.30337704740584237,21.684932934207808,0.2652535106091357,0.27707484361292073,0.3239701073905808,0.50196135,22.163916,0.2749696,0.28339043,0.2803597,13073,0.19858430303513663,0.47898269994746556,0.009716096982493316,0.006315588983285936,0.04361042196959081
random_baseline,91,0.25416500846753465,28.522668451826696,0.28696704935764983,0.29144787375814774,0.20841115045117434,0.7754382,13.57105,0.24259923,0.25187498,0.23061833,87033,0.5212731810389961,14.951618761580114,0.044367815372702624,0.03957289044744827,0.022207177404889505
random_baseline,92,0.9784118289213566,8.332300711431913,0.22747758030082466,0.23363298386527367,0.266847950286438,0.67514026,14.355022,0.2481612,0.25377217,0.2566046,107365,0.30327156727127114,6.022721718988009,0.020683616407854544,0.020139185486304084,0.010243338412811276
random_baseline,86,0.9453909131355339,10.918670749206001,0.20967631553785027,0.217372587413038,0.29449137018231003,0.6466955,23.988289,0.27970874,0.28765595,0.32606697,4107,0.2986954184837395,13.06961813018853,0.07003242755754768,0.07028336217955233,0.03157560064288528
random_baseline,89,0.6782864216536052,14.89647368522622,0.2558260146256752,0.2652028986990513,0.24062363880292656,0.38836735,27.611963,0.26168185,0.26483282,0.21164095,84205,0.28991906678376267,12.715489586868507,0.005855840099208809,0.00037007423043861065,0.0289826847852874
random_baseline,94,0.4281347659982303,26.58803384317153,0.5955192888095407,0.5995821052979975,0.19646578067290751,0.95812285,8.599814,0.39020193,0.39981133,0.30177665,3418,0.5299880834661862,17.988219428193503,0.20531736257815647,0.1997707778405695,0.10531086689484151
random_baseline,97,0.2682729173281307,26.254065157213688,0.2380769385739558,0.2468761031850308,0.3544042555664249,0.8888163,14.852062,0.30021733,0.30192927,0.17083138,87802,0.6205433797261601,11.402002931871891,0.06214039188182424,0.0550531620756656,0.18357287329179722
random_baseline,96,0.7066396704901857,20.81989673288741,0.416064008176761,0.41835297742693905,0.17968648333037898,0.45572323,22.520437,0.22139704,0.2307772,0.32520247,85534,0.25091644441978167,1.7005405077131748,0.19466696590228588,0.1875757733902264,0.14551598172699406
random_baseline,98,0.982120477674636,9.39708370040399,0.17722402887946373,0.19685383556580588,0.5431845461483492,0.85772574,16.761538,0.18706726,0.19379604,0.34753338,19714,0.12439473819557101,7.3644538514758935,0.00984322649830574,0.0030577969381813674,0.19565117112355368
random_baseline,100,0.3775346897509147,21.477538586176312,0.6154535216607492,0.6171998869466703,0.13621182028986834,0.448897,24.891273,0.34677616,0.3497091,0.18294977,128721,0.07136231437658774,3.4137349123588443,0.2686773640431802,0.26749079337596104,0.04673794622681715
random_baseline,99,0.1747506216658488,22.917601255348874,0.19011835943810723,0.21198228420734203,0.4279194969423048,0.4667186,22.163942,0.2250121,0.23329534,0.41175765,112128,0.29196799243556115,0.7536589183127411,0.034893734344317695,0.021313052158357743,0.01616184895112438
random_baseline,101,0.25231191522561847,21.976464634497212,0.2428918765295554,0.2616052444765273,0.48916989021432017,0.18957847,27.44778,0.26025674,0.26997843,0.32319087,41700,0.06273344165765582,5.471315974633647,0.017364860941071425,0.008373189370900092,0.16597902231347178
random_baseline,104,0.7618827566113283,19.66930649762756,0.30230387737936193,0.31076884403402566,0.27133769180221107,0.6528381,21.131826,0.23231246,0.24861024,0.4301315,88985,0.10904464568756123,1.4625199031292766,0.06999142160600835,0.06215860083276986,0.15879380319672082
random_baseline,103,0.7842905883934941,19.6082152722254,0.41711814132718716,0.422414958509525,0.2630420861413695,0.41071266,28.079338,0.3259311,0.32747525,0.12081507,41846,0.3735779290345158,8.471122801505068,0.09118703928975735,0.09493970874222152,0.14222701765801682
random_baseline,95,0.7014147144274893,15.887032816980074,0.22937334940249926,0.23630005362694687,0.2760112941520605,0.19651225,26.84561,0.2628127,0.2727467,0.2764581,5376,0.5049024623351278,10.958576847936918,0.03343935444538587,0.036446658342428745,0.00044682023354436495
random_baseline,93,0.9102146549140353,10.471952851373587,0.22774581090868778,0.24637745143449863,0.44507473550457893,0.9862209,4.992883,0.3819591,0.38894114,0.26344714,40735,0.07600624133001377,5.479069645959768,0.15421329958974056,0.1425636875482742,0.18162759981770454
random_baseline,105,0.8106930638737913,10.9511414817078,0.2380674439931854,0.24947079132234787,0.31671686463432547,0.19462454,24.111979,0.29124674,0.29981074,0.36894187,61083,0.6160685206837888,13.160837049175989,0.053179298016931165,0.050339946049096834,0.05222500867767099
random_baseline,106,0.07776463301812811,15.97492665729947,0.23332536589113909,0.23462316238190867,0.14530128231736025,0.17344321,28.497353,0.67832756,0.6789487,0.10123794,2507,0.09567858008707361,12.522425942798186,0.44500219453366563,0.44432553804610037,0.04406334450932345
random_baseline,107,0.6773182407360993,16.94361810311858,0.3142165684527785,0.32597734056986666,0.3422226894077126,0.07984919,23.431452,0.22278814,0.24091251,0.47333917,88701,0.5974690497261009,6.4878336943667705,0.09142842827505177,0.08506482862509585,0.13111648080980143
random_baseline,108,0.4271417285055496,26.700717942390003,0.35006817989727435,0.3537744476864882,0.23711593444103185,0.19782972,27.096684,0.30239072,0.3105972,0.23516855,20233,0.2293120051473953,0.3959655598072622,0.04767745547672686,0.043177236563975374,0.0019473880028146873
random_baseline,109,0.8727462876834201,18.136866156036096,0.3398869312325596,0.34274878465104264,0.223382059423862,0.96223354,10.65801,0.17620383,0.18585497,0.35803276,65784,0.08948725571257599,7.478856626922326,0.16368309920226326,0.15689381324219864,0.13465070358044098
random_baseline,102,0.5917920179825319,19.142166772330743,0.3076647124586483,0.32098961029635903,0.29168764240603373,0.2560727,27.185375,0.30448842,0.30994168,0.29291958,111415,0.33571931795888077,8.043208441292304,0.0031762919721980976,0.011047931057085958,0.0012319337620265713
random_baseline,112,0.2702067439948175,23.773308446741655,0.2619770223669944,0.2700064439378206,0.316761198632395,0.11953876,23.177954,0.66743,0.67032707,0.19682221,134768,0.15066798231945966,0.5953547266488819,0.40545296124888086,0.4003206234373625,0.11993898748604032
random_baseline,113,0.6862305623231008,23.00004381259147,0.5446974035664998,0.5483975522739457,0.1972446681854533,0.91650623,7.1120553,0.46790993,0.47189492,0.1981455,1618,0.23027566850804548,15.887988510925211,0.07678747142996412,0.07650263240166177,0.0009008256795598191
random_baseline,116,0.9704433674457524,10.606621818324875,0.1898253885355857,0.22446650392289633,0.4972753573836177,0.9485913,11.611339,0.22809029,0.24676704,0.5080616,127274,0.021852075541302973,1.0047167970926054,0.038264897719297114,0.022300540144486486,0.010786230426898635
random_baseline,110,0.18358537491674526,25.019516190972055,0.21930513581764954,0.2331233100370851,0.4377364849225882,0.67912954,22.619465,0.33696523,0.33971024,0.20639324,77021,0.4955441660035123,2.4000513167044772,0.11766009726989013,0.10658692555861801,0.231343243040264
random_baseline,111,0.9728213236122215,13.334167125999734,0.1793244782225322,0.19465995211026274,0.4694308804454519,0.8104544,10.749181,0.26448187,0.2722839,0.34195542,91847,0.16236689541626814,2.584986332237527,0.08515739409764297,0.07762395959475435,0.12747545709034935
random_baseline,118,0.48967329190713305,22.10580340169411,0.24936980267376785,0.25379432399461643,0.24420255902163035,0.95481944,9.069697,0.18998358,0.20126101,0.3852934,124114,0.46514614893454176,13.036106021628193,0.05938622613758926,0.052533310248354836,0.14109083530553335
random_baseline,114,0.937634330406479,10.785850751051441,0.2951054452816187,0.30473778541607055,0.2868340864595073,0.5597202,22.602724,0.27822566,0.35036916,0.5864679,102678,0.3779141122248689,11.816873324265941,0.016879784957522015,0.045631369990881354,0.2996338352743489
random_baseline,115,0.954238664304691,11.464501478159562,0.344522082710153,0.35200674148267197,0.2597302488600486,0.95395523,15.153366,0.29831457,0.32274783,0.49964646,100814,0.00028343120761453733,3.6888646107076255,0.046207511329537765,0.02925891490643906,0.23991620618946619
random_baseline,122,0.7277056506899946,15.720551721928011,0.2671820857909429,0.2726042700329653,0.24457600127926735,0.5330355,24.512684,0.58080995,0.5824037,0.1626165,91722,0.194670133951103,8.792132146480192,0.31362786503760937,0.30979944939223614,0.08195949506035713
random_baseline,121,0.4167338114990591,24.363586164000456,0.264544742419531,0.28398969503661153,0.4577355086004379,0.99406284,5.2553906,0.20289335,0.23949708,0.6908754,67798,0.577329029439509,19.10819551992697,0.061651395871450576,0.04449261459132192,0.2331399024331925
random_baseline,117,0.011933801329778363,28.15404954679467,0.3906375629866719,0.41114858877907606,0.2728944686278033,0.8512997,17.14421,0.23024854,0.2371178,0.30796364,24292,0.8393659017914069,11.009838731364983,0.16038902234679459,0.1740307916427693,0.03506917086995365
random_baseline,120,0.31002019546606374,22.413722764055027,0.2375813402795298,0.31106400558960623,0.8226050671553744,0.6859267,22.776274,0.46233478,0.46717453,0.18751529,98069,0.37590648033044505,0.362550963361965,0.2247534416056173,0.15611052443969065,0.6350897785639895
random_baseline,119,0.8380052312013462,8.146432856561084,0.4202909493944546,0.4261222461807728,0.23052366609241381,0.7292272,15.352625,0.33287448,0.34990236,0.45254073,68315,0.10877804595201757,7.206192036627392,0.08741647248481715,0.07621988454937939,0.22201705937717542
random_baseline,125,0.24145792762453175,23.04259770446264,0.25797703648439685,0.26245692963187756,0.2716768962537073,0.11936989,25.506084,0.20436344,0.25969046,0.628498,66005,0.1220880408089838,2.463486737676032,0.05361360097757617,0.0027664660889393233,0.35682112153422607
random_baseline,123,0.9143300353457283,16.127241026293298,0.30309449858801657,0.31003750652842665,0.2834857721908581,0.8638806,14.797662,0.2344146,0.24700767,0.3999716,88491,0.05044946064251177,1.3295792449822628,0.06867989130156332,0.06302983851008559,0.11648583215637093
random_baseline,129,0.6871839157594918,21.515858034514313,0.3601873730725769,0.3717826942390385,0.37056850179077994,0.79903287,14.983558,0.27745393,0.28180128,0.2387503,103048,0.11184895119531169,6.532300333403473,0.08273344388670961,0.08998141087951089,0.1318182079398812
random_baseline,124,0.2082437833071689,29.752564639456946,0.3592461545219217,0.36020877096306886,0.1262713947905041,0.5930979,19.38417,0.37228206,0.47810468,0.57866937,128377,0.38485414187898837,10.368394107230383,0.013035903478642863,0.11789590981352721,0.45239797443022955
random_baseline,128,0.93264014047124,12.066201629779187,0.4954906922993585,0.502495661644683,0.25392591489431915,0.16135001,28.301107,0.37974232,0.3824067,0.2346681,5254,0.7712901286456785,16.234905776837024,0.11574836794709409,0.12008895006631382,0.019257809053636166
random_baseline,127,0.3869913216874194,24.58514308973535,0.7428394858668558,0.7458356350932345,0.1853237726844775,0.815457,19.4621,0.25892687,0.2634544,0.26724717,3661,0.42846566473988773,5.123044014417967,0.4839126174281351,0.4823812276396975,0.08192339752540714
random_baseline,126,0.8118670981120341,20.140961949143936,0.2992356107022824,0.3547249678081444,0.5712275814703248,0.91243213,16.227629,0.26331612,0.27107987,0.32694593,60871,0.10056503603942468,3.9133332412581936,0.0359194860246243,0.08364509972991258,0.2442816507509492
random_baseline,133,0.7146832865968054,21.094112630875184,0.24171011451025576,0.29584565596782325,0.573677280219295,0.66716266,21.724648,0.23176423,0.24029805,0.35671666,99376,0.04752062981274774,0.6305348910974722,0.00994588735838503,0.05554760830604194,0.21696061757395502
random_baseline,130,0.09652458251123049,15.041094627343554,0.24205379485839654,0.2615564333693545,0.4376903212395494,0.9764666,8.969985,0.17663778,0.22192945,0.6562025,41610,0.8799420136153259,6.071109619103808,0.06541601121181298,0.03962698750658444,0.21851217385856464
random_baseline,134,0.7235557264217206,17.753230611706044,0.3463199721928868,0.3499738658414438,0.1982578812225738,0.9083497,9.554885,0.26990777,0.28174427,0.3503315,17825,0.18479396639978207,8.198345701122548,0.07641219965184065,0.06822959432464387,0.15207360404888007
random_baseline,131,0.9349061064069356,4.880912933429613,0.2866167712490921,0.3081017594757674,0.3422462767324059,0.49949542,18.65179,0.21536367,0.2405355,0.49498078,43739,0.4354106895272817,13.770877685466871,0.07125310483387753,0.06756626181036213,0.15273450553802564
random_baseline,132,0.44958131552998143,21.612687709845233,0.24839437163563732,0.25224459518552317,0.19689658725634665,0.9611297,4.2591558,0.32463923,0.33303913,0.2031044,106331,0.5115484094494192,17.353531959570574,0.07624485933093067,0.0807945395553063,0.006207819338883452
random_baseline,136,0.08394572900649597,27.911560295619637,0.2409699253176167,0.24351486966793545,0.1688174638197891,0.7665359,19.221857,0.20338193,0.2209849,0.49562517,48891,0.6825901491749615,8.689703224696785,0.03758799949631239,0.022529963709759793,0.32680770426530914
random_baseline,135,0.769633526733724,22.32821976707,0.2906134807793856,0.29352892602429215,0.17676492646251815,0.6736085,23.783697,0.5372027,0.54148954,0.21574281,104515,0.0960250448497213,1.455477361225899,0.24658923509433267,0.24796061550631698,0.03897788509811265
random_baseline,140,0.7555194730285106,16.03551107970884,0.41084106875837373,0.4123513852696341,0.1580882781278888,0.34637225,28.02469,0.2612827,0.2771357,0.29447126,119733,0.4091472262862621,11.989179548342918,0.1495583565372281,0.1352156852822226,0.13638298575760924
random_baseline,141,0.1222047201895068,25.549457443657644,0.21915201441836235,0.23092125451057227,0.38818581642556055,0.3930655,25.216278,0.33799875,0.35717443,0.4834872,55846,0.2708607919908216,0.33317936748576926,0.11884673340726021,0.1262531718066427,0.09530137239051001
random_baseline,138,0.44541980319808006,22.165476796289216,0.3418340318020778,0.3479342657218694,0.2747161281959452,0.09075033,26.818455,0.26332998,0.26608127,0.18700095,25533,0.35466947400162696,4.652977946142425,0.07850404904450942,0.0818529921661138,0.08771518298548836
random_baseline,143,0.5254309491522673,23.86119469930538,0.278971904485367,0.28292536876148655,0.22914830554750862,0.52073383,22.369987,0.18364699,0.20918016,0.5864407,113506,0.004697115839279009,1.4912072115124104,0.0953249126364214,0.07374520740456059,0.3572923768636852
random_baseline,137,0.44571255668537185,21.832489937409573,0.32694471704134836,0.3913873592862368,0.7311338142515514,0.87290853,18.840435,0.17920546,0.20985526,0.48163995,29684,0.42719597593410447,2.992054909333401,0.14773925470480814,0.18153210082142357,0.2494938627840374
random_baseline,139,0.7987807298397174,19.684805138170834,0.37947729828281823,0.38531745488839264,0.28790881151031694,0.7681416,18.334352,0.8197346,0.8252538,0.1902688,20962,0.03063910252801083,1.350452644884701,0.4402572750814396,0.439936329768132,0.09764001184772692
random_baseline,142,0.12319518936642661,24.934559330223177,0.2100832430201186,0.21376541956812647,0.18101216540707504,0.13220209,27.442757,0.3016329,0.3157956,0.36197683,42954,0.009006899466428617,2.5081973226088543,0.09154966794675456,0.10203018084614965,0.18096466674433792
random_baseline,145,0.6078942696217622,22.38188517498196,0.2892713879864937,0.30394056549409454,0.37937395292088905,0.9027792,8.970675,0.25184458,0.278499,0.4988706,51254,0.2948849519129668,13.411209706537136,0.0374268030446297,0.025441558269057918,0.11949665826990685
random_baseline,147,0.9870707986612116,9.54674933489325,0.26135383683990393,0.3238269997737738,0.8315047705093765,0.53644776,21.155361,0.22251806,0.23083885,0.38375568,57139,0.45062303521821845,11.60861184064386,0.03883578020881567,0.09298814963320223,0.44774908661045076
random_baseline,149,0.7500971653940959,20.777776423946744,0.2879766106847824,0.29182785800809796,0.22518951506227058,0.79485834,15.779094,0.2263196,0.23980963,0.39517897,54183,0.044761171054573556,4.998682681576138,0.06165701451340333,0.052018225706767396,0.16998945861250359
random_baseline,146,0.9465524093024047,3.6470244012098973,0.2758474454879618,0.2836161325450074,0.22824423767922564,0.50012565,16.461933,0.23202096,0.23934329,0.28994894,18035,0.4464267627112182,12.81490873477643,0.04382648622988228,0.04427284698439948,0.06170470259787397
random_baseline,144,0.7663070295752247,19.804942498304392,0.19869618157634641,0.20603805677996254,0.3551965549417099,0.157177,29.427174,0.32874823,0.33604646,0.3037447,44350,0.6091300283373554,9.622231116197561,0.13005204458942507,0.13000840051068688,0.051451851410444616
random_baseline,151,0.35586220626189125,24.636817808721784,0.2711166194388609,0.2766055769828416,0.2979137765381183,0.4973401,27.58751,0.5062406,0.5076567,0.15230675,42200,0.14147790666268456,2.950691346551654,0.2351239868691225,0.23105111647571552,0.14560702612136261
random_baseline,148,0.43816119849136104,17.67779062590276,0.30439022480142147,0.30746786618525157,0.19009063105727056,0.6634564,18.851463,0.2600071,0.26329082,0.23805518,288,0.22529518187591802,1.173672691968335,0.04438311158311398,0.04417704367930064,0.04796455342625758
random_baseline,153,0.9462423367334235,9.090098571113877,0.3893771468055792,0.39528633913737343,0.2239923382305443,0.7470299,19.496372,0.22233842,0.24333227,0.50226736,119874,0.19921243618258122,10.406273651786513,0.1670387236726828,0.15195407232981728,0.27827502245671154
random_baseline,150,0.8887742974368822,17.893772755419015,0.21646139123986008,0.2227896457733921,0.31330099065502826,0.070121095,27.556084,0.96538943,0.96554184,0.038153097,17827,0.8186532028524172,9.662310923780204,0.7489280392830586,0.7427521938262173,0.2751478936215276
random_baseline,156,0.755988163958931,21.967274926133555,0.6993879753483537,0.700371365119821,0.11791253651820942,0.84594667,15.744453,0.39838147,0.42650217,0.5314537,52379,0.08995850561962127,6.222821495957774,0.3010065037144426,0.27386919694126266,0.41354119215763285
random_baseline,154,0.9752834182377007,3.302503045509546,0.495532512903273,0.5280675164076988,0.33924851304819886,0.2259466,22.633484,0.22624949,0.23233566,0.24709448,110298,0.7493368130321648,19.330980841209204,0.26928302669531096,0.2957318595263664,0.09215403086474244
random_baseline,159,0.9398117831165457,7.926501610326483,0.22432782799231482,0.23358372563226976,0.3413332027901606,0.8747653,5.966621,0.23841435,0.24276061,0.26273558,1502,0.06504650620767116,1.9598806882378597,0.014086519179468626,0.009176887928406818,0.07859762735261483
random_baseline,157,0.9612920418891685,6.249100844400687,0.2801522087724337,0.29139082139176387,0.3105241355815044,0.77376485,15.272466,0.4046297,0.41623184,0.3413217,68642,0.18752719318006206,9.023364861470895,0.1244774985639921,0.12484101945715886,0.030797571190346207
random_baseline,155,0.8484302551208979,14.058691258976587,0.4257346030300144,0.43063944179402214,0.21761778740339868,0.85445946,18.22089,0.25985387,0.30349293,0.42551678,1539,0.006029209429120441,4.162198786189428,0.16588073335342446,0.12714650828228813,0.2078989967877329
random_baseline,152,0.9797627103575933,7.531242554575975,0.30190249566136146,0.32417221894889336,0.4571363806015802,0.17702001,28.349092,0.28710875,0.28924185,0.1408743,50369,0.8027426970252264,20.817849928944533,0.0147937465101316,0.034930368572764214,0.3162620841748071
random_baseline,158,0.5440713707721948,22.170784461222787,0.3088650844001599,0.31173094054191003,0.1819454484294748,0.1847325,24.587997,0.29889354,0.31951642,0.38287804,139498,0.35933887403376097,2.41721297530065,0.009971543302518926,0.007785479822469854,0.20093258687745574
random_baseline,164,0.9748123471558151,6.450656024026593,0.31069481600999316,0.31665998770114523,0.24112445474053912,0.4174658,19.837389,0.21155006,0.21506488,0.22330345,68069,0.5573465411484299,13.386732968282978,0.09914475907563647,0.10159510446902853,0.017821002606406733
random_baseline,163,0.2774201518962664,22.59124343106632,0.39579989294467566,0.4043598212628881,0.2947949544193332,0.31125742,22.369558,0.26200303,0.36804664,0.71938926,1459,0.033837270074101033,0.2216850967157349,0.13379685859141943,0.03631317991309563,0.4245943053958829
random_baseline,162,0.20137584381286638,22.813358136654127,0.24201659615484128,0.24741398160267591,0.25468295337165153,0.9084822,17.564554,0.24044713,0.24926578,0.3240329,42803,0.707106350133972,5.248803922176588,0.0015694623753155224,0.0018517934818196302,0.0693499493459388
random_baseline,161,0.027708325486249796,25.176813317722182,0.19944696121482697,0.20244314143403702,0.21505797972239954,0.9592159,5.5796895,0.26853508,0.27953848,0.30148184,43268,0.9315075539540578,19.597123815006118,0.06908811635704193,0.07709534099356002,0.0864238632722904
random_baseline,165,0.5355438051683374,25.672866297187262,0.3357724871989766,0.33743546838388144,0.15164033730579818,0.6306602,12.79828,0.32826695,0.34460637,0.3558489,46663,0.0951163711088232,12.874586534919196,0.0075055387374440286,0.007170901349928982,0.20420857111857926
random_baseline,167,0.9021028256038317,10.477099346538417,0.2886690616956381,0.3107078427929053,0.43617035247408414,0.055500045,26.757128,0.36788923,0.3722383,0.20740405,23918,0.8466027801850924,16.280028415302404,0.07922016378730257,0.06153046539839413,0.22876630522333646
random_baseline,169,0.061283787448833275,29.009541747845656,0.8490321776363399,0.8494078519718853,0.07094259737171536,0.9512185,5.435145,0.31485316,0.35973653,0.40417278,88135,0.8899346983833811,23.57439684657002,0.5341790160629298,0.48967131999900015,0.33323018075786226
random_baseline,160,0.7388849191456077,17.57214821380343,0.21840901872637675,0.24195434329276388,0.46252320549932446,0.16614236,25.79963,0.49021357,0.5076604,0.3123826,127469,0.572742559769654,8.22748099762235,0.27180455425259664,0.2657060456537693,0.1501405968472096
random_baseline,166,0.908422531853295,14.884401524499388,0.1900818401422529,0.20287870085385407,0.3796990951206245,0.87527996,14.113092,0.21014732,0.23421419,0.47727737,102649,0.033142568836785014,0.7713091020140368,0.02006548108195974,0.03133548581454193,0.09757827318648915
random_baseline,172,0.48576255220940484,24.785683679397625,0.3777748577286481,0.38234702219277195,0.26576463924741495,0.6105009,23.13431,0.55489653,0.56111866,0.22003186,127898,0.12473831992575751,1.6513739107208671,0.1771216757605792,0.17877164016455838,0.045732781756875396
random_baseline,170,0.9316931581539535,11.555628353842273,0.2828118453813354,0.28996506878199485,0.3398097624831219,0.17418015,27.298477,0.34834108,0.3515214,0.19718997,83412,0.75751300812191,15.74284881900929,0.06552923218481144,0.06155633381543252,0.14261979067850306
random_baseline,171,0.9621415720580342,11.430572712595357,0.46969560622080564,0.478081469381884,0.36391985673225985,0.26585367,28.249697,0.40244472,0.4884497,0.5374531,95843,0.6962878988383534,16.819124018972026,0.06725088595255613,0.010368223344251248,0.17353325825415983
random_baseline,168,0.492990255957371,23.37631256394531,0.23034355029108888,0.2792982562544939,0.5345054009023568,0.9634831,9.824373,0.22221565,0.23145387,0.34987503,129278,0.4704928392116964,13.55193931870605,0.00812789782526857,0.047844390487968624,0.18463036800059285
random_baseline,175,0.32535242511638773,18.679989162981407,0.2951103205937294,0.29767687279237154,0.1732589989245382,0.4368854,27.196178,0.28598428,0.30417836,0.3518146,62291,0.11153296158901083,8.51618927329789,0.009126042868509654,0.006501484331957075,0.17855559892053932
random_baseline,176,0.1822967426354038,25.250111741830704,0.32081817674936347,0.3270218538230997,0.20131184162123256,0.9371833,4.2727866,0.37492657,0.3836945,0.28719553,59051,0.7548865778869045,20.97732512455165,0.05410839032827325,0.05667264590796417,0.08588369189279027
random_baseline,173,0.17556986654136866,21.762745194312846,0.2584165216983274,0.26643825345856337,0.23886170230209355,0.6201903,22.282326,0.27630904,0.28633088,0.39370427,131660,0.44462045585777077,0.5195805503160607,0.0178925214706942,0.019892625276025255,0.1548425630539703
random_baseline,178,0.9480053051257741,12.37678435309089,0.24496924683546017,0.26651217771510577,0.532577176130805,0.15072244,28.104229,0.29563823,0.3006917,0.21228768,42254,0.7972828610683095,15.727444620297781,0.05066898658777286,0.034179516306119206,0.3202894968161917
random_baseline,180,0.4329530457035455,26.450091930797505,0.35495262062867694,0.35891199579496064,0.19989762173692033,0.37032053,26.036715,0.31001493,0.32229596,0.3179883,51618,0.06263251695789424,0.4133773769644975,0.044937687280974914,0.03661603203076996,0.11809068454703048
random_baseline,181,0.6681929238149038,23.9809999542433,0.3431229410868449,0.34444851317241254,0.15087797867696445,0.9761339,12.398172,0.26405317,0.26692203,0.19055498,67014,0.30794095918451636,11.58282757570326,0.0790697751742167,0.07752648629977765,0.03967699778635342
random_baseline,174,0.9348904441885362,4.861209559920837,0.29318614672032023,0.32700342962415596,0.446664012681952,0.920569,5.976424,0.45569226,0.46005416,0.15364957,116898,0.014321441560209758,1.1152146573032837,0.162506114737123,0.13305072954027275,0.29301444412421274
random_baseline,177,0.7997780149699413,18.127429614408953,0.3135040851597757,0.319924155456128,0.30254882054754745,0.3774842,25.969688,0.8260946,0.82788026,0.13646677,11502,0.42229381258499255,7.8422588011183905,0.5125905422205954,0.5079561078724242,0.1660820491833354
random_baseline,182,0.8908815678043411,5.7542549301116,0.34413323070900015,0.36945361180220293,0.2975508713750277,0.98323125,7.293705,0.18892466,0.20418373,0.38552797,99602,0.0923496786670639,1.539450056460666,0.15520857539073996,0.16526988429938005,0.08797709703164952
random_baseline,185,0.395817287173826,23.55075238424465,0.2810832636774697,0.285484208909447,0.230333696241658,0.17347693,23.181128,0.24559449,0.3122152,0.71904093,67410,0.22234035274084263,0.3696248360268761,0.035488777083269585,0.026731000097816204,0.4887072340294907
random_baseline,179,0.6002120729375998,21.244847890095286,0.24462557375363067,0.24817057892146574,0.23798251623460548,0.9381767,2.7796597,0.34425157,0.36166787,0.32354036,46132,0.3379646185945352,18.465188142017894,0.09962599933215424,0.11349729255375399,0.08555784350088341
random_baseline,186,0.39131056049510926,17.773777892194417,0.25205586483533676,0.2539086451276851,0.15567674369487064,0.40926892,23.096407,0.22079779,0.23269965,0.39379376,57821,0.0179583551581195,5.322629044451091,0.03125807275827225,0.02120899758187056,0.23811701803532345
random_baseline,189,0.19197091503337604,29.658493556475644,0.4718141706063641,0.477679685855429,0.24608530546117555,0.6421041,24.806776,0.38167205,0.3842057,0.19629765,122404,0.4501331742267253,4.8517175097227145,0.09014211607717404,0.09347398688844905,0.04978765989232789
random_baseline,183,0.6774065160594878,19.502470669324502,0.21375779869869768,0.24126769386647162,0.5162070754060684,0.97444177,9.519079,0.24165972,0.26373178,0.49248752,67695,0.29703525067940384,9.983391460950479,0.027901917072977428,0.022464083801527646,0.023719555426591432
random_baseline,184,0.16695336328632038,29.368866734706756,0.3076920808766035,0.3127837656109274,0.2236829579731042,0.67017376,21.726582,0.42676258,0.42880788,0.18695776,41623,0.5032204009425004,7.642285161220428,0.11907049999497854,0.11602411884379976,0.03672519632778712
random_baseline,187,0.1367693041118182,23.24236764271908,0.21527449251399444,0.22102795710706907,0.2674185176042829,0.87789935,11.328646,0.2570406,0.25945377,0.17801166,5920,0.7411300446239911,11.913721936542323,0.04176609753384186,0.03842581639146608,0.0894068617967878
random_baseline,194,0.3884202359363378,26.13705454329295,0.29741932006948973,0.30365138605434633,0.32242464009816096,0.21902457,28.33867,0.8564889,0.85750955,0.09974089,49295,0.16939566714017995,2.2016161872978692,0.5590695634258411,0.5538581673781182,0.22268374744946406
random_baseline,192,0.3477673190543519,23.00465204846978,0.2609661355260707,0.2834227290979168,0.3670277356592904,0.91231287,12.093957,0.23634078,0.2517658,0.3823296,4980,0.5645455462029113,10.91069510114312,0.0246253594402171,0.03165694149644588,0.015301877311061751
random_baseline,191,0.5611287150639286,22.977921873605872,0.22625316915092245,0.24592247535711723,0.4806315689023952,0.09353386,23.870848,0.21282002,0.22480519,0.39727622,61615,0.46759485640704535,0.8929258284204948,0.013433145852658895,0.021117284197868874,0.08335534619655416
random_baseline,190,0.22028410615427754,22.910273782627833,0.7060555106973243,0.7068833651702758,0.0941652007327042,0.42721227,25.1097,0.76693326,0.7684736,0.11646682,125615,0.20692816195981242,2.1994254666397453,0.06087775165085074,0.061590260012829634,0.02230161950731656
random_baseline,188,0.18738012446532465,25.380932904566254,0.25540520064515254,0.26273005026321206,0.2465054002590247,0.4099868,25.91455,0.54621243,0.5467785,0.09397277,70264,0.22260666952957892,0.5336178766837456,0.2908072341235242,0.2840484498168966,0.15253262789917668
random_baseline,193,0.04315304215019931,31.381411948135753,0.8341434190569448,0.8350919163254481,0.10772444230388015,0.9666059,11.439846,0.36922804,0.3845366,0.4353785,100008,0.9234528595679403,19.941565909317394,0.46491538384538167,0.45055532217299754,0.3276540495746294
random_baseline,197,0.5344605754802934,16.641160755237145,0.2310548470214482,0.26198189976453484,0.4449879016425862,0.18479988,24.577337,0.6083756,0.6118201,0.20934775,53983,0.34966069569094094,7.936176509777503,0.37732076189960284,0.34983820197344123,0.23564014692571306
random_baseline,199,0.5057986122188066,20.252302470256545,0.44902252426107236,0.4505244366171911,0.1328010169633914,0.7944265,16.446856,0.2887997,0.30435038,0.35470855,136517,0.2886278885784651,3.8054469252125998,0.16022282113988706,0.1461740604880407,0.22190753539714328
random_baseline,200,0.11215452755651598,25.873818017084442,0.22183760448883624,0.2297904994556585,0.2569863855283219,0.91785604,4.7940564,0.28115964,0.2912199,0.3271654,76666,0.8057015100602137,21.07976160152658,0.059322034869684265,0.06142939066198677,0.07017900949311667
random_baseline,195,0.3738680906781545,22.427931233119768,0.34373618040110193,0.35225255617743956,0.22942894739928035,0.95940125,16.17942,0.33367944,0.33721516,0.24706848,82382,0.5855331592074046,6.248510761928362,0.01005674276377283,0.015037400814356672,0.017639532257892804
random_baseline,198,0.9521961591435739,10.655946906373984,0.2102801865866953,0.22383682461390342,0.4375132735821894,0.5756875,24.135557,0.27257717,0.2769333,0.21184646,92812,0.37650863148701874,13.479610268308633,0.0622969799706167,0.05309648780217324,0.22566681765052587
random_baseline,203,0.3620689802771629,24.731799576268664,0.21972983552189077,0.22310107817399427,0.17709355076535002,0.84077525,14.30075,0.21515587,0.22222431,0.30185437,73404,0.4787062711113869,10.431049797521105,0.004573965799524432,0.0008767681335203337,0.12476082125918611
random_baseline,204,0.5122206363181132,24.64174123151493,0.3462775117685823,0.3479931239033351,0.14047508805789202,0.38218084,19.519865,0.4165194,0.46556637,0.37398532,93290,0.1300397965411204,5.121876195504189,0.07024189168905931,0.11757324300759936,0.23351023227177412
random_baseline,196,0.5489852023484967,25.979660768561263,0.60628062841074,0.6091604398673617,0.22843073221037827,0.5333079,24.617947,0.33726513,0.3399275,0.19957608,24276,0.015677292382981545,1.3617141438054041,0.269015494553013,0.26923294534145226,0.0288546523649498
random_baseline,205,0.8692875983066698,10.507105186112746,0.28711002581828904,0.29970049722174746,0.3421581136912655,0.4991929,19.237764,0.42686492,0.42910475,0.15040667,60388,0.37009470480157336,8.730659172407762,0.13975489622837234,0.12940424816628354,0.1917514401406597
random_baseline,201,0.07510494645180395,27.101541712340264,0.27822904180259855,0.2834189611339874,0.234503873644049,0.031251553,24.826643,0.29425612,0.3056174,0.28451583,79555,0.04385339300574949,2.2748987222279595,0.01602707911758272,0.022198430929153468,0.050011954250161805
random_baseline,202,0.9765077559651286,9.359378711856536,0.280100771877664,0.2852417992758904,0.2459545408042742,0.28820732,19.60513,0.2335871,0.23656078,0.22775514,117461,0.6883004336060435,10.245750530086823,0.04651367077578872,0.04868102244617084,0.018199396565802217
random_baseline,207,0.9824587597494265,5.41416584355666,0.23262036788421434,0.2461032273563605,0.4014435205016368,0.6337114,18.721075,0.5062929,0.5074835,0.11481538,137789,0.34874736210156887,13.306909214426739,0.27367251169723705,0.26138025500447937,0.286628143802666
random_baseline,206,0.9479515042408144,6.164975083713742,0.37890013438797954,0.3870146087795045,0.23983973904542769,0.5038399,15.150395,0.34107965,0.3478903,0.26401186,138453,0.44411159421044943,8.98542030965784,0.03782048207856181,0.03912432114179393,0.024172120848371142
random_baseline,212,0.9607216336852812,8.805716904486466,0.24827719213186805,0.26076769519834253,0.34840229307610215,0.922102,12.47795,0.25534257,0.26792622,0.3647414,74392,0.0386196591979765,3.6722331916439046,0.007065380795606924,0.007158520927145751,0.016339121709282978
random_baseline,213,0.8627844930681968,17.004617511868787,0.2104239024651958,0.2139650328743995,0.21126554871793923,0.9525448,9.497598,0.669496,0.6802452,0.2390646,27582,0.08976031531955952,7.507019817471814,0.459072097347884,0.46628018778676383,0.027799055326021338
random_baseline,209,0.9698045956889155,6.133048523343518,0.22086635334093785,0.23767194975634656,0.3457381173126562,0.96925884,9.788651,0.29172635,0.30962852,0.3831538,65699,0.0005457508364680175,3.6556029430261106,0.07085999744336391,0.0719565666792766,0.0374156788833277
random_baseline,208,0.10721197567364468,28.21807641720537,0.26459631513666476,0.28036408399930746,0.3071529343737852,0.5218997,24.327305,0.22080491,0.23131151,0.3985246,73576,0.4146877244911502,3.89077157711748,0.04379140030454959,0.049052569025667014,0.09137167781455402
random_baseline,211,0.5887530242770646,21.314919078235416,0.2297664716738692,0.24219627481643433,0.3972663628829767,0.09700054,29.897211,0.5346303,0.5360146,0.13757811,56838,0.4917524849742386,8.582291996593685,0.30486382694063274,0.29381834167297605,0.2596882480157663
random_baseline,210,0.48929723255979884,22.82830484023958,0.2543206163035881,0.2608482757166592,0.28892420899452914,0.09494855,25.680159,0.2657775,0.2686766,0.18744282,131957,0.3943486800109135,2.851853774872726,0.011456882180069738,0.007828333084228867,0.10148138475002993
random_baseline,215,0.2501456533875307,30.10531319141741,0.32705328323806004,0.3308717538186632,0.22912572531475214,0.98219115,6.200924,0.6923044,0.7000263,0.18214685,118498,0.7320454920325438,23.904389271739674,0.36525108954941554,0.3691545199087538,0.04697887806667475
random_baseline,218,0.8997828965129571,12.395857725528415,0.2532167037883881,0.26276918547361044,0.4242322140786506,0.6954102,23.035995,0.61984855,0.6221708,0.18806607,58244,0.2043727045001702,10.640137757870022,0.3666318455776092,0.35940162045748086,0.2361661487672187
random_baseline,219,0.7369126130909814,19.812165898070926,0.22746850264581447,0.2364941102637163,0.3741026957636376,0.66224164,24.630816,0.29796034,0.30647868,0.33943483,22477,0.07467097538422485,4.818649607910519,0.07049183833090061,0.06998456891642896,0.03466786342911915
random_baseline,214,0.9787581743064778,2.9726843832305363,0.328685113522754,0.36880971952832786,0.5117760553533236,0.022575999,26.11699,0.28480977,0.29009497,0.22421275,39616,0.9561821756276744,23.14430475251165,0.043875345322833326,0.07871474787152855,0.28756330456082024
random_baseline,216,0.978544796918033,7.603652151237661,0.2608247835627226,0.2718285602802455,0.4146395790948876,0.89664364,15.457788,0.41100755,0.41481394,0.19530971,3750,0.08190115830719313,7.854136316169566,0.15018276977628192,0.14298537547643786,0.21932986561203083
random_baseline,217,0.6646559756288584,22.306615464414488,0.3357084003911137,0.34630304819904106,0.3567329742188999,0.31246853,18.686245,0.22260462,0.23056856,0.30568507,124660,0.35218744688129977,3.6203704998148787,0.1131037829146504,0.11573449022136467,0.051047901081616553
random_baseline,222,0.5104488804261602,22.788960512714446,0.7880448967312389,0.7887949477346818,0.0840356378973537,0.47545728,19.119091,0.3490778,0.35220948,0.17081214,51030,0.03499159955190789,3.6698694787788995,0.4389671057556682,0.43658546911796736,0.08677650697817273
random_baseline,225,0.8940924029037257,15.670130014782735,0.31913966564670965,0.32742354607637725,0.31005337041377046,0.7710879,11.999344,0.26896265,0.28558514,0.39653227,122611,0.12300451800077161,3.670786142712423,0.050177014155544486,0.041838410854895924,0.08647889691830657
random_baseline,221,0.8474121727880238,20.730452282044762,0.22450771356425242,0.23337299186795013,0.33260510600003873,0.22036391,28.427147,0.23846011,0.2458106,0.26518774,35316,0.6270482578214406,7.696694629576331,0.013952395073557333,0.012437606267044377,0.067417365674111
random_baseline,220,0.1819638066095209,28.483802591136804,0.3370078751129766,0.34509183260129717,0.25957795913038734,0.33128765,20.73046,0.29129928,0.33917317,0.49903515,22625,0.1493238456445837,7.753343377879968,0.0457085916084905,0.005918664657342698,0.23945719068231103
random_baseline,224,0.14196657392656434,24.703644434011416,0.28535962403084114,0.2865942545582742,0.13143340359551062,0.83115256,17.963335,0.24856496,0.2796273,0.6282146,43252,0.6891859844001569,6.7403093967799705,0.036794665458453446,0.0069669612099618194,0.4967811941065158
random_baseline,226,0.4691555442034204,26.73851224318886,0.37811660551421733,0.38133351072664995,0.21072183579162698,0.08373386,21.750286,0.23191199,0.23914018,0.2567246,100627,0.3854216875254114,4.988226140893939,0.1462046184479484,0.14219332799311418,0.04600276023193259
random_baseline,227,0.8013699687064132,22.125326347530454,0.40648813527470906,0.40994009177780727,0.2618368677487899,0.39124614,25.54052,0.59793234,0.60088986,0.16352816,2721,0.41012382870320885,3.415193366825015,0.19144420343989055,0.19094976980590245,0.09830870848804008
random_baseline,223,0.03569162571651857,26.089775722880496,0.20426391619329207,0.24627665292412787,0.466602597011311,0.9441092,7.9127345,0.2731104,0.30915132,0.4763951,1072,0.9084175757147559,18.177041214366092,0.06884647351618059,0.06287466872542352,0.0097925033438373
random_baseline,230,0.32418144315604525,31.301859783838125,0.5263957008820025,0.5277739563710013,0.1173102858624306,0.13931303,23.992552,0.290519,0.299823,0.2844439,62517,0.18486841589335756,7.309307980249258,0.23587670178227105,0.22795097024505528,0.16713362902785872
random_baseline,232,0.9162617037280382,10.82770980994323,0.22948916961749516,0.2385270675143317,0.28417821906105917,0.29394087,21.852108,0.2483825,0.25417295,0.24930929,91418,0.6223208317740739,11.024398191765755,0.018893324236073872,0.015645883468715788,0.03486893258587759
random_baseline,228,0.37708795930490696,25.668625542795585,0.22006061570411722,0.23136903839147854,0.3546483294871327,0.07997736,25.063278,0.37589064,0.37932542,0.18083556,24569,0.29711059595689976,0.6053473445533974,0.15583002670043905,0.1479563812729044,0.17381276952295271
random_baseline,234,0.07946479981124016,26.159564018599802,0.18360096242965804,0.20581206221542217,0.5133297735518146,0.4917091,27.438684,0.42513898,0.42835578,0.24036537,91789,0.41224431330979255,1.2791204449011744,0.24153801772056474,0.22254372100868366,0.2729644024437595
random_baseline,231,0.5076772185998437,27.12504734542171,0.5000502000764706,0.5010017566355499,0.13494389484403502,0.6362742,20.406773,0.261379,0.2719739,0.33112547,17066,0.12859699995942142,6.718274731896319,0.23867119655169033,0.22902784868800963,0.19618157317163576
random_baseline,229,0.5884438521322366,17.12860763541262,0.352566759361832,0.3594163889315472,0.3089624394646889,0.07289079,28.077456,0.38031256,0.3924869,0.29339442,41521,0.5155530638155099,10.948847885217262,0.02774580262699855,0.03307051115962406,0.015568022894025424
random_baseline,237,0.6758696225722699,17.8378276426824,0.3090068132008923,0.3115692185696109,0.20408720625730054,0.5405529,22.52343,0.34466538,0.38059124,0.35471535,28223,0.13531670842966126,4.68560222792307,0.03565856513124577,0.06902202493586701,0.15062814103273853
random_baseline,236,0.9465473387333752,5.580040793706388,0.25222870952030074,0.26854763634378265,0.3937087780445467,0.044724163,23.031775,0.21503708,0.22414741,0.28810146,70948,0.9018231760653854,17.451733727167635,0.03719163185497176,0.04440022714311431,0.10560731353458269
random_baseline,239,0.8744744279143395,16.808869447827362,0.21169294564673213,0.21850384360485514,0.3526158252857231,0.44862574,26.42577,0.6325838,0.6380062,0.24677007,105157,0.42584868452520985,9.61690035808084,0.4208908513312647,0.4195023667222933,0.10584575628261794
random_baseline,235,0.738184526235827,14.475924678883466,0.2451716958635374,0.25040871816310273,0.25984220277867864,0.91147655,15.363368,0.19837642,0.24767542,0.8043472,13028,0.1732920262505927,0.8874433554793271,0.046795278703503224,0.0027332993093429625,0.5445050143042987
random_baseline,238,0.31992118195521885,18.48802733218772,0.2109442974490599,0.21413365376086554,0.23460875635873946,0.14918949,25.68636,0.2929502,0.30875295,0.43659955,78181,0.17073169485557133,7.198332073329858,0.08200591550641495,0.09461930024532952,0.20199079627263872
random_baseline,240,0.6538060760016907,18.36613583060861,0.2302549166933603,0.23327506243437623,0.22348813686297153,0.079751275,24.599041,0.22688648,0.22869721,0.17098586,108248,0.5740548005218972,6.2329051544988125,0.003368435646683654,0.004577851884068007,0.05250227425024723
random_baseline,233,0.9459232892732319,5.082761454163986,0.27497967455409855,0.3290366890417308,0.5957270873787652,0.16406295,30.972347,0.4185848,0.42051584,0.16478589,32688,0.7818603422383961,25.8895858053575,0.1436051192519775,0.09147914624345599,0.4309411956074487
random_baseline,242,0.33898722127056613,27.854733757949333,0.42550201476021277,0.4577391876019329,0.4148539153830234,0.5976879,22.338085,0.2626575,0.3146407,0.52752966,8463,0.2587006787958096,5.516648583388786,0.16284452140732275,0.14309848678482473,0.11267574150403104
random_baseline,243,0.7910951000889145,18.38628278776141,0.48909778386314334,0.4924172008303986,0.22607219321652722,0.9736238,12.105621,0.29644313,0.31168774,0.4676204,100731,0.18252871210972443,6.2806614498707845,0.19265464931686344,0.18072946312707522,0.24154820935801197
random_baseline,246,0.1731302165482862,26.21560110062742,0.21237903976201888,0.21529009725172096,0.19368943696110236,0.81628245,17.2654,0.1774206,0.19805776,0.61438125,99304,0.6431522346045153,8.950201167766092,0.034958438513277734,0.017232341423817216,0.4206918167582275
random_baseline,241,0.7503204477978404,11.694099336191591,0.3883104957335613,0.3986573240131117,0.2979123338531278,0.9245767,9.835166,0.29755396,0.32644728,0.38868377,103589,0.17425625193589378,1.8589333587135641,0.09075653922492483,0.07221004575192702,0.09077143227350487
random_baseline,245,0.9640090598716129,6.770838054029589,0.27458683118117716,0.294316052264642,0.4332984135500384,0.96457726,11.064753,0.20988674,0.22788495,0.4876974,125001,0.0005681977615963341,4.293914524705762,0.06470008656276133,0.06643110401101043,0.054398979152064264
random_baseline,244,0.0588311729238306,24.839282695360744,0.4143677714119275,0.42577949596511777,0.31468397604191756,0.97604,4.076639,0.2797953,0.32368872,0.56989783,16512,0.9172088327600684,20.762643519945705,0.13457248237231567,0.10209078026878293,0.25521385444438005
random_baseline,248,0.6940450542289932,23.56201529734713,0.2274532247984047,0.2384300282739762,0.36482258276083757,0.5286346,21.211502,0.22244284,0.25232762,0.56189287,135254,0.16541044643709257,2.350513222151818,0.005010389229022999,0.013897592709147588,0.1970702843274803
random_baseline,250,0.30238423449515744,19.74523480477497,0.2793070772997693,0.2808651515115927,0.15689023422724704,0.59944224,22.630375,0.2234351,0.23458858,0.3840917,43095,0.29705800908089236,2.8851401036722955,0.05587197340648925,0.046276573168201274,0.2272014708566
random_baseline,249,0.8952489896465462,10.814813655958744,0.22841250784391973,0.2367483081517305,0.2644676074549681,0.34231502,25.90376,0.25250646,0.2626259,0.3366831,31376,0.5529339714695137,15.088947254075435,0.024093956875852612,0.02587759473942855,0.07221548704652725
random_baseline,251,0.5927342525334626,22.461341665336455,0.22667015603073284,0.2535240743704996,0.49784967372443323,0.503693,22.85769,0.29215786,0.295182,0.21559742,94578,0.08904126795246892,0.3963491458207713,0.06548770257942035,0.041657915299300186,0.2822522527935708
random_baseline,247,0.03425141138820665,29.995532815337132,0.485977639249065,0.48794994873281083,0.17054052980215859,0.8557076,14.390379,0.30840245,0.37506026,0.5678094,59368,0.8214561744234083,15.605153863310765,0.17757519035647162,0.11288968843694291,0.39726887314049886
random_baseline,252,0.9231148615012118,12.93858470235378,0.38462009657085433,0.3881666757440463,0.20405126506500107,0.8442917,12.085671,0.24455297,0.26482847,0.3846271,54985,0.07882317448949305,0.8529132774880566,0.14006712663829818,0.12333820241450222,0.18057583874054092
random_baseline,258,0.1500439912746196,17.678385285538745,0.31124698841522314,0.33131903124471435,0.35769014925769504,0.9824236,9.724348,0.21044233,0.23029381,0.51846653,33477,0.8323796122600788,7.95403721730144,0.1008046540016947,0.10102522087713012,0.16077638297268215
random_baseline,254,0.982200315749449,4.039913105003528,0.2599499049184753,0.28086398696593995,0.3504415785214356,0.7968547,18.645573,0.49175027,0.4992052,0.25957227,14240,0.1853456409333174,14.605659557349988,0.23180036520977482,0.2183412148983026,0.09086931098908696
random_baseline,253,0.4836208064860659,26.025156658679155,0.41129706909211694,0.42868664952100044,0.4116170766074998,0.72779435,16.673859,0.25857168,0.26630026,0.3865754,13421,0.24417354270750707,9.35129801610103,0.1527253847316128,0.16238638850034004,0.025041675778184613
random_baseline,255,0.37256277330707993,20.637675513622412,0.21668925150624502,0.2516824976378772,0.6221533530339041,0.7083659,18.70371,0.24550048,0.26725075,0.51385146,48132,0.3358031438987306,1.9339649575921385,0.028811223661983132,0.015568248850693966,0.10830188923919581
random_baseline,259,0.12331543800747574,25.63708655335643,0.20140469994998492,0.2237526869308477,0.4501160651120869,0.9172222,11.376332,0.21989527,0.29873827,0.8243051,52426,0.7939067638167125,14.26075427033641,0.018490573497051827,0.07498558406715339,0.37418905201819264
random_baseline,261,0.5085282183325667,23.7964153111393,0.20930221532488705,0.24791375992253667,0.574218174712649,0.8585684,14.2007885,0.25513637,0.29645187,0.52818686,91841,0.35004015200968797,9.595626813214494,0.045834155333987464,0.04853810670420283,0.04603131701230112
random_baseline,260,0.9130403190931836,12.390353239143742,0.24001564430245642,0.2454726092739582,0.2866407012628814,0.5971405,24.50838,0.32135475,0.32503062,0.2820252,38779,0.31589982808442507,12.118027650748836,0.08133910251608606,0.0795580155925274,0.004615513055255038
random_baseline,256,0.9558984454009674,7.574515360688174,0.22748342524422965,0.24029025841748763,0.3888737928488511,0.9134295,13.021815,0.21295598,0.23470072,0.5485922,57668,0.042468946728482004,5.447299939299619,0.014527443751233438,0.0055895339349513185,0.1597184169671279
random_baseline,257,0.5079076309912082,24.934457474341254,0.26774700771196286,0.2806422428824206,0.3561712537199976,0.5782253,22.619211,0.30117878,0.30450645,0.2280414,36940,0.07031768362594881,2.3152462774418403,0.03343177546636661,0.023864208009074128,0.12812985817499178
random_baseline,264,0.9493729991633613,11.07599806836923,0.4402827308713561,0.46159643140426093,0.4430738292522223,0.052459534,28.339094,0.3252173,0.33479056,0.25707704,39532,0.8969134649057109,17.263096093618074,0.11506542425743399,0.12680587378135139,0.18599679096410582
random_baseline,265,0.4865988921740131,23.827066654879612,0.22063195708594643,0.22428834157868588,0.23152495225458047,0.87256724,11.510583,0.26516834,0.28399855,0.28436866,31062,0.38596834424947934,12.316483730990452,0.04453638192810691,0.05971020740584171,0.0528437117716799
random_baseline,267,0.07486897925705889,24.0467737656478,0.23499135268524365,0.2593141992973496,0.34409477317954423,0.7044345,22.294357,0.26164585,0.26541677,0.22317527,36167,0.6295655347886564,1.7524164658431118,0.026654500834196043,0.0061025718761275605,0.12091950083400133
random_baseline,266,0.19710535456402184,23.604964244441117,0.3196782424427681,0.3699931510026762,0.6085512377653258,0.29948872,24.913795,0.44163948,0.4461289,0.2384472,50183,0.10238336871402381,1.3088312267502893,0.121961240532238,0.07613575381681231,0.37010403353310994
random_baseline,262,0.7931227377243847,17.97529539437742,0.26567899379653764,0.2899371287381134,0.4242363731964829,0.020702537,28.997772,0.7701232,0.7711211,0.13712277,24873,0.7724202005751938,11.022476822419456,0.5044441899307268,0.4811839559519806,0.2871136080130341
random_baseline,271,0.1046389382425647,23.746614838539735,0.20070258118363168,0.2110381173774471,0.3265623875990001,0.9666776,11.373203,0.18051122,0.19229783,0.42983165,3600,0.8620386678632397,12.373411560951844,0.02019135989399698,0.018740286199735612,0.1032692662343892
random_baseline,268,0.9027857422363629,15.108542178016975,0.226501402780114,0.24683318563307002,0.38979184940058076,0.6832746,17.090548,0.26792148,0.2834196,0.40337574,8665,0.21951111550449032,1.9820053836285325,0.041420074776114646,0.036586423436754195,0.013583895419060354
random_baseline,263,0.4941463834316211,25.224141293496544,0.5054466852875771,0.5082408574714691,0.1827019486532358,0.8966085,12.671608,0.39034554,0.4013261,0.36303815,51934,0.40246208843880127,12.552533322305138,0.1151011416646065,0.10691476737404171,0.18033620380304777
random_baseline,269,0.8057130986776831,19.90627070586593,0.2725289693269192,0.28327834374364574,0.3538389102376813,0.17031556,21.382309,0.22443794,0.25195977,0.3877402,76263,0.6353975349989417,1.476038254095009,0.04809103218645444,0.03131857282575329,0.033901284559834544
random_baseline,275,0.36430734304589496,16.255545854592178,0.263847591122789,0.2730989764514178,0.33291486149514604,0.50767136,22.754032,0.21536247,0.23122686,0.39781028,75375,0.14336401315527691,6.498486280417588,0.04848511680046996,0.04187211497451959,0.06489541882788252
random_baseline,276,0.5497638025771414,23.623972102134157,0.30542623228624494,0.3161766250612589,0.35322124654919346,0.87499845,7.6722603,0.26142305,0.29634565,0.42765832,72147,0.3252346477020944,15.95171181771033,0.04400318092897565,0.01983097391150912,0.07443707292407314
random_baseline,270,0.47123268451141914,27.622028396302344,0.31860597924648276,0.32519582973640715,0.2650473224575272,0.9905427,8.425476,0.24991564,0.26711765,0.4856078,35307,0.5193100253160039,19.196552322083594,0.06869033472000113,0.05807818041961943,0.2205604804103622
random_baseline,273,0.8848798201492122,16.55103934425371,0.268662780261906,0.27200989290594435,0.20603250542662946,0.4112961,26.475035,0.37116262,0.3724164,0.13212761,4726,0.47358372072485,9.923995369491408,0.10249984290513198,0.10040651396394396,0.07390489259742108
random_baseline,274,0.5450421856468324,24.738356714087757,0.3741684246532105,0.38272103521282125,0.21460413421442837,0.98767126,4.3296614,0.2382341,0.27962372,0.5912923,40472,0.4426290704185363,20.408695344764027,0.13593432192722782,0.1030973181431954,0.37668818746754795
random_baseline,272,0.6374269197652074,24.4587690853535,0.22509550524518168,0.2365026395898523,0.305694659906009,0.34110647,26.640862,0.27078304,0.32109302,0.48733088,22106,0.29632044536564073,2.18209242587697,0.045687531702068684,0.08459038323348145,0.18163622383536976
random_baseline,281,0.48516051263767257,25.140384415058243,0.7758635118526618,0.7772050387769549,0.13699990979037152,0.9785827,6.7831244,0.31473753,0.3415968,0.48362392,33040,0.49342216758769974,18.357259968189346,0.461125983290116,0.4356082267671435,0.3466240120808138
random_baseline,279,0.9416369260192656,8.534890462721293,0.2955475240838632,0.3168103318108634,0.4867740595317947,0.87947303,20.354042,0.41001642,0.41278175,0.20789205,113564,0.06216389545209644,11.819151590501363,0.11446889341949373,0.09597141338452542,0.2788820141531097
random_baseline,277,0.060882368831245835,26.495126097588823,0.22409943081750613,0.25238030381758053,0.39278323908765567,0.7035127,19.36888,0.22432528,0.23307046,0.37396392,63301,0.642630359383018,7.1262467793515185,0.00022585354433315996,0.019309840875457118,0.018819316825463894
random_baseline,278,0.6634563976243719,18.85146379134645,0.2600071044919886,0.2632908098845796,0.2380551881129907,0.3403389,24.13241,0.24628319,0.26130217,0.47656867,54225,0.32311751184022275,5.280946258092026,0.01372391602973122,0.001988636746914796,0.23851348096774355
random_baseline,283,0.3818440717264082,23.351200289422188,0.3174421822228864,0.3269029492320701,0.34555457096964837,0.9169395,4.2195415,0.29325196,0.32434544,0.4232211,28013,0.5350954252676103,19.13165873973957,0.024190220753236125,0.002557509559599991,0.07766654032795905
random_baseline,284,0.8159139830968959,17.63994603871609,0.20095404614255385,0.2173615192360688,0.3747470205051275,0.94863003,3.9497595,0.38458106,0.39139143,0.23233356,64595,0.13271605182665758,13.690186555378688,0.18362701307489915,0.17402990708877555,0.14241346468752342
random_baseline,280,0.544998515973629,23.244959673109086,0.2931505011886512,0.30799591506303364,0.4522830576861651,0.053582173,27.387335,0.38918698,0.3955653,0.2267816,81275,0.49141634313279536,4.142375150499312,0.09603647715149771,0.08756938611685222,0.22550145101197078
random_baseline,282,0.28026467803767247,26.6922080227255,0.5481857440112045,0.5493318066055995,0.1592121946344134,0.098473705,27.787012,0.7885107,0.7911142,0.14258045,10154,0.18179097268631977,1.0948040774942278,0.24032493618746498,0.24178240447685895,0.016631745053267172
random_baseline,288,0.12257652452237076,25.838982216434683,0.4786092270915327,0.4846378456842783,0.20377201802237369,0.8090895,9.103118,0.27225062,0.28069246,0.251169,137408,0.6865129573082261,16.735864273624625,0.20635860458062266,0.20394538753150732,0.04739697807328366
random_baseline,285,0.0874638033998703,27.632821907384034,0.4517017176096698,0.4574515080719271,0.180868761354502,0.5383165,25.504929,0.25300983,0.25603256,0.21325514,101396,0.4508526848661209,2.127893318516847,0.1986918916647693,0.20141895177653218,0.0323863758506219
random_baseline,286,0.6986286713771456,14.630080001062176,0.3569913989157906,0.3601200815154212,0.16442889010883155,0.13756576,25.181318,0.28689077,0.29042092,0.19157448,76265,0.5610629095725649,10.551238282018879,0.07010062395050437,0.06969916185866765,0.02714559400104699
random_baseline,287,0.160135677127306,27.22975735498439,0.246747550195093,0.26309553389902707,0.3376168111654237,0.9724585,11.131249,0.19539723,0.21733171,0.51052403,75669,0.8123228046613292,16.09850792718898,0.05135032219254479,0.04576382642145749,0.17290722333469838
random_baseline,289,0.888507596781901,12.404539329596375,0.30134577510213206,0.3042880905980657,0.212502579867695,0.37279156,19.20243,0.28224108,0.28331393,0.1267166,103445,0.5157160382777964,6.797891395501281,0.019104698871129255,0.020974160563428268,0.08578598099932494
random_baseline,292,0.5805234329659841,20.932469960036435,0.18366429259561454,0.20334795288200147,0.4722521180846241,0.95820147,10.146467,0.23355508,0.24389672,0.41561747,41425,0.37767803502489117,10.78600275117413,0.04989078591085519,0.04054876991157763,0.05663465211172369
random_baseline,291,0.9454490925620651,5.3371085966251215,0.4101151761296399,0.4592127527862091,0.45389011147997105,0.44090167,25.284513,0.25462192,0.25806665,0.22859465,46257,0.5045474256824112,19.94740487688562,0.15549325315982176,0.20114609858088683,0.22529546562216007
random_baseline,294,0.8682980799558244,14.914462832900838,0.3080857350701085,0.3108342044960495,0.2032779220835081,0.83460915,15.194866,0.2382669,0.24308197,0.25055584,68603,0.033688929069288776,0.28040334751908347,0.06981883488833818,0.06775223249306639,0.047277921031344816
random_baseline,297,0.7590101640550572,21.67534151255838,0.4499279509469774,0.45289375163506707,0.2349180903132286,0.6875048,23.04109,0.56519747,0.5686443,0.22414039,41918,0.07150533607883036,1.3657484990383004,0.11526951685697767,0.1157505335669593,0.010777699559482573
random_baseline,290,0.9704240805700562,11.271296876170709,0.18311462959507227,0.19362024934673994,0.4524020761726072,0.9592784,12.128454,0.34557536,0.3493677,0.22845373,92865,0.011145675857379245,0.8571573322033146,0.16246073284885168,0.15574745862101824,0.22394835059620644
random_baseline,299,0.09726518054927953,32.28710112714288,0.5063597016345392,0.5082275627029985,0.1757955073147558,0.10203388,26.510551,0.33324665,0.33710477,0.1958459,83289,0.0047687027839266455,5.776549674506164,0.17311305332292426,0.17112279514203965,0.020050394651339176
random_baseline,295,0.9034825489930177,11.850978033047973,0.4940131376563791,0.49831556560931,0.2021521324027728,0.20137583,22.813358,0.2420166,0.24741398,0.25468296,172,0.7021067217997575,10.962380273836793,0.25199653907411135,0.2509015876286963,0.052530825723295316
random_baseline,293,0.19672730872409347,26.043231893690077,0.28173823455519326,0.3012899307908714,0.3764198944785614,0.6343021,22.703932,0.38604996,0.50838137,0.7699292,54336,0.4375747709534883,3.3393000852183974,0.10431172152810447,0.20709143593886492,0.3935092761299591
random_baseline,296,0.22829077890485514,25.84214079059353,0.26603047963843296,0.29337646719108124,0.343552269969864,0.9812167,4.9363704,0.24906309,0.28835976,0.54516137,123016,0.7529259497824312,20.905770417821312,0.01696739014849613,0.0050167059529830915,0.20160909649284353
random_baseline,301,0.8891515671888913,16.015010334472805,0.3042283591755845,0.3298008656222788,0.564448873014161,0.923299,14.699223,0.30026478,0.3555695,0.6123233,98843,0.034147447379437534,1.3157877697755396,0.003963583422563255,0.025768646029714015,0.0478744111350089
random_baseline,302,0.053320455373543324,29.270399983076448,0.566528350311901,0.5715762513267684,0.16543742966910624,0.5867815,19.040152,0.26382,0.2698244,0.2739238,118308,0.5334610463964762,10.230248387007112,0.3027083577696341,0.301751865683763,0.10848638462761617
random_baseline,300,0.9253349179362609,8.859738759313721,0.3411585025764758,0.3446248728516226,0.19876262710865122,0.490944,23.12739,0.25164253,0.3019152,0.6454462,81192,0.43439091983788747,14.267651148523193,0.08951597738040035,0.04270967428709316,0.446683554188651
random_baseline,303,0.7476713232436553,16.887385396718344,0.33943580598531053,0.34250130998839623,0.24403479288393326,0.14542727,24.447695,0.36044312,0.36110398,0.09438489,39536,0.602244051519908,7.560309381724039,0.021007309249064465,0.018602671744925914,0.1496499065595276
random_baseline,306,0.7162667463660543,21.168055048962085,0.762149947197113,0.7644911101905735,0.16635723517244408,0.9186843,2.886876,0.279381,0.3340104,0.44246468,92435,0.2024175573944743,18.281178942699878,0.4827689402410126,0.430480717763129,0.27610744430715495
random_baseline,304,0.9207873039567279,11.00302055706075,0.2428666977774306,0.25999518333918487,0.48767849774427585,0.90485644,12.909215,0.2646462,0.2729385,0.37923038,14631,0.015930860551576553,1.9061944163889564,0.02177950454839031,0.012943306574755564,0.10844811768598728
random_baseline,298,0.9891998167790204,5.503714701524608,0.21947581654254666,0.26627336765875065,0.6628362288401949,0.961938,11.166701,0.29986548,0.3183474,0.4789732,116501,0.02726179321182065,5.662986615308888,0.08038966769512423,0.0520740268076495,0.1838630189822542
random_baseline,308,0.3311798941749244,19.96927937604101,0.2517995320192253,0.26155245500919294,0.30424225753126705,0.4348035,21.646608,0.211076,0.29017657,0.8920513,39362,0.10362359169543695,1.6773289766201245,0.04072352572592847,0.028624115406303885,0.5878090220135632
random_baseline,305,0.3269419158453964,27.462938678664653,0.3528269999006735,0.362248687336733,0.29483992956002514,0.3854943,21.239113,0.25528932,0.28744483,0.48869804,73046,0.05855237593698276,6.2238258246607465,0.09753768372330535,0.07480385739593709,0.19385810591856678
random_baseline,309,0.9746225013357652,10.121155089598282,0.19187840728136846,0.21094851988166963,0.42096922622693617,0.9647048,7.9841905,0.19930682,0.20805982,0.37749887,71514,0.009917689762736659,2.136964625578507,0.0074284085812871825,0.002888702329103099,0.04347036109937269
random_baseline,310,0.4384780256440255,25.08054241292879,0.32546212680971015,0.32720584610678316,0.16296692686403652,0.30567494,27.366968,0.5179925,0.51924,0.13638976,117528,0.13280308529635398,2.2864257419784373,0.19253036968076837,0.19203417559884428,0.02657716470087429
random_baseline,311,0.5826880896910892,23.750169929189386,0.2540957764154743,0.2568776820273185,0.21830597573945545,0.25995806,18.83032,0.21972083,0.24762735,0.5050828,131305,0.32273003109543186,4.919849570913019,0.03437495086253395,0.009250334319570064,0.286776810343766
random_baseline,307,0.7561889397523291,20.009597808885,0.36092050049041824,0.37439918310366554,0.3907343832237544,0.9102682,8.709953,0.25203067,0.26211572,0.29503158,33698,0.15407924777055904,11.299644500779532,0.10888982984756546,0.11228346616946144,0.09570280587504532
random_baseline,312,0.9934660152173889,4.446421257117088,0.18817745262179042,0.22310111897657448,0.7297968219395897,0.92470616,8.289946,0.41474327,0.4221024,0.2142116,36270,0.06875985419520259,3.8435243452999046,0.2265658218285117,0.19900127274324364,0.5155852239009163
random_baseline,314,0.7339896131638818,19.183941538529094,0.2882103360380638,0.2942805833104351,0.30121115319345904,0.657395,22.130531,0.5336939,0.5518591,0.41703588,19407,0.07659460793774653,2.946589772506062,0.24548357360701678,0.2575784974810383,0.11582472451116133
random_baseline,316,0.9143168433826003,13.287985843737275,0.22845336228553398,0.23747610772413874,0.39317507899266096,0.23105118,28.889288,0.557855,0.5610712,0.16851021,106156,0.6832656665961776,15.601302104871124,0.32940164774711983,0.32359510933595037,0.22466486549836012
random_baseline,319,0.29585995705928997,23.568468387712347,0.8951403583083378,0.8961833851063257,0.11655256628735648,0.89365727,16.786804,0.32529032,0.3571512,0.44236517,6400,0.5977973100343685,6.781664188493597,0.5698500360045659,0.5390321747982507,0.32581260323779
random_baseline,313,0.8989653229950335,6.808613688915116,0.2745765244915287,0.28648492358973926,0.35863574498886674,0.66858584,24.711943,0.30780885,0.31068867,0.20432056,126305,0.2303794861076739,17.903328983814376,0.03323232174374657,0.024203750860181394,0.15431518012280077
random_baseline,315,0.44475619147680173,21.284640040206845,0.2280106705340211,0.2379483889684664,0.3885642461008774,0.23976566,25.276556,0.44294608,0.4741078,0.37475488,57889,0.2049905325021542,3.991915974807803,0.21493540585910634,0.2361594129457487,0.013809370202516213
random_baseline,318,0.9914042179957753,7.223938334888324,0.19161850263801883,0.21317480616533538,0.5506464856343851,0.7394128,17.904608,0.23486462,0.25301483,0.3827207,92795,0.25199143341935926,10.680669437938825,0.04324611971648862,0.03984002656972627,0.16792577678733922
random_baseline,320,0.2092831936576335,26.320887327166485,0.23586425273537273,0.24467433347824746,0.3380919281275553,0.32275113,28.142456,0.28867918,0.29126674,0.22427547,43454,0.11346794097638443,1.821568727521015,0.05281492979407673,0.04659240589019126,0.11381645834758702
random_baseline,321,0.8178976942754077,16.299481282665013,0.18559967700875973,0.19781860353384303,0.42855772305673073,0.9050683,11.274244,0.3446026,0.34796268,0.1711779,24302,0.0871705840372754,5.025236974193334,0.15900293763242984,0.15014407394494725,0.2573798291797013
random_baseline,322,0.9581557141435957,11.425138604055597,0.22172179341611276,0.22656754316278774,0.2548562978233484,0.94564897,13.800077,0.1814734,0.2639116,1.0787532,134431,0.012506745923838603,2.374938834298895,0.040248389247030114,0.03734406171849888,0.8238969351325842
random_baseline,317,0.42877846603266145,25.7605966441822,0.6648418319362072,0.6670133595396736,0.18282004095463902,0.45700952,24.155535,0.26423794,0.2692116,0.28750113,125247,0.028231058074317916,1.6050618999195052,0.4006038916247753,0.397801769249604,0.10468108557314723
random_baseline,327,0.2464463818922842,24.788505033744627,0.22159360377709325,0.2246723992007608,0.19321315120472243,0.732066,14.123938,0.24891457,0.26345873,0.29674077,107582,0.48561959377376196,10.664567426933104,0.027320965839224498,0.03878632958952241,0.10352761913524339
random_baseline,325,0.09626216151542204,28.89645505286335,0.332523560418999,0.3377380268597319,0.26362453788011964,0.30077958,25.690079,0.5367874,0.5396353,0.13487516,8442,0.20451741955452424,3.2063763175117863,0.20426383028992434,0.20189727377655958,0.12874937444418366
random_baseline,323,0.08319998754603024,23.67881217377248,0.21841398574458243,0.23032917106624534,0.3843444449341921,0.8050401,14.9229355,0.22444968,0.23672551,0.36564004,89991,0.721840133532461,8.755876687932638,0.006035693510903106,0.0063963381004721875,0.01870440072185081
random_baseline,329,0.6180178419636726,24.590012957041814,0.42559550864861545,0.4275134651587783,0.18972079965668498,0.41259184,27.475092,0.44638544,0.45441663,0.2732255,137267,0.2054259971665382,2.885078977162287,0.020789934561986356,0.02690316749350441,0.08350468662184896
random_baseline,330,0.5237421460805555,22.94868582751423,0.22109430991598922,0.24592438502629918,0.47418250653888466,0.9717661,12.911549,0.22539449,0.24735048,0.52861905,4810,0.44802396815436885,10.037137213012276,0.0043001774649922275,0.0014260991064675432,0.054436544440729595
random_baseline,324,0.2610515361582768,26.978706863614686,0.44339260613168413,0.44564928230746437,0.1614049662215189,0.6402763,23.677908,0.4627116,0.46429175,0.15736014,58068,0.37922477666978716,3.3007989198891003,0.019318996317732984,0.01864246907727074,0.004044829712577247
random_baseline,326,0.3565855364114812,21.77541158688982,0.33690804202551733,0.34428020558311506,0.27993503818070853,0.7691884,18.937822,0.26469985,0.2769085,0.3884387,88077,0.41260286767177073,2.837589244970875,0.07220819551939855,0.06737171850158735,0.10850366344893014
random_baseline,331,0.9179866352863354,14.414071165519822,0.19178777973620137,0.291315811238594,0.9189850252944299,0.8560561,15.76437,0.29652497,0.30799785,0.25539446,110343,0.061930541116718696,1.3502987990797877,0.10473719198735515,0.01668204132526402,0.663590566523678
random_baseline,332,0.5417093152353547,20.661022093189466,0.3717465334507937,0.386970537140654,0.3981650367306394,0.93799037,11.271418,0.24299385,0.24889544,0.28999135,49176,0.39628105217721243,9.389604475391614,0.12875268691511105,0.13807510061530914,0.10817368774878211
random_baseline,328,0.8051634771602808,17.71873659246112,0.35577589943807864,0.3608996563205363,0.22587784652949205,0.9191997,13.772166,0.4102315,0.42607796,0.3466368,104320,0.11403622796362056,3.9465703403248895,0.054455601425950295,0.06517830560115562,0.12075895542859205
random_baseline,337,0.8669669414798874,17.68345245905943,0.27803342219379923,0.2972864612484282,0.4921204927196177,0.5943585,22.772343,0.3816662,0.38638133,0.21377258,60972,0.27260843766137544,5.088890222825334,0.10363279108020285,0.08909486685749829,0.27834791269203746
random_baseline,334,0.42590663427630704,26.447975298104268,0.6373121458433082,0.6382496775220392,0.11534015878098233,0.330599,23.561222,0.23971626,0.24284868,0.21254627,10270,0.0953076242856149,2.8867532216882523,0.3975958842180183,0.395400998098707,0.09720611528498904
random_baseline,339,0.7178096421872568,9.68832023645195,0.3268981469354154,0.33287457904178464,0.25818430546594556,0.74119526,15.460986,0.2534969,0.25991252,0.26770148,5749,0.023385619291167226,5.772665900938186,0.0734012616357328,0.07296205839473568,0.009517171346417108
random_baseline,338,0.07648584290820049,27.084622747527,0.21319064214945851,0.23185842431701698,0.5137436309049637,0.36463356,27.009958,0.31489873,0.3163603,0.15160444,75095,0.2881477172724636,0.07466448031508577,0.1017080871748823,0.0845018705018612,0.3621391871164352
random_baseline,333,0.8831612238018389,11.028185796826833,0.5430514959203548,0.55024645261418,0.2510889592015391,0.8681791,18.227242,0.22086164,0.24349432,0.50858754,41159,0.014982140931355525,7.199055719286449,0.3221898523675747,0.3067521356786408,0.2574985799944753
random_baseline,336,0.3972499754440633,23.756113053900247,0.25789976719313895,0.28083055138609436,0.5098362974808379,0.027540525,24.195015,0.702881,0.70330316,0.07366444,30030,0.3697094500225631,0.4389018997130343,0.4449812113911506,0.4224726068971393,0.43617185577608786
random_baseline,340,0.28304843041710376,20.56486680969398,0.2580070032600884,0.2605906272230907,0.20258986603242524,0.85701734,8.216132,0.2765919,0.28981075,0.31186992,63652,0.5739689078588057,12.348734645692517,0.018584893750714815,0.02922011968509719,0.10928005326765411
random_baseline,341,0.7865956120714506,13.806099103213839,0.2767174397887202,0.28245165762928426,0.2537270981176092,0.9050151,18.699442,0.42024383,0.42450008,0.24924581,80826,0.11841949889809289,4.8933428065762,0.14352638970003406,0.1420484203335911,0.004481290589113396
random_baseline,335,0.9412952400999641,13.860142241304501,0.2425213048325413,0.35301574241826156,0.9973999466813597,0.97456056,8.709268,0.19734758,0.2071362,0.3424488,121837,0.03326531869596483,5.150874625032529,0.045173723445975145,0.1458795435399733,0.6549511458791288
random_baseline,344,0.7929203431456358,20.42689850722066,0.3100757490577804,0.3178997445438923,0.34968491652996203,0.50458926,23.130035,0.25564048,0.2622711,0.291332,25673,0.28833108352115455,2.7031368931699653,0.054435272115718025,0.05562863830075876,0.05835291007549426
random_baseline,345,0.8163982964429136,21.604658250868486,0.34472105061362834,0.3507712743760073,0.32006156168585553,0.30130863,25.175379,0.19328962,0.2053981,0.4114699,32015,0.515089664545941,3.570720548569991,0.15143142794917674,0.1453731767416918,0.09140834488267169
random_baseline,342,0.6170017877611735,22.897478468922838,0.21906873103877814,0.2363102150062769,0.38910247344168514,0.8546216,17.806498,0.29050747,0.30768958,0.33445007,1331,0.23761980142263384,5.090980895070299,0.07143873456218927,0.0713793623348028,0.05465240735205501
random_baseline,348,0.06841890506230137,26.61068980556881,0.31190805070668326,0.31937356732072303,0.198790162288125,0.5409324,21.753227,0.38500348,0.38675088,0.1553964,50131,0.4725135118535922,4.857462571682092,0.07309542662829294,0.06737730958281091,0.04339376040595336
random_baseline,346,0.09523007628134882,23.018691231894977,0.23693670867652375,0.23951014861244735,0.17192976886302813,0.7752736,19.406694,0.4986808,0.50538456,0.24310313,46005,0.6800435448009571,3.6119968196635313,0.26174409152298495,0.2658744157872719,0.07117336278885023
random_baseline,350,0.6245767121402075,23.91945765940677,0.47593652394957614,0.47857555064084456,0.18953583717680023,0.9066476,9.459951,0.24396086,0.25258455,0.28588873,10853,0.28207091044508914,14.459506258649935,0.23197566655821872,0.22599100383641646,0.09635289430284455
random_baseline,343,0.4517838447477086,22.862777505750817,0.2815325990552646,0.3129546810517075,0.4398075785598737,0.7034151,19.68113,0.33106682,0.38792288,0.6058313,92981,0.2516312510584132,3.1816480501844104,0.04953421798994717,0.07496820198204496,0.16602374649429502
random_baseline,351,0.892608263071682,14.453028453705521,0.21163376783011442,0.2340609316104171,0.5082166685319182,0.6695798,21.5644,0.2356383,0.23902915,0.1832147,29405,0.22302845912804792,7.11137126553276,0.02400453771473879,0.004968222571063302,0.32500197427036726
random_baseline,347,0.9426056441936116,3.220857494476782,0.334573213103565,0.40252090555573944,0.5126973048938133,0.58710676,21.892153,0.21306601,0.22027192,0.3254593,74040,0.35549887987705275,18.6712952917781,0.12150720143631344,0.182248990358367,0.18723800342210306
random_baseline,349,0.4708944157810333,25.463886174298626,0.3696087808667938,0.371096641673506,0.1431154645181117,0.93265074,7.4492674,0.30763975,0.31141207,0.2108651,52836,0.46175632913397524,18.01461878690849,0.06196903300874629,0.059684575452268795,0.0677496307396474
random_baseline,353,0.8115525460543678,14.832798077067253,0.5406992571468773,0.5421395775590363,0.11757944820993192,0.508977,24.81757,0.57029223,0.57133555,0.1462439,76415,0.30257555010939097,9.984771655598763,0.02959297727389909,0.029195976563888504,0.028664451850721764
random_baseline,355,0.9485847327562195,14.82384524187875,0.20650349442893232,0.22919292268347172,0.5213470237602853,0.82905596,15.367041,0.20931473,0.22283678,0.45504782,39837,0.11952876780947264,0.5431953922765231,0.0028112393147352865,0.006356145115608253,0.06629920772215359
random_baseline,357,0.9493799753303847,12.205234268296671,0.2597464679302512,0.2770397539910154,0.4805093240969078,0.86240333,16.007492,0.36390293,0.36720103,0.22759818,86257,0.08697664214328138,3.8022577971330165,0.10415645851475613,0.09016127626334863,0.2529111486904518
random_baseline,352,0.31443945417384705,18.84162531853059,0.22175315446759664,0.23462595088468172,0.44408679773301485,0.4784927,20.775179,0.68206495,0.69098955,0.2314612,83794,0.1640532528402368,1.9335535907711687,0.46031179599855937,0.4563636030436935,0.2126256005951822
random_baseline,360,0.9733060254284077,9.879732056269106,0.6100921205613534,0.6197341274425288,0.19509121443080432,0.5793359,17.706892,0.2956425,0.2972913,0.1402211,22583,0.3939700974651509,7.827159957280699,0.31444962540601895,0.32244281880109504,0.05487011040496356
random_baseline,354,0.9726510379164126,3.764130597677081,0.30349731386634854,0.34571112469553744,0.4883161485874798,0.69928706,21.260862,0.23150632,0.2393943,0.3283905,136889,0.2733639809935,17.496731752786786,0.07199099601242093,0.1063168175590018,0.15992563969732781
random_baseline,358,0.7675487637420672,17.963911723783433,0.276593038830115,0.2838116130475058,0.2167461559970711,0.6073094,22.492666,0.24542265,0.248188,0.22020233,61418,0.16023936270675831,4.528754520723403,0.031170392426802307,0.035623609149838864,0.0034561707775260797
random_baseline,359,0.7888466432635154,11.361691036261206,0.3329851517646,0.3446532161907562,0.3655098522863374,0.44597816,22.952667,0.237915,0.25834075,0.5683225,105897,0.3428684785906638,11.590976200066919,0.09507015740558356,0.08631247002643427,0.2028126274385466
random_baseline,356,0.5453546143138466,22.558443002769955,0.30357168319669525,0.30768066317356224,0.23799330674771438,0.27781293,27.503887,0.23664585,0.2400437,0.18906361,76996,0.2675416863524971,4.9454441737437165,0.06692583563772003,0.06763696343219872,0.048929698101321556
random_baseline,364,0.2485765766694763,27.336391734382563,0.4903238258431751,0.497427918872298,0.2190039533864951,0.9755411,2.7574332,0.2956459,0.34374234,0.49602807,108455,0.7269645381376526,24.578958558341913,0.1946779332230884,0.15368557806915162,0.27702411229496243
random_baseline,366,0.679581304119774,19.41945198991476,0.2379511388129672,0.25020275372529854,0.34811892322668037,0.93529975,12.992382,0.24704927,0.25915724,0.42993608,108201,0.2557184500229872,6.427069940354212,0.009098133247427087,0.008954486665479044,0.0818171579443554
random_baseline,361,0.059842926516947156,28.89451799481143,0.4785050937557748,0.4819224135368086,0.15622421218523452,0.98255837,7.8438067,0.18648213,0.24216722,0.7846514,120835,0.9227154431195885,21.050711251189604,0.29202296227460417,0.23975519401719342,0.6284271864735179
random_baseline,363,0.8782413843758652,18.600570640289206,0.33780850372810234,0.3420518071904389,0.2873014554851258,0.9875173,8.657264,0.34454933,0.35175616,0.30301982,48010,0.10927591289204863,9.943306884490866,0.006740824360658038,0.009704348300436372,0.015718366158703534
random_baseline,362,0.6347827142200647,20.847803030997166,0.21728154334355548,0.22173847364484142,0.23830210032329416,0.46006468,21.037758,0.65144384,0.65235484,0.09922745,56385,0.17471803483583315,0.18995484253798978,0.43416229572962567,0.4306163628190868,0.13907464953527307
random_baseline,367,0.5474296971180372,23.778054623374114,0.46132626239879354,0.46406676207731656,0.21223578396695414,0.92506063,13.249135,0.25135317,0.26898745,0.38612136,133681,0.3776309327266283,10.528919605979095,0.20997308795078024,0.19507931505392484,0.1738855784807845
random_baseline,371,0.2508105685299768,22.715392854666472,0.18276340762547616,0.19174959502021555,0.3384711860653682,0.2407927,26.25108,0.3181193,0.32604605,0.24647482,8272,0.010017861921204518,3.5356867046596996,0.13535587986536857,0.1342964545746636,0.09199636867015792
random_baseline,365,0.42763880439899576,23.57982385955504,0.34997922222035854,0.38906243052437184,0.5397807755451949,0.8077846,20.378887,0.5749483,0.57677805,0.14658864,16621,0.3801458125481783,3.2009366830413697,0.22496908863169224,0.18771562371299388,0.3931921371203215
random_baseline,372,0.16816132696077124,23.032038705989567,0.2150837865580289,0.26346768402133774,0.515121734820453,0.8176798,19.57138,0.3682184,0.3701209,0.20028445,133477,0.6495184954841445,3.4606580907551923,0.15313460557568387,0.10665322876896072,0.3148372835741914
random_baseline,368,0.5804570593076216,21.61418467575849,0.2851347323858985,0.3402234207150247,0.5386954782718419,0.6203297,18.492188,0.28353617,0.2937061,0.35993224,11630,0.039872618751002675,3.121997175758491,0.0015985664332159866,0.046517331456830735,0.17876323444783682
random_baseline,370,0.27281847089113515,24.462690339370905,0.20899435776133327,0.23896060594302956,0.49614152815938284,0.9339273,17.456198,0.42965928,0.43965527,0.32727706,106179,0.6611088267010279,7.006492600723444,0.2206649194393656,0.20069466820972617,0.16886446383595755
random_baseline,374,0.10495614676998162,30.849770588586548,0.8215396381914206,0.8229291087413998,0.12535192308387946,0.9808278,7.200929,0.20095976,0.22564816,0.54885876,71400,0.8758716616101453,23.648841423700073,0.620579881221015,0.5972809439922543,0.4235068387035351
random_baseline,369,0.6144367448533177,19.576427355069153,0.21295645483748862,0.22139437753465355,0.2721915034313387,0.8571819,12.492165,0.31600344,0.32022804,0.21154135,130214,0.2427451618468166,7.084262743252747,0.10304698697311929,0.09883366268369972,0.060650148775119206
random_baseline,375,0.5113916575130015,21.687079777822415,0.6876195392802279,0.6894123412948463,0.1315817731374155,0.59236413,23.570591,0.21439296,0.21860562,0.21576987,8588,0.08097247489132586,1.8835111950779755,0.4732265792086642,0.4708067186456535,0.08418809893194332
random_baseline,377,0.6927581830472939,18.912365882761602,0.5424914201044122,0.5450388630723931,0.18586482458786585,0.14953674,26.999628,0.3190921,0.32509002,0.2537565,118268,0.5432214392871849,8.087262184255,0.22339932520618833,0.21994884217738886,0.06789166874213598
random_baseline,373,0.12431085819676926,23.84678800178083,0.2998674246388844,0.3081251938114128,0.2449897389360757,0.987361,7.2971435,0.21352538,0.24780773,0.5999285,126941,0.8630501556925435,16.54964454246076,0.08634203997434886,0.06031746754741285,0.35493875933205177
random_baseline,378,0.8945808310092869,5.368023247249127,0.23870774305484244,0.24664626388040303,0.34022853794543606,0.4083557,27.730673,0.62580574,0.6269689,0.1202478,69853,0.48622511811866187,22.362649589054584,0.3870979925332313,0.3803226563504625,0.2199807343169914
random_baseline,376,0.8141544205773412,16.384583997478913,0.3082014008123775,0.3139252525660263,0.2504444069723235,0.9458337,11.176071,0.27157214,0.28455418,0.38199484,58924,0.1316792624365748,5.208512830486725,0.03662925797294575,0.029371069082902546,0.13155043651064768
random_baseline,382,0.4309019428346064,23.981097281280714,0.5493900522154019,0.5545328513012582,0.26751531458091193,0.8447194,18.86852,0.21774314,0.22505257,0.26045832,70346,0.41381746710802053,5.1125765445863784,0.33164690877610903,0.32948028596503076,0.007056994201654732
random_baseline,383,0.6763840391166743,16.90915369237343,0.3137259587501758,0.32019607451409404,0.2766818401191597,0.24552983,25.506907,0.21609637,0.22993435,0.42299077,35981,0.4308542086608943,8.597752817025984,0.09762958733789856,0.090261724857989,0.14630892902871323
random_baseline,380,0.2265503522963965,26.78024444770108,0.9252167296387964,0.9260769118890261,0.09107404584072884,0.9271995,15.929985,0.1846433,0.20985167,0.47504967,95234,0.7006491306213891,10.85025940131436,0.740573431251269,0.7162252446040606,0.38397562867022694
random_baseline,379,0.628203049031483,21.0485099908385,0.24810595969267063,0.2528386334736079,0.29142559836951404,0.6601562,17.456558,0.30393577,0.3102106,0.3070319,60645,0.03195314136387217,3.5919517632994378,0.05582980652742214,0.057371952120569336,0.015606301321114013
random_baseline,385,0.8271608573732724,20.22751377749799,0.2320856035058164,0.2366008592346195,0.2478626706969097,0.8622392,14.423808,0.21883625,0.22360179,0.25654277,13204,0.03507832462211946,5.803705679658634,0.0132493555848264,0.012999070952225078,0.008680101357762537
random_baseline,386,0.8191481454401397,15.820772965942474,0.49852732191886356,0.5018163856640493,0.18289223118944198,0.9674413,12.634002,0.37697485,0.3875173,0.42318583,75824,0.14829317497917183,3.1867712340699157,0.12155247102584293,0.114299082435671,0.2402935941584584
random_baseline,381,0.9763775363943057,7.985838831959086,0.20216720602727675,0.2090806816526924,0.32126662679679663,0.9513495,11.320383,0.20829318,0.23389399,0.65823007,63921,0.025028039552875025,3.3345442399403282,0.006125978610746624,0.024813308863970207,0.33696343950264185
random_baseline,387,0.898174524645611,13.5567359293307,0.21159197847258926,0.2233524301574805,0.3324485694055858,0.097547434,29.821735,0.620935,0.6225348,0.12945186,20307,0.8006270903752291,16.26499945274938,0.4093430443583739,0.3991823813392541,0.20299671338847308
random_baseline,389,0.85204137963506,15.314283874859619,0.20758916570357075,0.21068989530549828,0.21691095607771907,0.69142824,22.646313,0.3010357,0.3124578,0.27880985,119881,0.16061313552113787,7.332028838763428,0.0934465365249754,0.10176790460600074,0.061898889369821214
random_baseline,390,0.4377389025515995,23.676025036617965,0.19730674333307516,0.20390272507763427,0.24879340961237223,0.21227527,23.496109,0.35338318,0.36563972,0.32119486,77427,0.2254636359042606,0.17991602782890226,0.15607644014623392,0.16173699130916078,0.07240144774656027
random_baseline,388,0.12311942612414724,26.613124419494635,0.26226367668391,0.2677287303892342,0.26504425770591483,0.81373644,21.91906,0.23652063,0.24086946,0.23290618,110524,0.6906170126270734,4.694064666076667,0.025743043582446667,0.02685926789915244,0.03213808006595359
random_baseline,384,0.5365676407055874,25.011533348281564,0.2901097690374467,0.30640263258217204,0.41055287615904046,0.5492954,23.574694,0.33636335,0.34518835,0.3267265,40051,0.012727784709451684,1.4368396684719933,0.046253576347151104,0.0387857169032253,0.08382637993940545
random_baseline,394,0.3251287933567155,25.339209443449427,0.35914968088565546,0.3614453163174974,0.19169237570980827,0.5896801,16.736021,0.23207158,0.25690183,0.40174028,97373,0.26455128228873126,8.60318840157931,0.12707810238300044,0.10454348588269818,0.2100479070641633
random_baseline,393,0.05411217973216779,28.32586120895409,0.9763903245526833,0.976567927551073,0.048072311025710864,0.98240215,5.504512,0.22059989,0.23708025,0.4140505,120665,0.9282899661304116,22.821349375763173,0.7557904347974342,0.7394876813409748,0.3659781786383669
random_baseline,391,0.7567707985609733,16.14795603082922,0.2530679122670039,0.25940077563908626,0.3101087534906657,0.609456,19.936169,0.2263238,0.23711468,0.2691413,107529,0.14731479584872353,3.788212639825076,0.02674411396816817,0.022286092845469008,0.04096746687910868
random_baseline,392,0.08905742172942425,29.420760134758638,0.376438925460975,0.3809197048391421,0.2132735693794711,0.8510731,15.85611,0.24815091,0.27998236,0.51524407,68428,0.762015664532325,13.564650515618013,0.12828801055351957,0.10093734662190273,0.3019704973357694
random_baseline,395,0.8120870730033247,15.575728045325327,0.22348695403941757,0.23179369553619106,0.32028735644188133,0.88869727,17.067566,0.29308587,0.3328983,0.4433532,8208,0.0766101935753496,1.4918378726434227,0.06959891908756607,0.10110459342903416,0.12306584947738441
random_baseline,396,0.9132136499770482,17.58209548220104,0.2526344547905885,0.26335247279737617,0.36356758248383914,0.9302492,14.864946,0.32705274,0.33495492,0.29526386,102313,0.017035564195315045,2.7171491168445954,0.07441828745222462,0.07160244463350152,0.06830372583444033
random_baseline,397,0.7779489324860076,18.816441656509454,0.27456591980537565,0.28420726688720355,0.3455024109617746,0.096419446,23.234922,0.21608031,0.24044994,0.41493818,86117,0.6815294863156776,4.418480752548163,0.05848561184486539,0.04375733168937335,0.06943577067694306
random_baseline,401,0.21396143942493612,26.244013231485162,0.3200151845159259,0.370412044936985,0.5286547412744553,0.8926292,8.369392,0.23620242,0.24258825,0.25611493,84745,0.6786677667556364,17.87462083646563,0.08381276571175722,0.12782379310783765,0.27253981135998084
random_baseline,400,0.6723859975895123,22.67603786847658,0.25595314319363704,0.27427635414593393,0.4351776394180385,0.55196285,22.751373,0.205083,0.27379757,0.6702842,118671,0.120423145111485,0.07533542253904457,0.05087014551392666,0.00047878248684579683,0.2351065722175511
random_baseline,399,0.7770951377663505,18.686796630873513,0.23346761320163517,0.2957496258407079,0.7029626016043866,0.14974362,25.273773,0.3341477,0.3377355,0.17705144,25424,0.6273515211853874,6.586976562485862,0.1006800785250494,0.04198587807126414,0.5259111617230618
random_baseline,402,0.7792927023269051,19.023429071420512,0.278477813714848,0.2905594483467266,0.3069122654826749,0.3703981,16.534481,0.25760466,0.26832104,0.32386884,63618,0.40889459813607865,2.488948022836528,0.020873155111179764,0.02223841105424612,0.016956575450171152
random_baseline,398,0.5571001312642562,21.534857986818302,0.18686100186705223,0.23475591142963625,0.6621853009103724,0.6928712,20.031834,0.26634645,0.2728888,0.28505608,82604,0.13577108169503338,1.5030243381366617,0.0794854527533091,0.03813289801288389,0.37712921651591746
random_baseline,403,0.28777126070803605,25.56486986613535,0.24380012784850758,0.2593781670540653,0.34021006219082556,0.5058872,15.117291,0.2760435,0.2921941,0.34754685,33526,0.21811594966107406,10.447578415634862,0.032243376628039666,0.032815931180111335,0.007336783483689213
random_baseline,406,0.9795733920624649,4.270228751700095,0.3081624733936014,0.31775804585267325,0.28856415308887234,0.060419187,25.594225,0.23516266,0.24057095,0.25462127,80302,0.9191542051127349,21.323996178109475,0.07299981291405583,0.07718709832478782,0.03394288577014676
random_baseline,408,0.5461198181142165,25.72779095549441,0.6724305175797486,0.6738430354171673,0.15311024741492804,0.87701637,11.215318,0.20359962,0.21175574,0.32320172,93339,0.3308965474138902,14.512473229359156,0.46883090069456335,0.4620872977548519,0.17009146853126947
random_baseline,407,0.5415867892674938,14.284762937990273,0.5249807959278944,0.5302201097808715,0.17191095327295158,0.7942341,20.027014,0.24218825,0.26746652,0.41629732,2546,0.25264730773644295,5.742250840696251,0.2827925508698347,0.26275359447821345,0.2443863632782569
random_baseline,405,0.9403792114975935,12.496612001674286,0.2124888217933439,0.24300054892101897,0.5054430131230422,0.025165962,25.53785,0.20723885,0.26105285,0.8069689,71767,0.915213249442268,13.041237424595245,0.005249968815591227,0.01805229798755037,0.30152591426038067
random_baseline,409,0.8503939495311191,15.11937025634252,0.20701595782528287,0.21667484408514706,0.33136651249696253,0.660475,22.539038,0.78928775,0.7919403,0.14180689,85142,0.18991893389086034,7.419667448125253,0.5822717881273234,0.5752654277692536,0.1895596268968725
random_baseline,412,0.9893000188528687,4.013945323078708,0.2389371634878103,0.27067998003956817,0.5117423797144138,0.93979496,14.546271,0.4555793,0.46029684,0.21690576,15985,0.0495050612150818,10.532326001079007,0.21664214716778357,0.18961685943606355,0.2948366219295704
random_baseline,410,0.5335359028689223,25.24382049443198,0.7104001980864145,0.7118574280489606,0.15681876508047038,0.093164235,32.212555,0.3261667,0.32947475,0.1435537,29771,0.4403716675154524,6.968734437208646,0.38423350869051,0.38238268086802185,0.013265061057109173
random_baseline,413,0.8983162084075291,14.495371954294264,0.23192611248072442,0.2567510904859789,0.6703694144205432,0.96610206,10.955995,0.29586053,0.3035099,0.32777035,70015,0.06778585524832414,3.539377348276197,0.06393441646519843,0.046758800547193724,0.3425990620569568
random_baseline,404,0.0939784390440956,25.2118984500775,0.21029470270495434,0.2595545738951407,0.6891117300789529,0.22564398,26.173058,0.39538223,0.39713076,0.16294678,70761,0.13166553847875445,0.9611591060748452,0.1850875228085039,0.13757618367512603,0.5261649545233422
random_baseline,414,0.8800805793754268,13.351162502167455,0.31731721765101767,0.3249249198986146,0.26735679253990857,0.4475488,21.256071,0.2223608,0.23887521,0.3126221,15545,0.43253177270809895,7.9049085885307875,0.09495641297400809,0.08604970961342784,0.045265307574913816
random_baseline,415,0.24311934435955196,29.524249875605804,0.5623848461453486,0.5649585301640415,0.16554059590188172,0.9736429,2.072812,0.4496887,0.47154343,0.30519414,118759,0.7305235413254151,27.451437795222503,0.11269614332361699,0.09341509888199806,0.1396535435787091
random_baseline,420,0.3362556368024627,27.867277481619087,0.43898229520287324,0.44414133588647786,0.23761114566540134,0.48315126,26.02192,0.23358752,0.23651955,0.22982325,2064,0.14689562023565378,1.845358231130806,0.2053947768684845,0.2076217905697817,0.007787899067157628
random_baseline,416,0.9559366139375263,10.200063734538958,0.28056910779772903,0.28858316196392814,0.30878701402635106,0.25168735,17.494328,0.22433883,0.24548428,0.4572499,53776,0.7042492660485797,7.294263810627058,0.05623027828036453,0.0430988843579177,0.14846289561300746
random_baseline,418,0.8679125825916585,14.608183904451124,0.7004297631758916,0.7016034990128279,0.11300495448138337,0.85204136,15.314283,0.20758916,0.2106899,0.21691096,399,0.015871218875533,0.7060994665205556,0.4928405987996327,0.4909135967072249,0.10390600380871673
random_baseline,411,0.7137022363227495,18.68242485736332,0.1878059043754424,0.21563252706129257,0.6262974423800101,0.6870739,17.462496,0.35679868,0.36313614,0.23593065,96187,0.026628349928248807,1.2199290535303113,0.1689927742611085,0.14750361543100174,0.39036679095369475
random_baseline,417,0.8742045240068682,13.769979571382855,0.260094519485942,0.31821515260760364,0.5853192920300511,0.3014636,19.404078,0.28241053,0.29699707,0.32189697,105268,0.5727409200334795,5.634097958524372,0.022316012750157266,0.021218082295103635,0.26342232175798685
random_baseline,419,0.5912351395098934,22.535369092175937,0.22505892155409166,0.2620683507531207,0.5542081888614866,0.74112934,20.859688,0.24638127,0.2663435,0.494652,10504,0.14989419923140912,1.675681287000156,0.021322346351143634,0.004275153437324264,0.05955618581163613
random_baseline,423,0.43748422931725867,25.056616701317065,0.3326569179961393,0.3360561263371585,0.1947337964094579,0.59867984,23.300983,0.2653468,0.30563372,0.45186168,1379,0.16119561124746912,1.7556332723619867,0.06731012267562841,0.030422402601349152,0.2571278831445277
random_baseline,424,0.06758624691903475,26.397197245897885,0.5924014349182263,0.5973331066320876,0.23797064523621927,0.33428624,25.671724,0.2252977,0.23285809,0.29209477,104686,0.2666999958044302,0.7254729264398776,0.3671037305791989,0.3644750150392989,0.05412412185743917
random_baseline,427,0.7899475468283145,15.228807757492447,0.5212626164393717,0.5256066574737293,0.18566745359304926,0.31972533,25.776886,0.22954065,0.23410827,0.20473331,137398,0.47022221218399685,10.548078228835678,0.29172197036316927,0.29149838825909913,0.019065858536925107
random_baseline,421,0.44693093229148617,18.450364338515865,0.3802076672265453,0.41377550321526274,0.43236291312232955,0.36313397,26.42509,0.4244968,0.51612735,0.54545176,101804,0.08379696536872616,7.974726451279057,0.04428913248086741,0.10235184473090425,0.11308884716972367
random_baseline,422,0.8466075720851177,13.480414543074211,0.2135839250888805,0.24799900403595346,0.6637624900997526,0.97241265,10.355257,0.38947734,0.3976851,0.29418844,78183,0.12580507373168526,3.1251575087724532,0.17589341727829175,0.1496861065330468,0.3695740502537138
random_baseline,425,0.9572997316514315,9.031429411765878,0.2558579924670919,0.3659011463736167,0.9124983685907315,0.9640703,8.061404,0.3266203,0.33938453,0.32232115,74551,0.00677058847796308,0.9700251835554283,0.07076231807787575,0.0265166203592887,0.5901772218641232
random_baseline,428,0.7481642009205277,20.599715029205445,0.2153853045745793,0.22379883232784045,0.3005390331874987,0.60189754,18.60164,0.48617184,0.4875026,0.11828915,102077,0.14626666321224524,1.9980743279114996,0.27078653704681965,0.2637037723951362,0.18224988288985694
random_baseline,426,0.9602859361557244,9.865299244722891,0.22334688713716455,0.23110276765805263,0.3121077834987473,0.855834,18.255991,0.33403835,0.33785176,0.2351786,71017,0.10445192889254085,8.390691737332773,0.11069145986867956,0.10674899511355382,0.07692917877672428
random_baseline,429,0.97152920624738,4.429770685147162,0.28353364674346426,0.31499800410473383,0.37176221141463817,0.93709314,14.612816,0.25041947,0.2710377,0.38893855,135278,0.034436067552616856,10.183045171786432,0.03311417905585745,0.04396030631268061,0.01717633476608693
random_baseline,433,0.5329025529670143,25.55295251790021,0.2521549066831339,0.25653621808831645,0.23915744125470656,0.90928966,14.92835,0.3106316,0.3218303,0.35969543,13915,0.3763871051025963,10.62460206929181,0.05847669631941432,0.06529408438856649,0.12053799331560594
random_baseline,431,0.9510484925813589,10.973803106161611,0.22727796293385197,0.25630771250620554,0.7112981448383248,0.4168812,25.275162,0.21883665,0.22762202,0.2679944,117119,0.5341672889299307,14.301358637002451,0.008441312681509744,0.028685695241839393,0.44330374099921344
random_baseline,434,0.08485617672105855,30.335274668800864,0.2792328580343534,0.28652217711374456,0.2231179852920118,0.71406585,21.631275,0.4288585,0.4460244,0.38872296,95322,0.6292096730599779,8.70399949179891,0.1496256307637881,0.15950221096113032,0.16560497088856072
random_baseline,435,0.8795144235123563,17.645493452456712,0.22327900681091273,0.2302352387610315,0.3635772781203232,0.07876922,27.292582,0.30663913,0.3197184,0.26566666,113633,0.8007452016104627,9.647088105770827,0.08336012807296789,0.0894831519421698,0.0979106144736252
random_baseline,436,0.8890140359633601,12.07481543601535,0.3672510006516419,0.4067708302260766,0.5667105291195248,0.5586218,23.580378,0.2578641,0.27516028,0.35782245,102066,0.33039221217567094,11.505562142720002,0.1093869128315888,0.13161054737581107,0.20888808110431178
random_baseline,432,0.7388812844678072,22.89264942948876,0.2944997228893772,0.2981067026307503,0.22122318588069403,0.9435291,11.115973,0.20686091,0.22173175,0.47151893,84365,0.2046478445605131,11.776675956893545,0.08763880806298407,0.07637495047353898,0.25029574789234676
random_baseline,430,0.8186838044560412,20.558732153148437,0.5965778938972197,0.5998059517957608,0.21911966159543536,0.68625176,21.581131,0.30810326,0.42385277,0.87158567,47049,0.1324320449269274,1.0223988282968755,0.2884746305190764,0.17595318027514617,0.6524660055378959
random_baseline,440,0.8534624881995116,14.452234802114518,0.2811822024812267,0.30146627562133693,0.4274722431679895,0.969594,9.881126,0.25358987,0.2587054,0.25548974,39875,0.11613151357050788,4.571108398305924,0.02759233393569449,0.04276086824027919,0.17198250637256407
random_baseline,439,0.22479762123910133,24.06796918321714,0.36400838749378006,0.36605732119070394,0.17946858695637177,0.89046806,17.426674,0.2705322,0.28827265,0.37918258,16037,0.6656704397312051,6.6412952940569845,0.09347619669406693,0.07778467214094503,0.19971399017680694
random_baseline,437,0.2899209708860501,19.472295625075954,0.284467841006369,0.28893848541567535,0.22008200428874983,0.7690482,18.016954,0.2792818,0.32162344,0.51135635,106077,0.4791272430726901,1.4553412030788841,0.005186045981497189,0.03268495914151459,0.2912743494710158
random_baseline,442,0.8637341933684825,11.999186542355844,0.5619151436114384,0.5645923928677884,0.1486103753908164,0.8016627,19.986227,0.4438819,0.4502332,0.32970843,111315,0.062071509881543974,7.987040493166617,0.11803324449301489,0.11435920161603363,0.18109805179996424
random_baseline,441,0.917454600279431,14.64809345345789,0.26041306660924074,0.2675122884654561,0.3345469932032692,0.6708246,23.49503,0.6468565,0.6485633,0.17294164,69920,0.24663001293430775,8.846935996005001,0.386443420188092,0.38105103693966474,0.16160535318385238
random_baseline,443,0.5947850284999775,20.312900617559087,0.22402444684007655,0.2420430845909671,0.31002610041530976,0.791598,13.676237,0.25744924,0.26838863,0.26368243,16068,0.19681299348412284,6.636663511235845,0.03342479265233983,0.02634554436868866,0.046343675393184514
random_baseline,438,0.5073128159917055,17.14735357389806,0.3776162313252523,0.38321589151244767,0.23765596519899487,0.62897617,19.251526,0.35030138,0.35636353,0.26995966,46341,0.12166335025661601,2.1041723050081913,0.02731484639941001,0.026852356585079507,0.03230369318532825
random_baseline,444,0.8185598466649769,14.674776086411114,0.32585153973549963,0.3296993681037484,0.1973853300890559,0.9706099,10.290705,0.2600145,0.27200693,0.41036358,104964,0.15205005667059435,4.384071359238263,0.06583703554123999,0.05769243918300254,0.2129782546677953
random_baseline,448,0.7365934058692097,15.258964650798234,0.29507096090146273,0.30954176000122435,0.37559863566441626,0.66965634,21.440884,0.31923956,0.32258534,0.22870527,105304,0.0669370695616841,6.181918985676376,0.024168595887935462,0.013043584313350842,0.14689336358590216
random_baseline,449,0.9744046652177181,10.073356660833284,0.22122935486178208,0.22950079692128922,0.3456993514480841,0.85199964,10.282875,0.33762363,0.34471473,0.24079955,35061,0.12240502475293535,0.20951840020187262,0.11639427113194656,0.11521393405672287,0.10489980520632386
random_baseline,447,0.801768802167998,20.233636336119677,0.4679890805516171,0.4722778147081355,0.1904103849774761,0.86890393,5.2734604,0.48190168,0.49637008,0.25977257,22311,0.06713513278759897,14.960175947936083,0.013912594911105691,0.024092262425043198,0.06936218396364024
random_baseline,445,0.9235231180880378,16.60650971673737,0.23855750937477724,0.25975030095020785,0.47468004451579554,0.48900244,21.435978,0.25333387,0.2627498,0.35750073,57652,0.43452068168857794,4.829468219053645,0.014776357221444686,0.0029994901951168607,0.1171793125707577
random_baseline,452,0.39130874818190997,23.336134392378412,0.32102038000292576,0.3237723596892543,0.20089897613336113,0.61277336,20.114727,0.22514631,0.23401982,0.37312427,90083,0.22146461063995893,3.22140737211474,0.09587407146162785,0.08975254376747083,0.1722252954978797
random_baseline,453,0.646949536142478,14.503273292955193,0.35604550488394215,0.35940101275274816,0.22052298715272364,0.10011466,30.22186,0.39037156,0.39583242,0.17524615,70281,0.5468348776675558,15.718587592664925,0.034326056166472885,0.036431406642698616,0.04527683785119471
random_baseline,450,0.5985985505943793,24.073894168100573,0.35027300355064994,0.3600673372388588,0.35055678879955315,0.57321054,15.980522,0.30753973,0.33023635,0.41290957,16182,0.025388013160755007,8.093372012338854,0.04273327228653556,0.029830991709302535,0.062352778556556465
random_baseline,446,0.9894120922419056,8.682428049594769,0.18428744764934935,0.23260831378324232,0.7585273858874492,0.35469022,23.876146,0.26085445,0.2810055,0.44404155,52960,0.6347218683096394,15.193718266933551,0.0765670051990851,0.04839718796388903,0.3144858357279948
random_baseline,456,0.22079908599572567,23.31131530598064,0.21022271202673287,0.21521022285707841,0.3214892848189396,0.36501986,19.7475,0.26429716,0.2701042,0.25007695,40612,0.1442207718877277,3.563815840038256,0.05407444549928336,0.05489397679082503,0.0714123352225346
random_baseline,455,0.7375520926333388,19.510558047558003,0.18110993663442732,0.190106745711378,0.44049945247913413,0.8647998,8.874828,0.32233503,0.32824504,0.2880843,102212,0.12724770490160386,10.635729708934957,0.14122509797441363,0.13813829804319963,0.15241515410686546
random_baseline,451,0.02269180806715854,27.124053968479465,0.6032686624495177,0.6286029080735644,0.3049576659856977,0.015325507,16.445606,0.23911263,0.24526525,0.23326856,1662,0.007366300918058236,10.678447736790012,0.36415603196302937,0.3833376626359424,0.07168910700666326
random_baseline,454,0.25449857223765376,24.51497460403295,0.2250271930910122,0.24321180859199382,0.4749022613732939,0.6619706,20.114,0.251009,0.25614774,0.26009503,33665,0.4074720431493091,4.40097428359838,0.0259817943357456,0.012935933679429523,0.2148072313039427
random_baseline,459,0.24902620058148528,24.976371758515395,0.24312679443011911,0.32631721271973657,0.7510078457666294,0.82274085,16.94025,0.23337804,0.24175075,0.34210002,130470,0.5737146522513089,8.03612136178688,0.009748756619793492,0.08456646575432825,0.40890782154330174
random_baseline,461,0.3100300917391418,24.63069537275023,0.2555432507752563,0.26009749301659907,0.2946676866544307,0.7337999,20.56803,0.2604,0.2886654,0.5359168,83443,0.42376978304342044,4.062665969063705,0.004856746459088179,0.02856792083990728,0.24124911861290327
random_baseline,457,0.9525886799355808,5.929534896374641,0.2911308842528508,0.3158955882330962,0.45215190367227315,0.97857314,8.012368,0.22568129,0.24334335,0.5032514,103700,0.025984463546627423,2.082833305834832,0.06544959422237134,0.07255223496161184,0.051099470095579635
random_baseline,458,0.7944733184041415,14.755104947076738,0.32009658334570557,0.32828146513647977,0.25241733934052984,0.04867287,32.28031,0.80906403,0.81249875,0.17129473,48622,0.7458004486026202,17.525206637395918,0.48896744730157227,0.48421728316597995,0.08112260545857947
random_baseline,460,0.9529389655591556,8.193072628995957,0.23910653978891674,0.25134059707777434,0.3852339732734444,0.31947726,22.775103,0.21885704,0.2390014,0.54421633,58811,0.6334617054463931,14.582029986360489,0.020249504748061337,0.012339203759598072,0.15898236154634932
random_baseline,464,0.9888518229939431,6.470390637577012,0.2095486640074132,0.21808472746183383,0.3389579047925151,0.9426444,10.715453,0.24870545,0.25611576,0.28264108,118179,0.04620740570802395,4.245062510311172,0.039156782712710086,0.038031036917667516,0.05631682179042463
random_baseline,463,0.0374869948754128,24.813541294967436,0.25474035748586493,0.36927045600960673,0.9420834168034424,0.86973745,19.233873,0.23482433,0.24548665,0.39032185,83272,0.8322504514327231,5.579667927657866,0.01991602787122565,0.12378380911896647,0.5517615660267701
random_baseline,468,0.4279301991859351,24.182886452465137,0.23192943887250117,0.23694295659002174,0.2892396134797329,0.31194627,20.057972,0.46503207,0.4673155,0.14357163,128366,0.11598392633589849,4.124914498119434,0.23310263200266668,0.23037253842416894,0.14566798335945552
random_baseline,462,0.12675264516928947,25.32486855129675,0.22881639611028085,0.24250133671850738,0.3529272084550937,0.65869087,22.659275,0.28444415,0.29000148,0.24691032,121868,0.5319382246389075,2.6655934963651085,0.05562775719858756,0.04750014505296174,0.10601688972283202
random_baseline,466,0.9870047997067807,7.901579416098137,0.19973599118027516,0.2402769016663162,0.880076558520205,0.19839948,29.703096,0.37819213,0.38099542,0.22007759,6267,0.7886053155492184,21.80151697367237,0.1784561355706709,0.14071852093538362,0.6599989693659616
random_baseline,467,0.48804245751249054,23.29905519044841,0.25225876917001094,0.2650011141947022,0.40306900832694054,0.84843093,12.07403,0.38128123,0.38418144,0.19278978,121344,0.3603884740556552,11.225025267963058,0.12902245770338688,0.11918032568185422,0.21027923021357536
random_baseline,465,0.4179612399016353,25.953658776084865,0.2168193160390798,0.24314962817948454,0.49474162922876735,0.949273,8.3491955,0.2618289,0.30587384,0.5935135,24382,0.5313117503251104,17.604463295738185,0.045009583344465115,0.06272421286780244,0.0987718595407639
random_baseline,472,0.21319990930168536,23.36366899559064,0.2591648940089684,0.29120148394897843,0.5673499569716596,0.25232223,20.028503,0.24326368,0.25040963,0.25297165,67036,0.03912231746108624,3.33516557762189,0.015901217246387545,0.04079185102775956,0.3143783078017377
random_baseline,469,0.9839328602425099,8.516943979284477,0.25271682357666375,0.26417502514098085,0.38882867920901926,0.5140788,25.174053,0.25718194,0.26548454,0.29700541,98349,0.46985406433262833,16.657109212854195,0.004465118886257391,0.0013095165136059461,0.0918232642462507
random_baseline,471,0.743476355200857,15.596873713530421,0.2440876881213033,0.24675553692404162,0.17305431918576736,0.8353903,11.830295,0.34254083,0.3448896,0.17432255,78673,0.09191397416010494,3.7665791044605967,0.09845314225246074,0.09813407408174146,0.0012682263426445073
random_baseline,470,0.525658304916605,21.676074657087153,0.30398075344362796,0.44994972567665414,0.683083716067783,0.1910429,30.054562,0.48884574,0.49314195,0.2738882,3557,0.3346154048311558,8.378486957903082,0.18486498234471738,0.043192223500134186,0.40919551554631384
random_baseline,474,0.5643320548196656,22.60471712772211,0.2500869272994008,0.27133580310536576,0.46433508124762185,0.9155832,15.432462,0.2557515,0.26055193,0.2894064,940,0.3512511384824889,7.172255389135685,0.005664563293555747,0.010783873631488805,0.17492869224959023
random_baseline,478,0.6335032688543815,18.737409229665676,0.21989376095095578,0.22802488682107613,0.36807734760844096,0.45570648,20.047976,0.3654662,0.36740986,0.18089235,12666,0.1777967916891593,1.3105663104954566,0.1455724463148981,0.13938496830625846,0.18718499931895122
random_baseline,473,0.49304253753304284,26.790015637190766,0.4008020951377049,0.4162102666370285,0.3077411876094272,0.59844345,18.507324,0.3182068,0.39481357,0.6019837,90314,0.10540091101050575,8.282691418440766,0.08259530802832987,0.021396699237049843,0.2942425384152005
random_baseline,476,0.326505515899288,26.743600959291157,0.7989051957298353,0.8022499114817488,0.1991721860592574,0.33617508,21.141315,0.23916873,0.25264388,0.43631202,113164,0.009669568214786706,5.602285499086079,0.5597364623714521,0.5496060282534468,0.23713983376572428
random_baseline,479,0.8833643324596345,13.855250372731945,0.20000060066070333,0.2072901856615763,0.3132614500573271,0.98829424,2.354413,0.3601907,0.47650057,0.633335,105631,0.10492991135292651,11.500837340200206,0.1601900889030479,0.26921038511250206,0.320073544258774
random_baseline,477,0.1827720653156039,21.695299289103684,0.5448286114880343,0.5468093880016905,0.12001988392122391,0.49052718,20.457476,0.37951455,0.3818304,0.16833334,84492,0.30775511750185525,1.2378236268722382,0.16531406628577905,0.16497899373365466,0.04831345278970596
random_baseline,475,0.9689372825049456,8.0865424533391,0.22750984864747723,0.23748542335637968,0.3239604265125482,0.1662858,21.128765,0.294074,0.3030115,0.28033528,60928,0.8026514845513399,13.042222652862073,0.06656415028059284,0.0655260834395035,0.043625149193593726
random_baseline,483,0.07035691527338517,23.005821307371114,0.2132750158734663,0.22586764404326698,0.4131726888534834,0.4767871,16.993988,0.4260383,0.4275707,0.15325525,74622,0.4064301750281285,6.011833270261739,0.21276327915712756,0.2017030566021798,0.25991743482325574
random_baseline,481,0.8874601344519031,16.998555406310643,0.31082882020621594,0.31906167737449453,0.33290478078352176,0.9841253,10.221961,0.1778399,0.20346832,0.5767278,112172,0.0966651816911328,6.776594384887304,0.1329889151826411,0.11559335462058828,0.2438230267382983
random_baseline,482,0.8803472955652992,14.242211875857912,0.21671289346309755,0.2311286617501902,0.36939132209029923,0.1520367,24.452404,0.20982838,0.23539537,0.53203994,138859,0.7283105988928597,10.210192146358885,0.006884516693078019,0.004266710163719711,0.16264861826690902
random_baseline,480,0.8571929816469664,15.685694058669426,0.3483515675994752,0.35087420147249876,0.17724041155076253,0.1844303,26.261986,0.19996451,0.2109612,0.34405375,6080,0.6727626804575438,10.576291720139167,0.14838705918520673,0.13991300862620054,0.16681333371901286
random_baseline,487,0.8374026943923331,14.58471960135617,0.28886992941999556,0.29183354567254827,0.22147560717010564,0.028795075,22.918543,0.21407782,0.21675098,0.19131288,9691,0.8086076197208262,8.333823260582307,0.07479211400652053,0.07508256624902532,0.030162727846146292
random_baseline,488,0.9529945087888394,8.094728781608467,0.4547571446979717,0.4631553664493876,0.21557153181249614,0.5932763,24.09589,0.72097486,0.72391874,0.20189045,28543,0.35971818690086943,16.00116126355755,0.2662177178775593,0.26076336953159995,0.013681078116245221
random_baseline,486,0.4867997551220898,27.446623689642333,0.2895859458069285,0.29584556245599714,0.272059937046812,0.91872776,17.807226,0.28880164,0.29349345,0.3012433,131164,0.43192800042448004,9.63939750861206,0.0007843055347879768,0.0023521127680393716,0.029183368159486855
random_baseline,484,0.9099260751237752,6.025774735361402,0.2653114239851998,0.29206437426839366,0.46765906565825327,0.60125834,16.958212,0.4294457,0.4326774,0.2092386,139914,0.30866773762606403,10.932437163442309,0.16413428977326883,0.1406130139228295,0.25842046194712504
random_baseline,489,0.46536907159358404,26.23181357885916,0.39327333207139764,0.40205207310853514,0.34809998751439236,0.8260569,14.227068,0.24131638,0.25510925,0.5063876,125136,0.36068782604664423,12.004745631471465,0.15195695395478998,0.14694282256303343,0.15828760384760715
random_baseline,485,0.9646183740390986,12.728052991159124,0.19823199129263863,0.2118040586254392,0.472477862980345,0.5442518,23.89097,0.2776508,0.29399607,0.35163072,83547,0.4203665744556635,11.162917238943415,0.07941881203492179,0.08219200722958706,0.12084714546439956
random_baseline,492,0.9608252467861753,7.011956650617094,0.3494311224364385,0.3553950386174819,0.28298817587628255,0.20532067,23.252842,0.29176506,0.30648866,0.26212054,29005,0.755504575585423,16.240885298845797,0.057666058435355105,0.048906375659336754,0.020867630965851647
random_baseline,493,0.9568059052279769,9.04921634509813,0.26713244285445453,0.28783770044396023,0.38795180782745137,0.97677594,8.158229,0.21904571,0.23619747,0.42445773,101393,0.019970039004963747,0.8909874708915879,0.048086729310562626,0.05164022882530789,0.036505921035311084
random_baseline,494,0.698124271548903,18.0459469677962,0.19228826093455537,0.21686361393171155,0.5400685713917732,0.9644431,7.3163295,0.28776467,0.29492864,0.30807558,122704,0.2663188160289168,10.729617488578672,0.09547640753010528,0.07806502619547045,0.23199299437112808
random_baseline,496,0.43319610642601675,23.005997255899324,0.5063055203753802,0.5099133626175101,0.2067610611347541,0.46906823,21.150536,0.27265495,0.40545577,1.0028958,75960,0.03587212277243906,1.85546167240323,0.23365056975663634,0.10445759450914216,0.7961347709270135
random_baseline,498,0.46075708569613105,21.977131493374042,0.8461083600294804,0.8495189618052393,0.1368727657067635,0.48291755,24.859468,0.2694692,0.3057245,0.40265882,44081,0.022160461529821096,2.8823369667089658,0.5766391584646916,0.5437944601954371,0.2657860544455192
random_baseline,495,0.12160367800411599,26.607688124146076,0.2417453764614947,0.2808878669216243,0.49071039693423624,0.8992788,10.887625,0.27677312,0.28129256,0.2487881,125106,0.7776751415568887,15.72006338354549,0.03502774847174811,0.00040469079474531044,0.24192229347297067
random_baseline,491,0.849374661310715,16.019501063601055,0.1967788140429275,0.2021390551368693,0.26845217510930763,0.6463978,18.433767,0.22445075,0.23514926,0.33046016,108996,0.2029768322549289,2.414266255124531,0.027671938096164,0.03301020919876302,0.06200798586138023
random_baseline,490,0.8442086827104383,17.71668565587904,0.19494142116768545,0.2162730867482965,0.596700984136113,0.7878926,13.793733,0.25734174,0.26478523,0.30030662,131652,0.05631610267808962,3.9229530127515986,0.06240032134787851,0.04851214341146301,0.2963943659224595
random_baseline,497,0.07613185017310146,30.00093801464826,0.38826581055906995,0.40574289753602527,0.26558435971885697,0.900502,16.006483,0.24003118,0.24343659,0.21117835,36206,0.8243701759079838,13.99445493664533,0.14823462779310925,0.162306307698951,0.054406012250480806
random_baseline,501,0.5872441796259223,13.632192692346948,0.26017378674801334,0.27047973781237505,0.38611256700434277,0.11254361,29.078642,0.26134795,0.28369623,0.4011888,61270,0.4747005669073402,15.446449199132545,0.001174162756838959,0.013216496413851753,0.01507622379384449
random_baseline,502,0.15285735414093934,24.99943425105433,0.2885578495516585,0.3274359194554986,0.47813255003328947,0.7996153,12.152144,0.37087217,0.37332782,0.17462762,77429,0.6467579694026092,12.847289818986457,0.08231432018138901,0.0458919020376502,0.30350493303175596
random_baseline,499,0.3139272843360363,23.83768459396748,0.2237608950776753,0.22517599535097532,0.14085123287686438,0.5534485,19.648323,0.26681364,0.27396747,0.2470171,66888,0.23952121391301767,4.18936153488545,0.04305274074843554,0.048791479348045064,0.10616586757651239
random_baseline,505,0.928316516963837,12.788715694768072,0.4016539535728364,0.40504338986221156,0.22104642091249277,0.3092958,27.611074,0.3988728,0.4002728,0.13831599,12097,0.61902071365535,14.822358752863764,0.0027811608520417197,0.004770603244932503,0.08273043034528543
random_baseline,500,0.9633331196507476,10.701436271206731,0.2761213650972056,0.29834552595824804,0.5282801654263738,0.36743867,25.060791,0.3160509,0.31791618,0.16680965,90965,0.5958944456776641,14.359354744418269,0.03992952201064354,0.019570658705524546,0.3614705171509984
random_baseline,504,0.9442660090983698,12.190905323048817,0.3155136771386499,0.32350538294851977,0.2868410183515449,0.36025137,25.309942,0.23134136,0.23905241,0.3311226,21114,0.5840146420062372,13.119036922434582,0.0841723151391382,0.08445296805441577,0.04428158864117665
random_baseline,509,0.9437755629435194,12.393648615371212,0.1891205186539999,0.19730675162993158,0.4164445277523673,0.9564389,9.109828,0.27242395,0.30015045,0.43811324,100996,0.012663336096702782,3.2838206200709195,0.08330343416391697,0.10284370241441046,0.021668714635404318
random_baseline,510,0.8089601421155437,21.71458312333027,0.3320373835389164,0.33728952759613734,0.2375820260102618,0.6937274,22.9943,0.3045525,0.31103653,0.26827884,17485,0.11523276803870042,1.2797177189548847,0.027484888059332635,0.026253000439307506,0.0306968111937177
random_baseline,507,0.9466464209271538,5.2138614839356805,0.31313703456206937,0.31855655651489934,0.22359020212258893,0.518526,19.97889,0.6216082,0.6240617,0.16482972,77221,0.42812040326129075,14.76502798139635,0.308471163126987,0.30550514716704646,0.05876048603620129
random_baseline,503,0.593619854306329,21.653484232085273,0.2070250642832238,0.21409250759445295,0.32269440950318085,0.83551836,7.239979,0.24240625,0.26068288,0.3919754,124891,0.24189850583161043,14.41350544180207,0.0353811847631019,0.04659037328399554,0.0692809933288504
random_baseline,506,0.9514674572300257,11.67678138627133,0.19591247666056522,0.20769780767011015,0.5120198551446202,0.57669336,12.65129,0.32000378,0.3225815,0.16992757,89472,0.3747741011928858,0.9745085536090414,0.12409130108182065,0.11488369214487704,0.3420922879010442
random_baseline,508,0.9904838300116101,2.1001861491742773,0.4870745039454456,0.5786192584657918,0.546510260847772,0.72394794,20.154459,0.20893359,0.21862468,0.4458563,95413,0.2665358877546826,18.054272850459512,0.27814091210279424,0.359994577231432,0.10065395787116371
random_baseline,516,0.7309231625190922,21.762213889208457,0.240856229836527,0.24959046026101284,0.3677824155820994,0.6291179,23.407984,0.270446,0.28097823,0.38807705,53116,0.10180525642549476,1.6457698906987694,0.02958977264684093,0.03138777236113377,0.02029463486536459
random_baseline,513,0.6137909354428154,22.69776012815773,0.7677373856402365,0.7733133452208123,0.24946383410840509,0.96642226,6.505414,0.3261024,0.35012406,0.34620205,136754,0.3526313243647713,16.19234611906349,0.44163497985372224,0.4231892841131768,0.09673821157068732
random_baseline,514,0.8814051204295401,20.889236058023904,0.423871919411595,0.4312965632667158,0.339218048952919,0.04299533,28.241432,0.43329823,0.43676203,0.18029302,53545,0.8384097904832606,7.352196131917502,0.009426310759608592,0.005465471626320106,0.15892502536664582
random_baseline,511,0.44084634559882535,21.720332928886787,0.23197112069910805,0.24853023018661452,0.3808786138977581,0.8913892,12.079499,0.37830257,0.383051,0.26912144,3401,0.45054284555183993,9.640833684196846,0.1463314534586068,0.1345207777994542,0.11175717563291132
random_baseline,518,0.9074028199359438,15.17208922663351,0.20061906518296166,0.24306427559810523,0.6745216779947815,0.20740697,25.58758,0.291301,0.29386115,0.15171261,25525,0.6999958520576022,10.415490500539342,0.09068194685622291,0.05079687514347192,0.5228090666771469
random_baseline,517,0.6199671473308886,21.7987697845334,0.2602454053265233,0.3428715881301011,0.7018720319280816,0.127303,26.036758,0.21456872,0.2284461,0.3563548,119683,0.4926641430660571,4.237988638318164,0.04567668605867814,0.1144254919482316,0.345517229081173
random_baseline,515,0.6520911968488464,22.968875362876233,0.6332116195931908,0.6352799795642174,0.170815156045717,0.71697736,22.600525,0.34604067,0.4576096,0.6331878,113601,0.06488616101553346,0.36835046053248277,0.2871709534898278,0.17767038569596183,0.46237261479778885
random_baseline,512,0.6939971420948905,20.819525650977166,0.22724619321727205,0.23788470739484588,0.2580582183408135,0.56460273,22.896826,0.51076835,0.5120907,0.147964,60254,0.12939440943650427,2.0773001394281074,0.2835221607217844,0.27420597558855253,0.1100942176389092
random_baseline,519,0.8390752114740244,19.565322152011053,0.2329682508574429,0.24336036259474367,0.4054784084056278,0.99078375,8.451201,0.22205076,0.24228019,0.4494483,74800,0.15170853953687036,11.114120713107244,0.010917494641393716,0.0010801773721179353,0.04396987908140221
random_baseline,520,0.9790513469706275,8.698041108269138,0.2251914173235234,0.27326368437151277,0.910761728035741,0.6274624,23.354504,0.24172638,0.25170487,0.2714628,113879,0.3515889598856665,14.65646252332266,0.016534966243332977,0.021558812717002274,0.6392989299171496
random_baseline,523,0.957407130210292,15.20697992471024,0.260906351183296,0.26897953558315546,0.2668829563398599,0.8724896,20.812439,0.36634177,0.36842424,0.19080688,37447,0.0849175586389419,5.6054590401335105,0.10543541851198596,0.09944470119128912,0.07607607574656006
random_baseline,524,0.5422886039289591,27.138894214879393,0.4133559428958677,0.4180327991738927,0.21040456402780422,0.2899978,28.369846,0.58686805,0.5926722,0.26539946,43816,0.252290817645466,1.2309521291147476,0.1735121048183657,0.1746394296392787,0.0549948919963657
random_baseline,521,0.9531083152963619,8.53879441904391,0.37126623641106127,0.37713776579429104,0.21834495307862348,0.20115994,29.14764,0.46051162,0.46329418,0.20273778,69146,0.7519483761264781,20.608845809227574,0.08924538840201857,0.08615641245316075,0.015607174653406802
random_baseline,522,0.7539310232333905,24.405391542802676,0.3750644401048379,0.38099631024933117,0.29316659184571986,0.75980604,14.048605,0.25357798,0.25748354,0.23213936,88632,0.005875013715767263,10.356786577592715,0.12148646268593838,0.12351276828384655,0.06102722796079402
random_baseline,527,0.3220272028701986,26.603913227998063,0.23072568846489275,0.24961284813649018,0.3821009170603052,0.99415547,4.384458,0.25930282,0.3013697,0.58215326,34621,0.6721282636863505,22.219455162965104,0.028577136270748732,0.051756848719054865,0.20005234364755003
random_baseline,526,0.18693686519507993,29.304082407463717,0.47009864154170217,0.4714574922382766,0.11085204132609963,0.22519776,25.94654,0.20812334,0.235612,0.4375678,76662,0.038260897055820337,3.357541574944186,0.26197530033896627,0.23584548724293053,0.3267157589573324
random_baseline,530,0.662068308368383,23.958344395590156,0.3779883056802714,0.38129772420864255,0.21353857324579775,0.82990533,18.61961,0.2094308,0.24673145,0.59679496,100772,0.1678370227664131,5.338734562826485,0.16855750679206494,0.13456627901535184,0.3832563896371979
random_baseline,525,0.8884122178481991,4.87949024144325,0.2644070272231838,0.34175443397643135,0.6691936216571336,0.097351626,24.46244,0.28402218,0.30884877,0.5081417,100272,0.791060592286485,19.582950249279406,0.01961515500299721,0.03290566550375984,0.1610519252040391
random_baseline,529,0.7262434054315597,23.61633591349396,0.43478018118690653,0.44861773098838414,0.4014907431312698,0.45041785,26.10022,0.33895403,0.34417996,0.21740223,4130,0.2758255589902908,2.483883813068541,0.09582614971946879,0.10443777288329686,0.18408850845776975
random_baseline,528,0.9667053469358592,11.310707902875848,0.19188379688250473,0.21611317201486133,0.6236586948199347,0.99255604,1.8965497,0.511681,0.76698846,0.7937462,64552,0.02585068858278705,9.414158201185174,0.31979722337735245,0.5508752842343757,0.17008747856187068
random_baseline,534,0.39152574383276184,22.720133441909773,0.21050816454903248,0.21416862472977966,0.2450592899333153,0.2479822,28.440626,0.21846165,0.22998716,0.33792156,52567,0.14354353987234314,5.720492702499406,0.00795348308070537,0.015818534641596382,0.09286226987732313
random_baseline,531,0.25459234445567996,27.770993343836384,0.3283084339578681,0.33156139919788885,0.18235690374294838,0.6015729,21.649431,0.3594494,0.3744892,0.317012,37382,0.34698052675251095,6.121562115198689,0.031140952638811614,0.04292778899638605,0.1346551082619039
random_baseline,537,0.8969297838495766,15.631272590060597,0.25983918702113457,0.267817323517214,0.3189123205609916,0.23385225,29.57408,0.7288262,0.729597,0.1049654,1655,0.6630775314854179,13.942806923489208,0.46898703778279,0.46177964894830115,0.2139469168849586
random_baseline,532,0.8969536540216104,11.484656560349194,0.2647973796478372,0.30545591909626585,0.5786502840992432,0.8989567,8.576449,0.25781804,0.27081344,0.41956142,135707,0.002003062039028003,2.9082071661231197,0.006979336415873116,0.03464248378018003,0.15908886818852241
random_baseline,536,0.6492252056573053,19.33687477629626,0.2682706707822261,0.27521567030093413,0.3243279227095398,0.4918897,25.352304,0.38324153,0.39241588,0.3144274,37153,0.1573355202649256,6.015429682321905,0.11497086345086716,0.11720021085598725,0.009900517113760388
random_baseline,538,0.8876597342641358,16.346039596275702,0.2796103176317233,0.2833679148709432,0.19172350393222806,0.36633575,23.410688,0.60417295,0.6083877,0.20875104,107023,0.5213239846379761,7.064648803992853,0.3245626273908597,0.3250197937929972,0.017027533784637477
random_baseline,535,0.46466456236935627,22.67801903994884,0.2516790097851022,0.25511119495122286,0.2138169315707996,0.97036743,12.073354,0.18807729,0.22315034,0.7935803,51687,0.5057028692712687,10.60466527255382,0.06360172389929136,0.03196085224835726,0.5797633620845959
random_baseline,539,0.9869527895907888,10.626068607181516,0.278888903917439,0.3216980376441831,0.6523555442066803,0.92047703,8.371471,0.23864922,0.2550316,0.4254453,83835,0.06647575692935082,2.254597202152219,0.040239684642918105,0.06666645195082371,0.22691025578695678
random_baseline,541,0.9709854311814325,7.994536641691482,0.33823390983553403,0.3535792378020103,0.3597290671836083,0.5088033,21.498247,0.27294868,0.28468412,0.369901,129267,0.4621821231713312,13.503710504914963,0.06528522752733701,0.06889511619327615,0.01017193426979135
random_baseline,533,0.8336490665916799,19.077816961049823,0.23213383762090511,0.24147270663996945,0.34318977236840625,0.97416437,6.6567287,0.33006704,0.33978084,0.37641975,14776,0.140515300130427,12.421088216542987,0.09793320091516666,0.09830813065747013,0.03322998046782116
random_baseline,543,0.3039327352814213,25.712132341745694,0.2650951663676451,0.26730878127548297,0.18239124737731724,0.8334814,13.234088,0.280433,0.28704214,0.25779453,20174,0.5295486361213192,12.478044397714932,0.015337832766418646,0.019733359685210394,0.07540328182228298
random_baseline,547,0.9264941318777998,15.173804273535481,0.34071471966738975,0.34340150067213937,0.22518700458579344,0.815775,15.545132,0.28129026,0.3031637,0.41173542,29620,0.110719154670616,0.3713274098141284,0.05942445672984398,0.04023779341582223,0.18654841087288576
random_baseline,540,0.9644222318631984,2.7146868531186286,0.4474889054724743,0.4554304867428605,0.18160318150342936,0.84024227,14.098247,0.412862,0.4345449,0.42084295,110879,0.12417996520823016,11.383559721283227,0.03462690262289542,0.020885595623857223,0.23923976407228476
random_baseline,546,0.5222860803401341,23.086594085413743,0.2345717054795107,0.246500653044686,0.35221812781212436,0.20663439,26.539753,0.9282647,0.92886984,0.075227804,79908,0.3156516929662099,3.4531588747913347,0.693692972045056,0.6823691904382851,0.2769903233301412
random_baseline,545,0.37756456369336855,25.989180296700273,0.8581783607186781,0.8589087859638949,0.10524330940144368,0.40796944,21.9051,0.22408827,0.29959115,0.75054085,2806,0.030404881296789532,4.0840804279258585,0.6340900942267882,0.5593176321038027,0.6452975431452482
random_baseline,544,0.2598559782760508,31.029832367951755,0.3731945148550239,0.3783239427435956,0.23001933860755966,0.939248,4.6200237,0.27246633,0.27961096,0.26598975,31774,0.6793920471412771,26.409808640534763,0.10072818313467174,0.09871298106795168,0.035970412016143344
random_baseline,548,0.659149067921788,22.53928763589566,0.33350911547175033,0.33657418284222573,0.20252364550316196,0.7266238,20.732729,0.22863391,0.23594843,0.4044834,50703,0.06747470565304114,1.8065586777657785,0.10487520505419357,0.10062575433060617,0.20195976223266263
random_baseline,542,0.9782839367449468,8.437057125980637,0.20413939102436474,0.27319535768789455,0.8094374212852006,0.034575075,29.888807,0.70585346,0.7071043,0.11547966,80496,0.9437088618338293,21.451750170772293,0.5017140711948735,0.4339089676066001,0.6939577582707886
random_baseline,550,0.5373428145788157,23.223766476089096,0.4014178739982208,0.40678929833313926,0.23615610938994958,0.24724793,26.48304,0.33372656,0.36532095,0.48030734,137915,0.29009488023738506,3.2592733798679348,0.06769131888919677,0.041468347586603005,0.24415123123199867
random_baseline,554,0.6966605893359408,15.534908156165145,0.390264066376102,0.3934194785362232,0.19424064887634937,0.4122784,19.964928,0.22994068,0.25961086,0.41013217,9621,0.28438217556335776,4.430019517174699,0.16032338372648958,0.13380861699638252,0.21589152084716137
random_baseline,552,0.9753768396598718,12.50698894723395,0.2394054036301572,0.2454805051602323,0.3251427780821659,0.7788192,18.200243,0.29903224,0.31870311,0.43272537,21143,0.19655763628310174,5.693254048981871,0.05962683747587613,0.07322260982618739,0.10758259184810143
random_baseline,549,0.940798264115225,7.812657885508095,0.2646912831208248,0.29743919960910636,0.4451493306942445,0.8360564,17.863283,0.36408868,0.37812954,0.40307897,108487,0.10474185284889814,10.050625271840538,0.09939740119962504,0.08069034226482552,0.04207035740094006
random_baseline,558,0.9142626108812832,13.726925215669453,0.38462449198984344,0.39167091586055114,0.28471676228400394,0.1699406,28.404053,0.545037,0.5469396,0.13961226,54633,0.7443220051216626,14.677127518705547,0.16041247957921784,0.15526869557438538,0.1451045048033826
random_baseline,555,0.9640263354498084,7.71442651234571,0.2446705944851001,0.29876538542334224,0.6224109157492361,0.36652547,25.000937,0.33578712,0.34686038,0.26807517,90382,0.5975008642393287,17.286509995833,0.0911165229961316,0.04809499355729435,0.35433574761645414
random_baseline,557,0.7224795058450009,20.711558402695285,0.21133231640323855,0.2539885982890197,0.7421497370662874,0.48853737,18.768845,0.23619995,0.25528818,0.31242603,102897,0.23394213468640102,1.9427137982030978,0.024867628808171977,0.0012995854000977247,0.42972370643045366
random_baseline,551,0.9189906090505107,6.587984390933869,0.3293668172715255,0.38414779142891703,0.4698378323245028,0.98803884,6.116672,0.22070016,0.23958364,0.44861326,58438,0.06904822885918782,0.4713123519018865,0.10866665760260308,0.14456415013825236,0.02122457610845363
random_baseline,553,0.6309262830606951,20.467380874092946,0.3045031978505586,0.31099611754032835,0.25632194535849495,0.930598,14.218661,0.18666604,0.2013833,0.5146873,49832,0.2996717374928938,6.248719565804372,0.1178371562379335,0.10961282486531004,0.2583653543698986
random_baseline,556,0.48040559366571833,24.47848354847365,0.32392288891378995,0.3285250298905212,0.26764304144957685,0.5745502,22.54313,0.4191703,0.42043617,0.15435867,104374,0.09414461776387761,1.935352673839862,0.09524740131791476,0.09191114378692328,0.11328437133410596
random_baseline,559,0.323894430319712,25.420208855593053,0.5737230383980637,0.5793509201892536,0.2601779177914553,0.6315362,20.097155,0.38572633,0.3903929,0.23717067,70060,0.30764175542171257,5.323054238283483,0.18799670573357397,0.18895802067600898,0.023007251335232792
random_baseline,560,0.15224755952835164,24.546872558795727,0.7973316597998472,0.7990880126814266,0.1181660390669786,0.92987037,15.045594,0.37743837,0.38207573,0.24619722,102016,0.7776228075218192,9.50127834340266,0.41989329338673076,0.4170122856954952,0.1280311845963515
random_baseline,562,0.9376861495065715,10.812820197594178,0.5764069157152018,0.6031094044394483,0.401550324234977,0.8300228,18.867785,0.30040523,0.30494532,0.28056476,46417,0.10766333761692304,8.054964302527893,0.2760016816167673,0.2981640845484723,0.12098556903363727
random_baseline,563,0.8514159567917141,17.060140811123425,0.22846841115835098,0.23664735873689494,0.40606375630118496,0.53584135,23.69682,0.28008547,0.28281537,0.20950103,103676,0.3155746110046658,6.636678494296497,0.051617063094349824,0.04616800824651876,0.19656272824027188
random_baseline,566,0.964804884844739,2.66482034030593,0.4152745328208093,0.428024616856666,0.2699163960156822,0.99202263,5.4880505,0.25867078,0.2673578,0.37014934,129660,0.02721774870781224,2.8232301205095,0.15660375573836605,0.16066682042607822,0.10023294819017414
random_baseline,567,0.45003841774660813,19.711691445292246,0.318454793639108,0.33184491204069616,0.29386625081400614,0.36798972,24.716265,0.26536438,0.2838323,0.36910075,68192,0.08204869883257615,5.0045732794391995,0.0530904149483884,0.04801260041044714,0.07523449867863913
random_baseline,568,0.08816875700692238,30.671216228103646,0.7441720190175687,0.7465868309269111,0.17697090412177643,0.15887499,26.643608,0.33000398,0.33297437,0.21469231,12639,0.07070623154898582,4.027608134841927,0.4141680421956693,0.41361245663263013,0.03772140537701049
random_baseline,561,0.42853641248431057,26.08971470204551,0.38633692598917324,0.4077571429750493,0.37490345178433665,0.7942748,17.296724,0.28271684,0.29130936,0.33616364,49983,0.3657383944920078,8.7929903825875,0.10362008548357327,0.11644778628559616,0.03873981176205882
random_baseline,569,0.9287553117475089,14.688194327779634,0.2296428760938181,0.23839184295537405,0.3369003238654692,0.24419552,24.24337,0.2576526,0.27031475,0.35851282,100153,0.6845597908696708,9.55517572837271,0.028009734446571927,0.03192291010019846,0.021612494947854777
random_baseline,564,0.9047892364793859,4.921641529310271,0.25982103716162286,0.26421426774638834,0.1906287071255769,0.82662374,17.281738,0.2485447,0.26954558,0.40305954,104307,0.07816549866734368,12.360096751939729,0.011276344168458796,0.005331317170680139,0.21243083505353078
random_baseline,570,0.34447837466337305,24.517121736656794,0.24616838405989863,0.26869216253261363,0.365809590486474,0.91865546,12.471125,0.35718575,0.36350662,0.2668871,70656,0.5741770804490842,12.045997087608942,0.11101736713982366,0.09481445262928212,0.09892249193567748
random_baseline,565,0.45427357730485196,17.83624441018071,0.2388284149379569,0.2599609828444866,0.590039228038807,0.556569,21.1384,0.24153994,0.24434067,0.19871552,91888,0.10229540291212802,3.3021547139647964,0.002711525300042067,0.015620309755459194,0.39132370515348447
random_baseline,572,0.6813403014888612,23.626180113780464,0.6889388203161869,0.6897609467420514,0.11304371640979922,0.7686641,21.870243,0.43748,0.44281736,0.27633426,79970,0.08732382013894646,1.7559370412706983,0.25145881767450906,0.24694358657931637,0.16329053952396239
random_baseline,571,0.492018107560557,25.56675889571185,0.24895981175158943,0.25196227794111486,0.20760491213030902,0.43275505,23.107105,0.25684872,0.26370314,0.27922386,123777,0.05926305451719155,2.4596536405848966,0.007888910944714889,0.011740859695069827,0.07161894717984113
random_baseline,574,0.9601681739521196,5.223403027910372,0.28109935686750387,0.2942523989418995,0.3315187827765876,0.99352896,5.4803944,0.19955805,0.24271014,0.7340186,50999,0.03336078818319532,0.2569913354929483,0.08154130742711996,0.05154225561418646,0.40249984105230036
random_baseline,577,0.4691798755216395,23.877544670096974,0.5235524581090912,0.5266654461917796,0.1879054067696388,0.8555595,12.950553,0.2405056,0.25330868,0.34123018,69269,0.38637965235235344,10.926991729728321,0.2830468521730408,0.27335676255797525,0.15332477707015918
random_baseline,573,0.9182810502216573,9.606530613537359,0.3152278868554585,0.33728024499058273,0.3150680062875932,0.44586882,22.929441,0.31668133,0.33990926,0.3637202,83530,0.4724122302696462,13.322910838489008,0.0014534385801799332,0.0026290105140254205,0.04865220211885518
random_baseline,575,0.8985169522344353,17.191110719141214,0.27611064259520435,0.3016927805567303,0.6497710538418227,0.62766373,21.978476,0.20862669,0.22099835,0.48816904,125945,0.2708532206594231,4.787364851537497,0.06748395506850147,0.08069443375115781,0.16160200958561233
random_baseline,578,0.22283872531899873,21.734067060337246,0.24641792493475767,0.2827118319027149,0.4936088256502719,0.25485057,27.649908,0.45685756,0.46346062,0.21556951,108908,0.03201184106817778,5.9158410054586525,0.21043963713036684,0.18074879231527213,0.27803931459432557
random_baseline,579,0.14579993372248465,28.697552237725414,0.3988720827124456,0.41091816233363415,0.29433263377301244,0.8427517,12.5081,0.26804525,0.2852381,0.436076,139818,0.6969517480821723,16.189452681756176,0.13082683611134088,0.12568007515635754,0.1417433516586587
random_baseline,580,0.6355702877413512,19.759034953103647,0.2540532596675427,0.2921475143787181,0.5846450678488312,0.63105476,24.87715,0.29275542,0.2964441,0.26472098,98508,0.004515528715777428,5.118114628805532,0.03870216530880616,0.004296573841878204,0.31992409149613954
random_baseline,576,0.6603430875734717,19.138084096927305,0.3134820964729304,0.3231786038275906,0.29493647089891695,0.17537346,23.672255,0.27379435,0.31168753,0.5252819,27314,0.48496962275070254,4.534170465450625,0.03968774346466014,0.011491074740523965,0.23034543522901274
random_baseline,581,0.08761232740497826,24.914173898650574,0.2356590034425659,0.23844688902419225,0.21445988325937398,0.78773725,19.940672,0.39074472,0.39235625,0.18346275,59867,0.7001249229230857,4.973501977874207,0.15508571248646547,0.15390935768563135,0.0309971293674291
random_baseline,586,0.9788251893029914,8.749346606840732,0.2843459441145318,0.3066224677757228,0.505365177827932,0.9363359,11.504751,0.27798116,0.29334202,0.35795787,78969,0.04248926801545483,2.7554045986036044,0.006364782043303763,0.01328044368781689,0.1474073080597893
random_baseline,583,0.7084801872309119,16.304243329676353,0.23150667237390699,0.2386698214724147,0.26841434784074786,0.26744822,29.145437,0.534603,0.5358465,0.11039409,113742,0.44103197055419985,12.841193910924233,0.30309632731328784,0.29717665031408436,0.15802025742670062
random_baseline,584,0.3813901265729601,22.235712768390822,0.3790182920425733,0.3820834052639533,0.1703905373466681,0.95122933,10.09479,0.29022178,0.29607192,0.26129594,40824,0.5698392073046034,12.140922309711623,0.08879651150401435,0.08601148844533452,0.09090540710561767
random_baseline,582,0.3749231112060067,19.849967229473986,0.24179642068584253,0.24659295132931774,0.25533708774308755,0.9533724,9.861614,0.23027451,0.25247434,0.56449246,107960,0.5784493076744559,9.988353002179064,0.011521907322004338,0.005881386486920659,0.3091553763224642
random_baseline,587,0.9664875975264007,7.231630977972742,0.26090189266530384,0.2763120320980306,0.357647936254467,0.8009974,13.38691,0.33836082,0.3412181,0.18231064,68142,0.1654902210844451,6.155279460564856,0.07745892357500683,0.06490608180120033,0.17533729544254684
random_baseline,589,0.553851089726423,24.46476407532283,0.3825836306840476,0.3861899863488693,0.23138893412426265,0.90631706,14.551181,0.25665516,0.28955525,0.47952405,2797,0.35246596549894926,9.913583235784255,0.12592847407165136,0.09663473475051115,0.2481351120583698
random_baseline,592,0.9624096150923516,5.378541239768495,0.38541141323548955,0.4169491297497312,0.44853169300076656,0.7346471,12.456335,0.31691405,0.32659796,0.26441398,9929,0.2277625198889519,7.077793827980528,0.06849736146432561,0.09035117094655432,0.18411771037099056
random_baseline,585,0.010040656668195796,28.709837332909377,0.2094091079934679,0.23631783722596086,0.46034689773203036,0.41190627,22.834793,0.32805955,0.33040127,0.16550323,134630,0.40186561550473204,5.875044242089064,0.11865044610656872,0.09408343435568892,0.294843664060842
random_baseline,588,0.23812620656791322,27.71556443432417,0.5358909694443462,0.5374911478116192,0.14232015396233516,0.47696835,25.903982,0.5846743,0.59656215,0.34771103,111405,0.2388421414583624,1.8115822718485823,0.048783329318928925,0.05907099932888371,0.20539087270621342
random_baseline,593,0.8052457210930016,13.357171521880439,0.4077134661998186,0.4180772011702839,0.29209536162248506,0.6582459,23.619196,0.2640903,0.2720891,0.2966313,87728,0.1469997999580529,10.262024416229913,0.14362316659349533,0.14598810724671518,0.004535944787350754
random_baseline,590,0.9806836547140841,5.362318444630212,0.23686457824856774,0.2517788671301466,0.4598055119799022,0.32539976,26.988537,0.77491575,0.77859867,0.21702033,83146,0.6552838982825046,21.626218390086585,0.5380511765465067,0.5268197990609544,0.24278517916663928
random_baseline,595,0.8256113080742272,15.31015331640625,0.25553321121975603,0.2675563387368174,0.3792914458051904,0.8896298,19.973223,0.3568901,0.36138672,0.2740659,130288,0.06401847317195808,4.663069416137695,0.10135690094188032,0.09383037762899682,0.10522553403532348
random_baseline,596,0.9474137013695328,13.057736094314286,0.2683328321542184,0.27344131498546953,0.2948782196904943,0.8334441,17.898413,0.39724222,0.40248412,0.28895807,37943,0.11396958286977699,4.840676610153487,0.12890938610177832,0.12904280395297651,0.00592014702814081
random_baseline,591,0.4019166069682231,21.714439420586427,0.24596743305730726,0.2599394088856033,0.4011591647541518,0.33455402,22.401274,0.2727487,0.27979276,0.3171873,91207,0.06736259037810471,0.6868343068305656,0.02678127566766833,0.019853346956605566,0.08397185548901509
random_baseline,597,0.12727509579555468,20.2287384285875,0.27625134404368024,0.2869386424521869,0.21900824353084394,0.7024166,22.61972,0.5739068,0.5819679,0.261467,89595,0.5751415030012899,2.3909820303968736,0.29765543524556537,0.29502924781041684,0.042458766251947194
random_baseline,594,0.14981700933153722,27.54041376507046,0.26840433243923245,0.2709691472077746,0.17153174200703222,0.32047957,28.294926,0.63296336,0.63457644,0.1587935,12919,0.1706625624877682,0.7545119246268044,0.36455902691669406,0.3636072926497083,0.012738247901693173
random_baseline,598,0.08752719877316582,31.484115443857373,0.7136240972684417,0.716127008477276,0.13234156672908073,0.2892659,20.376766,0.24822108,0.2643944,0.3343902,123810,0.20173870207713018,11.107349239023389,0.4654030127929244,0.45173260597330867,0.2020486264948725
random_baseline,600,0.21474689887151985,24.1122871636705,0.2119919261663329,0.21467124910417204,0.20326751810832497,0.68587065,16.724934,0.2235358,0.23076867,0.31767005,77590,0.47112374855890005,7.387353539402923,0.011543879774295163,0.01609741656717653,0.11440252917484764
random_baseline,603,0.6606286428744144,19.076384912679416,0.3098950229613055,0.3206977807276331,0.2950827664103691,0.30424413,21.371769,0.3089149,0.31567028,0.22173005,115410,0.3563845120245761,2.2953840387366,0.000980123135255695,0.005027499078997244,0.07335271298553392
random_baseline,599,0.4700901241360246,26.235156099772112,0.4127495782178158,0.41716490592651706,0.1949876547626382,0.8969147,14.729623,0.26725742,0.27222648,0.24398555,35838,0.42682459639925374,11.505533258890765,0.14549215600902982,0.14493842329674106,0.048997893852817415
random_baseline,604,0.1550724587984392,23.051375423779582,0.29243094468748626,0.29998531700209435,0.2259049987960747,0.7971967,15.311357,0.30972338,0.31354976,0.20261912,128538,0.6421242274694136,7.740018879284953,0.017292432540296943,0.013564440001689826,0.023285878317444636
random_baseline,606,0.7159441531809894,20.59531605323277,0.3120737795858378,0.3158634776421268,0.20795603534592347,0.6605614,11.977976,0.25165686,0.25589105,0.20482118,100812,0.05538277041045103,8.617340207895857,0.0604169194726939,0.05997242277342868,0.003134851068388983
random_baseline,601,0.2341037305404466,29.92234400020153,0.7706396353109625,0.7713374350124929,0.10876199842660302,0.1463244,24.497746,0.29790226,0.32059744,0.3295305,30470,0.08777933440702373,5.4245984862855146,0.472737379060581,0.4507399950081441,0.2207685088995231
random_baseline,607,0.07802135791778221,25.47535191015402,0.29598202238080384,0.3062322946574369,0.32502463638962814,0.2617722,22.352373,0.28599292,0.28818053,0.19848569,121745,0.18375082764625894,3.122978786985076,0.009989101982091686,0.018051764586178354,0.12653894901455948
random_baseline,602,0.2659606473335399,28.151731677946525,0.42206358997267085,0.43073607984692863,0.29719761302380354,0.9592805,12.925335,0.22379889,0.24815561,0.546064,27360,0.6933198435417043,15.226396747526604,0.19826470403116542,0.18258047107369713,0.2488664061793825
random_baseline,610,0.9100013026623607,5.909938075949448,0.28112695987101033,0.28515600326902124,0.1653658017389739,0.41429013,21.78199,0.26912236,0.28383508,0.30641672,97861,0.49571117252396346,15.872051975320083,0.012004597734169509,0.0013209200227901619,0.14105091841292736
random_baseline,605,0.7272313642287423,16.97000315539683,0.2291096997394598,0.23701078931638955,0.29543619633548734,0.062754646,27.072792,0.45650977,0.48401707,0.3588983,50502,0.6644767182851007,10.102788897825825,0.2274000692234003,0.24700628479173423,0.06346211551792147
random_baseline,608,0.7252522933498342,10.054418213371648,0.4045744919875473,0.41213011915380193,0.23351147969087213,0.95601225,11.907859,0.19964951,0.2385509,0.57430327,90430,0.2307599556430857,1.8534406352001298,0.20492497921975555,0.17357921774083807,0.34079178969541934
random_baseline,613,0.5077799671493328,23.7081620473361,0.3613590341954588,0.37557791578001465,0.38376569087440576,0.428266,26.549637,0.7042726,0.7059732,0.1516048,55245,0.07951397832258111,2.8414747934842133,0.3429135936350466,0.3303952921705774,0.23216088945800867
random_baseline,611,0.9611600194565455,10.671410930760274,0.2862325723996989,0.295151008984007,0.2996826431203465,0.75914407,19.163265,0.27024958,0.27579156,0.2775482,127102,0.20201595169226327,8.49185429751121,0.015982997023188283,0.019359453340925314,0.02213444918876689
random_baseline,609,0.9479191137797226,4.170706059158157,0.31912701660060033,0.327399369963728,0.3535762811586582,0.0067370525,29.635548,0.30677193,0.30984873,0.17768624,113420,0.9411820613167275,25.464841578781297,0.012355082568160147,0.017550644167982132,0.17589003690931432
random_baseline,612,0.467849426878123,24.597476122008892,0.33011430698200106,0.337133885851185,0.28856155929316235,0.94115186,14.36936,0.23768744,0.24619175,0.34416538,19167,0.47330243049797566,10.228116151916119,0.09242686825557589,0.09094213091401304,0.055603825476277347
random_baseline,615,0.43506885513807436,22.641065367615575,0.17276649971693706,0.17916211273391608,0.31564559891207244,0.7796087,8.582299,0.31954214,0.32732004,0.27324918,125492,0.3445398713633905,14.058766135132664,0.1467756400516634,0.14815792653839227,0.04239641978724029
random_baseline,617,0.08845646808025165,29.759909131271712,0.8552642887229356,0.8557309381114344,0.07270254911868756,0.062054276,31.767565,0.57117265,0.5760272,0.17619276,78246,0.02640219161388202,2.007655642287858,0.2840916340941819,0.2797037235843043,0.10349021134884173
random_baseline,616,0.16431781598705966,23.86430840563706,0.1985380737450303,0.2354860621859727,0.520456214172673,0.4757294,25.9048,0.27964148,0.281631,0.149555,70463,0.31141158989291473,2.0404920094020014,0.08110340550873862,0.04614493070343159,0.37090121649010155
random_baseline,618,0.23202073514665356,28.7542827758636,0.40944050366087087,0.4128474373791815,0.23861612119863784,0.05178229,30.338377,0.93121284,0.9315458,0.046954427,2696,0.18023844376410236,1.5840942230377664,0.5217723388035762,0.5186983566309809,0.19166169428418434
random_baseline,620,0.21380135123754535,27.357280535142813,0.5209900183680812,0.5221217117433086,0.12717218502812672,0.8497569,19.334507,0.19922595,0.22343221,0.47987142,11879,0.6359555452582737,8.022773546617422,0.3217640711072246,0.29868949867530015,0.3526992370242567
random_baseline,614,0.7058336089165482,21.475798546890793,0.255660811689331,0.2648975264916113,0.31174657576598236,0.97351927,4.7573614,0.31469178,0.34727067,0.37109524,48338,0.26768565673515465,16.718437134842453,0.05903097030834964,0.0823731410613367,0.059348664350137026
random_baseline,624,0.7234475673820293,20.827342315544147,0.25715098635626177,0.27159808055828055,0.3766464064484297,0.07225859,27.3179,0.3942051,0.42144302,0.39558935,107742,0.6511889757301128,6.490557388435345,0.1370541070275273,0.1498449347787098,0.018942945205623007
random_baseline,619,0.9659026011606417,7.888236758995902,0.2517775859635595,0.2610480528291019,0.3340806820236245,0.3673673,23.782982,0.242593,0.3091599,0.71257186,111402,0.5985353037496768,15.894745113562692,0.009184580663991304,0.048111851889297175,0.3784911773361167
random_baseline,621,0.6458208191621668,23.712930520033318,0.20022374202266144,0.20793276373447347,0.3293279530059627,0.56735057,21.497921,0.4731077,0.47618183,0.20162503,84596,0.07847025277499031,2.2150095300430834,0.27288395355686734,0.2682490712016685,0.12770291879289658
random_baseline,622,0.6082916108929927,19.706096375213487,0.30239065466782805,0.31119685907422406,0.31775771382761897,0.46995777,24.662842,0.3164217,0.3183237,0.16049322,68689,0.13833384197590892,4.9567454216615126,0.014031032935168775,0.007126842545877865,0.1572644889683813
random_baseline,626,0.20743288924224454,22.580368113926884,0.2755863107728942,0.2962290086476901,0.3803240530094844,0.36496246,23.868633,0.27883738,0.28412932,0.27350235,39402,0.15752956936829013,1.288265156336788,0.0032510720205323196,0.01209968707252529,0.10682170315596878
random_baseline,625,0.6573045064102064,24.370448032737777,0.3625048618815143,0.36475722642122316,0.16514202525293467,0.04066832,29.331545,0.56394607,0.56808996,0.18306577,25060,0.6166361864994417,4.961096843360856,0.20144120640538143,0.20333273558439208,0.01792374680364492
random_baseline,623,0.957537490386803,9.01118020130189,0.22149470352794842,0.2568056274747508,0.5597861037284242,0.30118528,22.472153,0.26837012,0.27313685,0.24924564,46126,0.656352210302193,13.460972508659047,0.04687541818950458,0.016331226697002155,0.31054046011270153
random_baseline,628,0.8035490938966825,15.1765204018511,0.27011476440387977,0.2802124642613136,0.28387261435727307,0.21893464,25.505432,0.2872557,0.3031009,0.3264603,75973,0.5846144536083295,10.32891172705515,0.017140939999043814,0.02288844950173269,0.04258768751879505
random_baseline,633,0.31437813795645847,28.89512448844699,0.5210304757564836,0.5267265299034956,0.2716520333796716,0.8654767,16.102531,0.26276374,0.28100514,0.43802258,128371,0.5510985895291982,12.79259305534152,0.2582667371242815,0.24572138578423286,0.16637055034339665
random_baseline,629,0.34000778035073465,27.503004517621196,0.3345988060055645,0.3394932998295476,0.20259306248789258,0.9739017,11.372887,0.22634445,0.2731191,0.83081764,53509,0.6338939087018471,16.130117859906353,0.10825435469731409,0.06637420784193776,0.6282245773398357
random_baseline,632,0.6303040179798968,25.28105768778849,0.28082925947223675,0.2861280075575479,0.22998430743527465,0.86698025,19.450756,0.41552997,0.41746053,0.16887243,103645,0.2366762366702192,5.830301614790443,0.13470070688213337,0.13133252343877472,0.06111187651467376
random_baseline,630,0.9003883777896269,11.458118807624864,0.23509461408048915,0.23877606457777042,0.2523127393219966,0.6010825,22.482584,0.23166527,0.24494222,0.34047782,39250,0.2993058739940031,11.024465192008925,0.003429345540106765,0.006166153487491416,0.088165084889124
random_baseline,627,0.5875293849532457,12.931617347486615,0.24313329365565942,0.26897730636558737,0.4062357072143798,0.19365644,23.961311,0.20566729,0.21187723,0.28184748,61296,0.39387294040368515,11.029693992845417,0.03746600654437707,0.05710007953605856,0.12438823025515128
random_baseline,634,0.9889633996942153,9.135885547659406,0.2468876432153256,0.2566841216378068,0.41991797073965037,0.9855545,4.388352,0.26869288,0.29079586,0.4193577,2650,0.003408883378755112,4.74753363039256,0.021805237653586135,0.03411174103690634,0.0005602835047718302
random_baseline,637,0.22199748759803872,26.25996507717441,0.22569456435376956,0.23260588737751592,0.30432197526299837,0.96857846,9.450259,0.24510393,0.28640524,0.52477336,101233,0.7465809702342977,16.80970586849521,0.01940936111276792,0.053799348151430004,0.2204513840357077
random_baseline,638,0.8601084451946672,15.317539740205206,0.38881232036786617,0.3938459017332739,0.2309036578585634,0.5628802,20.709646,0.21782602,0.22205868,0.30619943,3963,0.297228227165645,5.39210648477038,0.17098629667001308,0.17178721809946956,0.07529577356080916
random_baseline,631,0.07767735793897243,25.415108136418304,0.20288445302301839,0.20905450863538227,0.28887033929089667,0.7535858,20.614689,0.19494088,0.20822044,0.40048322,25624,0.675908457490715,4.800419263127289,0.007943573082031752,0.0008340714663072624,0.1116128815247619
random_baseline,639,0.8741864226605173,15.544835609611418,0.21768541731664856,0.25355537440833703,0.4151162530244545,0.15930204,22.646526,0.23189345,0.24530265,0.2915048,53892,0.7148843817259546,7.101690727058504,0.014208032705095214,0.008252727056118403,0.12361145270478285
random_baseline,641,0.9211164878858564,17.966684684728477,0.5549489402804734,0.558254914853765,0.2515489012873734,0.93264836,16.124361,0.2681512,0.2715137,0.23229906,131891,0.011531872843361102,1.8423236465204695,0.2867977464232804,0.2867412143685355,0.019249841657933087
random_baseline,635,0.41414593725761156,20.666995436108564,0.2077858593305014,0.21739695714934984,0.37373501490555044,0.12343894,17.995314,0.25462866,0.2616309,0.21330401,137164,0.29070699780544024,2.6716817916993847,0.04684279896417634,0.044233935604251234,0.16043100189171072
random_baseline,636,0.8474409960181228,16.582975902170553,0.2349844480194541,0.24646194511312985,0.42715216363965475,0.86187357,10.900923,0.25419953,0.26405042,0.31313014,31437,0.014432571086216761,5.682053126901998,0.01921508663516322,0.01758847898583865,0.11402202333508932
random_baseline,643,0.5375704441240586,25.420691348765963,0.22029848804368674,0.23069953496422163,0.30472525069865936,0.86029714,16.484114,0.29549626,0.30289778,0.339715,53915,0.32272669933526144,8.936577655528659,0.07519776711569132,0.0721982461694301,0.0349897532686258
random_baseline,640,0.9681297978230794,6.584135831346394,0.28543616686117096,0.28989486600442255,0.23276560583106215,0.14187954,30.089148,0.3123196,0.31520227,0.21212779,117653,0.8262502541610082,23.50501173640263,0.02688343968141632,0.02530739997343695,0.020637815976058793
random_baseline,645,0.7734915241495396,19.294541414320026,0.20880710840363678,0.21927537403535666,0.4842639973510398,0.5905001,23.315342,0.7941955,0.8007459,0.26402217,44613,0.182991407801273,4.020800535142865,0.5853883647904855,0.5814705304102915,0.22024182585369484
random_baseline,642,0.6805543386934343,19.015159579286074,0.32409311814613284,0.3282411287964429,0.19004090251586317,0.64984494,21.96659,0.22937779,0.2668561,0.3946374,12908,0.030709394216352992,2.9514313020615823,0.09471532686061801,0.0613850246609296,0.2045965033564818
random_baseline,648,0.2226672856553939,18.548808360836592,0.32066025211286914,0.32342316748709654,0.18703976451764998,0.182499,23.083523,0.21311751,0.21978803,0.26806578,45176,0.040168279264822304,4.5347144357942675,0.10754274203253161,0.10363513769717192,0.08102601588357988
random_baseline,650,0.4991355068592961,23.712572993128543,0.26323093909957435,0.2649801291100138,0.17371755271844294,0.8602925,16.143923,0.19769433,0.2019675,0.26977336,98676,0.3611569874377315,7.56865018734241,0.06553660769202735,0.06301263641039068,0.0960558113486347
random_baseline,646,0.38040141917143006,23.503747132651647,0.4367714957737563,0.4398255787925353,0.19631840914614213,0.5628404,24.344662,0.3569491,0.36199102,0.24322933,988,0.1824389829548822,0.8409145799948377,0.07982240481611469,0.0778345607356658,0.04691092043988693
random_baseline,644,0.9029583910475106,13.703508442319688,0.1841893755193293,0.20035809946090627,0.4602191143986022,0.17102456,24.165997,0.5994839,0.6005712,0.124235734,73861,0.7319338301191659,10.462488109193984,0.4152945317034185,0.4002131156918342,0.33598338005507344
random_baseline,651,0.5557770243004999,21.403979096991822,0.27274082751247725,0.36709767778168384,0.7856093972029639,0.27085182,25.037786,0.29450196,0.32795072,0.48865393,34672,0.28492520359317874,3.633807386772826,0.021761132765080127,0.03914696176300708,0.2969554691615057
random_baseline,647,0.5674763979777395,19.001216703559177,0.28727227416999535,0.28944918953954724,0.18247747437264605,0.94953763,11.079328,0.23485743,0.24263023,0.24975216,110286,0.3820612368718088,7.921889120246188,0.05241484907634453,0.04681896113931683,0.06727468951437787
random_baseline,652,0.8413334888510989,19.96486238540273,0.542534920637537,0.5524972755651908,0.4050783609348752,0.17427784,25.842402,0.21001062,0.22250748,0.3726597,114589,0.6670556468062686,5.877539119113873,0.33252430266611677,0.32998979875855017,0.03241864790501375
random_baseline,649,0.7482890705919449,13.233347809600446,0.2225885929894396,0.2384987400798305,0.46201354139719253,0.79918003,19.814804,0.3575659,0.36507872,0.27241305,24962,0.05089096023080897,6.581456267547992,0.13497731663466014,0.12657997739033858,0.18960049622926956
random_baseline,654,0.9702642339911453,9.34343602399354,0.24681787346480108,0.2583194285840833,0.3825416766631307,0.6587219,22.447256,0.29350454,0.30304283,0.35430518,32067,0.31154231016302025,13.103820064263296,0.04668666268708491,0.04472340045262935,0.028236498736113502
random_baseline,656,0.6313058741451186,18.585412696282976,0.3407800909633613,0.349965422811976,0.27975007648904604,0.8053286,11.973825,0.36332873,0.36690575,0.19399132,911,0.17402273341408547,6.611587241571062,0.022548634136202284,0.016940326032170716,0.08575875814397615
random_baseline,653,0.3268532418870429,21.104370383501955,0.25367730279356504,0.260233641222261,0.23644254732743533,0.7473209,18.637589,0.2889062,0.2992221,0.37170115,58694,0.42046764853959284,2.4667818825253924,0.0352288840255115,0.03898847047970433,0.1352586038051483
random_baseline,657,0.013679327047757173,27.619062506446713,0.330962377429313,0.3383247871924231,0.21070657325836725,0.78544974,19.110508,0.2503496,0.264695,0.40212587,18919,0.7717704162231168,8.508554541358823,0.08061276638538295,0.07362979846485351,0.1914192919626563
random_baseline,660,0.32161269519660324,23.22773921358742,0.3077774872988747,0.32824221600421644,0.39772941308188414,0.6613964,24.007174,0.53431284,0.5361736,0.1349038,19061,0.33978368904259354,0.7794343246205884,0.2265353569775535,0.20793136607280993,0.2628256096141336
random_baseline,655,0.2371229731298088,22.17621899895197,0.29916841329191046,0.31363734532698223,0.3341798461751569,0.92100173,7.612123,0.27558297,0.28205022,0.27791792,1302,0.683878759219587,14.564095986409246,0.023585444103220277,0.031587123168550224,0.056261924632035554
random_baseline,659,0.6245911110470082,20.817123051904964,0.4079269245121445,0.43176837504703575,0.36208381947651613,0.17349294,25.114897,0.7663895,0.7693599,0.16830127,45949,0.45109817276690256,4.297773722387028,0.35846256466174464,0.337591511599235,0.19378255006447542
random_baseline,662,0.3910049672660558,27.975553114455327,0.34743932214748396,0.35050626337487084,0.22640373294355265,0.9727905,8.580047,0.18281254,0.19683442,0.42691994,16536,0.5817855123939784,19.395506460707768,0.16462678042423262,0.1536718481774984,0.2005162041902364
random_baseline,658,0.32190496986845357,24.582681138990655,0.21292188280564872,0.2369052296225104,0.5083126152801827,0.61314756,20.604382,0.54873514,0.55470836,0.27629018,90950,0.2912425869133152,3.9782995777113577,0.33581325894850167,0.317803132003161,0.23202243698123248
random_baseline,661,0.6614546418121678,16.0500376240064,0.2895182121667607,0.31297687936516344,0.43991843788168583,0.9350634,14.210244,0.29717025,0.30693743,0.35884506,30409,0.27360877991405896,1.8397934452344273,0.007652039441134184,0.006039453036504383,0.08107338277838383
random_baseline,663,0.6903443858747066,8.935910598984435,0.2444306702853615,0.26060198209669044,0.3744979637957633,0.57834965,23.053211,0.25177988,0.26047269,0.3380977,29288,0.11199473596854814,14.117300613173768,0.007349213814598826,0.00012929699804237194,0.03640027225981357
random_baseline,666,0.5912513379295798,20.88002012220509,0.7364299920735119,0.739637507255599,0.1708592122422085,0.42430085,25.802114,0.40080956,0.40602532,0.30922204,10763,0.16695048849186622,4.922094364489247,0.33562043582770806,0.3336121869640798,0.13836283031836888
random_baseline,669,0.9565979153948043,11.335972924340766,0.19673406929140036,0.22359987221029162,0.6081068663181755,0.40734175,23.834337,0.39806083,0.44932052,0.5413495,123298,0.5492561669187759,12.498364310156305,0.20132675915594156,0.22572065272066236,0.06675739570278849
random_baseline,667,0.9873171198646018,6.380291527087223,0.2204628843826887,0.2348935354538265,0.41522832793655196,0.22231221,24.781895,0.58880574,0.5920002,0.19048919,40434,0.7650049078742454,18.401603156750667,0.3683428507285479,0.35710665098950234,0.22473914009990492
random_baseline,668,0.5109180094083071,22.737714340575263,0.19105471506816865,0.20788244918676024,0.4919249061303917,0.28896764,27.589819,0.43257973,0.4363762,0.22045971,123941,0.22195037020046715,4.852104613892511,0.24152501091259002,0.22849376484064454,0.2714651915984932
random_baseline,665,0.7346725962615024,23.095942039623388,0.33614479981786827,0.33989989046871066,0.23603520776666323,0.14738007,28.482708,0.91278386,0.9132182,0.07558972,69016,0.5872925273633014,5.386765937671534,0.57663906134241,0.5733183097380459,0.16044549133218447
random_baseline,664,0.903730234776632,12.050758692524376,0.25843243445294173,0.26603471958791497,0.3167404726154553,0.93306065,9.761845,0.30969554,0.31368032,0.23431548,57615,0.02933041128049696,2.28891405751461,0.05126310740573137,0.0476456013902497,0.08242498785326352
random_baseline,672,0.5623877330526241,18.58533537740047,0.23312885711965434,0.24063936912369424,0.2319319915764842,0.7761057,20.365795,0.19952007,0.21180972,0.37084657,66456,0.21371796887074623,1.780459758097578,0.03360879073915354,0.028829644554373562,0.13891457796163226
random_baseline,670,0.949490918913961,14.75997411306345,0.26216089800688375,0.2916379663356167,0.4431510078746849,0.8074876,17.271378,0.27987647,0.28294185,0.25962916,30053,0.14200331191170268,2.5114034504131126,0.01771557255891215,0.008696118295989652,0.18352184770889818
random_baseline,671,0.03646282842057845,31.374817156761537,0.9136773169453287,0.9139479002383786,0.05237295837765817,0.6053704,21.312756,0.5044568,0.5186435,0.33066615,58728,0.5689075739155421,10.06206157204474,0.40922049884153844,0.39530440181766324,0.27829319624537346
random_baseline,673,0.8918542801138019,19.839122545729236,0.45216001269321643,0.4545320859251258,0.2241770789556909,0.9705888,10.343152,0.29648733,0.3202598,0.45691204,41579,0.07873452317751894,9.495970499525622,0.15567268130283557,0.13427227643110723,0.23273496175475833
random_baseline,678,0.9296874874593439,13.13598500374318,0.3810559305153768,0.394490536499647,0.40572578434453016,0.79923725,18.130651,0.35333124,0.3601387,0.24270606,15236,0.13045023617760565,4.994666470255844,0.027724692483989455,0.03435182218613991,0.16301972393498426
random_baseline,676,0.033327772879070114,25.668925033112576,0.2918757968518027,0.3982085076848222,0.8571058301299622,0.06893155,28.784948,0.2980198,0.29936898,0.17686048,48932,0.03560377690845125,3.116023315886448,0.006143999758075835,0.0988395301381303,0.6802453486293366
random_baseline,674,0.9460403049506851,11.207823360156091,0.26187916288342683,0.2678534434567548,0.2908181453138025,0.9485041,14.108398,0.2231568,0.2464392,0.49283993,64745,0.002463785358457926,2.900575077343909,0.038722367977764294,0.021414239836797855,0.20202178712790891
random_baseline,677,0.13595157906263303,28.626510465004074,0.7548887920171093,0.7561202549356085,0.11921958767476974,0.99077934,8.270407,0.19196244,0.20209584,0.36545885,49647,0.8548277612045484,20.356103741981613,0.562926356175549,0.5540244185346228,0.24623925841745437
random_baseline,681,0.8628304808198072,14.534362056756308,0.4870462653273339,0.4943044946093239,0.2746823887915107,0.36801112,23.78781,0.26816574,0.2833294,0.43842283,137202,0.49481936383830083,9.253447315191934,0.21888052793681573,0.21097509716936724,0.1637404401212243
random_baseline,679,0.6494259087097177,22.86655436638332,0.20818283808166987,0.2128182920278445,0.21790027909366702,0.93396425,10.034842,0.2970408,0.30247214,0.30064937,65673,0.2845383437622061,12.831712828907733,0.08885795223777287,0.08965385233746617,0.08274909562976743
random_baseline,675,0.8665251211710376,17.9394933563973,0.2077371204925306,0.2617847317566656,0.6523127733029591,0.19525152,30.35674,0.55621165,0.55973035,0.25542262,137958,0.6712735967226429,12.417247595140786,0.34847452987902094,0.2979456192145563,0.3968901513375508
random_baseline,685,0.6083873730729611,23.46390455783397,0.23573974400993875,0.24179955195702454,0.2870174285899713,0.8116477,13.875265,0.26519343,0.2828263,0.36613455,126889,0.2032603401113956,9.58863943637401,0.02945368855956504,0.041026752478705436,0.07911712555774902
random_baseline,680,0.41905345280834144,25.72123483322607,0.28282177462324487,0.28620905223549087,0.21159723101327912,0.9609867,12.847464,0.48307595,0.4869006,0.22947106,57688,0.5419332210235983,12.873771225437984,0.20025417194619788,0.20069154557525437,0.017873826640148
random_baseline,682,0.4160882523753181,16.005678838382423,0.2294307853856371,0.23609291152224102,0.29539876395379167,0.71494704,17.858223,0.23654655,0.25577214,0.37258565,61185,0.29885879247407765,1.8525441230433586,0.007115760835142315,0.0196792320801302,0.07718689030493636
random_baseline,687,0.929477679415815,13.289848404462958,0.24902379678668596,0.26077105922260146,0.38663384451142296,0.3960004,25.777498,0.29386696,0.3013947,0.30281806,100606,0.5334772941313912,12.4876498407763,0.04484316540775679,0.040623641781426856,0.08381578459015832
random_baseline,688,0.3947173571817304,22.66623566086682,0.19617896301812976,0.20820818049953058,0.38900521819132006,0.4796985,24.73689,0.55573946,0.567465,0.28139156,69929,0.08498115179615962,2.0706551319798585,0.3595604993575111,0.35925682680561466,0.1076136571599785
random_baseline,684,0.3369004370884142,25.164805995258007,0.25466214342305393,0.25954786992635026,0.21939370378782247,0.57920337,23.377485,0.37148663,0.38123122,0.38092202,129982,0.24230293014486215,1.7873207199894523,0.11682449059298305,0.12168334865008101,0.16152831569383647
random_baseline,691,0.37395073965338493,24.283199723293592,0.2603045153424301,0.2666098468421536,0.27459048147494053,0.76095283,18.804876,0.20807086,0.21804179,0.33175653,125720,0.3870020906612513,5.4783233957789434,0.05223365602941893,0.048568054330213606,0.057166050717289696
random_baseline,683,0.946552389362916,15.550755180510457,0.25789996405029064,0.284041066058977,0.3897197841141973,0.9915586,7.006035,0.1929311,0.22572498,0.639522,43300,0.045006222030058884,8.544720329436238,0.06496886332416302,0.058316085823877206,0.24980223193423412
random_baseline,686,0.9847626954647,6.707333605101674,0.2084910068018048,0.22940252538961542,0.4684520286677385,0.09511676,22.461796,0.40238678,0.40461972,0.12943128,12773,0.8896459386082585,15.754462201783092,0.19389577775172304,0.17521719816881048,0.33902075115423447
random_baseline,692,0.9118937793154733,16.21410021463047,0.3073481227147703,0.3171861301666224,0.41037365580394153,0.64581686,15.556148,0.25686237,0.26566476,0.26571038,114621,0.26607691673231293,0.657952639252052,0.050485750554812414,0.05152137386855721,0.14466327215030078
random_baseline,693,0.8196459939342685,12.037929176431348,0.24721961668336043,0.25065183072141123,0.22881299366156696,0.9151379,12.926447,0.1997188,0.2055792,0.2844627,14305,0.09549189306676908,0.8885177382415037,0.04750081351601729,0.04507262437394571,0.055649696691826595
random_baseline,695,0.3120185526238045,23.290772139242932,0.2954089450815218,0.31420397294980346,0.39027098841102803,0.91282207,16.717255,0.24728583,0.2502825,0.21766427,37242,0.6008035151137748,6.573517500571057,0.048123117087175205,0.06392147673589049,0.17260671681793416
random_baseline,696,0.20060272746891825,24.87746123560719,0.30855258171728345,0.32205844671835665,0.27507077610935493,0.27616337,23.65038,0.19031784,0.21620676,0.5380394,60535,0.0755606419482723,1.227082054698986,0.11823474233320447,0.1058516875039554,0.2629686101630755
random_baseline,689,0.4779808338340455,26.832964114702843,0.657771392240328,0.6594619313714101,0.14696271057231108,0.80910057,18.508072,0.20964913,0.21808238,0.38087255,137309,0.33111973446047965,8.32489221528878,0.44812226153830925,0.441379548096378,0.23390983705418428
random_baseline,700,0.032187619954827926,29.703960431603978,0.48619969239433936,0.48726946575250857,0.11427826549997347,0.4680798,24.749275,0.40795985,0.41045117,0.20566677,58449,0.43589218541931757,4.954685224084447,0.07823984375199011,0.07681829197015994,0.0913885000706671
random_baseline,698,0.3741808136132009,26.763499783602136,0.5224920640525277,0.5230339973316617,0.08390057861583172,0.96355516,12.096337,0.23516595,0.24711229,0.37640205,98426,0.5893743435714,14.667162465181725,0.28732611041635825,0.2759217082605786,0.2925014716408974
random_baseline,694,0.8262879826894424,19.428451688484753,0.22126373070354097,0.24722006959049997,0.5356974134499494,0.37801126,26.988708,0.23655222,0.2396197,0.19094047,125196,0.44827672623306725,7.560256807608997,0.015288492859653308,0.007600367489746185,0.34475694394654666
random_baseline,690,0.3319296895977421,25.30656429154606,0.3217478532774317,0.46556229101685825,0.8377774570862402,0.496637,24.24041,0.5056748,0.5106752,0.24811354,21863,0.1647072971347408,1.0661544404718413,0.1839269261376989,0.04511290086241421,0.5896639142910589
random_baseline,701,0.32807517025729077,18.28134589480791,0.32535674648092894,0.41752048998288227,0.599073995757389,0.71889484,22.051268,0.48240465,0.4856448,0.20729472,118897,0.39081966902951343,3.7699217290934577,0.15704790277673097,0.06812429756709026,0.39177927832632053
random_baseline,703,0.2374995316054874,25.13435011868886,0.26692768466758016,0.2725030235814822,0.23184308238587875,0.90570945,9.296479,0.43487218,0.44293344,0.27423662,124366,0.6682099138710446,15.83787089353017,0.1679444955558848,0.17043041662695285,0.04239353708662491
random_baseline,699,0.9881214548457128,10.20597183271147,0.4568560464165853,0.4664754595889311,0.44800957889644427,0.98085135,5.747394,0.19508187,0.20745306,0.31964758,56792,0.007270102630899555,4.4585777477810495,0.26177417168838246,0.25902240241901686,0.12836199851123614
random_baseline,697,0.9791354439885273,12.26544921601915,0.2160949511264631,0.24150466646618365,0.6141375894727015,0.59593415,15.550814,0.28072625,0.28918037,0.28936926,85628,0.38320129138537784,3.2853644589076083,0.06463130285989555,0.04767570171885968,0.3247683341683649
random_baseline,706,0.7670181070459946,20.60391294053563,0.1999900648078282,0.21116915800156755,0.37096475324638234,0.9215299,5.713529,0.2643134,0.2739288,0.2955867,69482,0.1545117820607559,14.890383830580795,0.06432333498388934,0.06275963328299361,0.07537804803855763
random_baseline,702,0.07330428489896625,21.301246058513733,0.23772765409200658,0.24239516463224065,0.22766239187473405,0.22795749,25.877628,0.5139555,0.5145583,0.09249924,24381,0.154653202207357,4.576382267902282,0.27622781980783473,0.27216315064485896,0.13516315064186205
random_baseline,708,0.7302084004009562,18.507610596641413,0.20361692738197462,0.21669303510657423,0.4066579207366779,0.8622685,8.519239,0.28420258,0.2892603,0.20997639,13163,0.1320601070796651,9.988371170982234,0.08058564830161913,0.0725672629071129,0.19668153073251987
random_baseline,705,0.9684618329141488,3.7634912301754753,0.29843999363542995,0.3126395310057966,0.31631721974902216,0.8495493,16.616158,0.27957463,0.28391567,0.25588733,19482,0.11891253939608237,12.852666301562806,0.018865360990776625,0.028723862279829204,0.0604298901706225
random_baseline,704,0.9765010766346449,8.29332289986413,0.19149720449923338,0.2019823281555544,0.36302492629726646,0.18210131,29.992968,0.56518316,0.56629306,0.14215466,104545,0.7943997673351759,21.69964470572669,0.37368595818997563,0.36431073262401714,0.22087026249607322
random_baseline,707,0.1081077416887907,21.86637844526907,0.35994819783235366,0.3637126768320026,0.20325827903309807,0.27573404,23.011116,0.6560122,0.6591758,0.16336855,109697,0.16762629547208271,1.1447375825629607,0.29606397963499254,0.295463136366087,0.03988972610989555
random_baseline,712,0.46297383234314987,23.38851039444759,0.7125122086453621,0.7155884088497926,0.14448823342485106,0.25663862,24.073792,0.48857486,0.4938723,0.27663612,3488,0.2063352160196788,0.6852811094586606,0.22393734616519856,0.221716094158249,0.1321478902323755
random_baseline,711,0.21808577317198477,23.558542771424523,0.23187001587062675,0.23875312739498805,0.28149526315078505,0.03093618,27.015682,0.4052048,0.41503423,0.28771064,71436,0.18714959348937235,3.457139449034461,0.1733347868809144,0.17628110712878514,0.006215373703386706
random_baseline,715,0.2950528311380215,22.037840238729796,0.2025426547434593,0.21505086108276847,0.3223164687987112,0.0660849,29.342728,0.31974488,0.3270311,0.28220826,76062,0.22896793212974742,7.3048874224030165,0.11720223022434464,0.11198024467399117,0.04010820492465722
random_baseline,710,0.4475822418440081,21.181304083980525,0.30295044799959603,0.3140082592318087,0.32771895260480255,0.9755264,6.7030206,0.20579168,0.21268742,0.30410117,55855,0.5279441506158613,14.478283511318171,0.09715876599466744,0.1013208413670092,0.023617783495458067
random_baseline,709,0.860957583216488,17.005658345034377,0.2084880471983109,0.21217987232802993,0.2241374842551191,0.19886526,25.066118,0.19675383,0.21666636,0.5491437,21756,0.6620923185623284,8.060459895322069,0.011734217480674797,0.00448648340107316,0.3250061877343218
random_baseline,714,0.9815459089717489,2.636825969406516,0.4753563688236331,0.5190869218110945,0.4336722508671546,0.44112176,20.933249,0.28293812,0.28689262,0.24546087,97067,0.5404241519412618,18.296422550490945,0.19241824607430447,0.2321942991018202,0.1882113829853797
random_baseline,713,0.8755465814503388,12.561778111732863,0.2357209218598451,0.26259844800282883,0.5178141877637894,0.37551528,23.664787,0.48969874,0.49680102,0.2632934,88527,0.5000312992962556,11.103009180747605,0.25397781599988084,0.23420257071207595,0.25452080225811313
random_baseline,717,0.6124827130525854,26.67462300574542,0.48680992333629397,0.4885984861992638,0.1728695033853069,0.9460164,5.712701,0.26232114,0.27754635,0.35810623,64676,0.3335336581975672,20.961922161934385,0.22448877899387149,0.21105214001167227,0.18523672234368174
random_baseline,719,0.42588757538066857,15.921724671289567,0.25389795013643274,0.273763923927314,0.4262495795252735,0.21347836,30.154163,0.6193803,0.6209859,0.15370548,67282,0.21240921878086083,14.232438689306136,0.3654823451402091,0.3472220012702873,0.2725441018107349
random_baseline,721,0.09803823008726219,28.096604983045196,0.21552234094071845,0.22189512120809016,0.2586233956716127,0.22988173,26.720173,0.22409628,0.23886372,0.36112475,128213,0.13184350356866736,1.3764321009651184,0.00857394237589379,0.016968600281816154,0.10250135828041368
random_baseline,720,0.32494869055635944,25.145664004760516,0.25197008473514904,0.2609337022520191,0.3550062057472416,0.7837793,17.974567,0.39782348,0.39956695,0.16181608,139772,0.45883063254468426,7.171096591430437,0.14585339801669728,0.13863324616182976,0.19319013030302012
random_baseline,723,0.975282755750765,3.824835186963341,0.34642597381538537,0.3618517652756233,0.367282167696024,0.8791462,5.8812275,0.27350503,0.28128216,0.30898508,27442,0.09613653745089923,2.056392306322792,0.07292094175285485,0.08056960856976697,0.05829708340075118
random_baseline,718,0.5112656490270893,19.475027618882788,0.23274801237388432,0.23871482989900594,0.27219750982586377,0.122711554,27.602333,0.29656005,0.303002,0.22309849,129728,0.3885540948574344,8.127305449964869,0.06381203668312252,0.06428716995603556,0.04909902316395276
random_baseline,722,0.3273653811558268,23.779855206458873,0.28496989214630986,0.28926599213473553,0.24807901386232484,0.33215523,23.907267,0.23452787,0.23566322,0.14522482,97773,0.004789846505306006,0.12741141036241643,0.05044202113362217,0.053602771848366204,0.1028541893145572
random_baseline,724,0.18474039704911518,28.820011890490843,0.7062057110086616,0.7086167029588424,0.1675528656413828,0.9512979,7.557986,0.2735986,0.32613438,0.65719795,91024,0.76655748216994,21.262026107867552,0.4326070996538337,0.3824823192804061,0.489645086629125
random_baseline,716,0.2519452326895543,23.000699238207872,0.22215858262721347,0.23047056563928175,0.3001580347794894,0.6305837,24.962725,0.40436742,0.4105566,0.22126126,45199,0.3786384708283595,1.9620254474610732,0.1822088344698782,0.18008604875967454,0.07889677188581262
random_baseline,725,0.8684940133550986,18.13969664545639,0.3826052264587286,0.3910901313751127,0.24834689676976196,0.36439523,23.138187,0.27518603,0.2855157,0.27424112,130877,0.5040987823465689,4.998490762990876,0.1074191944019201,0.10557443556479473,0.025894222853422244
random_baseline,726,0.8928616831762543,9.586366378212979,0.25309026747703134,0.25613960994250906,0.2005197033915582,0.5353737,25.961458,0.42238605,0.42528588,0.19260523,136110,0.3574879954321136,16.37509182796378,0.16929578274727286,0.16914626585476267,0.007914476159578826
random_baseline,728,0.8110655672753367,18.392664178458535,0.2668907931338008,0.27312040305836993,0.31432297103678064,0.3461275,25.014786,0.4804868,0.48979822,0.28969485,122922,0.46493805720453596,6.6221215881430275,0.21359601707356612,0.21667781495348615,0.02462812536035852
random_baseline,731,0.01452374549835011,32.5951780499299,0.8107793833124718,0.8112952951187063,0.07570396283570886,0.92533064,17.275572,0.51255894,0.5192822,0.263426,96930,0.9108068933871479,15.319606226809782,0.2982204462397179,0.29201307332457793,0.18772204300459266
random_baseline,727,0.05485893720163782,27.08806683724196,0.21942304692608333,0.2271131045547286,0.27485220500499036,0.329764,27.615551,0.3461752,0.37103602,0.3405027,112895,0.2749050713203959,0.5274841576310862,0.12675214686053776,0.14392291834680643,0.06565050414532397
random_baseline,729,0.6175052845264853,20.919965770046954,0.2947663109228976,0.3162575738005502,0.3244467600748279,0.15579304,25.512444,0.21662425,0.21849175,0.20467652,107929,0.4617122435356559,4.592477772433515,0.07814206587532835,0.09776582582520077,0.11977023627016331
random_baseline,730,0.5674641473262528,22.304027541007734,0.5172601952074672,0.5202631967494634,0.1751392964430452,0.96207917,10.52854,0.19534951,0.24053334,0.7246744,113637,0.394615020039775,11.77548788341496,0.3219106807230617,0.27972985975243125,0.5495351072244048
random_baseline,733,0.08352322037293802,31.078114883358367,0.6545349693529376,0.6916704156489054,0.39979374876346285,0.28102356,26.616869,0.47735384,0.48087215,0.21912508,56965,0.19750034158156027,4.461245910580047,0.17718112828657717,0.21079826141306557,0.1806686716350525
random_baseline,732,0.24109114603914292,26.064492881881176,0.20445727283867657,0.209185510358666,0.2575027048442102,0.63458794,20.49717,0.23320682,0.2853689,0.5536647,93972,0.3934967975147816,5.567323387252269,0.028749550629531745,0.0761833792115702,0.2961619794514441
random_baseline,737,0.27984815547514136,25.21111850471298,0.20997661862587313,0.21347165427259326,0.21333270566824786,0.9492476,13.88194,0.19837923,0.2452453,0.6697798,62692,0.66939944317293,11.329178616712493,0.011597385146373318,0.031773638510190244,0.4564470718586076
random_baseline,734,0.5752591969688158,22.149135146725524,0.23720709280143237,0.250333213977945,0.3730478141044034,0.8584845,17.545712,0.25552782,0.30308685,0.5390641,31551,0.2832253096382399,4.603423629391539,0.018320731362004516,0.05275363308893427,0.16601629522100553
random_baseline,739,0.517960313227847,18.85019010314753,0.29380692947930614,0.3039035196901058,0.2870788137159446,0.66399384,18.517868,0.27633017,0.28149956,0.23333858,38025,0.14603352222137178,0.3323220611553417,0.017476756463711662,0.022403955042431256,0.05374023418046031
random_baseline,736,0.295765646901575,27.231416842034854,0.2987568147935284,0.32177602214975454,0.3768721523472355,0.6789212,20.249977,0.44709453,0.449261,0.16402584,89703,0.3831555757851926,6.981439730218447,0.14833771507364385,0.12748498754339121,0.21284630920377234
random_baseline,741,0.5195154815433319,17.26751747997851,0.2197082588995209,0.22796842130383438,0.2761168530673989,0.11566569,25.263535,0.27474204,0.28992954,0.41867027,117063,0.403849792432576,7.996017065919929,0.055033778158355695,0.06196111766139084,0.14255341379928504
random_baseline,742,0.8192779875564956,15.005785594197448,0.2774495387554329,0.2844008880198396,0.3088356281168953,0.28424543,28.624516,0.5841926,0.5871004,0.1786869,9469,0.5350325561333084,13.618729939249818,0.30674303526876756,0.3026994985997283,0.13014872618990098
random_baseline,738,0.31495774209362254,23.606772278319806,0.22236699929676101,0.25720818979162663,0.6152364400533712,0.042134393,28.519365,0.41700473,0.4188601,0.16348727,133095,0.27282334908705935,4.91259303234914,0.1946377349809642,0.16165191786866695,0.4517491695789373
random_baseline,735,0.9865785785463819,4.316956096651495,0.24991872382587105,0.30067718342387795,0.587072048284055,0.94056726,12.368313,0.20894487,0.2385528,0.64497226,41957,0.046011323526240266,8.051356739041864,0.04097385180419594,0.06212438956344246,0.0579002164826381
random_baseline,744,0.07042195263885959,28.4069322326816,0.24547154115078776,0.2473669310059324,0.1615013311508703,0.9867491,6.256563,0.25242615,0.26772958,0.48691654,54054,0.9163271599671889,22.150369046036094,0.006954606310149741,0.020362649396441862,0.32541521090235237
random_baseline,740,0.7447525186969979,22.029210033348924,0.39467411706526523,0.39834082043890884,0.23694101917264093,0.31443456,27.897131,0.35374594,0.3999178,0.47618893,120024,0.4303179605438454,5.867920932837599,0.04092817971785312,0.0015769907164103758,0.2392479087162293
random_baseline,747,0.4255581015229528,25.754578860414583,0.3806918290103614,0.3831461725082109,0.2130833580320525,0.32402557,25.24644,0.4600338,0.47161618,0.27236578,83664,0.10153253017666986,0.5081379729634108,0.0793419751678765,0.0884700062427809,0.05928242065256359
random_baseline,749,0.05936545820565489,25.813979594830577,0.19117857897033635,0.19901112562521775,0.319160015898554,0.62068605,22.319551,0.35467276,0.35942963,0.2729082,12280,0.5613205960240815,3.4944281269350697,0.1634941808010107,0.1604185020317189,0.04625180514415944
random_baseline,746,0.9716755694796423,11.755208350432454,0.18828333674624548,0.2372431739957934,0.775156407640349,0.63223654,14.575602,0.26232326,0.2658193,0.23566844,38872,0.3394390291621069,2.820393227326335,0.07403992356106653,0.02857613714617438,0.5394879719475618
random_baseline,743,0.3644378606885161,22.184824918170783,0.3161730946593424,0.32058131831680264,0.20895147372680795,0.624487,23.049679,0.26250497,0.27551338,0.3556491,69116,0.26004912213390213,0.8648538843194515,0.05366812959243261,0.04506793755088773,0.1466976399282824
random_baseline,750,0.6734853770825667,22.59041414413724,0.21732948880411349,0.22124565784407554,0.25578402390073696,0.51407087,18.037323,0.3022026,0.30379167,0.16269009,108089,0.15941450859044026,4.553091146090367,0.08487312335752287,0.08254601414727272,0.09309393574785152
random_baseline,745,0.7431887908463113,23.9188967165147,0.2675400523268934,0.27238582547398904,0.2711465611998547,0.96383125,3.6828706,0.2757874,0.282905,0.2231898,110875,0.22064245505288915,20.236026090065113,0.008247360793376401,0.010519186895166843,0.04795676022214779
random_baseline,752,0.9067012255468818,14.220900211588756,0.22612057010962816,0.22936228603190062,0.21165399405807317,0.9386853,12.858724,0.2613711,0.26773545,0.259314,83737,0.0319840724191216,1.3621765711468612,0.035250535799719374,0.038373165427984024,0.047660006548463696
random_baseline,748,0.3612660220696261,25.978665923636783,0.26228615726060145,0.2657802497821942,0.21156268788644428,0.92891383,11.326196,0.40738854,0.41093522,0.18929538,51150,0.5676478096411893,14.652470206778872,0.14510238086157567,0.14515497332037536,0.02226730657884235
random_baseline,751,0.9722408985840176,7.15070881968051,0.2579318097723119,0.2682297689473209,0.3686230732079351,0.8272738,17.09672,0.19333977,0.20690589,0.32910386,8144,0.14496711251605499,9.946010922140779,0.064592044700443,0.061323882416444764,0.03951921592911123
random_baseline,756,0.5615046881251298,20.410902223307687,0.3952926307506907,0.40261884651439084,0.3087696414911863,0.9179486,15.312695,0.26894796,0.27347046,0.24368086,83809,0.35644391550493615,5.09820767374714,0.12634467180446268,0.12914838514583005,0.06508877691866127
random_baseline,754,0.644138636179053,23.458428277673427,0.21940360614812393,0.22607217487293524,0.2301411064984304,0.2297464,26.58047,0.27985048,0.28195795,0.1630385,1796,0.41439223486908594,3.1220408537962996,0.0604468767925499,0.05588577929538446,0.06710259939451041
random_baseline,753,0.8719782859862297,16.81782992463392,0.4087075212517066,0.4116208195557125,0.1792512268643014,0.7206576,18.339954,0.2757548,0.28168714,0.2787962,2565,0.15132069893483813,1.5221244515867838,0.13295271187212898,0.1299336790909298,0.09954496911958532
random_baseline,757,0.966006357322783,7.095911109997083,0.25120255614611714,0.27775042945653106,0.49621578912882297,0.7188212,23.282179,0.26146644,0.27154002,0.28852347,36966,0.24718512977227636,16.186267768787097,0.010263887392548632,0.006210413520633229,0.20769232373384922
random_baseline,759,0.9292750172636767,14.037804590494154,0.23959829535848662,0.24604744068051781,0.30856944898461114,0.34047797,23.237242,0.21820621,0.22101076,0.20919298,71935,0.5887970440409441,9.199437154500963,0.0213920834339337,0.02503668120767083,0.09937647262905847
random_baseline,758,0.693893664588653,20.665853319651703,0.4038268888470801,0.5278335785422323,0.6511652657338785,0.561989,23.860765,0.31856877,0.3219168,0.23131114,85630,0.1319046552083124,3.1949121375016176,0.08525812272998418,0.2059167897257803,0.41985412328926786
random_baseline,755,0.949494767183841,7.206164233697528,0.26054470951835734,0.27357773481180553,0.38666235017092204,0.7052057,20.965828,0.3057663,0.30781746,0.15573308,54159,0.24428908824402162,13.759663708197003,0.04522160474975484,0.034239724294639784,0.23092927145273662
random_baseline,761,0.35684435998829483,21.651292107171308,0.2195723995267331,0.2309943352095781,0.3226826900009627,0.18791723,28.928452,0.46270692,0.46781167,0.23167673,73724,0.1689271274748671,7.2771594309146295,0.24313452395806914,0.2368173386700453,0.09100596246762227
random_baseline,763,0.9182491184852458,13.918804659105874,0.2992431075160175,0.3052280236489334,0.2992597045648577,0.8288601,6.4539657,0.2535195,0.2769209,0.4444916,46898,0.08938901440123093,7.4648389951959615,0.04572360225364264,0.028307108998970043,0.14523189046497326
random_baseline,765,0.5856963980973573,22.9267073762387,0.2857961062258156,0.2912503066814879,0.2030809573556034,0.11710492,23.78434,0.2717382,0.29609716,0.3858561,112596,0.4685914803326936,0.857632528546457,0.014057904846039582,0.004846852704193272,0.18277513462056239
random_baseline,760,0.6775520215487919,19.340253734233418,0.22168748755537548,0.2332709201011894,0.3144591055105342,0.9386763,8.173751,0.25781628,0.31843534,0.66513956,36591,0.26112427611585043,11.166502856853047,0.03612879733956775,0.08516442101857682,0.3506804504205571
random_baseline,764,0.6176012662407351,21.24766504953681,0.2709360364383175,0.27274258587612094,0.16619382645462483,0.030538395,27.569656,0.24240702,0.281182,0.43246186,22971,0.5870628711935473,6.321991322533503,0.02852901253160972,0.008439405224190344,0.2662680313410905
random_baseline,762,0.049711045980685174,30.9722593891022,0.9462746784242596,0.94693887873276,0.0830371622301556,0.9812449,5.1715565,0.23413822,0.24592929,0.36784026,32123,0.9315338757035799,25.80070291632388,0.7121364578756298,0.7010095928488564,0.2848030980371021
random_baseline,769,0.9826087660401578,5.431293814718273,0.21829671405927997,0.24905456037976326,0.5231786123007913,0.88633156,6.357116,0.24697702,0.26263988,0.41662005,39591,0.09627720781261873,0.9258224076633184,0.028680302270485347,0.01358531980059563,0.10655856640044647
random_baseline,767,0.2788954717798139,27.195585334519723,0.24670359208827308,0.2528905716093238,0.2468151556650756,0.058273792,25.544632,0.2265509,0.22845492,0.15778206,129342,0.22062167951296818,1.6509533765119109,0.020152685191681896,0.024435653940027557,0.08903309277693014
random_baseline,766,0.9650353610089258,10.979157489491001,0.1986570898977188,0.2169743653483772,0.46902162962058624,0.6824019,21.66604,0.4960711,0.5092071,0.32594162,102892,0.28263346548585455,10.686882931041225,0.29741401033726655,0.29223276413007737,0.14308000736335358
random_baseline,773,0.660909723486696,23.678302657203147,0.21031500238121054,0.2523940222021325,0.4776435685443902,0.52076787,24.395554,0.34825858,0.3773273,0.46659917,119873,0.14014185592154094,0.7172509316640401,0.13794358235656717,0.12493327095544504,0.011044402151110189
random_baseline,772,0.2895347199367413,27.269461008258986,0.3629782133453786,0.3643247444646011,0.15965146301958136,0.78991586,21.76208,0.41703415,0.42052573,0.2053714,103496,0.500381139762508,5.5073817693673845,0.054055935824543266,0.05620098519161837,0.04571993173387476
random_baseline,770,0.33126013893173145,25.44567569254649,0.4020517425089406,0.4230148711537997,0.319536755258606,0.6133823,21.855005,0.34501153,0.3616968,0.31182456,117298,0.28212214094116284,3.5906704282642643,0.05704021020226946,0.06131806162354153,0.007712195093200702
random_baseline,768,0.7445806873916534,16.9578253825333,0.27288955336758197,0.28366858341281814,0.34683333537341793,0.60164493,18.015358,0.29304653,0.29804865,0.22421816,97793,0.14293575416792903,1.0575325886581055,0.020156980693849913,0.014380061845131686,0.1226151754594012
random_baseline,774,0.8887087344008794,12.508675533491385,0.2066723846077088,0.22538975075150203,0.40799267500407105,0.20612553,24.561184,0.34922385,0.3544411,0.27720395,34710,0.6825832067805638,12.052508395951975,0.142551467549884,0.12905135556792546,0.13078872769839173
random_baseline,771,0.5214500543902172,28.524112408628817,0.32145670242006097,0.3247541158634591,0.23996590014821279,0.3678344,26.228338,0.20010921,0.20996815,0.38456494,117812,0.15361566518046987,2.2957741670516683,0.12134748882943902,0.11478596620144127,0.14459903601282847
random_baseline,780,0.6522818596755676,19.94563475244866,0.2043793644388157,0.2077391355573211,0.23830289279449746,0.6398945,22.05278,0.8401244,0.84324545,0.13910647,9519,0.012387374201934809,2.107145398918526,0.6357450638334317,0.6355063111246553,0.09919642542827889
random_baseline,781,0.8968926076453785,16.99789281749969,0.3144624043251235,0.3180339220864266,0.2551339482047586,0.8524211,20.508192,0.51523894,0.5205988,0.23249274,117984,0.04447150273738898,3.51029924487824,0.20077653639066628,0.2025649067061454,0.02264120328212066
random_baseline,777,0.3069880268774991,28.106570050212383,0.2175060976876788,0.22438857042820673,0.2445458905609517,0.6189152,21.972467,0.44038516,0.45807207,0.39580497,112312,0.3119271733559604,6.134102627727032,0.22287906514267397,0.23368349587886114,0.15125908089557602
random_baseline,775,0.33653188363152775,24.678697084763478,0.6736203782620359,0.6748504734320067,0.12319475764430673,0.7558086,21.024445,0.19105119,0.20548974,0.40307555,87102,0.4192767082111236,3.6542525046853527,0.4825691931309629,0.469360733656349,0.2798807883819231
random_baseline,776,0.9467141927358196,2.604308918952249,0.32178886160986025,0.32895956549206573,0.22803082509908465,0.9797903,9.041464,0.25412706,0.27075157,0.44774666,39745,0.03307607759270215,6.437154932976462,0.06766180620328982,0.05820799979725677,0.21971583918657514
random_baseline,779,0.3389732122656556,24.58724291397674,0.22746027462493842,0.23065323330970944,0.21883558546091866,0.15414824,22.994436,0.29066956,0.30404016,0.29651284,139865,0.1848249763485642,1.5928066499386553,0.06320928580749566,0.07338693044570743,0.07767725671742606
random_baseline,778,0.1750539767014152,23.821649690367376,0.22641984227730214,0.23990773097883808,0.3272150344349343,0.947948,3.591769,0.29131505,0.29871163,0.22402523,8528,0.7728940022719735,20.22988071034113,0.06489520665572704,0.05880389674294842,0.10318979985489435
random_baseline,782,0.6571940058476022,23.90187757942135,0.26901922839612247,0.3109701360049559,0.43720085280618276,0.55218023,24.239046,0.3381311,0.3438967,0.24177964,43991,0.10501377523007904,0.33716851738040887,0.06911187154322385,0.03292655102583636,0.19542121248921956
random_baseline,783,0.456599261885992,26.826023078357355,0.3489053704527019,0.3529119878643531,0.2304759038990434,0.109907046,27.197996,0.2489474,0.25129956,0.22078718,50769,0.34669221592556565,0.37197306116901174,0.09995797357827413,0.10161242779431529,0.00968872144874891
random_baseline,786,0.2975708333719194,24.609934166000894,0.21616884680994997,0.21950996053888203,0.19859618928375744,0.8162877,18.553108,0.26423275,0.27976727,0.36892626,25115,0.5187168629896224,6.056825950668863,0.04806390789738646,0.060257314317685357,0.17033006761130787
random_baseline,785,0.7688465852199277,17.994695864082004,0.25124114666673836,0.29636284757745157,0.6311877963333102,0.8632484,16.21423,0.2375223,0.2494248,0.3468818,13949,0.0944018226208011,1.78046628034177,0.013718842608663406,0.046938047300695285,0.2843059894828769
random_baseline,789,0.7180543780097757,21.309250871368548,0.36993790642740065,0.3752478703756471,0.2685018968575996,0.20286459,24.783894,0.25130647,0.25439805,0.22871582,138363,0.5151897907027994,3.4746427138365306,0.11863143221856887,0.12084982245160536,0.03978607475696028
random_baseline,788,0.9771414549085082,9.092261638610147,0.2272892055555401,0.23681368910106912,0.35194189506972984,0.46817136,26.198893,0.7820694,0.7839202,0.1551131,118781,0.5089700967999877,17.106630954773642,0.5547801794961872,0.5471065393802236,0.19682879406417564
random_baseline,784,0.8980446031039633,15.91900211634615,0.23842542082583423,0.2451050809656556,0.3253538511028586,0.98097515,3.5607574,0.30584252,0.33464316,0.4137086,131704,0.08293054795804844,12.358244717740803,0.06741709798062329,0.08953807437072442,0.08835474631878754
random_baseline,790,0.7541451379025685,16.714746604170898,0.2353227736635272,0.24374287359218183,0.328971093903748,0.8458292,10.793976,0.2341862,0.26530603,0.4764667,51574,0.09168405092113141,5.920770774092773,0.0011365713758532403,0.021563152151302667,0.14749559162977555
random_baseline,793,0.19351846707910036,28.10836134564604,0.3940558800288489,0.3963908146326708,0.1901221320931846,0.8987009,18.045307,0.34844077,0.36515146,0.39374682,54571,0.7051824258461621,10.06305418622221,0.0456151136943152,0.031239349693553353,0.20362469097924887
random_baseline,787,0.235294771893274,25.191218157524403,0.7769478613442973,0.7781490514621073,0.11774349418665751,0.8281579,13.349785,0.23719877,0.24403088,0.28638783,9668,0.592863129870642,11.841433306450185,0.5397490912980631,0.5341181735143,0.16864433678601398
random_baseline,794,0.43668953687997714,23.329614040136086,0.35700404080578557,0.3652088417831936,0.3101973017053661,0.2328298,30.245413,0.72353137,0.7243967,0.09887269,42628,0.20385974259229556,6.915798786402,0.3665273245888067,0.3591878638442478,0.21132461031246752
random_baseline,797,0.7590695604454673,18.328188919810977,0.31926593546827126,0.3215281830359032,0.15372999223351244,0.8935061,11.393676,0.25939396,0.27400625,0.3454277,81184,0.1344365492690408,6.934513115672793,0.059871975230768204,0.047521935515456415,0.19169769970298048
random_baseline,795,0.42776008552019734,20.630534471428717,0.3656368818333853,0.3847984537186545,0.3475003921589098,0.16896933,29.494652,0.79489785,0.79545385,0.08396156,103339,0.25879075234835286,8.864117323004876,0.42926097249477024,0.41065539273596585,0.2635388308366976
random_baseline,798,0.5213675481925726,23.584452906443083,0.27077619992390256,0.27951057676001534,0.30586949215979,0.8867507,14.301664,0.30862877,0.3150049,0.27876002,33584,0.365383149897027,9.28278855402609,0.03785256780490298,0.03549430843667045,0.027109476195281923
random_baseline,792,0.2809063813727109,28.41639469961346,0.3334028772529301,0.3365997294778489,0.200036014018688,0.9373911,16.300276,0.2874041,0.32877862,0.4868762,13655,0.6564847209412845,12.116118897001154,0.04599878708683819,0.007821104943241952,0.28684017569002174
random_baseline,791,0.5012510895400318,23.480616829084727,0.3774640920504383,0.37963480478042877,0.1975201983351917,0.59946287,18.974316,0.33837765,0.3460698,0.216998,98863,0.09821177724311025,4.506301185774181,0.03908643749797858,0.033564992005770566,0.019477797637441674
random_baseline,800,0.4667536188237655,25.34621731007707,0.47151559709402713,0.4758595268319075,0.21496818316341182,0.7600074,21.52298,0.3435528,0.36944008,0.43983027,19140,0.2932537626154435,3.823237573748944,0.1279627990612665,0.10641944809655596,0.22486209022640447
random_baseline,799,0.420690715688023,23.272466907200666,0.23100805142633074,0.23831910276126533,0.26103219087895707,0.5463082,22.130613,0.26028532,0.2919428,0.5216134,98409,0.1256175037448078,1.141853580174299,0.02927726647146589,0.053623702290538255,0.26058122817698165
random_baseline,804,0.030522749636365788,25.45840846519454,0.2380619398848168,0.2773254906104279,0.5600583866924733,0.34329212,23.436014,0.22104931,0.24408455,0.38102192,45792,0.31276936748246964,2.022394289779502,0.017012631107961335,0.03324093868000033,0.17903646982617083
random_baseline,796,0.7089627553282712,13.782784682658004,0.30028386285018915,0.31456416560776423,0.3931981653636625,0.9247539,13.45453,0.17261249,0.18057151,0.39268345,12017,0.21579114901438012,0.32825492038993787,0.12767137458038325,0.13399265421993922,0.0005147189563443622
random_baseline,802,0.9830747260669958,11.049733130614833,0.27815991784428024,0.2862525764287815,0.32116536970863535,0.043909617,26.439438,0.7142151,0.7172091,0.19399683,69549,0.9391651092986356,15.389704735596105,0.4360551819672737,0.4309565242944851,0.12716853793392374
random_baseline,801,0.6072134226888793,23.2990066410289,0.2419277299949279,0.2829545150412377,0.5643142913424932,0.7560368,21.14094,0.20551921,0.2449898,0.6957994,36901,0.148823395338617,2.1580669285044856,0.036408515722428814,0.0379647175682839,0.13148511900067694
random_baseline,806,0.3501439363150749,26.303396368968155,0.46743342578340924,0.5173237099227801,0.42116464773146317,0.9756968,4.10861,0.23732993,0.26804554,0.44013456,107666,0.6255528658242073,22.194786215769913,0.23010349571634686,0.24927816529845148,0.018969907369931482
random_baseline,803,0.6458175680688646,20.71580568003642,0.308136055930887,0.3120770415644132,0.2583042101753088,0.7745928,18.071827,0.28031263,0.28804195,0.28805438,50737,0.1287752487608168,2.6439787452219683,0.02782342837694718,0.02403509229225742,0.02975016666528263
random_baseline,808,0.4026036090895323,25.658027905001454,0.46130299269611685,0.463049485942038,0.17155766703652428,0.3101753,23.487408,0.2575705,0.26371363,0.24062292,69523,0.09242830944506208,2.170620220675282,0.20373248755390494,0.19933585788837282,0.0690652557416053
random_baseline,809,0.965811364240196,4.856054486925018,0.24703043916141107,0.28608392081591905,0.4032874785755119,0.87900984,9.316039,0.31491244,0.3329897,0.29915458,22608,0.08680152136757635,4.459984598463166,0.06788199923122809,0.046905771872069235,0.10413289893607708
random_baseline,805,0.8212501541282191,13.018395364192507,0.31924449887342593,0.3281089220802072,0.29028570013993027,0.84442824,13.998455,0.2684468,0.28938195,0.38597345,94805,0.023178087124680058,0.9800596834149147,0.05079769578046939,0.03872697098653349,0.09568775338179825
random_baseline,811,0.4976913903340607,18.55344201721682,0.3481528210705925,0.35084623558206235,0.19382110407728312,0.8943548,13.768606,0.20110166,0.20826755,0.33838266,87981,0.39666342991740416,4.7848358313037345,0.1470511603421379,0.1425786809412924,0.14456155726533773
random_baseline,814,0.48388792678903597,26.565954008859762,0.49000265517694364,0.4910310695776269,0.12602349160386045,0.9248006,11.521874,0.29261085,0.29581004,0.20646437,117651,0.4409126479904745,15.044079581064352,0.19739180126649747,0.19522102576582878,0.080440873520842
random_baseline,810,0.15271454360430975,22.485117230829612,0.46464087025491474,0.4655699764221042,0.12223975118517164,0.064878836,31.469406,0.75907326,0.7605523,0.11988958,85613,0.08783570733016272,8.984288897100075,0.2944323871913743,0.2949823106796414,0.0023501714718270617
random_baseline,807,0.25044367337869894,26.13057767087395,0.3184339504579895,0.47301126400319543,0.7300120027269769,0.12962247,23.602514,0.21902262,0.2332851,0.41558295,25569,0.12082119906591665,2.5280634039061773,0.09941133371394806,0.23972616473523584,0.3144290478434014
random_baseline,812,0.9450231573427806,12.758070210221042,0.19138857925260394,0.203604401499178,0.38932830348439074,0.26506937,22.355143,0.41623527,0.42139706,0.22063069,24963,0.6799537918413768,9.597072383162747,0.22484668886339337,0.21779265865669054,0.16869761302895403
random_baseline,816,0.9389473792377722,7.4944767307695415,0.25518992883369596,0.26217574723721204,0.29449623145400167,0.9064004,6.6817904,0.32303593,0.3412825,0.34834883,108480,0.03254699671900385,0.8126863789018657,0.0678459967930588,0.07910673967837634,0.053852594715965985
random_baseline,813,0.6719870710146224,20.669155143708995,0.30747214211853685,0.31760402516861547,0.33438397421607013,0.72885317,22.412672,0.40898433,0.41206267,0.23607117,97900,0.05686609508874063,1.7435168991376848,0.1015121911582118,0.09445864959220301,0.09831280483969684
random_baseline,818,0.5315805625206781,23.5285477799023,0.2355820909659069,0.24667051251871377,0.2870183867568078,0.2996049,27.161652,0.73299915,0.7363239,0.19998428,5034,0.2319756697899652,3.6331038314258244,0.4974170550187428,0.4896533805515072,0.08703410450163507
random_baseline,821,0.43412430162141424,23.085761145076987,0.19997641154925985,0.20285039580330758,0.20234372364713255,0.919111,13.938296,0.19545211,0.2457786,0.6171891,117909,0.48498671179106134,9.147464827022787,0.004524302570034694,0.04292820953860374,0.4148453856782764
random_baseline,820,0.7716070675998847,16.905668903776927,0.20681902663313895,0.21258605740626543,0.32794392311140613,0.84841263,13.781755,0.3362932,0.3413659,0.24940942,139307,0.07680556534231497,3.123913456389232,0.1294741640845582,0.1287798462096861,0.0785345008330019
random_baseline,815,0.7216042647839426,20.030822492189607,0.25411641204851726,0.26256381965761244,0.36407729365220937,0.96879435,6.4071527,0.54232293,0.56144506,0.40083265,105978,0.24719008107177032,13.623669839449128,0.2882065216253414,0.2988812377345079,0.03675535939344493
random_baseline,817,0.14472133503680645,26.459567624140803,0.27449352693424184,0.2774793515801734,0.21858278521652222,0.7450477,18.427143,0.23142125,0.24416064,0.3697407,2985,0.6003263534473855,8.032424527216975,0.0430722798095699,0.03331871432069006,0.15115790954475403
random_baseline,823,0.15446639496464878,23.176960454369617,0.2983997265711452,0.300027335943432,0.15326081380484458,0.06856524,20.088528,0.28423795,0.3512373,0.6128073,18814,0.08590115297217518,3.0884327749262575,0.014161775530877274,0.05120996111467346,0.4595464600599015
random_baseline,819,0.4162720139215956,23.897732577232677,0.3505269853446419,0.35551378635763137,0.26075865274973414,0.5337102,21.072554,0.22283942,0.23162706,0.3489993,1950,0.11743816779150867,2.8251789425891225,0.1276875702712471,0.12388672439455001,0.08824063890866735
random_baseline,822,0.8933711297443897,17.136613908432622,0.3752108240013255,0.3840991902596918,0.3116186923387421,0.60842764,19.9278,0.4346861,0.4449064,0.31795454,82603,0.28494348596844976,2.7911853164208935,0.0594752705211507,0.06080722329545346,0.0063358479139434265
random_baseline,826,0.22594520935194182,26.473323641062372,0.4912495688301213,0.4934198872967674,0.11848465919274977,0.8763121,17.15946,0.2852684,0.300304,0.3220501,86856,0.6503668676934988,9.313863573313348,0.20598117269097638,0.19311589168748394,0.20356543541174243
random_baseline,827,0.8485648391727022,16.23460716743022,0.4356152975136567,0.44690629573912866,0.3434317862774866,0.6343188,13.472824,0.3594784,0.37016496,0.27907407,48519,0.21424601058993853,2.761783070750532,0.07613688345497138,0.07674133511634118,0.06435771343965702
random_baseline,830,0.3712380051590792,17.677773509551756,0.258676748975402,0.26876389338414686,0.2958194692285538,0.45608962,26.069906,0.31231514,0.32281986,0.29118606,12744,0.0848516106627592,8.392132725189455,0.05363838721882713,0.05405596540529711,0.004633404746818559
random_baseline,824,0.668259092571092,19.91639787720187,0.26638878386859116,0.2720169695691181,0.2886420263827617,0.82145,13.168421,0.23924363,0.24505822,0.28763178,73442,0.1531909024698016,6.747977085575894,0.027145157274047704,0.02695874596396214,0.001010246473627796
random_baseline,825,0.973341995113114,6.9738559850519835,0.23659982222022416,0.24508255138955665,0.31625405915515176,0.72168005,23.357052,0.4865143,0.4933935,0.28989962,115953,0.2516619499852454,16.38319586431325,0.24991447788773177,0.24831095919050622,0.026354441721603783
random_baseline,829,0.12830832653786486,29.50304262532397,0.7641887512428622,0.7644820395232429,0.06561548792001516,0.116037734,27.270483,0.28377485,0.31920922,0.36089602,108208,0.012270592685001552,2.2325596083561976,0.4804138984901767,0.4452728214980354,0.29528053320768566
random_baseline,834,0.9659851683688369,11.234652250219526,0.21887477468390296,0.2613704149330265,0.7160848317914307,0.85356927,7.755493,0.33613673,0.35637242,0.39742056,112773,0.112415899188539,3.4791590861570256,0.11726195384125879,0.09500200108641321,0.318664276438266
random_baseline,831,0.14577313178857598,26.063888092152236,0.7121715987014945,0.7129717074672232,0.10390882435706643,0.870743,11.789667,0.24569067,0.2562788,0.30571386,100377,0.7249698448769208,14.274220962635635,0.46648092511178807,0.45669289458193874,0.2018050378236434
random_baseline,828,0.08695585504501538,22.570696714125223,0.23322936998777027,0.2604258097856245,0.5647736973569406,0.74386096,19.002542,0.38118413,0.3949169,0.32633984,51313,0.6569051049616985,3.5681542183976838,0.14795476091928844,0.13449108226607226,0.23843385646796356
random_baseline,835,0.7246966602234929,20.593856261495258,0.22107188656131532,0.22707751665228004,0.3329559422382068,0.95762324,8.153419,0.26627958,0.27977383,0.33879477,93535,0.2329265831084163,12.440437720540668,0.04520769164760802,0.05269631471521263,0.005838825618391108
random_baseline,832,0.5754934010483093,17.69882381659429,0.27831015516358,0.289450603383719,0.2695661968067023,0.2752073,20.45429,0.35408905,0.35837314,0.23320015,59088,0.300286090133316,2.7554665734203567,0.07577889632148166,0.06892253194457387,0.03636604905870883
random_baseline,836,0.8245266177420146,19.527469586367314,0.2781636232418517,0.28784851326962296,0.3047290786434213,0.75669754,21.335297,0.30074644,0.30775917,0.33883518,132823,0.06782908222718309,1.8078270444920612,0.022582817645599496,0.019910652494232017,0.03410610116233431
random_baseline,833,0.6973955985930361,23.200247463058528,0.5005499425608925,0.5016862819410945,0.1428045067514691,0.74618495,20.360664,0.34408638,0.36722383,0.29013935,133311,0.04878934651347022,2.8395830953827463,0.15646356374810255,0.13446245291010395,0.1473348405633655
random_baseline,837,0.07532975935770063,27.018500658511797,0.631469684275911,0.6327126055220369,0.09671027017661742,0.023099452,24.851406,0.22580238,0.25124463,0.48452547,17221,0.05223030710054426,2.167094561099688,0.40566730740957035,0.3814679711321596,0.38781520174911804
random_baseline,840,0.6454920973849669,19.758598667845284,0.22773491493927364,0.23718808635689972,0.2712357486451831,0.85459596,12.818325,0.24743383,0.25743693,0.3455627,94153,0.20910386180158702,6.940273625120675,0.019698911388050272,0.02024884477637054,0.07432694781172611
random_baseline,841,0.338476127957921,17.89700277694417,0.25313013912050136,0.27019608584277666,0.48429135204234736,0.9403198,11.392002,0.20249899,0.22068693,0.38673308,75512,0.6018436485771133,6.505000671231279,0.0506311518034161,0.04950915840499437,0.09755826712527887
random_baseline,842,0.9858882076432232,9.200388536512946,0.255350182976612,0.26250537635952176,0.36756258321725616,0.42115393,24.108818,0.26678827,0.26968887,0.19147865,76472,0.5647342748333934,14.908429517686272,0.011438091073146917,0.007183498123586762,0.17608392847501525
random_baseline,838,0.3709553876004633,21.60229726865604,0.2590272657439646,0.26640295741676784,0.28175550844349745,0.24263473,29.519373,0.3755339,0.38105866,0.24563609,96556,0.12832065904955237,7.917075671407435,0.11650664286161094,0.11465570571303868,0.03611941780724409
random_baseline,844,0.10549937912267099,31.43348307062273,0.6583000299407573,0.659460341515963,0.1296055100111831,0.9100607,10.393353,0.286794,0.30920726,0.3957936,105476,0.804561324631754,21.040129608403493,0.3715060231162639,0.3502530809072899,0.2661880769581925
random_baseline,839,0.8527545005926152,14.234686895109057,0.28346634692710476,0.3059832004222546,0.40856838050097033,0.2578966,29.48286,0.46107107,0.4671623,0.29477265,112066,0.5948578984388371,15.24817367007649,0.1776047270818369,0.16117911065486334,0.11379572572916552
random_baseline,847,0.8428492094409126,16.220542632007202,0.3686123996477581,0.37241388294402783,0.2370914183891413,0.8719783,16.817831,0.40870753,0.41162083,0.17925122,763,0.029129073487554225,0.5972884074215088,0.04009512965865364,0.03920694258507068,0.05784019458657477
random_baseline,848,0.9692929631855229,4.747307540175136,0.49417919201944216,0.4991547420894754,0.22325022412108603,0.9689312,6.4305224,0.21282059,0.24809673,0.4241049,98085,0.00036176506540575026,1.6832149016888778,0.28135860247705324,0.2510580078041208,0.2008546750469285
random_baseline,843,0.9809212088542708,3.0892317481638756,0.2890441488133771,0.3092281391921456,0.3638594428093732,0.08487059,26.376263,0.23114471,0.24115999,0.3760051,68485,0.8960506170945891,23.287030916631046,0.05789943743814058,0.06806814876226736,0.0121456703154742
random_baseline,850,0.36435475685794044,22.453302918666687,0.21468608265195538,0.2196574165579771,0.2687481944819317,0.047785092,20.421333,0.2386911,0.24166697,0.18106031,25487,0.3165696647127359,2.0319696056784053,0.0240050237866814,0.02200955607919941,0.08768788030346492
random_baseline,849,0.21175345705112178,24.237808095835707,0.24539384446662715,0.2694019249510192,0.4717254743867483,0.49768242,21.569908,0.3615298,0.36397612,0.18985586,24340,0.28592896534839907,2.667899953745863,0.11613595284897038,0.09457419599777228,0.28186961570316216
random_baseline,851,0.898481400723222,8.273142718746492,0.4896969622807534,0.49980703795035164,0.21278111965601376,0.5376436,22.182491,0.31847245,0.32773072,0.32324842,38153,0.3608377892921002,13.909348583743743,0.17122451726961446,0.17207632267554085,0.11046729652936527
random_baseline,852,0.9465014426104267,8.887281610433128,0.22283903360353785,0.2541324175118783,0.623702474996378,0.8715715,19.498686,0.2766986,0.27976802,0.20913611,84489,0.07492996138255192,10.611404226358864,0.05385955572141332,0.02563560240274876,0.41456636147194104
random_baseline,845,0.8944108726193933,7.208983174641055,0.27687395958224337,0.2878606442937786,0.2663395735004553,0.97957665,11.570315,0.23809479,0.24375604,0.32002947,9679,0.08516577466225339,4.361332186381894,0.03877916781226198,0.044104603363030626,0.05368989384382877
random_baseline,853,0.8919152663418533,17.951100451535794,0.20071580586385565,0.21304901799079018,0.3498606509678042,0.65079284,16.507944,0.32262996,0.32648203,0.21391085,103868,0.24112242919890892,1.4431563444801299,0.12191415252733392,0.11343300977829857,0.13594980306550625
random_baseline,856,0.9829587047961779,3.304952683555605,0.30991889000287315,0.3382388071569695,0.4922049458346612,0.8733641,16.79779,0.35745344,0.3625271,0.236621,80368,0.10959461387668323,13.492837843788145,0.04753454565653542,0.024288295075009847,0.2555839385113961
random_baseline,855,0.8869393489550615,5.29647336271649,0.2899935074245493,0.2963121918576818,0.24101197276075972,0.9745138,11.792207,0.1928191,0.23915985,0.859066,106438,0.0875744797993635,6.495733401504701,0.09717440382595466,0.05715233959137017,0.6180540367607247
random_baseline,846,0.2786096281216054,23.439316254708352,0.2056353213506711,0.28509137730537515,0.903858095020477,0.8340922,14.111992,0.24512175,0.25166106,0.23655048,67264,0.5554825716807933,9.327324372384133,0.039486425904654204,0.03343031506477456,0.6673076148931424
random_baseline,860,0.9872174144033399,5.919273243159914,0.2224645117952151,0.2559326386259044,0.45259627929198926,0.5321997,21.54472,0.2217561,0.24355926,0.5441949,65042,0.4550177335981336,15.625446452885008,0.0007084111406130411,0.01237338242988234,0.0915985978556853
random_baseline,857,0.6586299888154241,22.24396972844203,0.37799913744137403,0.3810225873676185,0.22689060013995457,0.78526163,21.334183,0.25739732,0.29212683,0.4256872,109773,0.12663164219653877,0.9097869891842159,0.12060181359455702,0.08889575297507091,0.19879659373058986
random_baseline,854,0.6585308684862833,20.54787897399745,0.23328173009263892,0.2441277634452278,0.36337461819923345,0.8876563,10.761479,0.28764525,0.34105346,0.48721147,115659,0.22912540297138884,9.786399596250867,0.05436352046621423,0.09692569262281114,0.12383684763633784
random_baseline,862,0.9834383324274109,8.60644228509306,0.2823168050340632,0.3387641781346832,0.6972148928582902,0.96783715,5.3407044,0.34122813,0.35134906,0.26815268,1760,0.015601177562145963,3.265737844022503,0.05891132244549002,0.012584877632376146,0.4290622088849778
random_baseline,858,0.3098291697967365,24.214430181074075,0.2048527500351178,0.23400241591299895,0.5480845313927246,0.16059752,27.687346,0.26097617,0.26410007,0.20385943,91162,0.14923165171030311,3.472915323686667,0.056123415497948,0.03009765885506746,0.34422509786096345
random_baseline,859,0.8290498492981377,19.27766534977322,0.27326153289867183,0.2866488568286869,0.4867593009551216,0.5559053,23.325321,0.23602277,0.24346922,0.26402178,72703,0.27314456680073174,4.0476558477365465,0.03723876249385616,0.0431796334485981,0.22273751688796767
random_baseline,864,0.1521075218956122,29.336236342127012,0.4078706133278695,0.40868879320795587,0.10736836470589187,0.577371,23.826012,0.49060604,0.4929011,0.1822986,40212,0.42526347934797915,5.510224684412169,0.08273542643462745,0.08421229359929511,0.07493023596778367
random_baseline,865,0.7858695336561385,14.877453705733274,0.2755818581508948,0.2800255892094037,0.210850424738647,0.89458567,10.572203,0.2187717,0.22154397,0.18599872,53188,0.10871613538454139,4.3052510232381564,0.05681016206019657,0.058481621485557245,0.02485170182776597
random_baseline,863,0.6441769414380077,21.59378399325311,0.35727774435093684,0.35985194511972673,0.19375746191419368,0.745625,12.435984,0.27666467,0.28635707,0.37367424,53442,0.10144807763547858,9.157800335416194,0.08061307006886287,0.07349487014375933,0.1799167817743897
random_baseline,861,0.45942245375526847,19.21994339857437,0.2409402219165352,0.2731310551476795,0.409319514944727,0.63611805,16.0313,0.33280832,0.33821538,0.24677224,26042,0.17669560063468515,3.1886438075099157,0.09186809383740158,0.06508432575937922,0.16254727037208755
random_baseline,870,0.1515224941381855,28.146910786835214,0.4020374475257192,0.40821195582848735,0.1856145651644528,0.23206744,19.466583,0.23896624,0.2526363,0.34351712,103587,0.08054494184165764,8.680327534882089,0.1630712060467992,0.15557564239007182,0.15790255948840975
random_baseline,866,0.4744552839433645,25.18639196561767,0.3564610163186666,0.3740313774642111,0.326813684960194,0.09639364,21.741287,0.29655087,0.33723298,0.46968248,53352,0.3780616465842222,3.4451047341723573,0.05991014637695519,0.036798400312340385,0.14286879990499463
random_baseline,868,0.016490223688355274,25.68901993127116,0.23457675732536046,0.23847986104177366,0.23104781491389034,0.6977721,17.757969,0.28206044,0.309761,0.33477402,92641,0.6812818619783012,7.931051028683271,0.04748368702965053,0.07128112671686282,0.10372620242009403
random_baseline,867,0.8704711319443992,15.469163051385841,0.21757469367580617,0.22435046033391867,0.33272848714175224,0.5189391,21.543842,0.21915656,0.27205864,0.7483968,128051,0.3515320540902427,6.074679264287987,0.001581869606206765,0.04770817561616983,0.4156683267277241
random_baseline,875,0.9113670023221031,6.07304100461387,0.2730495855484413,0.2782348268363639,0.22027441222794736,0.650819,20.257727,0.4958973,0.50141823,0.24661198,73112,0.26054799874010237,14.184685664697653,0.22284770754237904,0.22318340608142173,0.026337570356052276
random_baseline,869,0.3762717603501577,26.01834144971113,0.2585386682148575,0.2644236413820608,0.275499559317106,0.053153414,31.729973,0.7333999,0.733961,0.07738414,115293,0.3231183460709352,5.711631389644339,0.4748612594012619,0.4695373447553293,0.19811542269992233
random_baseline,871,0.10101295761217166,23.019923265169055,0.27833175271374905,0.2962940025890053,0.30374146783936806,0.90638757,16.068407,0.3106837,0.318732,0.33904532,2051,0.8053746099079699,6.951516206453235,0.03235194474833286,0.022437990847808065,0.03530384814154319
random_baseline,872,0.15945753492639292,24.97620287391817,0.18979774225558116,0.19663976207276773,0.2920935158658314,0.5073852,13.901996,0.2419418,0.24626032,0.23392703,24942,0.3479276593752123,11.074207215043657,0.05214405249749349,0.0496205531070571,0.05816648947480202
random_baseline,874,0.9810061442996701,7.358443577128504,0.2091387688958271,0.2428948835041695,0.584087076383252,0.85354733,19.06421,0.4626057,0.46555114,0.19158868,76273,0.12745880962864964,11.705767314595128,0.2534669459021465,0.22265625442002485,0.3924983914667557
random_baseline,877,0.7517184818264371,19.918104041090235,0.24364842426261224,0.24939214598512707,0.2415996056945774,0.342903,26.628868,0.39753038,0.40638548,0.25310308,115365,0.40881549363101777,6.710764061937109,0.1538819526485511,0.1569933353724474,0.01150347171707422
random_baseline,873,0.32718032987921114,21.384751177817936,0.2223667121055727,0.25667228805561876,0.5502944080400286,0.99382055,3.8106523,0.26952228,0.29201302,0.48818466,134292,0.6666402181783451,17.574098921805973,0.04715556739538859,0.03534073126773024,0.062109747366887125
random_baseline,880,0.29245029608271417,27.407438300744218,0.3027402100716405,0.30526576025796803,0.2058927334386303,0.6515215,21.068537,0.32093278,0.32567686,0.2018101,52668,0.3590712078426093,6.338901542321366,0.01819256566421462,0.020411098167172348,0.004082626803536604
random_baseline,879,0.5963250702727916,19.271730847889792,0.20520032900786625,0.21555968851873653,0.3921272913988535,0.061811052,29.63626,0.6677872,0.67281103,0.25139996,77374,0.5345140180100085,10.3645282310897,0.46258686524414794,0.4572513428228162,0.1407273273046915
random_baseline,876,0.9753648116721874,10.448086691095668,0.24146409428142712,0.25219656930935835,0.33693358933730133,0.6937452,22.419998,0.2567039,0.26568314,0.27450764,26521,0.28161961580655626,11.971911477849645,0.015239818930395388,0.01348657502162004,0.06242594754500397
random_baseline,883,0.5516331927180446,24.171546632519686,0.4552337776301768,0.45825741513981166,0.19034283799984694,0.42081887,26.239532,0.23760197,0.24084072,0.20013571,67472,0.1308143274188197,2.0679858381834393,0.21763181196435955,0.2174166969896728,0.009792869855377667
random_baseline,878,0.6236085111201963,21.233631529036902,0.3909441152767829,0.39469938742973865,0.24442996311029191,0.27372476,24.000326,0.20137854,0.21115078,0.39044908,102324,0.34988374653470133,2.7666946275793087,0.18956557607218544,0.1835486071095711,0.14601911378065352
random_baseline,884,0.3212289190165098,24.716982496113815,0.3203815255407282,0.32823973701590337,0.23835744176239426,0.017825283,26.125927,0.22655857,0.2361176,0.2730388,52898,0.30340363590636804,1.4089444753217322,0.09382295944728336,0.09212213562125005,0.03468136276870315
random_baseline,885,0.18484690674305357,23.87972331346373,0.2010760868672317,0.210978686717168,0.38097883673488603,0.9488196,4.9630165,0.24212018,0.24945453,0.25098795,84999,0.7639726709508856,18.916706803453966,0.041044089686494506,0.03847584137617002,0.12999088974773393
random_baseline,881,0.13296571220033437,25.429348767978052,0.3153529858808145,0.3197327360893538,0.20548029997334735,0.8444077,8.516929,0.24276932,0.26099914,0.34991148,19298,0.7114419654501173,16.912420095187525,0.07258367004200073,0.05873359296572711,0.14443118116869672
random_baseline,886,0.0925499742857443,29.938961219583174,0.3037514969975279,0.3401629014291749,0.4353432164911898,0.350924,24.36004,0.23318832,0.28073177,0.5937065,101521,0.25837401095709933,5.578920554910322,0.07056318077152235,0.059431134013174514,0.15836327211812418
random_baseline,882,0.7882583353622058,18.01707765306019,0.25698491894519265,0.2780596011468616,0.46826395374361907,0.9206972,12.252737,0.29845813,0.30658802,0.27705142,62663,0.13243887685703248,5.764340607772105,0.04147321022236411,0.028528422754124094,0.19121253472391997
random_baseline,887,0.16570950575924348,27.61089819440424,0.6029264295879928,0.6059014379432522,0.19813136733103695,0.19161612,26.645922,0.21861313,0.22262764,0.22896549,92906,0.02590661219501067,0.9649764872509188,0.3843132967535583,0.38327379817274443,0.03083412372540531
random_baseline,891,0.5256791092885692,24.69333190827652,0.3115340787968729,0.3147335594363588,0.24401543723732955,0.42245373,27.07853,0.3918988,0.39852232,0.27256495,136587,0.10322537799012255,2.385197449633637,0.08036473206662198,0.0837887579731566,0.02854951036780351
random_baseline,889,0.969326318740795,9.794696186615774,0.1937916504738293,0.20256139521949845,0.3519125412779308,0.9641086,8.87326,0.24907732,0.26304534,0.33602992,54182,0.005217732429454669,0.921436642243215,0.05528566962504766,0.06048394555694503,0.01588262427620657
random_baseline,890,0.18309693105851146,22.794065217166672,0.3646363863517274,0.37852864531471714,0.3043940702607295,0.4862936,18.252342,0.33568993,0.33775452,0.17704211,93721,0.3031966828521636,4.541722993045578,0.02894645424380199,0.04077412752106174,0.1273519585063121
random_baseline,894,0.5729588971555529,18.461499473514035,0.1878453060009358,0.19120849804918424,0.25266470728906804,0.2633009,24.253426,0.19633445,0.23374833,0.6281728,50398,0.30965800146463496,5.791926124630496,0.008489145436060663,0.04253983361680849,0.3755081075569708
random_baseline,888,0.20359512693077103,24.24823982041473,0.3812128032354501,0.3831148676351719,0.14328795536111916,0.7331022,15.036664,0.409893,0.41562188,0.29244965,61784,0.5295070754846953,9.211575811320493,0.028680202850899394,0.032507009081441884,0.14916169778753197
random_baseline,893,0.7001207277256173,23.32831933900088,0.2584375154479897,0.26056333714242913,0.21541292615765503,0.6609482,21.936636,0.19643714,0.2357703,0.6441909,102203,0.03917251081048667,1.3916833679315452,0.06200038010920644,0.024793037111720817,0.42877798132067746
random_baseline,892,0.8317054136944623,20.3059127653188,0.2953665171739172,0.3074181456867521,0.34505842550019367,0.48899835,24.991411,0.80181074,0.8022883,0.0826577,44451,0.34270706021316955,4.685498443787644,0.5064442242506433,0.4948701481517489,0.2624007232330237
random_baseline,896,0.8173763367401353,18.851588227723845,0.23481674229977376,0.24829611355589495,0.36870466478058467,0.9502686,8.629272,0.2138359,0.22741826,0.41195667,130104,0.1328922894729384,10.222315766786345,0.020980847238280836,0.020877854769693477,0.04325200311950078
random_baseline,895,0.2920225176173902,19.865567271277634,0.3265266563565736,0.33083132485982725,0.23344629938749192,0.1413921,24.822742,0.21169795,0.23587182,0.5546853,89024,0.1506304207402921,4.9571751908805695,0.11482870539736795,0.09495950321790525,0.32123899524065136
random_baseline,900,0.3724126358752736,28.143777496143027,0.6396418876975173,0.6437171467995753,0.20091657121647763,0.7316212,19.277857,0.6905189,0.6919804,0.1038763,52511,0.35920856993145855,8.8659206693608,0.050877027955711474,0.04826327474354608,0.09704027106036114
random_baseline,901,0.8053286248341797,11.973825715872927,0.36332872694215296,0.36690575667211534,0.1939913146553161,0.64228195,14.925413,0.2727037,0.2867194,0.40805823,100861,0.16304667531406858,2.9515874158409403,0.09062501972398279,0.08018634506055833,0.21406691145323492
random_baseline,897,0.5922776109904766,22.344422792006352,0.2022806841880322,0.23799020581814972,0.5779462723520987,0.12520073,27.29738,0.3038398,0.334308,0.34787557,2777,0.4670768774480343,4.9529576553813435,0.1015591185539722,0.09631779260065826,0.23007070706164767
random_baseline,898,0.9782464866130763,11.992277364481602,0.5104986096979844,0.5172217716632319,0.347601289863579,0.26709038,26.192656,0.39399448,0.40058836,0.23450056,41400,0.7111561064212734,14.20037819887289,0.11650412932650922,0.11663340825418955,0.11310073267935966
random_baseline,899,0.6886296362649212,17.70379547731914,0.2405563130747124,0.2557055589070189,0.5428283710069841,0.319169,25.13501,0.3804939,0.38441417,0.27467406,124523,0.3694606215726147,7.43121428830586,0.1399375960458473,0.128708607305063,0.26815431304647386
random_baseline,905,0.3999763292792175,21.841782893934262,0.28213023259949604,0.28644257298025916,0.21528716998996206,0.69967145,22.643763,0.5616817,0.5639726,0.14573354,44605,0.2996951179978516,0.8019796945667146,0.2795514552323826,0.27753001937356164,0.06955363470019765
random_baseline,902,0.25513022851941214,23.78691553995151,0.22718855296182588,0.23307472660529321,0.2681963917143816,0.92528313,10.389412,0.26914302,0.2810756,0.33944628,60811,0.6701529054641999,13.39750361368198,0.04195446218442961,0.04800087020409399,0.07124988471193372
random_baseline,903,0.20951521077074925,29.70479191086921,0.27004576089481613,0.27156735805180027,0.12564228267980285,0.7650523,20.311796,0.44187534,0.45800036,0.43461862,133936,0.5555371078022489,9.39299572251472,0.1718295776595662,0.1864330038676028,0.30897633938478763
random_baseline,906,0.4441868230809653,28.224836841632104,0.36591425605875016,0.36829607765234745,0.19877000945760145,0.7914802,17.64273,0.2691887,0.30782408,0.6656633,126199,0.3472933605204141,10.58210612874148,0.09672555395227433,0.06047200243033207,0.4668932924871312
random_baseline,904,0.5186480502820676,22.93370330275451,0.29261582155932775,0.30940850287446203,0.3348014277768494,0.48038563,22.155483,0.19206777,0.21685629,0.5104086,10666,0.0382624189592069,0.7782200569048996,0.10054804940928808,0.09255221694478216,0.17560715252634274
random_baseline,911,0.5863672179973414,24.697410291282274,0.4121401776411027,0.4140772829955032,0.20696961285835438,0.9524215,13.368615,0.23082398,0.25026196,0.38930023,59237,0.3660542683803747,11.328795140830614,0.1813161988594026,0.16381532058171538,0.18233061430686778
random_baseline,908,0.6824455579549374,23.34751482841679,0.22561216155873148,0.23016518290688215,0.24947769455729663,0.937046,13.042496,0.25015235,0.27515495,0.4343688,52149,0.2546004334658084,10.305019100877729,0.024540187913314415,0.04498976532767596,0.18489109463871778
random_baseline,912,0.9209151811906537,9.280082173286672,0.27052121265394763,0.277539666287078,0.267580218730475,0.5643141,22.478079,0.26913533,0.28150517,0.42108068,118467,0.35660105422226995,13.197996668876414,0.0013858865068681614,0.003965501197205457,0.15350045997092576
random_baseline,907,0.12113842071248113,20.66625360735067,0.21108803219187663,0.22298621288061496,0.28103419935186197,0.30423313,21.457003,0.19765507,0.22261463,0.5138273,63436,0.18309471308039607,0.7907490324198392,0.013432965344075426,0.00037158182382937555,0.23279312456171225
random_baseline,909,0.2529499487207218,23.44371525381661,0.39124255431149774,0.40402827232321215,0.2691373807877871,0.9067012,14.220901,0.22612058,0.2293623,0.21165399,762,0.6537512584402279,9.222814718233113,0.16512197804902368,0.17466597824533892,0.05748338825410332
random_baseline,915,0.20530182538934802,28.419415002599152,0.2949193609034577,0.30163887422463476,0.27496009953211803,0.79990005,19.064789,0.24423046,0.263869,0.46965408,138145,0.5945982295422926,9.354626184239777,0.05068889680262001,0.03776988666436254,0.1946939837198351
random_baseline,913,0.869422033340063,7.927288243663668,0.2493518961237963,0.2613202831114671,0.29596836727073983,0.6933662,20.204279,0.2957316,0.29875898,0.20201619,133559,0.1760558038059138,12.276990702259184,0.046379707975477386,0.03743870050059345,0.09395217757633523
random_baseline,910,0.23712188580614124,26.34286359933585,0.5368238372845539,0.5399890892367107,0.18706161800940269,0.36828646,21.711596,0.30979657,0.31346068,0.17294703,39285,0.13116457483190502,4.631268064057529,0.22702726555298647,0.22652841137454338,0.014114583769633704
random_baseline,914,0.6625907856349533,18.024261002979696,0.45163358343827226,0.4577919055509147,0.23891135481040504,0.27560154,27.171581,0.28137264,0.292628,0.311852,69483,0.3869892495994156,9.147320265330851,0.1702609468816469,0.1651639153050956,0.0729406532939193
random_baseline,919,0.16462555365805404,24.768042315081974,0.42446822777360355,0.44747204479384445,0.3539376712637338,0.55046326,21.28202,0.25466776,0.3815084,0.77048755,51180,0.38583770556206926,3.486021746234318,0.16980046883195316,0.06596363481688522,0.41654987565704255
random_baseline,920,0.49529083496068743,19.866544236523772,0.3352110647712868,0.3489704017344609,0.34974119205042026,0.34522092,19.425344,0.2902765,0.3118679,0.37322077,57088,0.15006991153692034,0.4411997693606864,0.04493456716882405,0.03710250899230394,0.023479579500711945
random_baseline,916,0.9789332224178521,3.0879752251700765,0.2949480330634954,0.3697806270109301,0.6192810288038935,0.9726848,8.115215,0.21439141,0.2296534,0.46081564,38619,0.006248421793004666,5.027240076343595,0.08055662271269581,0.14012722384797388,0.15846539050013675
random_baseline,921,0.9761393956716113,10.462657232618767,0.24949285611151137,0.3066406882385414,0.7863052050879112,0.95348847,9.310511,0.26995516,0.27849934,0.33283037,79504,0.02265092654777101,1.1521465972427904,0.02046230212213121,0.028141353187958518,0.4534748356154076
random_baseline,923,0.9719891462409228,8.890409039438957,0.19529014922385485,0.21389016741422806,0.44657069604946115,0.9584068,12.775544,0.22926243,0.2377723,0.34893048,29896,0.013582340248796343,3.8851351271259844,0.033972277271697215,0.023882133425196073,0.09764021795345285
random_baseline,918,0.9360639297120401,13.384267971147587,0.3243873389219486,0.33591366791588895,0.41728364812869306,0.89234406,14.094269,0.23430258,0.2724958,0.5058347,43340,0.04371987215207307,0.7100008276805383,0.0900847585653507,0.06341786169869534,0.08855105054836993
random_baseline,917,0.4066909442786383,20.046426201904186,0.24788584349374568,0.3029061762592451,0.6733682144983341,0.98416114,6.6782737,0.23772535,0.25999463,0.5395078,72648,0.5774701942559076,13.368152524078258,0.010160496213243358,0.042911550214018046,0.13386040819721712
random_baseline,922,0.9428268012077531,15.47906249457536,0.55141009816323,0.5551014486237982,0.21414982751500636,0.36817273,28.30994,0.54987913,0.5559186,0.22626477,40239,0.5746540662319383,12.830877843559406,0.0015309644619054819,0.0008171257093927409,0.012114947284340566
random_baseline,924,0.7201699780840515,22.324074328362354,0.3528623402078081,0.357497885717092,0.20481886252429068,0.7681941,19.173077,0.34699196,0.3536294,0.34229916,138967,0.04802410131505741,3.150997698723682,0.005870383973829829,0.0038684754502157914,0.13748030081723153
random_baseline,926,0.7739600538646467,22.778982754950714,0.5198651176989887,0.5229317858639956,0.20327471937815578,0.29377827,22.710182,0.6261268,0.627213,0.11448529,112163,0.48018178338162976,0.0688005650093082,0.10626170811049007,0.10428121538722512,0.0887894257513705
random_baseline,930,0.9155832088389516,15.432461238413516,0.2557514916190583,0.26055193350810474,0.28940640058754047,0.96003556,9.013746,0.2769589,0.2871578,0.3111648,138672,0.04445235367630718,6.418714976816837,0.02120742099194939,0.026605870265775267,0.021758395764846006
random_baseline,928,0.9879149791440569,6.321833184601672,0.3175616305303115,0.3846168047414654,0.6476354553064047,0.9796422,5.790053,0.2850356,0.3373104,0.57048786,70155,0.008272766753157246,0.5317802938240845,0.03252602033133689,0.04730640115603146,0.07714759844147545
random_baseline,929,0.652638240158512,20.882585742001794,0.25105588394917033,0.2546586719847817,0.2529709848368111,0.42345348,21.559727,0.3755888,0.618945,0.8331574,40510,0.22918476015324774,0.6771409730860967,0.12453292053424336,0.36428633057106546,0.5801864353215751
random_baseline,925,0.2379071497204027,29.151517177316993,0.6308054043050739,0.6339363728871821,0.1517394517931288,0.2922149,29.64516,0.5304479,0.53441167,0.2168727,117608,0.05430775053480055,0.4936434977318349,0.10035750400981636,0.09952470410971626,0.06513325521618668
random_baseline,927,0.375241522066164,22.073173909655328,0.2223478715061994,0.22725392078842743,0.2368560152535291,0.6032759,17.84656,0.19881113,0.20207034,0.21257631,122448,0.22803437305254937,4.226614385119195,0.023536742770657093,0.025183580274244388,0.02427970044659092
random_baseline,931,0.7684182322310531,19.971831991529598,0.4689913554618122,0.47730619584946044,0.3297063289210576,0.5821299,22.811275,0.2210041,0.22572014,0.24069737,111728,0.18628833654394983,2.8394434906481365,0.24798725680801886,0.25158605849174864,0.08900895994160357
random_baseline,933,0.5486208556542589,19.142818289984955,0.20800047292959323,0.20989246779888404,0.178526434766473,0.39827037,19.743946,0.25387603,0.30252802,0.56595707,22533,0.15035048707820908,0.6011277854544979,0.04587555751550565,0.09263555592090356,0.38743063463049965
random_baseline,932,0.34031271290869713,26.260300550568854,0.35661711736152274,0.36351124486604997,0.2424114981105253,0.6481691,18.81404,0.2956493,0.30428904,0.30844465,81374,0.3078563873758793,7.446261320222174,0.06096782727668387,0.05922220191637345,0.06603315087056907
random_baseline,937,0.9165182353701259,8.74303980343685,0.25812521123818283,0.27011527316373724,0.2945456114570417,0.4935942,20.449076,0.27239332,0.27420944,0.17110798,20756,0.4229240359511043,11.706035895415688,0.014268104792319491,0.004094166590748849,0.12343763382833384
random_baseline,936,0.9894972858340844,4.875210495862355,0.22226321673859184,0.23381735440396517,0.3716958617838981,0.7122578,16.15376,0.32974997,0.3358979,0.30678007,114564,0.2772394833476647,11.278550414171825,0.10748675488959725,0.10208053830958158,0.06491579171744605
random_baseline,939,0.9497366678680078,5.105897457244303,0.271742617855798,0.28550373270744783,0.3662782318811842,0.7475401,17.135298,0.23057887,0.23787525,0.29825774,60156,0.20219655155788818,12.029400318024251,0.041163748274575473,0.047628479745335406,0.06802049352936229
random_baseline,941,0.1406586980206537,25.23227426937682,0.251400542574313,0.2677911850302109,0.3688445037931887,0.69275993,11.825057,0.31477907,0.32326886,0.23546235,4612,0.5521012330668402,13.407217239652699,0.06337853042564123,0.05547767554832611,0.13338215115971247
random_baseline,934,0.4900999855402882,21.738203171684656,0.6623935676176733,0.6639613101570575,0.12561703603632016,0.9595471,9.739053,0.3211356,0.32575026,0.22983202,78734,0.46944711691103624,11.999150399162684,0.34125795727564756,0.33821104861187623,0.10421498734586673
random_baseline,938,0.29672252544773803,23.87444449149643,0.2099181839444293,0.22103847051103018,0.4948458221839156,0.54899615,22.752865,0.25121728,0.26598427,0.38069707,31889,0.2522736250458838,1.1215796538499454,0.04129909191349612,0.04494579648535349,0.11414875063163898
random_baseline,935,0.8645227193844276,17.073662228583785,0.20882106869057598,0.2335344418850664,0.49097634566579157,0.90963435,14.774024,0.39075086,0.39853978,0.22460996,95851,0.045111632345919084,2.2996382188791955,0.18192978651686725,0.16500533968536818,0.266366389520505
random_baseline,943,0.5690539329885432,20.24666310076072,0.2673543203514701,0.2722844036705687,0.24099022727073965,0.97834504,11.321638,0.3334958,0.34195074,0.30408514,33123,0.4092911035181096,8.925024993460916,0.06614147537530601,0.06966634071991895,0.06309490818916025
random_baseline,940,0.4857275184494711,14.589596436290385,0.2726813372848447,0.29142916675281283,0.4112004149213885,0.034491178,21.069416,0.3197381,0.34318835,0.31456754,100972,0.4512363408011652,6.479819609852193,0.047056752753454834,0.051759178679468665,0.09663287880574212
random_baseline,944,0.651129444452109,24.653342188842792,0.6191457397019783,0.6205994651383813,0.1565570196876661,0.38895562,22.45186,0.33418542,0.3394896,0.24024624,63373,0.2621738215406557,2.201481760986347,0.2849603182351509,0.28110985613531425,0.08368921663664419
random_baseline,946,0.8899798191052263,15.702144900622251,0.2933606510005955,0.32775826896847365,0.6220689352005201,0.25230572,22.778788,0.28079793,0.30474338,0.4330975,70399,0.6376741028290575,7.076642712292788,0.012562722428894446,0.023014889613996725,0.1889714236705976
random_baseline,942,0.8286180947424007,9.92174600277567,0.29228428318513644,0.302424066420273,0.35611587695969527,0.17161937,27.450245,0.30578044,0.30876613,0.16015938,33462,0.6569987241626811,17.528498900788783,0.01349615738378751,0.006342060212417455,0.19595649771584456
random_baseline,949,0.9189953627102325,5.257738243980107,0.27868022400422676,0.2982569319843626,0.3522581588625708,0.8047017,19.57317,0.40438575,0.40835792,0.2711665,21079,0.11429367680477598,14.315431464271846,0.12570552152113335,0.1101009862781191,0.08109165543315794
random_baseline,950,0.0979134291661088,31.43328859074206,0.7772163666729063,0.7778671371516187,0.07876156293186488,0.8506357,17.036924,0.24177907,0.26218128,0.4030643,83613,0.7527222782122787,14.396364228559442,0.5354372926000684,0.5156858551081617,0.3243027476188248
random_baseline,945,0.7915310484189593,18.080992953552066,0.2079744667422055,0.23563162367204094,0.4440066201617075,0.9815074,6.5414824,0.22938833,0.2766466,0.6662839,67724,0.18997637212089669,11.539510504974185,0.021413859664273394,0.041014990402666096,0.22227728534442653
random_baseline,948,0.06904496148206968,27.279296057402753,0.2614416635633706,0.26382171066175875,0.15384955853199908,0.82101154,10.389992,0.39539912,0.40065783,0.19587244,30393,0.7519665817918562,16.889304297148847,0.13395745986688146,0.13683612196076933,0.04202288240218213
random_baseline,947,0.29630902789956787,19.984482560247994,0.21234177962846604,0.21467175788402873,0.21052715674239011,0.9804085,8.046389,0.27094376,0.35258675,0.7262613,70753,0.6840994618045642,11.93809393414936,0.05860198124342117,0.13791498833179158,0.5157341609875599
random_baseline,951,0.013654418653172825,27.63653792663474,0.19791300454679683,0.20398315020322794,0.25555992800133276,0.27722174,27.01156,0.75704265,0.7580726,0.1266458,14927,0.2635673206389719,0.6249774865712645,0.5591296418612842,0.5540894644665719,0.12891412454979467
random_baseline,954,0.9681980318256427,7.667811548605741,0.2079239641410975,0.24543934098638448,0.6126089542121619,0.17678416,23.257652,0.25689152,0.26303113,0.26592356,110804,0.791413874072652,15.589840734109103,0.04896755469015554,0.01759178408228007,0.34668539454648195
random_baseline,952,0.8589928414819058,15.225246427754534,0.2259879166082742,0.2416648487170323,0.471383247621798,0.7258901,19.339994,0.18591307,0.19534288,0.36535096,66599,0.13310274147961698,4.114748002787458,0.040074845571935386,0.046321965249358055,0.10603228593661734
random_baseline,956,0.8591152268278471,20.116085628821462,0.22340457187577042,0.23826281493925214,0.37446202266142686,0.89216834,17.034542,0.3264587,0.33026856,0.22967462,116110,0.033053116239322056,3.081543545081228,0.10305412067488876,0.09200574690080524,0.1447874002449306
random_baseline,953,0.07719175631067958,25.929342950966216,0.22804840912324598,0.23660247450157218,0.3530955222209565,0.13044788,28.727377,0.28851244,0.28985053,0.14224637,35027,0.05325612312295232,2.798033986899995,0.06046402941244433,0.05324805850700326,0.21084915667377635
random_baseline,957,0.9132300910074086,12.023494638474986,0.23864909636994358,0.25234202673340433,0.3888718704448723,0.8737547,10.102742,0.36118668,0.38821444,0.33712333,112198,0.03947541085070083,1.9207524433455916,0.12253758680800442,0.13587241242026693,0.05174853603706592
random_baseline,955,0.8561885681518904,11.69607574552073,0.2423071780950228,0.25497817547084795,0.3351073231445896,0.106921494,25.175964,0.23720576,0.25686738,0.43085557,20639,0.7492670741447798,13.47988860994802,0.005101419404188762,0.0018892034792710732,0.09574824907907376
random_baseline,960,0.5452624240432923,18.552464827782067,0.24752192867710965,0.24983811730449215,0.16479584804587058,0.8562495,13.823387,0.25637937,0.279719,0.53630334,129166,0.31098708719862056,4.729077681785974,0.00885743724391086,0.029880877789807164,0.37150749334283184
random_baseline,961,0.6410387257346049,17.424373251905855,0.3209550464501413,0.3240082710170906,0.213107435554274,0.8766431,15.198413,0.22010013,0.223847,0.2641178,63964,0.23560439550791834,2.2259603567032187,0.10085491183901152,0.10016126922609025,0.051010371595613085
random_baseline,963,0.921868715095907,16.947165942222682,0.2670377237475417,0.26960244320953153,0.20290789650991128,0.0506878,24.407324,0.20697156,0.21413006,0.32013997,91338,0.8711809140030439,7.460157895057591,0.060066167799284254,0.05547238432491086,0.11723207784578635
random_baseline,964,0.1470332916130409,27.083986119259002,0.5577070442996993,0.5815418736204383,0.35642824343225354,0.5530839,26.548082,0.42476973,0.42730507,0.19291241,125504,0.406050605023922,0.5359037675744318,0.13293731492386007,0.15423680107443305,0.163515828762263
random_baseline,958,0.16318539009155292,20.548239656381153,0.4265285905308415,0.43161011053091275,0.18569778624443375,0.6247369,24.078648,0.48511598,0.48675308,0.1612137,3641,0.4615515150064085,3.530407957144238,0.058587384610683746,0.0551429657840134,0.02448409024147355
random_baseline,959,0.9530813544876553,11.540054004409157,0.33902841383600746,0.34313630384338073,0.20562785410127457,0.7837815,19.704144,0.4285409,0.4333179,0.24493283,97943,0.1692998260147549,8.164089519760765,0.08951247161244835,0.09018159586059876,0.039304976232435146
random_baseline,966,0.306488706996587,22.685775281301495,0.32745775632955426,0.33343513260254526,0.23777072365177065,0.53785443,25.54105,0.5453327,0.54644996,0.1428948,37554,0.2313657260631054,2.855274675973895,0.21787491388223773,0.21301482667556143,0.094875919174079
random_baseline,962,0.746798464698196,19.52899012526602,0.4380841338501902,0.4478808868454352,0.3956248380987631,0.86947787,15.917178,0.21835071,0.22345679,0.2697422,55122,0.12267940338194316,3.611811971274321,0.21973342536554052,0.22442410176261812,0.12588264726090298
random_baseline,968,0.6616062615628043,18.643669234221935,0.23245297795351438,0.2801389617613744,0.7089181749273226,0.7613112,19.206514,0.27873358,0.29800326,0.44611934,13892,0.09970491187622155,0.5628451242985726,0.04628060335103579,0.01786429455957894,0.2627988366533205
random_baseline,971,0.9595611143034599,9.93106948203971,0.2645731541301958,0.270748140047207,0.267639911757971,0.29423884,27.709335,0.30042893,0.3032192,0.17075296,63676,0.6653222787302635,17.778265845108727,0.03585577281453689,0.03247105913339604,0.09688695429470656
random_baseline,965,0.0823880195657813,21.097801825716942,0.22329789923014626,0.228064406791751,0.23719709562620875,0.9210695,16.164253,0.30663526,0.3092137,0.20700629,7024,0.838681483264724,4.933548590853661,0.08333736135182396,0.08114929111855784,0.030190805071208443
random_baseline,967,0.9912137070866898,2.4590797532671047,0.44088293681933227,0.509197347677607,0.5337334472516772,0.8292622,17.561625,0.20040555,0.21771908,0.5097958,36100,0.1619515100690201,15.102544773710434,0.24047738383604828,0.2914782696136422,0.023937662301420803
random_baseline,969,0.33952785386943957,27.78588522495535,0.33461562794133826,0.34589063300532574,0.30688745254352,0.06924335,24.13663,0.22386958,0.26898915,0.65000165,121660,0.27028450473451754,3.649256120341093,0.11074605089112921,0.07690148724955792,0.3431141925446758
random_baseline,970,0.9444436786807776,15.700950380245175,0.21645455874226052,0.22746921666231937,0.3880474389737888,0.16355546,26.235617,0.29262534,0.29364786,0.11724969,34601,0.7808882204927207,10.534666303714786,0.07617077909686606,0.06617863885792905,0.27079774897754627
random_baseline,975,0.8523986499891396,12.3588647571041,0.3023036816560934,0.3191795705501771,0.3632389992759087,0.99204063,7.0438666,0.17539856,0.2104582,0.7355865,102119,0.13964198416613383,5.314998122735204,0.1269051232778738,0.1087213663999772,0.3723475247337959
random_baseline,976,0.7747416371738448,13.555376303600006,0.2685871947326783,0.296201901237356,0.374279992171213,0.7302237,18.54206,0.1977592,0.22062029,0.46663278,27429,0.04451792186851644,4.986684548450775,0.07082799857045446,0.07558161179243261,0.09235279124172036
random_baseline,973,0.983081201329525,10.384276424731802,0.30900345315828237,0.32012942791112076,0.44253298404739594,0.89209133,18.385166,0.47311878,0.48095503,0.2848858,88392,0.09098986746340565,8.000889743481089,0.16411532888517466,0.16082560658327927,0.15764719012306427
random_baseline,978,0.562840389381368,24.3446612902531,0.35694907150054206,0.3619910174287089,0.2432293335453231,0.7479091,19.241869,0.19327994,0.25706863,0.90497833,2819,0.18506873928455603,5.10279231747478,0.16366913459086646,0.1049223833955058,0.661749001358394
random_baseline,972,0.9665815017961702,3.5458289770738247,0.242760757252132,0.3147757425482554,0.7729572765230618,0.9782174,3.4259353,0.28566405,0.31918043,0.3905963,118505,0.011635921166018526,0.11989370867172511,0.04290329451903194,0.004404686433525595,0.38236097615952114
random_baseline,974,0.29607079373530104,25.027630865215524,0.24226892993226498,0.28655141719879945,0.5225334865201954,0.178642,27.147287,0.93290675,0.93363845,0.088856325,23861,0.11742878900698378,2.1196565035588897,0.6906378169320538,0.647087036284782,0.4336771619667057
random_baseline,977,0.9566984034058795,12.862890387561627,0.2128451091635198,0.24865840154429894,0.653059544521318,0.39733192,27.27248,0.48501095,0.49722373,0.32870194,72920,0.5593664801594959,14.4095896234247,0.2721658425939112,0.24856533331135292,0.3243576013622146
random_baseline,981,0.12987160882278492,28.756861169291998,0.36424494993511614,0.36539919949244515,0.13965349131623497,0.9601258,5.605202,0.3749286,0.37965736,0.2405342,35042,0.8302541951246638,23.151658971263434,0.010683643700442946,0.014258158438691937,0.10088070994814644
random_baseline,980,0.5164826754909563,25.740211857981116,0.27661414826065744,0.2870584466318204,0.28128326584265767,0.726082,21.71793,0.22893505,0.23415019,0.2711679,49627,0.2095993514675093,4.022282017893225,0.047679100276534214,0.052908260450751976,0.010115361704092607
random_baseline,979,0.9046533378810779,4.240826570511139,0.29661407705381326,0.30739059509460426,0.24384779105562737,0.36181617,17.521343,0.21418272,0.22137085,0.3264155,55034,0.542837170049657,13.280516660690033,0.08243135746553354,0.08601974906150794,0.08256771792989204
random_baseline,987,0.4368178133874707,22.587827562037774,0.21136161920928032,0.22572373935279125,0.4222482326368343,0.9020502,18.782125,0.42976412,0.43459922,0.24769625,42403,0.4652323837370105,3.8057020890153126,0.21840250256157845,0.20887548139992482,0.17455198195972554
random_baseline,984,0.38279984708263315,25.150364992534087,0.3289707337565446,0.35013191690652984,0.36169161985526904,0.2193006,26.643793,0.29975104,0.30524713,0.21111889,63773,0.16349924917652048,1.493428113545015,0.02921969043684247,0.044884788896733696,0.15057272802005633
random_baseline,986,0.9025452244595783,14.426703503767115,0.19628095822299982,0.21314392419380015,0.4385425449636973,0.6973837,18.714375,0.24919657,0.2569734,0.3447105,40013,0.20516152265827825,4.287671038469213,0.0529156158689115,0.043829461617051896,0.09383204591546429
random_baseline,988,0.39370830238526433,26.305330342675056,0.5106025872343818,0.5137893768660963,0.17304241792417893,0.54142725,21.67643,0.3271299,0.33034238,0.193406,102181,0.14771895229155452,4.6289005941399,0.18347268677890693,0.18344699467348458,0.020363582809196618
random_baseline,985,0.39082026674711595,21.867056662916617,0.2973376973676525,0.30108412632812903,0.19213963976155438,0.7443527,23.100006,0.2890042,0.31640932,0.37108287,66000,0.3535324315789949,1.2329494405990076,0.008333490710242808,0.015325193311076901,0.17894323239077412
random_baseline,982,0.9871050795003402,8.851210602957075,0.22095347543900912,0.24140820724021703,0.5144829846899099,0.97581416,5.2510104,0.36895105,0.38628113,0.37772638,36919,0.01129091581549524,3.600200185018842,0.14799757698828275,0.14487292545784206,0.1367566086332388
random_baseline,983,0.9590447323601698,7.52843947760573,0.2754370891008011,0.296521821172443,0.5250598237542038,0.29424864,25.666697,0.46813968,0.47378114,0.19244988,40370,0.6647960918229079,18.138257070856184,0.19270258913902127,0.17725931748608054,0.3326099411276703
random_baseline,991,0.8033876099783717,13.612209093214688,0.2877431793920349,0.29390168362710223,0.22676719984407304,0.5414959,21.140804,0.23423591,0.25293297,0.4521782,74643,0.26189169075077157,7.528595197556797,0.053507266830618294,0.04096871787163958,0.22541101017599227
random_baseline,993,0.5457141391375573,21.816023388189905,0.7833018571588355,0.7847167671607566,0.11165968290629295,0.71020895,22.95563,0.41139838,0.4140401,0.22537066,85966,0.16449481328935311,1.1396059605649782,0.37190347616403874,0.3706766785071921,0.11371097751793953
random_baseline,992,0.3080904935476529,25.48466143271369,0.2628517674873442,0.26714044902615003,0.19514081217638857,0.44150457,23.306345,0.22121704,0.2659345,0.8438313,49226,0.13341407431390412,2.1783164467517757,0.04163473124009076,0.0012059519081538128,0.6486904885590851
random_baseline,989,0.7794073860546643,21.301307183418633,0.2999243682877599,0.31560829737323515,0.38317007779689505,0.26212144,24.331442,0.27538976,0.2804465,0.27184635,39050,0.5172859470745618,3.030134695853828,0.024534607555109167,0.0351617977871298,0.1113237237891741
random_baseline,996,0.4483294780609101,13.795847237226049,0.2479160172426878,0.25074279769717966,0.20342857107779574,0.97611487,13.621482,0.4075573,0.4137913,0.3266382,30624,0.5277853910568266,0.17436534177927143,0.15964129143117084,0.1630485011690923,0.12320962086060452
random_baseline,990,0.7736470091728122,17.95881351508764,0.19308945406845276,0.1982169220285128,0.28106817135632284,0.7193226,22.25183,0.4060398,0.40813142,0.16133983,78461,0.05432438735045497,4.293015632251226,0.21295035015174682,0.2099144985838224,0.11972833702385671
random_baseline,998,0.565236169178896,22.689012040073283,0.8669635623784184,0.8713977806286611,0.18107435690837315,0.8620118,10.020809,0.37383422,0.40889284,0.6140294,80624,0.29677562109667777,12.668202866489299,0.4931293398232579,0.4625049404816427,0.43295505059284756
random_baseline,997,0.6828001657820221,21.30598284807665,0.21071127029155712,0.22220672156219543,0.4048188681274932,0.96010333,13.609767,0.31119263,0.31621498,0.29383358,118379,0.27730316721434634,7.696215887932606,0.10048136142993946,0.09400825713272035,0.11098528453412465
random_baseline,994,0.18968160443749363,27.76018756769503,0.3682867610268103,0.37271716048438425,0.20638508907056688,0.9869026,7.095591,0.20714635,0.23366755,0.49821338,71125,0.7972209901288516,20.66459649942721,0.16114041445774901,0.13904960801322336,0.2918282915046132
random_baseline,999,0.8114668229270274,20.018119873593204,0.4623895792543916,0.4777897279451495,0.4413556949186743,0.1059202,26.758583,0.29375872,0.36184826,0.5995507,122098,0.705546619896918,6.740463195254453,0.16863085909486097,0.11594146301251707,0.1581950291108667
random_baseline,995,0.8928122347538625,16.429944442742197,0.3967313181989442,0.3998594713396953,0.15544921030260883,0.049119532,25.253155,0.21722645,0.25014082,0.48023608,60720,0.8436927026455556,8.823210311896474,0.17950487252404795,0.14971865536641343,0.32478687296651043
