method,target_id,dataset_index,neighbor_index,neighbor_context_distance,eta,target_eta,abs_err_eta,tau_transfer,target_tau_transfer,abs_err_tau_transfer,ipr,target_ipr,abs_err_ipr,purity,target_purity,abs_err_purity,c_l1,target_c_l1,abs_err_c_l1
nearest_neighbor_baseline,0,33458,56847,2.0604634284973145,0.9066786170005798,0.7584671,0.14821151700057988,14.35029411315918,13.679777,0.6705171131591801,0.22055627405643463,0.24725586,0.026699585943565363,0.2380276769399643,0.26755,0.029522323060035716,0.46488261222839355,0.47606024,0.011177627771606469
nearest_neighbor_baseline,1,74123,79295,1.0484040975570679,0.2725137770175934,0.19029836,0.08221541701759338,29.40785026550293,29.206373,0.20147726550293044,0.6927313208580017,0.668512,0.024219320858001714,0.6941303014755249,0.67043525,0.023695051475524864,0.1516292691230774,0.12942995,0.022199319123077405
nearest_neighbor_baseline,2,57950,70871,2.813286781311035,0.41863366961479187,0.27761433,0.14101933961479185,20.16769027709961,16.832853,3.3348372770996093,0.23085488379001617,0.26614442,0.03528953620998382,0.24354179203510284,0.30238298,0.05884118796489718,0.42897680401802063,0.5041054,0.0751285959819794
nearest_neighbor_baseline,3,132514,32929,2.1955878734588623,0.7136176824569702,0.8215711,0.10795341754302978,22.268314361572266,20.109015,2.159299361572266,0.25312891602516174,0.26017472,0.007045803974838283,0.2568580210208893,0.27023384,0.01337581897911072,0.22994308173656464,0.29238144,0.062438358263435356
nearest_neighbor_baseline,4,16005,36418,2.254807949066162,0.9665918946266174,0.9542749,0.012316994626617395,6.3806586265563965,7.8531504,1.4724917734436032,0.25538045167922974,0.23684888,0.018531571679229725,0.27182522416114807,0.24990356,0.021921664161148074,0.38504940271377563,0.3851833,0.00013389728622437147
nearest_neighbor_baseline,5,117269,101194,2.215047836303711,0.8130519390106201,0.8926104,0.07955846098937991,17.97901725769043,17.333122,0.6458952576904302,0.22143039107322693,0.20670004,0.014730351073226927,0.23377490043640137,0.21893375,0.014841150436401357,0.44019389152526855,0.43974382,0.0004500715252685472
nearest_neighbor_baseline,6,79622,134210,1.5953269004821777,0.9245330095291138,0.9328691,0.008336090470886237,4.82484769821167,6.2080483,1.3832006017883298,0.27374082803726196,0.2524332,0.02130762803726194,0.2899962365627289,0.26191923,0.02807700656272888,0.2777235507965088,0.3260561,0.048332549203491226
nearest_neighbor_baseline,7,3648,33053,1.5538654327392578,0.9830248355865479,0.9816332,0.001391635586547868,5.42941427230835,5.389304,0.040110272308349515,0.2379731684923172,0.2285614,0.009411768492317202,0.2543792426586151,0.24210514,0.012274102658615116,0.46272122859954834,0.4024908,0.06023042859954836
nearest_neighbor_baseline,8,71597,40529,2.144866704940796,0.9901874661445618,0.99189395,0.0017064838554382566,3.064157724380493,2.958586,0.10557172438049323,0.32417675852775574,0.3242428,6.604147224426038e-05,0.3924974799156189,0.39422894,0.0017314600843811312,0.6490820646286011,0.7152921,0.06621003537139891
nearest_neighbor_baseline,9,15184,8067,2.6693387031555176,0.8939717411994934,0.9380948,0.0441230588005066,17.550029754638672,15.09445,2.4555797546386717,0.21879875659942627,0.21274278,0.006055976599426277,0.22420477867126465,0.22207873,0.0021260486712646465,0.33851158618927,0.37097368,0.03246209381072995
nearest_neighbor_baseline,10,116513,24018,2.3098766803741455,0.5089596509933472,0.3533679,0.15559175099334716,13.240516662597656,15.903919,2.663402337402344,0.24130646884441376,0.26431936,0.023012891155586246,0.31057900190353394,0.2954089,0.015170101903533961,0.5519990921020508,0.5033014,0.04869769210205077
nearest_neighbor_baseline,11,72301,80315,2.6502649784088135,0.5616682767868042,0.58143514,0.019766863213195762,19.473976135253906,20.258993,0.785016864746094,0.24507519602775574,0.23310496,0.011970236027755737,0.2625778019428253,0.26235133,0.00022647194282532368,0.32543814182281494,0.45395133,0.12851318817718504
nearest_neighbor_baseline,12,105690,19973,0.9811606407165527,0.3099328875541687,0.17833596,0.1315969275541687,27.620410919189453,27.576347,0.04406391918945474,0.8090837597846985,0.8260057,0.016921940215301468,0.8097410202026367,0.82681197,0.017070949797363233,0.10266454517841339,0.10525237,0.0025878248215866068
nearest_neighbor_baseline,13,8656,68576,2.5238988399505615,0.7102619409561157,0.6999377,0.010324240956115727,22.707836151123047,19.408997,3.2988391511230475,0.3704628646373749,0.30825895,0.0622039146373749,0.41450461745262146,0.37106785,0.04343676745262148,0.5795390605926514,0.69473225,0.11519318940734868
nearest_neighbor_baseline,14,56719,84890,1.7982006072998047,0.4216685891151428,0.56644064,0.14477205088485723,21.87755012512207,22.261204,0.383653874877929,0.19254636764526367,0.2002014,0.00765503235473633,0.21139048039913177,0.22082578,0.009435299600868224,0.4909816086292267,0.4909403,4.130862922668843e-05
nearest_neighbor_baseline,15,6689,124862,1.7068747282028198,0.8581953048706055,0.8357882,0.022407104870605488,14.758156776428223,15.258431,0.5002742235717772,0.3365311324596405,0.35309833,0.016567197540359513,0.34303683042526245,0.35740274,0.014365909574737545,0.28364819288253784,0.2472404,0.03640779288253784
nearest_neighbor_baseline,16,100831,75770,2.1470887660980225,0.9849546551704407,0.97950435,0.00545030517044065,3.6917171478271484,3.3362637,0.3554534478271485,0.2532164454460144,0.2791093,0.0258928545539856,0.2786288261413574,0.30948865,0.030859823858642554,0.5067764520645142,0.4676934,0.03908305206451418
nearest_neighbor_baseline,17,116679,12611,1.2538403272628784,0.7869672775268555,0.8213266,0.03435932247314455,20.95881462097168,20.952593,0.006221620971679442,0.46673864126205444,0.45154494,0.015193701262054438,0.47117915749549866,0.46469358,0.006485577495498662,0.25678491592407227,0.2972435,0.04045858407592773
nearest_neighbor_baseline,18,101305,53880,2.258317232131958,0.18897074460983276,0.07165852,0.11731222460983276,25.89240837097168,30.52825,4.63584162902832,0.4184214770793915,0.41275868,0.005662797079391491,0.4232465922832489,0.42202425,0.0012223422832489117,0.247052401304245,0.2335222,0.013530201304244982
nearest_neighbor_baseline,19,84681,95932,2.444646120071411,0.45396530628204346,0.44525677,0.008708536282043433,23.890541076660156,25.671879,1.7813379233398443,0.3053149878978729,0.3178487,0.01253371210212706,0.3143930733203888,0.32355633,0.00916325667961121,0.29459822177886963,0.26838478,0.02621344177886964
nearest_neighbor_baseline,20,29614,90939,1.7831041812896729,0.24878984689712524,0.11241332,0.13637652689712526,28.202978134155273,27.629997,0.572981134155274,0.34816765785217285,0.3617695,0.01360184214782717,0.3515736758708954,0.36447397,0.012900294129104595,0.19554932415485382,0.1772296,0.018319724154853834
nearest_neighbor_baseline,21,123859,94264,1.7680672407150269,0.9694746136665344,0.90898746,0.060487153666534454,9.532187461853027,11.489827,1.9576395381469727,0.20192451775074005,0.19924553,0.0026789877507400472,0.21673399209976196,0.2113309,0.005403092099761975,0.4779858887195587,0.39048547,0.08750041871955871
nearest_neighbor_baseline,22,23074,73313,1.0363045930862427,0.032487645745277405,0.14017388,0.1076862342547226,30.017993927001953,27.405123,2.6128709270019534,0.5082525014877319,0.50211406,0.006138441487731905,0.5132406949996948,0.5138985,0.0006578050003052116,0.24617038667201996,0.28082356,0.03465317332798007
nearest_neighbor_baseline,23,39388,21222,2.220963478088379,0.947833240032196,0.96750814,0.019674899967803916,12.109647750854492,10.810547,1.2991007508544925,0.20387084782123566,0.21717158,0.013300732178764346,0.21540328860282898,0.2430961,0.02769281139717103,0.39145395159721375,0.46855432,0.07710036840278628
nearest_neighbor_baseline,24,43478,122824,2.7179791927337646,0.6994609832763672,0.57894224,0.12051874327636714,16.71320915222168,12.69378,4.019429152221679,0.2546086311340332,0.24781907,0.006789561134033201,0.27947065234184265,0.27554154,0.003929112341842678,0.6177027821540833,0.46762252,0.15008026215408327
nearest_neighbor_baseline,25,20356,130710,2.119527816772461,0.21354155242443085,0.14926344,0.06427811242443085,26.25120735168457,27.982382,1.7311746483154309,0.37515246868133545,0.34924078,0.025911688681335476,0.40807604789733887,0.36339417,0.04468187789733885,0.46121129393577576,0.30188543,0.15932586393577575
nearest_neighbor_baseline,26,16026,22360,2.535471200942993,0.15429043769836426,0.17486508,0.020574642301635748,24.408092498779297,27.49588,3.087787501220703,0.1990453451871872,0.2087741,0.009728754812812795,0.2104853242635727,0.24231182,0.03182649573642732,0.33759573101997375,0.4174216,0.07982586898002625
nearest_neighbor_baseline,27,107466,106371,2.985222578048706,0.876072108745575,0.83776194,0.03831016874557491,10.976499557495117,10.556422,0.42007755749511766,0.4180097281932831,0.49969897,0.08168924180671694,0.4314486086368561,0.5153278,0.08387919136314392,0.32511022686958313,0.32517964,6.941313041686215e-05
nearest_neighbor_baseline,28,966,101369,2.5170042514801025,0.7287672162055969,0.85911524,0.13034802379440302,21.788013458251953,20.116085,1.6719284582519514,0.2639694809913635,0.22340457,0.04056491099136353,0.297026664018631,0.23826282,0.058763844018630995,0.47756427526474,0.37446204,0.10310223526474
nearest_neighbor_baseline,29,64630,103609,1.5361934900283813,0.9677398800849915,0.95448196,0.013257920084991492,12.750481605529785,11.806327,0.9441546055297856,0.3747187852859497,0.35742295,0.01729583528594969,0.3785565197467804,0.362317,0.016239519746780395,0.2465585470199585,0.25927675,0.012718202980041504
nearest_neighbor_baseline,30,54231,63932,1.2412620782852173,0.9451309442520142,0.95581746,0.010686515747985847,7.373204708099365,7.8988957,0.5256909919006345,0.5905612111091614,0.5376967,0.05286451110916135,0.6001858115196228,0.5409289,0.05925691151962276,0.19626100361347198,0.19346185,0.002799153613471994
nearest_neighbor_baseline,31,88946,93577,2.438481569290161,0.7112448811531067,0.8265191,0.11527421884689326,21.18399429321289,18.020243,3.16375129321289,0.24227365851402283,0.25307313,0.010799471485977152,0.2517745792865753,0.26497865,0.013204070713424665,0.35524609684944153,0.3731522,0.01790610315055846
nearest_neighbor_baseline,32,53973,69363,2.5363683700561523,0.2470264881849289,0.4251765,0.17815001181507112,26.052936553955078,26.881758,0.8288214460449232,0.31521672010421753,0.34101763,0.025800909895782487,0.3233151137828827,0.3654213,0.042106186217117314,0.2757388949394226,0.4346095,0.15887060506057737
nearest_neighbor_baseline,33,3780,99088,1.8387563228607178,0.23225122690200806,0.26906386,0.03681263309799193,30.48664093017578,29.479458,1.0071829301757802,0.4414980113506317,0.47149256,0.02999454864936829,0.44372040033340454,0.47205588,0.028335479666595442,0.16818079352378845,0.08023107,0.08794972352378845
nearest_neighbor_baseline,34,33369,107956,1.829325556755066,0.8144984245300293,0.7910845,0.02341392453002933,12.343452453613281,8.753873,3.589579453613281,0.2672741413116455,0.32675344,0.0594792986883545,0.27440381050109863,0.330872,0.05646818949890137,0.3106585443019867,0.18104318,0.1296153643019867
nearest_neighbor_baseline,35,107298,76108,1.943652868270874,0.928422212600708,0.9604588,0.03203658739929194,10.2524995803833,10.726496,0.47399641961669836,0.27728739380836487,0.26803547,0.00925192380836487,0.2843208909034729,0.27506015,0.009260740903472897,0.28184908628463745,0.2394322,0.04241688628463744
nearest_neighbor_baseline,36,438,86251,2.4687061309814453,0.7403578162193298,0.74816424,0.007806423780670202,18.79828453063965,20.599714,1.8014294693603503,0.216413676738739,0.2153853,0.001028376738739012,0.2399771362543106,0.22379883,0.016178306254310604,0.45793387293815613,0.30053902,0.15739485293815614
nearest_neighbor_baseline,37,114877,133221,2.8057596683502197,0.6786673665046692,0.7057752,0.027107833495330858,19.271625518798828,20.88893,1.6173044812011703,0.311946839094162,0.33743313,0.025486290905838038,0.32557302713394165,0.378856,0.053282972866058376,0.4425419270992279,0.4793313,0.03678937290077211
nearest_neighbor_baseline,38,7605,52209,2.017284870147705,0.9404517412185669,0.9171716,0.02328014121856692,12.180281639099121,11.977125,0.20315663909912196,0.21458296477794647,0.21092434,0.0036586247779464842,0.22061315178871155,0.21796142,0.002651731788711559,0.294355571269989,0.2701651,0.024190471269989022
nearest_neighbor_baseline,39,15555,57216,1.391485571861267,0.8776434063911438,0.8091837,0.06845970639114385,17.119749069213867,16.048763,1.0709860692138662,0.3321560025215149,0.35426044,0.022104437478485117,0.334486722946167,0.35733542,0.022848697053833023,0.19893339276313782,0.22742453,0.028491137236862196
nearest_neighbor_baseline,40,79003,86928,1.1773412227630615,0.5269177556037903,0.4872733,0.03964445560379026,25.09383773803711,24.499378,0.5944597380371093,0.6911028623580933,0.6528329,0.03826996235809321,0.6968104839324951,0.65993994,0.036870543932495115,0.27827662229537964,0.2622686,0.01600802229537962
nearest_neighbor_baseline,41,21133,26900,1.8570245504379272,0.23967809975147247,0.3272198,0.08754170024852753,28.171859741210938,28.572351,0.40049125878906366,0.28069671988487244,0.2764688,0.004227919884872422,0.291778028011322,0.29257074,0.0007927119886779743,0.3053559958934784,0.33818063,0.03282463410652159
nearest_neighbor_baseline,42,13497,92298,2.172025203704834,0.6020264029502869,0.6676844,0.06565799704971309,16.082443237304688,17.194998,1.1125547626953107,0.2855871319770813,0.35203397,0.06644683802291868,0.3003016710281372,0.3696623,0.06936062897186279,0.37180665135383606,0.32533953,0.04646712135383607
nearest_neighbor_baseline,43,138175,8480,2.388882875442505,0.24511294066905975,0.20223852,0.04287442066905975,24.453502655029297,26.457943,2.0044403449707033,0.30371853709220886,0.3336268,0.02990826290779114,0.31261587142944336,0.35060653,0.03799065857055667,0.30849161744117737,0.35357392,0.04508230255882262
nearest_neighbor_baseline,44,14756,86251,2.5760345458984375,0.7403578162193298,0.71210027,0.028257546219329854,18.79828453063965,20.609009,1.810724469360352,0.216413676738739,0.20744209,0.008971586738739018,0.2399771362543106,0.21471155,0.025265586254310607,0.45793387293815613,0.3618089,0.09612497293815614
nearest_neighbor_baseline,45,86386,22422,1.9852099418640137,0.9322032928466797,0.92296517,0.009238122846679686,5.847274303436279,8.217064,2.3697896965637213,0.291024774312973,0.28740525,0.0036195243129730215,0.2987065017223358,0.2927139,0.005992601722335789,0.2855859100818634,0.24605627,0.03952964008186341
nearest_neighbor_baseline,46,62112,94597,2.21447491645813,0.9941635727882385,0.99411213,5.144278823854265e-05,5.657542705535889,5.7093306,0.051787894464111695,0.20424769818782806,0.18793839,0.016309308187828053,0.23437905311584473,0.21306454,0.02131451311584473,0.5764379501342773,0.569427,0.007010950134277327
nearest_neighbor_baseline,47,90336,5406,2.2821781635284424,0.09722122550010681,0.39657944,0.2993582144998932,25.49944305419922,25.758356,0.2589129458007804,0.25887683033943176,0.29651713,0.037640299660568255,0.26543861627578735,0.3012383,0.03579968372421266,0.304751455783844,0.23993585,0.06481560578384399
nearest_neighbor_baseline,48,26553,130763,2.323464870452881,0.2421596646308899,0.3051758,0.0630161353691101,24.31768798828125,22.778698,1.5389899882812514,0.19427835941314697,0.20980999,0.015531630586853029,0.20239609479904175,0.21571718,0.01332108520095826,0.3270154595375061,0.2750041,0.05201135953750613
nearest_neighbor_baseline,49,71595,57269,2.8066089153289795,0.2037186622619629,0.23206739,0.02834872773803712,25.45452117919922,27.365128,1.9106068208007798,0.3134225904941559,0.27865744,0.034765150494155905,0.3666095435619354,0.3234331,0.04317644356193545,0.6047618985176086,0.52623135,0.07853054851760866
nearest_neighbor_baseline,50,54029,83244,1.687045693397522,0.8980651497840881,0.9519933,0.05392815021591191,8.86722469329834,8.143304,0.7239206932983393,0.33110135793685913,0.39042464,0.05932328206314086,0.33817845582962036,0.4010223,0.06284384417037964,0.28950750827789307,0.33748624,0.047978731722106926
nearest_neighbor_baseline,51,126241,65878,1.9891815185546875,0.22024451196193695,0.15314956,0.06709495196193696,22.34978485107422,25.967892,3.6181071489257803,0.28884267807006836,0.29575887,0.006916191929931648,0.33611953258514404,0.309474,0.026645532585144016,0.5004633665084839,0.3785461,0.12191726650848389
nearest_neighbor_baseline,52,48181,74847,2.3153703212738037,0.46096566319465637,0.6138185,0.15285283680534367,23.58561897277832,23.328236,0.2573829727783199,0.30406686663627625,0.32066396,0.01659709336372378,0.34442389011383057,0.370717,0.026293109886169452,0.5537717938423157,0.6176781,0.06390630615768433
nearest_neighbor_baseline,53,118408,91742,2.158404588699341,0.8384259939193726,0.9128947,0.07446870608062739,15.364086151123047,15.74081,0.37672384887695287,0.21179938316345215,0.22438486,0.012585476836547843,0.23773083090782166,0.25013077,0.012399939092178347,0.5320505499839783,0.50879335,0.02325719998397824
nearest_neighbor_baseline,54,132888,12120,2.1215522289276123,0.8948598504066467,0.9406932,0.04583334959335328,12.287616729736328,12.716965,0.42934827026367195,0.2533416152000427,0.27513498,0.02179336479995725,0.2900680899620056,0.29039907,0.00033098003799436615,0.5568239092826843,0.5042295,0.05259440928268433
nearest_neighbor_baseline,55,77211,78477,1.9463096857070923,0.08830727636814117,0.1713736,0.08306632363185881,27.57791519165039,24.089294,3.4886211916503918,0.34386202692985535,0.33033255,0.013529476929855344,0.3514690399169922,0.33302355,0.018445489916992186,0.2508277893066406,0.22643408,0.024393709306640615
nearest_neighbor_baseline,56,24993,108823,2.1462059020996094,0.8668130040168762,0.928411,0.061597995983123766,12.734835624694824,12.686552,0.0482836246948235,0.2867485284805298,0.2703113,0.01643722848052981,0.3283194899559021,0.30094028,0.027379209955902095,0.6228606700897217,0.54258186,0.08027881008972171
nearest_neighbor_baseline,57,89584,50676,2.1771957874298096,0.11461716890335083,0.08381365,0.030803518903350827,25.809123992919922,29.16065,3.3515260070800785,0.24736902117729187,0.30132908,0.05396005882270816,0.2573716938495636,0.3048634,0.04749170615043641,0.24454127252101898,0.21369682,0.030844452521018972
nearest_neighbor_baseline,58,21287,109332,2.361259937286377,0.8195499181747437,0.81023276,0.009317158174743656,18.02512550354004,16.308239,1.7168865035400387,0.26193228363990784,0.25414038,0.007791903639907838,0.26711305975914,0.26776546,0.000652400240859996,0.2673640251159668,0.35070863,0.08334460488403322
nearest_neighbor_baseline,59,87885,127885,1.1501593589782715,0.23900526762008667,0.24107951,0.002074242379913327,24.825590133666992,26.234648,1.4090578663330078,0.9089305400848389,0.86947674,0.0394538000848389,0.9100373983383179,0.87010956,0.03992783833831792,0.09763631969690323,0.08143045,0.016205869696903227
nearest_neighbor_baseline,60,123520,394,2.786797046661377,0.5365676879882812,0.6373154,0.10074771201171873,25.011533737182617,22.101055,2.9104787371826184,0.290109783411026,0.22667082,0.063438963411026,0.30640262365341187,0.2654196,0.04098302365341189,0.41055285930633545,0.4601942,0.04964134069366455
nearest_neighbor_baseline,61,92683,43089,1.4751368761062622,0.7938820719718933,0.7488985,0.04498357197189329,22.352657318115234,22.824816,0.47215868188476406,0.4800736606121063,0.4855495,0.0054758393878936995,0.4836905598640442,0.49909177,0.0154012101359558,0.25225138664245605,0.39332604,0.14107465335754393
nearest_neighbor_baseline,62,62402,132342,2.941413640975952,0.9712288975715637,0.9635143,0.007714597571563675,10.634990692138672,12.703297,2.0683063078613273,0.36692193150520325,0.3846223,0.017700368494796725,0.3775119483470917,0.41405958,0.03654763165290831,0.33725327253341675,0.43764108,0.10038780746658327
nearest_neighbor_baseline,63,107660,86125,1.9785641431808472,0.1883232742547989,0.120743476,0.06757979825479889,24.96326446533203,30.155148,5.191883534667969,0.255964070558548,0.22219725,0.03376682055854796,0.25761333107948303,0.22367024,0.03394309107948304,0.1640705168247223,0.14986375,0.0142067668247223
nearest_neighbor_baseline,64,114838,50095,1.368965744972229,0.7104629278182983,0.69193363,0.018529297818298374,22.50539207458496,23.776144,1.2707519254150377,0.3289320170879364,0.3273452,0.0015868170879363985,0.33269500732421875,0.3301339,0.00256110732421877,0.2508929371833801,0.2449256,0.005967337183380134
nearest_neighbor_baseline,65,129419,64218,1.59371018409729,0.8240993022918701,0.9033592,0.07925989770812991,19.372802734375,16.808657,2.564145734375,0.36108988523483276,0.3665114,0.0054215147651672235,0.3700380325317383,0.37366894,0.0036309074682617237,0.32581955194473267,0.33575636,0.00993680805526731
nearest_neighbor_baseline,66,104180,8976,1.5407155752182007,0.9878332614898682,0.9810648,0.006768461489868205,7.880136966705322,6.784301,1.0958359667053221,0.18112514913082123,0.1867344,0.005609250869178767,0.20991133153438568,0.22869974,0.01878840846561433,0.6182160973548889,0.6699938,0.05177770264511106
nearest_neighbor_baseline,67,45584,104582,1.9621503353118896,0.9412689805030823,0.9050931,0.03617588050308229,11.01542854309082,10.385718,0.6297105430908196,0.26416143774986267,0.27195257,0.007791132250137334,0.27062687277793884,0.2771916,0.00656472722206114,0.3040617108345032,0.25640616,0.04765555083450318
nearest_neighbor_baseline,68,107511,35996,1.7236790657043457,0.9598242044448853,0.95060927,0.009214934444885303,4.217855453491211,3.6110168,0.6068386534912111,0.2844073474407196,0.26646313,0.017944217440719612,0.2959809899330139,0.27673438,0.019246609933013914,0.27700960636138916,0.27322555,0.0037840563613891764
nearest_neighbor_baseline,69,130638,118789,1.9501186609268188,0.9731366038322449,0.9828951,0.009758496167755148,5.5306549072265625,6.010696,0.48004109277343776,0.25211507081985474,0.25168145,0.0004336208198547631,0.2817557454109192,0.2906723,0.008916554589080805,0.49827849864959717,0.45278525,0.045493248649597195
nearest_neighbor_baseline,70,84389,78230,1.2479854822158813,0.22993752360343933,0.16552414,0.06441338360343934,27.34610366821289,26.884502,0.4616016682128894,0.7887370586395264,0.81300145,0.024264391360473647,0.7894026041030884,0.8157679,0.02636529589691161,0.09715447574853897,0.14969918,0.052544704251461016
nearest_neighbor_baseline,71,77346,132375,1.0410873889923096,0.9704613089561462,0.98331374,0.012852431043853807,4.950401782989502,4.9777174,0.02731561701049845,0.3394431173801422,0.3490426,0.009599482619857769,0.34834063053131104,0.35605392,0.007713289468688989,0.29286497831344604,0.28701532,0.005849658313446027
nearest_neighbor_baseline,72,132543,63932,1.7222528457641602,0.9451309442520142,0.95227647,0.007145525747985881,7.373204708099365,9.029182,1.6559772919006353,0.5905612111091614,0.63416433,0.04360311889083868,0.6001858115196228,0.64924705,0.049061238480377245,0.19626100361347198,0.24559991,0.04933890638652802
nearest_neighbor_baseline,73,34829,131440,2.4596617221832275,0.4751306474208832,0.4156221,0.059508547420883184,24.016536712646484,21.96439,2.0521467126464827,0.24180537462234497,0.25565356,0.013848185377655031,0.27736806869506836,0.2694603,0.007907768695068373,0.47437331080436707,0.43903217,0.035341140804367066
nearest_neighbor_baseline,74,16447,48218,2.602506637573242,0.5138367414474487,0.50898254,0.004854201447448747,24.09734344482422,22.379879,1.7174644448242198,0.302969366312027,0.32197392,0.019004553687973047,0.31470927596092224,0.33196816,0.01725888403907777,0.30311861634254456,0.23478936,0.06832925634254455
nearest_neighbor_baseline,75,41036,84877,1.6007065773010254,0.1970212161540985,0.18796815,0.00905306615409851,26.03380584716797,24.718775,1.315030847167968,0.28547343611717224,0.33605602,0.05058258388282777,0.28920817375183105,0.33791295,0.048704776248168935,0.1947224736213684,0.14140126,0.05332121362136841
nearest_neighbor_baseline,76,95966,5289,2.3319361209869385,0.8734651803970337,0.7675487,0.10591648039703372,15.252485275268555,16.072035,0.8195497247314449,0.2600811719894409,0.23194991,0.02813126198944091,0.2662646770477295,0.23660281,0.029661867047729495,0.258331835269928,0.28200436,0.02367252473007203
nearest_neighbor_baseline,77,8251,16563,2.305426836013794,0.9560431241989136,0.96104586,0.005002735801086455,12.24667739868164,13.033727,0.7870496013183601,0.20923388004302979,0.18100923,0.028224650043029792,0.22407124936580658,0.20873229,0.015338959365806593,0.48473426699638367,0.61596453,0.1312302630036163
nearest_neighbor_baseline,78,18874,20054,1.0213721990585327,0.32570263743400574,0.35552377,0.02982113256599428,27.883852005004883,27.470287,0.4135650050048838,0.8001286387443542,0.7829671,0.01716153874435422,0.8016183376312256,0.7839013,0.017717037631225563,0.13845866918563843,0.0946497,0.043808969185638424
nearest_neighbor_baseline,79,75139,139352,1.3082098960876465,0.9412508606910706,0.9606615,0.01941063930892939,13.826422691345215,14.723011,0.8965883086547848,0.34103313088417053,0.3858661,0.04483296911582946,0.34748196601867676,0.39102417,0.043542203981323246,0.29291796684265137,0.2935697,0.0006517331573486218
nearest_neighbor_baseline,80,131370,95151,2.6190481185913086,0.5763083696365356,0.57568127,0.0006270996365356218,20.8835506439209,21.917786,1.034235356079101,0.3139457702636719,0.2784825,0.03546327026367185,0.33154040575027466,0.28892547,0.04261493575027464,0.36632034182548523,0.32041407,0.045906271825485234
nearest_neighbor_baseline,81,115990,108194,1.479806661605835,0.9485226273536682,0.9504329,0.001910272646331812,7.924918174743652,7.114172,0.8107461747436524,0.31126466393470764,0.31666517,0.005400506065292354,0.3185144364833832,0.3219526,0.003438163516616799,0.29338735342025757,0.24728559,0.04610176342025757
nearest_neighbor_baseline,82,109934,14678,1.5391240119934082,0.3617412745952606,0.4137369,0.0519956254047394,22.240337371826172,24.832193,2.5918556281738283,0.43439963459968567,0.46234486,0.027945225400314355,0.4413394331932068,0.4684225,0.027083066806793232,0.22938336431980133,0.24307573,0.01369236568019866
nearest_neighbor_baseline,83,48295,34782,2.4490835666656494,0.19869638979434967,0.25834417,0.059647780205650314,26.972259521484375,28.8861,1.913840478515624,0.40195757150650024,0.3619847,0.03997287150650025,0.43380579352378845,0.40253738,0.03126841352378845,0.3550460636615753,0.45567232,0.1006262563384247
nearest_neighbor_baseline,84,70309,42241,1.6597939729690552,0.5320031046867371,0.4281423,0.10386080468673708,26.618698120117188,23.391497,3.2272011201171864,0.32100093364715576,0.26030293,0.060698003647155774,0.350123792886734,0.29315227,0.056971522886734016,0.3436489403247833,0.39063296,0.04698401967521665
nearest_neighbor_baseline,85,64679,137714,1.9331707954406738,0.9309408068656921,0.84018725,0.09075355686569209,10.702433586120605,10.883569,0.18113541387939414,0.20759083330631256,0.21391621,0.0063253766936874345,0.21381738781929016,0.21809272,0.004275332180709829,0.2583087086677551,0.22822689,0.03008181866775514
nearest_neighbor_baseline,86,4107,106320,1.945037603378296,0.6636629700660706,0.6466955,0.016967470066070578,21.128738403320312,23.988289,2.8595505966796892,0.28086793422698975,0.27970874,0.0011591942269897348,0.286136269569397,0.28765595,0.001519680430603021,0.29469504952430725,0.32606697,0.03137192047569276
nearest_neighbor_baseline,87,13073,69893,2.5358824729919434,0.5701584219932556,0.50196135,0.06819707199325564,24.929330825805664,22.163916,2.7654148258056637,0.26155465841293335,0.2749696,0.013414941587066631,0.2692538797855377,0.28339043,0.014136550214462307,0.2548869252204895,0.2803597,0.025472774779510488
nearest_neighbor_baseline,88,90441,52860,1.5522429943084717,0.3674541413784027,0.48985597,0.12240182862159726,26.35921859741211,22.574947,3.7842715974121077,0.6868671774864197,0.6303898,0.05647737748641968,0.6909441351890564,0.63209766,0.05884647518905639,0.1901276558637619,0.13119675,0.0589309058637619
nearest_neighbor_baseline,89,84205,25570,2.2325971126556396,0.2713918685913086,0.38836735,0.1169754814086914,28.079496383666992,27.611963,0.4675333836669928,0.2690103054046631,0.26168185,0.007328455404663092,0.2755906581878662,0.26483282,0.010757838187866187,0.20653873682022095,0.21164095,0.005102213179779047
nearest_neighbor_baseline,90,68647,7785,2.343139171600342,0.6271193027496338,0.62825906,0.0011397572503661912,20.735931396484375,21.258476,0.5225446035156267,0.2223791927099228,0.2420109,0.01963170729007721,0.23104101419448853,0.25033903,0.019298015805511493,0.3947902321815491,0.34484452,0.049945712181549085
nearest_neighbor_baseline,91,87033,128226,1.9162014722824097,0.8551034927368164,0.7754382,0.07966529273681644,14.627951622009277,13.57105,1.0569016220092777,0.20403289794921875,0.24259923,0.03856633205078125,0.21314257383346558,0.25187498,0.03873240616653445,0.35390689969062805,0.23061833,0.12328856969062804
nearest_neighbor_baseline,92,107365,75048,2.053009033203125,0.6679998636245728,0.67514026,0.007140396375427294,17.459749221801758,14.355022,3.104727221801758,0.2704448401927948,0.2481612,0.0222836401927948,0.2750990390777588,0.25377217,0.02132686907775877,0.24479661881923676,0.2566046,0.01180798118076326
nearest_neighbor_baseline,93,40735,7684,2.101203203201294,0.9741711020469666,0.9862209,0.012049797953033403,4.551140785217285,4.992883,0.4417422147827148,0.3445574939250946,0.3819591,0.03740160607490539,0.36738771200180054,0.38894114,0.02155342799819948,0.3602134585380554,0.26344714,0.0967663185380554
nearest_neighbor_baseline,94,3418,131645,1.7545592784881592,0.9589418768882751,0.95812285,0.0008190268882751761,9.386626243591309,8.599814,0.7868122435913083,0.36636656522750854,0.39020193,0.02383536477249143,0.37482672929763794,0.39981133,0.02498460070236208,0.3203731179237366,0.30177665,0.018596467923736593
nearest_neighbor_baseline,95,5376,95787,2.187507390975952,0.005520960316061974,0.19651225,0.19099128968393803,22.06389045715332,26.84561,4.78171954284668,0.2542388141155243,0.2628127,0.008573885884475718,0.258392870426178,0.2727467,0.01435382957382203,0.17319341003894806,0.2764581,0.10326468996105193
nearest_neighbor_baseline,96,85534,68685,1.7462692260742188,0.5024041533470154,0.45572323,0.0466809233470154,20.616012573242188,22.520437,1.9044244267578136,0.25339797139167786,0.22139704,0.03200093139167787,0.25830528140068054,0.2307772,0.027528081400680554,0.25874435901641846,0.32520247,0.06645811098358156
nearest_neighbor_baseline,97,87802,112122,1.7856101989746094,0.8924170136451721,0.8888163,0.0036007136451721156,14.2139310836792,14.852062,0.6381309163208009,0.3484809696674347,0.30021733,0.04826363966743469,0.3532562255859375,0.30192927,0.05132695558593747,0.21860907971858978,0.17083138,0.04777769971858978
nearest_neighbor_baseline,98,19714,138890,1.8628015518188477,0.7860040068626404,0.85772574,0.07172173313735963,17.41421127319336,16.761538,0.6526732731933578,0.18162518739700317,0.18706726,0.005442072602996839,0.19366483390331268,0.19379604,0.00013120609668731964,0.29433077573776245,0.34753338,0.05320260426223755
nearest_neighbor_baseline,99,112128,120478,2.5942273139953613,0.2679871916770935,0.4667186,0.19873140832290648,20.853187561035156,22.163942,1.3107544389648424,0.21806667745113373,0.2250121,0.006945422548866265,0.24824345111846924,0.23329534,0.014948111118469248,0.5488528609275818,0.41175765,0.1370952109275818
nearest_neighbor_baseline,100,128721,56407,2.440114736557007,0.30833253264427185,0.448897,0.14056446735572814,27.79511833190918,24.891273,2.903845331909178,0.2690149247646332,0.34677616,0.07776123523536682,0.2712666690349579,0.3497091,0.07844243096504211,0.13107159733772278,0.18294977,0.05187817266227723
nearest_neighbor_baseline,101,41700,93373,2.1782901287078857,0.22059237957000732,0.18957847,0.031013909570007325,27.071815490722656,27.44778,0.37596450927734537,0.2578347623348236,0.26025674,0.002421977665176378,0.26172056794166565,0.26997843,0.008257862058334342,0.2431885302066803,0.32319087,0.08000233979331972
nearest_neighbor_baseline,102,111415,25142,1.8039387464523315,0.5127301812171936,0.2560727,0.2566574812171936,27.489660263061523,27.185375,0.3042852630615229,0.3413027822971344,0.30448842,0.03681436229713442,0.3492624759674072,0.30994168,0.03932079596740723,0.3216085433959961,0.29291958,0.02868896339599608
nearest_neighbor_baseline,103,41846,55832,1.3164945840835571,0.4973077178001404,0.41071266,0.08659505780014037,25.282466888427734,28.079338,2.7968711115722655,0.31907010078430176,0.3259311,0.006860999215698216,0.3202070891857147,0.32747525,0.007268160814285274,0.14741206169128418,0.12081507,0.026596991691284183
nearest_neighbor_baseline,104,88985,40737,3.1044580936431885,0.6630171537399292,0.6528381,0.010179053739929222,18.856624603271484,21.131826,2.275201396728516,0.19032393395900726,0.23231246,0.041988526040992735,0.1999601274728775,0.24861024,0.04865011252712251,0.34351077675819397,0.4301315,0.08662072324180603
nearest_neighbor_baseline,105,61083,74994,1.8394453525543213,0.17223107814788818,0.19462454,0.02239346185211183,23.300168991088867,24.111979,0.8118100089111344,0.2729271650314331,0.29124674,0.0183195749685669,0.279581755399704,0.29981074,0.02022898460029604,0.2793963849544525,0.36894187,0.08954548504554749
nearest_neighbor_baseline,106,2507,22465,1.1816964149475098,0.2546789050102234,0.17344321,0.0812356950102234,27.18757438659668,28.497353,1.3097786134033207,0.6986115574836731,0.67832756,0.020283997483673044,0.699402391910553,0.6789487,0.020453691910553018,0.10633166879415512,0.10123794,0.005093728794155122
nearest_neighbor_baseline,107,88701,111832,2.5743558406829834,0.22127270698547363,0.07984919,0.14142351698547362,23.966365814208984,23.431452,0.5349138142089842,0.22139130532741547,0.22278814,0.0013968346725845293,0.2471063733100891,0.24091251,0.006193863310089115,0.48916757106781006,0.47333917,0.015828401067810083
nearest_neighbor_baseline,108,20233,104987,1.7362128496170044,0.072804756462574,0.19782972,0.12502496353742598,27.987773895263672,27.096684,0.8910898952636721,0.2639993727207184,0.30239072,0.03839134727928162,0.2665208876132965,0.3105972,0.04407631238670351,0.22048895061016083,0.23516855,0.014679599389839176
nearest_neighbor_baseline,109,65784,117564,2.438682794570923,0.9714823961257935,0.96223354,0.009248856125793403,11.985897064208984,10.65801,1.3278870642089835,0.18672287464141846,0.17620383,0.010519044641418451,0.19468563795089722,0.18585497,0.008830667950897209,0.31644195318222046,0.35803276,0.041590806817779546
nearest_neighbor_baseline,110,77021,56322,1.216521143913269,0.7287024855613708,0.67912954,0.04957294556137082,21.913022994995117,22.619465,0.7064420050048845,0.3450627028942108,0.33696523,0.008097472894210811,0.3468244671821594,0.33971024,0.007114227182159427,0.16444315016269684,0.20639324,0.04195008983730317
nearest_neighbor_baseline,111,91847,90921,2.693739652633667,0.8474187850952148,0.8104544,0.036964385095214825,10.288716316223145,10.749181,0.46046468377685557,0.2684381306171417,0.26448187,0.003956260617141716,0.2802151143550873,0.2722839,0.007931214355087257,0.34382161498069763,0.34195542,0.001866194980697622
nearest_neighbor_baseline,112,134768,2311,1.041494607925415,0.03666682541370392,0.11953876,0.08287193458629608,26.406068801879883,23.177954,3.228114801879883,0.6719000339508057,0.66743,0.004470033950805696,0.672766387462616,0.67032707,0.002439317462615942,0.10462003201246262,0.19682221,0.09220217798753738
nearest_neighbor_baseline,113,1618,52662,2.6064059734344482,0.9616100192070007,0.91650623,0.045103789207000755,8.026952743530273,7.1120553,0.9148974435302737,0.48343080282211304,0.46790993,0.015520872822113063,0.5037977695465088,0.47189492,0.031902849546508794,0.3132590055465698,0.1981455,0.11511350554656982
nearest_neighbor_baseline,114,102678,125766,2.4484410285949707,0.6863579750061035,0.5597202,0.12663777500610351,22.19753074645996,22.602724,0.40519325354003755,0.24979692697525024,0.27822566,0.02842873302474974,0.2957887053489685,0.35036916,0.05458045465103151,0.649564266204834,0.5864679,0.06309636620483394
nearest_neighbor_baseline,115,100814,29081,2.2327027320861816,0.918172299861908,0.95395523,0.035782930138092084,16.34230613708496,15.153366,1.1889401370849608,0.3208790719509125,0.29831457,0.022564501950912474,0.4097769558429718,0.32274783,0.08702912584297179,0.5571613907814026,0.49964646,0.05751493078140257
nearest_neighbor_baseline,116,127274,24104,2.3506219387054443,0.8990575671195984,0.9485913,0.04953373288040164,11.998412132263184,11.611339,0.3870731322631844,0.22985534369945526,0.22809029,0.0017650536994552601,0.24328134953975677,0.24676704,0.003485690460243218,0.4603441655635834,0.5080616,0.04771743443641663
nearest_neighbor_baseline,117,24292,75064,2.491305112838745,0.7185665369033813,0.8512997,0.13273316309661864,18.377090454101562,17.14421,1.2328804541015614,0.23252348601818085,0.23024854,0.0022749460181808456,0.23855678737163544,0.2371178,0.0014389873716354473,0.27305275201797485,0.30796364,0.03491088798202513
nearest_neighbor_baseline,118,124114,23095,1.6607022285461426,0.9882724285125732,0.95481944,0.03345298851257328,7.676400661468506,9.069697,1.3932963385314938,0.16719305515289307,0.18998358,0.022790524847106947,0.1749023199081421,0.20126101,0.0263586900918579,0.36732104420661926,0.3852934,0.017972355793380745
nearest_neighbor_baseline,119,68315,129520,2.0570755004882812,0.8605689406394958,0.7292272,0.13134174063949589,12.456307411193848,15.352625,2.896317588806152,0.37910735607147217,0.33287448,0.046232876071472195,0.41919025778770447,0.34990236,0.06928789778770444,0.5044645071029663,0.45254073,0.051923777102966306
nearest_neighbor_baseline,120,98069,14797,1.2846461534500122,0.7266958355903625,0.6859267,0.04076913559036255,22.483694076538086,22.776274,0.29257992346191486,0.5360903143882751,0.46233478,0.07375553438827515,0.5398281216621399,0.46717453,0.07265359166213992,0.2388702929019928,0.18751529,0.0513550029019928
nearest_neighbor_baseline,121,67798,100015,2.0208992958068848,0.994343638420105,0.99406284,0.00028079842010497735,5.312736988067627,5.2553906,0.05734638806762682,0.19058823585510254,0.20289335,0.012305114144897461,0.22560393810272217,0.23949708,0.013893141897277833,0.6648048758506775,0.6908754,0.026070524149322538
nearest_neighbor_baseline,122,91722,38501,1.0794994831085205,0.43293628096580505,0.5330355,0.10009921903419494,25.996305465698242,24.512684,1.483621465698242,0.5987652540206909,0.58080995,0.0179553040206909,0.6022013425827026,0.5824037,0.019797642582702668,0.19713713228702545,0.1626165,0.034520632287025454
nearest_neighbor_baseline,123,88491,44734,2.228549003601074,0.7692577838897705,0.8638806,0.09462281611022949,13.41952133178711,14.797662,1.3781406682128914,0.24747303128242493,0.2344146,0.013058431282424926,0.2678717374801636,0.24700767,0.02086406748016356,0.5190946459770203,0.3999716,0.11912304597702028
nearest_neighbor_baseline,124,128377,61793,2.289639711380005,0.5828669667243958,0.5930979,0.010230933275604204,24.418428421020508,19.38417,5.034258421020507,0.3989304304122925,0.37228206,0.026648370412292455,0.42624205350875854,0.47810468,0.05186262649124146,0.4136858582496643,0.57866937,0.16498351175033565
nearest_neighbor_baseline,125,66005,26727,3.2589097023010254,0.01109381578862667,0.11936989,0.10827607421137334,24.10908317565918,25.506084,1.3970008243408216,0.22486624121665955,0.20436344,0.02050280121665954,0.2470269799232483,0.25969046,0.01266348007675172,0.5103048086166382,0.628498,0.11819319138336182
nearest_neighbor_baseline,126,60871,48481,1.9861598014831543,0.9300470948219299,0.91243213,0.017614964821929924,17.25273895263672,16.227629,1.0251099526367184,0.28200364112854004,0.26331612,0.018687521128540052,0.28617802262306213,0.27107987,0.015098152623062133,0.26268789172172546,0.32694593,0.06425803827827453
nearest_neighbor_baseline,127,3661,55037,2.1849262714385986,0.9040082693099976,0.815457,0.08855126930999757,17.8848819732666,19.4621,1.577218026733398,0.2930971086025238,0.25892687,0.03417023860252383,0.298344224691391,0.2634544,0.034889824691391014,0.31514814496040344,0.26724717,0.047900974960403464
nearest_neighbor_baseline,128,5254,123506,1.1926194429397583,0.10877550393342972,0.16135001,0.05257450606657027,26.654451370239258,28.301107,1.6466556297607404,0.3933239281177521,0.37974232,0.013581608117752053,0.3956649899482727,0.3824067,0.013258289948272717,0.19063304364681244,0.2346681,0.04403505635318755
nearest_neighbor_baseline,129,103048,108465,1.8995970487594604,0.8496430516242981,0.79903287,0.05061018162429809,13.698088645935059,14.983558,1.2854693540649418,0.3058384954929352,0.27745393,0.028384565492935165,0.31062236428260803,0.28180128,0.028821084282608045,0.24803917109966278,0.2387503,0.009288871099662782
nearest_neighbor_baseline,130,41610,44917,1.9426933526992798,0.9930291771888733,0.9764666,0.01656257718887333,5.79287052154541,8.969985,3.1771144784545893,0.18739742040634155,0.17663778,0.010759640406341558,0.21557532250881195,0.22192945,0.00635412749118805,0.64690101146698,0.6562025,0.009301488533020041
nearest_neighbor_baseline,131,43739,119681,2.31071400642395,0.6335262656211853,0.49949542,0.13403084562118528,18.143098831176758,18.65179,0.5086911688232405,0.21632729470729828,0.21536367,0.0009636247072982718,0.24009090662002563,0.2405355,0.0004445933799743784,0.4667157232761383,0.49498078,0.028265056723861703
nearest_neighbor_baseline,132,106331,93199,1.8140993118286133,0.942112147808075,0.9611297,0.019017552191925025,5.944325923919678,4.2591558,1.6851701239196775,0.29406777024269104,0.32463923,0.03057145975730896,0.30693769454956055,0.33303913,0.02610143545043947,0.34195324778556824,0.2031044,0.13884884778556825
nearest_neighbor_baseline,133,99376,116394,2.331820249557495,0.5928112864494324,0.66716266,0.07435137355056765,21.118545532226562,21.724648,0.6061024677734359,0.23060639202594757,0.23176423,0.001157837974052417,0.24682100117206573,0.24029805,0.006522951172065722,0.3493767976760864,0.35671666,0.007339862323913593
nearest_neighbor_baseline,134,17825,55759,2.291814088821411,0.9816173315048218,0.9083497,0.07326763150482174,7.272100925445557,9.554885,2.282784074554444,0.23034530878067017,0.26990777,0.039562461219329825,0.2440912425518036,0.28174427,0.03765302744819643,0.4683496356010437,0.3503315,0.11801813560104368
nearest_neighbor_baseline,135,104515,41757,1.5251173973083496,0.602607250213623,0.6736085,0.07100124978637701,25.167375564575195,23.783697,1.3836785645751952,0.577260434627533,0.5372027,0.040057734627532926,0.5791714787483215,0.54148954,0.037681938748321486,0.18643923103809357,0.21574281,0.02930357896190644
nearest_neighbor_baseline,136,48891,7401,1.9096189737319946,0.7419701218605042,0.7665359,0.024565778139495897,18.532583236694336,19.221857,0.689273763305664,0.201587975025177,0.20338193,0.0017939549748229866,0.22084765136241913,0.2209849,0.00013724863758088346,0.493385374546051,0.49562517,0.0022397954539489784
nearest_neighbor_baseline,137,29684,118821,2.6827173233032227,0.7586387991905212,0.87290853,0.11426973080947878,16.01691436767578,18.840435,2.823520632324218,0.21803539991378784,0.17920546,0.03882993991378783,0.24881060421466827,0.20985526,0.038955344214668286,0.5180519223213196,0.48163995,0.0364119723213196
nearest_neighbor_baseline,138,25533,136915,1.9820072650909424,0.10343598574399948,0.09075033,0.012685655743999477,28.811168670654297,26.818455,1.9927136706542967,0.2729218900203705,0.26332998,0.009591910020370464,0.27588191628456116,0.26608127,0.009800646284561176,0.2311229258775711,0.18700095,0.04412197587757111
nearest_neighbor_baseline,139,20962,98154,2.282508373260498,0.8303178548812866,0.7681416,0.06217625488128664,18.49862289428711,18.334352,0.16427089428711028,0.7169856429100037,0.8197346,0.10274895708999632,0.7195794582366943,0.8252538,0.1056743417633057,0.1875690519809723,0.1902688,0.002699748019027698
nearest_neighbor_baseline,140,119733,13415,2.084394693374634,0.3751423954963684,0.34637225,0.028770145496368416,24.179330825805664,28.02469,3.8453591741943356,0.2580674886703491,0.2612827,0.0032152113296508578,0.2717892825603485,0.2771357,0.005346417439651474,0.42125052213668823,0.29447126,0.12677926213668822
nearest_neighbor_baseline,141,55846,136357,2.3923115730285645,0.31615379452705383,0.3930655,0.07691170547294618,21.452722549438477,25.216278,3.7635554505615225,0.3544870913028717,0.33799875,0.01648834130287169,0.4204324185848236,0.35717443,0.06325798858482362,0.5999671816825867,0.4834872,0.11647998168258666
nearest_neighbor_baseline,142,42954,58990,2.3323864936828613,0.32435154914855957,0.13220209,0.19214945914855958,25.196657180786133,27.442757,2.2460998192138675,0.3105783760547638,0.3016329,0.008945476054763812,0.31778720021247864,0.3157956,0.001991600212478628,0.2922486662864685,0.36197683,0.06972816371353152
nearest_neighbor_baseline,143,113506,15621,2.4888687133789062,0.6566730737686157,0.52073383,0.13593924376861577,17.552125930786133,22.369987,4.8178610692138655,0.1860046088695526,0.18364699,0.0023576188695526024,0.1979738175868988,0.20918016,0.0112063424131012,0.44887080788612366,0.5864407,0.13756989211387638
nearest_neighbor_baseline,144,44350,106663,1.9296975135803223,0.13661156594753265,0.157177,0.020565434052467357,28.543180465698242,29.427174,0.8839935343017586,0.2595975697040558,0.32874823,0.06915066029594419,0.2638147473335266,0.33604646,0.07223171266647338,0.25535282492637634,0.3037447,0.048391875073623636
nearest_neighbor_baseline,145,51254,96709,2.08793044090271,0.9792167544364929,0.9027792,0.07643755443649292,9.547550201416016,8.970675,0.5768752014160157,0.24397660791873932,0.25184458,0.007867972081260666,0.26783502101898193,0.278499,0.010663978981018063,0.46654096245765686,0.4988706,0.03232963754234314
nearest_neighbor_baseline,146,18035,78538,2.3832509517669678,0.3822993040084839,0.50012565,0.11782634599151609,18.811527252197266,16.461933,2.3495942521972673,0.20704618096351624,0.23202096,0.024974779036483763,0.21838195621967316,0.23934329,0.02096133378032683,0.348538339138031,0.28994894,0.05858939913803102
nearest_neighbor_baseline,147,57139,110002,2.6093273162841797,0.6003466248512268,0.53644776,0.06389886485122676,18.440961837768555,21.155361,2.7143991622314445,0.22120130062103271,0.22251806,0.001316759378967275,0.23892977833747864,0.23083885,0.008090928337478626,0.4269413352012634,0.38375568,0.04318565520126344
nearest_neighbor_baseline,148,288,125185,1.9467097520828247,0.6988274455070496,0.6634564,0.035371045507049614,20.6501522064209,18.851463,1.7986892064208995,0.2901436388492584,0.2600071,0.030136538849258432,0.2948920726776123,0.26329082,0.031601252677612324,0.24699810147285461,0.23805518,0.00894292147285461
nearest_neighbor_baseline,149,54183,51894,2.272000312805176,0.8063332438468933,0.79485834,0.011474903846893314,14.911701202392578,15.779094,0.8673927976074225,0.25395438075065613,0.2263196,0.02763478075065612,0.2643693685531616,0.23980963,0.024559738553161625,0.3302890360355377,0.39517897,0.0648899339644623
nearest_neighbor_baseline,150,17827,128049,0.9371863603591919,0.05334332585334778,0.070121095,0.016777769146652216,28.959312438964844,27.556084,1.4032284389648453,0.9446243047714233,0.96538943,0.020765125228576653,0.9461948275566101,0.96554184,0.019347012443389877,0.10400991886854172,0.038153097,0.06585682186854172
nearest_neighbor_baseline,151,42200,42663,1.1334773302078247,0.4300304651260376,0.4973401,0.06730963487396241,26.352191925048828,27.58751,1.2353180749511736,0.4789890944957733,0.5062406,0.027251505504226725,0.4808235764503479,0.5076567,0.02683312354965206,0.16059933602809906,0.15230675,0.00829258602809907
nearest_neighbor_baseline,152,50369,105534,2.0184593200683594,0.45005226135253906,0.17702001,0.27303225135253906,27.91676139831543,28.349092,0.43233060168456916,0.2624760866165161,0.28710875,0.02463266338348391,0.26686736941337585,0.28924185,0.022374480586624168,0.23641930520534515,0.1408743,0.09554500520534515
nearest_neighbor_baseline,153,119874,35208,2.971139430999756,0.8218790888786316,0.7470299,0.07484918887863157,16.456321716308594,19.496372,3.040050283691407,0.22042499482631683,0.22233842,0.0019134251736831753,0.23515596985816956,0.24333227,0.008176300141830434,0.4319608211517334,0.50226736,0.07030653884826665
nearest_neighbor_baseline,154,110298,9258,2.5362486839294434,0.1367754489183426,0.2259466,0.08917115108165741,23.247852325439453,22.633484,0.6143683254394539,0.22759994864463806,0.22624949,0.001350458644638064,0.23203060030937195,0.23233566,0.00030505969062805116,0.270988404750824,0.24709448,0.02389392475082397
nearest_neighbor_baseline,155,1539,63137,2.6127078533172607,0.835475504398346,0.85445946,0.018983955601654,18.56536293029785,18.22089,0.34447293029785087,0.25785645842552185,0.25985387,0.0019974115744781362,0.26365992426872253,0.30349293,0.03983300573127746,0.27497830986976624,0.42551678,0.15053847013023375
nearest_neighbor_baseline,156,52379,89344,2.0796475410461426,0.8127415180206299,0.84594667,0.03320515197937013,15.022553443908691,15.744453,0.7218995560913086,0.4447512626647949,0.39838147,0.04636979266479491,0.4699316620826721,0.42650217,0.043429492082672105,0.42066890001296997,0.5314537,0.11078479998703006
nearest_neighbor_baseline,157,68642,11688,1.4323252439498901,0.7184726595878601,0.77376485,0.05529219041213984,13.556318283081055,15.272466,1.716147716918945,0.38214123249053955,0.4046297,0.02248846750946043,0.3903028964996338,0.41623184,0.02592894350036623,0.3065817654132843,0.3413217,0.034739934586715704
nearest_neighbor_baseline,158,139498,125737,3.6100125312805176,0.22027312219142914,0.1847325,0.035540622191429144,22.676250457763672,24.587997,1.9117465422363296,0.2912186086177826,0.29889354,0.00767493138221742,0.3157556653022766,0.31951642,0.003760754697723412,0.44348856806755066,0.38287804,0.060610528067550684
nearest_neighbor_baseline,159,1502,28443,2.157747745513916,0.9388509392738342,0.8747653,0.06408563927383426,5.457469463348389,5.966621,0.5091515366516113,0.23787283897399902,0.23841435,0.0005415110260009737,0.2523933947086334,0.24276061,0.009632784708633435,0.28033339977264404,0.26273558,0.01759781977264402
nearest_neighbor_baseline,160,127469,112274,1.743950366973877,0.2576312720775604,0.16614236,0.09148891207756044,28.415271759033203,25.79963,2.6156417590332026,0.5384765863418579,0.49021357,0.04826301634185792,0.5489834547042847,0.5076604,0.041323054704284656,0.23022249341011047,0.3123826,0.08216010658988954
nearest_neighbor_baseline,161,43268,85440,1.6085419654846191,0.9573438167572021,0.9592159,0.0018720832427978618,6.33482551574707,5.5796895,0.7551360157470706,0.25189894437789917,0.26853508,0.01663613562210081,0.28060173988342285,0.27953848,0.0010632598834228735,0.3989742696285248,0.30148184,0.09749242962852478
nearest_neighbor_baseline,162,42803,65934,1.845422625541687,0.9298596382141113,0.9084822,0.02137743821411131,15.849356651306152,17.564554,1.7151973486938488,0.29051512479782104,0.24044713,0.050067994797821036,0.29788938164711,0.24926578,0.04862360164710999,0.30500543117523193,0.3240329,0.01902746882476808
nearest_neighbor_baseline,163,1459,87115,3.8766119480133057,0.2232780158519745,0.31125742,0.08797940414802552,21.42257308959961,22.369558,0.946984910400392,0.24741539359092712,0.26200303,0.014587636409072902,0.3123012185096741,0.36804664,0.05574542149032591,0.7275403141975403,0.71938926,0.008151054197540253
nearest_neighbor_baseline,164,68069,41992,2.0074634552001953,0.4477175772190094,0.4174658,0.0302517772190094,23.548105239868164,19.837389,3.7107162398681623,0.25261586904525757,0.21155006,0.041065809045257556,0.25762614607810974,0.21506488,0.04256126607810973,0.24447622895240784,0.22330345,0.02117277895240785
nearest_neighbor_baseline,165,46663,1207,1.755135416984558,0.8422738313674927,0.6306602,0.21161363136749267,15.229578018188477,12.79828,2.4312980181884765,0.33264586329460144,0.32826695,0.004378913294601439,0.3447018563747406,0.34460637,9.54863747406054e-05,0.38885506987571716,0.3558489,0.03300616987571714
nearest_neighbor_baseline,166,102649,123284,2.128997802734375,0.9267905354499817,0.87527996,0.05151057544998172,12.697285652160645,14.113092,1.4158063478393554,0.21367786824703217,0.21014732,0.003530548247032167,0.22400422394275665,0.23421419,0.010209966057243336,0.39403167366981506,0.47727737,0.08324569633018492
nearest_neighbor_baseline,167,23918,22473,2.0659666061401367,0.223782479763031,0.055500045,0.168282434763031,21.89891242980957,26.757128,4.858215570190431,0.3800877332687378,0.36788923,0.012198503268737781,0.38341760635375977,0.3722383,0.011179306353759744,0.1922699213027954,0.20740405,0.015134128697204596
nearest_neighbor_baseline,168,129278,48600,2.0716140270233154,0.9830107092857361,0.9634831,0.019527609285736047,9.582308769226074,9.824373,0.24206423077392536,0.19752728939056396,0.22221565,0.024688360609436022,0.20738667249679565,0.23145387,0.02406719750320435,0.41168761253356934,0.34987503,0.06181258253356936
nearest_neighbor_baseline,169,88135,111385,1.8350733518600464,0.9644374251365662,0.9512185,0.013218925136566195,5.7085723876953125,5.435145,0.27342738769531216,0.2838384211063385,0.31485316,0.03101473889366152,0.29297709465026855,0.35973653,0.06675943534973144,0.31795060634613037,0.40417278,0.08622217365386964
nearest_neighbor_baseline,170,83412,109118,1.322187066078186,0.20915058255195618,0.17418015,0.03497043255195617,25.530866622924805,27.298477,1.7676103770751936,0.34092825651168823,0.34834108,0.007412823488311793,0.3432122468948364,0.3515214,0.008309153105163558,0.21235501766204834,0.19718997,0.015165047662048348
nearest_neighbor_baseline,171,95843,59777,2.009859085083008,0.3678145706653595,0.26585367,0.10196090066535951,26.342512130737305,28.249697,1.9071848692626965,0.48396244645118713,0.40244472,0.08151772645118716,0.5807052254676819,0.4884497,0.0922555254676819,0.5384745597839355,0.5374531,0.00102145978393553
nearest_neighbor_baseline,172,127898,12944,1.3527735471725464,0.5614676475524902,0.6105009,0.04903325244750978,20.044591903686523,23.13431,3.089718096313476,0.534875214099884,0.55489653,0.02002131590011602,0.5372099876403809,0.56111866,0.023908672359619132,0.1564190685749054,0.22003186,0.0636127914250946
nearest_neighbor_baseline,173,131660,42617,2.6060402393341064,0.6335986256599426,0.6201903,0.013408325659942655,19.097429275512695,22.282326,3.184896724487306,0.23877212405204773,0.27630904,0.037536915947952276,0.24958732724189758,0.28633088,0.03674355275810243,0.3458995521068573,0.39370427,0.04780471789314272
nearest_neighbor_baseline,174,116898,52122,1.1910113096237183,0.8882390856742859,0.920569,0.03232991432571408,7.021270751953125,5.976424,1.0448467519531253,0.4542270600795746,0.45569226,0.0014651999204254307,0.457319051027298,0.46005416,0.002735108972702016,0.16649813950061798,0.15364957,0.012848569500617968
nearest_neighbor_baseline,175,62291,115483,2.9829330444335938,0.4612443745136261,0.4368854,0.02435897451362612,22.543989181518555,27.196178,4.652188818481445,0.33035600185394287,0.28598428,0.04437172185394289,0.3341665267944336,0.30417836,0.029988166794433613,0.19652752578258514,0.3518146,0.15528707421741483
nearest_neighbor_baseline,176,59051,138667,1.555548071861267,0.9322256445884705,0.9371833,0.0049576554115295934,4.838554382324219,4.2727866,0.5657677823242189,0.35978245735168457,0.37492657,0.015144112648315444,0.36753004789352417,0.3836945,0.016164452106475824,0.21687181293964386,0.28719553,0.07032371706035612
nearest_neighbor_baseline,177,11502,79817,0.7523382902145386,0.41365501284599304,0.3774842,0.03617081284599305,25.19748306274414,25.969688,0.7722049372558608,0.8096053004264832,0.8260946,0.016489299573516858,0.8120823502540588,0.82788026,0.015797909745941197,0.15952062606811523,0.13646677,0.023053856068115247
nearest_neighbor_baseline,178,42254,100468,1.4936392307281494,0.20610396564006805,0.15072244,0.05538152564006804,27.999755859375,28.104229,0.10447314062500013,0.29505112767219543,0.29563823,0.0005871023278045673,0.3030548691749573,0.3006917,0.002363169174957269,0.2910068929195404,0.21228768,0.0787192129195404
nearest_neighbor_baseline,179,46132,118040,1.5655654668807983,0.9532700777053833,0.9381767,0.015093377705383326,2.435485363006592,2.7796597,0.34417433699340805,0.3674461245536804,0.34425157,0.023194554553680413,0.3962833285331726,0.36166787,0.034615458533172605,0.366061270236969,0.32354036,0.04252091023696897
nearest_neighbor_baseline,180,51618,66606,2.1918792724609375,0.28776049613952637,0.37032053,0.08256003386047361,27.53114128112793,26.036715,1.4944262811279287,0.27717751264572144,0.31001493,0.032837417354278586,0.29834333062171936,0.32229596,0.023952629378280632,0.3389681279659271,0.3179883,0.020979827965927123
nearest_neighbor_baseline,181,67014,126390,2.0585899353027344,0.9574833512306213,0.9761339,0.01865054876937866,15.843039512634277,12.398172,3.4448675126342767,0.25967487692832947,0.26405317,0.004378293071670536,0.2661496698856354,0.26692203,0.0007723601143646008,0.26460251212120056,0.19055498,0.07404753212120055
nearest_neighbor_baseline,182,99602,49961,1.8008264303207397,0.9707704186439514,0.98323125,0.012460831356048585,6.694931507110596,7.293705,0.5987734928894044,0.22188003361225128,0.18892466,0.03295537361225129,0.23711428046226501,0.20418373,0.03293055046226501,0.3392365276813507,0.38552797,0.04629144231864929
nearest_neighbor_baseline,183,67695,48290,1.8643947839736938,0.8648279905319214,0.97444177,0.1096137794680786,11.171058654785156,9.519079,1.6519796547851566,0.21688558161258698,0.24165972,0.02477413838741302,0.2524215877056122,0.26373178,0.011310192294387844,0.4863342344760895,0.49248752,0.006153285523910534
nearest_neighbor_baseline,184,41623,94106,1.2713943719863892,0.6642737984657288,0.67017376,0.005899961534271192,22.936355590820312,21.726582,1.209773590820312,0.5204486846923828,0.42676258,0.09368610469238281,0.5221009254455566,0.42880788,0.09329304544555667,0.15627992153167725,0.18695776,0.030677838468322755
nearest_neighbor_baseline,185,67410,114091,3.1129610538482666,0.11102240532636642,0.17347693,0.06245452467363358,24.38438606262207,23.181128,1.2032580626220692,0.24143561720848083,0.24559449,0.004158872791519164,0.26759687066078186,0.3122152,0.044618329339218166,0.5558861494064331,0.71904093,0.16315478059356692
nearest_neighbor_baseline,186,57821,78994,2.5885772705078125,0.3842431902885437,0.40926892,0.02502572971145628,22.458663940429688,23.096407,0.6377430595703117,0.22964121401309967,0.22079779,0.008843424013099677,0.23993141949176788,0.23269965,0.007231769491767875,0.42669153213500977,0.39379376,0.03289777213500977
nearest_neighbor_baseline,187,5920,72573,1.9166001081466675,0.9089928269386292,0.87789935,0.031093476938629183,9.811244010925293,11.328646,1.517401989074708,0.27533620595932007,0.2570406,0.01829560595932006,0.2784252464771271,0.25945377,0.018971476477127103,0.1648668795824051,0.17801166,0.013144780417594898
nearest_neighbor_baseline,188,70264,130863,1.1756664514541626,0.3692924976348877,0.4099868,0.04069430236511229,25.87555694580078,25.91455,0.03899305419921717,0.5002956390380859,0.54621243,0.045916790961914034,0.5010603666305542,0.5467785,0.045718133369445746,0.11038407683372498,0.09397277,0.01641130683372498
nearest_neighbor_baseline,189,122404,43636,1.517080307006836,0.5713683366775513,0.6421041,0.07073576332244869,24.666730880737305,24.806776,0.14004511926269458,0.3239371180534363,0.38167205,0.057734931946563706,0.3252662122249603,0.3842057,0.058939487775039656,0.13209907710552216,0.19629765,0.06419857289447783
nearest_neighbor_baseline,190,125615,86089,0.9470853805541992,0.40137115120887756,0.42721227,0.02584111879112244,27.125255584716797,25.1097,2.0155555847167967,0.7612732648849487,0.76693326,0.0056599951150512195,0.7629749774932861,0.7684736,0.005498622506713846,0.15035249292850494,0.11646682,0.033885672928504945
nearest_neighbor_baseline,191,61615,18818,3.248962163925171,0.2701215147972107,0.09353386,0.1765876547972107,22.353181838989258,23.870848,1.517666161010741,0.20859643816947937,0.21282002,0.0042235818305206285,0.2204815298318863,0.22480519,0.004323660168113697,0.3704616129398346,0.39727622,0.02681460706016542
nearest_neighbor_baseline,192,4980,41428,1.9227491617202759,0.8933634757995605,0.91231287,0.018949394200439507,11.852629661560059,12.093957,0.24132733843994103,0.21963155269622803,0.23634078,0.016709227303771973,0.23571009933948517,0.2517658,0.016055700660514816,0.4240078926086426,0.3823296,0.041678292608642586
nearest_neighbor_baseline,193,100008,52726,1.5189645290374756,0.9617142081260681,0.9666059,0.004891691873931903,8.50586986541748,11.439846,2.933976134582519,0.3523463010787964,0.36922804,0.016881738921203593,0.3751043677330017,0.3845366,0.009432232266998297,0.48040422797203064,0.4353785,0.04502572797203064
nearest_neighbor_baseline,194,49295,130943,0.8986278176307678,0.1231807991862297,0.21902457,0.0958437708137703,27.741497039794922,28.33867,0.5971729602050786,0.827679455280304,0.8564889,0.028809444719696042,0.8286038041114807,0.85750955,0.02890574588851924,0.11025538295507431,0.09974089,0.010514492955074312
nearest_neighbor_baseline,195,82382,115142,1.9837849140167236,0.6931267380714417,0.95940125,0.26627451192855833,13.840169906616211,16.17942,2.3392500933837894,0.2903633117675781,0.33367944,0.04331612823242187,0.2987932562828064,0.33721516,0.03842190371719362,0.26559069752693176,0.24706848,0.018522217526931756
nearest_neighbor_baseline,196,24276,49603,1.3877719640731812,0.5843071937561035,0.5333079,0.05099929375610357,23.145647048950195,24.617947,1.4722999510498056,0.3294823169708252,0.33726513,0.007782813029174829,0.3317641615867615,0.3399275,0.008163338413238519,0.16406035423278809,0.19957608,0.0355157257672119
nearest_neighbor_baseline,197,53983,28895,1.5603379011154175,0.16670215129852295,0.18479988,0.01809772870147705,24.07331085205078,24.577337,0.5040261479492187,0.5389576554298401,0.6083756,0.06941794457015993,0.5408320426940918,0.6118201,0.07098805730590818,0.15814410150051117,0.20934775,0.05120364849948883
nearest_neighbor_baseline,198,92812,12512,2.7069687843322754,0.5308684706687927,0.5756875,0.044819029331207294,22.074033737182617,24.135557,2.0615232628173814,0.2598499655723572,0.27257717,0.012727204427642802,0.2677235007286072,0.2769333,0.009209799271392816,0.2737891972064972,0.21184646,0.061942737206497206
nearest_neighbor_baseline,199,136517,110423,1.7780009508132935,0.7970259785652161,0.7944265,0.002599478565216029,18.980613708496094,16.446856,2.5337577084960934,0.2763410806655884,0.2887997,0.012458619334411614,0.2893999516963959,0.30435038,0.014950428303604102,0.3191401958465576,0.35470855,0.035568354153442394
nearest_neighbor_baseline,200,76666,24640,1.6059635877609253,0.9215846657752991,0.91785604,0.003728625775299088,3.9975311756134033,4.7940564,0.7965252243865963,0.2861793637275696,0.28115964,0.005019723727569592,0.2924346625804901,0.2912199,0.0012147625804901363,0.266277015209198,0.3271654,0.060888384790802
nearest_neighbor_baseline,201,79555,55220,2.3968567848205566,0.15172463655471802,0.031251553,0.12047308355471802,26.852567672729492,24.826643,2.0259246727294915,0.3134024441242218,0.29425612,0.019146324124221792,0.33297082781791687,0.3056174,0.027353427817916887,0.3507451117038727,0.28451583,0.06622928170387266
nearest_neighbor_baseline,202,117461,57684,2.323392629623413,0.2847936749458313,0.28820732,0.0034136450541686902,23.435754776000977,19.60513,3.8306247760009775,0.28677427768707275,0.2335871,0.05318717768707276,0.2896139919757843,0.23656078,0.053053211975784303,0.19927524030208588,0.22775514,0.02847989969791412
nearest_neighbor_baseline,203,73404,19562,2.0899405479431152,0.8226045370101929,0.84077525,0.018170712989807103,15.226225852966309,14.30075,0.9254758529663079,0.2054831087589264,0.21515587,0.009672761241073607,0.2163880169391632,0.22222431,0.0058362930608368,0.4018977880477905,0.30185437,0.10004341804779054
nearest_neighbor_baseline,204,93290,132979,2.138249158859253,0.3461832106113434,0.38218084,0.03599762938865664,23.926956176757812,19.519865,4.407091176757813,0.4728635847568512,0.4165194,0.05634418475685121,0.4799629747867584,0.46556637,0.014396604786758416,0.3013550043106079,0.37398532,0.0726303156893921
nearest_neighbor_baseline,205,60388,42988,1.2400544881820679,0.5565372109413147,0.4991929,0.0573443109413147,17.287195205688477,19.237764,1.950568794311522,0.39355045557022095,0.42686492,0.033314464429779034,0.39533546566963196,0.42910475,0.03376928433036802,0.15190856158733368,0.15040667,0.0015018915873336869
nearest_neighbor_baseline,206,138453,66522,1.9241766929626465,0.6785454154014587,0.5038399,0.17470551540145873,16.808204650878906,15.150395,1.6578096508789066,0.3312393128871918,0.34107965,0.00984033711280824,0.33774182200431824,0.3478903,0.010148477995681748,0.22989684343338013,0.26401186,0.03411501656661986
nearest_neighbor_baseline,207,137789,106407,0.9332907199859619,0.7167369723320007,0.6337114,0.0830255723320007,19.71183967590332,18.721075,0.9907646759033213,0.4939260184764862,0.5062929,0.01236688152351384,0.4957588315010071,0.5074835,0.011724668498992896,0.15563827753067017,0.11481538,0.04082289753067017
nearest_neighbor_baseline,208,73576,126402,2.6534790992736816,0.26250120997428894,0.5218997,0.259398490025711,22.019784927368164,24.327305,2.307520072631835,0.20419526100158691,0.22080491,0.01660964899841308,0.21544741094112396,0.23131151,0.015864099058876036,0.370973140001297,0.3985246,0.02755145999870301
nearest_neighbor_baseline,209,65699,17608,1.7673749923706055,0.9466643929481506,0.96925884,0.02259444705184932,8.095479965209961,9.788651,1.6931710347900388,0.3024384081363678,0.29172635,0.010712058136367775,0.31252822279930115,0.30962852,0.0028997027993011293,0.3348160684108734,0.3831538,0.048337731589126576
nearest_neighbor_baseline,210,131957,62636,1.8496240377426147,0.347000390291214,0.09494855,0.25205184029121397,22.705524444580078,25.680159,2.9746345554199216,0.3109187185764313,0.2657775,0.045141218576431275,0.3128545582294464,0.2686766,0.044177958229446423,0.17060637474060059,0.18744282,0.016836445259399424
nearest_neighbor_baseline,211,56838,59781,1.1040750741958618,0.030885372310876846,0.09700054,0.06611516768912315,30.34194564819336,29.897211,0.4447346481933607,0.544304370880127,0.5346303,0.00967407088012695,0.5495858192443848,0.5360146,0.013571219244384758,0.17324553430080414,0.13757811,0.035667424300804135
nearest_neighbor_baseline,212,74392,66041,2.041343927383423,0.9256101250648499,0.922102,0.0035081250648498763,13.72458267211914,12.47795,1.2466326721191408,0.2637467384338379,0.25534257,0.0084041684338379,0.2704562544822693,0.26792622,0.0025300344822692944,0.3398142158985138,0.3647414,0.0249271841014862
nearest_neighbor_baseline,213,27582,10229,1.3579391241073608,0.9254817962646484,0.9525448,0.027063003735351532,10.825154304504395,9.497598,1.3275563045043945,0.6236396431922913,0.669496,0.04585635680770872,0.6337371468544006,0.6802452,0.04650805314559936,0.2173345386981964,0.2390646,0.021730061301803577
nearest_neighbor_baseline,214,39616,45489,2.303846597671509,0.07195650786161423,0.022575999,0.04938050886161423,29.147356033325195,26.11699,3.030366033325194,0.33689427375793457,0.28480977,0.05208450375793455,0.3377484977245331,0.29009497,0.047653527724533074,0.1446063369512558,0.22421275,0.07960641304874419
nearest_neighbor_baseline,215,118498,125267,2.223130702972412,0.9662544131278992,0.98219115,0.015936736872100843,4.687283992767334,6.200924,1.5136400072326657,0.5874233841896057,0.6923044,0.10488101581039433,0.5967351794242859,0.7000263,0.1032911205757141,0.24747055768966675,0.18214685,0.06532370768966675
nearest_neighbor_baseline,216,3750,64344,1.1876286268234253,0.8670017719268799,0.89664364,0.02964186807312008,14.131857872009277,15.457788,1.3259301279907234,0.40330395102500916,0.41100755,0.007703598974990844,0.416160523891449,0.41481394,0.0013465838914489825,0.28647127747535706,0.19530971,0.09116156747535706
nearest_neighbor_baseline,217,124660,52642,2.191220998764038,0.14367440342903137,0.31246853,0.16879412657096865,25.074289321899414,18.686245,6.3880443218994145,0.2239270657300949,0.22260462,0.0013224457300949066,0.23464685678482056,0.23056856,0.004078296784820551,0.31511878967285156,0.30568507,0.00943371967285156
nearest_neighbor_baseline,218,58244,44608,0.8656407594680786,0.6788081526756287,0.6954102,0.016602047324371316,24.094568252563477,23.035995,1.0585732525634768,0.6624741554260254,0.61984855,0.04262560542602534,0.6640668511390686,0.6221708,0.04189605113906858,0.1797281801700592,0.18806607,0.008337889829940798
nearest_neighbor_baseline,219,22477,11206,1.7839844226837158,0.5685874223709106,0.66224164,0.09365421762908932,23.498695373535156,24.630816,1.1321206264648431,0.25245508551597595,0.29796034,0.04550525448402404,0.264975905418396,0.30647868,0.04150277458160401,0.35381564497947693,0.33943483,0.014380814979476908
nearest_neighbor_baseline,220,22625,79572,2.7085299491882324,0.5095767378807068,0.33128765,0.1782890878807068,23.1539249420166,20.73046,2.423464942016601,0.3120560646057129,0.29129928,0.020756784605712897,0.3299080431461334,0.33917317,0.009265126853866601,0.4476667642593384,0.49903515,0.051368385740661604
nearest_neighbor_baseline,221,35316,16204,2.0593974590301514,0.2725760340690613,0.22036391,0.05221212406906128,25.533056259155273,28.427147,2.894090740844728,0.2539195716381073,0.23846011,0.015459461638107297,0.2608480453491211,0.2458106,0.015037445349121104,0.2729625701904297,0.26518774,0.007774830190429682
nearest_neighbor_baseline,222,51030,108663,1.9617210626602173,0.4254416823387146,0.47545728,0.05001559766128538,18.169496536254883,19.119091,0.9495944637451181,0.3718529939651489,0.3490778,0.022775193965148932,0.37332525849342346,0.35220948,0.021115778493423443,0.13531412184238434,0.17081214,0.03549801815761566
nearest_neighbor_baseline,223,1072,64700,2.2021093368530273,0.9416605234146118,0.9441092,0.0024486765853881653,7.599205493927002,7.9127345,0.31352900607299805,0.31363925337791443,0.2731104,0.04052885337791445,0.3391231894493103,0.30915132,0.029971869449310296,0.3673032522201538,0.4763951,0.10909184777984621
nearest_neighbor_baseline,224,43252,92618,2.0398612022399902,0.8171783685684204,0.83115256,0.01397419143157963,18.808080673217773,17.963335,0.8447456732177727,0.22776822745800018,0.24856496,0.02079673254199982,0.3252243101596832,0.2796273,0.045597010159683204,0.8021296262741089,0.6282146,0.17391502627410893
nearest_neighbor_baseline,225,122611,102407,2.339035749435425,0.9389393925666809,0.7710879,0.16785149256668086,9.272452354431152,11.999344,2.7268916455688483,0.26624795794487,0.26896265,0.00271469205513003,0.2838412821292877,0.28558514,0.0017438578707122954,0.46479371190071106,0.39653227,0.06826144190071104
nearest_neighbor_baseline,226,100627,81567,2.853341579437256,0.14841178059577942,0.08373386,0.06467792059577943,26.9078311920166,21.750286,5.157545192016602,0.21113350987434387,0.23191199,0.02077848012565614,0.24381183087825775,0.23914018,0.004671650878257744,0.41355228424072266,0.2567246,0.15682768424072263
nearest_neighbor_baseline,227,2721,129446,1.0802571773529053,0.566077709197998,0.39124614,0.17483156919799803,26.876001358032227,25.54052,1.3354813580322258,0.5572953820228577,0.59793234,0.040636957977142285,0.5584615468978882,0.60088986,0.042428313102111814,0.14981630444526672,0.16352816,0.013711855554733282
nearest_neighbor_baseline,228,24569,31011,1.865044355392456,0.30029481649398804,0.07997736,0.22031745649398804,24.065744400024414,25.063278,0.9975335999755863,0.35099080204963684,0.37589064,0.024899837950363157,0.3522249460220337,0.37932542,0.027100473977966333,0.16013021767139435,0.18083556,0.020705342328605658
nearest_neighbor_baseline,229,41521,61295,2.1813108921051025,0.13593512773513794,0.07289079,0.06304433773513794,31.726367950439453,28.077456,3.6489119504394516,0.38157981634140015,0.38031256,0.0012672563414001248,0.3894308805465698,0.3924869,0.003056019453430203,0.17375996708869934,0.29339442,0.11963445291130065
nearest_neighbor_baseline,230,62517,113069,2.380551338195801,0.3795091211795807,0.13931303,0.24019609117958068,24.9518985748291,23.992552,0.9593465748291017,0.2585184574127197,0.290519,0.0320005425872803,0.2669264078140259,0.299823,0.03289659218597413,0.3125227689743042,0.2844439,0.028078868974304172
nearest_neighbor_baseline,231,17066,41675,1.7378326654434204,0.6757594347000122,0.6362742,0.039485234700012195,20.142698287963867,20.406773,0.264074712036134,0.2673056423664093,0.261379,0.005926642366409329,0.2819502055644989,0.2719739,0.00997630556449891,0.3910910487174988,0.33112547,0.0599655787174988
nearest_neighbor_baseline,232,91418,56104,2.2580859661102295,0.2569587528705597,0.29394087,0.03698211712944033,25.102170944213867,21.852108,3.250062944213866,0.32240885496139526,0.2483825,0.07402635496139526,0.32671087980270386,0.25417295,0.07253792980270385,0.19831891357898712,0.24930929,0.05099037642101287
nearest_neighbor_baseline,233,32688,199,1.486655354499817,0.19197091460227966,0.16406295,0.02790796460227965,29.658493041992188,30.972347,1.3138539580078117,0.47181418538093567,0.4185848,0.05322938538093569,0.47767969965934753,0.42051584,0.05716385965934756,0.2460853010416031,0.16478589,0.0812994110416031
nearest_neighbor_baseline,234,91789,28003,1.763703465461731,0.3502729535102844,0.4917091,0.1414361464897156,28.08460807800293,27.438684,0.6459240780029312,0.44603419303894043,0.42513898,0.02089521303894043,0.447976678609848,0.42835578,0.019620898609848003,0.15865683555603027,0.24036537,0.08170853444396972
nearest_neighbor_baseline,235,13028,61471,2.4321296215057373,0.9262827038764954,0.91147655,0.01480615387649531,14.226399421691895,15.363368,1.136968578308105,0.221685990691185,0.19837642,0.023309570691185,0.24867309629917145,0.24767542,0.0009976762991714405,0.6794409155845642,0.8043472,0.12490628441543583
nearest_neighbor_baseline,236,70948,131081,2.9138786792755127,0.47475647926330566,0.044724163,0.4300323162633057,21.67498779296875,23.031775,1.3567872070312497,0.25564053654670715,0.21503708,0.04060345654670716,0.2727939188480377,0.22414741,0.04864650884803773,0.37706810235977173,0.28810146,0.08896664235977175
nearest_neighbor_baseline,237,28223,63682,1.8092677593231201,0.5213207006454468,0.5405529,0.019232199354553225,19.88282585144043,22.52343,2.6406041485595715,0.3333892226219177,0.34466538,0.011276157378082297,0.3499687612056732,0.38059124,0.03062247879432678,0.2541433274745941,0.35471535,0.10057202252540587
nearest_neighbor_baseline,238,78181,130081,1.631500482559204,0.13523583114147186,0.14918949,0.013953658858528145,24.237167358398438,25.68636,1.449192641601563,0.2751937508583069,0.2929502,0.01775644914169311,0.2974250018596649,0.30875295,0.011327948140335109,0.4636492133140564,0.43659955,0.027049663314056394
nearest_neighbor_baseline,239,105157,64350,0.9418147206306458,0.40299588441848755,0.44862574,0.045629855581512446,25.10530662536621,26.42577,1.320463374633789,0.5776631832122803,0.6325838,0.054920616787719756,0.5826498866081238,0.6380062,0.05535631339187619,0.22386182844638824,0.24677007,0.022908241553611763
nearest_neighbor_baseline,240,108248,86618,1.905346155166626,0.1990608423948288,0.079751275,0.1193095673948288,27.414281845092773,24.599041,2.8152408450927737,0.25589847564697266,0.22688648,0.029011995646972655,0.26057517528533936,0.22869721,0.031877965285339344,0.210269033908844,0.17098586,0.039283173908844005
nearest_neighbor_baseline,241,103589,30768,1.7818489074707031,0.9526984095573425,0.9245767,0.0281217095573425,10.299005508422852,9.835166,0.4638395084228524,0.28738489747047424,0.29755396,0.010169062529525763,0.3079780638217926,0.32644728,0.018469216178207404,0.405950665473938,0.38868377,0.017266895473938004
nearest_neighbor_baseline,242,8463,83381,2.3533051013946533,0.6509178876876831,0.5976879,0.053229987687683056,22.282888412475586,22.338085,0.05519658752441359,0.29786261916160583,0.2626575,0.03520511916160585,0.35551732778549194,0.3146407,0.04087662778549195,0.5469448566436768,0.52752966,0.019415196643676746
nearest_neighbor_baseline,243,100731,119176,2.074023485183716,0.9733752608299255,0.9736238,0.0002485391700745021,10.746770858764648,12.105621,1.3588501412353509,0.251835435628891,0.29644313,0.04460769437110901,0.26523417234420776,0.31168774,0.04645356765579223,0.4329402446746826,0.4676204,0.034680155325317374
nearest_neighbor_baseline,244,16512,52940,1.735674262046814,0.974998414516449,0.97604,0.001041585483551044,3.617335319519043,4.076639,0.45930368048095715,0.3173682391643524,0.2797953,0.03757293916435239,0.3635704815387726,0.32368872,0.0398817615387726,0.45920637249946594,0.56989783,0.11069145750053411
nearest_neighbor_baseline,245,125001,115923,2.1196577548980713,0.9612070322036743,0.96457726,0.0033702277963256755,11.707761764526367,11.064753,0.6430087645263676,0.2123602032661438,0.20988674,0.0024734632661438105,0.2389327585697174,0.22788495,0.011047808569717404,0.5356545448303223,0.4876974,0.04795714483032226
nearest_neighbor_baseline,246,99304,126101,2.119107723236084,0.8814674615859985,0.81628245,0.06518501158599854,17.08350372314453,17.2654,0.1818962768554684,0.1791950911283493,0.1774206,0.0017744911283492926,0.22196078300476074,0.19805776,0.023903023004760743,0.635172963142395,0.61438125,0.02079171314239503
nearest_neighbor_baseline,247,59368,23670,2.1884329319000244,0.8380179405212402,0.8557076,0.01768965947875978,16.128719329833984,14.390379,1.738340329833985,0.25618165731430054,0.30840245,0.05222079268569946,0.29969730973243713,0.37506026,0.07536295026756284,0.595792293548584,0.5678094,0.027982893548583965
nearest_neighbor_baseline,248,135254,125599,2.6642634868621826,0.4576728343963623,0.5286346,0.07096176560363765,20.021991729736328,21.211502,1.1895102702636713,0.22468715906143188,0.22244284,0.002244319061431882,0.2557793855667114,0.25232762,0.003451765566711451,0.46436163783073425,0.56189287,0.09753123216926574
nearest_neighbor_baseline,249,31376,61132,1.7164387702941895,0.4887722134590149,0.34231502,0.14645719345901487,26.318668365478516,25.90376,0.4149083654785173,0.2702356278896332,0.25250646,0.01772916788963319,0.2779451608657837,0.2626259,0.015319260865783668,0.2631935775279999,0.3366831,0.07348952247200013
nearest_neighbor_baseline,250,43095,68978,2.0036842823028564,0.7221432328224182,0.59944224,0.1227009928224182,20.840309143066406,22.630375,1.7900658569335945,0.24495138227939606,0.2234351,0.02151628227939606,0.2550404667854309,0.23458858,0.020451886785430917,0.3767400085926056,0.3840917,0.0073516914073943895
nearest_neighbor_baseline,251,94578,58712,1.2495378255844116,0.3766583204269409,0.503693,0.12703467957305903,24.081340789794922,22.85769,1.2236507897949203,0.28406545519828796,0.29215786,0.008092404801712028,0.2879476249217987,0.295182,0.007234375078201294,0.24529366195201874,0.21559742,0.029696241952018726
nearest_neighbor_baseline,252,54985,82570,2.2036538124084473,0.7020265460014343,0.8442917,0.14226515399856565,8.930418014526367,12.085671,3.1552529854736324,0.2525956630706787,0.24455297,0.008042693070678703,0.260191947221756,0.26482847,0.004636522778244001,0.2908587157726288,0.3846271,0.09376838422737122
nearest_neighbor_baseline,253,13421,35595,2.8281073570251465,0.8102298974990845,0.72779435,0.08243554749908444,15.536121368408203,16.673859,1.137737631591797,0.25552263855934143,0.25857168,0.0030490414406585953,0.2634940445423126,0.26630026,0.0028062154576873888,0.30988451838493347,0.3865754,0.07669088161506654
nearest_neighbor_baseline,254,14240,20737,1.3937650918960571,0.7615258097648621,0.7968547,0.035328890235137966,18.37971305847168,18.645573,0.26585994152831915,0.41226255893707275,0.49175027,0.07948771106292724,0.41927799582481384,0.4992052,0.07992720417518617,0.2755385935306549,0.25957227,0.015966323530654913
nearest_neighbor_baseline,255,48132,133450,2.0296578407287598,0.8776450157165527,0.7083659,0.16927911571655274,18.035768508911133,18.70371,0.6679414910888681,0.23732785880565643,0.24550048,0.00817262119434356,0.24835672974586487,0.26725075,0.018894020254135113,0.4140992760658264,0.51385146,0.09975218393417362
nearest_neighbor_baseline,256,57668,76057,2.5940628051757812,0.9247175455093384,0.9134295,0.011288045509338374,12.014447212219238,13.021815,1.0073677877807619,0.2211035192012787,0.21295598,0.008147539201278697,0.2377147078514099,0.23470072,0.0030139878514099105,0.4803764224052429,0.5485922,0.06821577759475705
nearest_neighbor_baseline,257,36940,93183,1.8029820919036865,0.7628546953201294,0.5782253,0.18462939532012934,23.18405532836914,22.619211,0.5648443283691407,0.2978813946247101,0.30117878,0.0032973853752898963,0.3026602864265442,0.30450645,0.0018461635734557946,0.2773168385028839,0.2280414,0.049275438502883906
nearest_neighbor_baseline,258,33477,110522,1.9527477025985718,0.9825100302696228,0.9824236,8.643026962285028e-05,10.753311157226562,9.724348,1.0289631572265616,0.23673391342163086,0.21044233,0.02629158342163085,0.25677865743637085,0.23029381,0.026484847436370862,0.5628589987754822,0.51846653,0.0443924687754822
nearest_neighbor_baseline,259,52426,106259,3.0005290508270264,0.9870514273643494,0.9172222,0.06982922736434938,8.922239303588867,11.376332,2.4540926964111325,0.23004032671451569,0.21989527,0.010145056714515682,0.2836034297943115,0.29873827,0.015134840205688449,0.7962726950645447,0.8243051,0.028032404935455335
nearest_neighbor_baseline,260,38779,81108,1.4802839756011963,0.5046404600143433,0.5971405,0.0925000399856567,24.37705421447754,24.50838,0.13132578552245988,0.32937565445899963,0.32135475,0.008020904458999611,0.3339013457298279,0.32503062,0.008870725729827889,0.26155659556388855,0.2820252,0.020468604436111426
nearest_neighbor_baseline,261,91841,138242,1.952991247177124,0.8823594450950623,0.8585684,0.023791045095062247,14.017831802368164,14.2007885,0.18295669763183575,0.2552163898944855,0.25513637,8.001989448547242e-05,0.27404648065567017,0.29645187,0.02240538934432984,0.45402419567108154,0.52818686,0.07416266432891849
nearest_neighbor_baseline,262,24873,75467,0.9703620076179504,0.03924347087740898,0.020702537,0.01854093387740898,31.119020462036133,28.997772,2.1212484620361316,0.7743650674819946,0.7701232,0.004241867481994621,0.7753883600234985,0.7711211,0.004267260023498531,0.11546114087104797,0.13712277,0.02166162912895203
nearest_neighbor_baseline,263,51934,3478,1.028342604637146,0.9604305028915405,0.8966085,0.0638220028915405,12.759183883666992,12.671608,0.08757588366699132,0.40352311730384827,0.39034554,0.013177577303848276,0.4137916564941406,0.4013261,0.012465556494140606,0.3424402177333832,0.36303815,0.020597932266616825
nearest_neighbor_baseline,264,39532,95230,1.547410249710083,0.09328552335500717,0.052459534,0.04082598935500717,31.40552520751953,28.339094,3.066431207519532,0.36296623945236206,0.3252173,0.037748939452362074,0.3703056573867798,0.33479056,0.03551509738677977,0.23687896132469177,0.25707704,0.020198078675308206
nearest_neighbor_baseline,265,31062,37944,1.6937729120254517,0.9155126214027405,0.87256724,0.04294538140274051,12.100584983825684,11.510583,0.5900019838256831,0.2739427387714386,0.26516834,0.008774398771438596,0.28743380308151245,0.28399855,0.003435253081512435,0.3283343017101288,0.28436866,0.04396564171012879
nearest_neighbor_baseline,266,50183,48346,1.6286036968231201,0.19950082898139954,0.29948872,0.09998789101860045,26.68803596496582,24.913795,1.77424096496582,0.4828950762748718,0.44163948,0.04125559627487185,0.48435455560684204,0.4461289,0.038225655606842046,0.13189975917339325,0.2384472,0.10654744082660675
nearest_neighbor_baseline,267,36167,20583,2.068012237548828,0.6926880478858948,0.7044345,0.011746452114105188,22.54338264465332,22.294357,0.24902564465331878,0.29457393288612366,0.26164585,0.032928082886123644,0.302859902381897,0.26541677,0.03744313238189695,0.30416929721832275,0.22317527,0.08099402721832274
nearest_neighbor_baseline,268,8665,134978,1.9895237684249878,0.8262163400650024,0.6832746,0.1429417400650025,16.63707733154297,17.090548,0.45347066845702955,0.26183101534843445,0.26792148,0.006090464651565541,0.2830565273761749,0.2834196,0.000363072623825067,0.46227142214775085,0.40337574,0.05889568214775087
nearest_neighbor_baseline,269,76263,63188,2.8882906436920166,0.12508715689182281,0.17031556,0.04522840310817719,27.554298400878906,21.382309,6.171989400878907,0.2485816329717636,0.22443794,0.02414369297176361,0.2618882656097412,0.25195977,0.009928495609741184,0.3925582468509674,0.3877402,0.004818046850967428
nearest_neighbor_baseline,270,35307,10973,1.8310247659683228,0.9710898399353027,0.9905427,0.019452860064697264,9.591297149658203,8.425476,1.1658211496582034,0.2660510838031769,0.24991564,0.016135443803176885,0.28679078817367554,0.26711765,0.019673138173675553,0.5484699606895447,0.4856078,0.0628621606895447
nearest_neighbor_baseline,271,3600,82278,2.1277740001678467,0.9450977444648743,0.9666776,0.021579855535125758,13.411587715148926,11.373203,2.0383847151489256,0.19401507079601288,0.18051122,0.013503850796012878,0.21002185344696045,0.19229783,0.017724023446960446,0.4448910653591156,0.42983165,0.015059415359115591
nearest_neighbor_baseline,272,22106,98931,3.4489219188690186,0.4955768287181854,0.34110647,0.15447035871818543,23.16234588623047,26.640862,3.4785161137695297,0.3145577311515808,0.27078304,0.043774691151580836,0.33911919593811035,0.32109302,0.018026175938110345,0.5128072500228882,0.48733088,0.025476370022888162
nearest_neighbor_baseline,273,4726,31598,1.6730120182037354,0.44075652956962585,0.4112961,0.029460429569625857,27.045528411865234,26.475035,0.570493411865236,0.43980270624160767,0.37116262,0.06864008624160767,0.4425547420978546,0.3724164,0.07013834209785463,0.16397714614868164,0.13212761,0.031849536148681634
nearest_neighbor_baseline,274,40472,47506,1.835052251815796,0.9813248515129089,0.98767126,0.006346408487091115,3.7967915534973145,4.3296614,0.5328698465026855,0.2562984824180603,0.2382341,0.0180643824180603,0.2973087728023529,0.27962372,0.017685052802352885,0.502129852771759,0.5912923,0.08916244722824096
nearest_neighbor_baseline,275,75375,85588,2.3940656185150146,0.39029520750045776,0.50767136,0.11737615249954225,23.73059844970703,22.754032,0.9765664497070325,0.2134428322315216,0.21536247,0.0019196377684783938,0.23832808434963226,0.23122686,0.007101224349632257,0.4320692718029022,0.39781028,0.034258991802902206
nearest_neighbor_baseline,276,72147,67346,2.16347599029541,0.9763718843460083,0.87499845,0.10137343434600832,6.994654178619385,7.6722603,0.6776061213806148,0.27675876021385193,0.26142305,0.015335710213851939,0.29730919003486633,0.29634565,0.000963540034866317,0.4101487696170807,0.42765832,0.017509550382919292
nearest_neighbor_baseline,277,63301,100795,2.533031702041626,0.7620261311531067,0.7035127,0.0585134311531067,19.807647705078125,19.36888,0.43876770507812424,0.22206294536590576,0.22432528,0.0022623346340942263,0.22960880398750305,0.23307046,0.0034616560124969553,0.3925512135028839,0.37396392,0.018587293502883906
nearest_neighbor_baseline,278,54225,70291,2.1871418952941895,0.4997038245201111,0.3403389,0.15936492452011108,23.590578079223633,24.13241,0.5418319207763673,0.2549830377101898,0.24628319,0.008699847710189806,0.3222462236881256,0.26130217,0.06094405368812561,0.6123062968254089,0.47656867,0.1357376268254089
nearest_neighbor_baseline,279,113564,48882,1.5169703960418701,0.7680931687355042,0.87947303,0.11137986126449584,23.412944793701172,20.354042,3.058902793701172,0.39629578590393066,0.41001642,0.013720634096069328,0.3985356390476227,0.41278175,0.014246110952377322,0.1775541454553604,0.20789205,0.030337904544639582
nearest_neighbor_baseline,280,81275,95230,1.5828588008880615,0.09328552335500717,0.053582173,0.039703350355007175,31.40552520751953,27.387335,4.018190207519531,0.36296623945236206,0.38918698,0.026220740547637955,0.3703056573867798,0.3955653,0.025259642613220223,0.23687896132469177,0.2267816,0.010097361324691773
nearest_neighbor_baseline,281,33040,17183,1.5619863271713257,0.8989134430885315,0.9785827,0.07966925691146853,5.456733226776123,6.7831244,1.3263911732238771,0.2972831428050995,0.31473753,0.0174543871949005,0.333105206489563,0.3415968,0.00849159351043699,0.4191299378871918,0.48362392,0.06449398211280821
nearest_neighbor_baseline,282,10154,62385,0.9989624619483948,0.01307719200849533,0.098473705,0.08539651299150466,27.23372459411621,27.787012,0.5532874058837898,0.7765764594078064,0.7885107,0.011934240592193612,0.7774191498756409,0.7911142,0.01369505012435912,0.10598153620958328,0.14258045,0.036598913790416715
nearest_neighbor_baseline,283,28013,100844,1.5419526100158691,0.9228252172470093,0.9169395,0.005885717247009259,4.4020304679870605,4.2195415,0.1824889679870605,0.3022289276123047,0.29325196,0.00897696761230471,0.31140294671058655,0.32434544,0.012942493289413437,0.304309606552124,0.4232211,0.118911493447876
nearest_neighbor_baseline,284,64595,21761,1.584652066230774,0.973781943321228,0.94863003,0.025151913321228014,3.8456687927246094,3.9497595,0.10409070727539049,0.33848482370376587,0.38458106,0.046096236296234105,0.34582284092903137,0.39139143,0.04556858907096861,0.2370598018169403,0.23233356,0.004726241816940313
nearest_neighbor_baseline,285,101396,27410,2.0114712715148926,0.3531963527202606,0.5383165,0.18512014727973936,26.299007415771484,25.504929,0.7940784157714837,0.31035634875297546,0.25300983,0.05734651875297547,0.3137094974517822,0.25603256,0.057676937451782206,0.1885818988084793,0.21325514,0.0246732411915207
nearest_neighbor_baseline,286,76265,121768,2.592552900314331,0.331564337015152,0.13756576,0.19399857701515197,22.647611618041992,25.181318,2.533706381958009,0.3009658753871918,0.28689077,0.014075105387191755,0.31105390191078186,0.29042092,0.020632981910781834,0.3552767336368561,0.19157448,0.1637022536368561
nearest_neighbor_baseline,287,75669,102270,1.7775694131851196,0.9687014818191528,0.9724585,0.0037570181808471714,9.752850532531738,11.131249,1.3783984674682621,0.18302728235721588,0.19539723,0.012369947642784124,0.19992202520370483,0.21733171,0.017409684796295177,0.4556366503238678,0.51052403,0.05488737967613222
nearest_neighbor_baseline,288,137408,1737,1.901283621788025,0.861117422580719,0.8090895,0.05202792258071898,11.734617233276367,9.103118,2.631499233276367,0.22735850512981415,0.27225062,0.04489211487018585,0.2355467677116394,0.28069246,0.04514569228836057,0.30693677067756653,0.251169,0.05576777067756655
nearest_neighbor_baseline,289,103445,133484,1.6327272653579712,0.4461647570133209,0.37279156,0.0733731970133209,24.512338638305664,19.20243,5.309908638305664,0.3032955527305603,0.28224108,0.021054472730560325,0.3062204122543335,0.28331393,0.022906482254333504,0.23048855364322662,0.1267166,0.10377195364322661
nearest_neighbor_baseline,290,92865,126445,1.6951638460159302,0.9157372713088989,0.9592784,0.04354112869110105,10.751047134399414,12.128454,1.3774068656005856,0.36424240469932556,0.34557536,0.018667044699325563,0.37333494424819946,0.3493677,0.02396724424819946,0.30509153008461,0.22845373,0.07663780008460999
nearest_neighbor_baseline,291,46257,134829,1.5967726707458496,0.5730029940605164,0.44090167,0.13210132406051633,25.505184173583984,25.284513,0.22067117358398392,0.2705378532409668,0.25462192,0.015915933240966795,0.2770540714263916,0.25806665,0.018987421426391593,0.2711992561817169,0.22859465,0.04260460618171691
nearest_neighbor_baseline,292,41425,80138,2.888528823852539,0.9751006364822388,0.95820147,0.01689916648223877,10.027928352355957,10.146467,0.11853864764404243,0.277023047208786,0.23355508,0.04346796720878601,0.2857770621776581,0.24389672,0.04188034217765807,0.3741067349910736,0.41561747,0.04151073500892638
nearest_neighbor_baseline,293,54336,37925,2.4121012687683105,0.7757507562637329,0.6343021,0.14144865626373293,20.761003494262695,22.703932,1.942928505737303,0.3560127913951874,0.38604996,0.030037168604812647,0.4345141351222992,0.50838137,0.07386723487770086,0.7443280816078186,0.7699292,0.025601118392181377
nearest_neighbor_baseline,294,68603,58845,2.3267834186553955,0.9236604571342468,0.83460915,0.0890513071342468,16.111841201782227,15.194866,0.9169752017822272,0.2821037471294403,0.2382669,0.043836847129440304,0.2863207161426544,0.24308197,0.04323874614265441,0.25870251655578613,0.25055584,0.008146676555786159
nearest_neighbor_baseline,295,172,65277,1.7348783016204834,0.41010746359825134,0.20137583,0.20873163359825134,25.56794548034668,22.813358,2.7545874803466788,0.25935015082359314,0.2420166,0.01733355082359314,0.26244276762008667,0.24741398,0.015028787620086664,0.20618563890457153,0.25468296,0.04849732109542848
nearest_neighbor_baseline,296,123016,27049,2.052628755569458,0.9735966920852661,0.9812167,0.0076200079147339395,5.098511695861816,4.9363704,0.16214129586181603,0.24777480959892273,0.24906309,0.0012882804010772575,0.2698155641555786,0.28835976,0.018544195844421407,0.3953380584716797,0.54516137,0.1498233115283203
nearest_neighbor_baseline,297,41918,138611,1.0286861658096313,0.6646345257759094,0.6875048,0.022870274224090603,23.637571334838867,23.04109,0.5964813348388667,0.5830830335617065,0.56519747,0.017885563561706563,0.5861822962760925,0.5686443,0.017537996276092538,0.19041895866394043,0.22414039,0.033721431336059565
nearest_neighbor_baseline,298,116501,51792,1.7792316675186157,0.9603888988494873,0.961938,0.001549101150512655,11.851667404174805,11.166701,0.6849664041748049,0.2781839072704315,0.29986548,0.0216815727295685,0.2853792607784271,0.3183474,0.03296813922157288,0.3231818675994873,0.4789732,0.15579133240051268
nearest_neighbor_baseline,299,83289,27220,1.6290373802185059,0.1366020143032074,0.10203388,0.034568134303207404,29.07748031616211,26.510551,2.56692931616211,0.32903438806533813,0.33324665,0.004212261934661843,0.3296598792076111,0.33710477,0.007444890792388914,0.11015075445175171,0.1958459,0.08569514554824828
nearest_neighbor_baseline,300,81192,121541,2.685680389404297,0.719367265701294,0.490944,0.22842326570129395,22.116544723510742,23.12739,1.0108452764892562,0.25816771388053894,0.25164253,0.006525183880538965,0.30098757147789,0.3019152,0.00092762852210998,0.570492684841156,0.6454462,0.07495351515884396
nearest_neighbor_baseline,301,98843,75841,1.9942176342010498,0.8101520538330078,0.923299,0.11314694616699217,16.160802841186523,14.699223,1.4615798411865235,0.32888156175613403,0.30026478,0.028616781756134024,0.393435537815094,0.3555695,0.03786603781509401,0.6233295798301697,0.6123233,0.011006279830169663
nearest_neighbor_baseline,302,118308,86389,2.5862538814544678,0.588228166103363,0.5867815,0.0014466661033630812,16.944669723510742,19.040152,2.095482276489257,0.2835526466369629,0.26382,0.01973264663696289,0.2886955142021179,0.2698244,0.0188711142021179,0.28152215480804443,0.2739238,0.0075983548080444385
nearest_neighbor_baseline,303,39536,782,1.5185174942016602,0.2895347476005554,0.14542727,0.14410747760055542,27.269460678100586,24.447695,2.8217656781005864,0.3629782199859619,0.36044312,0.0025350999859619083,0.36432474851608276,0.36110398,0.0032207685160827726,0.15965145826339722,0.09438489,0.06526656826339722
nearest_neighbor_baseline,304,14631,52157,2.0632712841033936,0.8952682614326477,0.90485644,0.009588178567352279,11.685683250427246,12.909215,1.2235317495727536,0.2526549994945526,0.2646462,0.011991200505447386,0.2591322958469391,0.2729385,0.013806204153060886,0.25733375549316406,0.37923038,0.12189662450683592
nearest_neighbor_baseline,305,73046,114325,3.201012134552002,0.5951522588729858,0.3854943,0.20965795887298583,21.492298126220703,21.239113,0.25318512622070344,0.22534848749637604,0.25528932,0.02994083250362395,0.23692695796489716,0.28744483,0.05051787203510283,0.38829636573791504,0.48869804,0.10040167426208496
nearest_neighbor_baseline,306,92435,97871,1.7820543050765991,0.9735819697380066,0.9186843,0.05489766973800658,2.6438543796539307,2.886876,0.24302162034606933,0.38489672541618347,0.279381,0.10551572541618348,0.4035190939903259,0.3340104,0.06950869399032594,0.32756662368774414,0.44246468,0.11489805631225586
nearest_neighbor_baseline,307,33698,111295,1.7439714670181274,0.9238373041152954,0.9102682,0.013569104115295438,9.080840110778809,8.709953,0.3708871107788081,0.25980958342552185,0.25203067,0.007778913425521838,0.2688245177268982,0.26211572,0.006708797726898197,0.27875030040740967,0.29503158,0.016281279592590348
nearest_neighbor_baseline,308,39362,20455,3.552690267562866,0.3205536901950836,0.4348035,0.11424980980491639,24.436115264892578,21.646608,2.7895072648925776,0.19808311760425568,0.211076,0.012992882395744337,0.26274022459983826,0.29017657,0.027436345400161766,0.6498086452484131,0.8920513,0.2422426547515869
nearest_neighbor_baseline,309,71514,27138,2.052144765853882,0.983432948589325,0.9647048,0.018728148589324922,9.126694679260254,7.9841905,1.1425041792602535,0.19261415302753448,0.19930682,0.006692666972465511,0.2058267444372177,0.20805982,0.002233075562782294,0.3499656021595001,0.37749887,0.027533267840499864
nearest_neighbor_baseline,310,117528,78748,1.2482798099517822,0.21188044548034668,0.30567494,0.09379449451965333,29.721294403076172,27.366968,2.354326403076172,0.5182077288627625,0.5179925,0.00021522886276248432,0.519183337688446,0.51924,5.666231155398993e-05,0.12769566476345062,0.13638976,0.008694095236549376
nearest_neighbor_baseline,311,131305,90324,2.3261797428131104,0.39053136110305786,0.25995806,0.13057330110305787,22.430137634277344,18.83032,3.5998176342773434,0.2543480694293976,0.21972083,0.03462723942939758,0.27337226271629333,0.24762735,0.02574491271629334,0.341852068901062,0.5050828,0.16323073109893804
nearest_neighbor_baseline,312,36270,134759,1.2276430130004883,0.9647493362426758,0.92470616,0.040043176242675727,9.219228744506836,8.289946,0.9292827445068355,0.4413627088069916,0.41474327,0.02661943880699158,0.44514501094818115,0.4221024,0.023042610948181164,0.19408077001571655,0.2142116,0.02013082998428345
nearest_neighbor_baseline,313,126305,21625,2.2934844493865967,0.3421158790588379,0.66858584,0.3264699609411621,28.19429588317871,24.711943,3.4823528831787094,0.3240589201450348,0.30780885,0.016250070145034767,0.32718947529792786,0.31068867,0.016500805297927856,0.2003028690814972,0.20432056,0.00401769091850282
nearest_neighbor_baseline,314,19407,106684,1.589721918106079,0.6616690754890442,0.657395,0.004274075489044238,22.773536682128906,22.130531,0.643005682128905,0.5216307640075684,0.5336939,0.012063135992431695,0.5375099182128906,0.5518591,0.014349181787109422,0.42260658740997314,0.41703588,0.005570707409973119
nearest_neighbor_baseline,315,57889,11663,2.7907893657684326,0.5127652883529663,0.23976566,0.2729996283529663,25.41735076904297,25.276556,0.1407947690429694,0.44809597730636597,0.44294608,0.005149897306365947,0.46251702308654785,0.4741078,0.011590776913452172,0.27423539757728577,0.37475488,0.10051948242271425
nearest_neighbor_baseline,316,106156,123179,1.1791967153549194,0.22644680738449097,0.23105118,0.004604372615509028,28.591094970703125,28.889288,0.2981930292968755,0.5995495915412903,0.557855,0.04169459154129029,0.6031864285469055,0.5610712,0.042115228546905525,0.16751976311206818,0.16851021,0.0009904468879318173
nearest_neighbor_baseline,317,125247,90065,2.220280408859253,0.6527696251869202,0.45700952,0.19576010518692016,22.727367401123047,24.155535,1.4281675988769535,0.2760273516178131,0.26423794,0.011789411617813106,0.28291523456573486,0.2692116,0.013703634565734868,0.3196481168270111,0.28750113,0.032146986827011115
nearest_neighbor_baseline,318,92795,139460,2.1969785690307617,0.74759441614151,0.7394128,0.008181616141510029,18.43610382080078,17.904608,0.5314958208007816,0.2337220311164856,0.23486462,0.0011425888835144005,0.24676060676574707,0.25301483,0.006254223234252954,0.4041946232318878,0.3827207,0.021473923231887793
nearest_neighbor_baseline,319,6400,2319,2.089648723602295,0.8499196767807007,0.89365727,0.043737593219299264,15.993494987487793,16.786804,0.7933090125122071,0.289341002702713,0.32529032,0.03594931729728701,0.31594526767730713,0.3571512,0.04120593232269287,0.5284560918807983,0.44236517,0.08609092188079837
nearest_neighbor_baseline,320,43454,133597,2.147998809814453,0.00884974841028452,0.32275113,0.3139013815897155,27.928604125976562,28.142456,0.21385187402343675,0.28497007489204407,0.28867918,0.0037091051079559123,0.2885168194770813,0.29126674,0.002749920522918725,0.22430525720119476,0.22427547,2.978720119475864e-05
nearest_neighbor_baseline,321,24302,17401,1.795085072517395,0.9557862281799316,0.9050683,0.05071792817993159,8.520177841186523,11.274244,2.754066158813476,0.3739504814147949,0.3446026,0.02934788141479494,0.3846311867237091,0.34796268,0.03666850672370908,0.28291288018226624,0.1711779,0.11173498018226624
nearest_neighbor_baseline,322,134431,54411,3.0338902473449707,0.971466600894928,0.94564897,0.025817630894927945,9.971125602722168,13.800077,3.828951397277832,0.18444876372814178,0.1814734,0.0029753637281417777,0.24348226189613342,0.2639116,0.0204293381038666,0.8378039002418518,1.0787532,0.24094929975814816
nearest_neighbor_baseline,323,89991,120818,2.3380563259124756,0.8356428742408752,0.8050401,0.030602774240875208,11.985356330871582,14.9229355,2.9375791691284174,0.2502513825893402,0.22444968,0.025801702589340197,0.2669227719306946,0.23672551,0.03019726193069458,0.40304017066955566,0.36564004,0.037400130669555665
nearest_neighbor_baseline,324,58068,24115,1.1793615818023682,0.48667988181114197,0.6402763,0.15359641818885805,23.955923080444336,23.677908,0.2780150804443373,0.4670528173446655,0.4627116,0.004341217344665527,0.46841707825660706,0.46429175,0.004125328256607053,0.14747627079486847,0.15736014,0.00988386920513154
nearest_neighbor_baseline,325,8442,74945,1.692753791809082,0.3447212278842926,0.30077958,0.04394164788429261,27.93745231628418,25.690079,2.247373316284179,0.47733649611473083,0.5367874,0.05945090388526919,0.47886890172958374,0.5396353,0.0607663982704163,0.15295852720737457,0.13487516,0.01808336720737458
nearest_neighbor_baseline,326,88077,108616,2.102036476135254,0.7585179805755615,0.7691884,0.010670419424438471,20.205291748046875,18.937822,1.2674697480468744,0.2812577784061432,0.26469985,0.016557928406143174,0.29006507992744446,0.2769085,0.013156579927444456,0.31401100754737854,0.3884387,0.07442769245262149
nearest_neighbor_baseline,327,107582,10506,1.4903091192245483,0.8271432518959045,0.732066,0.09507725189590455,14.932343482971191,14.123938,0.8084054829711906,0.23964910209178925,0.24891457,0.009265467908210756,0.24380797147750854,0.26345873,0.01965075852249143,0.23591603338718414,0.29674077,0.060824736612815844
nearest_neighbor_baseline,328,104320,105431,1.470483422279358,0.8654404878616333,0.9191997,0.05375921213836665,16.23984146118164,13.772166,2.4676754611816403,0.38586318492889404,0.4102315,0.024368315071105984,0.4000479578971863,0.42607796,0.0260300021028137,0.39999920129776,0.3466368,0.05336240129775999
nearest_neighbor_baseline,329,137267,65393,1.3445507287979126,0.3007080554962158,0.41259184,0.11188378450378417,27.384166717529297,27.475092,0.0909252824707032,0.43089190125465393,0.44638544,0.015493538745346092,0.4358956515789032,0.45441663,0.01852097842109679,0.2482728660106659,0.2732255,0.024952633989334116
nearest_neighbor_baseline,330,4810,69354,2.728428363800049,0.9633181691169739,0.9717661,0.008447930883026089,11.619853973388672,12.911549,1.291695026611329,0.228040412068367,0.22539449,0.0026459220683670015,0.23918849229812622,0.24735048,0.00816198770187379,0.3753197193145752,0.52861905,0.15329933068542478
nearest_neighbor_baseline,331,110343,37608,2.0684070587158203,0.8624328374862671,0.8560561,0.006376737486267103,14.054224014282227,15.76437,1.710145985717773,0.30316826701164246,0.29652497,0.006643297011642457,0.3092033267021179,0.30799785,0.0012054767021179025,0.2502661347389221,0.25539446,0.005128325261077871
nearest_neighbor_baseline,332,49176,61128,1.8818728923797607,0.9876088500022888,0.93799037,0.049618480002288856,10.144659042358398,11.271418,1.1267589576416022,0.2287023812532425,0.24299385,0.014291468746757519,0.23518483340740204,0.24889544,0.013710606592597957,0.31704118847846985,0.28999135,0.027049838478469868
nearest_neighbor_baseline,333,41159,37651,2.220696449279785,0.8868722915649414,0.8681791,0.018693191564941425,17.488046646118164,18.227242,0.7391953538818363,0.2057429701089859,0.22086164,0.015118669891014097,0.23508192598819733,0.24349432,0.00841239401180266,0.5221093893051147,0.50858754,0.013521849305114797
nearest_neighbor_baseline,334,10270,134895,1.8973466157913208,0.38576194643974304,0.330599,0.055162946439743066,25.527530670166016,23.561222,1.9663086701660148,0.2787540853023529,0.23971626,0.03903782530235292,0.2891991138458252,0.24284868,0.046350433845825184,0.2844986021518707,0.21254627,0.07195233215187072
nearest_neighbor_baseline,335,121837,106451,1.9085501432418823,0.9588545560836792,0.97456056,0.01570600391632082,8.758934020996094,8.709268,0.04966602099609396,0.19711333513259888,0.19734758,0.00023424486740111772,0.21376414597034454,0.2071362,0.006627945970344551,0.3948005437850952,0.3424488,0.05235174378509522
nearest_neighbor_baseline,336,30030,132667,1.3182713985443115,0.15921597182750702,0.027540525,0.131675446827507,28.230438232421875,24.195015,4.0354232324218735,0.7231071591377258,0.702881,0.020226159137725852,0.7241382002830505,0.70330316,0.0208350402830505,0.11927841603755951,0.07366444,0.04561397603755951
nearest_neighbor_baseline,337,60972,43796,1.5609540939331055,0.43876636028289795,0.5943585,0.15559213971710206,23.376432418823242,22.772343,0.6040894188232429,0.3896924555301666,0.3816662,0.008026255530166615,0.3971472680568695,0.38638133,0.010765938056869484,0.3028159737586975,0.21377258,0.08904339375869752
nearest_neighbor_baseline,338,75095,74768,2.2533538341522217,0.1420964002609253,0.36463356,0.22253715973907473,24.845298767089844,27.009958,2.1646592329101573,0.2829301357269287,0.31489873,0.031968594273071305,0.2857070863246918,0.3163603,0.03065321367530821,0.20498178899288177,0.15160444,0.05337734899288177
nearest_neighbor_baseline,339,5749,40796,2.1863276958465576,0.7849022746086121,0.74119526,0.04370701460861204,20.13622283935547,15.460986,4.675236839355469,0.25805801153182983,0.2534969,0.004561111531829809,0.2666543424129486,0.25991252,0.006741822412948628,0.3238469958305359,0.26770148,0.0561455158305359
nearest_neighbor_baseline,340,63652,43913,2.2332284450531006,0.8687493205070496,0.85701734,0.0117319805070496,6.467834949493408,8.216132,1.7482970505065918,0.3307951092720032,0.2765919,0.05420320927200317,0.33419573307037354,0.28981075,0.04438498307037353,0.19912828505039215,0.31186992,0.11274163494960787
nearest_neighbor_baseline,341,80826,61837,1.8249280452728271,0.9076665639877319,0.9050151,0.0026514639877319723,17.847578048706055,18.699442,0.8518639512939465,0.4135602116584778,0.42024383,0.006683618341522202,0.41857674717903137,0.42450008,0.00592333282096863,0.2740005552768707,0.24924581,0.024754745276870715
nearest_neighbor_baseline,342,1331,123475,2.1441233158111572,0.7620629072189331,0.8546216,0.09255869278106688,18.553569793701172,17.806498,0.7470717937011706,0.2636096477508545,0.29050747,0.026897822249145498,0.3114429712295532,0.30768958,0.0037533912295532046,0.4636097252368927,0.33445007,0.1291596552368927
nearest_neighbor_baseline,343,92981,86878,1.9094003438949585,0.811427116394043,0.7034151,0.10801201639404301,18.14674186706543,19.68113,1.5343881329345699,0.31674182415008545,0.33106682,0.014324995849914535,0.4024948477745056,0.38792288,0.01457196777450559,0.6435403227806091,0.6058313,0.03770902278060917
nearest_neighbor_baseline,344,25673,126995,2.0422139167785645,0.3418917655944824,0.50458926,0.16269749440551762,24.521886825561523,23.130035,1.391851825561524,0.21574655175209045,0.25564048,0.03989392824790955,0.2281346321105957,0.2622711,0.034136467889404276,0.36578255891799927,0.291332,0.07445055891799929
nearest_neighbor_baseline,345,32015,134240,2.713874101638794,0.39691418409347534,0.30130863,0.09560555409347532,20.60322380065918,25.175379,4.57215519934082,0.19943596422672272,0.19328962,0.006146344226722722,0.20983827114105225,0.2053981,0.004440171141052246,0.3994249701499939,0.4114699,0.012044929850006103
nearest_neighbor_baseline,346,46005,116117,1.306606650352478,0.7234123349189758,0.7752736,0.05186126508102418,22.447351455688477,19.406694,3.040657455688475,0.47160980105400085,0.4986808,0.027070998945999125,0.47767844796180725,0.50538456,0.02770611203819273,0.283766508102417,0.24310313,0.04066337810241699
nearest_neighbor_baseline,347,74040,86542,2.1911118030548096,0.5812361836433411,0.58710676,0.005870576356658885,21.365507125854492,21.892153,0.5266458741455082,0.2299671769142151,0.21306601,0.016901166914215088,0.23521170020103455,0.22027192,0.014939780201034536,0.24229922890663147,0.3254593,0.08316007109336854
nearest_neighbor_baseline,348,50131,90051,1.4166834354400635,0.5198456048965454,0.5409324,0.02108679510345457,21.95654296875,21.753227,0.20331596875000102,0.40189123153686523,0.38500348,0.016887751536865225,0.40519776940345764,0.38675088,0.018446889403457623,0.20301803946495056,0.1553964,0.04762163946495057
nearest_neighbor_baseline,349,52836,34509,1.436415672302246,0.9260482788085938,0.93265074,0.006602461191406284,8.526317596435547,7.4492674,1.0770501964355468,0.2794012129306793,0.30763975,0.02823853706932067,0.2871408760547638,0.31141207,0.02427119394523619,0.2813517153263092,0.2108651,0.0704866153263092
nearest_neighbor_baseline,350,10853,123632,1.9446903467178345,0.9348779916763306,0.9066476,0.02823039167633057,10.194999694824219,9.459951,0.7350486948242185,0.21399256587028503,0.24396086,0.029968294129714967,0.22083145380020142,0.25258455,0.0317530961997986,0.29822105169296265,0.28588873,0.012332321692962667
nearest_neighbor_baseline,351,29405,1889,1.8887085914611816,0.6229311227798462,0.6695798,0.046648677220153756,20.752552032470703,21.5644,0.811847967529296,0.2393973022699356,0.2356383,0.003759002269935613,0.24330638349056244,0.23902915,0.004277233490562443,0.27302390336990356,0.1832147,0.08980920336990356
nearest_neighbor_baseline,352,83794,136580,1.2614198923110962,0.45734214782714844,0.4784927,0.021150552172851556,22.321269989013672,20.775179,1.5460909890136705,0.7488474249839783,0.68206495,0.06678247498397827,0.751028299331665,0.69098955,0.06003874933166509,0.14557583630084991,0.2314612,0.08588536369915009
nearest_neighbor_baseline,353,76415,129375,0.8904823660850525,0.4794522225856781,0.508977,0.029524777414321912,24.642702102661133,24.81757,0.1748678973388671,0.6157379150390625,0.57029223,0.045445685039062544,0.6172444820404053,0.57133555,0.04590893204040525,0.1424880474805832,0.1462439,0.003755852519416819
nearest_neighbor_baseline,354,136889,37359,1.6866270303726196,0.6939603090286255,0.69928706,0.005326750971374472,20.752708435058594,21.260862,0.5081535649414057,0.21188713610172272,0.23150632,0.01961918389827727,0.21569959819316864,0.2393943,0.023694701806831364,0.2827483117580414,0.3283905,0.04564218824195859
nearest_neighbor_baseline,355,39837,125763,2.1096556186676025,0.8854425549507141,0.82905596,0.056386594950714075,15.628103256225586,15.367041,0.26106225622558554,0.2176128327846527,0.20931473,0.008298102784652706,0.23009389638900757,0.22283678,0.007257116389007556,0.48231083154678345,0.45504782,0.027263011546783456
nearest_neighbor_baseline,356,76996,100483,2.3524820804595947,0.4663776159286499,0.27781293,0.1885646859286499,26.686071395874023,27.503887,0.8178156041259754,0.24534854292869568,0.23664585,0.008702692928695688,0.24966758489608765,0.2400437,0.009623884896087648,0.20235803723335266,0.18906361,0.013294427233352668
nearest_neighbor_baseline,357,86257,18454,2.189732313156128,0.8099844455718994,0.86240333,0.05241888442810061,15.451440811157227,16.007492,0.5560511888427726,0.3583116829395294,0.36390293,0.005591247060470594,0.36827874183654785,0.36720103,0.0010777118365478677,0.35200098156929016,0.22759818,0.12440280156929015
nearest_neighbor_baseline,358,61418,62436,1.851380467414856,0.6194160580635071,0.6073094,0.01210665806350708,18.86022186279297,22.492666,3.632444137207031,0.2323436439037323,0.24542265,0.013079006096267692,0.23952321708202362,0.248188,0.008664782917976371,0.35468441247940063,0.22020233,0.13448208247940063
nearest_neighbor_baseline,359,105897,82540,2.0295727252960205,0.3711110055446625,0.44597816,0.07486715445533754,18.95874786376953,22.952667,3.9939191362304705,0.21474477648735046,0.237915,0.023170223512649524,0.2493159919977188,0.25834075,0.009024758002281197,0.5701115131378174,0.5683225,0.00178901313781743
nearest_neighbor_baseline,360,22583,125185,1.8687784671783447,0.6988274455070496,0.5793359,0.11949154550704955,20.6501522064209,17.706892,2.9432602064208986,0.2901436388492584,0.2956425,0.005498861150741552,0.2948920726776123,0.2972913,0.002399227322387676,0.24699810147285461,0.1402211,0.10677700147285463
nearest_neighbor_baseline,361,120835,4588,2.6672730445861816,0.9599690437316895,0.98255837,0.02258932626831056,8.874829292297363,7.8438067,1.0310225922973633,0.22189843654632568,0.18648213,0.03541630654632569,0.2656280994415283,0.24216722,0.02346087944152833,0.6174833178520203,0.7846514,0.16716808214797974
nearest_neighbor_baseline,362,56385,79478,1.3443652391433716,0.4644439220428467,0.46006468,0.004379242042846676,24.480636596679688,21.037758,3.4428785966796873,0.6835917234420776,0.65144384,0.03214788344207764,0.6844571828842163,0.65235484,0.03210234288421632,0.12330354005098343,0.09922745,0.024076090050983434
nearest_neighbor_baseline,363,48010,44107,1.9634292125701904,0.9313382506370544,0.9875173,0.0561790493629456,7.251035690307617,8.657264,1.4062283096923824,0.4397892355918884,0.34454933,0.09523990559188844,0.4441187083721161,0.35175616,0.0923625483721161,0.20168623328208923,0.30301982,0.10133358671791076
nearest_neighbor_baseline,364,108455,31501,1.7218810319900513,0.982799768447876,0.9755411,0.007258668447875927,2.8875937461853027,2.7574332,0.13016054618530282,0.3355780243873596,0.2956459,0.0399321243873596,0.38894861936569214,0.34374234,0.04520627936569216,0.5326129794120789,0.49602807,0.03658490941207887
nearest_neighbor_baseline,365,16621,54441,1.3024446964263916,0.7767237424850464,0.8077846,0.031060857514953577,20.496902465820312,20.378887,0.11801546582031364,0.5937563180923462,0.5749483,0.018808018092346224,0.5952312350273132,0.57677805,0.01845318502731319,0.14348618686199188,0.14658864,0.00310245313800811
nearest_neighbor_baseline,366,108201,99995,2.307774305343628,0.8686367273330688,0.93529975,0.06666302266693114,14.998446464538574,12.992382,2.006064464538575,0.24159416556358337,0.24704927,0.0054551044364166135,0.2599671483039856,0.25915724,0.0008099083039855848,0.49185362458229065,0.42993608,0.06191754458229065
nearest_neighbor_baseline,367,133681,621,2.040027141571045,0.9611600041389465,0.92506063,0.03609937413894648,10.67141056060791,13.249135,2.5777244393920906,0.2862325608730316,0.25135317,0.0348793908730316,0.2951509952545166,0.26898745,0.026163545254516585,0.2996826469898224,0.38612136,0.08643871301017764
nearest_neighbor_baseline,368,11630,98144,1.8806968927383423,0.7759605050086975,0.6203297,0.15563080500869753,20.473758697509766,18.492188,1.9815706975097669,0.27695897221565247,0.28353617,0.0065771977843475105,0.28231799602508545,0.2937061,0.011388103974914576,0.29255080223083496,0.35993224,0.06738143776916505
nearest_neighbor_baseline,369,130214,1367,2.5496604442596436,0.9360219240188599,0.8571819,0.07884002401885981,9.854486465454102,12.492165,2.6376785345458984,0.3648788034915924,0.31600344,0.04887536349159238,0.36758795380592346,0.32022804,0.04735991380592347,0.16251298785209656,0.21154135,0.04902836214790343
nearest_neighbor_baseline,370,106179,40959,1.642351746559143,0.8389879465103149,0.9339273,0.09493935348968507,17.712310791015625,17.456198,0.25611279101562445,0.40114501118659973,0.42965928,0.028514268813400245,0.405913382768631,0.43965527,0.033741887231369005,0.24899078905582428,0.32727706,0.07828627094417573
nearest_neighbor_baseline,371,8272,78035,1.551041841506958,0.26443830132484436,0.2407927,0.023645601324844362,27.41868782043457,26.25108,1.1676078204345686,0.3132079839706421,0.3181193,0.004911316029357904,0.3152390122413635,0.32604605,0.01080703775863645,0.1784726232290268,0.24647482,0.06800219677097322
nearest_neighbor_baseline,372,133477,135678,1.6369575262069702,0.8602320551872253,0.8176798,0.042552255187225385,19.811283111572266,19.57138,0.2399031115722643,0.3085090219974518,0.3682184,0.05970937800254822,0.3120233714580536,0.3701209,0.058097528541946386,0.268848717212677,0.20028445,0.068564267212677
nearest_neighbor_baseline,373,126941,106847,2.1459617614746094,0.9858359098434448,0.987361,0.00152509015655522,6.540623664855957,7.2971435,0.7565198351440428,0.23535317182540894,0.21352538,0.02182779182540895,0.24990156292915344,0.24780773,0.0020938329291534385,0.4689834713935852,0.5999285,0.13094502860641477
nearest_neighbor_baseline,374,71400,135189,1.8857578039169312,0.9908736348152161,0.9808278,0.010045834815216037,5.356697082519531,7.200929,1.844231917480469,0.19834007322788239,0.20095976,0.002619686772117602,0.21871769428253174,0.22564816,0.006930465717468248,0.5364705324172974,0.54885876,0.012388227582702638
nearest_neighbor_baseline,375,8588,46093,2.2649996280670166,0.5125143527984619,0.59236413,0.07984977720153807,26.71744728088379,23.570591,3.1468562808837888,0.2323520928621292,0.21439296,0.017959132862129218,0.23756040632724762,0.21860562,0.01895478632724762,0.2675170600414276,0.21576987,0.05174719004142761
nearest_neighbor_baseline,376,58924,138516,2.228222131729126,0.8365901708602905,0.9458337,0.10924352913970947,11.730687141418457,11.176071,0.5546161414184567,0.24955642223358154,0.27157214,0.022015717766418474,0.25442904233932495,0.28455418,0.03012513766067504,0.23253268003463745,0.38199484,0.14946215996536255
nearest_neighbor_baseline,377,118268,68151,1.3563356399536133,0.09582240879535675,0.14953674,0.05371433120464325,23.121129989624023,26.999628,3.878498010375978,0.3474023938179016,0.3190921,0.02831029381790162,0.3596715033054352,0.32509002,0.0345814833054352,0.28099706768989563,0.2537565,0.027240567689895634
nearest_neighbor_baseline,378,69853,38960,1.239683985710144,0.29328012466430664,0.4083557,0.11507557533569335,25.94159507751465,27.730673,1.789077922485351,0.6251259446144104,0.62580574,0.0006797953855895988,0.6266523599624634,0.6269689,0.00031654003753667226,0.15175651013851166,0.1202478,0.031508710138511656
nearest_neighbor_baseline,379,60645,42140,2.139017343521118,0.7259762287139893,0.6601562,0.06582002871398929,17.545473098754883,17.456558,0.08891509875488168,0.3207043707370758,0.30393577,0.01676860073707581,0.3263733983039856,0.3102106,0.016162798303985593,0.2645794749259949,0.3070319,0.04245242507400515
nearest_neighbor_baseline,380,95234,60651,2.7479248046875,0.9505969882011414,0.9271995,0.023397488201141403,13.90546989440918,15.929985,2.0245151055908206,0.22601501643657684,0.1846433,0.04137171643657683,0.24868856370449066,0.20985167,0.03883689370449067,0.5318999886512756,0.47504967,0.056850318651275655
nearest_neighbor_baseline,381,63921,58850,2.15396785736084,0.9530313611030579,0.9513495,0.0016818611030579023,12.137398719787598,11.320383,0.817015719787598,0.1945570558309555,0.20829318,0.013736124169044489,0.2312937080860138,0.23389399,0.002600281913986202,0.6226222515106201,0.65823007,0.03560781848937988
nearest_neighbor_baseline,382,70346,29705,1.8595808744430542,0.8532599806785583,0.8447194,0.00854058067855834,19.838838577270508,18.86852,0.9703185772705076,0.22732508182525635,0.21774314,0.009581941825256346,0.23455625772476196,0.22505257,0.009503687724761956,0.2861839234828949,0.26045832,0.025725603482894877
nearest_neighbor_baseline,383,35981,137501,1.936387300491333,0.21005341410636902,0.24552983,0.035476415893630986,23.197723388671875,25.506907,2.3091836113281268,0.23773367702960968,0.21609637,0.02163730702960967,0.2469397336244583,0.22993435,0.017005383624458303,0.3329201936721802,0.42299077,0.09007057632781984
nearest_neighbor_baseline,384,40051,28036,1.8307567834854126,0.6461970806121826,0.5492954,0.09690168061218263,25.139049530029297,23.574694,1.564355530029296,0.3835088014602661,0.33636335,0.04714545146026611,0.39230620861053467,0.34518835,0.04711785861053469,0.3697798550128937,0.3267265,0.0430533550128937
nearest_neighbor_baseline,385,13204,34253,2.311192750930786,0.9075976014137268,0.8622392,0.04535840141372682,13.32491397857666,14.423808,1.0988940214233391,0.19809465110301971,0.21883625,0.020741598896980296,0.20881372690200806,0.22360179,0.014788063097991938,0.3683319091796875,0.25654277,0.11178913917968752
nearest_neighbor_baseline,386,75824,10465,1.6745495796203613,0.9760124087333679,0.9674413,0.008571108733367971,12.767569541931152,12.634002,0.13356754193115172,0.4277750253677368,0.37697485,0.050800175367736844,0.43985816836357117,0.3875173,0.05234086836357116,0.4800485074520111,0.42318583,0.05686267745201112
nearest_neighbor_baseline,387,20307,26682,1.0544579029083252,0.14667658507823944,0.097547434,0.04912915107823944,30.295269012451172,29.821735,0.47353401245117155,0.5503313541412354,0.620935,0.07060364585876466,0.5525839328765869,0.6225348,0.06995086712341314,0.1909138560295105,0.12945186,0.061461996029510496
nearest_neighbor_baseline,388,110524,11070,1.566691279411316,0.7536648511886597,0.81373644,0.06007158881134034,22.646671295166016,21.91906,0.7276112951660139,0.20997300744056702,0.23652063,0.026547622559432993,0.21240638196468353,0.24086946,0.028463078035316475,0.18537038564682007,0.23290618,0.04753579435317992
nearest_neighbor_baseline,389,119881,59173,1.8436334133148193,0.6073214411735535,0.69142824,0.08410679882644656,21.27301025390625,22.646313,1.3733027460937492,0.2779575288295746,0.3010357,0.023078171170425432,0.2828279733657837,0.3124578,0.029629826634216316,0.28639575839042664,0.27880985,0.00758590839042661
nearest_neighbor_baseline,390,77427,109945,2.1644468307495117,0.3646768033504486,0.21227527,0.15240153335044862,22.81891632080078,23.496109,0.6771926791992193,0.3384804427623749,0.35338318,0.014902737237625141,0.34489762783050537,0.36563972,0.02074209216949463,0.2665732204914093,0.32119486,0.054621639508590725
nearest_neighbor_baseline,391,107529,52095,2.4441399574279785,0.7769012451171875,0.609456,0.1674452451171875,19.854679107666016,19.936169,0.08148989233398396,0.215939000248909,0.2263238,0.010384799751090995,0.23749972879886627,0.23711468,0.00038504879886627763,0.3996296525001526,0.2691413,0.13048835250015256
nearest_neighbor_baseline,392,68428,113004,2.4466609954833984,0.6471878886222839,0.8510731,0.2038852113777161,14.867154121398926,15.85611,0.9889558786010735,0.2454013228416443,0.24815091,0.002749587158355715,0.256769061088562,0.27998236,0.023213298911437974,0.31966033577919006,0.51524407,0.19558373422081
nearest_neighbor_baseline,393,120665,66275,1.9392855167388916,0.9138612151145935,0.98240215,0.06854093488540647,6.708430767059326,5.504512,1.203918767059326,0.24765965342521667,0.22059989,0.027059763425216682,0.25402408838272095,0.23708025,0.016943838382720955,0.2970522940158844,0.4140505,0.11699820598411559
nearest_neighbor_baseline,394,97373,75596,1.8900480270385742,0.6047459840774536,0.5896801,0.015065884077453573,20.5509033203125,16.736021,3.814882320312499,0.22527164220809937,0.23207158,0.006799937791900634,0.23662833869457245,0.25690183,0.02027349130542755,0.35742902755737305,0.40174028,0.04431125244262696
nearest_neighbor_baseline,395,8208,133127,1.9348382949829102,0.8656577467918396,0.88869727,0.023039523208160384,18.040943145751953,17.067566,0.9733771457519538,0.2858172059059143,0.29308587,0.0072686640940857195,0.295369952917099,0.3328983,0.03752834708290098,0.35345765948295593,0.4433532,0.08989554051704407
nearest_neighbor_baseline,396,102313,4910,1.7473593950271606,0.9140182137489319,0.9302492,0.016230986251068114,16.55577278137207,14.864946,1.6908267813720705,0.3213988244533539,0.32705274,0.005653915546646127,0.3276084065437317,0.33495492,0.0073465134562683,0.22397588193416595,0.29526386,0.07128797806583403
nearest_neighbor_baseline,397,86117,6194,2.4032909870147705,0.2366589903831482,0.096419446,0.14023954438314817,26.615676879882812,23.234922,3.3807548798828115,0.20250298082828522,0.21608031,0.01357732917171478,0.21066927909851074,0.24044994,0.02978066090148926,0.33758294582366943,0.41493818,0.07735523417633056
nearest_neighbor_baseline,398,82604,34033,1.7844126224517822,0.7677431702613831,0.6928712,0.07487197026138304,19.962976455688477,20.031834,0.06885754431152336,0.30228620767593384,0.26634645,0.035939757675933826,0.3067554533481598,0.2728888,0.0338666533481598,0.2439400851726532,0.28505608,0.04111599482734679
nearest_neighbor_baseline,399,25424,134144,2.346602201461792,0.21293480694293976,0.14974362,0.06319118694293976,28.113656997680664,25.273773,2.8398839976806656,0.363278329372406,0.3341477,0.029130629372406014,0.3725820481777191,0.3377355,0.034846548177719094,0.24557079374790192,0.17705144,0.06851935374790191
nearest_neighbor_baseline,400,118671,93299,2.481882333755493,0.6884361505508423,0.55196285,0.13647330055084228,19.490949630737305,22.751373,3.2604233692626963,0.2106783241033554,0.205083,0.00559532410335542,0.24182358384132385,0.27379757,0.03197398615867614,0.626259982585907,0.6702842,0.044024217414093014
nearest_neighbor_baseline,401,84745,89858,2.2503881454467773,0.835466742515564,0.8926292,0.05716245748443605,6.138463973999023,8.369392,2.230928026000976,0.24413371086120605,0.23620242,0.007931290861206058,0.24854406714439392,0.24258825,0.005955817144393916,0.23988677561283112,0.25611493,0.016228154387168903
nearest_neighbor_baseline,402,63618,43218,2.1777892112731934,0.3601728081703186,0.3703981,0.010225291829681404,17.740699768066406,16.534481,1.2062187680664067,0.2618822455406189,0.25760466,0.004277585540618911,0.27879706025123596,0.26832104,0.010476020251235951,0.34153491258621216,0.32386884,0.017666072586212167
nearest_neighbor_baseline,403,33526,71173,2.8865277767181396,0.7206751704216003,0.5058872,0.21478797042160036,15.186761856079102,15.117291,0.06947085607910175,0.27601948380470276,0.2760435,2.401619529723842e-05,0.28923434019088745,0.2921941,0.002959759809112561,0.4007408320903778,0.34754685,0.05319398209037779
nearest_neighbor_baseline,404,70761,24312,1.4052964448928833,0.41646403074264526,0.22564398,0.19082005074264527,26.199596405029297,26.173058,0.02653840502929583,0.39538103342056274,0.39538223,1.1965794372570393e-06,0.40044966340065,0.39713076,0.0033189034006499973,0.21598859131336212,0.16294678,0.05304181131336211
nearest_neighbor_baseline,405,71767,76815,3.4468812942504883,0.2300615757703781,0.025165962,0.20489561377037813,25.455059051513672,25.53785,0.08279094848632695,0.23548172414302826,0.20723885,0.028242874143028257,0.27781838178634644,0.26105285,0.016765531786346433,0.7198574542999268,0.8069689,0.08711144570007323
nearest_neighbor_baseline,406,80302,121591,2.162128448486328,0.28441935777664185,0.060419187,0.22400017077664186,27.226444244384766,25.594225,1.632219244384764,0.22080297768115997,0.23516266,0.014359682318840022,0.22987999022006989,0.24057095,0.01069095977993012,0.2763689160346985,0.25462127,0.021747646034698476
nearest_neighbor_baseline,407,2546,15212,1.6559802293777466,0.7903642058372498,0.7942341,0.003869894162750298,20.606285095214844,20.027014,0.5792710952148425,0.2863379418849945,0.24218825,0.04414969188499451,0.3078911304473877,0.26746652,0.04042461044738771,0.3876951038837433,0.41629732,0.02860221611625674
nearest_neighbor_baseline,408,93339,47723,2.376657247543335,0.8996814489364624,0.87701637,0.022665078936462413,9.79452133178711,11.215318,1.4207966682128905,0.20778614282608032,0.20359962,0.004186522826080313,0.21800145506858826,0.21175574,0.006245715068588259,0.3814810812473297,0.32320172,0.058279361247329686
nearest_neighbor_baseline,409,85142,134654,1.536024570465088,0.5669054388999939,0.660475,0.09356956110000614,22.597015380859375,22.539038,0.05797738085937354,0.8518761396408081,0.78928775,0.06258838964080815,0.8586615324020386,0.7919403,0.06672123240203853,0.22965793311595917,0.14180689,0.08785104311595918
nearest_neighbor_baseline,410,29771,106263,2.0035057067871094,0.018088597804307938,0.093164235,0.07507563719569206,29.4532413482666,32.212555,2.7593136517334003,0.3538936674594879,0.3261667,0.02772696745948794,0.3573022186756134,0.32947475,0.02782746867561342,0.16457831859588623,0.1435537,0.021024618595886224
nearest_neighbor_baseline,411,96187,64393,1.891739010810852,0.7466797828674316,0.6870739,0.059605882867431625,20.38175392150879,17.462496,2.9192579215087875,0.30998796224594116,0.35679868,0.04681071775405882,0.3136860728263855,0.36313614,0.0494500671736145,0.26516449451446533,0.23593065,0.02923384451446534
nearest_neighbor_baseline,412,15985,18786,1.7536898851394653,0.9362141489982605,0.93979496,0.003580811001739459,12.962333679199219,14.546271,1.583937320800782,0.5085353851318359,0.4555793,0.05295608513183592,0.5120602250099182,0.46029684,0.05176338500991823,0.2089257687330246,0.21690576,0.007979991266975406
nearest_neighbor_baseline,413,70015,99378,1.557793140411377,0.9461015462875366,0.96610206,0.020000513712463364,11.562006950378418,10.955995,0.6060119503784183,0.3194628655910492,0.29586053,0.023602335591049184,0.3257713317871094,0.3035099,0.022261431787109376,0.2951869070529938,0.32777035,0.032583442947006214
nearest_neighbor_baseline,414,15545,139797,2.427581548690796,0.5470977425575256,0.4475488,0.09954894255752561,20.692983627319336,21.256071,0.5630873726806627,0.2349734604358673,0.2223608,0.012612660435867312,0.251507967710495,0.23887521,0.01263275771049499,0.4134545922279358,0.3126221,0.10083249222793578
nearest_neighbor_baseline,415,118759,85559,1.163955569267273,0.9764228463172913,0.9736429,0.002779946317291282,2.173741579055786,2.072812,0.10092957905578626,0.46729594469070435,0.4496887,0.01760724469070435,0.49037882685661316,0.47154343,0.018835396856613174,0.32089459896087646,0.30519414,0.015700458960876462
nearest_neighbor_baseline,416,53776,44216,3.40932559967041,0.507508397102356,0.25168735,0.255821047102356,18.227527618408203,17.494328,0.7331996184082037,0.25648948550224304,0.22433883,0.03215065550224305,0.26889604330062866,0.24548428,0.023411763300628663,0.38079580664634705,0.4572499,0.07645409335365294
nearest_neighbor_baseline,417,105268,48536,2.5599563121795654,0.3870055675506592,0.3014636,0.08554196755065918,19.33868408203125,19.404078,0.06539391796874838,0.380687415599823,0.28241053,0.098276885599823,0.3935379981994629,0.29699707,0.09654092819946292,0.34970423579216003,0.32189697,0.02780726579216003
nearest_neighbor_baseline,418,399,84246,2.076922655105591,0.7911432981491089,0.85204136,0.06089806185089108,16.66607093811035,15.314283,1.351787938110352,0.20570696890354156,0.20758916,0.0018821910964584299,0.2100093960762024,0.2106899,0.0006805039237976207,0.228301540017128,0.21691096,0.011390580017127977
nearest_neighbor_baseline,419,10504,45774,2.2616519927978516,0.8509831428527832,0.74112934,0.10985380285278323,19.490999221801758,20.859688,1.3686887781982406,0.24619919061660767,0.24638127,0.0001820793833923473,0.2588904798030853,0.2663435,0.007453020196914684,0.43087130784988403,0.494652,0.06378069215011595
nearest_neighbor_baseline,420,2064,16345,2.3861751556396484,0.5395597219467163,0.48315126,0.05640846194671628,18.815208435058594,26.02192,7.206711564941408,0.22309033572673798,0.23358752,0.010497184273262017,0.22752901911735535,0.23651955,0.008990530882644648,0.24158844351768494,0.22982325,0.01176519351768493
nearest_neighbor_baseline,421,101804,97875,2.536677837371826,0.31066516041755676,0.36313397,0.05246880958244321,28.59779930114746,26.42509,2.17270930114746,0.31948745250701904,0.4244968,0.10500934749298096,0.336225301027298,0.51612735,0.179902048972702,0.45741426944732666,0.54545176,0.08803749055267329
nearest_neighbor_baseline,422,78183,83932,1.4337610006332397,0.9837064146995544,0.97241265,0.011293764699554454,10.70832347869873,10.355257,0.35306647869873053,0.39326584339141846,0.38947734,0.003788503391418452,0.40165022015571594,0.3976851,0.003965120155715929,0.34353581070899963,0.29418844,0.04934737070899964
nearest_neighbor_baseline,423,1379,34383,1.7671360969543457,0.5330755114555359,0.59867984,0.06560432854446407,22.356203079223633,23.300983,0.9447799207763659,0.23079365491867065,0.2653468,0.03455314508132934,0.2510208487510681,0.30563372,0.05461287124893188,0.43726059794425964,0.45186168,0.014601082055740344
nearest_neighbor_baseline,424,104686,45899,1.821575403213501,0.41856977343559265,0.33428624,0.08428353343559264,22.051898956298828,25.671724,3.619825043701173,0.2575973868370056,0.2252977,0.032299686837005626,0.2612846791744232,0.23285809,0.028426589174423228,0.2269921898841858,0.29209477,0.06510258011581421
nearest_neighbor_baseline,425,74551,15775,2.06150221824646,0.983182430267334,0.9640703,0.019112130267333938,8.153352737426758,8.061404,0.09194873742675824,0.2862107753753662,0.3266203,0.040409524624633764,0.29485881328582764,0.33938453,0.04452571671417238,0.3066903054714203,0.32232115,0.015630844528579713
nearest_neighbor_baseline,426,71017,129089,1.640317440032959,0.920182466506958,0.855834,0.06434846650695802,15.993011474609375,18.255991,2.2629795253906266,0.3777397871017456,0.33403835,0.04370143710174562,0.3836807608604431,0.33785176,0.045829000860443114,0.2455158829689026,0.2351786,0.0103372829689026
nearest_neighbor_baseline,427,137398,81916,2.547184705734253,0.5143274664878845,0.31972533,0.19460213648788455,25.045970916748047,25.776886,0.7309150832519542,0.2185007780790329,0.22954065,0.011039871920967115,0.2200576663017273,0.23410827,0.014050603698272712,0.1588362604379654,0.20473331,0.04589704956203461
nearest_neighbor_baseline,428,102077,135820,1.5714911222457886,0.5255832672119141,0.60189754,0.07631427278808589,22.368173599243164,18.60164,3.7665335992431643,0.5041270852088928,0.48617184,0.0179552452088928,0.506230354309082,0.4875026,0.018727754309082023,0.16097024083137512,0.11828915,0.042681090831375126
nearest_neighbor_baseline,429,135278,21839,1.7333866357803345,0.9430659413337708,0.93709314,0.005972801333770761,15.453079223632812,14.612816,0.840263223632812,0.27962416410446167,0.25041947,0.029204694104461693,0.2879963517189026,0.2710377,0.016958651718902595,0.3960530161857605,0.38893855,0.007114466185760504
nearest_neighbor_baseline,430,47049,13293,3.720499038696289,0.7044064402580261,0.68625176,0.018154680258026135,19.657407760620117,21.581131,1.923723239379882,0.266683965921402,0.30810326,0.04141929407859801,0.33127573132514954,0.42385277,0.09257703867485045,0.6947470903396606,0.87158567,0.17683857966033933
nearest_neighbor_baseline,431,117119,8594,2.206878185272217,0.4219631850719452,0.4168812,0.005081985071945183,23.876178741455078,25.275162,1.3989832585449236,0.19670727849006653,0.21883665,0.022129371509933465,0.20302355289459229,0.22762202,0.024598467105407723,0.27905765175819397,0.2679944,0.011063251758193948
nearest_neighbor_baseline,432,84365,50983,2.068997621536255,0.9555200338363647,0.9435291,0.011990933836364737,10.781888008117676,11.115973,0.33408499188232454,0.19856750965118408,0.20686091,0.008293400348815927,0.20742031931877136,0.22173175,0.014311430681228643,0.3872358202934265,0.47151893,0.08428310970657349
nearest_neighbor_baseline,433,13915,109414,2.3786449432373047,0.9518111348152161,0.90928966,0.042521474815216065,15.360407829284668,14.92835,0.43205782928466796,0.3675580322742462,0.3106316,0.05692643227424621,0.37368103861808777,0.3218303,0.051850738618087755,0.32087501883506775,0.35969543,0.038820411164932234
nearest_neighbor_baseline,434,95322,11302,2.3121440410614014,0.6258968114852905,0.71406585,0.08816903851470947,19.755115509033203,21.631275,1.8761594909667956,0.4257963299751282,0.4288585,0.003062170024871802,0.4479736387729645,0.4460244,0.00194923877296449,0.31404033303260803,0.38872296,0.07468262696739197
nearest_neighbor_baseline,435,113633,113675,2.1419692039489746,0.16771800816059113,0.07876922,0.08894878816059112,27.46693229675293,27.292582,0.17435029675293023,0.3013095557689667,0.30663913,0.005329574231033307,0.32388848066329956,0.3197184,0.004170080663299547,0.3782648742198944,0.26566666,0.11259821421989441
nearest_neighbor_baseline,436,102066,129991,2.6071372032165527,0.6491423845291138,0.5586218,0.09052058452911382,21.191787719726562,23.580378,2.388590280273437,0.23907531797885895,0.2578641,0.018788782021141037,0.24350371956825256,0.27516028,0.031656560431747416,0.2477988302707672,0.35782245,0.1100236197292328
nearest_neighbor_baseline,437,106077,51466,1.9272956848144531,0.6591848731040955,0.7690482,0.1098633268959045,14.86737060546875,18.016954,3.1495833945312484,0.2888427674770355,0.2792818,0.009560967477035498,0.319160521030426,0.32162344,0.0024629189695739573,0.38542410731315613,0.51135635,0.1259322426868439
nearest_neighbor_baseline,438,46341,22002,1.7123050689697266,0.729499876499176,0.62897617,0.10052370649917608,20.02893829345703,19.251526,0.7774122934570329,0.35746821761131287,0.35030138,0.007166837611312871,0.36434343457221985,0.35636353,0.007979904572219865,0.26543742418289185,0.26995966,0.0045222358171081445
nearest_neighbor_baseline,439,16037,52858,2.301900863647461,0.8559547662734985,0.89046806,0.03451329372650147,17.000720977783203,17.426674,0.4259530222167953,0.2973906993865967,0.2705322,0.02685849938659668,0.30539846420288086,0.28827265,0.01712581420288084,0.30169349908828735,0.37918258,0.07748908091171264
nearest_neighbor_baseline,440,39875,126311,2.15873646736145,0.9346504211425781,0.969594,0.03494357885742183,9.842297554016113,9.881126,0.038828445983886795,0.25468572974205017,0.25358987,0.0010958597420501759,0.26156675815582275,0.2587054,0.0028613581558227796,0.26906904578208923,0.25548974,0.013579305782089213
nearest_neighbor_baseline,441,69920,96390,1.5287988185882568,0.6206799745559692,0.6708246,0.050144625444030755,21.880340576171875,23.49503,1.6146894238281249,0.6805081367492676,0.6468565,0.03365163674926763,0.69253009557724,0.6485633,0.043966795577240037,0.3444502055644989,0.17294164,0.1715085655644989
nearest_neighbor_baseline,442,111315,33871,1.7469446659088135,0.9068422913551331,0.8016627,0.1051795913551331,19.45020866394043,19.986227,0.5360183360595698,0.409183144569397,0.4438819,0.03469875543060302,0.4111160933971405,0.4502332,0.0391171066028595,0.20422227680683136,0.32970843,0.12548615319316864
nearest_neighbor_baseline,443,16068,30558,1.489405870437622,0.8067333102226257,0.791598,0.015135310222625709,13.6504487991333,13.676237,0.02578820086669964,0.2705664038658142,0.25744924,0.013117163865814185,0.28598448634147644,0.26838863,0.017595856341476424,0.3058416545391083,0.26368243,0.04215922453910825
nearest_neighbor_baseline,444,104964,131464,1.866999626159668,0.9774682521820068,0.9706099,0.0068583521820068105,10.401113510131836,10.290705,0.11040851013183506,0.28425729274749756,0.2600145,0.024242792747497577,0.29287174344062805,0.27200693,0.02086481344062807,0.3714357614517212,0.41036358,0.038927818548278814
nearest_neighbor_baseline,445,57652,44665,2.889450788497925,0.4129873514175415,0.48900244,0.07601508858245848,13.915163040161133,21.435978,7.520814959838866,0.24187332391738892,0.25333387,0.0114605460826111,0.24992215633392334,0.2627498,0.012827643666076638,0.34434059262275696,0.35750073,0.01316013737724303
nearest_neighbor_baseline,446,52960,32687,1.6715047359466553,0.4153091013431549,0.35469022,0.06061888134315491,24.02611541748047,23.876146,0.1499694174804702,0.2892652153968811,0.26085445,0.028410765396881088,0.3008747100830078,0.2810055,0.019869210083007793,0.4290202558040619,0.44404155,0.015021294195938117
nearest_neighbor_baseline,447,22311,117626,1.5386947393417358,0.9356915354728699,0.86890393,0.06678760547286988,6.757725238800049,5.2734604,1.4842648388000486,0.4804653823375702,0.48190168,0.0014362976624298085,0.49957576394081116,0.49637008,0.003205683940811166,0.2624618113040924,0.25977257,0.002689241304092427
nearest_neighbor_baseline,448,105304,128464,2.0100977420806885,0.508874773979187,0.66965634,0.16078156602081295,21.51073455810547,21.440884,0.06985055810546825,0.30862489342689514,0.31923956,0.010614666573104836,0.31359392404556274,0.32258534,0.008991415954437254,0.2512308955192566,0.22870527,0.022525625519256604
nearest_neighbor_baseline,449,35061,110454,1.1100069284439087,0.9170064330101013,0.85199964,0.06500679301010137,8.787522315979004,10.282875,1.4953526840209967,0.3388694226741791,0.33762363,0.0012457926741790692,0.34532588720321655,0.34471473,0.000611157203216528,0.27367064356803894,0.24079955,0.03287109356803894
nearest_neighbor_baseline,450,16182,91541,2.0225090980529785,0.5829154253005981,0.57321054,0.009704885300598098,20.836118698120117,15.980522,4.855596698120117,0.2936558723449707,0.30753973,0.013883857655029308,0.30627092719078064,0.33023635,0.023965422809219372,0.2778472900390625,0.41290957,0.1350622799609375
nearest_neighbor_baseline,451,1662,56883,2.3733372688293457,0.22090484201908112,0.015325507,0.20557933501908113,27.213083267211914,16.445606,10.767477267211913,0.257472425699234,0.23911263,0.018359795699234016,0.2600991129875183,0.24526525,0.01483386298751832,0.19635255634784698,0.23326856,0.03691600365215303
nearest_neighbor_baseline,452,90083,50092,2.6638076305389404,0.5024257302284241,0.61277336,0.11034762977157597,21.96525001525879,20.114727,1.8505230152587906,0.22424885630607605,0.22514631,0.0008974536939239386,0.2408192902803421,0.23401982,0.0067994702803421125,0.2987717390060425,0.37312427,0.0743525309939575
nearest_neighbor_baseline,453,70281,43715,2.3055002689361572,0.027179215103387833,0.10011466,0.07293544489661216,32.53680419921875,30.22186,2.3149441992187505,0.38596805930137634,0.39037156,0.0044035006986236636,0.3911798298358917,0.39583242,0.0046525901641082945,0.23010076582431793,0.17524615,0.05485461582431794
nearest_neighbor_baseline,454,33665,30172,1.735503077507019,0.7039216160774231,0.6619706,0.04195101607742313,20.74807357788086,20.114,0.6340735778808586,0.29803285002708435,0.251009,0.04702385002708437,0.3049236238002777,0.25614774,0.0487758838002777,0.3252114951610565,0.26009503,0.06511646516105651
nearest_neighbor_baseline,455,102212,102320,2.4906296730041504,0.9697487354278564,0.8647998,0.10494893542785644,9.290523529052734,8.874828,0.41569552905273355,0.27719631791114807,0.32233503,0.04513871208885195,0.28231993317604065,0.32824504,0.04592510682395934,0.23743580281734467,0.2880843,0.05064849718265535
nearest_neighbor_baseline,456,40612,37110,1.8692281246185303,0.47409874200820923,0.36501986,0.10907888200820925,17.205320358276367,19.7475,2.5421796417236315,0.24462831020355225,0.26429716,0.01966884979644773,0.2475012242794037,0.2701042,0.02260297572059633,0.21099570393562317,0.25007695,0.03908124606437685
nearest_neighbor_baseline,457,103700,58518,2.2552833557128906,0.9517233967781067,0.97857314,0.026849743221893263,9.876216888427734,8.012368,1.863848888427734,0.24733491241931915,0.22568129,0.021653622419319146,0.2574577331542969,0.24334335,0.014114383154296861,0.3769811689853668,0.5032514,0.1262702310146332
nearest_neighbor_baseline,458,48622,16104,1.321423888206482,0.06710999459028244,0.04867287,0.01843712459028244,31.68254280090332,32.28031,0.5977671990966797,0.8733043074607849,0.80906403,0.06424027746078487,0.8763924837112427,0.81249875,0.06389373371124263,0.15236836671829224,0.17129473,0.01892636328170777
nearest_neighbor_baseline,459,130470,72670,3.060781240463257,0.9038174748420715,0.82274085,0.08107662484207157,14.657017707824707,16.94025,2.283232292175292,0.22427469491958618,0.23337804,0.009103345080413827,0.22993719577789307,0.24175075,0.01181355422210692,0.2996695041656494,0.34210002,0.04243051583435059
nearest_neighbor_baseline,460,58811,102315,2.777384042739868,0.4069788157939911,0.31947726,0.0875015557939911,19.02933692932129,22.775103,3.7457660706787124,0.22976122796535492,0.21885704,0.010904187965354917,0.24223019182682037,0.2390014,0.003228791826820371,0.44395190477371216,0.54421633,0.10026442522628787
nearest_neighbor_baseline,461,83443,34985,2.4006314277648926,0.7658017873764038,0.7337999,0.03200188737640386,19.459070205688477,20.56803,1.1089597943115237,0.2743788957595825,0.2604,0.0139788957595825,0.3095065653324127,0.2886654,0.020841165332412703,0.4988671541213989,0.5359168,0.037049645878601045
nearest_neighbor_baseline,462,121868,57846,2.0655016899108887,0.7511767148971558,0.65869087,0.09248584489715572,21.172636032104492,22.659275,1.4866389678955088,0.29785892367362976,0.28444415,0.013414773673629754,0.30478179454803467,0.29000148,0.01478031454803469,0.35029497742652893,0.24691032,0.10338465742652894
nearest_neighbor_baseline,463,83272,89182,1.615893840789795,0.9031011462211609,0.86973745,0.033363696221160866,18.279766082763672,19.233873,0.9541069172363272,0.2624879479408264,0.23482433,0.027663617940826418,0.27631574869155884,0.24548665,0.030829098691558837,0.45352596044540405,0.39032185,0.06320411044540403
nearest_neighbor_baseline,464,118179,104172,2.1732561588287354,0.9404694437980652,0.9426444,0.0021749562019348634,8.190694808959961,10.715453,2.524758191040039,0.2625350058078766,0.24870545,0.013829555807876592,0.26960667967796326,0.25611576,0.013490919677963231,0.34624817967414856,0.28264108,0.06360709967414857
nearest_neighbor_baseline,465,24382,44668,1.894486427307129,0.9673372507095337,0.949273,0.018064250709533658,8.376808166503906,8.3491955,0.027612666503905814,0.2407991588115692,0.2618289,0.02102974118843076,0.268069863319397,0.30587384,0.037803976680603035,0.5254653692245483,0.5935135,0.06804813077545169
nearest_neighbor_baseline,466,6267,80817,1.3107045888900757,0.16396668553352356,0.19839948,0.03443279446647643,29.744548797607422,29.703096,0.041452797607423264,0.3565113842487335,0.37819213,0.021680745751266495,0.35877466201782227,0.38099542,0.022220757982177708,0.18958793580532074,0.22007759,0.03048965419467925
nearest_neighbor_baseline,467,121344,100121,2.130375862121582,0.8682678937911987,0.84843093,0.019836963791198703,13.532828330993652,12.07403,1.4587983309936519,0.3524726927280426,0.38128123,0.028808537271957424,0.35972970724105835,0.38418144,0.024451732758941636,0.25605466961860657,0.19278978,0.06326488961860657
nearest_neighbor_baseline,468,128366,5459,1.762319564819336,0.5777674913406372,0.31194627,0.2658212213406372,23.12555503845215,20.057972,3.067583038452149,0.4555070102214813,0.46503207,0.009525059778518696,0.45682886242866516,0.4673155,0.010486637571334834,0.14502470195293427,0.14357163,0.0014530719529342595
nearest_neighbor_baseline,469,98349,57852,2.4481937885284424,0.6553560495376587,0.5140788,0.14127724953765874,22.16815948486328,25.174053,3.0058935151367194,0.23784767091274261,0.25718194,0.019334269087257383,0.2432723045349121,0.26548454,0.02221223546508788,0.2597618103027344,0.29700541,0.03724359969726565
nearest_neighbor_baseline,470,3557,25682,0.6845239400863647,0.1527319848537445,0.1910429,0.03831091514625548,30.359010696411133,30.054562,0.30444869641113215,0.5144174695014954,0.48884574,0.025571729501495388,0.5179185271263123,0.49314195,0.02477657712631226,0.25177210569381714,0.2738882,0.022116094306182887
nearest_neighbor_baseline,471,78673,29132,1.692961573600769,0.9085302352905273,0.8353903,0.07313993529052731,11.910909652709961,11.830295,0.08061465270996138,0.3292386531829834,0.34254083,0.01330217681701662,0.33306437730789185,0.3448896,0.011825222692108173,0.22308409214019775,0.17432255,0.04876154214019776
nearest_neighbor_baseline,472,67036,14661,2.0227510929107666,0.07660552114248276,0.25232223,0.17571670885751722,22.354053497314453,20.028503,2.3255504973144525,0.22620689868927002,0.24326368,0.01705678131072999,0.2427283376455307,0.25040963,0.0076812923544692935,0.39584213495254517,0.25297165,0.14287048495254517
nearest_neighbor_baseline,473,90314,23590,2.7763071060180664,0.4833486080169678,0.59844345,0.11509484198303221,21.535200119018555,18.507324,3.027876119018554,0.2759685218334198,0.3182068,0.04223827816658021,0.3217274248600006,0.39481357,0.07308614513999939,0.4800693392753601,0.6019837,0.1219143607246399
nearest_neighbor_baseline,474,940,27006,1.55111825466156,0.8589324355125427,0.9155832,0.05665076448745732,14.8555908203125,15.432462,0.5768711796874992,0.28816136717796326,0.2557515,0.032409867177963236,0.2938762307167053,0.26055193,0.033324300716705335,0.29754963517189026,0.2894064,0.00814323517189025
nearest_neighbor_baseline,475,60928,94446,3.3518919944763184,0.1750086098909378,0.1662858,0.008722809890937794,26.396926879882812,21.128765,5.268161879882811,0.2525727450847626,0.294074,0.04150125491523743,0.2581913471221924,0.3030115,0.044820152877807606,0.26686447858810425,0.28033528,0.013470801411895772
nearest_neighbor_baseline,476,113164,22203,2.801935911178589,0.42296627163887024,0.33617508,0.08679119163887022,25.022411346435547,21.141315,3.881096346435548,0.22680844366550446,0.23916873,0.01236028633449554,0.2436838150024414,0.25264388,0.008960064997558581,0.39219096302986145,0.43631202,0.04412105697013857
nearest_neighbor_baseline,477,84492,77934,1.5192995071411133,0.44987550377845764,0.49052718,0.040651676221542365,18.753639221191406,20.457476,1.7038367788085935,0.40153393149375916,0.37951455,0.02201938149375915,0.4045228958129883,0.3818304,0.022692495812988267,0.17871344089508057,0.16833334,0.010380100895080568
nearest_neighbor_baseline,478,12666,58517,1.6856542825698853,0.4066551625728607,0.45570648,0.04905131742713931,20.052946090698242,20.047976,0.004970090698243723,0.3589525520801544,0.3654662,0.0065136479198456,0.36017701029777527,0.36740986,0.0072328497022247085,0.13238194584846497,0.18089235,0.04851040415153504
nearest_neighbor_baseline,479,105631,51336,2.2014644145965576,0.9865785241127014,0.98829424,0.0017157158872985745,2.830301523208618,2.354413,0.4758885232086181,0.40155959129333496,0.3601907,0.041368891293334986,0.5379307270050049,0.47650057,0.06143015700500487,0.6201762557029724,0.633335,0.01315874429702757
nearest_neighbor_baseline,480,6080,128211,2.5251550674438477,0.1203601136803627,0.1844303,0.06407018631963729,25.322233200073242,26.261986,0.9397527999267581,0.19583813846111298,0.19996451,0.004126371538887036,0.2034500390291214,0.2109612,0.007511160970878589,0.3443046808242798,0.34405375,0.00025093082427979363
nearest_neighbor_baseline,481,112172,73831,1.854455590248108,0.983292818069458,0.9841253,0.0008324819305419728,10.216586112976074,10.221961,0.005374887023926078,0.1885370910167694,0.1778399,0.010697191016769414,0.20411847531795502,0.20346832,0.000650155317955009,0.48866257071495056,0.5767278,0.08806522928504945
nearest_neighbor_baseline,482,138859,4349,2.2492973804473877,0.16518078744411469,0.1520367,0.013144087444114688,24.225204467773438,24.452404,0.22719953222656386,0.22183270752429962,0.20982838,0.012004327524299613,0.2343655526638031,0.23539537,0.001029817336196892,0.4096579849720001,0.53203994,0.12238195502799987
nearest_neighbor_baseline,483,74622,45744,1.6272307634353638,0.5574893951416016,0.4767871,0.08070229514160154,23.358177185058594,16.993988,6.364189185058592,0.44977009296417236,0.4260383,0.023731792964172382,0.45096322894096375,0.4275707,0.02339252894096372,0.1397077739238739,0.15325525,0.013547476076126108
nearest_neighbor_baseline,484,139914,9055,1.5907988548278809,0.6451309323310852,0.60125834,0.0438725923310852,19.252960205078125,16.958212,2.2947482050781254,0.45262622833251953,0.4294457,0.023180528332519545,0.4548875689506531,0.4326774,0.022210168950653086,0.16434846818447113,0.2092386,0.044890131815528866
nearest_neighbor_baseline,485,83547,20431,2.3003244400024414,0.35776928067207336,0.5442518,0.1864825193279266,22.945384979248047,23.89097,0.9455850207519525,0.29720598459243774,0.2776508,0.01955518459243777,0.3261716961860657,0.29399607,0.032175626186065676,0.3444695770740509,0.35163072,0.007161142925949104
nearest_neighbor_baseline,486,131164,106075,1.6440445184707642,0.9489521384239197,0.91872776,0.030224378423919673,16.763181686401367,17.807226,1.0440443135986328,0.3143235743045807,0.28880164,0.025521934304580662,0.3198874294757843,0.29349345,0.026393979475784313,0.279130756855011,0.3012433,0.022112543144989005
nearest_neighbor_baseline,487,9691,29667,2.440546989440918,0.2521785795688629,0.028795075,0.2233835045688629,21.941999435424805,22.918543,0.976543564575195,0.24202348291873932,0.21407782,0.027945662918739317,0.2455955445766449,0.21675098,0.028844564576644888,0.21798667311668396,0.19131288,0.02667379311668397
nearest_neighbor_baseline,488,28543,44759,1.2990552186965942,0.6626557111740112,0.5932763,0.06937941117401125,23.80364990234375,24.09589,0.2922400976562507,0.7104054689407349,0.72097486,0.010569391059265132,0.7121112942695618,0.72391874,0.011807445730438237,0.1602223515510559,0.20189045,0.04166809844894409
nearest_neighbor_baseline,489,125136,37031,2.7828123569488525,0.6945481896400452,0.8260569,0.13150871035995482,16.614246368408203,14.227068,2.387178368408204,0.24004969000816345,0.24131638,0.0012666899918365448,0.2541198134422302,0.25510925,0.000989436557769785,0.4009622633457184,0.5063876,0.10542533665428167
nearest_neighbor_baseline,490,131652,120045,2.4479787349700928,0.8789628744125366,0.7878926,0.09107027441253657,12.61307144165039,13.793733,1.180661558349609,0.25019896030426025,0.25734174,0.007142779695739732,0.25860750675201416,0.26478523,0.006177723247985822,0.3021427094936371,0.30030662,0.0018360894936370609
nearest_neighbor_baseline,491,108996,89918,2.3440568447113037,0.4652644693851471,0.6463978,0.18113333061485293,21.155487060546875,18.433767,2.7217200605468754,0.2248985469341278,0.22445075,0.0004477969341278032,0.24231742322444916,0.23514926,0.007168163224449159,0.3679680824279785,0.33046016,0.03750792242797851
nearest_neighbor_baseline,492,29005,11705,1.8799586296081543,0.26384294033050537,0.20532067,0.05852227033050536,25.000415802001953,23.252842,1.747573802001952,0.3262583613395691,0.29176506,0.03449330133956907,0.33580419421195984,0.30648866,0.029315534211959815,0.25867190957069397,0.26212054,0.0034486304293060432
nearest_neighbor_baseline,493,101393,86495,2.1048336029052734,0.9913802146911621,0.97677594,0.0146042746911621,7.336189270019531,8.158229,0.8220397299804691,0.23269225656986237,0.21904571,0.013646546569862361,0.2484789490699768,0.23619747,0.012281479069976814,0.42460066080093384,0.42445773,0.00014293080093386035
nearest_neighbor_baseline,494,122704,127357,2.087702751159668,0.9894791841506958,0.9644431,0.025036084150695803,6.830462455749512,7.3163295,0.48586704425048843,0.2147650420665741,0.28776467,0.0729996279334259,0.22540399432182312,0.29492864,0.0695246456781769,0.44215354323387146,0.30807558,0.13407796323387144
nearest_neighbor_baseline,495,125106,131207,1.9805153608322144,0.853664219379425,0.8992788,0.045614580620574996,9.647940635681152,10.887625,1.2396843643188475,0.2501091957092285,0.27677312,0.026663924290771468,0.2604038417339325,0.28129256,0.02088871826606753,0.31016525626182556,0.2487881,0.06137715626182555
nearest_neighbor_baseline,496,75960,102781,4.048304080963135,0.08880861848592758,0.46906823,0.3802596115140724,25.496967315673828,21.150536,4.346431315673829,0.23268099129199982,0.27265495,0.03997395870800019,0.2689644396305084,0.40545577,0.13649133036949157,0.6660401225090027,1.0028958,0.3368556774909972
nearest_neighbor_baseline,497,36206,13043,2.2270684242248535,0.8773928880691528,0.900502,0.023109111930847193,16.5401668548584,16.006483,0.5336838548583991,0.20796729624271393,0.24003118,0.03206388375728608,0.21240270137786865,0.24343659,0.031033888622131356,0.2721009850502014,0.21117835,0.06092263505020143
nearest_neighbor_baseline,498,44081,34421,1.8758610486984253,0.3670564591884613,0.48291755,0.11586109081153867,22.36420440673828,24.859468,2.4952635932617184,0.2714482247829437,0.2694692,0.0019790247829437058,0.3229731023311615,0.3057245,0.01724860233116149,0.47136014699935913,0.40265882,0.06870132699935916
nearest_neighbor_baseline,499,66888,106523,2.8502211570739746,0.743345320224762,0.5534485,0.18989682022476195,19.82990264892578,19.648323,0.18157964892577994,0.319296658039093,0.26681364,0.052483018039093,0.32980069518089294,0.27396747,0.055833225180892954,0.2613442838191986,0.2470171,0.014327183819198619
nearest_neighbor_baseline,500,90965,95758,1.7043404579162598,0.21131405234336853,0.36743867,0.1561246176566315,27.860107421875,25.060791,2.7993164218750017,0.28935644030570984,0.3160509,0.026694459694290185,0.2943359315395355,0.31791618,0.02358024846046447,0.24919085204601288,0.16680965,0.08238120204601287
nearest_neighbor_baseline,501,61270,57601,1.9377444982528687,0.06697778403759003,0.11254361,0.045565825962409975,27.490787506103516,29.078642,1.587854493896483,0.28678587079048157,0.26134795,0.025437920790481572,0.30066096782684326,0.28369623,0.016964737826843268,0.3381604254245758,0.4011888,0.0630283745754242
nearest_neighbor_baseline,502,77429,50885,0.9665685892105103,0.7773980498313904,0.7996153,0.022217250168609648,12.003875732421875,12.152144,0.14826826757812483,0.3799358010292053,0.37087217,0.009063631029205321,0.3837898075580597,0.37332782,0.010461987558059715,0.1977810114622116,0.17462762,0.023153391462211598
nearest_neighbor_baseline,503,124891,139391,1.5485234260559082,0.9303786754608154,0.83551836,0.09486031546081541,7.28661584854126,7.239979,0.04663684854125982,0.2804836630821228,0.24240625,0.03807741308212281,0.2996600866317749,0.26068288,0.0389772066317749,0.42427679896354675,0.3919754,0.03230139896354678
nearest_neighbor_baseline,504,21114,123935,2.452404737472534,0.46339985728263855,0.36025137,0.10314848728263853,22.865148544311523,25.309942,2.444793455688476,0.2282342165708542,0.23134136,0.003107143429145809,0.2465505599975586,0.23905241,0.007498149997558601,0.43824175000190735,0.3311226,0.10711915000190736
nearest_neighbor_baseline,505,12097,63507,1.5704424381256104,0.32682573795318604,0.3092958,0.017529937953186026,28.08978271484375,27.611074,0.47870871484375144,0.4911588728427887,0.3988728,0.09228607284278867,0.4927244782447815,0.4002728,0.09245167824478151,0.1377526968717575,0.13831599,0.0005632931282424924
nearest_neighbor_baseline,506,89472,52834,1.658150315284729,0.6812132596969604,0.57669336,0.1045198996969604,12.934541702270508,12.65129,0.28325170227050833,0.38655805587768555,0.32000378,0.06655427587768553,0.38942068815231323,0.3225815,0.06683918815231321,0.2006302773952484,0.16992757,0.030702707395248413
nearest_neighbor_baseline,507,77221,44566,1.188092827796936,0.38041314482688904,0.518526,0.138112855173111,20.516088485717773,19.97889,0.5371984857177736,0.5512327551841736,0.6216082,0.07037544481582647,0.5538490414619446,0.6240617,0.07021265853805547,0.17200584709644318,0.16482972,0.007176127096443163
nearest_neighbor_baseline,508,95413,84761,1.754745602607727,0.5960437059402466,0.72394794,0.12790423405975337,20.587512969970703,20.154459,0.4330539699707039,0.19767343997955322,0.20893359,0.01126015002044678,0.21391712129116058,0.21862468,0.004707558708839404,0.40709197521209717,0.4458563,0.038764324787902815
nearest_neighbor_baseline,509,100996,77297,2.3709170818328857,0.9847292900085449,0.9564389,0.02829039000854494,8.965049743652344,9.109828,0.1447782563476565,0.2756994068622589,0.27242395,0.0032754568622588853,0.29109808802604675,0.30015045,0.00905236197395326,0.48522406816482544,0.43811324,0.047110828164825425
nearest_neighbor_baseline,510,17485,102710,2.2011256217956543,0.4434434771537781,0.6937274,0.2502839228462219,21.56220245361328,22.9943,1.4320975463867178,0.28268781304359436,0.3045525,0.021864686956405643,0.28859344124794006,0.31103653,0.022443088752059914,0.26773273944854736,0.26827884,0.0005461005514526551
nearest_neighbor_baseline,511,3401,120031,2.2593047618865967,0.8707730770111084,0.8913892,0.020616122988891594,12.490723609924316,12.079499,0.4112246099243162,0.3190137445926666,0.37830257,0.05928882540733338,0.3304458558559418,0.383051,0.0526051441440582,0.3452698886394501,0.26912144,0.07614844863945008
nearest_neighbor_baseline,512,60254,7889,1.3584332466125488,0.4888754189014435,0.56460273,0.07572731109855657,21.24763298034668,22.896826,1.649193019653321,0.5573835372924805,0.51076835,0.04661518729248049,0.5586045384407043,0.5120907,0.046513838440704336,0.1254378855228424,0.147964,0.022526114477157605
nearest_neighbor_baseline,513,136754,81613,1.6152023077011108,0.9595755934715271,0.96642226,0.006846666528472878,5.815982341766357,6.505414,0.6894316582336426,0.287217378616333,0.3261024,0.03888502138366701,0.3033129870891571,0.35012406,0.04681107291084291,0.3517228662967682,0.34620205,0.005520816296768205
nearest_neighbor_baseline,514,53545,9239,1.001977562904358,0.10193077474832535,0.04299533,0.05893544474832535,25.609668731689453,28.241432,2.6317632683105465,0.456868976354599,0.43329823,0.023570746354598993,0.45936188101768494,0.43676203,0.022599851017684913,0.16537299752235413,0.18029302,0.014920022477645872
nearest_neighbor_baseline,515,113601,40101,2.148226261138916,0.48138895630836487,0.71697736,0.23558840369163514,24.607688903808594,22.600525,2.0071639038085927,0.35723528265953064,0.34604067,0.011194612659530645,0.4282429814338684,0.4576096,0.029366618566131597,0.5341152548789978,0.6331878,0.09907254512100216
nearest_neighbor_baseline,516,53116,69779,1.5078344345092773,0.6648772954940796,0.6291179,0.03575939549407958,21.273263931274414,23.407984,2.134720068725585,0.2798202633857727,0.270446,0.009374263385772685,0.28871041536331177,0.28097823,0.007732185363311772,0.38950982689857483,0.38807705,0.0014327768985748501
nearest_neighbor_baseline,517,119683,96957,2.374932050704956,0.15872280299663544,0.127303,0.03141980299663544,29.031137466430664,26.036758,2.994379466430665,0.28300729393959045,0.21456872,0.06843857393959046,0.2921561896800995,0.2284461,0.06371008968009947,0.26696497201919556,0.3563548,0.08938982798080447
nearest_neighbor_baseline,518,25525,3000,2.2456510066986084,0.10261056572198868,0.20740697,0.10479640427801132,25.060029983520508,25.58758,0.5275500164794913,0.28260913491249084,0.291301,0.008691865087509132,0.3041459023952484,0.29386115,0.010284752395248398,0.2980711758136749,0.15171261,0.14635856581367493
nearest_neighbor_baseline,519,74800,10405,1.7777308225631714,0.9871699810028076,0.99078375,0.003613768997192346,9.94749927520752,8.451201,1.4962982752075202,0.24832046031951904,0.22205076,0.02626970031951903,0.2638820707798004,0.24228019,0.02160188077980041,0.42763441801071167,0.4494483,0.021813881989288353
nearest_neighbor_baseline,520,113879,29325,2.2827842235565186,0.4295092821121216,0.6274624,0.1979531178878784,23.80432891845703,23.354504,0.44982491845703265,0.2271537333726883,0.24172638,0.014572646627311697,0.23250612616539001,0.25170487,0.01919874383461001,0.24520577490329742,0.2714628,0.02625702509670258
nearest_neighbor_baseline,521,69146,95103,1.2330702543258667,0.24921555817127228,0.20115994,0.04805561817127227,30.10426902770996,29.14764,0.9566290277099618,0.46856993436813354,0.46051162,0.008058314368133535,0.4699662923812866,0.46329418,0.006672112381286621,0.1395462304353714,0.20273778,0.06319154956462861
nearest_neighbor_baseline,522,88632,22133,2.4929769039154053,0.6829962730407715,0.75980604,0.07680976695922848,16.183820724487305,14.048605,2.1352157244873045,0.2293320894241333,0.25357798,0.02424589057586668,0.23348864912986755,0.25748354,0.023994890870132457,0.20591886341571808,0.23213936,0.02622049658428191
nearest_neighbor_baseline,523,37447,3154,1.7798173427581787,0.7601946592330933,0.8724896,0.11229494076690671,22.012989044189453,20.812439,1.2005500441894519,0.3764885365962982,0.36634177,0.010146766596298207,0.3788307309150696,0.36842424,0.010406490915069566,0.2202661782503128,0.19080688,0.029459298250312793
nearest_neighbor_baseline,524,43816,113318,1.2204238176345825,0.23112595081329346,0.2899978,0.058871849186706515,30.59688377380371,28.369846,2.227037773803712,0.5284480452537537,0.58686805,0.05842000474624631,0.5310091376304626,0.5926722,0.061663062369537336,0.18562071025371552,0.26539946,0.07977874974628446
nearest_neighbor_baseline,525,100272,34429,2.474165439605713,0.23858001828193665,0.097351626,0.14122839228193665,24.474729537963867,24.46244,0.012289537963866337,0.26397207379341125,0.28402218,0.020050106206588758,0.2788403630256653,0.30884877,0.03000840697433471,0.44953638315200806,0.5081417,0.05860531684799197
nearest_neighbor_baseline,526,76662,81385,2.1151123046875,0.03236870840191841,0.22519776,0.19282905159808159,24.685882568359375,25.94654,1.2606574316406238,0.2122364342212677,0.20812334,0.00411309422126771,0.21852271258831024,0.235612,0.017089287411689746,0.26666465401649475,0.4375678,0.17090314598350526
nearest_neighbor_baseline,527,34621,64798,1.7999324798583984,0.9726900458335876,0.99415547,0.021465424166412395,5.490146160125732,4.384458,1.105688160125732,0.2559804618358612,0.25930282,0.0033223581641387834,0.29870080947875977,0.3013697,0.0026688905212402525,0.5811513662338257,0.58215326,0.0010018937661743221
nearest_neighbor_baseline,528,64552,123964,2.312619924545288,0.98662930727005,0.99255604,0.005926732729949924,2.146358013153076,1.8965497,0.24980831315307617,0.440334290266037,0.511681,0.07134670973396307,0.6289851069450378,0.76698846,0.13800335305496214,0.8220957517623901,0.7937462,0.02834955176239018
nearest_neighbor_baseline,529,4130,124474,1.6706867218017578,0.6395796537399292,0.45041785,0.1891618037399292,24.258575439453125,26.10022,1.8416445605468752,0.3727802038192749,0.33895403,0.033826173819274885,0.374987930059433,0.34417996,0.030807970059432976,0.20965832471847534,0.21740223,0.00774390528152466
nearest_neighbor_baseline,530,100772,15193,2.4503493309020996,0.8106035590171814,0.82990533,0.0193017709828186,18.461448669433594,18.61961,0.1581613305664078,0.18353156745433807,0.2094308,0.025899232545661927,0.19858136773109436,0.24673145,0.04815008226890563,0.5322474241256714,0.59679496,0.0645475358743286
nearest_neighbor_baseline,531,37382,18379,2.4629111289978027,0.6300015449523926,0.6015729,0.028428644952392612,22.494474411010742,21.649431,0.8450434110107423,0.3333086669445038,0.3594494,0.02614073305549619,0.34097352623939514,0.3744892,0.03351567376060488,0.27605414390563965,0.317012,0.04095785609436037
nearest_neighbor_baseline,532,135707,127527,2.613459587097168,0.9299626350402832,0.8989567,0.03100593504028315,6.409445762634277,8.576449,2.167003237365723,0.3088904619216919,0.25781804,0.05107242192169187,0.31743964552879333,0.27081344,0.04662620552879332,0.27839595079421997,0.41956142,0.14116546920578005
nearest_neighbor_baseline,533,14776,51930,1.6263924837112427,0.9875869154930115,0.97416437,0.013422545493011473,7.14520788192749,6.6567287,0.48847918192748985,0.33103105425834656,0.33006704,0.0009640142583465794,0.33884522318840027,0.33978084,0.0009356168115997043,0.3238580524921417,0.37641975,0.052561697507858274
nearest_neighbor_baseline,534,52567,97133,2.3663737773895264,0.14213460683822632,0.2479822,0.1058475931617737,27.52060890197754,28.440626,0.9200170980224627,0.27264514565467834,0.21846165,0.05418349565467834,0.283275842666626,0.22998716,0.05328868266662598,0.3606722056865692,0.33792156,0.022750645686569204
nearest_neighbor_baseline,535,51687,104037,2.564544677734375,0.948223352432251,0.97036743,0.022144077567749054,11.3392972946167,12.073354,0.7340567053833009,0.23741601407527924,0.18807729,0.04933872407527923,0.2640717029571533,0.22315034,0.04092136295715332,0.6800602078437805,0.7935803,0.1135200921562195
nearest_neighbor_baseline,536,37153,13845,1.6506661176681519,0.5972214341163635,0.4918897,0.10533173411636354,25.342493057250977,25.352304,0.00981094274902361,0.4289296567440033,0.38324153,0.0456881267440033,0.43747758865356445,0.39241588,0.04506170865356446,0.35872769355773926,0.3144274,0.044300293557739234
nearest_neighbor_baseline,537,1655,21560,0.9431803822517395,0.14508385956287384,0.23385225,0.08876839043712617,27.341623306274414,29.57408,2.2324566937255845,0.7211534380912781,0.7288262,0.0076727619087219034,0.7218506932258606,0.729597,0.007746306774139455,0.09284237027168274,0.1049654,0.012123029728317261
nearest_neighbor_baseline,538,107023,97317,1.1072722673416138,0.4246898293495178,0.36633575,0.05835407934951781,24.828245162963867,23.410688,1.4175571629638668,0.5815158486366272,0.60417295,0.022657101363372845,0.5832597017288208,0.6083877,0.025127998271179175,0.16156016290187836,0.20875104,0.04719087709812164
nearest_neighbor_baseline,539,83835,104507,2.2717928886413574,0.9203464388847351,0.92047703,0.00013059111526492195,5.571969032287598,8.371471,2.799501967712402,0.25653520226478577,0.23864922,0.01788598226478577,0.27163857221603394,0.2550316,0.01660697221603391,0.37401440739631653,0.4254453,0.0514308926036835
nearest_neighbor_baseline,540,110879,78909,1.5951008796691895,0.7876303791999817,0.84024227,0.05261189080001827,17.124500274658203,14.098247,3.0262532746582025,0.3763083815574646,0.412862,0.03655361844253541,0.39437881112098694,0.4345449,0.04016608887901307,0.4526066482067108,0.42084295,0.03176369820671082
nearest_neighbor_baseline,541,129267,4396,2.052321195602417,0.3596542775630951,0.5088033,0.14914902243690487,23.00874137878418,21.498247,1.5104943787841805,0.2384890913963318,0.27294868,0.03445958860366821,0.24644030630588531,0.28468412,0.03824381369411467,0.3182222545146942,0.369901,0.051678745485305766
nearest_neighbor_baseline,542,80496,71178,0.8605426549911499,0.07934058457612991,0.034575075,0.04476550957612992,29.36749839782715,29.888807,0.5213086021728515,0.7113335132598877,0.70585346,0.005480053259887652,0.7119359374046326,0.7071043,0.004831637404632549,0.10056129842996597,0.11547966,0.014918361570034025
nearest_neighbor_baseline,543,20174,115732,1.7908141613006592,0.9330543279647827,0.8334814,0.09957292796478268,13.328926086425781,13.234088,0.0948380864257814,0.25201308727264404,0.280433,0.028419912727355945,0.25719642639160156,0.28704214,0.02984571360839844,0.2559189796447754,0.25779453,0.001875550355224631
nearest_neighbor_baseline,544,31774,24640,1.5861707925796509,0.9215846657752991,0.939248,0.0176633342247009,3.9975311756134033,4.6200237,0.6224925243865966,0.2861793637275696,0.27246633,0.013713033727569601,0.2924346625804901,0.27961096,0.012823702580490093,0.266277015209198,0.26598975,0.00028726520919797327
nearest_neighbor_baseline,545,2806,137151,2.4489569664001465,0.42110124230384827,0.40796944,0.01313180230384825,24.045055389404297,21.9051,2.139955389404296,0.22428977489471436,0.22408827,0.0002015048947143494,0.26954343914985657,0.29959115,0.030047710850143405,0.6873219609260559,0.75054085,0.06321888907394413
nearest_neighbor_baseline,546,79908,390,0.9789660573005676,0.22655034065246582,0.20663439,0.01991595065246582,26.780244827270508,26.539753,0.24049182727050677,0.9252167344093323,0.9282647,0.0030479655906677783,0.9260768890380859,0.92886984,0.002792950961914009,0.09107404202222824,0.075227804,0.015846238022228246
nearest_neighbor_baseline,547,29620,21978,2.9948766231536865,0.6929386258125305,0.815775,0.12283637418746951,21.70363998413086,15.545132,6.158507984130859,0.20617811381816864,0.28129026,0.07511214618183137,0.21203739941120148,0.3031637,0.0911263005887985,0.27008312940597534,0.41173542,0.14165229059402468
nearest_neighbor_baseline,548,50703,71011,2.390373945236206,0.5850402116775513,0.7266238,0.14158358832244877,21.837581634521484,20.732729,1.1048526345214853,0.2113945186138153,0.22863391,0.017239391386184688,0.21843689680099487,0.23594843,0.017511533199005114,0.3521598279476166,0.4044834,0.052323572052383416
nearest_neighbor_baseline,549,108487,44205,2.0220649242401123,0.8077020049095154,0.8360564,0.028354395090484652,21.5843505859375,17.863283,3.721067585937501,0.313037246465683,0.36408868,0.051051433534317014,0.31971052289009094,0.37812954,0.058419017109909044,0.32658979296684265,0.40307897,0.07648917703315733
nearest_neighbor_baseline,550,137915,114379,2.7516984939575195,0.34059035778045654,0.24724793,0.09334242778045654,22.728933334350586,26.48304,3.754106665649413,0.3455600440502167,0.33372656,0.01183348405021667,0.3523308336734772,0.36532095,0.012990116326522805,0.2156406044960022,0.48030734,0.26466673550399783
nearest_neighbor_baseline,551,58438,5374,1.411836862564087,0.9572648406028748,0.98803884,0.030773999397125218,5.844730854034424,6.116672,0.2719411459655765,0.2414604276418686,0.22070016,0.020760267641868585,0.26441508531570435,0.23958364,0.02483144531570436,0.4628024399280548,0.44861326,0.014189179928054796
nearest_neighbor_baseline,552,21143,30716,1.6981257200241089,0.8424294590950012,0.7788192,0.06361025909500118,18.588130950927734,18.200243,0.387887950927734,0.3299424350261688,0.29903224,0.03091019502616882,0.3430112898349762,0.31870311,0.024308179834976185,0.39595848321914673,0.43272537,0.03676688678085327
nearest_neighbor_baseline,553,49832,99903,2.123504400253296,0.9677565693855286,0.930598,0.03715856938552853,11.63491153717041,14.218661,2.5837494628295907,0.1806357353925705,0.18666604,0.00603030460742951,0.2118537425994873,0.2013833,0.010470442599487317,0.6330018639564514,0.5146873,0.11831456395645146
nearest_neighbor_baseline,554,9621,56390,2.0885376930236816,0.6024296879768372,0.4122784,0.19015128797683717,22.058732986450195,19.964928,2.093804986450195,0.25446847081184387,0.22994068,0.024527790811843864,0.2862710952758789,0.25961086,0.026660235275878907,0.5339224934577942,0.41013217,0.12379032345779417
nearest_neighbor_baseline,555,90382,35988,2.812756061553955,0.28969067335128784,0.36652547,0.07683479664871218,25.465314865112305,25.000937,0.4643778651123043,0.34433871507644653,0.33578712,0.008551595076446539,0.3745594918727875,0.34686038,0.027699111872787452,0.3404775857925415,0.26807517,0.07240241579254153
nearest_neighbor_baseline,556,104374,54843,1.579901933670044,0.6948438286781311,0.5745502,0.12029362867813109,22.876834869384766,22.54313,0.3337048693847642,0.4100201725959778,0.4191703,0.009150127404022212,0.41340696811676025,0.42043617,0.007029201883239744,0.22215336561203003,0.15435867,0.06779469561203003
nearest_neighbor_baseline,557,102897,96192,2.3120243549346924,0.624116837978363,0.48853737,0.135579467978363,17.458127975463867,18.768845,1.3107170245361317,0.22103896737098694,0.23619995,0.015160982629013053,0.22871939837932587,0.25528818,0.02656878162067411,0.29860177636146545,0.31242603,0.013824253638534567
nearest_neighbor_baseline,558,54633,7506,1.5581310987472534,0.033240724354982376,0.1699406,0.13669987564501762,32.02539825439453,28.404053,3.62134525439453,0.5087003707885742,0.545037,0.036336629211425775,0.5107065439224243,0.5469396,0.036233056077575654,0.16363728046417236,0.13961226,0.024025020464172375
nearest_neighbor_baseline,559,70060,69085,1.3114100694656372,0.7372264862060547,0.6315362,0.1056902862060547,19.48047637939453,20.097155,0.6166786206054695,0.3696790039539337,0.38572633,0.01604732604606629,0.37474897503852844,0.3903929,0.015643924961471545,0.25971928238868713,0.23717067,0.022548612388687134
nearest_neighbor_baseline,560,102016,82304,2.020794630050659,0.9686823487281799,0.92987037,0.038811978728179986,14.409252166748047,15.045594,0.6363418332519526,0.3478090763092041,0.37743837,0.02962929369079592,0.3542513847351074,0.38207573,0.02782434526489258,0.3231137692928314,0.24619722,0.07691654929283143
nearest_neighbor_baseline,561,49983,10529,2.914738178253174,0.9086782932281494,0.7942748,0.11440349322814947,16.236692428588867,17.296724,1.060031571411134,0.2676975727081299,0.28271684,0.015019267291870142,0.2794855535030365,0.29130936,0.011823806496963518,0.4154554009437561,0.33616364,0.07929176094375612
nearest_neighbor_baseline,562,46417,96001,2.001833438873291,0.8825932741165161,0.8300228,0.052570474116516164,16.48628807067871,18.867785,2.3814969293212904,0.32925355434417725,0.30040523,0.028848324344177223,0.3340701162815094,0.30494532,0.02912479628150938,0.19537927210330963,0.28056476,0.08518548789669039
nearest_neighbor_baseline,563,103676,4533,2.173673629760742,0.5905153155326843,0.53584135,0.05467396553268433,21.889944076538086,23.69682,1.806875923461913,0.26192840933799744,0.28008547,0.018157060662002567,0.2702684700489044,0.28281537,0.012546899951095591,0.32466623187065125,0.20950103,0.11516520187065124
nearest_neighbor_baseline,564,104307,2317,2.419565200805664,0.9138719439506531,0.82662374,0.08724820395065302,15.018206596374512,17.281738,2.263531403625489,0.29490935802459717,0.2485447,0.04636465802459716,0.3088681995868683,0.26954558,0.03932261958686828,0.3727515935897827,0.40305954,0.03030794641021728
nearest_neighbor_baseline,565,91888,56399,2.3258209228515625,0.4748338460922241,0.556569,0.08173515390777586,24.802690505981445,21.1384,3.6642905059814446,0.26086506247520447,0.24153994,0.01932512247520446,0.26355183124542236,0.24434067,0.019211161245422353,0.19176945090293884,0.19871552,0.006946069097061164
nearest_neighbor_baseline,566,129660,70634,1.5576332807540894,0.988490104675293,0.99202263,0.0035325253247070476,4.384706020355225,5.4880505,1.1033444796447753,0.2637900710105896,0.25867078,0.0051192910105896106,0.2868102192878723,0.2673578,0.019452419287872336,0.4833941161632538,0.37014934,0.11324477616325379
nearest_neighbor_baseline,567,68192,85604,2.128283977508545,0.10500965267419815,0.36798972,0.26298006732580187,24.76015853881836,24.716265,0.043893538818359445,0.2786062955856323,0.26536438,0.013241915585632313,0.2868298888206482,0.2838323,0.0029975888206482115,0.24522671103477478,0.36910075,0.1238740389652252
nearest_neighbor_baseline,568,12639,113220,1.8669044971466064,0.14775124192237854,0.15887499,0.011123748077621454,25.30499267578125,26.643608,1.3386153242187504,0.3165355324745178,0.33000398,0.013468447525482152,0.3199617266654968,0.33297437,0.013012643334503193,0.21756011247634888,0.21469231,0.0028678024763488796
nearest_neighbor_baseline,569,100153,119544,2.1893608570098877,0.147694393992424,0.24419552,0.09650112600757599,28.977725982666016,24.24337,4.734355982666017,0.27086392045021057,0.2576526,0.013211320450210562,0.285396546125412,0.27031475,0.015081796125411995,0.3013048768043518,0.35851282,0.0572079431956482
nearest_neighbor_baseline,570,70656,88366,1.3797507286071777,0.9448038935661316,0.91865546,0.026148433566131613,13.318824768066406,12.471125,0.8476997680664056,0.3685343563556671,0.35718575,0.01134860635566709,0.37382280826568604,0.36350662,0.010316188265686033,0.25310057401657104,0.2668871,0.013786525983428943
nearest_neighbor_baseline,571,123777,7037,2.5747833251953125,0.25788235664367676,0.43275505,0.17487269335632322,25.66488265991211,23.107105,2.5577776599121087,0.25216177105903625,0.25684872,0.00468694894096372,0.26258236169815063,0.26370314,0.0011207783018493678,0.37163034081459045,0.27922386,0.09240648081459046
nearest_neighbor_baseline,572,79970,128777,1.5142253637313843,0.7110856175422668,0.7686641,0.057578482457733116,22.622825622558594,21.870243,0.7525826225585952,0.4376665949821472,0.43748,0.0001865949821472368,0.4460251033306122,0.44281736,0.0032077433306121894,0.31574326753616333,0.27633426,0.03940900753616333
nearest_neighbor_baseline,573,83530,102196,2.000995397567749,0.33627501130104065,0.44586882,0.10959380869895935,25.399932861328125,22.929441,2.4704918613281244,0.30977076292037964,0.31668133,0.0069105670796203444,0.3214728534221649,0.33990926,0.018436406577835074,0.30014660954475403,0.3637202,0.06357359045524597
nearest_neighbor_baseline,574,50999,96480,2.298004388809204,0.9929190874099731,0.99352896,0.000609872590026872,5.278690338134766,5.4803944,0.20170406186523415,0.1968107670545578,0.19955805,0.0027472829454421865,0.23781535029411316,0.24271014,0.004894789705886832,0.6984813809394836,0.7340186,0.03553721906051632
nearest_neighbor_baseline,575,125945,83064,2.3782925605773926,0.6406349539756775,0.62766373,0.012971223975677515,20.264204025268555,21.978476,1.7142719747314459,0.18954625725746155,0.20862669,0.019080432742538456,0.20081594586372375,0.22099835,0.020182404136276255,0.41924136877059937,0.48816904,0.06892767122940063
nearest_neighbor_baseline,576,27314,3589,2.9712133407592773,0.29548969864845276,0.17537346,0.12011623864845275,27.44034767150879,23.672255,3.7680926715087892,0.36093810200691223,0.27379435,0.08714375200691221,0.3724844455718994,0.31168753,0.060796915571899424,0.35709676146507263,0.5252819,0.16818513853492734
nearest_neighbor_baseline,577,69269,39995,2.0361948013305664,0.8822847008705139,0.8555595,0.026725200870513888,14.195735931396484,12.950553,1.245182931396485,0.19707974791526794,0.2405056,0.04342585208473207,0.20559673011302948,0.25330868,0.04771194988697053,0.2867925763130188,0.34123018,0.054437603686981195
nearest_neighbor_baseline,578,108908,85082,2.286621332168579,0.11076895147562027,0.25485057,0.14408161852437973,24.93474006652832,27.649908,2.7151679334716796,0.45753902196884155,0.45685756,0.0006814619688415569,0.46093878149986267,0.46346062,0.002521838500137319,0.1496991068124771,0.21556951,0.06587040318752288
nearest_neighbor_baseline,579,139818,94763,2.3930351734161377,0.7206940054893494,0.8427517,0.12205769451065063,13.936104774475098,12.5081,1.428004774475097,0.25655490159988403,0.26804525,0.01149034840011598,0.26978161931037903,0.2852381,0.015456480689620966,0.4126276671886444,0.436076,0.02344833281135561
nearest_neighbor_baseline,580,98508,59236,1.881980061531067,0.5727964043617249,0.63105476,0.058258355638275194,25.312068939208984,24.87715,0.43491893920898406,0.2982269823551178,0.29275542,0.005471562355117809,0.30196964740753174,0.2964441,0.00552554740753175,0.2552046775817871,0.26472098,0.009516302418212885
nearest_neighbor_baseline,581,59867,44558,1.3363816738128662,0.687062680721283,0.78773725,0.1006745692787171,18.832429885864258,19.940672,1.1082421141357415,0.38927993178367615,0.39074472,0.0014647882163238424,0.39401760697364807,0.39235625,0.0016613569736480538,0.2012861967086792,0.18346275,0.01782344670867919
nearest_neighbor_baseline,582,107960,21427,2.376335859298706,0.9497848153114319,0.9533724,0.003587584688568124,11.256321907043457,9.861614,1.3947079070434576,0.23459357023239136,0.23027451,0.00431906023239137,0.24937601387500763,0.25247434,0.00309832612499239,0.46648162603378296,0.56449246,0.09801083396621701
nearest_neighbor_baseline,583,113742,22966,1.6881471872329712,0.15768787264823914,0.26744822,0.10976034735176088,30.753095626831055,29.145437,1.6076586268310535,0.45234400033950806,0.534603,0.082258999660492,0.4533598721027374,0.5358465,0.08248662789726258,0.127361461520195,0.11039409,0.016967371520195007
nearest_neighbor_baseline,584,40824,74502,1.4721492528915405,0.9767976999282837,0.95122933,0.025568369928283707,10.457348823547363,10.09479,0.3625588235473636,0.31117525696754456,0.29022178,0.02095347696754457,0.31521981954574585,0.29607192,0.01914789954574586,0.25413385033607483,0.26129594,0.007162089663925175
nearest_neighbor_baseline,585,134630,123276,2.189514636993408,0.5666921138763428,0.41190627,0.15478584387634275,22.614465713500977,22.834793,0.22032728649902467,0.3637256622314453,0.32805955,0.035666112231445335,0.36795666813850403,0.33040127,0.037555398138504004,0.19837258756160736,0.16550323,0.03286935756160736
nearest_neighbor_baseline,586,78969,11105,1.7852369546890259,0.9327954053878784,0.9363359,0.003540494612121581,13.371925354003906,11.504751,1.8671743540039056,0.26701799035072327,0.27798116,0.010963169649276738,0.27539658546447754,0.29334202,0.017945434535522442,0.2645622193813324,0.35795787,0.09339565061866761
nearest_neighbor_baseline,587,68142,80119,2.701539993286133,0.84332674741745,0.8009974,0.04232934741744998,14.175802230834961,13.38691,0.7888922308349606,0.2640857994556427,0.33836082,0.0742750205443573,0.2784452736377716,0.3412181,0.06277282636222842,0.37395724654197693,0.18231064,0.19164660654197693
nearest_neighbor_baseline,588,111405,121806,1.3496865034103394,0.5209183692932129,0.47696835,0.043950019293212905,26.446184158325195,25.903982,0.5422021583251961,0.5688716173171997,0.5846743,0.015802682682800273,0.5779984593391418,0.59656215,0.018563690660858168,0.3590433597564697,0.34771103,0.01133232975646975
nearest_neighbor_baseline,589,2797,48921,2.2272415161132812,0.9273810386657715,0.90631706,0.021063978665771477,10.879667282104492,14.551181,3.6715137178955075,0.23190394043922424,0.25665516,0.02475121956077575,0.26041316986083984,0.28955525,0.029142080139160143,0.40893664956092834,0.47952405,0.07058740043907163
nearest_neighbor_baseline,590,83146,78821,0.9834690690040588,0.29255449771881104,0.32539976,0.03284526228118895,25.267385482788086,26.988537,1.721151517211915,0.8219435811042786,0.77491575,0.04702783110427855,0.826210081577301,0.77859867,0.04761141157730098,0.17018556594848633,0.21702033,0.04683476405151368
nearest_neighbor_baseline,591,91207,136989,2.026785373687744,0.3656967282295227,0.33455402,0.031142708229522698,24.69864845275879,22.401274,2.2973744527587883,0.26362869143486023,0.2727487,0.009120008565139781,0.2671334743499756,0.27979276,0.012659285650024388,0.21121644973754883,0.3171873,0.10597085026245118
nearest_neighbor_baseline,592,9929,60585,1.870381474494934,0.8758319616317749,0.7346471,0.1411848616317749,14.534929275512695,12.456335,2.078594275512696,0.2996029555797577,0.31691405,0.017311094420242312,0.3051767349243164,0.32659796,0.021421225075683614,0.2510300278663635,0.26441398,0.013383952133636468
nearest_neighbor_baseline,593,87728,23037,2.6228349208831787,0.2718786299228668,0.6582459,0.38636727007713323,23.584470748901367,23.619196,0.03472525109863156,0.27545738220214844,0.2640903,0.011367082202148437,0.2892991602420807,0.2720891,0.017210060242080716,0.3783852458000183,0.2966313,0.08175394580001832
nearest_neighbor_baseline,594,12919,84871,1.6113598346710205,0.4450502097606659,0.32047957,0.1245706397606659,26.163883209228516,28.294926,2.1310427907714846,0.6347077488899231,0.63296336,0.0017443888899231208,0.63707435131073,0.63457644,0.002497911310729961,0.16740523278713226,0.1587935,0.008611732787132259
nearest_neighbor_baseline,595,130288,119025,2.0482780933380127,0.8671888709068298,0.8896298,0.022440929093170192,20.684452056884766,19.973223,0.7112290568847648,0.38587018847465515,0.3568901,0.028980088474655163,0.38909998536109924,0.36138672,0.02771326536109925,0.23149149119853973,0.2740659,0.04257440880146024
nearest_neighbor_baseline,596,37943,90838,1.2478575706481934,0.8620437383651733,0.8334441,0.02859963836517332,19.917545318603516,17.898413,2.019132318603514,0.41499555110931396,0.39724222,0.017753331109313986,0.4210682809352875,0.40248412,0.018584160935287475,0.2995442748069763,0.28895807,0.010586204806976307
nearest_neighbor_baseline,597,89595,67382,1.3349525928497314,0.7510371208190918,0.7024166,0.04862052081909185,22.30646324157715,22.61972,0.3132567584228525,0.5668057203292847,0.5739068,0.007101079670715382,0.5755727887153625,0.5819679,0.006395111284637434,0.2732798755168915,0.261467,0.011812875516891475
nearest_neighbor_baseline,598,123810,20470,2.527672052383423,0.5657585859298706,0.2892659,0.2764926859298706,21.316265106201172,20.376766,0.9394991062011719,0.2645522356033325,0.24822108,0.01633115560333251,0.27971959114074707,0.2643944,0.015325191140747096,0.36366891860961914,0.3343902,0.029278718609619114
nearest_neighbor_baseline,599,35838,68548,2.4982423782348633,0.8101377487182617,0.8969147,0.08677695128173823,16.761329650878906,14.729623,2.031706650878906,0.2751120626926422,0.26725742,0.007854642692642189,0.2776802182197571,0.27222648,0.005453738219757087,0.17012611031532288,0.24398555,0.07385943968467712
nearest_neighbor_baseline,600,77590,29610,2.6154372692108154,0.5308337807655334,0.68587065,0.15503686923446658,19.001344680786133,16.724934,2.2764106807861317,0.20031364262104034,0.2235358,0.023222157378959662,0.2057589888572693,0.23076867,0.025009681142730722,0.3289695978164673,0.31767005,0.011299547816467304
nearest_neighbor_baseline,601,30470,74015,2.736248731613159,0.3188723027706146,0.1463244,0.17254790277061463,26.076948165893555,24.497746,1.5792021658935553,0.28427308797836304,0.29790226,0.013629172021636937,0.293083518743515,0.32059744,0.027513921256484997,0.25673529505729675,0.3295305,0.07279520494270325
nearest_neighbor_baseline,602,27360,29369,2.085524082183838,0.9609497785568237,0.9592805,0.00166927855682375,12.343927383422852,12.925335,0.5814076165771489,0.26389873027801514,0.22379889,0.040099840278015136,0.2801451086997986,0.24815561,0.031989498699798585,0.5468226075172424,0.546064,0.0007586075172424378
nearest_neighbor_baseline,603,115410,114373,2.2969279289245605,0.34737950563430786,0.30424413,0.04313537563430786,25.905820846557617,21.371769,4.534051846557617,0.28593045473098755,0.3089149,0.022984445269012443,0.3227523863315582,0.31567028,0.007082106331558202,0.43148648738861084,0.22173005,0.20975643738861083
nearest_neighbor_baseline,604,128538,96832,1.739200472831726,0.7942236065864563,0.7971967,0.0029730934135436815,15.414946556091309,15.311357,0.10358955609130938,0.2898620665073395,0.30972338,0.019861313492660515,0.29639768600463867,0.31354976,0.01715207399536134,0.28401342034339905,0.20261912,0.08139430034339903
nearest_neighbor_baseline,605,50502,8919,1.8037503957748413,0.13484911620616913,0.062754646,0.07209447020616913,27.38861083984375,27.072792,0.31581883984375025,0.4553692042827606,0.45650977,0.0011405657172393613,0.4930819869041443,0.48401707,0.009064916904144293,0.3593975901603699,0.3588983,0.0004992901603698696
nearest_neighbor_baseline,606,100812,50306,1.8384772539138794,0.7622835040092468,0.6605614,0.10172210400924686,16.215328216552734,11.977976,4.237352216552734,0.26351282000541687,0.25165686,0.011855960005416888,0.2674447298049927,0.25589105,0.011553679804992667,0.23010104894638062,0.20482118,0.025279868946380624
nearest_neighbor_baseline,607,121745,31763,2.0578665733337402,0.24495412409305573,0.2617722,0.016818075906944285,28.38237190246582,22.352373,6.02999890246582,0.3355281949043274,0.28599292,0.04953527490432741,0.3398374021053314,0.28818053,0.05165687210533143,0.1698164939880371,0.19848569,0.028669196011962883
nearest_neighbor_baseline,608,90430,52552,2.4123892784118652,0.9371828436851501,0.95601225,0.01882940631484986,12.821069717407227,11.907859,0.9132107174072264,0.1866333931684494,0.19964951,0.0130161168315506,0.20502904057502747,0.2385509,0.033521859424972544,0.4848458766937256,0.57430327,0.08945739330627445
nearest_neighbor_baseline,609,113420,39604,1.8019112348556519,0.170405313372612,0.0067370525,0.163668260872612,28.64821434020996,29.635548,0.9873336597900391,0.2620885968208313,0.30677193,0.04468333317916873,0.263845831155777,0.30984873,0.04600289884422304,0.1861608624458313,0.17768624,0.008474622445831304
nearest_neighbor_baseline,610,97861,77633,2.1169474124908447,0.5347514152526855,0.41429013,0.12046128525268557,19.14826011657715,21.78199,2.633729883422852,0.2823953330516815,0.26912236,0.013272973051681514,0.289070188999176,0.28383508,0.005235108999176008,0.27563410997390747,0.30641672,0.030782610026092505
nearest_neighbor_baseline,611,127102,126442,1.7391111850738525,0.7082061767578125,0.75914407,0.05093789324218745,21.393695831298828,19.163265,2.230430831298829,0.24290981888771057,0.27024958,0.027339761112289418,0.2484653741121292,0.27579156,0.02732618588787078,0.2270215004682541,0.2775482,0.05052669953174593
nearest_neighbor_baseline,612,19167,130166,1.9779884815216064,0.9391230940818787,0.94115186,0.002028765918121289,15.265746116638184,14.36936,0.8963861166381832,0.27503129839897156,0.23768744,0.03734385839897156,0.2829407751560211,0.24619175,0.03674902515602113,0.3439003825187683,0.34416538,0.0002649974812317102
nearest_neighbor_baseline,613,55245,44726,1.0099115371704102,0.3258208930492401,0.428266,0.10244510695075987,27.14301300048828,26.549637,0.5933760004882807,0.6882365345954895,0.7042726,0.016036065404510524,0.6895690560340881,0.7059732,0.016404143965911833,0.14523808658123016,0.1516048,0.006366713418769848
nearest_neighbor_baseline,614,48338,91374,1.5806587934494019,0.9645624160766602,0.97351927,0.008956853923339891,5.078853607177734,4.7573614,0.32149220717773463,0.30410391092300415,0.31469178,0.010587869076995826,0.3349853754043579,0.34727067,0.012285294595642093,0.39474695920944214,0.37109524,0.023651719209442146
nearest_neighbor_baseline,615,125492,108618,2.0805323123931885,0.7471575736999512,0.7796087,0.03245112630004887,8.315837860107422,8.582299,0.2664611398925789,0.29550421237945557,0.31954214,0.024037927620544408,0.29993289709091187,0.32732004,0.027387142909088114,0.2522980868816376,0.27324918,0.020951093118362407
nearest_neighbor_baseline,616,70463,129952,2.1589388847351074,0.46833422780036926,0.4757294,0.007395172199630762,23.018409729003906,25.9048,2.8863902709960954,0.247101292014122,0.27964148,0.03254018798587799,0.25021275877952576,0.281631,0.03141824122047426,0.21525102853775024,0.149555,0.06569602853775025
nearest_neighbor_baseline,617,78246,40210,1.03357994556427,0.08645535260438919,0.062054276,0.024401076604389192,31.41431999206543,31.767565,0.3532450079345715,0.5535754561424255,0.57117265,0.01759719385757441,0.5563344955444336,0.5760272,0.019692704455566368,0.15538297593593597,0.17619276,0.02080978406406403
nearest_neighbor_baseline,618,2696,80081,1.1295188665390015,0.06292589008808136,0.05178229,0.011143600088081358,28.39163589477539,30.338377,1.9467411052246106,0.9727451205253601,0.93121284,0.041532280525360066,0.972869336605072,0.9315458,0.04132353660507204,0.04053874313831329,0.046954427,0.0064156838616867065
nearest_neighbor_baseline,619,111402,58667,2.8302223682403564,0.44738465547561646,0.3673673,0.08001735547561645,23.027402877807617,23.782982,0.7555791221923833,0.2503807544708252,0.242593,0.007787754470825192,0.29482388496398926,0.3091599,0.01433601503601073,0.5694788098335266,0.71257186,0.14309305016647333
nearest_neighbor_baseline,620,11879,21903,2.417850971221924,0.8142735958099365,0.8497569,0.035483304190063514,17.277599334716797,19.334507,2.0569076652832017,0.2183407098054886,0.19922595,0.019114759805488574,0.2293258160352707,0.22343221,0.005893606035270699,0.3580947518348694,0.47987142,0.12177666816513061
nearest_neighbor_baseline,621,84596,138979,1.3548637628555298,0.5929365158081055,0.56735057,0.02558594580810547,19.380359649658203,21.497921,2.1175613503417985,0.47596481442451477,0.4731077,0.0028571144245147506,0.47754159569740295,0.47618183,0.0013597656974029815,0.11582911759614944,0.20162503,0.08579591240385057
nearest_neighbor_baseline,622,68689,104700,1.459848165512085,0.41268494725227356,0.46995777,0.05727282274772644,22.6444091796875,24.662842,2.0184328203125013,0.28604257106781006,0.3164217,0.030379128932189914,0.28749993443489075,0.3183237,0.03082376556510924,0.13940978050231934,0.16049322,0.021083439497680656
nearest_neighbor_baseline,623,46126,110250,2.340360164642334,0.19412365555763245,0.30118528,0.10706162444236755,24.39917755126953,22.472153,1.9270245512695325,0.2859143316745758,0.26837012,0.017544211674575816,0.29747846722602844,0.27313685,0.024341617226028456,0.29164955019950867,0.24924564,0.042403910199508676
nearest_neighbor_baseline,624,107742,69611,1.977178931236267,0.2799470126628876,0.07225859,0.20768842266288756,26.465072631835938,27.3179,0.8528273681640641,0.4429185390472412,0.3942051,0.048713439047241236,0.459349662065506,0.42144302,0.03790664206550598,0.31406161189079285,0.39558935,0.08152773810920716
nearest_neighbor_baseline,625,25060,31386,1.2524654865264893,0.0580001138150692,0.04066832,0.017331793815069198,28.91408920288086,29.331545,0.41745579711913905,0.584004819393158,0.56394607,0.020058749393157993,0.5877458453178406,0.56808996,0.01965588531784057,0.19777987897396088,0.18306577,0.014714108973960888
nearest_neighbor_baseline,626,39402,30778,1.9446159601211548,0.43400007486343384,0.36496246,0.06903761486343385,22.93794822692871,23.868633,0.9306847730712882,0.2837470769882202,0.27883738,0.004909696988220191,0.2872511148452759,0.28412932,0.0031217948452758604,0.23166799545288086,0.27350235,0.041834354547119146
nearest_neighbor_baseline,627,61296,14818,2.534376382827759,0.3374636471271515,0.19365644,0.14380720712715148,26.191789627075195,23.961311,2.230478627075197,0.19474193453788757,0.20566729,0.01092535546211243,0.21441584825515747,0.21187723,0.002538618255157471,0.42144009470939636,0.28184748,0.13959261470939638
nearest_neighbor_baseline,628,75973,121241,2.7764127254486084,0.030731331557035446,0.21893464,0.18820330844296457,26.225492477416992,25.505432,0.7200604774169932,0.23428018391132355,0.2872557,0.052975516088676455,0.23659545183181763,0.3031009,0.06650544816818238,0.15612734854221344,0.3264603,0.17033295145778654
nearest_neighbor_baseline,629,53509,17486,2.592874050140381,0.9644292593002319,0.9739017,0.009472440699768048,10.857827186584473,11.372887,0.5150598134155278,0.2265912890434265,0.22634445,0.0002468390434265111,0.2880605459213257,0.2731191,0.01494144592132568,0.7348009347915649,0.83081764,0.09601670520843508
nearest_neighbor_baseline,630,39250,111779,2.6171576976776123,0.4492633640766144,0.6010825,0.15181913592338558,20.78392791748047,22.482584,1.6986560825195305,0.22346530854701996,0.23166527,0.008199961452980048,0.227929025888443,0.24494222,0.017013194111556995,0.26388484239578247,0.34047782,0.07659297760421752
nearest_neighbor_baseline,631,25624,54091,1.975136399269104,0.8636566400527954,0.7535858,0.11007084005279544,19.081708908081055,20.614689,1.5329800919189438,0.22776784002780914,0.19494088,0.03282696002780913,0.24667033553123474,0.20822044,0.038449895531234735,0.4113377630710602,0.40048322,0.010854543071060208
nearest_neighbor_baseline,632,103645,93246,1.2542614936828613,0.8667131066322327,0.86698025,0.0002671433677673418,20.138513565063477,19.450756,0.6877575650634782,0.38636302947998047,0.41552997,0.029166940520019558,0.3875361680984497,0.41746053,0.02992436190155029,0.13190187513828278,0.16887243,0.036970554861717214
nearest_neighbor_baseline,633,128371,92725,1.4431273937225342,0.8401565551757812,0.8654767,0.025320144824218738,14.332850456237793,16.102531,1.769680543762206,0.2387721687555313,0.26276374,0.023991571244468712,0.26429250836372375,0.28100514,0.01671263163627623,0.5091025829315186,0.43802258,0.07108000293151856
nearest_neighbor_baseline,634,2650,4575,2.196744441986084,0.9638370871543884,0.9855545,0.021717412845611572,5.061285018920898,4.388352,0.6729330189208982,0.30267342925071716,0.26869288,0.03398054925071714,0.3268527090549469,0.29079586,0.03605684905494688,0.36507800221443176,0.4193577,0.05427969778556824
nearest_neighbor_baseline,635,137164,34694,2.6964311599731445,0.25160613656044006,0.12343894,0.12816719656044007,22.134119033813477,17.995314,4.138805033813476,0.28164228796958923,0.25462866,0.027013627969589227,0.29010799527168274,0.2616309,0.02847709527168274,0.2736355662345886,0.21330401,0.060331556234588635
nearest_neighbor_baseline,636,31437,139207,1.9550949335098267,0.8024234175682068,0.86187357,0.05945015243179319,11.965492248535156,10.900923,1.0645692485351557,0.2256692796945572,0.25419953,0.028530250305442817,0.23302972316741943,0.26405042,0.031020696832580574,0.2864609360694885,0.31313014,0.026669203930511476
nearest_neighbor_baseline,637,101233,78920,2.0681047439575195,0.9535818099975586,0.96857846,0.014996650002441436,13.02653980255127,9.450259,3.5762808025512687,0.2650770843029022,0.24510393,0.019973154302902224,0.2809765338897705,0.28640524,0.0054287061102294976,0.44045737385749817,0.52477336,0.0843159861425018
nearest_neighbor_baseline,638,3963,69412,2.702683687210083,0.7222988605499268,0.5628802,0.1594186605499267,17.679058074951172,20.709646,3.0305879250488275,0.26003557443618774,0.21782602,0.042209554436187735,0.26965558528900146,0.22205868,0.04759690528900146,0.379743754863739,0.30619943,0.07354432486373902
nearest_neighbor_baseline,639,53892,41554,2.3487250804901123,0.3248552083969116,0.15930204,0.16555316839691162,23.667766571044922,22.646526,1.0212405710449204,0.19884155690670013,0.23189345,0.03305189309329987,0.21313521265983582,0.24530265,0.032167437340164196,0.3554689288139343,0.2915048,0.06396412881393432
nearest_neighbor_baseline,640,117653,122319,1.6685047149658203,0.3044634759426117,0.14187954,0.1625839359426117,25.606481552124023,30.089148,4.482666447875978,0.33959251642227173,0.3123196,0.027272916422271754,0.3436322510242462,0.31520227,0.02842998102424621,0.22145433723926544,0.21212779,0.009326547239265431
nearest_neighbor_baseline,641,131891,103720,2.0504150390625,0.923036515712738,0.93264836,0.009611844287261917,16.979053497314453,16.124361,0.8546924973144527,0.3129730522632599,0.2681512,0.04482185226325991,0.3172897696495056,0.2715137,0.04577606964950559,0.23333704471588135,0.23229906,0.001037984715881346
nearest_neighbor_baseline,642,12908,45124,2.054013729095459,0.5141045451164246,0.64984494,0.13574039488357548,23.430295944213867,21.96659,1.4637059442138671,0.23428718745708466,0.22937779,0.004909397457084658,0.24560721218585968,0.2668561,0.021248887814140305,0.3838423788547516,0.3946374,0.01079502114524844
nearest_neighbor_baseline,643,53915,96332,1.89894437789917,0.8174882531166077,0.86029714,0.04280888688339235,16.078786849975586,16.484114,0.40532715002441577,0.2857491075992584,0.29549626,0.009747152400741588,0.2993597686290741,0.30289778,0.0035380113709259087,0.4058673679828644,0.339715,0.06615236798286439
nearest_neighbor_baseline,644,73861,44309,1.0162429809570312,0.17536230385303497,0.17102456,0.004337743853034981,24.452274322509766,24.165997,0.2862773225097648,0.6050634980201721,0.5994839,0.005579598020172161,0.6094729900360107,0.6005712,0.00890179003601077,0.24531427025794983,0.124235734,0.12107853625794983
nearest_neighbor_baseline,645,44613,25346,1.3686646223068237,0.6941503882408142,0.5905001,0.10365028824081424,21.687667846679688,23.315342,1.6276741533203136,0.828275203704834,0.7941955,0.03407970370483393,0.8303279280662537,0.8007459,0.02958202806625365,0.1778232306241989,0.26402217,0.08619893937580109
nearest_neighbor_baseline,646,988,23016,1.3946703672409058,0.34625643491744995,0.5628404,0.21658396508255007,20.922513961791992,24.344662,3.4221480382080074,0.3451317250728607,0.3569491,0.011817374927139301,0.35368216037750244,0.36199102,0.008308859622497555,0.275100976228714,0.24322933,0.031871646228713996
nearest_neighbor_baseline,647,110286,33305,2.079744815826416,0.9638608694076538,0.94953763,0.014323239407653787,10.235706329345703,11.079328,0.8436216706542972,0.2644568681716919,0.23485743,0.02959943817169189,0.2713843286037445,0.24263023,0.028754098603744505,0.2854214608669281,0.24975216,0.0356693008669281
nearest_neighbor_baseline,648,45176,60713,2.2244529724121094,0.11709622293710709,0.182499,0.06540277706289291,26.213890075683594,23.083523,3.130367075683594,0.2090352177619934,0.21311751,0.004082292238006602,0.225921168923378,0.21978803,0.006133138923377995,0.37103471159935,0.26806578,0.10296893159935
nearest_neighbor_baseline,649,24962,66836,1.8773807287216187,0.8170340657234192,0.79918003,0.017854035723419148,18.10700035095215,19.814804,1.7078036490478503,0.3717564046382904,0.3575659,0.014190504638290413,0.38295674324035645,0.36507872,0.017878023240356422,0.2942664921283722,0.27241305,0.021853442128372202
nearest_neighbor_baseline,650,98676,61582,1.4793601036071777,0.8834062814712524,0.8602925,0.023113781471252426,15.226667404174805,16.143923,0.9172555958251962,0.21345187723636627,0.19769433,0.01575754723636627,0.21926385164260864,0.2019675,0.01729635164260865,0.28489649295806885,0.26977336,0.01512313295806883
nearest_neighbor_baseline,651,34672,2036,3.6766092777252197,0.362089067697525,0.27085182,0.091237247697525,23.415496826171875,25.037786,1.6222891738281255,0.28050923347473145,0.29450196,0.013992726525268562,0.31272533535957336,0.32795072,0.015225384640426609,0.44178661704063416,0.48865393,0.04686731295936586
nearest_neighbor_baseline,652,114589,8273,2.7768938541412354,0.2611534595489502,0.17427784,0.0868756195489502,22.90228843688965,25.842402,2.9401135631103514,0.20121809840202332,0.21001062,0.008792521597976694,0.20533369481563568,0.22250748,0.017173785184364326,0.2614162266254425,0.3726597,0.11124347337455748
nearest_neighbor_baseline,653,58694,90866,1.8496510982513428,0.7983695268630981,0.7473209,0.05104862686309819,20.18415069580078,18.637589,1.5465616958007828,0.25666528940200806,0.2889062,0.032240910597991945,0.2691546678543091,0.2992221,0.03006743214569091,0.39378851652145386,0.37170115,0.022087366521453877
nearest_neighbor_baseline,654,32067,94519,2.0107665061950684,0.6766188144683838,0.6587219,0.017896914468383818,25.364543914794922,22.447256,2.9172879147949224,0.28827205300331116,0.29350454,0.005232486996688823,0.29384034872055054,0.30304283,0.009202481279449448,0.2651796340942383,0.35430518,0.08912554590576172
nearest_neighbor_baseline,655,1302,36207,2.524491310119629,0.9247043132781982,0.92100173,0.0037025832781982793,5.699149131774902,7.612123,1.912973868225098,0.24085097014904022,0.27558297,0.03473199985095976,0.2491104006767273,0.28205022,0.03293981932327272,0.25804975628852844,0.27791792,0.019868163711471543
nearest_neighbor_baseline,656,911,96455,1.7687016725540161,0.8074334859848022,0.8053286,0.002104885984802296,10.879894256591797,11.973825,1.0939307434082028,0.3728189468383789,0.36332873,0.009490216838378918,0.37699270248413086,0.36690575,0.010086952484130884,0.19523368775844574,0.19399132,0.0012423677584457449
nearest_neighbor_baseline,657,18919,8835,1.9017599821090698,0.8880824446678162,0.78544974,0.10263270466781615,17.997314453125,19.110508,1.1131935468749994,0.24411045014858246,0.2503496,0.006239149851417547,0.25557276606559753,0.264695,0.00912223393440248,0.414842426776886,0.40212587,0.01271655677688599
nearest_neighbor_baseline,658,90950,6947,1.2079848051071167,0.7159914374351501,0.61314756,0.10284387743515011,22.606277465820312,20.604382,2.0018954658203114,0.528300404548645,0.54873514,0.02043473545135499,0.5336911678314209,0.55470836,0.021017192168579113,0.27151793241500854,0.27629018,0.004772247584991451
nearest_neighbor_baseline,659,45949,43479,1.113353967666626,0.24319244921207428,0.17349294,0.06969950921207427,28.68594741821289,25.114897,3.5710504182128915,0.713893473148346,0.7663895,0.052496026851654,0.7151609659194946,0.7693599,0.05419893408050536,0.14027240872383118,0.16830127,0.028028861276168826
nearest_neighbor_baseline,660,19061,92387,1.4108247756958008,0.62050861120224,0.6613964,0.040887788797760005,24.5958194732666,24.007174,0.5886454732666024,0.5661032795906067,0.53431284,0.03179043959060668,0.5674667358398438,0.5361736,0.03129313583984372,0.1334141492843628,0.1349038,0.0014896507156371974
nearest_neighbor_baseline,661,30409,17656,1.6295887231826782,0.8713844418525696,0.9350634,0.06367895814743041,14.563505172729492,14.210244,0.35326117272949276,0.29003357887268066,0.29717025,0.007136671127319361,0.29722869396209717,0.30693743,0.009708736037902843,0.3424229621887207,0.35884506,0.01642209781127929
nearest_neighbor_baseline,662,16536,51892,1.8061938285827637,0.9883372783660889,0.9727905,0.015546778366088865,8.935819625854492,8.580047,0.35577262585449176,0.19233942031860352,0.18281254,0.00952688031860352,0.2086668163537979,0.19683442,0.011832396353797903,0.4881845712661743,0.42691994,0.06126463126617432
nearest_neighbor_baseline,663,29288,99944,2.8976614475250244,0.5655649304389954,0.57834965,0.012784719561004687,22.246376037597656,23.053211,0.8068349624023448,0.22895480692386627,0.25177988,0.02282507307613374,0.24035120010375977,0.26047269,0.02012148989624024,0.40003374218940735,0.3380977,0.06193604218940735
nearest_neighbor_baseline,664,57615,47297,1.6943498849868774,0.9693207144737244,0.93306065,0.03626006447372432,10.773836135864258,9.761845,1.0119911358642586,0.3062986135482788,0.30969554,0.003396926451721183,0.3120895028114319,0.31368032,0.0015908171885681277,0.275689035654068,0.23431548,0.041373555654068
nearest_neighbor_baseline,665,69016,94208,0.896078884601593,0.13583940267562866,0.14738007,0.01154066732437134,27.11559295654297,28.482708,1.36711504345703,0.9270499348640442,0.91278386,0.014266074864044187,0.9273942708969116,0.9132182,0.014176070896911641,0.06488581001758575,0.07558972,0.010703909982414245
nearest_neighbor_baseline,666,10763,55351,1.3511351346969604,0.44784635305404663,0.42430085,0.023545503054046624,27.69523048400879,25.802114,1.8931164840087895,0.44718337059020996,0.40080956,0.04637381059020995,0.45781224966049194,0.40602532,0.05178692966049192,0.30944734811782837,0.30922204,0.00022530811782839333
nearest_neighbor_baseline,667,40434,98915,1.2303282022476196,0.22963671386241913,0.22231221,0.007324503862419118,22.805204391479492,24.781895,1.9766906085205065,0.621607780456543,0.58880574,0.032802040456543,0.6248705387115479,0.5920002,0.032870338711547875,0.19468806684017181,0.19048919,0.004198876840171811
nearest_neighbor_baseline,668,123941,48149,1.217132568359375,0.19239848852157593,0.28896764,0.0965691514784241,28.10397720336914,27.589819,0.5141582033691421,0.45728322863578796,0.43257973,0.024703498635787968,0.4603281319141388,0.4363762,0.023951931914138802,0.15999750792980194,0.22045971,0.06046220207019806
nearest_neighbor_baseline,669,123298,110811,2.252328872680664,0.25101712346076965,0.40734175,0.15632462653923035,26.291976928710938,23.834337,2.457639928710936,0.34603404998779297,0.39806083,0.05202678001220701,0.390460729598999,0.44932052,0.05885979040100098,0.529840886592865,0.5413495,0.011508613407135049
nearest_neighbor_baseline,670,30053,11107,2.0430409908294678,0.7865458726882935,0.8074876,0.020941727311706515,17.004350662231445,17.271378,0.26702733776855325,0.30915483832359314,0.27987647,0.02927836832359315,0.3109041452407837,0.28294185,0.027962295240783697,0.15705063939094543,0.25962916,0.10257852060905459
nearest_neighbor_baseline,671,58728,82649,2.101665735244751,0.5040315985679626,0.6053704,0.10133880143203733,16.98759651184082,21.312756,4.32515948815918,0.41602495312690735,0.5044568,0.08843184687309269,0.4246981739997864,0.5186435,0.09394532600021366,0.26091763377189636,0.33066615,0.06974851622810363
nearest_neighbor_baseline,672,66456,47435,2.385796070098877,0.7481380105018616,0.7761057,0.027967689498138437,20.255481719970703,20.365795,0.11031328002929541,0.2064603567123413,0.19952007,0.006940286712341315,0.21146628260612488,0.21180972,0.00034343739387512895,0.27486538887023926,0.37084657,0.09598118112976073
nearest_neighbor_baseline,673,41579,136193,2.0377368927001953,0.9630786180496216,0.9705888,0.007510181950378447,10.242217063903809,10.343152,0.10093493609619131,0.3018079102039337,0.29648733,0.0053205802039337224,0.32015809416770935,0.3202598,0.00010170583229063279,0.4639219641685486,0.45691204,0.007009924168548565
nearest_neighbor_baseline,674,64745,53129,1.9096009731292725,0.8889279365539551,0.9485041,0.05957616344604488,15.416337013244629,14.108398,1.3079390132446296,0.23002175986766815,0.2231568,0.006864959867668163,0.24922600388526917,0.2464392,0.002786803885269168,0.5115416646003723,0.49283993,0.018701734600372333
nearest_neighbor_baseline,675,137958,2430,1.0856589078903198,0.28812140226364136,0.19525152,0.09286988226364135,26.922138214111328,30.35674,3.4346017858886704,0.5481066107749939,0.55621165,0.00810503922500605,0.5539198517799377,0.55973035,0.005810498220062299,0.2791516184806824,0.25542262,0.023728998480682384
nearest_neighbor_baseline,676,48932,19796,1.4822771549224854,0.12545442581176758,0.06893155,0.056522875811767584,27.70814323425293,28.784948,1.0768047657470703,0.28437235951423645,0.2980198,0.013647440485763551,0.28923287987709045,0.29936898,0.010136100122909553,0.22931404411792755,0.17686048,0.052453564117927565
nearest_neighbor_baseline,677,49647,72869,2.263917922973633,0.9901508092880249,0.99077934,0.000628530711975106,8.595852851867676,8.270407,0.3254458518676753,0.17712602019309998,0.19196244,0.014836419806900036,0.19040656089782715,0.20209584,0.01168927910217285,0.38453957438468933,0.36545885,0.01908072438468933
nearest_neighbor_baseline,678,15236,92869,2.0681636333465576,0.800895631313324,0.79923725,0.0016583813133239644,20.48615264892578,18.130651,2.355501648925781,0.36568915843963623,0.35333124,0.01235791843963624,0.3832322061061859,0.3601387,0.023093506106185935,0.2996180057525635,0.24270606,0.056911945752563475
nearest_neighbor_baseline,679,65673,5474,1.586174726486206,0.8715204000473022,0.93396425,0.062443849952697805,9.900142669677734,10.034842,0.134699330322265,0.3112275302410126,0.2970408,0.01418673024101258,0.31949812173843384,0.30247214,0.017025981738433837,0.30872124433517456,0.30064937,0.008071874335174534
nearest_neighbor_baseline,680,57688,123176,1.6584968566894531,0.956457793712616,0.9609867,0.004528906287384005,12.231040000915527,12.847464,0.6164239990844731,0.46751177310943604,0.48307595,0.015564176890563941,0.4723557233810425,0.4869006,0.014544876618957536,0.28765490651130676,0.22947106,0.05818384651130676
nearest_neighbor_baseline,681,137202,99413,2.5477328300476074,0.15653002262115479,0.36801112,0.21148109737884524,25.24056625366211,23.78781,1.452756253662109,0.24542854726314545,0.26816574,0.02273719273685454,0.258087158203125,0.2833294,0.02524224179687501,0.45622727274894714,0.43842283,0.017804442748947158
nearest_neighbor_baseline,682,61185,139797,2.8791139125823975,0.5470977425575256,0.71494704,0.16784929744247434,20.692983627319336,17.858223,2.834760627319337,0.2349734604358673,0.23654655,0.0015730895641326847,0.251507967710495,0.25577214,0.004264172289504986,0.4134545922279358,0.37258565,0.0408689422279358
nearest_neighbor_baseline,683,43300,82767,2.0574705600738525,0.9901979565620422,0.9915586,0.0013606434379577204,6.1758131980896,7.006035,0.8302218019104002,0.22336257994174957,0.1929311,0.03043147994174958,0.24190866947174072,0.22572498,0.01618368947174073,0.5209326148033142,0.639522,0.11858938519668583
nearest_neighbor_baseline,684,129982,37967,1.8540513515472412,0.6155187487602234,0.57920337,0.036315378760223394,22.03630256652832,23.377485,1.3411824334716798,0.31096145510673523,0.37148663,0.060525174893264755,0.32318878173828125,0.38123122,0.05804243826171873,0.3983916640281677,0.38092202,0.017469644028167752
nearest_neighbor_baseline,685,126889,115637,2.675776720046997,0.8354569673538208,0.8116477,0.02380926735382083,19.173669815063477,13.875265,5.298404815063476,0.27175769209861755,0.26519343,0.006564262098617546,0.28362518548965454,0.2828263,0.0007988854896545661,0.37140366435050964,0.36613455,0.0052691143505096405
nearest_neighbor_baseline,686,12773,129619,1.8602535724639893,0.2389632612466812,0.09511676,0.14384650124668122,26.89378547668457,22.461796,4.431989476684571,0.41879338026046753,0.40238678,0.01640660026046753,0.4206460416316986,0.40461972,0.016026321631698592,0.12120923399925232,0.12943128,0.00822204600074769
nearest_neighbor_baseline,687,100606,100410,2.085103750228882,0.2964685261249542,0.3960004,0.09953187387504575,24.951520919799805,25.777498,0.8259770802001967,0.32047346234321594,0.29386696,0.026606502343215932,0.3273976445198059,0.3013947,0.026002944519805893,0.2607683539390564,0.30281806,0.042049706060943604
nearest_neighbor_baseline,688,69929,39898,1.2576141357421875,0.30164796113967896,0.4796985,0.17805053886032107,23.830774307250977,24.73689,0.9061156927490224,0.5418023467063904,0.55573946,0.013937113293609582,0.5567471385002136,0.567465,0.010717861499786374,0.30061420798301697,0.28139156,0.019222647983016983
nearest_neighbor_baseline,689,137309,47376,1.9801175594329834,0.7787173390388489,0.80910057,0.030383230961151142,18.033397674560547,18.508072,0.47467432543945165,0.22224466502666473,0.20964913,0.012595535026664745,0.2304803729057312,0.21808238,0.012397992905731209,0.34390562772750854,0.38087255,0.03696692227249143
nearest_neighbor_baseline,690,21863,98747,1.28254234790802,0.3768075704574585,0.496637,0.1198294295425415,25.574514389038086,24.24041,1.3341043890380853,0.4642460346221924,0.5056748,0.0414287653778076,0.46929457783699036,0.5106752,0.04138062216300964,0.24588333070278168,0.24811354,0.0022302092972183163
nearest_neighbor_baseline,691,125720,113299,2.1390366554260254,0.8248448967933655,0.76095283,0.06389206679336545,17.100236892700195,18.804876,1.7046391072998048,0.2040538489818573,0.20807086,0.0040170110181426966,0.22266195714473724,0.21804179,0.0046201671447372306,0.42318636178970337,0.33175653,0.09142983178970338
nearest_neighbor_baseline,692,114621,47642,1.5549191236495972,0.6774237751960754,0.64581686,0.03160691519607539,16.978687286376953,15.556148,1.4225392863769528,0.29409125447273254,0.25686237,0.03722888447273254,0.3078974783420563,0.26566476,0.042232718342056275,0.3260818421840668,0.26571038,0.06037146218406675
nearest_neighbor_baseline,693,14305,100250,2.0511362552642822,0.9307573437690735,0.9151379,0.015619443769073538,12.587464332580566,12.926447,0.33898266741943317,0.21029090881347656,0.1997188,0.01057210881347656,0.21496430039405823,0.2055792,0.009385100394058238,0.25174349546432495,0.2844627,0.03271920453567506
nearest_neighbor_baseline,694,125196,51138,1.7117104530334473,0.4488840401172638,0.37801126,0.07087278011726378,25.723072052001953,26.988708,1.265635947998046,0.24643130600452423,0.23655222,0.009879086004524223,0.24792851507663727,0.2396197,0.008308815076637277,0.1480335146188736,0.19094047,0.042906955381126405
nearest_neighbor_baseline,695,37242,57289,2.041968584060669,0.8846724629402161,0.91282207,0.028149607059783976,17.235990524291992,16.717255,0.5187355242919907,0.25648361444473267,0.24728583,0.009197784444732654,0.26555320620536804,0.2502825,0.015270706205368023,0.3851090967655182,0.21766427,0.1674448267655182
nearest_neighbor_baseline,696,60535,44782,2.3881382942199707,0.25051945447921753,0.27616337,0.02564391552078249,23.631881713867188,23.65038,0.018498286132810904,0.18835897743701935,0.19031784,0.00195886256298064,0.20703937113285065,0.21620676,0.00916738886714935,0.4637300968170166,0.5380394,0.07430930318298334
nearest_neighbor_baseline,697,85628,65237,2.1089115142822266,0.7635509967803955,0.59593415,0.16761684678039546,19.484649658203125,15.550814,3.933835658203124,0.33174213767051697,0.28072625,0.05101588767051696,0.34297874569892883,0.28918037,0.05379837569892881,0.3118334710597992,0.28936926,0.022464211059799177
nearest_neighbor_baseline,698,98426,63335,2.0503385066986084,0.9207637906074524,0.96355516,0.042791369392547574,12.284829139709473,12.096337,0.18849213970947254,0.24988122284412384,0.23516595,0.014715272844123828,0.26454439759254456,0.24711229,0.017432107592544543,0.43561500310897827,0.37640205,0.05921295310897828
nearest_neighbor_baseline,699,56792,59038,2.2161293029785156,0.9826146364212036,0.98085135,0.0017632864212036026,6.409520149230957,5.747394,0.6621261492309571,0.20883429050445557,0.19508187,0.013752420504455576,0.2244579792022705,0.20745306,0.017004919202270513,0.3931902348995209,0.31964758,0.07354265489952089
nearest_neighbor_baseline,700,58449,10105,1.0232659578323364,0.4552125036716461,0.4680798,0.012867296328353872,23.44496726989746,24.749275,1.3043077301025399,0.40439262986183167,0.40795985,0.0035672201381683477,0.4095572829246521,0.41045117,0.0008938870753478767,0.24585671722888947,0.20566677,0.04018994722888947
nearest_neighbor_baseline,701,118897,88171,1.2774219512939453,0.7267212867736816,0.71889484,0.007826446773681606,22.79469871520996,22.051268,0.7434307152099606,0.49922654032707214,0.48240465,0.016821890327072153,0.5052035450935364,0.4856448,0.01955874509353639,0.2361966073513031,0.20729472,0.028901887351303113
nearest_neighbor_baseline,702,24381,46129,1.775929570198059,0.12695550918579102,0.22795749,0.101001980814209,32.41459655761719,25.877628,6.536968557617186,0.5023959875106812,0.5139555,0.011559512489318857,0.5032374262809753,0.5145583,0.011320873719024682,0.12550462782382965,0.09249924,0.033005387823829654
nearest_neighbor_baseline,703,124366,126174,1.4838956594467163,0.8969845771789551,0.90570945,0.008724872821044949,10.75624942779541,9.296479,1.4597704277954104,0.41770267486572266,0.43487218,0.01716950513427734,0.42986276745796204,0.44293344,0.013070672542037975,0.37211883068084717,0.27423662,0.09788221068084718
nearest_neighbor_baseline,704,104545,120957,1.1098687648773193,0.18853789567947388,0.18210131,0.0064365856794738885,28.24388313293457,29.992968,1.7490848670654309,0.5363051295280457,0.56518316,0.028878030471954363,0.5377839207649231,0.56629306,0.02850913923507692,0.13299687206745148,0.14215466,0.009157787932548511
nearest_neighbor_baseline,705,19482,58584,3.03201961517334,0.8158906102180481,0.8495493,0.033658689781951856,21.405611038208008,16.616158,4.789453038208009,0.23241518437862396,0.27957463,0.04715944562137603,0.2380186915397644,0.28391567,0.045896978460235605,0.29181107878685,0.25588733,0.03592374878684995
nearest_neighbor_baseline,706,69482,16411,2.3407950401306152,0.9046627283096313,0.9215299,0.016867171690368665,5.987384796142578,5.713529,0.2738557961425778,0.29067906737327576,0.2643134,0.02636566737327578,0.31869491934776306,0.2739288,0.04476611934776309,0.4691908061504364,0.2955867,0.17360410615043642
nearest_neighbor_baseline,707,109697,20714,1.2066878080368042,0.35541099309921265,0.27573404,0.07967695309921263,25.95115089416504,23.011116,2.940034894165038,0.6588759422302246,0.6560122,0.002863742230224564,0.6600717902183533,0.6591758,0.0008959902183532931,0.13658666610717773,0.16336855,0.026781883892822267
nearest_neighbor_baseline,708,13163,69862,2.188181161880493,0.7771463394165039,0.8622685,0.08512216058349609,7.792552471160889,8.519239,0.726686528839112,0.31272298097610474,0.28420258,0.028520400976104754,0.3161314129829407,0.2892603,0.026871112982940648,0.19382701814174652,0.20997639,0.016149371858253492
nearest_neighbor_baseline,709,21756,7565,2.91679048538208,0.20091870427131653,0.19886526,0.00205344427131654,24.572237014770508,25.066118,0.49388098522949164,0.20341609418392181,0.19675383,0.006662264183921823,0.2420804351568222,0.21666636,0.025414075156822202,0.5973515510559082,0.5491437,0.04820785105590819
nearest_neighbor_baseline,710,55855,94150,1.563712239265442,0.9810358881950378,0.9755264,0.005509488195037826,5.174354553222656,6.7030206,1.528666046777344,0.19477351009845734,0.20579168,0.011018169901542668,0.20709039270877838,0.21268742,0.005597027291221607,0.3896820843219757,0.30410117,0.08558091432197573
nearest_neighbor_baseline,711,71436,95677,1.3375331163406372,0.08808872848749161,0.03093618,0.05715254848749161,28.66813850402832,27.015682,1.6524565040283186,0.36854246258735657,0.4052048,0.03666233741264341,0.3723779618740082,0.41503423,0.042656268125991825,0.23455050587654114,0.28771064,0.05316013412345888
nearest_neighbor_baseline,712,3488,112129,1.3563848733901978,0.21115343272686005,0.25663862,0.04548518727313994,28.66901206970215,24.073792,4.5952200697021475,0.451610803604126,0.48857486,0.03696405639587402,0.45409560203552246,0.4938723,0.039776697964477525,0.19670696556568146,0.27663612,0.07992915443431853
nearest_neighbor_baseline,713,88527,87601,1.526078701019287,0.3276089131832123,0.37551528,0.04790636681678773,25.652145385742188,23.664787,1.987358385742187,0.461526483297348,0.48969874,0.028172256702652,0.4644349217414856,0.49680102,0.032366098258514386,0.17344161868095398,0.2632934,0.08985178131904603
nearest_neighbor_baseline,714,97067,41216,1.8493024110794067,0.335897833108902,0.44112176,0.105223926891098,23.741914749145508,20.933249,2.808665749145508,0.2614731788635254,0.28293812,0.021464941136474625,0.26805379986763,0.28689262,0.018838820132369982,0.2766810953617096,0.24546087,0.031220225361709597
nearest_neighbor_baseline,715,76062,95546,1.6876925230026245,0.07523441314697266,0.0660849,0.009149513146972654,26.128936767578125,29.342728,3.213791232421876,0.32139110565185547,0.31974488,0.0016462256518554597,0.3255319893360138,0.3270311,0.001499110663986225,0.2458314448595047,0.28220826,0.03637681514049529
nearest_neighbor_baseline,716,45199,137508,1.4425756931304932,0.5342816114425659,0.6305837,0.09630208855743405,27.59088134765625,24.962725,2.628156347656251,0.41956189274787903,0.40436742,0.015194472747879051,0.42119672894477844,0.4105566,0.010640128944778449,0.16196098923683167,0.22126126,0.05930027076316832
nearest_neighbor_baseline,717,64676,126536,1.8790359497070312,0.8875762820243835,0.9460164,0.058440117975616435,5.4066386222839355,5.712701,0.3060623777160645,0.2426694929599762,0.26232114,0.019651647040023812,0.2538973391056061,0.27754635,0.023649010894393918,0.3159008324146271,0.35810623,0.04220539758537295
nearest_neighbor_baseline,718,129728,129105,2.522047758102417,0.4346180558204651,0.122711554,0.3119065018204651,24.766061782836914,27.602333,2.8362712171630875,0.26726803183555603,0.29656005,0.02929201816444399,0.2738542854785919,0.303002,0.029147714521408075,0.2781471610069275,0.22309849,0.05504867100692748
nearest_neighbor_baseline,719,67282,128537,1.2109295129776,0.06746256351470947,0.21347836,0.14601579648529053,28.2947998046875,30.154163,1.8593631953125005,0.5797642469406128,0.6193803,0.0396160530593872,0.5832253098487854,0.6209859,0.03776059015121458,0.21752075850963593,0.15370548,0.06381527850963592
nearest_neighbor_baseline,720,139772,45437,1.536696434020996,0.6293289661407471,0.7837793,0.1544503338592529,18.102033615112305,17.974567,0.12746661511230428,0.37464165687561035,0.39782348,0.023181823124389656,0.37783950567245483,0.39956695,0.021727444327545142,0.2006855458021164,0.16181608,0.03886946580211639
nearest_neighbor_baseline,721,128213,29888,2.8681442737579346,0.17574980854988098,0.22988173,0.054131921450119025,25.93286895751953,26.720173,0.7873040424804678,0.22502531111240387,0.22409628,0.0009290311124038608,0.24354562163352966,0.23886372,0.0046819016335296615,0.37938252091407776,0.36112475,0.018257770914077764
nearest_neighbor_baseline,722,97773,96131,1.8924674987792969,0.34798017144203186,0.33215523,0.015824941442031837,20.20169448852539,23.907267,3.7055725114746103,0.22720611095428467,0.23452787,0.007321759045715331,0.22925817966461182,0.23566322,0.00640504033538819,0.17214837670326233,0.14522482,0.026923556703262325
nearest_neighbor_baseline,723,27442,11875,1.7860872745513916,0.922140896320343,0.8791462,0.04299469632034303,4.726338863372803,5.8812275,1.1548886366271969,0.3021688461303711,0.27350503,0.02866381613037111,0.31256982684135437,0.28128216,0.03128766684135437,0.2491673082113266,0.30898508,0.059817771788673424
nearest_neighbor_baseline,724,91024,101375,2.21136736869812,0.9457136392593384,0.9512979,0.005584260740661651,8.409607887268066,7.557986,0.8516218872680668,0.24522185325622559,0.2735986,0.02837674674377444,0.28433120250701904,0.32613438,0.04180317749298096,0.5609601736068726,0.65719795,0.09623777639312747
nearest_neighbor_baseline,725,130877,42463,1.9453009366989136,0.148410364985466,0.36439523,0.215984865014534,26.580974578857422,23.138187,3.4427875788574234,0.2492201030254364,0.27518603,0.025965926974563625,0.262085884809494,0.2855157,0.023429815190505965,0.39490804076194763,0.27424112,0.12066692076194763
nearest_neighbor_baseline,726,136110,32800,1.5933269262313843,0.4803391695022583,0.5353737,0.05503453049774165,25.383819580078125,25.961458,0.5776384199218754,0.42922693490982056,0.42238605,0.006840884909820544,0.43225792050361633,0.42528588,0.006972040503616328,0.23116055130958557,0.19260523,0.03855532130958558
nearest_neighbor_baseline,727,112895,134797,1.5837771892547607,0.2876074016094208,0.329764,0.042156598390579225,28.22141456604004,27.615551,0.6058635660400391,0.37662312388420105,0.3461752,0.030447923884201034,0.3939097225666046,0.37103602,0.022873702566604592,0.31029853224754333,0.3405027,0.030204167752456657
nearest_neighbor_baseline,728,122922,10801,1.7278764247894287,0.37179726362228394,0.3461275,0.02566976362228396,29.762630462646484,25.014786,4.7478444626464835,0.45135557651519775,0.4804868,0.029131223484802238,0.4659281075000763,0.48979822,0.023870112499923712,0.2802385687828064,0.28969485,0.009456281217193607
nearest_neighbor_baseline,729,107929,3227,1.8753236532211304,0.028499817475676537,0.15579304,0.12729322252432346,24.898906707763672,25.512444,0.6135372922363267,0.21153604984283447,0.21662425,0.005088200157165518,0.21771885454654694,0.21849175,0.0007728954534530763,0.2598290741443634,0.20467652,0.0551525541443634
nearest_neighbor_baseline,730,113637,34143,2.77809739112854,0.9566173553466797,0.96207917,0.005461814653320296,9.634249687194824,10.52854,0.8942903128051753,0.20598268508911133,0.19534951,0.010633175089111324,0.23243646323680878,0.24053334,0.008096876763191235,0.5664644241333008,0.7246744,0.15820997586669927
nearest_neighbor_baseline,731,96930,11674,1.5759468078613281,0.8471468091011047,0.92533064,0.07818383089889525,19.37841796875,17.275572,2.1028459687499996,0.5595585107803345,0.51255894,0.046999570780334454,0.5638597011566162,0.5192822,0.044577501156616184,0.2339291274547577,0.263426,0.029496872545242303
nearest_neighbor_baseline,732,93972,62721,2.6546719074249268,0.670921266078949,0.63458794,0.03633332607894901,20.49256134033203,20.49717,0.004608659667969306,0.2282952517271042,0.23320682,0.004911568272895822,0.24592381715774536,0.2853689,0.03944508284225462,0.4691915214061737,0.5536647,0.0844731785938263
nearest_neighbor_baseline,733,56965,43640,1.3717020750045776,0.2667519748210907,0.28102356,0.014271585178909307,26.87607192993164,26.616869,0.2592029299316394,0.47242650389671326,0.47735384,0.004927336103286717,0.47826695442199707,0.48087215,0.002605195578002928,0.22247855365276337,0.21912508,0.003353473652763367
nearest_neighbor_baseline,734,31551,120374,2.019915819168091,0.8294691443443298,0.8584845,0.02901535565567015,19.128812789916992,17.545712,1.5831007899169904,0.2635224759578705,0.25552782,0.007994655957870467,0.30329984426498413,0.30308685,0.00021299426498411211,0.5132836699485779,0.5390641,0.025780430051422165
nearest_neighbor_baseline,735,41957,121717,2.492196798324585,0.9499936103820801,0.94056726,0.009426350382080062,11.04819393157959,12.368313,1.3201190684204107,0.20003129541873932,0.20894487,0.008913574581260686,0.22214031219482422,0.2385528,0.01641248780517579,0.5792162418365479,0.64497226,0.06575601816345211
nearest_neighbor_baseline,736,89703,130129,1.5600985288619995,0.8312537670135498,0.6789212,0.1523325670135498,21.46055030822754,20.249977,1.2105733082275378,0.45015063881874084,0.44709453,0.0030561088187408547,0.45263877511024475,0.449261,0.0033777751102447295,0.20310716331005096,0.16402584,0.03908132331005096
nearest_neighbor_baseline,737,62692,64722,2.1311020851135254,0.9027266502380371,0.9492476,0.04652094976196286,13.265387535095215,13.88194,0.6165524649047853,0.196457639336586,0.19837923,0.0019215906634139912,0.25350525975227356,0.2452453,0.00825995975227356,0.7451642155647278,0.6697798,0.07538441556472775
nearest_neighbor_baseline,738,133095,67045,1.5516430139541626,0.14902862906455994,0.042134393,0.10689423606455994,25.930625915527344,28.519365,2.5887390844726568,0.38667023181915283,0.41700473,0.030334498180847158,0.39008572697639465,0.4188601,0.02877437302360536,0.19435341656208038,0.16348727,0.030866146562080393
nearest_neighbor_baseline,739,38025,97533,2.244558095932007,0.5643646717071533,0.66399384,0.09962916829284663,19.918773651123047,18.517868,1.4009056511230469,0.29385170340538025,0.27633017,0.017521533405380263,0.3110857903957367,0.28149956,0.029586230395736712,0.3620733618736267,0.23333858,0.12873478187362672
nearest_neighbor_baseline,740,120024,129062,1.9632511138916016,0.22283686697483063,0.31443456,0.09159769302516935,27.464887619018555,27.897131,0.432243380981447,0.37866273522377014,0.35374594,0.02491679522377016,0.40473487973213196,0.3999178,0.004817079732131968,0.390458345413208,0.47618893,0.085730584586792
nearest_neighbor_baseline,741,117063,26786,3.12737774848938,0.17565259337425232,0.11566569,0.05998690337425232,25.586811065673828,25.263535,0.32327606567382716,0.24453911185264587,0.27474204,0.030202928147354147,0.25319260358810425,0.28992954,0.03673693641189574,0.28871142864227295,0.41867027,0.12995884135772706
nearest_neighbor_baseline,742,9469,25503,0.9781748056411743,0.3059614896774292,0.28424543,0.021716059677429178,28.335124969482422,28.624516,0.289391030517578,0.6064502596855164,0.5841926,0.022257659685516407,0.6083720922470093,0.5871004,0.02127169224700931,0.17241354286670685,0.1786869,0.0062733571332931615
nearest_neighbor_baseline,743,69116,7531,2.2785255908966064,0.5874884724617004,0.624487,0.036998527538299575,19.7810115814209,23.049679,3.2686674185791027,0.25179702043533325,0.26250497,0.010707949564666752,0.25427985191345215,0.27551338,0.021233528086547826,0.18023687601089478,0.3556491,0.17541222398910522
nearest_neighbor_baseline,744,54054,31529,1.7364284992218018,0.9884280562400818,0.9867491,0.0016789562400817415,7.556549549102783,6.256563,1.2999865491027833,0.2731872797012329,0.25242615,0.020761129701232894,0.2945259213447571,0.26772958,0.026796341344757058,0.4574876129627228,0.48691654,0.02942892703727723
nearest_neighbor_baseline,745,110875,93356,1.4800437688827515,0.9854933023452759,0.96383125,0.02166205234527585,4.982592582702637,3.6828706,1.2997219827026365,0.24077336490154266,0.2757874,0.03501403509845735,0.2473214864730835,0.282905,0.03558351352691652,0.2804797291755676,0.2231898,0.05728992917556763
nearest_neighbor_baseline,746,38872,1164,2.4008257389068604,0.4371691346168518,0.63223654,0.19506740538314815,18.25320053100586,14.575602,3.6775985310058594,0.2556098401546478,0.26232326,0.006713419845352175,0.25763893127441406,0.2658193,0.008180368725585918,0.1882375329732895,0.23566844,0.04743090702671052
nearest_neighbor_baseline,747,83664,103907,1.80840003490448,0.49981099367141724,0.32402557,0.17578542367141725,24.034032821655273,25.24644,1.2124071783447263,0.447462260723114,0.4600338,0.012571539276885979,0.46382665634155273,0.47161618,0.007789523658447262,0.2795190215110779,0.27236578,0.007153241511077879
nearest_neighbor_baseline,748,51150,87044,1.342652678489685,0.9396525621414185,0.92891383,0.010738732141418406,13.529025077819824,11.326196,2.2028290778198247,0.3970024585723877,0.40738854,0.010386081427612326,0.40066975355148315,0.41093522,0.010265466448516836,0.23973076045513153,0.18929538,0.05043538045513152
nearest_neighbor_baseline,749,12280,57995,1.6270060539245605,0.6107227802276611,0.62068605,0.009963269772338856,22.9588565826416,22.319551,0.639305582641601,0.3497216999530792,0.35467276,0.004951060046920752,0.35287779569625854,0.35942963,0.006551834303741455,0.24743738770484924,0.2729082,0.025470812295150747
nearest_neighbor_baseline,750,108089,17001,1.649011254310608,0.4813114106655121,0.51407087,0.03275945933448787,18.65093421936035,18.037323,0.6136112193603509,0.28618288040161133,0.3022026,0.01601971959838866,0.2904552221298218,0.30379167,0.013336447870178236,0.2178582400083542,0.16269009,0.05516815000835418
nearest_neighbor_baseline,751,8144,95224,2.598550319671631,0.8998484015464783,0.8272738,0.07257460154647832,15.715372085571289,17.09672,1.3813479144287122,0.23993587493896484,0.19333977,0.04659610493896485,0.2488933801651001,0.20690589,0.04198749016510009,0.312825471162796,0.32910386,0.016278388837204005
nearest_neighbor_baseline,752,83737,111441,2.4756596088409424,0.9493702054023743,0.9386853,0.010684905402374323,12.683156967163086,12.858724,0.17556703283691455,0.23358364403247833,0.2613711,0.02778745596752169,0.23863698542118073,0.26773545,0.02909846457881926,0.2787468731403351,0.259314,0.019432873140335094
nearest_neighbor_baseline,753,2565,126056,1.836256980895996,0.6948199272155762,0.7206576,0.025837672784423837,18.325145721435547,18.339954,0.014808278564451882,0.29711058735847473,0.2757548,0.02135578735847471,0.31162723898887634,0.28168714,0.02994009898887634,0.3024286925792694,0.2787962,0.023632492579269415
nearest_neighbor_baseline,754,1796,34087,2.3746304512023926,0.2629370093345642,0.2297464,0.03319060933456422,25.30828857421875,26.58047,1.2721814257812483,0.2560534179210663,0.27985048,0.02379706207893373,0.2611743211746216,0.28195795,0.02078362882537843,0.22997713088989258,0.1630385,0.06693863088989258
nearest_neighbor_baseline,755,54159,22983,1.9681422710418701,0.7196806073188782,0.7052057,0.014474907318878127,16.717100143432617,20.965828,4.248727856567381,0.27048763632774353,0.3057663,0.03527866367225646,0.2726783752441406,0.30781746,0.03513908475585936,0.18198569118976593,0.15573308,0.026252611189765934
nearest_neighbor_baseline,756,83809,50270,2.0881009101867676,0.8520033955574036,0.9179486,0.06594520444259644,13.69558048248291,15.312695,1.6171145175170896,0.2569608688354492,0.26894796,0.011987091164550767,0.26040470600128174,0.27347046,0.013065753998718288,0.21121540665626526,0.24368086,0.03246545334373474
nearest_neighbor_baseline,757,36966,29230,2.0406882762908936,0.8534559607505798,0.7188212,0.13463476075057978,20.177898406982422,23.282179,3.1042805930175774,0.2985977828502655,0.26146644,0.03713134285026548,0.3062715530395508,0.27154002,0.03473153303955079,0.25659307837486267,0.28852347,0.03193039162513733
nearest_neighbor_baseline,758,85630,18000,1.9286770820617676,0.43744096159935,0.561989,0.12454803840064999,23.57598876953125,23.860765,0.28477623046875067,0.31262850761413574,0.31856877,0.005940262385864259,0.31664004921913147,0.3219168,0.005276750780868533,0.26428520679473877,0.23131114,0.03297406679473877
nearest_neighbor_baseline,759,71935,23803,2.3273940086364746,0.29267895221710205,0.34047797,0.04779901778289797,26.530120849609375,23.237242,3.2928788496093766,0.23211903870105743,0.21820621,0.013912828701057423,0.2372601181268692,0.22101076,0.0162493581268692,0.2764773368835449,0.20919298,0.06728435688354492
nearest_neighbor_baseline,760,36591,102235,2.4056711196899414,0.979204535484314,0.9386763,0.040528235484313946,9.649299621582031,8.173751,1.475548621582032,0.23884834349155426,0.25781628,0.01896793650844575,0.26045966148376465,0.31843534,0.05797567851623536,0.5669770836830139,0.66513956,0.09816247631698605
nearest_neighbor_baseline,761,73724,15451,1.8392614126205444,0.24219819903373718,0.18791723,0.05428096903373719,25.265249252319336,28.928452,3.663202747680664,0.3735194504261017,0.46270692,0.08918746957389834,0.37794506549835205,0.46781167,0.08986660450164796,0.21471595764160156,0.23167673,0.016960772358398435
nearest_neighbor_baseline,762,32123,108299,1.9748495817184448,0.9800028204917908,0.9812449,0.001242079508209204,4.592019557952881,5.1715565,0.5795369420471195,0.22165559232234955,0.23413822,0.01248262767765046,0.24927696585655212,0.24592929,0.003347675856552129,0.4799707233905792,0.36784026,0.11213046339057925
nearest_neighbor_baseline,763,46898,114537,2.306288003921509,0.974936842918396,0.8288601,0.146076742918396,7.510314464569092,6.4539657,1.0563487645690914,0.24889874458312988,0.2535195,0.004620755416870126,0.26375749707221985,0.2769209,0.013163402927780177,0.43605658411979675,0.4444916,0.008435015880203234
nearest_neighbor_baseline,764,22971,30077,2.6395976543426514,0.22833038866519928,0.030538395,0.19779199366519928,26.633710861206055,27.569656,0.9359451387939437,0.2781601846218109,0.24240702,0.03575316462181091,0.3160281777381897,0.281182,0.03484617773818971,0.46938446164131165,0.43246186,0.03692260164131167
nearest_neighbor_baseline,765,112596,64946,2.5151290893554688,0.09918706119060516,0.11710492,0.017917858809394838,26.20069122314453,23.78434,2.416351223144531,0.22901102900505066,0.2717382,0.042727170994949326,0.26986172795295715,0.29609716,0.026235432047042873,0.41798362135887146,0.3858561,0.03212752135887148
nearest_neighbor_baseline,766,102892,2864,1.6025121212005615,0.7144472599029541,0.6824019,0.032045359902954096,21.243064880371094,21.66604,0.4229751196289051,0.46702995896339417,0.4960711,0.029041141036605822,0.471271276473999,0.5092071,0.037935823526001,0.26928606629371643,0.32594162,0.05665555370628356
nearest_neighbor_baseline,767,129342,42786,1.8725013732910156,0.23191891610622406,0.058273792,0.17364512410622407,25.887056350708008,25.544632,0.3424243507080078,0.24106070399284363,0.2265509,0.014509803992843628,0.24420027434825897,0.22845492,0.015745354348258966,0.206185981631279,0.15778206,0.04840392163127899
nearest_neighbor_baseline,768,97793,110319,1.8933147192001343,0.6221673488616943,0.60164493,0.02052241886169437,19.368131637573242,18.015358,1.352773637573243,0.25754690170288086,0.29304653,0.03549962829711917,0.259962260723114,0.29804865,0.03808638927688601,0.18304456770420074,0.22421816,0.041173592295799255
nearest_neighbor_baseline,769,39591,81135,1.649903416633606,0.8986116051673889,0.88633156,0.012280045167388898,6.511940956115723,6.357116,0.15482495611572222,0.25603044033050537,0.24697702,0.00905342033050538,0.2776990234851837,0.26263988,0.015059143485183724,0.5129578709602356,0.41662005,0.09633782096023558
nearest_neighbor_baseline,770,117298,43578,2.344698667526245,0.21299554407596588,0.6133823,0.40038675592403417,26.92490577697754,21.855005,5.069900776977541,0.33097320795059204,0.34501153,0.01403832204940797,0.35204145312309265,0.3616968,0.009655346876907334,0.29056984186172485,0.31182456,0.02125471813827512
nearest_neighbor_baseline,771,117812,29858,2.493055820465088,0.4012790024280548,0.3678344,0.033444602428054804,22.42150115966797,26.228338,3.806836840332032,0.1987987607717514,0.20010921,0.0013104492282486058,0.205085888504982,0.20996815,0.004882261495017998,0.35070905089378357,0.38456494,0.03385588910621645
nearest_neighbor_baseline,772,103496,58644,1.403922200202942,0.7707324624061584,0.78991586,0.019183397593841578,20.707380294799805,21.76208,1.0546997052001963,0.363538920879364,0.41703415,0.05349522912063598,0.36526867747306824,0.42052573,0.05525705252693175,0.17881855368614197,0.2053714,0.02655284631385804
nearest_neighbor_baseline,773,119873,116762,3.2251453399658203,0.5087636113166809,0.52076787,0.012004258683319113,24.335817337036133,24.395554,0.059736662963867815,0.2795243263244629,0.34825858,0.0687342536755371,0.3010011613368988,0.3773273,0.07632613866310117,0.49197623133659363,0.46659917,0.02537706133659362
nearest_neighbor_baseline,774,34710,79733,1.8241453170776367,0.045003876090049744,0.20612553,0.16112165390995026,26.003801345825195,24.561184,1.4426173458251945,0.3624071776866913,0.34922385,0.013183327686691282,0.3652854859828949,0.3544411,0.010844385982894889,0.15893010795116425,0.27720395,0.11827384204883573
nearest_neighbor_baseline,775,87102,32702,2.5724844932556152,0.619618833065033,0.7558086,0.1361897669349671,19.811019897460938,21.024445,1.2134251025390626,0.21859407424926758,0.19105119,0.02754288424926757,0.23441250622272491,0.20548974,0.02892276622272491,0.43949469923973083,0.40307555,0.03641914923973083
nearest_neighbor_baseline,776,39745,31787,1.4370461702346802,0.9853488206863403,0.9797903,0.005558520686340329,9.065235137939453,9.041464,0.023771137939453624,0.27158498764038086,0.25412706,0.017457927640380844,0.29600971937179565,0.27075157,0.025258149371795657,0.419573575258255,0.44774666,0.028173084741745014
nearest_neighbor_baseline,777,112312,35510,1.7974203824996948,0.6334272623062134,0.6189152,0.01451206230621338,24.078018188476562,21.972467,2.1055511884765608,0.4330521523952484,0.44038516,0.007333007604751585,0.43844589591026306,0.45807207,0.019626174089736936,0.2699264585971832,0.39580497,0.12587851140281675
nearest_neighbor_baseline,778,8528,133377,1.607096552848816,0.9498770833015442,0.947948,0.0019290833015441766,4.683944225311279,3.591769,1.092175225311279,0.2718925178050995,0.29131505,0.019422532194900533,0.2792257070541382,0.29871163,0.019485922945861822,0.26853522658348083,0.22402523,0.04450999658348084
nearest_neighbor_baseline,779,139865,70008,1.9578053951263428,0.1330932229757309,0.15414824,0.021055017024269096,29.36033058166504,22.994436,6.365894581665039,0.30453845858573914,0.29066956,0.013868898585739142,0.30901315808296204,0.30404016,0.004972998082962032,0.22883549332618713,0.29651284,0.06767734667381287
nearest_neighbor_baseline,780,9519,36718,0.999040961265564,0.7125349044799805,0.6398945,0.07264040447998044,20.365711212158203,22.05278,1.6870687878417954,0.8813470005989075,0.8401244,0.04122260059890748,0.8831092119216919,0.84324545,0.03986376192169194,0.13289661705493927,0.13910647,0.00620985294506074
nearest_neighbor_baseline,781,117984,45968,1.0815783739089966,0.8490300178527832,0.8524211,0.0033910821472168395,20.301719665527344,20.508192,0.20647233447265734,0.5275113582611084,0.51523894,0.012272418261108364,0.5332444906234741,0.5205988,0.012645690623474093,0.2842040956020355,0.23249274,0.05171135560203552
nearest_neighbor_baseline,782,43991,32875,2.0403709411621094,0.4088752269744873,0.55218023,0.14330500302551274,19.614540100097656,24.239046,4.624505899902342,0.3345481753349304,0.3381311,0.003582924665069598,0.33988821506500244,0.3438967,0.004008484934997558,0.22978420555591583,0.24177964,0.011995434444084158
nearest_neighbor_baseline,783,50769,35830,2.312314510345459,0.2917093336582184,0.109907046,0.18180228765821838,26.368457794189453,27.197996,0.8295382058105467,0.26977843046188354,0.2489474,0.020831030461883532,0.274151086807251,0.25129956,0.022851526807251,0.24786870181560516,0.22078718,0.027081521815605164
nearest_neighbor_baseline,784,131704,122937,1.2817639112472534,0.9700274467468262,0.98097515,0.010947703253173846,4.187126159667969,3.5607574,0.6263687596679688,0.2667290270328522,0.30584252,0.039113492967147834,0.29201701283454895,0.33464316,0.042626147165451045,0.40973353385925293,0.4137086,0.003975066140747052
nearest_neighbor_baseline,785,13949,28257,1.835112452507019,0.7572386264801025,0.8632484,0.10600977351989749,16.81756591796875,16.21423,0.6033359179687494,0.2528413236141205,0.2375223,0.015319023614120492,0.2560640871524811,0.2494248,0.006639287152481077,0.236117422580719,0.3468818,0.11076437741928102
nearest_neighbor_baseline,786,25115,95012,2.1906909942626953,0.8798362612724304,0.8162877,0.06354856127243047,14.490141868591309,18.553108,4.062966131408693,0.23625029623508453,0.26423275,0.027982453764915483,0.24769343435764313,0.27976727,0.032073835642356885,0.3667970299720764,0.36892626,0.00212923002792359
nearest_neighbor_baseline,787,9668,36471,2.7325191497802734,0.8176897168159485,0.8281579,0.010468183184051516,13.601755142211914,13.349785,0.2519701422119134,0.20031286776065826,0.23719877,0.03688590223934174,0.21208471059799194,0.24403088,0.03194616940200806,0.35925352573394775,0.28638783,0.07286569573394774
nearest_neighbor_baseline,788,118781,127872,1.1747593879699707,0.5518954992294312,0.46817136,0.08372413922943117,24.301530838012695,26.198893,1.8973621619873065,0.7794908285140991,0.7820694,0.0025785714859009046,0.7816080451011658,0.7839202,0.0023121548988341845,0.15935732424259186,0.1551131,0.004244224242591854
nearest_neighbor_baseline,789,138363,114646,2.053241729736328,0.06270918250083923,0.20286459,0.14015540749916078,25.45332145690918,24.783894,0.6694274569091796,0.2418692260980606,0.25130647,0.009437243901939396,0.24609248340129852,0.25439805,0.008305566598701464,0.2086167186498642,0.22871582,0.02009910135013579
nearest_neighbor_baseline,790,51574,112068,2.3369383811950684,0.8787760138511658,0.8458292,0.032946813851165824,10.580390930175781,10.793976,0.21358506982421943,0.23002102971076965,0.2341862,0.004165170289230358,0.25358259677886963,0.26530603,0.011723433221130397,0.4779662489891052,0.4764667,0.0014995489891052038
nearest_neighbor_baseline,791,98863,83976,2.040692090988159,0.7622132897377014,0.59946287,0.16275041973770143,20.094600677490234,18.974316,1.1202846774902326,0.38895902037620544,0.33837765,0.05058137037620547,0.4008387327194214,0.3460698,0.054768932719421404,0.2621815800666809,0.216998,0.04518358006668091
nearest_neighbor_baseline,792,13655,122288,1.9370977878570557,0.9149559736251831,0.9373911,0.022435126374816927,17.98563575744629,16.300276,1.6853597574462889,0.31387969851493835,0.2874041,0.02647559851493836,0.32367703318595886,0.32877862,0.005101586814041159,0.3609684109687805,0.4868762,0.12590778903121946
nearest_neighbor_baseline,793,54571,40124,1.8061975240707397,0.8605283498764038,0.8987009,0.038172550123596216,16.77096176147461,18.045307,1.2743452385253917,0.3110691010951996,0.34844077,0.037371668904800426,0.32019808888435364,0.36515146,0.044953371115646346,0.3766574263572693,0.39374682,0.01708939364273071
nearest_neighbor_baseline,794,42628,10989,0.7891581058502197,0.21149297058582306,0.2328298,0.021336829414176944,28.805288314819336,30.245413,1.4401246851806633,0.7456510663032532,0.72353137,0.022119696303253167,0.7465745806694031,0.7243967,0.02217788066940307,0.11619063466787338,0.09887269,0.017317944667873383
nearest_neighbor_baseline,795,103339,130943,0.9527719020843506,0.1231807991862297,0.16896933,0.045788530813770295,27.741497039794922,29.494652,1.7531549602050767,0.827679455280304,0.79489785,0.03278160528030394,0.8286038041114807,0.79545385,0.033149954111480695,0.11025538295507431,0.08396156,0.026293822955074306
nearest_neighbor_baseline,796,12017,26338,2.001978635787964,0.9437103271484375,0.9247539,0.018956427148437482,12.440628051757812,13.45453,1.0139019482421876,0.18595677614212036,0.17261249,0.013344286142120354,0.19565385580062866,0.18057151,0.015082345800628671,0.37035825848579407,0.39268345,0.022325191514205922
nearest_neighbor_baseline,797,81184,128696,2.087491989135742,0.8301677107810974,0.8935061,0.06333838921890256,7.996099472045898,11.393676,3.397576527954101,0.27391496300697327,0.25939396,0.014521003006973288,0.28074315190315247,0.27400625,0.006736901903152459,0.2397116869688034,0.3454277,0.1057160130311966
nearest_neighbor_baseline,798,33584,64394,1.6491727828979492,0.9518502354621887,0.8867507,0.06509953546218872,13.595987319946289,14.301664,0.7056766800537115,0.32243379950523376,0.30862877,0.013805029505233768,0.32766446471214294,0.3150049,0.012659564712142968,0.26699554920196533,0.27876002,0.011764470798034665
nearest_neighbor_baseline,799,98409,92994,3.0024619102478027,0.5133048295974731,0.5463082,0.03300337040252688,22.61617660522461,22.130613,0.48556360522460906,0.2257191389799118,0.26028532,0.03456618102008818,0.26454299688339233,0.2919428,0.02739980311660767,0.5320727825164795,0.5216134,0.010459382516479487
nearest_neighbor_baseline,800,19140,87265,1.6617997884750366,0.7410058975219727,0.7600074,0.019001502478027343,21.378698348999023,21.52298,0.144281651000977,0.31807026267051697,0.3435528,0.025482537329483024,0.36300137639045715,0.36944008,0.006438703609542851,0.5030447840690613,0.43983027,0.06321451406906126
nearest_neighbor_baseline,801,36901,127819,2.858393669128418,0.7659488916397095,0.7560368,0.00991209163970952,19.020814895629883,21.14094,2.1201251043701177,0.2050563544034958,0.20551921,0.00046285559650421915,0.23591242730617523,0.2449898,0.009077372693824776,0.600862979888916,0.6957994,0.09493642011108394
nearest_neighbor_baseline,802,69549,139283,1.2249811887741089,0.20136910676956177,0.043909617,0.15745948976956176,28.455835342407227,26.439438,2.0163973424072275,0.7554717063903809,0.7142151,0.04125660639038087,0.7566137313842773,0.7172091,0.0394046313842773,0.11732228100299835,0.19399683,0.07667454899700166
nearest_neighbor_baseline,803,50737,26918,3.055593490600586,0.665027916431427,0.7745928,0.10956488356857297,19.87873077392578,18.071827,1.8069037739257823,0.27984845638275146,0.28031263,0.0004641736172485422,0.28348714113235474,0.28804195,0.004554808867645255,0.21018099784851074,0.28805438,0.07787338215148926
nearest_neighbor_baseline,804,45792,73918,2.3082826137542725,0.21585915982723236,0.34329212,0.12743296017276762,23.15183448791504,23.436014,0.28417951208496106,0.24069331586360931,0.22104931,0.019644005863609315,0.27821075916290283,0.24408455,0.03412620916290282,0.4991592466831207,0.38102192,0.11813732668312071
nearest_neighbor_baseline,805,94805,68594,2.128706932067871,0.8592333793640137,0.84442824,0.01480513936401362,15.302860260009766,13.998455,1.3044052600097658,0.26334986090660095,0.2684468,0.005096939093399033,0.2849993407726288,0.28938195,0.004382609227371215,0.3918183743953705,0.38597345,0.005844924395370488
nearest_neighbor_baseline,806,107666,108085,1.778727412223816,0.9853461384773254,0.9756968,0.009649338477325409,5.718522071838379,4.10861,1.6099120718383793,0.2404935359954834,0.23732993,0.003163605995483404,0.25451144576072693,0.26804554,0.013534094239273098,0.38010555505752563,0.44013456,0.06002900494247437
nearest_neighbor_baseline,807,25569,122677,2.874847650527954,0.32262086868286133,0.12962247,0.19299839868286134,24.969942092895508,23.602514,1.3674280928955085,0.22220875322818756,0.21902262,0.00318613322818756,0.25773242115974426,0.2332851,0.024447321159744267,0.4948457181453705,0.41558295,0.07926276814537048
nearest_neighbor_baseline,808,69523,96528,2.603212833404541,0.31420016288757324,0.3101753,0.004024862887573255,25.057249069213867,23.487408,1.5698410692138687,0.2805657684803009,0.2575705,0.022995268480300923,0.3112766444683075,0.26371363,0.04756301446830752,0.382233589887619,0.24062292,0.14161066988761903
nearest_neighbor_baseline,809,22608,28822,1.9434586763381958,0.9396189451217651,0.87900984,0.060609105121765094,8.5731840133667,9.316039,0.7428549866333007,0.2965051531791687,0.31491244,0.018407286820831315,0.3036971092224121,0.3329897,0.02929259077758789,0.27220937609672546,0.29915458,0.02694520390327454
nearest_neighbor_baseline,810,85613,33664,1.1824620962142944,0.028247278183698654,0.064878836,0.03663155781630134,32.639068603515625,31.469406,1.1696626035156257,0.8170124292373657,0.75907326,0.05793916923736575,0.8179523944854736,0.7605523,0.057400094485473674,0.09691484272480011,0.11988958,0.022974737275199886
nearest_neighbor_baseline,811,87981,138181,1.9054688215255737,0.917807936668396,0.8943548,0.02345313666839599,14.101348876953125,13.768606,0.3327428769531249,0.17636416852474213,0.20110166,0.02473749147525786,0.18877895176410675,0.20826755,0.019488598235893245,0.3855907917022705,0.33838266,0.047208131702270506
nearest_neighbor_baseline,812,24963,77774,1.683799386024475,0.34389251470565796,0.26506937,0.07882314470565793,21.576208114624023,22.355143,0.7789348853759783,0.4359893500804901,0.41623527,0.019754080080490122,0.44068822264671326,0.42139706,0.019291162646713267,0.22981253266334534,0.22063069,0.009181842663345346
nearest_neighbor_baseline,813,97900,134452,1.9812686443328857,0.6808913350105286,0.72885317,0.047961834989471486,20.965456008911133,22.412672,1.4472159910888678,0.30814871191978455,0.40898433,0.10083561808021546,0.3108157217502594,0.41206267,0.10124694824974062,0.21682140231132507,0.23607117,0.019249767688674924
nearest_neighbor_baseline,814,117651,87828,2.577606439590454,0.7801567316055298,0.9248006,0.1446438683944702,15.272339820861816,11.521874,3.750465820861816,0.3504827916622162,0.29261085,0.05787194166221621,0.3550764322280884,0.29581004,0.05926639222808838,0.2536427080631256,0.20646437,0.0471783380631256
nearest_neighbor_baseline,815,105978,124666,2.3597517013549805,0.9675562381744385,0.96879435,0.0012381118255615498,8.031813621520996,6.4071527,1.624660921520996,0.6592916250228882,0.54232293,0.1169686950228882,0.7125112414360046,0.56144506,0.1510661814360046,0.43422192335128784,0.40083265,0.03338927335128783
nearest_neighbor_baseline,816,108480,2579,1.505876064300537,0.947547197341919,0.9064004,0.04114679734191895,7.989800930023193,6.6817904,1.3080105300231937,0.3586924374103546,0.32303593,0.03565650741035459,0.37065351009368896,0.3412825,0.029371010093688976,0.3668574094772339,0.34834883,0.01850857947723389
nearest_neighbor_baseline,817,2985,107705,1.7171822786331177,0.7429144382476807,0.7450477,0.0021332617523193154,19.935741424560547,18.427143,1.508598424560546,0.23454780876636505,0.23142125,0.0031265587663650563,0.25078096985816956,0.24416064,0.0066203298581695436,0.5321772694587708,0.3697407,0.16243656945877077
nearest_neighbor_baseline,818,5034,136324,1.3656009435653687,0.4483799338340759,0.2996049,0.14877503383407592,22.054615020751953,27.161652,5.107036979248047,0.7062404751777649,0.73299915,0.02675867482223515,0.7079707384109497,0.7363239,0.028353161589050324,0.14414197206497192,0.19998428,0.05584230793502806
nearest_neighbor_baseline,819,1950,83847,2.298877239227295,0.392293244600296,0.5337102,0.141416955399704,24.569252014160156,21.072554,3.496698014160156,0.23012253642082214,0.22283942,0.007283116420822133,0.23621228337287903,0.23162706,0.004585223372879033,0.24364368617534637,0.3489993,0.10535561382465364
nearest_neighbor_baseline,820,139307,113121,1.7492625713348389,0.6980023384094238,0.84841263,0.15041029159057617,13.962749481201172,13.781755,0.18099448120117145,0.3443683385848999,0.3362932,0.008075138584899888,0.3505781888961792,0.3413659,0.0092122888961792,0.2777162492275238,0.24940942,0.02830682922752381
nearest_neighbor_baseline,821,117909,46601,2.7374720573425293,0.880139172077179,0.919111,0.038971827922821056,12.688343048095703,13.938296,1.2499529519042962,0.2172442227602005,0.19545211,0.021792112760200488,0.22951377928256989,0.2457786,0.01626482071743013,0.39633744955062866,0.6171891,0.22085165044937138
nearest_neighbor_baseline,822,82603,61561,0.8934658169746399,0.5770233869552612,0.60842764,0.03140425304473882,18.700233459472656,19.9278,1.227566540527345,0.4212486743927002,0.4346861,0.013437425607299824,0.42628124356269836,0.4449064,0.018625156437301615,0.24578717350959778,0.31795454,0.07216736649040223
nearest_neighbor_baseline,823,18814,128874,3.4685661792755127,0.36311835050582886,0.06856524,0.2945531105058289,25.675039291381836,20.088528,5.586511291381836,0.3029104769229889,0.28423795,0.018672526922988875,0.33376649022102356,0.3512373,0.017470809778976415,0.4846981167793274,0.6128073,0.12810918322067266
nearest_neighbor_baseline,824,73442,60601,1.7358171939849854,0.7579289078712463,0.82145,0.06352109212875368,12.487114906311035,13.168421,0.6813060936889652,0.24478699266910553,0.23924363,0.005543362669105517,0.2495022714138031,0.24505822,0.004444051413803107,0.227553591132164,0.28763178,0.060078188867836
nearest_neighbor_baseline,825,115953,22607,1.6094419956207275,0.6574921011924744,0.72168005,0.06418794880752565,24.414396286010742,23.357052,1.0573442860107427,0.48934420943260193,0.4865143,0.002829909432601918,0.49213168025016785,0.4933935,0.0012618197498321382,0.22839418053627014,0.28989962,0.06150543946372988
nearest_neighbor_baseline,826,86856,9225,1.9722893238067627,0.8120907545089722,0.8763121,0.06422134549102787,15.415571212768555,17.15946,1.7438887872314446,0.2569187581539154,0.2852684,0.028349641846084572,0.2725706994533539,0.300304,0.027733300546646134,0.4093151390552521,0.3220501,0.08726503905525207
nearest_neighbor_baseline,827,48519,114568,2.6183674335479736,0.7625495791435242,0.6343188,0.1282307791435242,19.10816764831543,13.472824,5.63534364831543,0.33701562881469727,0.3594784,0.02246277118530271,0.3421028256416321,0.37016496,0.028062134358367907,0.24365106225013733,0.27907407,0.03542300774986268
nearest_neighbor_baseline,828,51313,90473,2.7778916358947754,0.6001479625701904,0.74386096,0.14371299742980959,22.97035026550293,19.002542,3.9678082655029314,0.3749961256980896,0.38118413,0.00618800430191041,0.39146482944488525,0.3949169,0.0034520705551147612,0.41196513175964355,0.32633984,0.08562529175964356
nearest_neighbor_baseline,829,108208,120293,2.129197835922241,0.27736783027648926,0.116037734,0.16133009627648925,22.927074432373047,27.270483,4.343408567626952,0.30746936798095703,0.28377485,0.02369451798095701,0.31648436188697815,0.31920922,0.0027248581130218663,0.3035361170768738,0.36089602,0.057359902923126205
nearest_neighbor_baseline,830,12744,4481,1.624259114265442,0.47657641768455505,0.45608962,0.02048679768455508,26.24871826171875,26.069906,0.17881226171875042,0.3172048330307007,0.31231514,0.0048896930307006925,0.3245878517627716,0.32281986,0.0017679917627715924,0.3121863901615143,0.29118606,0.021000330161514258
nearest_neighbor_baseline,831,100377,80961,2.3502542972564697,0.9043424129486084,0.870743,0.033599412948608354,8.690896034240723,11.789667,3.098770965759277,0.2971348464488983,0.24569067,0.051444176448898316,0.3078728914260864,0.2562788,0.05159409142608645,0.2863144874572754,0.30571386,0.019399372542724613
nearest_neighbor_baseline,832,59088,80991,1.6498154401779175,0.28688693046569824,0.2752073,0.011679630465698254,19.245107650756836,20.45429,1.2091823492431644,0.3685823976993561,0.35408905,0.014493347699356063,0.3713133931159973,0.35837314,0.012940253115997336,0.2058129757642746,0.23320015,0.027387174235725398
nearest_neighbor_baseline,833,133311,1252,1.8589844703674316,0.8458839058876038,0.74618495,0.0996989558876038,20.364320755004883,20.360664,0.003656755004882939,0.352460652589798,0.34408638,0.008374272589797949,0.3617037236690521,0.36722383,0.005520106330947849,0.2652077376842499,0.29013935,0.02493161231575014
nearest_neighbor_baseline,834,112773,26375,1.7404506206512451,0.9183027744293213,0.85356927,0.06473350442932124,9.124098777770996,7.755493,1.3686057777709957,0.3566603362560272,0.33613673,0.020523606256027227,0.36453384160995483,0.35637242,0.008161421609954811,0.29924276471138,0.39742056,0.09817779528861997
nearest_neighbor_baseline,835,93535,91572,1.687873363494873,0.8976397514343262,0.95762324,0.059983488565673815,9.174090385437012,8.153419,1.0206713854370122,0.2677919268608093,0.26627958,0.0015123468608093105,0.28505009412765503,0.27977383,0.005276264127655028,0.44696375727653503,0.33879477,0.10816898727653501
nearest_neighbor_baseline,836,132823,121866,1.5843229293823242,0.8179672360420227,0.75669754,0.0612696960420227,19.38994789123535,21.335297,1.945349108764649,0.2818186283111572,0.30074644,0.018927811688842777,0.2962491512298584,0.30775917,0.011510018770141628,0.42388904094696045,0.33883518,0.08505386094696044
nearest_neighbor_baseline,837,17221,4313,2.9337916374206543,0.24221186339855194,0.023099452,0.21911241139855195,24.39244842529297,24.851406,0.458957574707032,0.2074781060218811,0.22580238,0.018324273978118893,0.22989577054977417,0.25124463,0.021348859450225854,0.5008242726325989,0.48452547,0.016298802632598863
nearest_neighbor_baseline,838,96556,108150,1.3406869173049927,0.35355302691459656,0.24263473,0.11091829691459656,29.22673988342285,29.519373,0.2926331165771501,0.42740902304649353,0.3755339,0.051875123046493554,0.43134835362434387,0.38105866,0.05028969362434388,0.24803254008293152,0.24563609,0.002396450082931517
nearest_neighbor_baseline,839,112066,28625,1.4787280559539795,0.36037543416023254,0.2578966,0.10247883416023257,26.150949478149414,29.48286,3.3319105218505847,0.46233460307121277,0.46107107,0.0012635330712127413,0.4718254506587982,0.4671623,0.004663150658798243,0.3000735342502594,0.29477265,0.0053008842502593745
nearest_neighbor_baseline,840,94153,13960,1.760091781616211,0.9089080095291138,0.85459596,0.054312049529113726,11.827611923217773,12.818325,0.9907130767822263,0.23036512732505798,0.24743383,0.01706870267494201,0.24415838718414307,0.25743693,0.013278542815856942,0.32459649443626404,0.3455627,0.020966205563735962
nearest_neighbor_baseline,841,75512,34357,2.4681313037872314,0.9077548980712891,0.9403198,0.032564901928710976,12.617301940917969,11.392002,1.225299940917969,0.19509312510490417,0.20249899,0.007405864895095815,0.2129838466644287,0.22068693,0.0077030833355712924,0.3727550506591797,0.38673308,0.01397802934082032
nearest_neighbor_baseline,842,76472,32171,2.364804267883301,0.38783615827560425,0.42115393,0.03331777172439576,23.3022518157959,24.108818,0.806566184204101,0.2497784048318863,0.26678827,0.017009865168113703,0.25779303908348083,0.26968887,0.01189583091651919,0.2621944844722748,0.19147865,0.07071583447227478
nearest_neighbor_baseline,843,68485,12304,2.8424758911132812,0.13211016356945038,0.08487059,0.04723957356945038,25.740463256835938,26.376263,0.6357997431640641,0.2019319236278534,0.23114471,0.02921278637214661,0.2200763076543808,0.24115999,0.021083682345619192,0.499904066324234,0.3760051,0.12389896632423403
nearest_neighbor_baseline,844,105476,8179,2.319214105606079,0.9429016709327698,0.9100607,0.03284097093276983,9.963521003723145,10.393353,0.42983199627685487,0.32775530219078064,0.286794,0.040961302190780646,0.36042237281799316,0.30920726,0.05121511281799318,0.472741037607193,0.3957936,0.07694743760719297
nearest_neighbor_baseline,845,9679,78309,2.1719858646392822,0.9808045029640198,0.97957665,0.0012278529640197267,10.972697257995605,11.570315,0.5976177420043953,0.2784852385520935,0.23809479,0.040390448552093505,0.2827526926994324,0.24375604,0.038996652699432366,0.23881866037845612,0.32002947,0.08121080962154387
nearest_neighbor_baseline,846,67264,65211,1.8424872159957886,0.8754775524139404,0.8340922,0.04138535241394048,15.31393051147461,14.111992,1.2019385114746086,0.23485109210014343,0.24512175,0.010270657899856567,0.24754215776920319,0.25166106,0.004118902230796806,0.3486354351043701,0.23655048,0.11208495510437011
nearest_neighbor_baseline,847,763,70872,1.2845829725265503,0.8973568081855774,0.8719783,0.02537850818557741,17.04681968688965,16.817831,0.2289886868896467,0.46156179904937744,0.40870753,0.052854269049377456,0.4652910530567169,0.41162083,0.053670223056716926,0.21881313621997833,0.17925122,0.039561916219978344
nearest_neighbor_baseline,848,98085,37851,2.010213851928711,0.9737882018089294,0.9689312,0.004857001808929451,4.51244592666626,6.4305224,1.9180764733337403,0.27125611901283264,0.21282059,0.05843552901283264,0.3091023862361908,0.24809673,0.06100565623619081,0.3961370885372162,0.4241049,0.02796781146278382
nearest_neighbor_baseline,849,24340,53073,1.7477316856384277,0.6185879111289978,0.49768242,0.12090549112899779,23.57313346862793,21.569908,2.003225468627928,0.40986907482147217,0.3615298,0.048339274821472156,0.4166470170021057,0.36397612,0.0526708970021057,0.20315270125865936,0.18985586,0.013296841258659375
nearest_neighbor_baseline,850,25487,82788,3.0969581604003906,0.26372092962265015,0.047785092,0.21593583762265015,22.12726593017578,20.421333,1.7059329301757806,0.21699853241443634,0.2386911,0.02169256758556365,0.2198939323425293,0.24166697,0.021773037657470712,0.2038806527853012,0.18106031,0.022820342785301206
nearest_neighbor_baseline,851,38153,39219,1.9904404878616333,0.4798286259174347,0.5376436,0.05781497408256531,24.120811462402344,22.182491,1.938320462402345,0.25737667083740234,0.31847245,0.061095779162597674,0.26848921179771423,0.32773072,0.05924150820228574,0.35239461064338684,0.32324842,0.02914619064338686
nearest_neighbor_baseline,852,84489,99074,1.9831101894378662,0.8004884123802185,0.8715715,0.07108308761978155,20.405969619750977,19.498686,0.9072836197509773,0.27658915519714355,0.2766986,0.00010944480285646208,0.2845853567123413,0.27976802,0.0048173367123413025,0.2754918932914734,0.20913611,0.0663557832914734
nearest_neighbor_baseline,853,103868,91744,1.7261028289794922,0.886708676815033,0.65079284,0.23591583681503292,20.31964683532715,16.507944,3.81170283532715,0.33478057384490967,0.32262996,0.012150613844909675,0.337636262178421,0.32648203,0.011154232178421042,0.21257035434246063,0.21391085,0.0013404956575393812
nearest_neighbor_baseline,854,115659,126478,2.6709113121032715,0.8608594536781311,0.8876563,0.02679684632186885,14.827187538146973,10.761479,4.065708538146973,0.3016713559627533,0.28764525,0.014026105962753277,0.36571091413497925,0.34105346,0.024657454134979273,0.5169323086738586,0.48721147,0.029720838673858663
nearest_neighbor_baseline,855,106438,54207,2.706948757171631,0.9879311323165894,0.9745138,0.01341733231658937,9.134559631347656,11.792207,2.657647368652343,0.22241461277008057,0.1928191,0.029595512770080573,0.2718479633331299,0.23915985,0.032688113333129876,0.7123275399208069,0.859066,0.1467384600791931
nearest_neighbor_baseline,856,80368,138264,1.9847097396850586,0.8825124502182007,0.8733641,0.009148350218200707,15.179098129272461,16.79779,1.6186918707275382,0.3762247860431671,0.35745344,0.018771346043167103,0.3784136176109314,0.3625271,0.015886517610931405,0.1499856412410736,0.236621,0.08663535875892639
nearest_neighbor_baseline,857,109773,76171,2.265951633453369,0.7012384533882141,0.78526163,0.08402317661178593,19.423973083496094,21.334183,1.9102099165039057,0.23432767391204834,0.25739732,0.023069646087951645,0.25558432936668396,0.29212683,0.036542500633316044,0.4156125783920288,0.4256872,0.01007462160797118
nearest_neighbor_baseline,858,91162,83599,2.1872951984405518,0.18526297807693481,0.16059752,0.02466545807693482,27.424884796142578,27.687346,0.26246120385742344,0.27020716667175293,0.26097617,0.009230996671752922,0.2724134027957916,0.26410007,0.008313332795791606,0.18894778192043304,0.20385943,0.014911648079566964
nearest_neighbor_baseline,859,72703,73948,2.0652968883514404,0.6762874126434326,0.5559053,0.12038211264343257,22.49713706970215,23.325321,0.8281839302978504,0.28362220525741577,0.23602277,0.04759943525741578,0.2879905700683594,0.24346922,0.04452135006835939,0.20602697134017944,0.26402178,0.05799480865982054
nearest_neighbor_baseline,860,65042,101254,2.5586609840393066,0.5635817646980286,0.5321997,0.03138206469802851,22.293909072875977,21.54472,0.7491890728759749,0.23377084732055664,0.2217561,0.012014747320556629,0.25122880935668945,0.24355926,0.0076695493566894535,0.46597540378570557,0.5441949,0.07821949621429447
nearest_neighbor_baseline,861,26042,135976,2.113976240158081,0.6390514969825745,0.63611805,0.0029334469825744725,15.477316856384277,16.0313,0.5539831436157243,0.3083234131336212,0.33280832,0.024484906866378775,0.31288284063339233,0.33821538,0.025332539366607676,0.263532429933548,0.24677224,0.01676018993354797
nearest_neighbor_baseline,862,1760,6229,1.5440270900726318,0.9385777115821838,0.96783715,0.029259438417816197,6.313266754150391,5.3407044,0.9725623541503907,0.29894983768463135,0.34122813,0.04227829231536867,0.31516513228416443,0.35134906,0.03618392771583556,0.35949426889419556,0.26815268,0.09134158889419558
nearest_neighbor_baseline,863,53442,108907,2.241466760635376,0.9047961235046387,0.745625,0.1591711235046387,14.362630844116211,12.435984,1.9266468441162115,0.28658390045166016,0.27666467,0.009919230451660155,0.31842464208602905,0.28635707,0.03206757208602906,0.4381292164325714,0.37367424,0.06445497643257142
nearest_neighbor_baseline,864,40212,87936,1.6428370475769043,0.6178274154663086,0.577371,0.040456415466308626,23.733800888061523,23.826012,0.0922111119384752,0.46693506836891174,0.49060604,0.023670971631088278,0.4715334177017212,0.4929011,0.02136768229827879,0.23965191841125488,0.1822986,0.05735331841125488
nearest_neighbor_baseline,865,53188,52020,1.7030766010284424,0.9421287775039673,0.89458567,0.047543107503967286,11.516029357910156,10.572203,0.9438263579101562,0.21667121350765228,0.2187717,0.0021004864923477307,0.22436755895614624,0.22154397,0.0028235889561462335,0.26516756415367126,0.18599872,0.07916884415367126
nearest_neighbor_baseline,866,53352,106466,2.5705831050872803,0.22667290270328522,0.09639364,0.13027926270328521,26.000471115112305,21.741287,4.259184115112305,0.2774646580219269,0.29655087,0.019086211978073142,0.3015282154083252,0.33723298,0.03570476459167482,0.4591551423072815,0.46968248,0.01052733769271852
nearest_neighbor_baseline,867,128051,73627,2.9647021293640137,0.40704968571662903,0.5189391,0.11188941428337096,22.803674697875977,21.543842,1.259832697875975,0.2528066337108612,0.21915656,0.033650073710861206,0.29566746950149536,0.27205864,0.023608829501495343,0.7043313384056091,0.7483968,0.04406546159439084
nearest_neighbor_baseline,868,92641,3275,2.291912317276001,0.7326307892799377,0.6977721,0.03485868927993774,16.146480560302734,17.757969,1.6114884396972649,0.2581857144832611,0.28206044,0.023874725516738915,0.2839553952217102,0.309761,0.025805604778289803,0.36429280042648315,0.33477402,0.02951878042648315
nearest_neighbor_baseline,869,115293,116077,1.1670061349868774,0.08688507974147797,0.053153414,0.03373166574147796,31.534793853759766,31.729973,0.19517914624023547,0.7853250503540039,0.7333999,0.05192515035400391,0.7856130003929138,0.733961,0.051652000392913844,0.05909689515829086,0.07738414,0.01828724484170914
nearest_neighbor_baseline,870,103587,65168,2.9368886947631836,0.3398078680038452,0.23206744,0.1077404280038452,24.733850479125977,19.466583,5.267267479125977,0.23152120411396027,0.23896624,0.00744503588603973,0.24138161540031433,0.2526363,0.01125468459968565,0.39407408237457275,0.34351712,0.050556962374572745
nearest_neighbor_baseline,871,2051,34489,1.6526516675949097,0.9282029867172241,0.90638757,0.02181541671722409,13.85064697265625,16.068407,2.2177600273437506,0.34268245100975037,0.3106837,0.03199875100975036,0.35642826557159424,0.318732,0.03769626557159422,0.36958158016204834,0.33904532,0.030536260162048356
nearest_neighbor_baseline,872,24942,19416,2.1016016006469727,0.45582473278045654,0.5073852,0.05156046721954344,15.338050842285156,13.901996,1.4360548422851558,0.2624426484107971,0.2419418,0.020500848410797107,0.2649383246898651,0.24626032,0.018678004689865108,0.17064118385314941,0.23392703,0.0632858461468506
nearest_neighbor_baseline,873,134292,28340,1.5946511030197144,0.9825493693351746,0.99382055,0.011271180664825464,4.289064884185791,3.8106523,0.4784125841857909,0.2871549427509308,0.26952228,0.017632662750930783,0.34138283133506775,0.29201302,0.04936981133506774,0.5752879977226257,0.48818466,0.08710333772262574
nearest_neighbor_baseline,874,76273,25629,1.539469838142395,0.8022760152816772,0.85354733,0.0512713147183228,20.79012107849121,19.06421,1.7259110784912117,0.43566498160362244,0.4626057,0.026940718396377572,0.43974390625953674,0.46555114,0.02580723374046323,0.25573521852493286,0.19158868,0.06414653852493285
nearest_neighbor_baseline,875,73112,134249,1.2195526361465454,0.6767578721046448,0.650819,0.02593887210464474,18.674856185913086,20.257727,1.5828708140869132,0.5064052939414978,0.4958973,0.010507993941497817,0.5167493224143982,0.50141823,0.015331092414398229,0.26477715373039246,0.24661198,0.018165173730392448
nearest_neighbor_baseline,876,26521,97923,2.0772039890289307,0.5418288707733154,0.6937452,0.15191632922668452,22.570886611938477,22.419998,0.1508886119384769,0.23535645008087158,0.2567039,0.021347449919128403,0.24621103703975677,0.26568314,0.01947210296024321,0.3580804169178009,0.27450764,0.0835727769178009
nearest_neighbor_baseline,877,115365,43830,1.6552281379699707,0.2599315643310547,0.342903,0.08297143566894533,25.166236877441406,26.628868,1.4626311225585944,0.3601394295692444,0.39753038,0.03739095043075563,0.37608957290649414,0.40638548,0.03029590709350588,0.35332411527633667,0.25310308,0.10022103527633669
nearest_neighbor_baseline,878,102324,102018,2.137216567993164,0.19107377529144287,0.27372476,0.08265098470855714,24.896873474121094,24.000326,0.8965474741210926,0.19218401610851288,0.20137854,0.009194523891487116,0.20783239603042603,0.21115078,0.0033183839695739847,0.44005051255226135,0.39044908,0.04960143255226135
nearest_neighbor_baseline,879,77374,42350,1.4493236541748047,0.09208038449287415,0.061811052,0.030269332492874147,31.54088020324707,29.63626,1.9046202032470703,0.6315601468086243,0.6677872,0.03622705319137576,0.6376033425331116,0.67281103,0.035207687466888404,0.22224439680576324,0.25139996,0.029155563194236733
nearest_neighbor_baseline,880,52668,38904,1.8671114444732666,0.6803205609321594,0.6515215,0.028799060932159448,22.955734252929688,21.068537,1.8871972529296883,0.37287190556526184,0.32093278,0.05193912556526187,0.3786090910434723,0.32567686,0.05293223104347228,0.2852834463119507,0.2018101,0.08347334631195069
nearest_neighbor_baseline,881,19298,88301,1.754116177558899,0.8324106931686401,0.8444077,0.011997006831359847,8.081738471984863,8.516929,0.435190528015136,0.2332811802625656,0.24276932,0.009488139737434398,0.24172839522361755,0.26099914,0.019270744776382465,0.2954258918762207,0.34991148,0.054485588123779294
nearest_neighbor_baseline,882,62663,119394,1.5129542350769043,0.9121738076210022,0.9206972,0.008523392378997796,11.445062637329102,12.252737,0.8076743626708982,0.3227269947528839,0.29845813,0.024268864752883923,0.32755962014198303,0.30658802,0.020971600141983016,0.2602503299713135,0.27705142,0.016801090028686516
nearest_neighbor_baseline,883,67472,125654,2.2532012462615967,0.3490493595600128,0.42081887,0.0717695104399872,27.71854591369629,26.239532,1.4790139136962885,0.24346229434013367,0.23760197,0.005860324340133671,0.24892643094062805,0.24084072,0.008085710940628044,0.2123035043478012,0.20013571,0.012167794347801214
nearest_neighbor_baseline,884,52898,133006,2.9478189945220947,0.29854270815849304,0.017825283,0.280717425158493,23.522245407104492,26.125927,2.6036815928955086,0.22527307271957397,0.22655857,0.0012854972804260123,0.23333004117012024,0.2361176,0.0027875588298797715,0.311654269695282,0.2730388,0.038615469695281956
nearest_neighbor_baseline,885,84999,93356,1.45328950881958,0.9854933023452759,0.9488196,0.036673702345275894,4.982592582702637,4.9630165,0.019576082702636555,0.24077336490154266,0.24212018,0.0013468150984573268,0.2473214864730835,0.24945453,0.0021330435269165116,0.2804797291755676,0.25098795,0.029491779175567612
nearest_neighbor_baseline,886,101521,68519,2.449270725250244,0.34482342004776,0.350924,0.006100579952240004,23.74755096435547,24.36004,0.6124890356445327,0.25840556621551514,0.23318832,0.025217246215515132,0.2729800045490265,0.28073177,0.007751765450973502,0.39504894614219666,0.5937065,0.19865755385780337
nearest_neighbor_baseline,887,92906,120190,2.9184069633483887,0.15517234802246094,0.19161612,0.03644377197753906,23.71525001525879,26.645922,2.9306719847412097,0.2178828865289688,0.21861313,0.0007302434710311778,0.22890818119049072,0.22262764,0.006280541190490735,0.3082224428653717,0.22896549,0.07925695286537171
nearest_neighbor_baseline,888,61784,84402,1.0373846292495728,0.8037054538726807,0.7331022,0.07060325387268063,16.448516845703125,15.036664,1.411852845703125,0.4182433784008026,0.409893,0.008350378400802605,0.42131346464157104,0.41562188,0.005691584641571046,0.2408728301525116,0.29244965,0.05157681984748841
nearest_neighbor_baseline,889,54182,55721,2.1240713596343994,0.9824391603469849,0.9641086,0.01833056034698488,8.526834487915039,8.87326,0.3464255120849611,0.2512410283088684,0.24907732,0.0021637083088684173,0.2669273614883423,0.26304534,0.003882021488342269,0.3967171013355255,0.33602992,0.06068718133552553
nearest_neighbor_baseline,890,93721,41920,1.4322338104248047,0.6250261664390564,0.4862936,0.1387325664390564,18.394508361816406,18.252342,0.14216636181640752,0.3588094115257263,0.33568993,0.023119481525726293,0.36212724447250366,0.33775452,0.02437272447250366,0.2116064429283142,0.17704211,0.034564332928314206
nearest_neighbor_baseline,891,136587,109136,1.458971381187439,0.4920673966407776,0.42245373,0.06961366664077756,26.127042770385742,27.07853,0.9514872296142585,0.3448970317840576,0.3918988,0.047001768215942374,0.3524201214313507,0.39852232,0.04610219856864928,0.30653151869773865,0.27256495,0.033966568697738675
nearest_neighbor_baseline,892,44451,21898,1.3527660369873047,0.5508512258529663,0.48899835,0.06185287585296628,24.378528594970703,24.991411,0.6128824050292963,0.7743343710899353,0.80181074,0.027476368910064664,0.7761526107788086,0.8022883,0.02613568922119136,0.12090393155813217,0.0826577,0.03824623155813217
nearest_neighbor_baseline,893,102203,98222,2.1491711139678955,0.7140942811965942,0.6609482,0.05314608119659425,20.824203491210938,21.936636,1.1124325087890625,0.19531962275505066,0.19643714,0.001117517244949351,0.21622835099697113,0.2357703,0.019541949003028858,0.5773823261260986,0.6441909,0.06680857387390138
nearest_neighbor_baseline,894,50398,1569,2.6229734420776367,0.11102645844221115,0.2633009,0.15227444155778885,24.593351364135742,24.253426,0.33992536413574115,0.20216917991638184,0.19633445,0.005834729916381842,0.260509192943573,0.23374833,0.026760862943572994,0.6806344985961914,0.6281728,0.05246169859619143
nearest_neighbor_baseline,895,89024,30293,2.512190103530884,0.33779922127723694,0.1413921,0.19640712127723695,24.71489143371582,24.822742,0.10785056628418133,0.22733964025974274,0.21169795,0.01564169025974274,0.2690916955471039,0.23587182,0.03321987554710387,0.6931312084197998,0.5546853,0.13844590841979976
nearest_neighbor_baseline,896,130104,19060,2.1146936416625977,0.9662024974822998,0.9502686,0.015933897482299786,9.950577735900879,8.629272,1.3213057359008786,0.1859228014945984,0.2138359,0.027913098505401607,0.21025896072387695,0.22741826,0.017159299276123058,0.5212500691413879,0.41195667,0.10929339914138791
nearest_neighbor_baseline,897,2777,67810,2.2371952533721924,0.23903563618659973,0.12520073,0.11383490618659972,24.28492546081543,27.29738,3.0124545391845707,0.37943658232688904,0.3038398,0.07559678232688904,0.43333736062049866,0.334308,0.09902936062049866,0.44662532210350037,0.34787557,0.09874975210350034
nearest_neighbor_baseline,898,41400,111304,2.159345865249634,0.26207950711250305,0.26709038,0.005010872887496964,27.383268356323242,26.192656,1.1906123563232427,0.4332979619503021,0.39399448,0.039303481950302144,0.43639329075813293,0.40058836,0.03580493075813296,0.2083948701620102,0.23450056,0.026105689837989804
nearest_neighbor_baseline,899,124523,27890,2.153489589691162,0.6875007152557373,0.319169,0.3683317152557373,24.734867095947266,25.13501,0.40014290405273556,0.3834758996963501,0.3804939,0.0029819996963501016,0.3911114037036896,0.38441417,0.006697233703689576,0.3592033386230469,0.27467406,0.08452927862304688
nearest_neighbor_baseline,900,52511,9794,1.223719835281372,0.7825916409492493,0.7316212,0.050970440949249296,19.360187530517578,19.277857,0.08233053051757722,0.647763192653656,0.6905189,0.04275570734634404,0.6502319574356079,0.6919804,0.04174844256439214,0.14306366443634033,0.1038763,0.03918736443634033
nearest_neighbor_baseline,901,100861,81520,2.009589433670044,0.8188323378562927,0.64228195,0.17655038785629273,15.995194435119629,14.925413,1.0697814351196282,0.27067965269088745,0.2727037,0.002024047309112542,0.27983197569847107,0.2867194,0.006887424301528944,0.3931504487991333,0.40805823,0.014907781200866721
nearest_neighbor_baseline,902,60811,38854,1.545326590538025,0.9612007141113281,0.92528313,0.03591758411132817,8.520462989807129,10.389412,1.8689490101928712,0.2648262679576874,0.26914302,0.004316752042312633,0.2693251073360443,0.2810756,0.01175049266395567,0.2635171413421631,0.33944628,0.0759291386578369
nearest_neighbor_baseline,903,133936,44088,1.7894022464752197,0.5935829281806946,0.7650523,0.17146937181930544,21.035791397094727,20.311796,0.7239953970947255,0.4544764459133148,0.44187534,0.012601105913314814,0.4675021767616272,0.45800036,0.009501816761627202,0.4001421332359314,0.43461862,0.034476486764068615
nearest_neighbor_baseline,904,10666,107413,2.349820137023926,0.43384408950805664,0.48038563,0.04654154049194337,21.706361770629883,22.155483,0.44912122937011745,0.21396295726299286,0.19206777,0.02189518726299286,0.23561523854732513,0.21685629,0.018758948547325127,0.4672674834728241,0.5104086,0.04314111652717589
nearest_neighbor_baseline,905,44605,89383,1.3827773332595825,0.7299878001213074,0.69967145,0.0303163501213074,23.39319610595703,22.643763,0.7494331059570314,0.5249295234680176,0.5616817,0.03675217653198237,0.5274808406829834,0.5639726,0.03649175931701665,0.20138031244277954,0.14573354,0.055646772442779546
nearest_neighbor_baseline,906,126199,112942,2.9464797973632812,0.7568550705909729,0.7914802,0.03462512940902707,14.73401927947998,17.64273,2.9087107205200198,0.2341691255569458,0.2691887,0.0350195744430542,0.3141615390777588,0.30782408,0.006337459077758789,0.7094345688819885,0.6656633,0.04377126888198857
nearest_neighbor_baseline,907,63436,6890,2.3542490005493164,0.3442063629627228,0.30423313,0.03997323296272276,22.415071487426758,21.457003,0.9580684874267575,0.18932300806045532,0.19765507,0.008332061939544666,0.22659707069396973,0.22261463,0.003982440693969719,0.6169499158859253,0.5138273,0.1031226158859253
nearest_neighbor_baseline,908,52149,9390,1.980497121810913,0.9430850148200989,0.937046,0.006039014820098831,12.977291107177734,13.042496,0.06520489282226549,0.2252366691827774,0.25015235,0.02491568081722262,0.23717601597309113,0.27515495,0.037978934026908884,0.4296475052833557,0.4343688,0.0047212947166442865
nearest_neighbor_baseline,909,762,110504,2.1790707111358643,0.8652464747428894,0.9067012,0.04145472525711058,15.741793632507324,14.220901,1.5208926325073246,0.20258034765720367,0.22612058,0.023540232342796313,0.20614203810691833,0.2293623,0.023220261893081656,0.21253830194473267,0.21165399,0.0008843119447326797
nearest_neighbor_baseline,910,39285,77312,2.574457883834839,0.5243299007415771,0.36828646,0.15604344074157717,26.09482765197754,21.711596,4.383231651977539,0.30915403366088867,0.30979657,0.0006425363391113215,0.3201432228088379,0.31346068,0.006682542808837899,0.3274436891078949,0.17294703,0.1544966591078949
nearest_neighbor_baseline,911,59237,64101,2.8554484844207764,0.9046984910964966,0.9524215,0.04772300890350345,14.950170516967773,13.368615,1.5815555169677733,0.2008933424949646,0.23082398,0.029930637505035412,0.2061118483543396,0.25026196,0.044150111645660406,0.273564875125885,0.38930023,0.11573535487411502
nearest_neighbor_baseline,912,118467,50460,1.9924094676971436,0.5763140320777893,0.5643141,0.011999932077789266,24.291736602783203,22.478079,1.813657602783202,0.29606103897094727,0.26913533,0.02692570897094726,0.3115959167480469,0.28150517,0.030090746748046848,0.37820374965667725,0.42108068,0.04287693034332274
nearest_neighbor_baseline,913,133559,77611,2.3938052654266357,0.4448075294494629,0.6933662,0.24855867055053715,17.46501922607422,20.204279,2.739259773925781,0.25614359974861145,0.2957316,0.03958800025138853,0.25823572278022766,0.29875898,0.040523257219772346,0.21414382755756378,0.20201619,0.01212763755756377
nearest_neighbor_baseline,914,69483,31539,1.7742702960968018,0.2394246757030487,0.27560154,0.03617686429695127,26.201940536499023,27.171581,0.9696404635009763,0.272268146276474,0.28137264,0.009104493723526008,0.2809731364250183,0.292628,0.011654863574981689,0.3024693429470062,0.311852,0.009382657052993792
nearest_neighbor_baseline,915,138145,48026,2.3175477981567383,0.9262722730636597,0.79990005,0.1263722230636597,15.651741981506348,19.064789,3.4130470184936534,0.28716450929641724,0.24423046,0.042934049296417226,0.3094464838504791,0.263869,0.045577483850479106,0.4965773820877075,0.46965408,0.026923302087707546
nearest_neighbor_baseline,916,38619,48306,1.4858946800231934,0.989189863204956,0.9726848,0.01650506320495604,7.4281792640686035,8.115215,0.6870357359313957,0.18921658396720886,0.21439141,0.025174826032791142,0.21142663061618805,0.2296534,0.018226769383811958,0.5342299342155457,0.46081564,0.07341429421554563
nearest_neighbor_baseline,917,72648,65397,1.9475369453430176,0.979990541934967,0.98416114,0.004170598065032949,7.796308994293213,6.6782737,1.1180352942932128,0.26438218355178833,0.23772535,0.026656833551788328,0.2811676561832428,0.25999463,0.021173026183242794,0.5223113894462585,0.5395078,0.017196410553741437
nearest_neighbor_baseline,918,43340,38523,2.5352189540863037,0.9605979919433594,0.89234406,0.06825393194335938,10.966097831726074,14.094269,3.1281711682739264,0.2522401809692383,0.23430258,0.01793760096923827,0.26491305232048035,0.2724958,0.0075827476795196636,0.46136075258255005,0.5058347,0.04447394741744992
nearest_neighbor_baseline,919,51180,113421,3.6290853023529053,0.541509211063385,0.55046326,0.008954048936615,22.448030471801758,21.28202,1.1660104718017585,0.2698790431022644,0.25466776,0.015211283102264384,0.2967848777770996,0.3815084,0.08472352222290042,0.4981735348701477,0.77048755,0.2723140151298523
nearest_neighbor_baseline,920,57088,48901,3.0652732849121094,0.583174467086792,0.34522092,0.237953547086792,24.219881057739258,19.425344,4.794537057739259,0.2774929106235504,0.2902765,0.012783589376449578,0.2954130470752716,0.3118679,0.01645485292472837,0.4034290015697479,0.37322077,0.030208231569747945
nearest_neighbor_baseline,921,79504,11184,1.879142165184021,0.9275394678115845,0.95348847,0.02594900218841556,7.876521587371826,9.310511,1.4339894126281738,0.26346448063850403,0.26995516,0.006490679361495999,0.2816983163356781,0.27849934,0.0031989763356781165,0.35769763588905334,0.33283037,0.024867265889053358
nearest_neighbor_baseline,922,40239,10115,1.1674559116363525,0.3777402341365814,0.36817273,0.009567504136581417,27.90281105041504,28.30994,0.40712894958496193,0.5596534609794617,0.54987913,0.009774330979461676,0.5612480640411377,0.5559186,0.005329464041137655,0.1604091227054596,0.22626477,0.06585564729454041
nearest_neighbor_baseline,923,29896,138321,2.134397029876709,0.9794321060180664,0.9584068,0.021025306018066403,11.22889518737793,12.775544,1.5466488126220703,0.23474954068660736,0.22926243,0.0054871106866073716,0.24410977959632874,0.2377723,0.006337479596328743,0.3792555332183838,0.34893048,0.030325053218383802
nearest_neighbor_baseline,924,138967,59852,2.2161917686462402,0.8718249201774597,0.7681941,0.10363082017745973,17.15613555908203,19.173077,2.016941440917968,0.31440162658691406,0.34699196,0.032590333413085926,0.32479211688041687,0.3536294,0.028837283119583113,0.3416852653026581,0.34229916,0.0006138946973419102
nearest_neighbor_baseline,925,117608,54626,1.2832762002944946,0.17703229188919067,0.2922149,0.11518260811080933,29.02733039855957,29.64516,0.6178296014404303,0.5832667946815491,0.5304479,0.0528188946815491,0.5845476984977722,0.53441167,0.05013602849777221,0.15269240736961365,0.2168727,0.06418029263038635
nearest_neighbor_baseline,926,112163,80062,1.7252744436264038,0.21083436906337738,0.29377827,0.08294390093662263,26.0524845123291,22.710182,3.342302512329102,0.5417788624763489,0.6261268,0.0843479375236511,0.5433929562568665,0.627213,0.08382004374313357,0.1359471082687378,0.11448529,0.02146181826873779
nearest_neighbor_baseline,927,122448,110746,2.186453104019165,0.5410779118537903,0.6032759,0.06219798814620969,18.799732208251953,17.84656,0.9531722082519529,0.23810020089149475,0.19881113,0.03928907089149475,0.24039001762866974,0.20207034,0.03831967762866975,0.185843825340271,0.21257631,0.026732484659728994
nearest_neighbor_baseline,928,70155,39972,2.0063295364379883,0.9840387105941772,0.9796422,0.0043965105941772276,4.622161388397217,5.790053,1.1678916116027835,0.2972097396850586,0.2850356,0.012174139685058594,0.37523719668388367,0.3373104,0.03792679668388366,0.612093448638916,0.57048786,0.04160558863891606
nearest_neighbor_baseline,929,40510,35454,2.8902595043182373,0.2561945617198944,0.42345348,0.16725891828010558,26.280529022216797,21.559727,4.720802022216798,0.3558449149131775,0.3755888,0.01974388508682251,0.5147824883460999,0.618945,0.10416251165390011,0.7825644612312317,0.8331574,0.05059293876876836
nearest_neighbor_baseline,930,138672,107255,2.1593074798583984,0.9621337652206421,0.96003556,0.00209820522064208,8.958434104919434,9.013746,0.055311895080565776,0.27282994985580444,0.2769589,0.0041289501441955645,0.2858429253101349,0.2871578,0.001314874689865131,0.4134417474269867,0.3111648,0.10227694742698668
nearest_neighbor_baseline,931,111728,73916,2.6389365196228027,0.695019006729126,0.5821299,0.112889106729126,21.590856552124023,22.811275,1.220418447875975,0.1984756737947464,0.2210041,0.02252842620525361,0.20470260083675385,0.22572014,0.02101753916324617,0.31328997015953064,0.24069737,0.07259260015953065
nearest_neighbor_baseline,932,81374,55242,2.250586748123169,0.516188383102417,0.6481691,0.13198071689758306,21.142154693603516,18.81404,2.328114693603517,0.23666425049304962,0.2956493,0.05898504950695038,0.24625881016254425,0.30428904,0.05803022983745576,0.3148861229419708,0.30844465,0.006441472941970838
nearest_neighbor_baseline,933,22533,48889,2.9335169792175293,0.33741891384124756,0.39827037,0.060851456158752426,17.049964904785156,19.743946,2.693981095214845,0.2662239968776703,0.25387603,0.012347966877670313,0.311073362827301,0.30252802,0.008545342827301017,0.5405622720718384,0.56595707,0.025394797928161572
nearest_neighbor_baseline,934,78734,60463,2.2725698947906494,0.9426758289337158,0.9595471,0.016871271066284166,10.828451156616211,9.739053,1.0893981566162108,0.3353862166404724,0.3211356,0.014250616640472391,0.3433775007724762,0.32575026,0.017627240772476183,0.3262147903442383,0.22983202,0.09638277034423828
nearest_neighbor_baseline,935,95851,75654,2.2036383152008057,0.8978509306907654,0.90963435,0.011783419309234655,13.487062454223633,14.774024,1.286961545776368,0.35061100125312805,0.39075086,0.040139858746871926,0.35399648547172546,0.39853978,0.044543294528274546,0.21446797251701355,0.22460996,0.010141987482986448
nearest_neighbor_baseline,936,114564,74725,2.253131151199341,0.6239404082298279,0.7122578,0.08831739177017217,12.634031295776367,16.15376,3.519728704223631,0.2783906161785126,0.32974997,0.05135935382148743,0.28020066022872925,0.3358979,0.05569723977127078,0.16146783530712128,0.30678007,0.14531223469287874
nearest_neighbor_baseline,937,20756,59149,2.0260729789733887,0.4396398663520813,0.4935942,0.053954333647918684,17.90220069885254,20.449076,2.5468753011474625,0.30174288153648376,0.27239332,0.02934956153648377,0.3048384189605713,0.27420944,0.030628978960571263,0.19151008129119873,0.17110798,0.020402101291198738
nearest_neighbor_baseline,938,31889,137550,2.2783923149108887,0.7055540680885315,0.54899615,0.15655791808853148,22.427165985107422,22.752865,0.325699014892578,0.268206924200058,0.25121728,0.016989644200057996,0.2854234576225281,0.26598427,0.019439187622528054,0.3981612026691437,0.38069707,0.01746413266914365
nearest_neighbor_baseline,939,60156,107251,2.3315436840057373,0.8437212705612183,0.7475401,0.09618117056121822,14.439886093139648,17.135298,2.6954119068603504,0.23920539021492004,0.23057887,0.008626520214920053,0.24335645139217377,0.23787525,0.005481201392173757,0.2571338713169098,0.29825774,0.0411238686830902
nearest_neighbor_baseline,940,100972,35392,1.862588882446289,0.0863402783870697,0.034491178,0.051849100387069705,19.723299026489258,21.069416,1.3461169735107426,0.31308606266975403,0.3197381,0.006652037330245997,0.3182730972766876,0.34318835,0.024915252723312353,0.2509523034095764,0.31456754,0.06361523659042356
nearest_neighbor_baseline,941,4612,73646,1.6003004312515259,0.8508716225624084,0.69275993,0.15811169256240842,15.421326637268066,11.825057,3.596269637268067,0.38855910301208496,0.31477907,0.07378003301208497,0.39574742317199707,0.32326886,0.07247856317199708,0.24599163234233856,0.23546235,0.010529282342338575
nearest_neighbor_baseline,942,33462,135193,1.7051308155059814,0.31975260376930237,0.17161937,0.14813323376930237,25.837129592895508,27.450245,1.613115407104491,0.3194239139556885,0.30578044,0.01364347395568849,0.3228569030761719,0.30876613,0.014090773076171847,0.2322770208120346,0.16015938,0.07211764081203462
nearest_neighbor_baseline,943,33123,82061,1.482969045639038,0.885157585144043,0.97834504,0.09318745485595703,10.563491821289062,11.321638,0.7581461787109376,0.38668137788772583,0.3334958,0.05318557788772582,0.39542001485824585,0.34195074,0.053469274858245874,0.3089444637298584,0.30408514,0.004859323729858422
nearest_neighbor_baseline,944,63373,30347,2.2583580017089844,0.538496196269989,0.38895562,0.149540576269989,25.002939224243164,22.45186,2.551079224243164,0.29197680950164795,0.33418542,0.04220861049835206,0.30043521523475647,0.3394896,0.03905438476524353,0.33248743414878845,0.24024624,0.09224119414878845
nearest_neighbor_baseline,945,67724,136534,2.016430377960205,0.9893601536750793,0.9815074,0.007852753675079316,6.274554252624512,6.5414824,0.26692814737548787,0.22021637856960297,0.22938833,0.009171951430397035,0.2627675533294678,0.2766466,0.013879046670532247,0.686194896697998,0.6662839,0.019910996697998007
nearest_neighbor_baseline,946,70399,45449,1.9080625772476196,0.29613083600997925,0.25230572,0.04382511600997924,23.452651977539062,22.778788,0.6738639775390638,0.27966785430908203,0.28079793,0.0011300756909179421,0.34208959341049194,0.30474338,0.037346213410491935,0.5024795532226562,0.4330975,0.06938205322265623
nearest_neighbor_baseline,947,70753,91898,2.248908281326294,0.9592589139938354,0.9804085,0.021149586006164567,10.695964813232422,8.046389,2.6495758132324223,0.24194951355457306,0.27094376,0.02899424644542692,0.28900963068008423,0.35258675,0.06357711931991578,0.6028657555580139,0.7262613,0.12339554444198608
nearest_neighbor_baseline,948,30393,33973,1.538179874420166,0.9092230200767517,0.82101154,0.08821148007675172,12.049182891845703,10.389992,1.6591908918457037,0.389394611120224,0.39539912,0.006004508879775994,0.400562047958374,0.40065783,9.578204162596915e-05,0.3127320408821106,0.19587244,0.11685960088211059
nearest_neighbor_baseline,949,21079,85031,1.5577032566070557,0.849811851978302,0.8047017,0.04511015197830204,20.280086517333984,19.57317,0.7069165173339833,0.42960870265960693,0.40438575,0.025222952659606945,0.43495553731918335,0.40835792,0.026597617319183364,0.26187342405319214,0.2711665,0.009293075946807838
nearest_neighbor_baseline,950,83613,68577,1.8014776706695557,0.9095101952552795,0.8506357,0.058874495255279546,13.85366439819336,17.036924,3.1832596018066397,0.26235753297805786,0.24177907,0.02057846297805785,0.27556902170181274,0.26218128,0.013387741701812728,0.33856847882270813,0.4030643,0.06449582117729186
nearest_neighbor_baseline,951,14927,127680,0.7520542144775391,0.31720444560050964,0.27722174,0.03998270560050965,27.01893424987793,27.01156,0.007374249877930339,0.7587549686431885,0.75704265,0.0017123186431884374,0.7624714374542236,0.7580726,0.0043988374542236475,0.17996415495872498,0.1266458,0.05331835495872497
nearest_neighbor_baseline,952,66599,129125,1.9221363067626953,0.8011536002159119,0.7258901,0.07526350021591188,19.450937271118164,19.339994,0.11094327111816327,0.18337559700012207,0.18591307,0.0025374729998779433,0.19143825769424438,0.19534288,0.0039046223057556118,0.39377573132514954,0.36535096,0.028424771325149534
nearest_neighbor_baseline,953,35027,116883,1.7943949699401855,0.1996324062347412,0.13044788,0.06918452623474122,29.03339958190918,28.727377,0.3060225819091791,0.3359483778476715,0.28851244,0.04743593784767153,0.33927562832832336,0.28985053,0.04942509832832337,0.1790447235107422,0.14224637,0.03679835351074218
nearest_neighbor_baseline,954,110804,103769,2.268890142440796,0.20274563133716583,0.17678416,0.025961471337165837,24.812284469604492,23.257652,1.554632469604492,0.23662906885147095,0.25689152,0.020262451148529037,0.24296830594539642,0.26303113,0.02006282405460358,0.26637208461761475,0.26592356,0.0004485246176147428
nearest_neighbor_baseline,955,20639,89973,2.923917293548584,0.0937991663813591,0.106921494,0.013122327618640905,25.109983444213867,25.175964,0.06598055578613327,0.2460310459136963,0.23720576,0.008825285913696301,0.25624987483024597,0.25686738,0.0006175051697540068,0.38133880496025085,0.43085557,0.04951676503974917
nearest_neighbor_baseline,956,116110,59593,1.6388444900512695,0.7391377091407776,0.89216834,0.15303063085922242,14.184713363647461,17.034542,2.8498286363525374,0.33149030804634094,0.3264587,0.005031608046340952,0.3376128673553467,0.33026856,0.007344307355346691,0.26623594760894775,0.22967462,0.03656132760894776
nearest_neighbor_baseline,957,112198,46168,1.6196199655532837,0.9260846972465515,0.8737547,0.05232999724655152,8.673660278320312,10.102742,1.4290817216796867,0.4070570170879364,0.36118668,0.04587033708793642,0.43264496326446533,0.38821444,0.04443052326446534,0.3609369695186615,0.33712333,0.0238136395186615
nearest_neighbor_baseline,958,3641,32935,1.4841339588165283,0.4489666223526001,0.6247369,0.17577027764739994,24.322738647460938,24.078648,0.24409064746093634,0.47106680274009705,0.48511598,0.014049177259902956,0.47738343477249146,0.48675308,0.00936964522750855,0.22669291496276855,0.1612137,0.06547921496276857
nearest_neighbor_baseline,959,97943,122063,1.2230887413024902,0.6678831577301025,0.7837815,0.11589834226989748,21.991151809692383,19.704144,2.2870078096923834,0.42899012565612793,0.4285409,0.0004492256561279273,0.4380059838294983,0.4333179,0.004688083829498313,0.2831628918647766,0.24493283,0.03823006186477662
nearest_neighbor_baseline,960,129166,67819,2.389124870300293,0.9655730724334717,0.8562495,0.10932357243347168,11.583972930908203,13.823387,2.239414069091797,0.2616721987724304,0.25637937,0.005292828772430425,0.28097498416900635,0.279719,0.0012559841690063522,0.5282308459281921,0.53630334,0.008072494071807879
nearest_neighbor_baseline,961,63964,52945,1.9198284149169922,0.8681381940841675,0.8766431,0.008504905915832528,16.27193260192871,15.198413,1.0735196019287105,0.23764784634113312,0.22010013,0.017547716341133113,0.24628473818302155,0.223847,0.022437738183021555,0.26524093747138977,0.2641178,0.0011231374713897568
nearest_neighbor_baseline,962,55122,102185,1.89849853515625,0.8798174262046814,0.86947787,0.01033955620468141,18.1279354095459,15.917178,2.2107574095458986,0.23240505158901215,0.21835071,0.014054341589012143,0.23924104869365692,0.22345679,0.015784258693656933,0.33576473593711853,0.2697422,0.06602253593711854
nearest_neighbor_baseline,963,91338,91251,2.043015480041504,0.08773039281368256,0.0506878,0.03704259281368256,23.855886459350586,24.407324,0.5514375406494132,0.21528871357440948,0.20697156,0.008317153574409486,0.22185921669006348,0.21413006,0.007729156690063466,0.3104921281337738,0.32013997,0.009647841866226192
nearest_neighbor_baseline,964,125504,46102,1.1188489198684692,0.6262710094451904,0.5530839,0.07318710944519047,24.654939651489258,26.548082,1.893142348510743,0.41897350549697876,0.42476973,0.005796224503021252,0.4213230013847351,0.42730507,0.005982068615264902,0.1992185413837433,0.19291241,0.00630613138374328
nearest_neighbor_baseline,965,7024,6492,2.0076797008514404,0.9763107895851135,0.9210695,0.05524128958511354,14.171409606933594,16.164253,1.992843393066405,0.3187333643436432,0.30663526,0.012098104343643168,0.3248053193092346,0.3092137,0.015591619309234639,0.31449875235557556,0.20700629,0.10749246235557555
nearest_neighbor_baseline,966,37554,40960,1.2407686710357666,0.5413320064544678,0.53785443,0.003477576454467779,23.902070999145508,25.54105,1.6389790008544907,0.5393298268318176,0.5453327,0.006002873168182377,0.5414714217185974,0.54644996,0.0049785382814026,0.15959064662456512,0.1428948,0.016695846624565136
nearest_neighbor_baseline,967,36100,117328,1.619620680809021,0.8107660412788391,0.8292622,0.018496158721160838,17.729835510253906,17.561625,0.16821051025390688,0.20119830965995789,0.20040555,0.0007927596599578979,0.23941944539546967,0.21771908,0.021700365395469656,0.5975548028945923,0.5097958,0.08775900289459226
nearest_neighbor_baseline,968,13892,78077,1.9430527687072754,0.8143007755279541,0.7613112,0.052989575527954136,17.496646881103516,19.206514,1.709867118896483,0.2589332163333893,0.27873358,0.0198003636666107,0.2664690613746643,0.29800326,0.031534198625335685,0.30935025215148926,0.44611934,0.13676908784851072
nearest_neighbor_baseline,969,121660,58823,2.915997266769409,0.14467589557170868,0.06924335,0.07543254557170868,24.37679100036621,24.13663,0.2401610003662107,0.26694750785827637,0.22386958,0.043077927858276355,0.2926909625530243,0.26898915,0.023701812553024282,0.3898807764053345,0.65000165,0.2601208735946655
nearest_neighbor_baseline,970,34601,63451,2.1644299030303955,0.0412999726831913,0.16355546,0.12225548731680871,28.98805809020996,26.235617,2.7524410902099596,0.3190191984176636,0.29262534,0.026393858417663563,0.32137489318847656,0.29364786,0.02772703318847658,0.17838767170906067,0.11724969,0.061137981709060665
nearest_neighbor_baseline,971,63676,72062,1.3982359170913696,0.21838513016700745,0.29423884,0.07585370983299256,25.23265838623047,27.709335,2.4766766137695306,0.2840162515640259,0.30042893,0.016412678435974104,0.28712084889411926,0.3032192,0.01609835110588076,0.21536746621131897,0.17075296,0.04461450621131896
nearest_neighbor_baseline,972,118505,116806,1.310998558998108,0.9562135338783264,0.9782174,0.0220038661216736,4.0338521003723145,3.4259353,0.6079168003723145,0.24718093872070312,0.28566405,0.03848311127929688,0.26077139377593994,0.31918043,0.058409036224060074,0.3375842869281769,0.3905963,0.05301201307182313
nearest_neighbor_baseline,973,88392,123993,1.5486100912094116,0.9296950697898865,0.89209133,0.037603739789886514,16.82448959350586,18.385166,1.5606764064941423,0.4654415249824524,0.47311878,0.007677255017547624,0.46851080656051636,0.48095503,0.012444223439483648,0.20962606370449066,0.2848858,0.07525973629550936
nearest_neighbor_baseline,974,23861,25050,0.9932242035865784,0.09797614812850952,0.178642,0.08066585187149047,29.26922035217285,27.147287,2.121933352172853,0.9402450323104858,0.93290675,0.007338282310485833,0.9406797885894775,0.93363845,0.0070413385894775304,0.07182489335536957,0.088856325,0.017031431644630432
nearest_neighbor_baseline,975,102119,90257,2.119765281677246,0.9860107898712158,0.99204063,0.0060298401287841585,8.333695411682129,7.0438666,1.2898288116821286,0.18799042701721191,0.17539856,0.012591867017211905,0.21827618777751923,0.2104582,0.007817987777519214,0.6563374400138855,0.7355865,0.07924905998611453
nearest_neighbor_baseline,976,27429,43302,2.6988818645477295,0.8317616581916809,0.7302237,0.10153795819168088,14.474082946777344,18.54206,4.067977053222656,0.2017846703529358,0.1977592,0.004025470352935795,0.21372731029987335,0.22062029,0.006892979700126645,0.3852705955505371,0.46663278,0.08136218444946292
nearest_neighbor_baseline,977,72920,44124,1.7172950506210327,0.4336848855018616,0.39733192,0.03635296550186157,24.81133460998535,27.27248,2.46114539001465,0.4693929851055145,0.48501095,0.01561796489448547,0.47884488105773926,0.49722373,0.018378848942260717,0.3353228271007538,0.32870194,0.006620887100753758
nearest_neighbor_baseline,978,2819,100692,3.2075893878936768,0.7677013874053955,0.7479091,0.019792287405395514,18.911096572875977,19.241869,0.33077242712402466,0.20802566409111023,0.19327994,0.014745724091110218,0.24771367013454437,0.25706863,0.009354959865455648,0.7935270071029663,0.90497833,0.11145132289703374
nearest_neighbor_baseline,979,55034,55744,2.5780704021453857,0.0722387284040451,0.36181617,0.2895774415959549,23.725624084472656,17.521343,6.204281084472655,0.2309366911649704,0.21418272,0.016753971164970405,0.23951707780361176,0.22137085,0.018146227803611747,0.3130043148994446,0.3264155,0.013411185100555445
nearest_neighbor_baseline,980,49627,5936,1.751847743988037,0.7866226434707642,0.726082,0.060540643470764155,21.01132583618164,21.71793,0.7066041638183584,0.23497894406318665,0.22893505,0.0060438940631866445,0.23887737095355988,0.23415019,0.0047271809535598674,0.24188265204429626,0.2711679,0.029285247955703753
nearest_neighbor_baseline,981,35042,58259,1.6152317523956299,0.8904151916503906,0.9601258,0.0697106083496094,5.192527770996094,5.605202,0.4126742290039065,0.2768869996070862,0.3749286,0.09804160039291382,0.2842107117176056,0.37965736,0.09544664828239441,0.25335028767585754,0.2405342,0.01281608767585754
nearest_neighbor_baseline,982,36919,115366,1.154806137084961,0.9861074686050415,0.97581416,0.010293308605041518,5.623937129974365,5.2510104,0.37292672997436505,0.3433510363101959,0.36895105,0.02560001368980408,0.35334843397140503,0.38628113,0.03293269602859494,0.34986090660095215,0.37772638,0.027865473399047824
nearest_neighbor_baseline,983,40370,65846,1.3947367668151855,0.2889789640903473,0.29424864,0.005269675909652716,27.157764434814453,25.666697,1.491067434814454,0.4664798974990845,0.46813968,0.0016597825009155298,0.4679446220397949,0.47378114,0.005836517960205068,0.14305242896080017,0.19244988,0.04939745103919982
nearest_neighbor_baseline,984,63773,8191,1.3703809976577759,0.34504348039627075,0.2193006,0.12574288039627074,28.3848819732666,26.643793,1.7410889732666028,0.34701114892959595,0.29975104,0.04726010892959592,0.3530101478099823,0.30524713,0.04776301780998232,0.22870506346225739,0.21111889,0.017586173462257382
nearest_neighbor_baseline,985,66000,59868,1.7516690492630005,0.7766466736793518,0.7443527,0.03229397367935183,22.86701011657715,23.100006,0.23299588342285205,0.27748796343803406,0.2890042,0.011516236561965931,0.2932978570461273,0.31640932,0.023111462953872675,0.317519873380661,0.37108287,0.053562996619339
nearest_neighbor_baseline,986,40013,17774,2.112981081008911,0.7454805970191956,0.6973837,0.048096897019195506,17.3446044921875,18.714375,1.3697705078125004,0.2685985267162323,0.24919657,0.019401956716232294,0.2844926118850708,0.2569734,0.027519211885070782,0.40255704522132874,0.3447105,0.05784654522132876
nearest_neighbor_baseline,987,42403,112593,1.4086700677871704,0.883439838886261,0.9020502,0.018610361113739038,17.40582275390625,18.782125,1.3763022460937506,0.4085749685764313,0.42976412,0.021189151423568753,0.4146603047847748,0.43459922,0.019938915215225228,0.3087989091873169,0.24769625,0.06110265918731689
nearest_neighbor_baseline,988,102181,50359,2.133424997329712,0.46877068281173706,0.54142725,0.07265656718826297,20.880168914794922,21.67643,0.796261085205078,0.4299294948577881,0.3271299,0.10279959485778811,0.4344211518764496,0.33034238,0.1040787718764496,0.19292454421520233,0.193406,0.00048145578479766304
nearest_neighbor_baseline,989,39050,105160,2.054901123046875,0.153296560049057,0.26212144,0.10882487995094298,28.478588104248047,24.331442,4.147146104248048,0.2699432373046875,0.27538976,0.0054465226953124835,0.2723281979560852,0.2804465,0.008118302043914782,0.17553022503852844,0.27184635,0.09631612496147157
nearest_neighbor_baseline,990,78461,48882,1.2440904378890991,0.7680931687355042,0.7193226,0.048770568735504116,23.412944793701172,22.25183,1.16111479370117,0.39629578590393066,0.4060398,0.009744014096069342,0.3985356390476227,0.40813142,0.009595780952377342,0.1775541454553604,0.16133983,0.016214315455360423
nearest_neighbor_baseline,991,74643,30719,2.7341480255126953,0.6136908531188965,0.5414959,0.07219495311889645,20.430204391479492,21.140804,0.7105996085205071,0.23345500230789185,0.23423591,0.0007809076921081459,0.24930790066719055,0.25293297,0.0036250693328094274,0.4159182012081146,0.4521782,0.03625999879188535
nearest_neighbor_baseline,992,49226,91356,3.1297507286071777,0.45441144704818726,0.44150457,0.01290687704818727,23.294342041015625,23.306345,0.012002958984375312,0.2041536569595337,0.22121704,0.017063383040466312,0.24046136438846588,0.2659345,0.025473135611534137,0.742372989654541,0.8438313,0.10145831034545894
nearest_neighbor_baseline,993,85966,51993,1.893354058265686,0.7231564521789551,0.71020895,0.012947502178955128,21.218090057373047,22.95563,1.7375399426269524,0.40403807163238525,0.41139838,0.007360308367614754,0.40812551975250244,0.4140401,0.005914580247497581,0.2534412145614624,0.22537066,0.028070554561462402
nearest_neighbor_baseline,994,71125,111935,2.2084596157073975,0.9794977307319641,0.9869026,0.007404869268035852,8.00829792022705,7.095591,0.912706920227051,0.22417545318603516,0.20714635,0.01702910318603515,0.23875200748443604,0.23366755,0.0050844574844360335,0.4233143925666809,0.49821338,0.07489898743331908
nearest_neighbor_baseline,995,60720,126008,2.7051045894622803,0.31951966881752014,0.049119532,0.2704001368175201,22.2508602142334,25.253155,3.002294785766601,0.23189391195774078,0.21722645,0.014667461957740796,0.2448512315750122,0.25014082,0.005289588424987779,0.39615121483802795,0.48023608,0.08408486516197206
nearest_neighbor_baseline,996,30624,72665,1.4751033782958984,0.8433619141578674,0.97611487,0.13275295584213254,14.75687313079834,13.621482,1.1353911307983395,0.40765905380249023,0.4075573,0.00010175380249022314,0.4115532636642456,0.4137913,0.0022380363357543676,0.2585125267505646,0.3266382,0.06812567324943541
nearest_neighbor_baseline,997,118379,24876,1.1670987606048584,0.9594200253486633,0.96010333,0.0006833046513367025,12.425902366638184,13.609767,1.1838646333618161,0.30991849303245544,0.31119263,0.0012741369675445813,0.31695157289505005,0.31621498,0.00073659289505007,0.3250267505645752,0.29383358,0.031193170564575212
nearest_neighbor_baseline,998,80624,73424,2.256648302078247,0.8909695148468018,0.8620118,0.028957714846801763,9.020522117614746,10.020809,1.0002868823852538,0.3553032875061035,0.37383422,0.01853093249389648,0.4093581438064575,0.40889284,0.0004653038064575399,0.47414442896842957,0.6140294,0.13988497103157038
nearest_neighbor_baseline,999,122098,48273,3.506998062133789,0.08046033978462219,0.1059202,0.025459860215377814,24.24554443359375,26.758583,2.5130385664062516,0.3214242458343506,0.29375872,0.027665525834350613,0.3494987487792969,0.36184826,0.012349511220703102,0.5395720601081848,0.5995507,0.05997863989181518
