method,target_id,dataset_index,neighbor_index,neighbor_context_distance,eta,target_eta,abs_err_eta,tau_transfer,target_tau_transfer,abs_err_tau_transfer,ipr,target_ipr,abs_err_ipr,purity,target_purity,abs_err_purity,c_l1,target_c_l1,abs_err_c_l1
nearest_neighbor_baseline,0,33458,21847,0.5500255823135376,0.8060336112976074,0.7584671,0.04756651129760747,13.449419021606445,13.679777,0.23035797839355432,0.25473254919052124,0.24725586,0.007476689190521246,0.27111345529556274,0.26755,0.003563455295562734,0.4708705544471741,0.47606024,0.005189685552825951
nearest_neighbor_baseline,1,74123,70320,0.451029509305954,0.1971329301595688,0.19029836,0.006834570159568787,29.301393508911133,29.206373,0.09502050891113356,0.6828474402427673,0.668512,0.014335440242767339,0.6852772831916809,0.67043525,0.01484203319168087,0.13790637254714966,0.12942995,0.00847642254714967
nearest_neighbor_baseline,2,57950,8482,1.165753722190857,0.2647842466831207,0.27761433,0.012830083316879293,22.13837432861328,16.832853,5.305521328613281,0.2673723101615906,0.26614442,0.0012278901615905835,0.2811528444290161,0.30238298,0.02123013557098391,0.46726980805397034,0.5041054,0.0368355919460297
nearest_neighbor_baseline,3,132514,10278,0.2941563129425049,0.8468561768531799,0.8215711,0.025285076853179933,19.79682731628418,20.109015,0.31218768371581973,0.2691551744937897,0.26017472,0.008980454493789647,0.2750844955444336,0.27023384,0.004850655544433591,0.3024550676345825,0.29238144,0.010073627634582527
nearest_neighbor_baseline,4,16005,5492,0.1885366141796112,0.9627833366394043,0.9542749,0.00850843663940426,7.50506591796875,7.8531504,0.34808448203124964,0.24358715116977692,0.23684888,0.006738271169776905,0.2557980716228485,0.24990356,0.005894511622848514,0.38833460211753845,0.3851833,0.003151302117538446
nearest_neighbor_baseline,5,117269,88787,0.2792483866214752,0.8958622217178345,0.8926104,0.0032518217178344466,16.458351135253906,17.333122,0.8747708647460932,0.19637899100780487,0.20670004,0.010321048992195131,0.2131471335887909,0.21893375,0.005786616411209117,0.4451107978820801,0.43974382,0.005366977882080071
nearest_neighbor_baseline,6,79622,55031,0.43790122866630554,0.9223600029945374,0.9328691,0.010509097005462653,6.798442363739014,6.2080483,0.5903940637390139,0.24465838074684143,0.2524332,0.007774819253158594,0.2622176706790924,0.26191923,0.00029844067909240435,0.34974902868270874,0.3260561,0.023692928682708725
nearest_neighbor_baseline,7,3648,17943,0.35384806990623474,0.9702465534210205,0.9816332,0.011386646578979476,5.146524906158447,5.389304,0.24277909384155283,0.241978719830513,0.2285614,0.013417319830513003,0.25898441672325134,0.24210514,0.016879276723251346,0.3716736435890198,0.4024908,0.030817156410980207
nearest_neighbor_baseline,8,71597,21344,0.5589094161987305,0.9890455007553101,0.99189395,0.0028484492446899656,3.055670738220215,2.958586,0.0970847382202149,0.3242450952529907,0.3242428,2.295252990724972e-06,0.39664578437805176,0.39422894,0.00241684437805173,0.6442030072212219,0.7152921,0.07108909277877806
nearest_neighbor_baseline,9,15184,1581,0.1706329733133316,0.9335111975669861,0.9380948,0.0045836024330139225,15.469635963439941,15.09445,0.37518596343994126,0.2160567045211792,0.21274278,0.0033139245211792068,0.226407989859581,0.22207873,0.004329259859580992,0.37442874908447266,0.37097368,0.003455069084472684
nearest_neighbor_baseline,10,116513,93924,1.166512370109558,0.4146297574043274,0.3533679,0.06126185740432738,15.48828125,15.903919,0.41563775000000014,0.2902147173881531,0.26431936,0.025895357388153073,0.31540200114250183,0.2954089,0.019993101142501857,0.5112404227256775,0.5033014,0.00793902272567748
nearest_neighbor_baseline,11,72301,26595,0.49465906620025635,0.5587100982666016,0.58143514,0.0227250417333984,21.028263092041016,20.258993,0.7692700920410154,0.24349547922611237,0.23310496,0.010390519226112366,0.25896507501602173,0.26235133,0.003386254983978265,0.46400830149650574,0.45395133,0.010056971496505751
nearest_neighbor_baseline,12,105690,131017,0.48549383878707886,0.1842149943113327,0.17833596,0.005879034311332715,27.618593215942383,27.576347,0.042246215942384424,0.8297934532165527,0.8260057,0.0037877532165527805,0.8313814997673035,0.82681197,0.004569529767303515,0.1345934122800827,0.10525237,0.029341042280082705
nearest_neighbor_baseline,13,8656,85000,0.6618899703025818,0.710564136505127,0.6999377,0.010626436505126957,19.071285247802734,19.408997,0.337711752197265,0.3049396574497223,0.30825895,0.003319292550277686,0.41830500960350037,0.37106785,0.04723715960350039,0.698241651058197,0.69473225,0.0035094010581969703
nearest_neighbor_baseline,14,56719,79749,0.645510733127594,0.5404221415519714,0.56644064,0.026018498448028615,22.2509822845459,22.261204,0.010221715454100888,0.22293724119663239,0.2002014,0.022735841196632384,0.2495104968547821,0.22082578,0.028684716854782105,0.5218035578727722,0.4909403,0.03086325787277222
nearest_neighbor_baseline,15,6689,41884,0.3359619081020355,0.856265664100647,0.8357882,0.02047746410064699,15.147115707397461,15.258431,0.11131529260253892,0.3442058265209198,0.35309833,0.008892503479080216,0.3484584391117096,0.35740274,0.008944300888290402,0.23939017951488495,0.2472404,0.00785022048511505
nearest_neighbor_baseline,16,100831,80591,0.22542636096477509,0.9864956140518188,0.97950435,0.006991264051818824,3.1709682941436768,3.3362637,0.16529540585632319,0.26297590136528015,0.2791093,0.016133398634719853,0.2903759181499481,0.30948865,0.019112731850051856,0.47393253445625305,0.4676934,0.00623913445625307
nearest_neighbor_baseline,17,116679,40300,0.2870100736618042,0.8295239806175232,0.8213266,0.008197380617523176,21.07823371887207,20.952593,0.12564071887207007,0.4385126233100891,0.45154494,0.013032316689910894,0.4448932707309723,0.46469358,0.019800309269027705,0.30266061425209045,0.2972435,0.00541711425209046
nearest_neighbor_baseline,18,101305,5074,0.9242958426475525,0.13105164468288422,0.07165852,0.05939312468288421,28.949907302856445,30.52825,1.5783426971435546,0.40343886613845825,0.41275868,0.009319813861541737,0.4116826355457306,0.42202425,0.010341614454269399,0.2458135187625885,0.2335222,0.012291318762588488
nearest_neighbor_baseline,19,84681,103178,0.7655959129333496,0.4525642693042755,0.44525677,0.007307499304275489,25.654478073120117,25.671879,0.01740092687988337,0.3205068111419678,0.3178487,0.0026581111419677894,0.33294153213500977,0.32355633,0.009385202135009763,0.33128073811531067,0.26838478,0.06289595811531068
nearest_neighbor_baseline,20,29614,6390,0.5970547795295715,0.09176646173000336,0.11241332,0.02064685826999664,27.75776481628418,27.629997,0.1277678162841802,0.3656148612499237,0.3617695,0.0038453612499236844,0.36887696385383606,0.36447397,0.004402993853836079,0.1880311518907547,0.1772296,0.010801551890754713
nearest_neighbor_baseline,21,123859,121658,0.4895130693912506,0.8970611691474915,0.90898746,0.011926290852508514,11.597127914428711,11.489827,0.10730091442871093,0.1793365180492401,0.19924553,0.01990901195075989,0.18873576819896698,0.2113309,0.022595131801033008,0.37316808104515076,0.39048547,0.017317388954849244
nearest_neighbor_baseline,22,23074,43293,1.0785492658615112,0.12877291440963745,0.14017388,0.01140096559036255,29.3305606842041,27.405123,1.9254376842041019,0.45464983582496643,0.50211406,0.0474642241750336,0.46634647250175476,0.5138985,0.047552027498245275,0.24379992485046387,0.28082356,0.03702363514953616
nearest_neighbor_baseline,23,39388,12323,0.18750815093517303,0.9670884609222412,0.96750814,0.00041967907775875,10.858951568603516,10.810547,0.04840456860351594,0.22417721152305603,0.21717158,0.007005631523056027,0.23879463970661163,0.2430961,0.004301460293388376,0.45613065361976624,0.46855432,0.012423666380233789
nearest_neighbor_baseline,24,43478,58158,0.8296375274658203,0.5773053765296936,0.57894224,0.0016368634703064489,13.253076553344727,12.69378,0.5592965533447263,0.27216559648513794,0.24781907,0.024346526485137937,0.28578394651412964,0.27554154,0.010242406514129665,0.4293191134929657,0.46762252,0.03830340650703429
nearest_neighbor_baseline,25,20356,24460,0.7518012523651123,0.18349553644657135,0.14926344,0.03423209644657135,25.6586971282959,27.982382,2.3236848717041028,0.3178987205028534,0.34924078,0.03134205949714658,0.3232637047767639,0.36339417,0.0401304652232361,0.25623172521591187,0.30188543,0.045653704784088145
nearest_neighbor_baseline,26,16026,77763,0.9209685325622559,0.15314996242523193,0.17486508,0.021715117574768072,28.006420135498047,27.49588,0.5105401354980472,0.21098551154136658,0.2087741,0.002211411541366587,0.22732244431972504,0.24231182,0.014989375680274974,0.38804274797439575,0.4174216,0.029378852025604252
nearest_neighbor_baseline,27,107466,109848,1.0852142572402954,0.8913079500198364,0.83776194,0.05354601001983639,9.011540412902832,10.556422,1.5448815870971675,0.44695529341697693,0.49969897,0.05274367658302309,0.4564885199069977,0.5153278,0.05883928009300232,0.3140425384044647,0.32517964,0.01113710159553527
nearest_neighbor_baseline,28,966,81463,0.5556154847145081,0.8344895839691162,0.85911524,0.024625656030883736,19.76212501525879,20.116085,0.3539599847412127,0.20448677241802216,0.22340457,0.01891779758197784,0.22398874163627625,0.23826282,0.014274078363723741,0.42987552285194397,0.37446204,0.055413482851943974
nearest_neighbor_baseline,29,64630,63140,0.24510717391967773,0.9465659856796265,0.95448196,0.007915974320373498,12.039323806762695,11.806327,0.23299680676269574,0.3454608917236328,0.35742295,0.011962058276367205,0.3513226807117462,0.362317,0.010994319288253784,0.27889126539230347,0.25927675,0.019614515392303467
nearest_neighbor_baseline,30,54231,102607,0.3529093265533447,0.9687824249267578,0.95581746,0.012964964926757805,8.2903413772583,7.8988957,0.39144567725830104,0.5367292165756226,0.5376967,0.0009674834243774688,0.5410827994346619,0.5409289,0.00015389943466181943,0.21381361782550812,0.19346185,0.020351767825508127
nearest_neighbor_baseline,31,88946,126840,0.30248984694480896,0.8141986131668091,0.8265191,0.012320486833190869,17.783571243286133,18.020243,0.23667175671386786,0.2553532123565674,0.25307313,0.0022800823565674033,0.2663496434688568,0.26497865,0.0013709934688568293,0.40347227454185486,0.3731522,0.03032007454185487
nearest_neighbor_baseline,32,53973,75589,0.9725791811943054,0.37701600790023804,0.4251765,0.048160492099761976,26.868024826049805,26.881758,0.013733173950196687,0.330349862575531,0.34101763,0.01066776742446901,0.3549661934375763,0.3654213,0.01045510656242371,0.4355986714363098,0.4346095,0.0009891714363098325
nearest_neighbor_baseline,33,3780,90098,0.8293241262435913,0.2279519885778427,0.26906386,0.041111871422157276,30.621213912963867,29.479458,1.1417559129638661,0.5069974064826965,0.47149256,0.03550484648269653,0.5074484944343567,0.47205588,0.035392614434356706,0.07826822996139526,0.08023107,0.001962840038604738
nearest_neighbor_baseline,34,33369,109343,0.5612779855728149,0.8049867749214172,0.7910845,0.013902274921417268,9.368423461914062,8.753873,0.614550461914062,0.34474098682403564,0.32675344,0.01798754682403564,0.35132139921188354,0.330872,0.020449399211883545,0.2021816074848175,0.18104318,0.021138427484817507
nearest_neighbor_baseline,35,107298,25621,0.43150943517684937,0.9675601124763489,0.9604588,0.007101312476348931,11.1543607711792,10.726496,0.4278647711792001,0.25554677844047546,0.26803547,0.012488691559524534,0.26081928610801697,0.27506015,0.014240863891983035,0.2787029445171356,0.2394322,0.03927074451713561
nearest_neighbor_baseline,36,438,61165,0.4590645134449005,0.7160632610321045,0.74816424,0.032100978967895544,20.768190383911133,20.599714,0.16847638391113406,0.19824227690696716,0.2153853,0.01714302309303284,0.20320995151996613,0.22379883,0.02058887848003388,0.25705599784851074,0.30053902,0.04348302215148925
nearest_neighbor_baseline,37,114877,115200,0.8684819936752319,0.6664636135101318,0.7057752,0.03931158648986821,20.948373794555664,20.88893,0.05944379455566562,0.32197362184524536,0.33743313,0.015459508154754664,0.3698834180831909,0.378856,0.008972581916809108,0.47455114126205444,0.4793313,0.004780158737945572
nearest_neighbor_baseline,38,7605,120503,0.29173678159713745,0.9293205738067627,0.9171716,0.01214897380676272,11.877930641174316,11.977125,0.09919435882568273,0.20210036635398865,0.21092434,0.00882397364601134,0.2078993171453476,0.21796142,0.010062102854652394,0.29568353295326233,0.2701651,0.025518432953262338
nearest_neighbor_baseline,39,15555,137178,0.3278474509716034,0.7922752499580383,0.8091837,0.01690845004196162,16.693750381469727,16.048763,0.6449873814697256,0.3502495288848877,0.35426044,0.0040109111151123145,0.3542986810207367,0.35733542,0.0030367389792633204,0.24104076623916626,0.22742453,0.013616236239166246
nearest_neighbor_baseline,40,79003,21928,0.730253279209137,0.4985901713371277,0.4872733,0.011316871337127665,23.630386352539062,24.499378,0.8689916474609376,0.6875118017196655,0.6528329,0.03467890171966548,0.6930321455001831,0.65993994,0.0330922055001831,0.20519761741161346,0.2622686,0.057070982588386554
nearest_neighbor_baseline,41,21133,34620,0.9011139273643494,0.3117906153202057,0.3272198,0.015429184679794317,27.450258255004883,28.572351,1.1220927449951184,0.23454326391220093,0.2764688,0.04192553608779909,0.24208490550518036,0.29257074,0.05048583449481964,0.337971031665802,0.33818063,0.00020959833419798013
nearest_neighbor_baseline,42,13497,11242,0.7793093323707581,0.6790242791175842,0.6676844,0.011339879117584273,16.108266830444336,17.194998,1.0867311695556623,0.35580286383628845,0.35203397,0.0037688938362884783,0.36190474033355713,0.3696623,0.00775755966644287,0.27817657589912415,0.32533953,0.04716295410087584
nearest_neighbor_baseline,43,138175,113899,0.7170203328132629,0.181852325797081,0.20223852,0.02038619420291901,25.978225708007812,26.457943,0.4797172919921877,0.3047645092010498,0.3336268,0.028862290798950196,0.31829023361206055,0.35060653,0.03231629638793948,0.33555305004119873,0.35357392,0.018020869958801256
nearest_neighbor_baseline,44,14756,32814,0.476783812046051,0.6926036477088928,0.71210027,0.019496622291107157,19.777677536010742,20.609009,0.8313314639892582,0.2181965559720993,0.20744209,0.010754465972099309,0.22685971856117249,0.21471155,0.012148168561172484,0.37572336196899414,0.3618089,0.013914461968994152
nearest_neighbor_baseline,45,86386,96005,0.43116864562034607,0.9158906936645508,0.92296517,0.00707447633544922,8.078920364379883,8.217064,0.13814363562011778,0.2916742265224457,0.28740525,0.004268976522445678,0.29794228076934814,0.2927139,0.005228380769348118,0.2554057836532593,0.24605627,0.009349513653259284
nearest_neighbor_baseline,46,62112,48496,0.25233912467956543,0.9913957715034485,0.99411213,0.0027163584965514964,7.215792179107666,5.7093306,1.5064615791076656,0.18943163752555847,0.18793839,0.001493247525558461,0.20739682018756866,0.21306454,0.005667719812431332,0.5843818783760071,0.569427,0.014954878376007064
nearest_neighbor_baseline,47,90336,23913,0.7494192123413086,0.4166421890258789,0.39657944,0.0200627490258789,25.1297607421875,25.758356,0.6285952578124991,0.2514498829841614,0.29651713,0.04506724701583864,0.25737330317497253,0.3012383,0.04386499682502748,0.2573572099208832,0.23993585,0.017421359920883173
nearest_neighbor_baseline,48,26553,129996,0.6480218172073364,0.30626869201660156,0.3051758,0.0010928920166015654,22.641551971435547,22.778698,0.13714602856445168,0.22244994342327118,0.20980999,0.012639953423271177,0.2271900475025177,0.21571718,0.011472867502517692,0.3140853941440582,0.2750041,0.039081294144058254
nearest_neighbor_baseline,49,71595,19979,1.1274242401123047,0.18535494804382324,0.23206739,0.04671244195617677,28.831661224365234,27.365128,1.4665332243652358,0.2939341068267822,0.27865744,0.015276666826782248,0.347085177898407,0.3234331,0.02365207789840701,0.5632952451705933,0.52623135,0.037063895170593275
nearest_neighbor_baseline,50,54029,110112,0.29853177070617676,0.9602217078208923,0.9519933,0.008228407820892292,8.45455551147461,8.143304,0.31125151147460883,0.3969629108905792,0.39042464,0.006538270890579234,0.41218242049217224,0.4010223,0.011160120492172243,0.34955930709838867,0.33748624,0.012073067098388679
nearest_neighbor_baseline,51,126241,53484,0.6695813536643982,0.18212908506393433,0.15314956,0.028979525063934336,25.940828323364258,25.967892,0.027063676635741274,0.3126847445964813,0.29575887,0.016925874596481316,0.3216722905635834,0.309474,0.012198290563583347,0.3288789391517639,0.3785461,0.04966716084823608
nearest_neighbor_baseline,52,48181,117839,0.7429711818695068,0.5850048661231995,0.6138185,0.028813633876800582,22.850385665893555,23.328236,0.47785033410644573,0.27278587222099304,0.32066396,0.047878087779006984,0.33043813705444336,0.370717,0.04027886294555666,0.6252497434616089,0.6176781,0.007571643461608879
nearest_neighbor_baseline,53,118408,20696,0.33825063705444336,0.8973124623298645,0.9128947,0.015582237670135446,16.07271385192871,15.74081,0.3319038519287112,0.22192156314849854,0.22438486,0.0024632968515014564,0.2372342050075531,0.25013077,0.012896564992446902,0.49159345030784607,0.50879335,0.017199899692153964
nearest_neighbor_baseline,54,132888,12341,0.37749797105789185,0.9461526274681091,0.9406932,0.005459427468109124,12.737981796264648,12.716965,0.021016796264648363,0.2829943001270294,0.27513498,0.007859320127029445,0.2976873219013214,0.29039907,0.00728825190132143,0.5299109220504761,0.5042295,0.025681422050476077
nearest_neighbor_baseline,55,77211,5412,0.8596610426902771,0.2074173539876938,0.1713736,0.0360437539876938,25.260608673095703,24.089294,1.1713146730957043,0.3045346140861511,0.33033255,0.02579793591384888,0.307162344455719,0.33302355,0.025861205544281007,0.20879732072353363,0.22643408,0.01763675927646638
nearest_neighbor_baseline,56,24993,31186,0.4345119595527649,0.9347779154777527,0.928411,0.006366915477752699,13.33729362487793,12.686552,0.650741624877929,0.24899178743362427,0.2703113,0.02131951256637571,0.2721538543701172,0.30094028,0.028786425629882817,0.5218995213508606,0.54258186,0.020682338649139376
nearest_neighbor_baseline,57,89584,60267,0.890454888343811,0.08267040550708771,0.08381365,0.001143244492912296,28.95724868774414,29.16065,0.20340131225585978,0.31339868903160095,0.30132908,0.012069609031600925,0.31853315234184265,0.3048634,0.013669752341842645,0.19707390666007996,0.21369682,0.016622913339920053
nearest_neighbor_baseline,58,21287,3724,0.37186598777770996,0.7846704721450806,0.81023276,0.02556228785491943,16.771324157714844,16.308239,0.4630851577148434,0.26913994550704956,0.25414038,0.014999565507049561,0.2804647386074066,0.26776546,0.012699278607406606,0.36506733298301697,0.35070863,0.014358702983016947
nearest_neighbor_baseline,59,87885,99758,0.3570345342159271,0.2411426305770874,0.24107951,6.312057708740548e-05,25.96794891357422,26.234648,0.2666990864257812,0.8680407404899597,0.86947674,0.0014359995100402534,0.8689219951629639,0.87010956,0.0011875648370360814,0.09211387485265732,0.08143045,0.010683424852657317
nearest_neighbor_baseline,60,123520,40775,0.7364603877067566,0.682769238948822,0.6373154,0.045453838948822045,22.552555084228516,22.101055,0.45150008422851684,0.2256212681531906,0.22667082,0.0010495518468093823,0.26488491892814636,0.2654196,0.0005346810718536155,0.4993771016597748,0.4601942,0.03918290165977478
nearest_neighbor_baseline,61,92683,32422,0.47829028964042664,0.7481221556663513,0.7488985,0.0007763443336487041,22.294357299804688,22.824816,0.5304587001953109,0.5051471590995789,0.4855495,0.019597659099578835,0.5158287882804871,0.49909177,0.01673701828048707,0.388205349445343,0.39332604,0.00512069055465697
nearest_neighbor_baseline,62,62402,28568,0.5674387216567993,0.9494485855102539,0.9635143,0.01406571448974614,11.489253997802734,12.703297,1.2140430021972648,0.3935421407222748,0.3846223,0.008919840722274808,0.4038851261138916,0.41405958,0.010174453886108381,0.38342979550361633,0.43764108,0.05421128449638368
nearest_neighbor_baseline,63,107660,49623,0.6884973049163818,0.14445680379867554,0.120743476,0.023713327798675535,27.645111083984375,30.155148,2.5100369160156255,0.24723182618618011,0.22219725,0.025034576186180102,0.25020891427993774,0.22367024,0.026538674279937752,0.1661718338727951,0.14986375,0.016308083872795115
nearest_neighbor_baseline,64,114838,100680,0.6032642126083374,0.6990419030189514,0.69193363,0.00710827301895145,23.795509338378906,23.776144,0.019365338378907637,0.36635151505470276,0.3273452,0.039006315054702756,0.3699888586997986,0.3301339,0.039854958699798604,0.21656975150108337,0.2449256,0.02835584849891662
nearest_neighbor_baseline,65,129419,89355,0.35570070147514343,0.9207621216773987,0.9033592,0.017402921677398653,16.326099395751953,16.808657,0.48255760424804706,0.36427542567253113,0.3665114,0.0022359743274688593,0.37036848068237305,0.37366894,0.003300459317626958,0.34314024448394775,0.33575636,0.007383884483947778
nearest_neighbor_baseline,66,104180,39547,0.3824767768383026,0.988877534866333,0.9810648,0.007812734866333049,6.541813373565674,6.784301,0.2424876264343263,0.19926124811172485,0.1867344,0.012526848111724859,0.2382526695728302,0.22869974,0.009552929572830188,0.662413477897644,0.6699938,0.00758032210235593
nearest_neighbor_baseline,67,45584,19540,0.25116732716560364,0.9073729515075684,0.9050931,0.0022798515075683756,10.459005355834961,10.385718,0.07328735583496027,0.27281224727630615,0.27195257,0.0008596772763061478,0.27755749225616455,0.2771916,0.00036589225616456833,0.2695879340171814,0.25640616,0.013181774017181402
nearest_neighbor_baseline,68,107511,113841,0.45230868458747864,0.9648237824440002,0.95060927,0.014214512444000293,4.683550834655762,3.6110168,1.072534034655762,0.2644800841808319,0.26646313,0.0019830458191680833,0.2717243731021881,0.27673438,0.005010006897811892,0.29042935371398926,0.27322555,0.017203803713989274
nearest_neighbor_baseline,69,130638,135470,0.4216849207878113,0.9924975037574768,0.9828951,0.009602403757476785,6.03150749206543,6.010696,0.020811492065429427,0.26323822140693665,0.25168145,0.011556771406936672,0.28447234630584717,0.2906723,0.006199953694152827,0.4459170699119568,0.45278525,0.006868180088043185
nearest_neighbor_baseline,70,84389,34690,0.42813512682914734,0.15284450352191925,0.16552414,0.012679636478080736,27.676801681518555,26.884502,0.7922996815185535,0.8209847807884216,0.81300145,0.007983330788421616,0.8232786059379578,0.8157679,0.007510705937957773,0.1458210051059723,0.14969918,0.0038781748940276972
nearest_neighbor_baseline,71,77346,100017,0.3209401071071625,0.9775397777557373,0.98331374,0.0057739622442627425,5.098344326019287,4.9777174,0.1206269260192867,0.3432139456272125,0.3490426,0.005828654372787456,0.34968727827072144,0.35605392,0.006366641729278588,0.26881521940231323,0.28701532,0.018200100597686786
nearest_neighbor_baseline,72,132543,50549,0.2747710049152374,0.9573607444763184,0.95227647,0.005084274476318318,8.950077056884766,9.029182,0.07910494311523486,0.6207345724105835,0.63416433,0.013429757589416558,0.629805326461792,0.64924705,0.019441723538208056,0.22706608474254608,0.24559991,0.018533825257453923
nearest_neighbor_baseline,73,34829,40849,0.9017711281776428,0.4270782172679901,0.4156221,0.011456117267990118,20.8226375579834,21.96439,1.1417524420166032,0.28969305753707886,0.25565356,0.034039497537078856,0.3171708285808563,0.2694603,0.04771052858085634,0.4800383150577545,0.43903217,0.04100614505775452
nearest_neighbor_baseline,74,16447,4771,0.7036423087120056,0.46273908019065857,0.50898254,0.046243459809341414,23.17082405090332,22.379879,0.7909450509033213,0.3389737904071808,0.32197392,0.01699987040718076,0.3431328237056732,0.33196816,0.011164663705673206,0.24175767600536346,0.23478936,0.006968316005363462
nearest_neighbor_baseline,75,41036,122627,0.9492659568786621,0.16572435200214386,0.18796815,0.02224379799785614,26.16931915283203,24.718775,1.4505441528320304,0.3451378643512726,0.33605602,0.009081844351272572,0.3469938337802887,0.33791295,0.009080883780288707,0.1592952460050583,0.14140126,0.017893986005058288
nearest_neighbor_baseline,76,95966,93360,0.27029114961624146,0.7639672756195068,0.7675487,0.0035814243804931367,16.095718383789062,16.072035,0.023683383789062873,0.23712962865829468,0.23194991,0.005179718658294669,0.24251118302345276,0.23660281,0.005908373023452762,0.28869470953941345,0.28200436,0.006690349539413443
nearest_neighbor_baseline,77,8251,57380,0.1998222917318344,0.9597653150558472,0.96104586,0.0012805449441528616,12.777863502502441,13.033727,0.2558634974975593,0.18702110648155212,0.18100923,0.006011876481552131,0.2074013203382492,0.20873229,0.0013309696617507805,0.6328032612800598,0.61596453,0.01683873128005986
nearest_neighbor_baseline,78,18874,40201,0.4779866635799408,0.3350523114204407,0.35552377,0.020471458579559343,26.41905403137207,27.470287,1.0512329686279287,0.7914808392524719,0.7829671,0.008513739252471897,0.7922934293746948,0.7839013,0.008392129374694801,0.10135310143232346,0.0946497,0.0067034014323234525
nearest_neighbor_baseline,79,75139,37900,0.20120860636234283,0.9683289527893066,0.9606615,0.007667452789306695,14.706700325012207,14.723011,0.016310674987792595,0.38128209114074707,0.3858661,0.004584008859252919,0.38772499561309814,0.39102417,0.0032991743869018597,0.3058058023452759,0.2935697,0.01223610234527589
nearest_neighbor_baseline,80,131370,113104,0.6265670657157898,0.5582852959632874,0.57568127,0.01739597403671267,20.853153228759766,21.917786,1.064632771240234,0.2982613742351532,0.2784825,0.019778874235153177,0.30549657344818115,0.28892547,0.016571103448181135,0.3196595013141632,0.32041407,0.0007545686858367873
nearest_neighbor_baseline,81,115990,19071,0.39745229482650757,0.9627015590667725,0.9504329,0.012268659066772436,7.978320121765137,7.114172,0.8641481217651368,0.31172746419906616,0.31666517,0.004937705800933834,0.32210680842399597,0.3219526,0.000154208423995994,0.2742859423160553,0.24728559,0.0270003523160553
nearest_neighbor_baseline,82,109934,110655,0.8538603782653809,0.41644856333732605,0.4137369,0.0027116633373260313,24.259904861450195,24.832193,0.5722881385498049,0.46785324811935425,0.46234486,0.005508388119354224,0.47378110885620117,0.4684225,0.0053586088562011525,0.2639097273349762,0.24307573,0.020833997334976206
nearest_neighbor_baseline,83,48295,79699,1.2718377113342285,0.23723946511745453,0.25834417,0.021104704882545455,29.110477447509766,28.8861,0.22437744750976663,0.29801514744758606,0.3619847,0.06396955255241393,0.3438040316104889,0.40253738,0.05873334838951111,0.4538799822330475,0.45567232,0.0017923377669525342
nearest_neighbor_baseline,84,70309,95695,0.41026467084884644,0.44524696469306946,0.4281423,0.017104664693069482,23.41145133972168,23.391497,0.019954339721678593,0.27322590351104736,0.26030293,0.012922973511047375,0.28899088501930237,0.29315227,0.004161384980697624,0.3758389353752136,0.39063296,0.01479402462478635
nearest_neighbor_baseline,85,64679,28216,0.5517808794975281,0.8462654948234558,0.84018725,0.0060782448234557584,10.77424144744873,10.883569,0.10932755255126914,0.24509787559509277,0.21391621,0.031181665595092778,0.2504231929779053,0.21809272,0.032330472977905284,0.2660222053527832,0.22822689,0.037795315352783215
nearest_neighbor_baseline,86,4107,104183,0.49576443433761597,0.6579267978668213,0.6466955,0.01123129786682131,24.902132034301758,23.988289,0.9138430343017561,0.28559625148773193,0.27970874,0.005887511487731922,0.301223486661911,0.28765595,0.013567536661911017,0.32270485162734985,0.32606697,0.003362118372650158
nearest_neighbor_baseline,87,13073,131398,0.9164406061172485,0.41981837153434753,0.50196135,0.08214297846565244,23.286197662353516,22.163916,1.1222816623535152,0.2893363833427429,0.2749696,0.01436678334274294,0.2986803650856018,0.28339043,0.01528993508560178,0.2872927188873291,0.2803597,0.006933018887329112
nearest_neighbor_baseline,88,90441,33111,0.5144634246826172,0.5077952146530151,0.48985597,0.017939244653015163,22.915786743164062,22.574947,0.34083974316406085,0.6134873032569885,0.6303898,0.016902496743011475,0.6149470210075378,0.63209766,0.017150638992462164,0.12876158952713013,0.13119675,0.002435160472869874
nearest_neighbor_baseline,89,84205,87273,0.7517574429512024,0.4020608067512512,0.38836735,0.01369345675125122,25.21775245666504,27.611963,2.3942105433349603,0.27710220217704773,0.26168185,0.015420352177047736,0.2814915180206299,0.26483282,0.01665869802062986,0.22355185449123383,0.21164095,0.011910904491233831
nearest_neighbor_baseline,90,68647,3313,0.5238295793533325,0.6566751003265381,0.62825906,0.028416040326538106,21.414371490478516,21.258476,0.15589549047851392,0.2368098497390747,0.2420109,0.005201050260925294,0.24334703385829926,0.25033903,0.0069919961417007626,0.30897924304008484,0.34484452,0.03586527695991515
nearest_neighbor_baseline,91,87033,90733,0.5242401957511902,0.805517852306366,0.7754382,0.030079652306366,12.957267761230469,13.57105,0.6137822387695309,0.22876931726932526,0.24259923,0.013829912730674743,0.23373913764953613,0.25187498,0.018135842350463893,0.22857420146465302,0.23061833,0.002044128535346995
nearest_neighbor_baseline,92,107365,71043,0.5964959859848022,0.7141514420509338,0.67514026,0.03901118205093379,14.56540584564209,14.355022,0.2103838456420899,0.24601508677005768,0.2481612,0.0021461132299423202,0.25379201769828796,0.25377217,1.984769828794475e-05,0.28625544905662537,0.2566046,0.02965084905662535
nearest_neighbor_baseline,93,40735,115972,0.38478830456733704,0.970487117767334,0.9862209,0.01573378223266597,5.203036308288574,4.992883,0.21015330828857426,0.3828250765800476,0.3819591,0.0008659765800476116,0.38830581307411194,0.38894114,0.00063532692588808,0.26120811700820923,0.26344714,0.0022390229917907956
nearest_neighbor_baseline,94,3418,100877,0.37630683183670044,0.9744177460670471,0.95812285,0.01629489606704715,8.616704940795898,8.599814,0.016890940795898146,0.4081226587295532,0.39020193,0.017920728729553248,0.41922956705093384,0.39981133,0.019418237050933818,0.31159430742263794,0.30177665,0.00981765742263796
nearest_neighbor_baseline,95,5376,121416,0.7021927833557129,0.20790168642997742,0.19651225,0.011389436429977418,26.991573333740234,26.84561,0.14596333374023374,0.25239354372024536,0.2628127,0.010419156279754649,0.26122620701789856,0.2727467,0.011520492982101449,0.2884376049041748,0.2764581,0.01197950490417482
nearest_neighbor_baseline,96,85534,114257,0.559686541557312,0.42219793796539307,0.45572323,0.03352529203460691,23.634218215942383,22.520437,1.1137812159423817,0.21268099546432495,0.22139704,0.008716044535675038,0.22241352498531342,0.2307772,0.008363675014686572,0.3207029700279236,0.32520247,0.004499499972076437
nearest_neighbor_baseline,97,87802,83784,0.3838466703891754,0.8906241059303284,0.8888163,0.0018078059303283656,15.726961135864258,14.852062,0.8748991358642577,0.31144651770591736,0.30021733,0.011229187705917354,0.3142903745174408,0.30192927,0.012361104517440769,0.198210209608078,0.17083138,0.027378829608077998
nearest_neighbor_baseline,98,19714,85864,0.2629586160182953,0.8538331389427185,0.85772574,0.0038926010572815084,16.8945255279541,16.761538,0.13298752795409996,0.18346725404262543,0.18706726,0.0036000059573745857,0.19321545958518982,0.19379604,0.0005805804148101834,0.36313194036483765,0.34753338,0.015598560364837644
nearest_neighbor_baseline,99,112128,98431,0.553117573261261,0.48181387782096863,0.4667186,0.015095277820968644,22.71010971069336,22.163942,0.5461677106933607,0.22248126566410065,0.2250121,0.0025308343358993457,0.23158064484596252,0.23329534,0.0017146951540374655,0.39652982354164124,0.41175765,0.01522782645835874
nearest_neighbor_baseline,100,128721,54424,0.7505148649215698,0.4587775468826294,0.448897,0.009880546882629404,25.31209373474121,24.891273,0.4208207347412092,0.30786535143852234,0.34677616,0.03891080856147766,0.31015080213546753,0.3497091,0.039558297864532466,0.18868808448314667,0.18294977,0.005738314483146656
nearest_neighbor_baseline,101,41700,30800,0.9102694392204285,0.15872786939144135,0.18957847,0.030850600608558654,26.031278610229492,27.44778,1.4165013897705094,0.27299243211746216,0.26025674,0.012735692117462172,0.28644484281539917,0.26997843,0.01646641281539918,0.357467919588089,0.32319087,0.03427704958808897
nearest_neighbor_baseline,102,111415,5515,0.9212220311164856,0.21081355214118958,0.2560727,0.04525914785881041,27.866788864135742,27.185375,0.6814138641357417,0.28849098086357117,0.30448842,0.015997439136428815,0.29852548241615295,0.30994168,0.011416197583847043,0.3028506934642792,0.29291958,0.009931113464279162
nearest_neighbor_baseline,103,41846,130775,0.836951494216919,0.40946993231773376,0.41071266,0.0012427276822662425,28.152833938598633,28.079338,0.0734959385986329,0.3018612563610077,0.3259311,0.024069843638992283,0.30313509702682495,0.32747525,0.024340152973175044,0.14270718395709991,0.12081507,0.021892113957099918
nearest_neighbor_baseline,104,88985,79092,0.5069230198860168,0.6724345684051514,0.6528381,0.01959646840515139,20.72966194152832,21.131826,0.4021640584716799,0.2339628040790558,0.23231246,0.0016503440790557877,0.2512553334236145,0.24861024,0.002645093423614492,0.4570043981075287,0.4301315,0.026872898107528687
nearest_neighbor_baseline,105,61083,67352,0.6678606271743774,0.17318548262119293,0.19462454,0.02143905737880708,24.685075759887695,24.111979,0.5730967598876937,0.2999831736087799,0.29124674,0.008736433608779903,0.3152850866317749,0.29981074,0.015474346631774882,0.32414621114730835,0.36894187,0.044795658852691655
nearest_neighbor_baseline,106,2507,71962,0.4591067135334015,0.15349484980106354,0.17344321,0.01994836019893645,29.793760299682617,28.497353,1.2964072996826168,0.678406298160553,0.67832756,7.873816055292693e-05,0.6794015169143677,0.6789487,0.0004528169143677152,0.12298103421926498,0.10123794,0.021743094219264986
nearest_neighbor_baseline,107,88701,110987,0.6706080436706543,0.08144783228635788,0.07984919,0.0015986422863578792,23.226600646972656,23.431452,0.20485135302734392,0.22084598243236542,0.22278814,0.0019421575676345781,0.24169376492500305,0.24091251,0.0007812549250030554,0.48042789101600647,0.47333917,0.007088721016006494
nearest_neighbor_baseline,108,20233,82020,0.8661993741989136,0.1362595111131668,0.19782972,0.06157020888683318,27.045543670654297,27.096684,0.051140329345702895,0.28577202558517456,0.30239072,0.01661869441482544,0.291189968585968,0.3105972,0.019407231414032,0.23407718539237976,0.23516855,0.0010913646076202432
nearest_neighbor_baseline,109,65784,73934,0.3269001245498657,0.9664834141731262,0.96223354,0.004249874173126167,10.330877304077148,10.65801,0.32713269592285243,0.17761175334453583,0.17620383,0.001407923344535822,0.18771211802959442,0.18585497,0.0018571480295944132,0.3410239815711975,0.35803276,0.017008778428802496
nearest_neighbor_baseline,110,77021,117425,0.399218887090683,0.6905023455619812,0.67912954,0.01137280556198117,23.562166213989258,22.619465,0.9427012139892561,0.33006665110588074,0.33696523,0.006898578894119267,0.334436297416687,0.33971024,0.005273942583312985,0.24316327273845673,0.20639324,0.03677003273845672
nearest_neighbor_baseline,111,91847,111535,0.3475545644760132,0.7853543162345886,0.8104544,0.025100083765411396,10.107925415039062,10.749181,0.6412555849609376,0.2683412432670593,0.26448187,0.0038593732670593184,0.2796262502670288,0.2722839,0.0073423502670287855,0.36225196719169617,0.34195542,0.020296547191696157
nearest_neighbor_baseline,112,134768,35788,1.0316758155822754,0.15587081015110016,0.11953876,0.036332050151100165,23.290443420410156,23.177954,0.11248942041015653,0.6549044251441956,0.66743,0.012525574855804411,0.6572940945625305,0.67032707,0.013032975437469507,0.13022951781749725,0.19682221,0.06659269218250274
nearest_neighbor_baseline,113,1618,120465,0.44379082322120667,0.9404503107070923,0.91650623,0.023944080707092308,7.2894392013549805,7.1120553,0.17738390135498072,0.46860477328300476,0.46790993,0.0006948432830047868,0.4713238477706909,0.47189492,0.0005710722293090775,0.15531553328037262,0.1981455,0.04282996671962738
nearest_neighbor_baseline,114,102678,92176,0.7095468640327454,0.5966299176216125,0.5597202,0.03690971762161255,21.67215919494629,22.602724,0.9305648050537094,0.2811104357242584,0.27822566,0.002884775724258437,0.3210384249687195,0.35036916,0.02933073503128053,0.583308219909668,0.5864679,0.003159680090332073
nearest_neighbor_baseline,115,100814,109733,0.42379963397979736,0.9436505436897278,0.95395523,0.01030468631027226,14.797355651855469,15.153366,0.35601034814453136,0.285861611366272,0.29831457,0.012452958633728028,0.3173165023326874,0.32274783,0.005431327667312635,0.5123413801193237,0.49964646,0.012694920119323716
nearest_neighbor_baseline,116,127274,90724,0.2910209894180298,0.9411336183547974,0.9485913,0.007457681645202663,12.421205520629883,11.611339,0.8098665206298836,0.22507062554359436,0.22809029,0.0030196644564056407,0.24658873677253723,0.24676704,0.00017830322746276162,0.5338900089263916,0.5080616,0.0258284089263916
nearest_neighbor_baseline,117,24292,47215,0.33941128849983215,0.8285614252090454,0.8512997,0.022738274790954582,17.18461799621582,17.14421,0.04040799621581925,0.22082015872001648,0.23024854,0.009428381279983522,0.22832277417182922,0.2371178,0.008795025828170766,0.301150381565094,0.30796364,0.006813258434905989
nearest_neighbor_baseline,118,124114,30423,0.439829021692276,0.9793716669082642,0.95481944,0.024552226908264196,8.693062782287598,9.069697,0.376634217712402,0.19689346849918365,0.18998358,0.006909888499183642,0.20653726160526276,0.20126101,0.005276251605262766,0.3643980324268341,0.3852934,0.0208953675731659
nearest_neighbor_baseline,119,68315,112423,0.6667059063911438,0.7751745581626892,0.7292272,0.045947358162689245,15.703242301940918,15.352625,0.3506173019409182,0.3264416754245758,0.33287448,0.006432804575424167,0.3489550054073334,0.34990236,0.0009473545926666493,0.5137752294540405,0.45254073,0.061234499454040525
nearest_neighbor_baseline,120,98069,127352,0.48572903871536255,0.7283052802085876,0.6859267,0.042378580208587646,23.2298583984375,22.776274,0.4535843984374992,0.44215112924575806,0.46233478,0.020183650754241944,0.4451526403427124,0.46717453,0.022021889657287574,0.17159503698349,0.18751529,0.01592025301651001
nearest_neighbor_baseline,121,67798,100015,0.29450857639312744,0.994343638420105,0.99406284,0.00028079842010497735,5.312736988067627,5.2553906,0.05734638806762682,0.19058823585510254,0.20289335,0.012305114144897461,0.22560393810272217,0.23949708,0.013893141897277833,0.6648048758506775,0.6908754,0.026070524149322538
nearest_neighbor_baseline,122,91722,58660,0.3792833685874939,0.5461324453353882,0.5330355,0.013096945335388188,24.395957946777344,24.512684,0.11672605322265639,0.571019172668457,0.58080995,0.009790777331542988,0.5729610919952393,0.5824037,0.00944260800476071,0.1733032763004303,0.1626165,0.0106867763004303
nearest_neighbor_baseline,123,88491,11839,0.4283265769481659,0.8448729515075684,0.8638806,0.01900764849243164,14.669870376586914,14.797662,0.1277916234130867,0.20973780751228333,0.2344146,0.024676792487716676,0.22492185235023499,0.24700767,0.022085817649765027,0.3866562843322754,0.3999716,0.013315315667724592
nearest_neighbor_baseline,124,128377,33159,0.8030481934547424,0.6166129112243652,0.5930979,0.02351501122436528,21.16585350036621,19.38417,1.78168350036621,0.35316264629364014,0.37228206,0.01911941370635989,0.48497167229652405,0.47810468,0.006866992296524044,0.5915033221244812,0.57866937,0.01283395212448124
nearest_neighbor_baseline,125,66005,17536,1.1300657987594604,0.13873030245304108,0.11936989,0.01936041245304107,24.104366302490234,25.506084,1.401717697509767,0.19927118718624115,0.20436344,0.005092252813758857,0.23446650803089142,0.25969046,0.025223951969108593,0.5859169363975525,0.628498,0.04258106360244751
nearest_neighbor_baseline,126,60871,54363,0.4319264590740204,0.9187444448471069,0.91243213,0.006312314847106926,16.756797790527344,16.227629,0.5291687905273434,0.2915097177028656,0.26331612,0.028193597702865614,0.2963030934333801,0.27107987,0.025223223433380126,0.2881392538547516,0.32694593,0.03880667614524841
nearest_neighbor_baseline,127,3661,37099,0.4277297854423523,0.8206609487533569,0.815457,0.005203948753356946,19.264019012451172,19.4621,0.19808098754882764,0.25472474098205566,0.25892687,0.004202129017944312,0.2590170204639435,0.2634544,0.004437379536056496,0.2635080814361572,0.26724717,0.003739088563842752
nearest_neighbor_baseline,128,5254,60699,0.9105566143989563,0.15723314881324768,0.16135001,0.0041168611867523075,29.398700714111328,28.301107,1.0975937141113299,0.37906864285469055,0.37974232,0.0006736771453094703,0.38425642251968384,0.3824067,0.0018497225196838496,0.22259780764579773,0.2346681,0.012070292354202261
nearest_neighbor_baseline,129,103048,41919,0.4848354160785675,0.7954130172729492,0.79903287,0.0036198527270507874,16.059131622314453,14.983558,1.0755736223144527,0.2790397107601166,0.27745393,0.0015857807601165619,0.2816848158836365,0.28180128,0.00011646411636351273,0.20351171493530273,0.2387503,0.035238585064697264
nearest_neighbor_baseline,130,41610,101182,0.46196797490119934,0.9809888005256653,0.9764666,0.004522200525665321,8.11867618560791,8.969985,0.8513088143920893,0.20437443256378174,0.17663778,0.027736652563781744,0.23800575733184814,0.22192945,0.016076307331848144,0.6626391410827637,0.6562025,0.00643664108276365
nearest_neighbor_baseline,131,43739,80014,0.7441957592964172,0.5535649061203003,0.49949542,0.05406948612030027,19.48696517944336,18.65179,0.8351751794433611,0.24172435700893402,0.21536367,0.026360687008934014,0.28192999958992004,0.2405355,0.04139449958992003,0.46565935015678406,0.49498078,0.02932142984321595
nearest_neighbor_baseline,132,106331,128336,0.4381200671195984,0.948842465877533,0.9611297,0.012287234122467017,4.072951793670654,4.2591558,0.18620400632934597,0.340818852186203,0.32463923,0.016179622186203002,0.35272300243377686,0.33303913,0.01968387243377684,0.230963334441185,0.2031044,0.027858934441185007
nearest_neighbor_baseline,133,99376,16112,0.48655080795288086,0.651480495929718,0.66716266,0.015682164070282,22.529146194458008,21.724648,0.8044981944580094,0.22427994012832642,0.23176423,0.007484289871673572,0.24198077619075775,0.24029805,0.0016827261907577384,0.3723107576370239,0.35671666,0.015594097637023907
nearest_neighbor_baseline,134,17825,15024,0.5714950561523438,0.9314318299293518,0.9083497,0.02308212992935177,10.470589637756348,9.554885,0.9157046377563471,0.23466818034648895,0.26990777,0.03523958965351104,0.24642586708068848,0.28174427,0.03531840291931154,0.3913882374763489,0.3503315,0.04105673747634886
nearest_neighbor_baseline,135,104515,91558,0.4145726263523102,0.6761260628700256,0.6736085,0.0025175628700255803,24.0683536529541,23.783697,0.2846566529541015,0.5137744545936584,0.5372027,0.023428245406341586,0.5166155695915222,0.54148954,0.02487397040847783,0.21802587807178497,0.21574281,0.002283068071784966
nearest_neighbor_baseline,136,48891,85813,0.3860592544078827,0.7612666487693787,0.7665359,0.005269251230621386,19.91124725341797,19.221857,0.6893902534179688,0.1967204064130783,0.20338193,0.0066615235869216805,0.21095991134643555,0.2209849,0.010024988653564465,0.47691476345062256,0.49562517,0.018710406549377445
nearest_neighbor_baseline,137,29684,94815,0.3725363612174988,0.8694434762001038,0.87290853,0.003465053799896256,18.7855281829834,18.840435,0.05490681701660094,0.2014026641845703,0.17920546,0.0221972041845703,0.21859189867973328,0.20985526,0.008736638679733288,0.44854775071144104,0.48163995,0.03309219928855894
nearest_neighbor_baseline,138,25533,75939,0.7725600004196167,0.10875048488378525,0.09075033,0.018000154883785244,26.206186294555664,26.818455,0.6122687054443361,0.26278334856033325,0.26332998,0.0005466314396667671,0.26508474349975586,0.26608127,0.0009965265002441215,0.16064664721488953,0.18700095,0.026354302785110473
nearest_neighbor_baseline,139,20962,132319,0.5513432025909424,0.7625944018363953,0.7681416,0.005547198163604716,19.160011291503906,18.334352,0.8256592915039072,0.7943761944770813,0.8197346,0.02535840552291868,0.7985547184944153,0.8252538,0.026699081505584754,0.17815162241458893,0.1902688,0.01211717758541106
nearest_neighbor_baseline,140,119733,44068,1.332099437713623,0.27671700716018677,0.34637225,0.06965524283981323,30.34640884399414,28.02469,2.321718843994141,0.30071017146110535,0.2612827,0.03942747146110537,0.31468552350997925,0.2771357,0.03754982350997926,0.3034924566745758,0.29447126,0.009021196674575793
nearest_neighbor_baseline,141,55846,31163,0.7527528405189514,0.36247187852859497,0.3930655,0.03059362147140504,26.376367568969727,25.216278,1.1600895689697275,0.32666143774986267,0.33799875,0.011337312250137344,0.3419491946697235,0.35717443,0.015225235330276476,0.4244438111782074,0.4834872,0.05904338882179261
nearest_neighbor_baseline,142,42954,2849,1.1253798007965088,0.16851098835468292,0.13220209,0.03630889835468293,27.08877944946289,27.442757,0.35397755053710966,0.29658839106559753,0.3016329,0.005044508934402447,0.31894707679748535,0.3157956,0.003151476797485342,0.44874292612075806,0.36197683,0.08676609612075803
nearest_neighbor_baseline,143,113506,107538,0.6214573979377747,0.5246490240097046,0.52073383,0.003915194009704637,21.068721771240234,22.369987,1.301265228759764,0.18323640525341034,0.18364699,0.0004105847465896706,0.21125560998916626,0.20918016,0.002075449989166256,0.5855907797813416,0.5864407,0.0008499202186584842
nearest_neighbor_baseline,144,44350,16796,0.6564925909042358,0.14921781420707703,0.157177,0.007959185792922985,29.479249954223633,29.427174,0.05207595422363198,0.3553383946418762,0.32874823,0.026590164641876246,0.3655831217765808,0.33604646,0.02953666177658082,0.25598853826522827,0.3037447,0.04775616173477171
nearest_neighbor_baseline,145,51254,111435,0.4581053555011749,0.9200481176376343,0.9027792,0.017268917637634273,9.50558853149414,8.970675,0.5349135314941407,0.23443792760372162,0.25184458,0.017406652396278366,0.25889652967453003,0.278499,0.019602470325469967,0.5069249272346497,0.4988706,0.00805432723464966
nearest_neighbor_baseline,146,18035,65808,0.7293322086334229,0.5317610502243042,0.50012565,0.03163540022430422,16.179052352905273,16.461933,0.28288064709472494,0.23403309285640717,0.23202096,0.002012132856407167,0.23908640444278717,0.23934329,0.0002568855572128159,0.28037285804748535,0.28994894,0.009576081952514637
nearest_neighbor_baseline,147,57139,101361,0.5762022733688354,0.5119389295578003,0.53644776,0.024508830442199758,20.71120262145996,21.155361,0.44415837854003826,0.23189851641654968,0.22251806,0.009380456416549693,0.2426745593547821,0.23083885,0.011835709354782092,0.3908986747264862,0.38375568,0.007142994726486218
nearest_neighbor_baseline,148,288,66715,0.48834893107414246,0.6559653878211975,0.6634564,0.007491012178802436,19.0905818939209,18.851463,0.23911889392089947,0.26876968145370483,0.2600071,0.008762581453704843,0.2735363841056824,0.26329082,0.010245564105682392,0.20896907150745392,0.23805518,0.029086108492546087
nearest_neighbor_baseline,149,54183,138084,0.36197352409362793,0.776321530342102,0.79485834,0.018536809657897946,16.814809799194336,15.779094,1.0357157991943353,0.23075833916664124,0.2263196,0.004438739166641226,0.25115466117858887,0.23980963,0.011345031178588871,0.3994324505329132,0.39517897,0.00425348053291319
nearest_neighbor_baseline,150,17827,104248,0.20972569286823273,0.07139275968074799,0.070121095,0.0012716646807479914,27.88802719116211,27.556084,0.3319431911621109,0.9718337655067444,0.96538943,0.006444335506744392,0.9719690084457397,0.96554184,0.0064271684457397615,0.04292706027626991,0.038153097,0.004773963276269916
nearest_neighbor_baseline,151,42200,61811,0.46849286556243896,0.4630952477455139,0.4973401,0.03424485225448609,28.504154205322266,27.58751,0.9166442053222639,0.49564963579177856,0.5062406,0.010590964208221476,0.4975201189517975,0.5076567,0.010136581048202475,0.16294030845165253,0.15230675,0.010633558451652536
nearest_neighbor_baseline,152,50369,103932,1.3357757329940796,0.15551337599754333,0.17702001,0.02150663400245667,29.57461929321289,28.349092,1.2255272932128918,0.34033095836639404,0.28710875,0.05322220836639402,0.3422459065914154,0.28924185,0.05300405659141538,0.16440878808498383,0.1408743,0.023534488084983818
nearest_neighbor_baseline,153,119874,32971,0.4986005127429962,0.7555475831031799,0.7470299,0.008517683103179907,19.695261001586914,19.496372,0.19888900158691314,0.2053626924753189,0.22233842,0.0169757275246811,0.2266177088022232,0.24333227,0.016714561197776784,0.5279238224029541,0.50226736,0.02565646240295405
nearest_neighbor_baseline,154,110298,26014,0.7395958304405212,0.15257315337657928,0.2259466,0.07337344662342071,24.162120819091797,22.633484,1.5286368190917976,0.20789651572704315,0.22624949,0.018352974272956846,0.21298445761203766,0.23233566,0.01935120238796234,0.2613784372806549,0.24709448,0.014283957280654902
nearest_neighbor_baseline,155,1539,79578,0.454733669757843,0.844242513179779,0.85445946,0.010216946820220896,18.393808364868164,18.22089,0.17291836486816337,0.2590373754501343,0.25985387,0.0008164945498657095,0.2799793481826782,0.30349293,0.02351358181732177,0.45355847477912903,0.42551678,0.028041694779129045
nearest_neighbor_baseline,156,52379,65510,0.7158814072608948,0.8905079960823059,0.84594667,0.0445613260823059,16.11008644104004,15.744453,0.36563344104003903,0.3816826343536377,0.39838147,0.01669883564636232,0.41657257080078125,0.42650217,0.009929599199218764,0.5165207982063293,0.5314537,0.014932901793670683
nearest_neighbor_baseline,157,68642,128292,0.7872527241706848,0.7933118343353271,0.77376485,0.0195469843353272,14.573609352111816,15.272466,0.6988566478881832,0.4554215669631958,0.4046297,0.05079186696319582,0.46994373202323914,0.41623184,0.053711892023239116,0.33207157254219055,0.3413217,0.009250127457809454
nearest_neighbor_baseline,158,139498,54303,1.2187683582305908,0.21309825778007507,0.1847325,0.02836575778007508,26.61440658569336,24.587997,2.026409585693358,0.2583456039428711,0.29889354,0.04054793605712892,0.26304081082344055,0.31951642,0.05647560917655947,0.26532456278800964,0.38287804,0.11755347721199033
nearest_neighbor_baseline,159,1502,95958,0.5307649374008179,0.8864878416061401,0.8747653,0.011722541606140169,6.142001628875732,5.966621,0.17538062887573247,0.24140915274620056,0.23841435,0.0029948027462005644,0.24952664971351624,0.24276061,0.0067660397135162476,0.30732470750808716,0.26273558,0.044589127508087134
nearest_neighbor_baseline,160,127469,17091,1.2606678009033203,0.196932852268219,0.16614236,0.030790492268219005,27.32933235168457,25.79963,1.5297023516845698,0.46054738759994507,0.49021357,0.02966618240005492,0.47123828530311584,0.5076604,0.03642211469688417,0.23129242658615112,0.3123826,0.08109017341384889
nearest_neighbor_baseline,161,43268,64601,0.25377169251441956,0.9609479904174805,0.9592159,0.0017320904174804586,5.748395919799805,5.5796895,0.16870641979980494,0.25070837140083313,0.26853508,0.01782670859916685,0.2626419961452484,0.27953848,0.016896483854751565,0.3017682135105133,0.30148184,0.00028637351051330473
nearest_neighbor_baseline,162,42803,103517,0.340561181306839,0.8971283435821533,0.9084822,0.011353856417846697,18.208398818969727,17.564554,0.6438448189697255,0.2594669461250305,0.24044713,0.01901981612503051,0.26451754570007324,0.24926578,0.01525176570007325,0.29848337173461914,0.3240329,0.025549528265380872
nearest_neighbor_baseline,163,1459,50803,1.3212463855743408,0.30873727798461914,0.31125742,0.0025201420153808662,23.228662490844727,22.369558,0.8591044908447252,0.2555648386478424,0.26200303,0.006438191352157618,0.318339467048645,0.36804664,0.04970717295135496,0.7460434436798096,0.71938926,0.02665418367980954
nearest_neighbor_baseline,164,68069,125806,0.6021561622619629,0.3849816620349884,0.4174658,0.032484137965011595,20.234119415283203,19.837389,0.3967304152832014,0.21635012328624725,0.21155006,0.0048000632862472414,0.22924338281154633,0.21506488,0.014178502811546312,0.27821457386016846,0.22330345,0.05491112386016847
nearest_neighbor_baseline,165,46663,10589,0.850812554359436,0.6493102312088013,0.6306602,0.018650031208801265,14.51807975769043,12.79828,1.7197997576904296,0.30693307518959045,0.32826695,0.021333874810409548,0.3220488429069519,0.34460637,0.02255752709304809,0.36957859992980957,0.3558489,0.013729699929809547
nearest_neighbor_baseline,166,102649,124281,0.3827567994594574,0.8894380927085876,0.87527996,0.014158132708587678,13.78963565826416,14.113092,0.3234563417358398,0.2087571769952774,0.21014732,0.0013901430047225938,0.22402234375476837,0.23421419,0.010191846245231617,0.48170652985572815,0.47727737,0.004429159855728171
nearest_neighbor_baseline,167,23918,60743,1.1582257747650146,0.08405562490224838,0.055500045,0.028555579902248385,29.426206588745117,26.757128,2.6690785887451156,0.37787383794784546,0.36788923,0.009984607947845447,0.38757115602493286,0.3722383,0.01533285602493284,0.26517292857170105,0.20740405,0.05776887857170104
nearest_neighbor_baseline,168,129278,2415,0.19202454388141632,0.9649379253387451,0.9634831,0.0014548253387450805,9.761252403259277,9.824373,0.06312059674072223,0.21958443522453308,0.22221565,0.0026312147754669057,0.23707135021686554,0.23145387,0.0056174802168655336,0.3637017011642456,0.34987503,0.01382667116424563
nearest_neighbor_baseline,169,88135,95956,0.4791719615459442,0.9668191075325012,0.9512185,0.015600607532501254,5.340698719024658,5.435145,0.09444628097534213,0.3260636627674103,0.31485316,0.011210502767410258,0.3595990836620331,0.35973653,0.00013744633796691774,0.40959057211875916,0.40417278,0.005417792118759146
nearest_neighbor_baseline,170,83412,115671,0.9877534508705139,0.16657060384750366,0.17418015,0.007609546152496344,27.544363021850586,27.298477,0.2458860218505876,0.33147725462913513,0.34834108,0.016863825370864893,0.34166470170021057,0.3515214,0.009856698299789413,0.30561715364456177,0.19718997,0.10842718364456178
nearest_neighbor_baseline,171,95843,108050,1.1699763536453247,0.24281960725784302,0.26585367,0.02303406274215697,28.04421043395996,28.249697,0.20548656604004023,0.36991259455680847,0.40244472,0.032532125443191506,0.459566593170166,0.4884497,0.02888310682983397,0.5338873863220215,0.5374531,0.0035657136779785326
nearest_neighbor_baseline,172,127898,13523,0.5115403532981873,0.6381512880325317,0.6105009,0.027650388032531725,22.71103286743164,23.13431,0.42327713256835864,0.5423436760902405,0.55489653,0.012552853909759576,0.5468348860740662,0.56111866,0.01428377392593383,0.23784728348255157,0.22003186,0.01781542348255158
nearest_neighbor_baseline,173,131660,30773,0.5277913212776184,0.6290154457092285,0.6201903,0.008825145709228543,22.57208251953125,22.282326,0.2897565195312488,0.2807488739490509,0.27630904,0.0044398339490508976,0.2957671582698822,0.28633088,0.009436278269882192,0.4154740571975708,0.39370427,0.021769787197570778
nearest_neighbor_baseline,174,116898,103210,0.384250283241272,0.923559844493866,0.920569,0.002990844493865996,6.279994010925293,5.976424,0.30357001092529323,0.4401456117630005,0.45569226,0.015546648236999527,0.4454069137573242,0.46005416,0.014647246242675771,0.18267275393009186,0.15364957,0.029023183930091845
nearest_neighbor_baseline,175,62291,93333,0.6625930666923523,0.45341774821281433,0.4368854,0.016532348212814352,25.04969024658203,27.196178,2.1464877534179685,0.2607422173023224,0.28598428,0.025242062697677592,0.2690664231777191,0.30417836,0.035111936822280865,0.3275613486766815,0.3518146,0.02425325132331846
nearest_neighbor_baseline,176,59051,99652,0.2903052270412445,0.9622592926025391,0.9371833,0.02507599260253901,4.507272243499756,4.2727866,0.23448564349975598,0.3669629991054535,0.37492657,0.007963570894546523,0.37430480122566223,0.3836945,0.009389698774337762,0.30280086398124695,0.28719553,0.015605333981246972
nearest_neighbor_baseline,177,11502,95848,0.4865751266479492,0.4013288915157318,0.3774842,0.02384469151573182,25.16152572631836,25.969688,0.8081622736816421,0.844914972782135,0.8260946,0.018820372782134998,0.8497797846794128,0.82788026,0.021899524679412807,0.14803066849708557,0.13646677,0.011563898497085584
nearest_neighbor_baseline,178,42254,48523,0.9326083660125732,0.10615383088588715,0.15072244,0.04456860911411287,27.811656951904297,28.104229,0.29257204809570325,0.2768906354904175,0.29563823,0.01874759450958252,0.2804040312767029,0.3006917,0.020287668723297125,0.19108542799949646,0.21228768,0.021202252000503546
nearest_neighbor_baseline,179,46132,38962,0.4691550135612488,0.9594517946243286,0.9381767,0.02127509462432864,3.3893415927886963,2.7796597,0.6096818927886964,0.32199010252952576,0.34425157,0.02226146747047425,0.34533941745758057,0.36166787,0.016328452542419436,0.32914870977401733,0.32354036,0.005608349774017307
nearest_neighbor_baseline,180,51618,8538,0.6638875007629395,0.34484073519706726,0.37032053,0.02547979480293272,26.700834274291992,26.036715,0.6641192742919912,0.3171762526035309,0.31001493,0.007161322603530862,0.323401540517807,0.32229596,0.0011055805178070144,0.30090388655662537,0.3179883,0.017084413443374635
nearest_neighbor_baseline,181,67014,116146,0.3383030891418457,0.961358904838562,0.9761339,0.014774995161437987,12.22693157196045,12.398172,0.17124042803955142,0.2617862820625305,0.26405317,0.002266887937469486,0.26474428176879883,0.26692203,0.0021777482312011487,0.21069176495075226,0.19055498,0.020136784950752246
nearest_neighbor_baseline,182,99602,49160,0.2271914929151535,0.9896986484527588,0.98323125,0.006467398452758788,6.923092842102051,7.293705,0.3706121578979493,0.18968339264392853,0.18892466,0.0007587326439285336,0.20101960003376007,0.20418373,0.003164129966239937,0.39950031042099,0.38552797,0.013972340420989993
nearest_neighbor_baseline,183,67695,37106,0.34085381031036377,0.9619767069816589,0.97444177,0.01246506301834105,9.389575004577637,9.519079,0.1295039954223629,0.23403872549533844,0.24165972,0.007620994504661555,0.27124956250190735,0.26373178,0.007517782501907322,0.4828765392303467,0.49248752,0.009610980769653332
nearest_neighbor_baseline,184,41623,59929,0.48886629939079285,0.6944237351417542,0.67017376,0.0242499751417542,21.487815856933594,21.726582,0.23876614306640676,0.42091622948646545,0.42676258,0.005846350513534548,0.4244350790977478,0.42880788,0.004372800902252172,0.2220899611711502,0.18695776,0.03513220117115021
nearest_neighbor_baseline,185,67410,95979,1.1447389125823975,0.14666561782360077,0.17347693,0.026811312176399232,24.640287399291992,23.181128,1.4591593992919911,0.2070615291595459,0.24559449,0.0385329608404541,0.24498915672302246,0.3122152,0.06722604327697757,0.7788833379745483,0.71904093,0.05984240797454832
nearest_neighbor_baseline,186,57821,72889,0.7380013465881348,0.41822823882102966,0.40926892,0.008959318821029683,24.081174850463867,23.096407,0.9847678504638679,0.23460006713867188,0.22079779,0.013802277138671881,0.24611759185791016,0.23269965,0.013417941857910148,0.355827271938324,0.39379376,0.03796648806167602
nearest_neighbor_baseline,187,5920,46409,0.41469451785087585,0.8883764147758484,0.87789935,0.010477064775848421,10.94482421875,11.328646,0.3838217812500009,0.2795322835445404,0.2570406,0.022491683544540397,0.28388962149620056,0.25945377,0.02443585149620059,0.18928956985473633,0.17801166,0.01127790985473634
nearest_neighbor_baseline,188,70264,113495,0.84881991147995,0.37232887744903564,0.4099868,0.03765792255096434,27.94920539855957,25.91455,2.034655398559572,0.5298272967338562,0.54621243,0.01638513326614377,0.5313884615898132,0.5467785,0.015390038410186713,0.14371046423912048,0.09397277,0.049737694239120486
nearest_neighbor_baseline,189,122404,70436,0.5339785218238831,0.6884226202964783,0.6421041,0.046318520296478316,24.10531997680664,24.806776,0.7014560231933586,0.39090749621391296,0.38167205,0.009235446213912979,0.39361509680747986,0.3842057,0.009409396807479875,0.21136537194252014,0.19629765,0.015067721942520151
nearest_neighbor_baseline,190,125615,55224,0.5278616547584534,0.39405694603919983,0.42721227,0.033155323960800176,25.568748474121094,25.1097,0.4590484741210936,0.7531512379646301,0.76693326,0.013782022035369823,0.7549945116043091,0.7684736,0.013479088395690897,0.14872901141643524,0.11646682,0.03226219141643524
nearest_neighbor_baseline,191,61615,135131,0.840754508972168,0.04768289998173714,0.09353386,0.04585096001826286,24.50626564025879,23.870848,0.6354176402587903,0.23211796581745148,0.21282002,0.01929794581745148,0.26041293144226074,0.22480519,0.035607741442260754,0.4361668527126312,0.39727622,0.03889063271263121
nearest_neighbor_baseline,192,4980,79133,0.25429269671440125,0.9251956343650818,0.91231287,0.012882764365081734,12.418587684631348,12.093957,0.32463068463134803,0.24081018567085266,0.23634078,0.004469405670852661,0.2551567554473877,0.2517658,0.0033909554473877113,0.4025903642177582,0.3823296,0.020260764217758187
nearest_neighbor_baseline,193,100008,17557,0.29594069719314575,0.9578956365585327,0.9666059,0.008710263441467303,11.441079139709473,11.439846,0.0012331397094733632,0.38370203971862793,0.36922804,0.01447399971862795,0.4003351926803589,0.3845366,0.01579859268035888,0.43614283204078674,0.4353785,0.0007643320407867416
nearest_neighbor_baseline,194,49295,67491,0.42424628138542175,0.2057434320449829,0.21902457,0.013281137955017092,28.433794021606445,28.33867,0.09512402160644484,0.8537681698799133,0.8564889,0.0027207301200866674,0.8560470938682556,0.85750955,0.0014624561317443385,0.1436404585838318,0.09974089,0.04389956858383179
nearest_neighbor_baseline,195,82382,9937,0.36238452792167664,0.9526668787002563,0.95940125,0.006734371299743636,16.753280639648438,16.17942,0.5738606396484371,0.3340975046157837,0.33367944,0.0004180646157836976,0.33941760659217834,0.33721516,0.002202446592178331,0.25866279006004333,0.24706848,0.011594310060043328
nearest_neighbor_baseline,196,24276,116595,0.6752870082855225,0.5050888061523438,0.5333079,0.028219093847656196,26.089481353759766,24.617947,1.4715343537597647,0.3689036965370178,0.33726513,0.0316385665370178,0.37256863713264465,0.3399275,0.03264113713264466,0.22173920273780823,0.19957608,0.02216312273780824
nearest_neighbor_baseline,197,53983,81814,0.8796423673629761,0.22216181457042694,0.18479988,0.03736193457042694,22.82894515991211,24.577337,1.7483918400878906,0.591884434223175,0.6083756,0.016491165776824968,0.595282256603241,0.6118201,0.01653784339675901,0.1655527949333191,0.20934775,0.04379495506668091
nearest_neighbor_baseline,198,92812,48993,0.4887266457080841,0.6088444590568542,0.5756875,0.03315695905685423,23.49807357788086,24.135557,0.6374834221191392,0.2694092094898224,0.27257717,0.003167960510177592,0.2748125195503235,0.2769333,0.002120780449676507,0.2408422976732254,0.21184646,0.028995837673225416
nearest_neighbor_baseline,199,136517,50722,0.5917389392852783,0.8233079314231873,0.7944265,0.02888143142318722,14.530998229980469,16.446856,1.9158577700195316,0.2909718453884125,0.2887997,0.002172145388412483,0.3036811351776123,0.30435038,0.0006692448223876712,0.341356486082077,0.35470855,0.013352063917922985
nearest_neighbor_baseline,200,76666,78379,0.4478173851966858,0.9299296140670776,0.91785604,0.012073574067077653,4.529841423034668,4.7940564,0.2642149769653317,0.2802976965904236,0.28115964,0.0008619434095764045,0.2920443117618561,0.2912199,0.0008244117618561031,0.32195863127708435,0.3271654,0.0052067687229156445
nearest_neighbor_baseline,201,79555,105023,0.9684351086616516,0.05966983735561371,0.031251553,0.028418284355613707,25.41145896911621,24.826643,0.5848159691162103,0.29235851764678955,0.29425612,0.0018976023532104591,0.30768147110939026,0.3056174,0.0020640711093902753,0.3058948814868927,0.28451583,0.021379051486892675
nearest_neighbor_baseline,202,117461,83771,0.788990318775177,0.28024622797966003,0.28820732,0.007961092020339955,21.54306983947754,19.60513,1.93793983947754,0.21355703473091125,0.2335871,0.020030065269088737,0.21982458233833313,0.23656078,0.01673619766166687,0.27332568168640137,0.22775514,0.04557054168640137
nearest_neighbor_baseline,203,73404,66962,0.3115634620189667,0.8358421921730042,0.84077525,0.004933057826995824,14.203350067138672,14.30075,0.09739993286132886,0.20279660820960999,0.21515587,0.012359261790390014,0.2085125893354416,0.22222431,0.013711720664558419,0.2903362512588501,0.30185437,0.011518118741149885
nearest_neighbor_baseline,204,93290,56317,1.4920400381088257,0.38450467586517334,0.38218084,0.002323835865173318,20.029136657714844,19.519865,0.5092716577148444,0.46797069907188416,0.4165194,0.05145129907188417,0.4804167151451111,0.46556637,0.014850345145111077,0.3887852728366852,0.37398532,0.01479995283668517
nearest_neighbor_baseline,205,60388,119808,0.634714663028717,0.47569847106933594,0.4991929,0.023494428930664057,19.853891372680664,19.237764,0.6161273726806655,0.41273561120033264,0.42686492,0.01412930879966734,0.41601642966270447,0.42910475,0.013088320337295511,0.18285968899726868,0.15040667,0.032453018997268684
nearest_neighbor_baseline,206,138453,129707,0.7174003720283508,0.5551297068595886,0.5038399,0.051289806859588616,15.575581550598145,15.150395,0.4251865505981449,0.3420051038265228,0.34107965,0.0009254538265228152,0.346266508102417,0.3478903,0.0016237918975829935,0.2237042337656021,0.26401186,0.040307626234397875
nearest_neighbor_baseline,207,137789,70549,0.4430403411388397,0.6382616758346558,0.6337114,0.004550275834655726,19.26036834716797,18.721075,0.5392933471679697,0.5192322731018066,0.5062929,0.012939373101806595,0.5205861330032349,0.5074835,0.013102633003234887,0.14011558890342712,0.11481538,0.02530020890342713
nearest_neighbor_baseline,208,73576,63976,0.40615949034690857,0.5127871632575989,0.5218997,0.00911253674240109,24.199716567993164,24.327305,0.127588432006835,0.23771993815898895,0.22080491,0.01691502815898896,0.2489827573299408,0.23131151,0.017671247329940798,0.38895726203918457,0.3985246,0.009567337960815436
nearest_neighbor_baseline,209,65699,34759,0.19368842244148254,0.9673485159873962,0.96925884,0.0019103240126037146,9.298839569091797,9.788651,0.4898114309082029,0.29310882091522217,0.29172635,0.0013824709152221448,0.3131318688392639,0.30962852,0.003503348839263898,0.40275678038597107,0.3831538,0.01960298038597108
nearest_neighbor_baseline,210,131957,7256,0.8031096458435059,0.06812669336795807,0.09494855,0.026821856632041938,26.162548065185547,25.680159,0.48238906518554714,0.27240419387817383,0.2657775,0.006626693878173828,0.27725765109062195,0.2686766,0.00858105109062196,0.2537890672683716,0.18744282,0.06634624726837157
nearest_neighbor_baseline,211,56838,120329,0.7966846823692322,0.07863258570432663,0.09700054,0.018367954295673367,31.65857696533203,29.897211,1.7613659653320326,0.4882620573043823,0.5346303,0.04636824269561768,0.4903694987297058,0.5360146,0.0456451012702942,0.174202561378479,0.13757811,0.036624451378479
nearest_neighbor_baseline,212,74392,25902,0.28127872943878174,0.9267596006393433,0.922102,0.0046576006393432845,12.072833061218262,12.47795,0.40511693878173816,0.2545115053653717,0.25534257,0.0008310646346282868,0.26474687457084656,0.26792622,0.003179345429153435,0.3386886715888977,0.3647414,0.02605272841110229
nearest_neighbor_baseline,213,27582,13386,0.6464800834655762,0.9665307998657227,0.9525448,0.013985999865722687,9.024211883544922,9.497598,0.4733861164550781,0.6284044981002808,0.669496,0.04109150189971922,0.6328078508377075,0.6802452,0.047437349162292475,0.20057730376720428,0.2390646,0.038487296232795704
nearest_neighbor_baseline,214,39616,107613,1.54726243019104,0.07920991629362106,0.022575999,0.056633917293621064,26.37392234802246,26.11699,0.2569323480224597,0.25162407755851746,0.28480977,0.03318569244148256,0.254137247800827,0.29009497,0.03595772219917298,0.14053702354431152,0.22421275,0.08367572645568847
nearest_neighbor_baseline,215,118498,106246,0.7608739733695984,0.9784830808639526,0.98219115,0.003708069136047376,4.977831840515137,6.200924,1.223092159484863,0.6397836208343506,0.6923044,0.052520779165649456,0.6431095600128174,0.7000263,0.05691673998718261,0.158595472574234,0.18214685,0.02355137742576599
nearest_neighbor_baseline,216,3750,4863,0.25573471188545227,0.8743529319763184,0.89664364,0.022290708023681605,15.498358726501465,15.457788,0.040570726501464094,0.408877968788147,0.41100755,0.0021295812118530266,0.4114076793193817,0.41481394,0.0034062606806182782,0.17665939033031464,0.19530971,0.01865031966968536
nearest_neighbor_baseline,217,124660,25081,0.7360793948173523,0.30766478180885315,0.31246853,0.004803748191146873,21.026487350463867,18.686245,2.3402423504638676,0.2311655730009079,0.22260462,0.008560953000907895,0.2451173961162567,0.23056856,0.014548836116256708,0.3652401566505432,0.30568507,0.05955508665054321
nearest_neighbor_baseline,218,58244,67403,0.34084978699684143,0.7082011103630066,0.6954102,0.012790910363006613,22.440162658691406,23.035995,0.5958323413085935,0.6367301344871521,0.61984855,0.016881584487152046,0.6390436291694641,0.6221708,0.016872829169464088,0.17033779621124268,0.18806607,0.017728273788757326
nearest_neighbor_baseline,219,22477,58686,0.5483118295669556,0.6818250417709351,0.66224164,0.019583401770935094,24.159526824951172,24.630816,0.4712891750488275,0.31434980034828186,0.29796034,0.01638946034828187,0.32374709844589233,0.30647868,0.01726841844589233,0.31272023916244507,0.33943483,0.026714590837554952
nearest_neighbor_baseline,220,22625,124878,1.0233097076416016,0.4297780394554138,0.33128765,0.09849038945541383,19.035911560058594,20.73046,1.694548439941407,0.27904874086380005,0.29129928,0.012250539136199945,0.33387264609336853,0.33917317,0.0053005239066314935,0.5512587428092957,0.49903515,0.05222359280929567
nearest_neighbor_baseline,221,35316,13709,1.053541660308838,0.2600962817668915,0.22036391,0.03973237176689148,26.77074432373047,28.427147,1.6564026762695327,0.2249687761068344,0.23846011,0.013491333893165591,0.2385973185300827,0.2458106,0.007213281469917288,0.3516189455986023,0.26518774,0.08643120559860229
nearest_neighbor_baseline,222,51030,48805,0.8310943841934204,0.5031349062919617,0.47545728,0.027677626291961688,17.82188606262207,19.119091,1.2972049373779306,0.31947773694992065,0.3490778,0.02960006305007934,0.32227185368537903,0.35220948,0.02993762631462099,0.1849723607301712,0.17081214,0.014160220730171202
nearest_neighbor_baseline,223,1072,117991,0.43027228116989136,0.9421347975730896,0.9441092,0.001974402426910382,8.044342994689941,7.9127345,0.1316084946899414,0.24791142344474792,0.2731104,0.02519897655525205,0.2832004427909851,0.30915132,0.0259508772090149,0.4882575571537018,0.4763951,0.011862457153701766
nearest_neighbor_baseline,224,43252,5594,0.33227571845054626,0.8255283832550049,0.83115256,0.005624176744995157,17.981691360473633,17.963335,0.018356360473632094,0.22750021517276764,0.24856496,0.021064744827232362,0.2647010385990143,0.2796273,0.01492626140098574,0.6422515511512756,0.6282146,0.014036951151275678
nearest_neighbor_baseline,225,122611,123840,0.5907873511314392,0.7663163542747498,0.7710879,0.004771545725250292,13.950248718261719,11.999344,1.950904718261718,0.28034552931785583,0.26896265,0.01138287931785581,0.28806084394454956,0.28558514,0.0024757039445495455,0.3693263828754425,0.39653227,0.027205887124557515
nearest_neighbor_baseline,226,100627,13776,0.8462663292884827,0.05597976595163345,0.08373386,0.02775409404836654,23.067523956298828,21.750286,1.317237956298829,0.246848925948143,0.23191199,0.014936935948142993,0.25158175826072693,0.23914018,0.012441578260726921,0.2400667667388916,0.2567246,0.016657833261108423
nearest_neighbor_baseline,227,2721,120720,0.3650888204574585,0.3880736231803894,0.39124614,0.0031725168196106157,26.506877899169922,25.54052,0.9663578991699211,0.5745770931243896,0.59793234,0.023355246875610303,0.5777420401573181,0.60088986,0.023147819842681883,0.15929299592971802,0.16352816,0.004235164070281988
nearest_neighbor_baseline,228,24569,18338,1.5042299032211304,0.1388251930475235,0.07997736,0.0588478330475235,26.92167091369629,25.063278,1.8583929136962887,0.3513028621673584,0.37589064,0.0245877778326416,0.35470303893089294,0.37932542,0.02462238106910708,0.15860247611999512,0.18083556,0.02223308388000489
nearest_neighbor_baseline,229,41521,57040,0.7237764596939087,0.06440608948469162,0.07289079,0.008484700515308377,26.89846420288086,28.077456,1.1789917971191421,0.41376712918281555,0.38031256,0.03345456918281553,0.42041975259780884,0.3924869,0.02793285259780881,0.24783173203468323,0.29339442,0.04556268796531676
nearest_neighbor_baseline,230,62517,16046,1.238829493522644,0.17903576791286469,0.13931303,0.03972273791286468,25.234352111816406,23.992552,1.2418001118164064,0.3071664273738861,0.290519,0.01664742737388608,0.3165729343891144,0.299823,0.016749934389114374,0.30272918939590454,0.2844439,0.018285289395904514
nearest_neighbor_baseline,231,17066,131524,0.3778153359889984,0.6151295900344849,0.6362742,0.02114460996551515,20.453535079956055,20.406773,0.046762079956053526,0.26518628001213074,0.261379,0.003807280012130765,0.27671608328819275,0.2719739,0.004742183288192758,0.35385942459106445,0.33112547,0.022733954591064476
nearest_neighbor_baseline,232,91418,108469,0.9092708230018616,0.27304011583328247,0.29394087,0.02090075416671755,20.697954177856445,21.852108,1.1541538221435559,0.23969125747680664,0.2483825,0.008691242523193365,0.24576084315776825,0.25417295,0.008412106842231759,0.2746387720108032,0.24930929,0.025329482010803234
nearest_neighbor_baseline,233,32688,106113,0.7470919489860535,0.13253197073936462,0.16406295,0.03153097926063539,29.198888778686523,30.972347,1.7734582213134757,0.4290006756782532,0.4185848,0.010415875678253195,0.4305913746356964,0.42051584,0.010075534635696437,0.1480550467967987,0.16478589,0.016730843203201284
nearest_neighbor_baseline,234,91789,5913,0.7653244137763977,0.506339430809021,0.4917091,0.014630330809020986,27.049041748046875,27.438684,0.3896422519531235,0.43674027919769287,0.42513898,0.011601299197692871,0.4411260485649109,0.42835578,0.01277026856491087,0.2405373454093933,0.24036537,0.00017197540939331568
nearest_neighbor_baseline,235,13028,36588,0.3075152337551117,0.9155923128128052,0.91147655,0.004115762812805124,15.493230819702148,15.363368,0.12986281970214897,0.18367399275302887,0.19837642,0.014702427246971128,0.24336305260658264,0.24767542,0.004312367393417366,0.8121811151504517,0.8043472,0.00783391515045162
nearest_neighbor_baseline,236,70948,65421,0.6354627013206482,0.021846333518624306,0.044724163,0.02287782948137569,23.590974807739258,23.031775,0.5591998077392581,0.22526158392429352,0.21503708,0.010224503924293527,0.23081161081790924,0.22414741,0.006664200817909249,0.24160487949848175,0.28810146,0.046496580501518225
nearest_neighbor_baseline,237,28223,42942,0.5776243805885315,0.5570929646492004,0.5405529,0.016540064649200437,23.160127639770508,22.52343,0.6366976397705066,0.33642086386680603,0.34466538,0.008244516133193991,0.34739920496940613,0.38059124,0.03319203503059387,0.35303154587745667,0.35471535,0.0016838041225433198
nearest_neighbor_baseline,238,78181,17293,0.9472213983535767,0.21272657811641693,0.14918949,0.06353708811641692,26.03571319580078,25.68636,0.3493531958007807,0.2579261362552643,0.2929502,0.03502406374473571,0.2886245846748352,0.30875295,0.02012836532516482,0.4409043490886688,0.43659955,0.00430479908866882
nearest_neighbor_baseline,239,105157,32519,0.7732436060905457,0.4371621608734131,0.44862574,0.01146357912658691,26.733049392700195,26.42577,0.30727939270019533,0.6353941559791565,0.6325838,0.0028103559791564647,0.6393113732337952,0.6380062,0.0013051732337951982,0.25345462560653687,0.24677007,0.006684555606536857
nearest_neighbor_baseline,240,108248,119807,0.7416260242462158,0.11365622282028198,0.079751275,0.033904947820281986,23.71495819091797,24.599041,0.884082809082031,0.22647249698638916,0.22688648,0.00041398301361084133,0.22802118957042694,0.22869721,0.000676020429573071,0.1511794775724411,0.17098586,0.01980638242755889
nearest_neighbor_baseline,241,103589,33102,0.42571866512298584,0.9117830991744995,0.9245767,0.012793600825500517,10.345215797424316,9.835166,0.5100497974243172,0.2976222336292267,0.29755396,6.827362922667835e-05,0.3140358626842499,0.32644728,0.012411417315750128,0.3602195084095001,0.38868377,0.028464261590499862
nearest_neighbor_baseline,242,8463,55789,0.5931459665298462,0.6108744740486145,0.5976879,0.013186574048614452,22.866395950317383,22.338085,0.5283109503173833,0.2255653440952301,0.2626575,0.037092155904769886,0.27858832478523254,0.3146407,0.03605237521476745,0.49610915780067444,0.52752966,0.03142050219932557
nearest_neighbor_baseline,243,100731,134027,0.22372718155384064,0.9695359468460083,0.9736238,0.004087853153991738,12.711309432983398,12.105621,0.6056884329833991,0.28915631771087646,0.29644313,0.007286812289123534,0.30646413564682007,0.31168774,0.0052236043531799226,0.47979116439819336,0.4676204,0.012170764398193368
nearest_neighbor_baseline,244,16512,38260,0.41324594616889954,0.9665015339851379,0.97604,0.00953846601486208,4.755920886993408,4.076639,0.6792818869934081,0.2462053745985031,0.2797953,0.03358992540149691,0.29955634474754333,0.32368872,0.02413237525245665,0.5749922394752502,0.56989783,0.0050944094752501945
nearest_neighbor_baseline,245,125001,137721,0.30296218395233154,0.9754198789596558,0.96457726,0.01084261895965577,10.562594413757324,11.064753,0.5021585862426754,0.21839451789855957,0.20988674,0.008507777898559582,0.2331949770450592,0.22788495,0.005310027045059201,0.49982479214668274,0.4876974,0.012127392146682736
nearest_neighbor_baseline,246,99304,89394,0.4743102490901947,0.820485532283783,0.81628245,0.004203082283782966,16.835546493530273,17.2654,0.4298535064697262,0.19149136543273926,0.1774206,0.014070765432739246,0.22977127134799957,0.19805776,0.03171351134799957,0.6180219054222107,0.61438125,0.0036406554222107035
nearest_neighbor_baseline,247,59368,30332,0.5534639954566956,0.8701189160346985,0.8557076,0.014411316034698474,13.249677658081055,14.390379,1.1407013419189447,0.29573655128479004,0.30840245,0.012665898715209956,0.34683486819267273,0.37506026,0.02822539180732725,0.5381228923797607,0.5678094,0.029686507620239277
nearest_neighbor_baseline,248,135254,98871,0.6483294367790222,0.5415432453155518,0.5286346,0.012908645315551803,20.98668670654297,21.211502,0.22481529345703066,0.21638734638690948,0.22244284,0.006055493613090518,0.23963868618011475,0.25232762,0.012688933819885229,0.5476293563842773,0.56189287,0.014263513615722645
nearest_neighbor_baseline,249,31376,100079,1.1274282932281494,0.28909099102020264,0.34231502,0.05322402897979739,28.037981033325195,25.90376,2.134221033325197,0.28545135259628296,0.25250646,0.03294489259628297,0.29442885518074036,0.2626259,0.03180295518074033,0.30576133728027344,0.3366831,0.030921762719726575
nearest_neighbor_baseline,250,43095,130359,0.47107648849487305,0.568208634853363,0.59944224,0.031233605146636978,22.638463973999023,22.630375,0.008088973999022642,0.2121012657880783,0.2234351,0.01133383421192169,0.22066229581832886,0.23458858,0.013926284181671134,0.35966894030570984,0.3840917,0.02442275969429014
nearest_neighbor_baseline,251,94578,75426,0.5136792659759521,0.534005880355835,0.503693,0.030312880355835015,23.152908325195312,22.85769,0.2952183251953109,0.3123530149459839,0.29215786,0.020195154945983895,0.31590867042541504,0.295182,0.02072667042541504,0.21736396849155426,0.21559742,0.0017665484915542484
nearest_neighbor_baseline,252,54985,14619,0.45591652393341064,0.8376234769821167,0.8442917,0.006668223017883279,13.414891242980957,12.085671,1.3292202429809574,0.25688663125038147,0.24455297,0.012333661250381461,0.27102625370025635,0.26482847,0.006197783700256365,0.35452109575271606,0.3846271,0.030106004247283935
nearest_neighbor_baseline,253,13421,79873,0.4640224575996399,0.69468092918396,0.72779435,0.03311342081604007,18.118139266967773,16.673859,1.4442802669677732,0.25222909450531006,0.25857168,0.006342585494689967,0.2721598148345947,0.26630026,0.005859554834594716,0.4001903533935547,0.3865754,0.013614953393554674
nearest_neighbor_baseline,254,14240,108387,0.4827304780483246,0.8135741949081421,0.7968547,0.016719494908142063,18.199676513671875,18.645573,0.44589648632812384,0.4678543210029602,0.49175027,0.023895948997039784,0.4758552312850952,0.4992052,0.0233499687149048,0.2910524904727936,0.25957227,0.031480220472793585
nearest_neighbor_baseline,255,48132,124144,0.536376953125,0.7434672117233276,0.7083659,0.035101311723327644,19.188701629638672,18.70371,0.48499162963867093,0.22623194754123688,0.24550048,0.019268532458763116,0.25776782631874084,0.26725075,0.009482923681259137,0.48406562209129333,0.51385146,0.029785837908706703
nearest_neighbor_baseline,256,57668,51853,0.31549257040023804,0.9097422361373901,0.9134295,0.0036872638626098686,13.279550552368164,13.021815,0.2577355523681639,0.20726518332958221,0.21295598,0.005690796670417775,0.22500286996364594,0.23470072,0.009697850036354067,0.5623672008514404,0.5485922,0.013775000851440455
nearest_neighbor_baseline,257,36940,86834,0.7381426095962524,0.5825641751289368,0.5782253,0.0043388751289367145,22.879146575927734,22.619211,0.2599355759277344,0.2949870824813843,0.30117878,0.006191697518615702,0.29958248138427734,0.30450645,0.00492396861572264,0.2527395188808441,0.2280414,0.02469811888084411
nearest_neighbor_baseline,258,33477,49107,0.2880512773990631,0.97935551404953,0.9824236,0.003068085950469923,10.361377716064453,9.724348,0.6370297160644522,0.1823417693376541,0.21044233,0.028100560662345897,0.2094794362783432,0.23029381,0.020814373721656787,0.5125834941864014,0.51846653,0.005883035813598614
nearest_neighbor_baseline,259,52426,13305,0.6196749210357666,0.9325709939002991,0.9172222,0.015348793900299085,12.760052680969238,11.376332,1.3837206809692386,0.22414807975292206,0.21989527,0.004252809752922054,0.2657403349876404,0.29873827,0.03299793501235959,0.8118057250976562,0.8243051,0.012499374902343763
nearest_neighbor_baseline,260,38779,44764,0.3885771334171295,0.6120089888572693,0.5971405,0.014868488857269324,24.073293685913086,24.50838,0.435086314086913,0.31821978092193604,0.32135475,0.003134969078063987,0.3241630792617798,0.32503062,0.0008675407382202072,0.3147648274898529,0.2820252,0.03273962748985293
nearest_neighbor_baseline,261,91841,77985,0.38477423787117004,0.883617639541626,0.8585684,0.025049239541625967,14.354848861694336,14.2007885,0.15406036169433612,0.2380901426076889,0.25513637,0.017046227392311097,0.28165292739868164,0.29645187,0.014798942601318366,0.5516567826271057,0.52818686,0.023469922627105677
nearest_neighbor_baseline,262,24873,62385,0.6149704456329346,0.01307719200849533,0.020702537,0.007625344991504669,27.23372459411621,28.997772,1.7640474058837903,0.7765764594078064,0.7701232,0.006453259407806389,0.7774191498756409,0.7711211,0.006298049875640865,0.10598153620958328,0.13712277,0.031141233790416722
nearest_neighbor_baseline,263,51934,89167,0.4400765597820282,0.8829641342163086,0.8966085,0.013644365783691437,12.736662864685059,12.671608,0.06505486468505772,0.36158162355422974,0.39034554,0.028763916445770255,0.37526753544807434,0.4013261,0.026058564551925678,0.3257962465286255,0.36303815,0.037241903471374516
nearest_neighbor_baseline,264,39532,119257,0.9842267036437988,0.0744839757680893,0.052459534,0.022024441768089292,28.1251163482666,28.339094,0.21397765173339778,0.29398247599601746,0.3252173,0.03123482400398253,0.30508238077163696,0.33479056,0.029708179228363052,0.3468526601791382,0.25707704,0.0897756201791382
nearest_neighbor_baseline,265,31062,25798,0.3918253183364868,0.8905234932899475,0.87256724,0.017956253289947544,12.104236602783203,11.510583,0.5936536027832027,0.2678696811199188,0.26516834,0.002701341119918821,0.2745705246925354,0.28399855,0.009428025307464616,0.2894115746021271,0.28436866,0.00504291460212708
nearest_neighbor_baseline,266,50183,62275,0.8428158760070801,0.24258866906166077,0.29948872,0.05690005093833922,26.48964500427246,24.913795,1.5758500042724606,0.4152029752731323,0.44163948,0.02643650472686765,0.4295831024646759,0.4461289,0.01654579753532409,0.2752331793308258,0.2384472,0.03678597933082581
nearest_neighbor_baseline,267,36167,54731,0.47387760877609253,0.6975103616714478,0.7044345,0.0069241383285522096,22.3483829498291,22.294357,0.05402594982910003,0.27056705951690674,0.26164585,0.008921209516906725,0.2741720676422119,0.26541677,0.00875529764221189,0.23253051936626434,0.22317527,0.009355249366264334
nearest_neighbor_baseline,268,8665,38601,0.5128615498542786,0.6876336336135864,0.6832746,0.004359033613586472,17.322786331176758,17.090548,0.23223833117675952,0.2477540373802185,0.26792148,0.020167442619781484,0.2606183886528015,0.2834196,0.02280121134719848,0.39383912086486816,0.40337574,0.009536619135131819
nearest_neighbor_baseline,269,76263,51590,1.183040738105774,0.16972017288208008,0.17031556,0.0005953871179199266,24.420692443847656,21.382309,3.038383443847657,0.21377331018447876,0.22443794,0.010664629815521243,0.240104541182518,0.25195977,0.011855228817482022,0.5069828033447266,0.3877402,0.11924260334472658
nearest_neighbor_baseline,270,35307,130862,0.22829695045948029,0.9897555112838745,0.9905427,0.0007871887161254865,8.775008201599121,8.425476,0.34953220159912135,0.25959867238998413,0.24991564,0.009683032389984136,0.27391326427459717,0.26711765,0.006795614274597184,0.45887264609336853,0.4856078,0.026735153906631448
nearest_neighbor_baseline,271,3600,98932,0.2858819365501404,0.9759760499000549,0.9666776,0.009298449900054906,10.778482437133789,11.373203,0.5947205628662111,0.18750852346420288,0.18051122,0.006997303464202881,0.20219826698303223,0.19229783,0.009900436983032224,0.43802905082702637,0.42983165,0.008197400827026358
nearest_neighbor_baseline,272,22106,55327,1.701054573059082,0.26088133454322815,0.34110647,0.08022513545677185,27.61363983154297,26.640862,0.9727778315429703,0.31969261169433594,0.27078304,0.04890957169433596,0.3449433445930481,0.32109302,0.02385032459304809,0.3814395070075989,0.48733088,0.10589137299240114
nearest_neighbor_baseline,273,4726,90345,0.4871744215488434,0.39624258875846863,0.4112961,0.01505351124153137,25.863130569458008,26.475035,0.6119044305419905,0.3776411712169647,0.37116262,0.006478551216964723,0.37928807735443115,0.3724164,0.0068716773544311716,0.15888193249702454,0.13212761,0.02675432249702453
nearest_neighbor_baseline,274,40472,63579,0.309225857257843,0.9906848073005676,0.98767126,0.003013547300567576,4.226536750793457,4.3296614,0.10312464920654296,0.22883930802345276,0.2382341,0.009394791976547245,0.2593856155872345,0.27962372,0.020238104412765523,0.5692619681358337,0.5912923,0.022030331864166253
nearest_neighbor_baseline,275,75375,25372,0.45482829213142395,0.4499567747116089,0.50767136,0.05771458528839113,23.609600067138672,22.754032,0.8555680671386732,0.214002788066864,0.21536247,0.0013596819331359866,0.22911298274993896,0.23122686,0.0021138772500610414,0.393191397190094,0.39781028,0.004618882809906022
nearest_neighbor_baseline,276,72147,92686,0.5203801393508911,0.8987579345703125,0.87499845,0.023759484570312517,7.450621128082275,7.6722603,0.2216391719177242,0.2840283215045929,0.26142305,0.022605271504592905,0.3019694685935974,0.29634565,0.005623818593597396,0.4471345543861389,0.42765832,0.019476234386138935
nearest_neighbor_baseline,277,63301,10152,0.5420975089073181,0.6865278482437134,0.7035127,0.016984851756286612,20.096633911132812,19.36888,0.7277539111328117,0.21288999915122986,0.22432528,0.01143528084877013,0.21888169646263123,0.23307046,0.014188763537368781,0.3355870246887207,0.37396392,0.0383768953112793
nearest_neighbor_baseline,278,54225,111874,0.6338900327682495,0.3587099611759186,0.3403389,0.01837106117591858,24.55396270751953,24.13241,0.4215527075195311,0.25367283821105957,0.24628319,0.007389648211059557,0.27116858959198,0.26130217,0.00986641959197998,0.4915211796760559,0.47656867,0.01495250967605588
nearest_neighbor_baseline,279,113564,79226,0.33030542731285095,0.8494257926940918,0.87947303,0.030047237305908192,20.349769592285156,20.354042,0.004272407714843496,0.422733336687088,0.41001642,0.01271691668708802,0.4258477985858917,0.41278175,0.01306604858589172,0.19302405416965485,0.20789205,0.014867995830345149
nearest_neighbor_baseline,280,81275,11378,0.7589991092681885,0.03751065954566002,0.053582173,0.016071513454339978,28.217487335205078,27.387335,0.8301523352050779,0.4128817319869995,0.38918698,0.023694751986999496,0.41719505190849304,0.3955653,0.021629751908493033,0.19926106929779053,0.2267816,0.027520530702209473
nearest_neighbor_baseline,281,33040,60161,0.30905023217201233,0.9900187849998474,0.9785827,0.011436084999847385,6.888180255889893,6.7831244,0.10505585588989241,0.31719067692756653,0.31473753,0.0024531469275665407,0.33831170201301575,0.3415968,0.003285097986984231,0.4935706555843353,0.48362392,0.009946735584335342
nearest_neighbor_baseline,282,10154,108895,0.6008820533752441,0.09984615445137024,0.098473705,0.0013724494513702445,29.763826370239258,27.787012,1.976814370239257,0.7851706147193909,0.7885107,0.0033400852806091397,0.7862465977668762,0.7911142,0.004867602233123769,0.10903257131576538,0.14258045,0.03354787868423462
nearest_neighbor_baseline,283,28013,129085,0.5298094749450684,0.9454959034919739,0.9169395,0.02855640349197386,4.72594690322876,4.2195415,0.5064054032287597,0.2887900173664093,0.29325196,0.0044619426335906764,0.30820560455322266,0.32434544,0.01613983544677733,0.4002727270126343,0.4232211,0.02294837298736574
nearest_neighbor_baseline,284,64595,119774,0.35578790307044983,0.9664648175239563,0.94863003,0.017834787523956286,3.105595111846924,3.9497595,0.844164388153076,0.38491809368133545,0.38458106,0.0003370336813354746,0.3926905691623688,0.39139143,0.0012991391623687898,0.22294379770755768,0.23233356,0.009389762292442316
nearest_neighbor_baseline,285,101396,73613,0.4578203558921814,0.5409735441207886,0.5383165,0.0026570441207885986,25.0897216796875,25.504929,0.4152073203125006,0.2612845003604889,0.25300983,0.0082746703604889,0.26520368456840515,0.25603256,0.009171124568405131,0.23300352692604065,0.21325514,0.01974838692604064
nearest_neighbor_baseline,286,76265,10748,0.6234673261642456,0.10078589618206024,0.13756576,0.03677986381793977,25.364458084106445,25.181318,0.18314008410644433,0.26114505529403687,0.28689077,0.025745714705963152,0.2656627297401428,0.29042092,0.024758190259857205,0.2009134292602539,0.19157448,0.009338949260253915
nearest_neighbor_baseline,287,75669,70441,0.2353154569864273,0.9665708541870117,0.9724585,0.005887645812988285,10.871914863586426,11.131249,0.2593341364135746,0.20797820389270782,0.19539723,0.01258097389270782,0.2244061529636383,0.21733171,0.007074442963638294,0.5000280737876892,0.51052403,0.010495956212310809
nearest_neighbor_baseline,288,137408,104882,0.524678647518158,0.8056931495666504,0.8090895,0.0033963504333496264,10.550243377685547,9.103118,1.4471253776855466,0.2727893888950348,0.27225062,0.0005387688950347913,0.2829609513282776,0.28069246,0.002268491328277611,0.28472253680229187,0.251169,0.033553536802291895
nearest_neighbor_baseline,289,103445,138355,0.6759219765663147,0.38144758343696594,0.37279156,0.00865602343696592,19.589069366455078,19.20243,0.38663936645507846,0.25216352939605713,0.28224108,0.03007755060394285,0.2539525628089905,0.28331393,0.029361367191009513,0.1738159954547882,0.1267166,0.047099395454788195
nearest_neighbor_baseline,290,92865,84371,0.38888731598854065,0.9297589659690857,0.9592784,0.029519434030914282,12.245372772216797,12.128454,0.11691877221679725,0.34636807441711426,0.34557536,0.0007927144171142597,0.34991714358329773,0.3493677,0.0005494435832977262,0.21070043742656708,0.22845373,0.017753292573432916
nearest_neighbor_baseline,291,46257,115152,0.6197175979614258,0.4377990961074829,0.44090167,0.003102573892517113,25.50613021850586,25.284513,0.22161721850585892,0.27279385924339294,0.25462192,0.018171939243392943,0.274637371301651,0.25806665,0.016570721301650992,0.19398140907287598,0.22859465,0.034613240927124034
nearest_neighbor_baseline,292,41425,51323,0.4335157573223114,0.9465592503547668,0.95820147,0.011642219645233154,9.471152305603027,10.146467,0.6753146943969721,0.20733433961868286,0.23355508,0.026220740381317137,0.2326333075761795,0.24389672,0.011263412423820507,0.4242130517959595,0.41561747,0.008595581795959484
nearest_neighbor_baseline,293,54336,105331,0.9549120664596558,0.71909499168396,0.6343021,0.08479289168395998,19.946115493774414,22.703932,2.757816506225584,0.3641071021556854,0.38604996,0.0219428578443146,0.519683301448822,0.50838137,0.011301931448821967,0.7866393327713013,0.7699292,0.01671013277130129
nearest_neighbor_baseline,294,68603,89146,0.36295706033706665,0.8186840415000916,0.83460915,0.01592510849990847,15.596759796142578,15.194866,0.4018937961425788,0.2627946138381958,0.2382669,0.024527713838195797,0.26803871989250183,0.24308197,0.024956749892501823,0.2523080110549927,0.25055584,0.0017521710549927016
nearest_neighbor_baseline,295,172,76560,0.7898702621459961,0.23969100415706635,0.20137583,0.03831517415706634,19.772523880004883,22.813358,3.040834119995118,0.21628524363040924,0.2420166,0.025731356369590758,0.2208535522222519,0.24741398,0.026560427777748113,0.23533709347248077,0.25468296,0.01934586652751924
nearest_neighbor_baseline,296,123016,94934,0.5327784419059753,0.9741947650909424,0.9812167,0.00702193490905767,5.542027473449707,4.9363704,0.6056570734497067,0.25160226225852966,0.24906309,0.002539172258529676,0.2916118800640106,0.28835976,0.0032521200640105996,0.5004889965057373,0.54516137,0.044672373494262674
nearest_neighbor_baseline,297,41918,120444,0.3974934220314026,0.6771048903465271,0.6875048,0.010399909653472927,23.579004287719727,23.04109,0.537914287719726,0.5731539130210876,0.56519747,0.007956443021087667,0.575998842716217,0.5686443,0.00735454271621705,0.19878262281417847,0.22414039,0.025357767185821528
nearest_neighbor_baseline,298,116501,136319,0.3460958003997803,0.9694855809211731,0.961938,0.007547580921173136,10.062662124633789,11.166701,1.1040388753662107,0.29720452427864075,0.29986548,0.0026609557213592705,0.3122996985912323,0.3183474,0.006047701408767703,0.46696069836616516,0.4789732,0.012012501633834827
nearest_neighbor_baseline,299,83289,43827,0.5291693210601807,0.0868733748793602,0.10203388,0.015160505120639794,27.495851516723633,26.510551,0.9853005167236333,0.3236860930919647,0.33324665,0.009560556908035256,0.3293556571006775,0.33710477,0.007749112899322508,0.21396583318710327,0.1958459,0.018119933187103282
nearest_neighbor_baseline,300,81192,131931,0.7805392742156982,0.448991984128952,0.490944,0.041952015871047965,24.10272979736328,23.12739,0.9753397973632829,0.24830693006515503,0.25164253,0.003335599934844946,0.2915187478065491,0.3019152,0.010396452193450922,0.6226701736450195,0.6454462,0.02277602635498044
nearest_neighbor_baseline,301,98843,38334,0.2601323425769806,0.9182421565055847,0.923299,0.005056843494415264,15.03393840789795,14.699223,0.3347154078979493,0.28413474559783936,0.30026478,0.016130034402160653,0.35797208547592163,0.3555695,0.002402585475921648,0.6220229268074036,0.6123233,0.00969962680740355
nearest_neighbor_baseline,302,118308,83012,0.614992618560791,0.5957457423210144,0.5867815,0.008964242321014448,19.02358055114746,19.040152,0.01657144885253814,0.2671468257904053,0.26382,0.0033268257904052745,0.2834475338459015,0.2698244,0.01362313384590147,0.3341839611530304,0.2739238,0.0602601611530304
nearest_neighbor_baseline,303,39536,76726,1.1754618883132935,0.23203632235527039,0.14542727,0.08660905235527039,23.360218048095703,24.447695,1.0874769519042964,0.360521525144577,0.36044312,7.840514457702064e-05,0.36191385984420776,0.36110398,0.0008098798442077726,0.14625634253025055,0.09438489,0.05187145253025055
nearest_neighbor_baseline,304,14631,27856,0.32039493322372437,0.8902162909507751,0.90485644,0.014640149049224838,13.695157051086426,12.909215,0.7859420510864261,0.250049352645874,0.2646462,0.014596847354125975,0.26157820224761963,0.2729385,0.011360297752380344,0.3705125153064728,0.37923038,0.0087178646935272
nearest_neighbor_baseline,305,73046,119818,1.0302382707595825,0.4342256486415863,0.3854943,0.04873134864158629,20.557525634765625,21.239113,0.6815873652343747,0.24589471518993378,0.25528932,0.00939460481006621,0.28038662672042847,0.28744483,0.007058203279571518,0.5020963549613953,0.48869804,0.013398314961395263
nearest_neighbor_baseline,306,92435,22089,0.5036043524742126,0.9291538596153259,0.9186843,0.010469559615325919,2.934086561203003,2.886876,0.04721056120300293,0.2951050102710724,0.279381,0.015724010271072397,0.31857025623321533,0.3340104,0.015440143766784653,0.4011533260345459,0.44246468,0.0413113539654541
nearest_neighbor_baseline,307,33698,130704,0.3807086646556854,0.9403257966041565,0.9102682,0.030057596604156522,8.34727668762207,8.709953,0.3626763123779302,0.23193418979644775,0.25203067,0.02009648020355226,0.24268552660942078,0.26211572,0.01943019339057922,0.2989075183868408,0.29503158,0.003875938386840805
nearest_neighbor_baseline,308,39362,121111,1.4061484336853027,0.44097623229026794,0.4348035,0.006172732290267935,20.819618225097656,21.646608,0.8269897749023443,0.2356429547071457,0.211076,0.024566954707145677,0.35201340913772583,0.29017657,0.06183683913772581,0.9264863729476929,0.8920513,0.03443507294769288
nearest_neighbor_baseline,309,71514,32921,0.26995769143104553,0.9781842827796936,0.9647048,0.013479482779693575,8.000923156738281,7.9841905,0.016732656738280838,0.2141413539648056,0.19930682,0.014834533964805607,0.22422048449516296,0.20805982,0.016160664495162957,0.390372097492218,0.37749887,0.012873227492218031
nearest_neighbor_baseline,310,117528,100807,0.6900717616081238,0.28630128502845764,0.30567494,0.019373654971542364,27.084461212158203,27.366968,0.28250678784179684,0.5007787942886353,0.5179925,0.017213705711364713,0.5019280314445496,0.51924,0.017311968555450474,0.14659669995307922,0.13638976,0.010206939953079225
nearest_neighbor_baseline,311,131305,88695,1.2999786138534546,0.18241611123085022,0.25995806,0.07754194876914977,24.312938690185547,18.83032,5.4826186901855465,0.2443629801273346,0.21972083,0.02464215012733459,0.26423704624176025,0.24762735,0.016609696241760258,0.5021714568138123,0.5050828,0.002911343186187798
nearest_neighbor_baseline,312,36270,115875,0.38069865107536316,0.9408127665519714,0.92470616,0.01610660655197138,8.77261734008789,8.289946,0.48267134008789014,0.4310947358608246,0.41474327,0.016351465860824588,0.43571868538856506,0.4221024,0.013616285388565075,0.19478140771389008,0.2142116,0.019430192286109926
nearest_neighbor_baseline,313,126305,26288,0.42478880286216736,0.6632904410362244,0.66858584,0.005295398963775622,23.994298934936523,24.711943,0.7176440650634781,0.2945106029510498,0.30780885,0.013298247048950218,0.2970729172229767,0.31068867,0.013615752777023316,0.2027670443058014,0.20432056,0.0015535156941986206
nearest_neighbor_baseline,314,19407,106684,0.4900873601436615,0.6616690754890442,0.657395,0.004274075489044238,22.773536682128906,22.130531,0.643005682128905,0.5216307640075684,0.5336939,0.012063135992431695,0.5375099182128906,0.5518591,0.014349181787109422,0.42260658740997314,0.41703588,0.005570707409973119
nearest_neighbor_baseline,315,57889,104035,0.8740465641021729,0.22374430298805237,0.23976566,0.016021357011947623,26.32851219177246,25.276556,1.0519561917724616,0.4166090488433838,0.44294608,0.02633703115661623,0.44668033719062805,0.4741078,0.027427462809371972,0.37348034977912903,0.37475488,0.0012745302208709841
nearest_neighbor_baseline,316,106156,138708,0.6108872890472412,0.22965288162231445,0.23105118,0.0013982983776855418,28.6909236907959,28.889288,0.19836430920410209,0.5843473076820374,0.557855,0.026492307682037364,0.5863001346588135,0.5610712,0.025228934658813484,0.14414408802986145,0.16851021,0.024366121970138543
nearest_neighbor_baseline,317,125247,40878,0.868660032749176,0.4949587285518646,0.45700952,0.03794920855186462,23.58566665649414,24.155535,0.5698683435058598,0.2560882270336151,0.26423794,0.008149712966384892,0.2623721957206726,0.2692116,0.006839404279327388,0.2732771039009094,0.28750113,0.01422402609909057
nearest_neighbor_baseline,318,92795,30582,0.4465804100036621,0.7655746936798096,0.7394128,0.02616189367980959,18.349037170410156,17.904608,0.4444291704101566,0.20465193688869476,0.23486462,0.030212683111305233,0.21893686056137085,0.25301483,0.034077969438629174,0.40607738494873047,0.3827207,0.023356684948730444
nearest_neighbor_baseline,319,6400,106065,0.4467562735080719,0.8700307011604309,0.89365727,0.02362656883956904,16.805583953857422,16.786804,0.018779953857421816,0.34455662965774536,0.32529032,0.01926630965774534,0.3840979337692261,0.3571512,0.026946733769226072,0.42560485005378723,0.44236517,0.016760319946212743
nearest_neighbor_baseline,320,43454,79499,0.6082481741905212,0.30633804202079773,0.32275113,0.016413087979202268,28.2684268951416,28.142456,0.1259708951416023,0.3079274296760559,0.28867918,0.01924824967605593,0.31208938360214233,0.29126674,0.02082264360214231,0.26781368255615234,0.22427547,0.04353821255615234
nearest_neighbor_baseline,321,24302,125056,0.4128682613372803,0.9131773710250854,0.9050683,0.008109071025085401,9.848958015441895,11.274244,1.425285984558105,0.3297045826911926,0.3446026,0.014898017308807354,0.33377301692962646,0.34796268,0.01418966307037356,0.18233336508274078,0.1711779,0.01115546508274079
nearest_neighbor_baseline,322,134431,20982,0.49196717143058777,0.955375611782074,0.94564897,0.009726641782073941,13.038590431213379,13.800077,0.761486568786621,0.17785179615020752,0.1814734,0.0036216038497924874,0.23270368576049805,0.2639116,0.031207914239501977,1.0289889574050903,1.0787532,0.049764242594909636
nearest_neighbor_baseline,323,89991,114459,0.4527163505554199,0.8171549439430237,0.8050401,0.012114843943023645,14.783533096313477,14.9229355,0.1394024036865229,0.2157043218612671,0.22444968,0.008745358138732923,0.22668281197547913,0.23672551,0.010042698024520874,0.3922170400619507,0.36564004,0.026577000061950684
nearest_neighbor_baseline,324,58068,137731,0.4569210112094879,0.6321625113487244,0.6402763,0.008113788651275655,24.053314208984375,23.677908,0.3754062089843764,0.4484240412712097,0.4627116,0.014287558728790284,0.45078739523887634,0.46429175,0.01350435476112366,0.20069707930088043,0.15736014,0.04333693930088042
nearest_neighbor_baseline,325,8442,12659,0.8220576047897339,0.32836997509002686,0.30077958,0.027590395090026865,25.628067016601562,25.690079,0.062011983398438275,0.5538923740386963,0.5367874,0.017104974038696263,0.5576960444450378,0.5396353,0.018060744445037802,0.15472440421581268,0.13487516,0.01984924421581269
nearest_neighbor_baseline,326,88077,48636,0.5206269025802612,0.774975061416626,0.7691884,0.005786661416625982,19.98137855529785,18.937822,1.043556555297851,0.2819688320159912,0.26469985,0.017268982015991197,0.3009178936481476,0.2769085,0.02400939364814758,0.4006011486053467,0.3884387,0.012162448605346654
nearest_neighbor_baseline,327,107582,106168,0.5122126936912537,0.7474837303161621,0.732066,0.015417730316162115,14.576240539550781,14.123938,0.4523025395507805,0.22918742895126343,0.24891457,0.019727141048736574,0.2363222986459732,0.26345873,0.02713643135402677,0.28021782636642456,0.29674077,0.016522943633575427
nearest_neighbor_baseline,328,104320,109757,0.5460297465324402,0.9365031123161316,0.9191997,0.01730341231613164,13.26209545135498,13.772166,0.5100705486450199,0.43385761976242065,0.4102315,0.023626119762420628,0.4506947100162506,0.42607796,0.024616750016250633,0.3993673622608185,0.3466368,0.05273056226081846
nearest_neighbor_baseline,329,137267,111633,0.7762455940246582,0.4988170564174652,0.41259184,0.08622521641746522,26.163532257080078,27.475092,1.311559742919922,0.44706711173057556,0.44638544,0.0006816717305755393,0.45090463757514954,0.45441663,0.003511992424850452,0.261897474527359,0.2732255,0.011328025472641001
nearest_neighbor_baseline,330,4810,34569,0.12255818396806717,0.9756847023963928,0.9717661,0.003918602396392856,13.04080867767334,12.911549,0.129259677673339,0.22567734122276306,0.22539449,0.00028285122276305863,0.2507757842540741,0.24735048,0.0034253042540740852,0.5243624448776245,0.52861905,0.0042566051223754675
nearest_neighbor_baseline,331,110343,90942,0.3448205590248108,0.8578563928604126,0.8560561,0.0018002928604126112,14.894957542419434,15.76437,0.869412457580566,0.29176217317581177,0.29652497,0.004762796824188231,0.2966831624507904,0.30799785,0.011314687549209612,0.2372787445783615,0.25539446,0.01811571542163848
nearest_neighbor_baseline,332,49176,89082,0.280617356300354,0.9536677002906799,0.93799037,0.01567733029067997,11.800267219543457,11.271418,0.5288492195434564,0.2525308132171631,0.24299385,0.009536963217163075,0.25688526034355164,0.24889544,0.00798982034355164,0.3003368079662323,0.28999135,0.010345457966232319
nearest_neighbor_baseline,333,41159,72159,0.3502241373062134,0.856646716594696,0.8681791,0.011532383405303936,17.74065399169922,18.227242,0.48658800830078164,0.2267737090587616,0.22086164,0.005912069058761599,0.2571832239627838,0.24349432,0.013688903962783827,0.5029701590538025,0.50858754,0.005617380946197459
nearest_neighbor_baseline,334,10270,14314,0.5007057785987854,0.3192584216594696,0.330599,0.011340578340530372,23.28008460998535,23.561222,0.2811373900146492,0.2426619529724121,0.23971626,0.002945692972412123,0.24546214938163757,0.24284868,0.002613469381637562,0.20588946342468262,0.21254627,0.006656806575317392
nearest_neighbor_baseline,335,121837,68027,0.33421429991722107,0.9720568656921387,0.97456056,0.0025036943078613483,8.258113861083984,8.709268,0.4511541389160154,0.1812128871679306,0.19734758,0.01613469283206939,0.19211478531360626,0.2071362,0.01502141468639373,0.3442971706390381,0.3424488,0.0018483706390380883
nearest_neighbor_baseline,336,30030,54981,0.7365317344665527,0.02248912863433361,0.027540525,0.005051396365666389,25.150104522705078,24.195015,0.9550895227050766,0.6968390345573425,0.702881,0.006041965442657449,0.6972522139549255,0.70330316,0.006050946045074501,0.07893875986337662,0.07366444,0.00527431986337662
nearest_neighbor_baseline,337,60972,125853,0.6950604915618896,0.6035049557685852,0.5943585,0.009146455768585193,21.06942367553711,22.772343,1.70291932446289,0.37489888072013855,0.3816662,0.006767319279861461,0.377384215593338,0.38638133,0.00899711440666201,0.21291546523571014,0.21377258,0.0008571147642898458
nearest_neighbor_baseline,338,75095,6071,1.1730760335922241,0.3490910530090332,0.36463356,0.01554250699096682,29.449846267700195,27.009958,2.4398882677001943,0.3420420289039612,0.31489873,0.027143298903961166,0.34280070662498474,0.3163603,0.026440406624984758,0.10943455994129181,0.15160444,0.0421698800587082
nearest_neighbor_baseline,339,5749,77115,0.4249091148376465,0.7798943519592285,0.74119526,0.03869909195922849,14.681662559509277,15.460986,0.7793234404907228,0.26273271441459656,0.2534969,0.009235814414596533,0.27548879384994507,0.25991252,0.015576273849945088,0.29582643508911133,0.26770148,0.028124955089111336
nearest_neighbor_baseline,340,63652,65925,0.4504479765892029,0.8554935455322266,0.85701734,0.0015237944677733983,6.662730693817139,8.216132,1.5534013061828613,0.2697637975215912,0.2765919,0.006828102478408815,0.28079789876937866,0.28981075,0.009012851230621344,0.3087903559207916,0.31186992,0.0030795640792083967
nearest_neighbor_baseline,341,80826,26515,0.3468669354915619,0.8837533593177795,0.9050151,0.02126174068222042,17.890111923217773,18.699442,0.8093300767822278,0.4201221466064453,0.42024383,0.00012168339355467239,0.424809068441391,0.42450008,0.00030898844139098935,0.23419636487960815,0.24924581,0.015049445120391858
nearest_neighbor_baseline,342,1331,49424,0.3280307352542877,0.868129551410675,0.8546216,0.013507951410675068,17.922595977783203,17.806498,0.11609797778320186,0.29567617177963257,0.29050747,0.0051687017796325785,0.3125336468219757,0.30768958,0.00484406682197569,0.33097803592681885,0.33445007,0.0034720340731811405
nearest_neighbor_baseline,343,92981,99898,0.8102384209632874,0.7159915566444397,0.7034151,0.012576456644439737,18.589765548706055,19.68113,1.0913644512939449,0.32069501280784607,0.33106682,0.010371807192153915,0.3589097559452057,0.38792288,0.029013124054794337,0.6090620756149292,0.6058313,0.0032307756149292377
nearest_neighbor_baseline,344,25673,107745,0.5619634389877319,0.507457435131073,0.50458926,0.0028681751310729586,22.44447898864746,23.130035,0.6855560113525385,0.27285924553871155,0.25564048,0.017218765538711545,0.28000175952911377,0.2622711,0.01773065952911379,0.289571613073349,0.291332,0.0017603869266509808
nearest_neighbor_baseline,345,32015,19882,0.6018587350845337,0.31869882345199585,0.30130863,0.017390193451995828,24.745901107788086,25.175379,0.42947789221191357,0.19902652502059937,0.19328962,0.00573690502059937,0.21902519464492798,0.2053981,0.013627094644927978,0.42211759090423584,0.4114699,0.01064769090423584
nearest_neighbor_baseline,346,46005,34810,0.5340951085090637,0.7501522898674011,0.7752736,0.025121310132598884,19.381132125854492,19.406694,0.025561874145509478,0.5063876509666443,0.4986808,0.0077068509666443075,0.5145004391670227,0.50538456,0.009115879167022722,0.2387879341840744,0.24310313,0.004315195815925599
nearest_neighbor_baseline,347,74040,30733,0.5338088274002075,0.6097797155380249,0.58710676,0.022672955538024953,21.699127197265625,21.892153,0.19302580273437542,0.2060966193675995,0.21306601,0.006969390632400513,0.2108941376209259,0.22027192,0.009377782379074107,0.3262595236301422,0.3254593,0.000800223630142205
nearest_neighbor_baseline,348,50131,43855,0.565453052520752,0.5383948087692261,0.5409324,0.0025375912307739057,22.950498580932617,21.753227,1.1972715809326182,0.37608572840690613,0.38500348,0.008917751593093881,0.3770712912082672,0.38675088,0.009679588791732807,0.14217078685760498,0.1553964,0.01322561314239501
nearest_neighbor_baseline,349,52836,88890,0.32479193806648254,0.9505151510238647,0.93265074,0.017864411023864712,6.864840030670166,7.4492674,0.5844273693298341,0.323072612285614,0.30763975,0.015432862285614024,0.3272165060043335,0.31141207,0.01580443600433351,0.19807538390159607,0.2108651,0.01278971609840393
nearest_neighbor_baseline,350,10853,91969,0.4011342525482178,0.8750896453857422,0.9066476,0.03155795461425781,8.607138633728027,9.459951,0.8528123662719729,0.2519392669200897,0.24396086,0.00797840692008972,0.2664751708507538,0.25258455,0.013890620850753765,0.291780024766922,0.28588873,0.005891294766922017
nearest_neighbor_baseline,351,29405,38719,0.5073555707931519,0.6828845739364624,0.6695798,0.013304773936462455,20.70693588256836,21.5644,0.8574641174316397,0.22488442063331604,0.2356383,0.010753879366683955,0.22800537943840027,0.23902915,0.011023770561599727,0.22519522905349731,0.1832147,0.041980529053497306
nearest_neighbor_baseline,352,83794,124618,0.7371836304664612,0.4807456433773041,0.4784927,0.002252943377304084,22.03412437438965,20.775179,1.258945374389647,0.6649935245513916,0.68206495,0.0170714254486084,0.6739524602890015,0.69098955,0.017037089710998488,0.27742627263069153,0.2314612,0.04596507263069152
nearest_neighbor_baseline,353,76415,128740,0.46119052171707153,0.5015777945518494,0.508977,0.0073992054481506475,25.023712158203125,24.81757,0.2061421582031251,0.5687180757522583,0.57029223,0.0015741542477416548,0.5704163312911987,0.57133555,0.0009192187088012949,0.15694287419319153,0.1462439,0.010698974193191518
nearest_neighbor_baseline,354,136889,27272,0.4522595703601837,0.7253271341323853,0.69928706,0.026040074132385294,21.53390121459961,21.260862,0.2730392145996099,0.24788708984851837,0.23150632,0.016380769848518384,0.2570703625679016,0.2393943,0.017676062567901607,0.31815385818481445,0.3283905,0.010236641815185521
nearest_neighbor_baseline,355,39837,80553,0.3920232057571411,0.8419627547264099,0.82905596,0.012906794726409876,15.007599830627441,15.367041,0.359441169372559,0.20362305641174316,0.20931473,0.00569167358825684,0.21968282759189606,0.22283678,0.003153952408103955,0.4193175137042999,0.45504782,0.035730306295700065
nearest_neighbor_baseline,356,76996,57374,0.8596940636634827,0.30412769317626953,0.27781293,0.026314763176269518,26.27834701538086,27.503887,1.2255399846191395,0.28393805027008057,0.23664585,0.047292200270080575,0.285931795835495,0.2400437,0.045888095835494996,0.16304415464401245,0.18906361,0.026019455355987542
nearest_neighbor_baseline,357,86257,95523,0.39232248067855835,0.8499649167060852,0.86240333,0.012438413293914818,15.77824592590332,16.007492,0.22924607409667885,0.35086122155189514,0.36390293,0.013041708448104872,0.3560319244861603,0.36720103,0.011169105513839706,0.23930573463439941,0.22759818,0.011707554634399403
nearest_neighbor_baseline,358,61418,126870,0.5712648034095764,0.6326261162757874,0.6073094,0.025316716275787354,22.4189453125,22.492666,0.07372068749999983,0.2408972829580307,0.24542265,0.0045253670419692915,0.24498982727527618,0.248188,0.003198172724723808,0.2504241168498993,0.22020233,0.03022178684989929
nearest_neighbor_baseline,359,105897,44011,0.762553870677948,0.47762179374694824,0.44597816,0.03164363374694823,20.099241256713867,22.952667,2.8534257432861345,0.2321704626083374,0.237915,0.005744537391662585,0.2639285624027252,0.25834075,0.005587812402725212,0.5201129913330078,0.5683225,0.04820950866699214
nearest_neighbor_baseline,360,22583,128401,0.648750901222229,0.5326128005981445,0.5793359,0.046723099401855483,18.15113067626953,17.706892,0.4442386762695314,0.2850462794303894,0.2956425,0.01059622056961057,0.28858697414398193,0.2972913,0.008704325856018047,0.17770346999168396,0.1402211,0.03748236999168397
nearest_neighbor_baseline,361,120835,130538,0.32659485936164856,0.9870540499687195,0.98255837,0.004495679968719468,6.659587383270264,7.8438067,1.1842193167297363,0.19163253903388977,0.18648213,0.0051504090338897746,0.2487180382013321,0.24216722,0.006550818201332104,0.7753012776374817,0.7846514,0.00935012236251831
nearest_neighbor_baseline,362,56385,81469,0.8031190633773804,0.41866740584373474,0.46006468,0.04139727415626526,22.198057174682617,21.037758,1.160299174682617,0.6078779101371765,0.65144384,0.04356592986282348,0.6083974242210388,0.65235484,0.04395741577896117,0.08522430062294006,0.09922745,0.014003149377059931
nearest_neighbor_baseline,363,48010,106688,0.3160998225212097,0.988550066947937,0.9875173,0.0010327669479369694,8.109585762023926,8.657264,0.5476782379760738,0.34823980927467346,0.34454933,0.003690479274673475,0.35226258635520935,0.35175616,0.0005064263552093662,0.2702368199825287,0.30301982,0.03278300001747131
nearest_neighbor_baseline,364,108455,62068,0.3862248659133911,0.9759466648101807,0.9755411,0.0004055648101806142,2.974669933319092,2.7574332,0.21723673331909188,0.3018462359905243,0.2956459,0.006200335990524275,0.341378390789032,0.34374234,0.002363949210967997,0.4998154044151306,0.49602807,0.0037873344151306276
nearest_neighbor_baseline,365,16621,121835,0.3709447383880615,0.8518805503845215,0.8077846,0.04409595038452152,19.564584732055664,20.378887,0.8143022679443348,0.5674182176589966,0.5749483,0.007530082341003386,0.5699313282966614,0.57677805,0.006846721703338665,0.15071286261081696,0.14658864,0.004124222610816963
nearest_neighbor_baseline,366,108201,71747,0.3899874985218048,0.9184870719909668,0.93529975,0.01681267800903319,12.76787281036377,12.992382,0.22450918963622968,0.2251240611076355,0.24704927,0.02192520889236449,0.23772212862968445,0.25915724,0.021435111370315563,0.4307357966899872,0.42993608,0.0007997166899871844
nearest_neighbor_baseline,367,133681,38991,0.25568363070487976,0.9428098797798157,0.92506063,0.017749249779815623,13.063265800476074,13.249135,0.18586919952392655,0.2612271308898926,0.25135317,0.009873960889892563,0.2714810371398926,0.26898745,0.0024935871398925613,0.3818214535713196,0.38612136,0.0042999064286804445
nearest_neighbor_baseline,368,11630,75246,0.5529002547264099,0.6673339605331421,0.6203297,0.047004260533142106,17.78371810913086,18.492188,0.7084698908691394,0.2634386122226715,0.28353617,0.020097557777328467,0.2963389456272125,0.2937061,0.002632845627212499,0.3938010632991791,0.35993224,0.03386882329917906
nearest_neighbor_baseline,369,130214,8476,0.5134609937667847,0.8705863952636719,0.8571819,0.013404495263671823,13.011537551879883,12.492165,0.5193725518798828,0.3198632299900055,0.31600344,0.003859789990005469,0.3238769769668579,0.32022804,0.0036489369668579186,0.20818769931793213,0.21154135,0.00335365068206786
nearest_neighbor_baseline,370,106179,84186,0.43071356415748596,0.925875186920166,0.9339273,0.008052113079834,18.04863739013672,17.456198,0.5924393901367182,0.4494427442550659,0.42965928,0.01978346425506594,0.4556474983692169,0.43965527,0.015992228369216932,0.33458396792411804,0.32727706,0.0073069079241180335
nearest_neighbor_baseline,371,8272,97523,0.5592811703681946,0.21267187595367432,0.2407927,0.028120824046325682,26.369115829467773,26.25108,0.11803582946777169,0.29650184512138367,0.3181193,0.021617454878616327,0.3095362186431885,0.32604605,0.0165098313568115,0.2581612169742584,0.24647482,0.011686396974258412
nearest_neighbor_baseline,372,133477,22151,0.43361368775367737,0.803360104560852,0.8176798,0.014319695439147906,19.105112075805664,19.57138,0.46626792419433727,0.3605787456035614,0.3682184,0.0076396543964386,0.36404597759246826,0.3701209,0.006074922407531713,0.23142798244953156,0.20028445,0.031143532449531552
nearest_neighbor_baseline,373,126941,111179,0.3887689411640167,0.9695428609848022,0.987361,0.017818139015197798,7.762711524963379,7.2971435,0.4655680249633791,0.20669087767601013,0.21352538,0.006834502323989855,0.24701209366321564,0.24780773,0.0007956363367843666,0.5996517539024353,0.5999285,0.00027674609756467294
nearest_neighbor_baseline,374,71400,12772,0.31738218665122986,0.9845965504646301,0.9808278,0.0037687504646300996,7.294345855712891,7.200929,0.09341685571289027,0.22562196850776672,0.20095976,0.024662208507766736,0.24940378963947296,0.22564816,0.023755629639472975,0.5306271910667419,0.54885876,0.018231568933258058
nearest_neighbor_baseline,375,8588,56622,0.4077954590320587,0.6002404689788818,0.59236413,0.007876338978881847,23.848169326782227,23.570591,0.27757832678222627,0.21242769062519073,0.21439296,0.0019652693748092587,0.21659988164901733,0.21860562,0.0020057383509826665,0.22913461923599243,0.21576987,0.01336474923599243
nearest_neighbor_baseline,376,58924,24762,0.34084635972976685,0.9516274333000183,0.9458337,0.005793733300018311,10.468088150024414,11.176071,0.7079828499755862,0.279491662979126,0.27157214,0.00791952297912596,0.29122939705848694,0.28455418,0.006675217058486949,0.4152413606643677,0.38199484,0.033246520664367674
nearest_neighbor_baseline,377,118268,16544,1.0452314615249634,0.11641224473714828,0.14953674,0.033124495262851716,29.98209571838379,26.999628,2.9824677183837878,0.280272901058197,0.3190921,0.03881919894180297,0.2876557409763336,0.32509002,0.03743427902366636,0.25049230456352234,0.2537565,0.003264195436477657
nearest_neighbor_baseline,378,69853,95696,0.5341799855232239,0.4340085983276367,0.4083557,0.02565289832763673,26.82081413269043,27.730673,0.9098588673095698,0.6420297026634216,0.62580574,0.01622396266342163,0.643099308013916,0.6269689,0.016130408013915964,0.12697474658489227,0.1202478,0.006726946584892271
nearest_neighbor_baseline,379,60645,117254,0.6869708895683289,0.6854526996612549,0.6601562,0.025296499661254912,16.477798461914062,17.456558,0.9787595380859386,0.3449622690677643,0.30393577,0.04102649906776429,0.3529941141605377,0.3102106,0.04278351416053772,0.3135185241699219,0.3070319,0.006486624169921851
nearest_neighbor_baseline,380,95234,57283,0.3428824543952942,0.9236728549003601,0.9271995,0.003526645099639847,15.981518745422363,15.929985,0.051533745422363,0.1957974135875702,0.1846433,0.01115411358757018,0.2096526324748993,0.20985167,0.00019903752510069816,0.4806574583053589,0.47504967,0.005607788305358907
nearest_neighbor_baseline,381,63921,68857,0.5344915390014648,0.9629418849945068,0.9513495,0.011592384994506877,10.07645320892334,11.320383,1.2439297910766598,0.22087611258029938,0.20829318,0.012582932580299383,0.2551497220993042,0.23389399,0.021255732099304203,0.6705328822135925,0.65823007,0.012302812213592529
nearest_neighbor_baseline,382,70346,66824,0.36007270216941833,0.8399849534034729,0.8447194,0.004734446596527109,18.774215698242188,18.86852,0.09430430175781268,0.22901250422000885,0.21774314,0.011269364220008848,0.23332497477531433,0.22505257,0.008272404775314324,0.2497393935918808,0.26045832,0.010718926408119223
nearest_neighbor_baseline,383,35981,118220,0.8520517349243164,0.2148200422525406,0.24552983,0.030709787747459416,24.628786087036133,25.506907,0.878120912963869,0.21870540082454681,0.21609637,0.002609030824546804,0.24039973318576813,0.22993435,0.010465383185768118,0.3777177929878235,0.42299077,0.04527297701217653
nearest_neighbor_baseline,384,40051,122507,0.5958624482154846,0.6062130331993103,0.5492954,0.056917633199310314,23.14311981201172,23.574694,0.4315741879882822,0.33372247219085693,0.33636335,0.002640877809143072,0.3429045081138611,0.34518835,0.002283841886138893,0.34906694293022156,0.3267265,0.022340442930221582
nearest_neighbor_baseline,385,13204,116848,0.3249253034591675,0.8631249666213989,0.8622392,0.0008857666213989424,13.71398639678955,14.423808,0.7098216032104485,0.23157498240470886,0.21883625,0.012738732404708852,0.24159058928489685,0.22360179,0.017988799284896856,0.26748907566070557,0.25654277,0.01094630566070559
nearest_neighbor_baseline,386,75824,8916,0.22465305030345917,0.9732706546783447,0.9674413,0.005829354678344778,12.920339584350586,12.634002,0.2863375843505853,0.3873322010040283,0.37697485,0.010357351004028348,0.3987683653831482,0.3875173,0.011251065383148184,0.4092361629009247,0.42318583,0.013949667099075302
nearest_neighbor_baseline,387,20307,132860,0.46576690673828125,0.10364992916584015,0.097547434,0.006102495165840147,29.33332061767578,29.821735,0.4884143823242191,0.6206457018852234,0.620935,0.00028929811477662604,0.6221500039100647,0.6225348,0.0003847960899353575,0.1266963630914688,0.12945186,0.002755496908531191
nearest_neighbor_baseline,388,110524,5936,0.36613303422927856,0.7866226434707642,0.81373644,0.027113796529235845,21.01132583618164,21.91906,0.9077341638183611,0.23497894406318665,0.23652063,0.001541685936813364,0.23887737095355988,0.24086946,0.001992089046440132,0.24188265204429626,0.23290618,0.008976472044296274
nearest_neighbor_baseline,389,119881,108083,0.5347885489463806,0.6792694330215454,0.69142824,0.012158806978454617,22.150474548339844,22.646313,0.4958384516601555,0.33065521717071533,0.3010357,0.029619517170715315,0.333561509847641,0.3124578,0.021103709847640983,0.2296266406774521,0.27880985,0.04918320932254794
nearest_neighbor_baseline,390,77427,78766,1.0325599908828735,0.2022401988506317,0.21227527,0.010035071149368274,24.975481033325195,23.496109,1.4793720333251947,0.354915052652359,0.35338318,0.0015318726523589898,0.3665400743484497,0.36563972,0.0009003543484497056,0.2987196147441864,0.32119486,0.022475245255813625
nearest_neighbor_baseline,391,107529,50677,0.6122739911079407,0.6060491800308228,0.609456,0.003406819969177244,20.619670867919922,19.936169,0.6835018679199223,0.2505198121070862,0.2263238,0.02419601210708619,0.2561867833137512,0.23711468,0.019072103313751226,0.24966803193092346,0.2691413,0.019473268069076566
nearest_neighbor_baseline,392,68428,99995,0.470973402261734,0.8686367273330688,0.8510731,0.01756362733306882,14.998446464538574,15.85611,0.857663535461425,0.24159416556358337,0.24815091,0.006556744436416628,0.2599671483039856,0.27998236,0.02001521169601439,0.49185362458229065,0.51524407,0.023390445417709405
nearest_neighbor_baseline,393,120665,13459,0.39042946696281433,0.9808943271636963,0.98240215,0.001507822836303685,6.283255577087402,5.504512,0.7787435770874023,0.2071201354265213,0.22059989,0.013479754573478692,0.21844571828842163,0.23708025,0.01863453171157836,0.40564268827438354,0.4140505,0.008407811725616443
nearest_neighbor_baseline,394,97373,34562,0.5832705497741699,0.5639575123786926,0.5896801,0.025722587621307413,18.246536254882812,16.736021,1.5105152548828116,0.24832147359848022,0.23207158,0.016249893598480225,0.2626188397407532,0.25690183,0.005717009740753176,0.35216352343559265,0.40174028,0.049576756564407354
nearest_neighbor_baseline,395,8208,86083,0.3519241511821747,0.8872023224830627,0.88869727,0.0014949475169372395,16.30257797241211,17.067566,0.76498802758789,0.32268956303596497,0.29308587,0.02960369303596494,0.33725881576538086,0.3328983,0.004360515765380879,0.44782426953315735,0.4433532,0.004471069533157346
nearest_neighbor_baseline,396,102313,19678,0.3412990868091583,0.9203118085861206,0.9302492,0.009937391413879393,13.757611274719238,14.864946,1.1073347252807615,0.30955514311790466,0.32705274,0.017497596882095345,0.3147256672382355,0.33495492,0.020229252761764516,0.2710511088371277,0.29526386,0.024212751162872304
nearest_neighbor_baseline,397,86117,19914,0.7060336470603943,0.13342513144016266,0.096419446,0.03700568544016265,23.306081771850586,23.234922,0.07115977185058497,0.23274755477905273,0.21608031,0.016667244779052737,0.27966925501823425,0.24044994,0.03921931501823425,0.4204859137535095,0.41493818,0.005547733753509532
nearest_neighbor_baseline,398,82604,4172,0.7338241934776306,0.6694117784500122,0.6928712,0.023459421549987813,21.223848342895508,20.031834,1.192014342895508,0.26434841752052307,0.26634645,0.001998032479476941,0.2705906927585602,0.2728888,0.0022981072414398063,0.2340717911720276,0.28505608,0.0509842888279724
nearest_neighbor_baseline,399,25424,115168,0.9738200306892395,0.18991833925247192,0.14974362,0.04017471925247193,23.428783416748047,25.273773,1.8449895832519516,0.35679495334625244,0.3341477,0.02264725334625245,0.35866132378578186,0.3377355,0.02092582378578184,0.15453565120697021,0.17705144,0.02251578879302979
nearest_neighbor_baseline,400,118671,93826,0.9089648723602295,0.5293117761611938,0.55196285,0.022651073838806157,22.83554458618164,22.751373,0.08417158618163967,0.20858462154865265,0.205083,0.0035016215486526614,0.25651031732559204,0.27379757,0.01728725267440795,0.7303261160850525,0.6702842,0.060041916085052494
nearest_neighbor_baseline,401,84745,108904,0.4661978483200073,0.9073333144187927,0.8926292,0.014704114418792713,7.445168495178223,8.369392,0.9242235048217768,0.24407614767551422,0.23620242,0.007873727675514225,0.25295138359069824,0.24258825,0.010363133590698237,0.296172559261322,0.25611493,0.040057629261322
nearest_neighbor_baseline,402,63618,99837,0.7972608804702759,0.376497745513916,0.3703981,0.006099645513916008,17.016172409057617,16.534481,0.48169140905761765,0.23563022911548615,0.25760466,0.02197443088451384,0.24199773371219635,0.26832104,0.02632330628780366,0.24553370475769043,0.32386884,0.07833513524230956
nearest_neighbor_baseline,403,33526,24379,1.112984538078308,0.49538514018058777,0.5058872,0.010502059819412213,17.43175506591797,15.117291,2.314464065917969,0.3397303819656372,0.2760435,0.06368688196563721,0.351329505443573,0.2921941,0.059135405443572986,0.32236385345458984,0.34754685,0.025182996545410175
nearest_neighbor_baseline,404,70761,48552,0.6178586483001709,0.23458999395370483,0.22564398,0.00894601395370484,26.681102752685547,26.173058,0.5080447526855458,0.399285227060318,0.39538223,0.003902997060317992,0.40108150243759155,0.39713076,0.003950742437591526,0.1375853270292282,0.16294678,0.025361452970771803
nearest_neighbor_baseline,405,71767,48840,1.5134714841842651,0.06715505570173264,0.025165962,0.041989093701732635,26.276290893554688,25.53785,0.7384408935546887,0.21460358798503876,0.20723885,0.007364737985038755,0.2958064675331116,0.26105285,0.03475361753311157,0.8859530091285706,0.8069689,0.07898410912857057
nearest_neighbor_baseline,406,80302,57222,0.61753910779953,0.03667454048991203,0.060419187,0.023744646510087966,24.76710319519043,25.594225,0.8271218048095719,0.255673348903656,0.23516266,0.02051068890365601,0.2591037452220917,0.24057095,0.01853279522209167,0.24623796343803406,0.25462127,0.008383306561965953
nearest_neighbor_baseline,407,2546,51239,0.2641008198261261,0.8076966404914856,0.7942341,0.013462540491485542,19.690433502197266,20.027014,0.3365804978027356,0.24839960038661957,0.24218825,0.006211350386619574,0.25961387157440186,0.26746652,0.00785264842559813,0.4035308361053467,0.41629732,0.012766483894653347
nearest_neighbor_baseline,408,93339,53302,0.687950849533081,0.8833435773849487,0.87701637,0.006327207384948741,10.969892501831055,11.215318,0.2454254981689452,0.2265973538160324,0.20359962,0.0229977338160324,0.2324250042438507,0.21175574,0.02066926424385071,0.28458836674690247,0.32320172,0.03861335325309756
nearest_neighbor_baseline,409,85142,22891,0.25480300188064575,0.6428617835044861,0.660475,0.01761321649551395,22.915468215942383,22.539038,0.37643021594238135,0.7809208631515503,0.78928775,0.008366886848449662,0.7830028533935547,0.7919403,0.008937446606445354,0.15599261224269867,0.14180689,0.014185722242698678
nearest_neighbor_baseline,410,29771,72963,0.9460136294364929,0.13884134590625763,0.093164235,0.04567711090625763,31.250303268432617,32.212555,0.9622517315673846,0.3176781237125397,0.3261667,0.008488576287460303,0.31903672218322754,0.32947475,0.010438027816772444,0.1447547972202301,0.1435537,0.0012010972202300962
nearest_neighbor_baseline,411,96187,85043,0.6619349122047424,0.7207030653953552,0.6870739,0.03362916539535521,17.276941299438477,17.462496,0.185554700561525,0.30343419313430786,0.35679868,0.05336448686569212,0.30814552307128906,0.36313614,0.054990616928710934,0.232503741979599,0.23593065,0.0034269080204009927
nearest_neighbor_baseline,412,15985,90936,0.39978620409965515,0.9365943670272827,0.93979496,0.003200592972717242,14.722412109375,14.546271,0.17614110937499916,0.44779109954833984,0.4555793,0.007788200451660177,0.45312193036079407,0.46029684,0.0071749096392059175,0.24310149252414703,0.21690576,0.02619573252414703
nearest_neighbor_baseline,413,70015,39352,0.2060116082429886,0.9701718091964722,0.96610206,0.004069749196472183,11.060283660888672,10.955995,0.10428866088867217,0.2839851677417755,0.29586053,0.011875362258224498,0.29505568742752075,0.3035099,0.008454212572479247,0.316685289144516,0.32777035,0.011085060855483997
nearest_neighbor_baseline,414,15545,28796,0.534160315990448,0.4162636399269104,0.4475488,0.031285160073089624,20.88472557067871,21.256071,0.37134542932128767,0.21162453293800354,0.2223608,0.010736267061996457,0.22095274925231934,0.23887521,0.01792246074768067,0.30072885751724243,0.3126221,0.011893242482757582
nearest_neighbor_baseline,415,118759,59139,0.36571207642555237,0.971948504447937,0.9736429,0.001694395552062966,2.1435046195983887,2.072812,0.0706926195983888,0.42806974053382874,0.4496887,0.02161895946617126,0.45768308639526367,0.47154343,0.013860343604736314,0.3211362361907959,0.30519414,0.015942096190795896
nearest_neighbor_baseline,416,53776,98991,1.1569089889526367,0.23005062341690063,0.25168735,0.02163672658309934,21.45741844177246,17.494328,3.9630904417724615,0.2310067117214203,0.22433883,0.006667881721420299,0.24358873069286346,0.24548428,0.0018955493071365348,0.40268802642822266,0.4572499,0.05456187357177733
nearest_neighbor_baseline,417,105268,22081,0.7884533405303955,0.31538519263267517,0.3014636,0.013921592632675173,20.087217330932617,19.404078,0.6831393309326188,0.2522185146808624,0.28241053,0.030192015319137566,0.258868932723999,0.29699707,0.03812813727600095,0.28952205181121826,0.32189697,0.03237491818878174
nearest_neighbor_baseline,418,399,74135,0.3364143669605255,0.873120903968811,0.85204136,0.021079543968811065,15.462615013122559,15.314283,0.14833201312255895,0.21265830099582672,0.20758916,0.005069140995826726,0.21537521481513977,0.2106899,0.004685314815139757,0.20967455208301544,0.21691096,0.007236407916984572
nearest_neighbor_baseline,419,10504,126415,0.6349629759788513,0.7169972062110901,0.74112934,0.024132133788909882,19.69626808166504,20.859688,1.1634199183349594,0.26212701201438904,0.24638127,0.015745742014389025,0.2943459451198578,0.2663435,0.028002445119857777,0.5268670916557312,0.494652,0.03221509165573122
nearest_neighbor_baseline,420,2064,82589,0.5070827007293701,0.5179499387741089,0.48315126,0.03479867877410886,24.845233917236328,26.02192,1.1766860827636734,0.22905448079109192,0.23358752,0.004533039208908074,0.2364475578069687,0.23651955,7.19921930313061e-05,0.2442612200975418,0.22982325,0.014437970097541802
nearest_neighbor_baseline,421,101804,5169,0.8916035294532776,0.31859928369522095,0.36313397,0.044534686304779025,27.93948745727539,26.42509,1.5143974572753898,0.4325834810733795,0.4244968,0.00808668107337951,0.4974905848503113,0.51612735,0.018636765149688705,0.5426492094993591,0.54545176,0.0028025505006408213
nearest_neighbor_baseline,422,78183,134523,0.3140440285205841,0.9863986968994141,0.97241265,0.013986046899414073,10.077900886535645,10.355257,0.2773561134643554,0.3853236734867096,0.38947734,0.0041536665132904105,0.3896351456642151,0.3976851,0.008049954335784926,0.2770436406135559,0.29418844,0.017144799386444087
nearest_neighbor_baseline,423,1379,124843,0.5981113314628601,0.6000017523765564,0.59867984,0.0013219123765564333,22.921913146972656,23.300983,0.3790698530273424,0.2872658967971802,0.2653468,0.021919096797180182,0.312388151884079,0.30563372,0.006754431884078982,0.4561704695224762,0.45186168,0.0043087895224762085
nearest_neighbor_baseline,424,104686,50403,0.6857138872146606,0.30065950751304626,0.33428624,0.03362673248695375,25.786678314208984,25.671724,0.11495431420898328,0.2278086096048355,0.2252977,0.0025109096048355206,0.2344859391450882,0.23285809,0.001627849145088206,0.3231961131095886,0.29209477,0.03110134310958862
nearest_neighbor_baseline,425,74551,102454,0.3854358196258545,0.9865632653236389,0.9640703,0.02249296532363887,8.030985832214355,8.061404,0.0304181677856441,0.34308966994285583,0.3266203,0.01646936994285586,0.34796780347824097,0.33938453,0.00858327347824095,0.3017958402633667,0.32232115,0.0205253097366333
nearest_neighbor_baseline,426,71017,100312,0.2950451970100403,0.8803045749664307,0.855834,0.02447057496643068,18.9532470703125,18.255991,0.6972560703124984,0.34632259607315063,0.33403835,0.012284246073150651,0.34950223565101624,0.33785176,0.011650475651016234,0.2185562551021576,0.2351786,0.016622344897842395
nearest_neighbor_baseline,427,137398,55102,0.6401903033256531,0.30007249116897583,0.31972533,0.019652838831024144,25.525480270385742,25.776886,0.2514057296142589,0.2112255096435547,0.22954065,0.018315140356445325,0.21415188908576965,0.23410827,0.019956380914230354,0.17389658093452454,0.20473331,0.030836729065475466
nearest_neighbor_baseline,428,102077,80009,0.6941543817520142,0.5690329670906067,0.60189754,0.032864572909393264,19.82123565673828,18.60164,1.2195956567382815,0.47184449434280396,0.48617184,0.014327345657196067,0.47333088517189026,0.4875026,0.01417171482810975,0.1283928006887436,0.11828915,0.010103650688743596
nearest_neighbor_baseline,429,135278,20029,0.2181801050901413,0.9355117678642273,0.93709314,0.0015813721357726962,14.214653968811035,14.612816,0.3981620311889653,0.25255122780799866,0.25041947,0.00213175780799868,0.26043859124183655,0.2710377,0.010599108758163445,0.3713005483150482,0.38893855,0.017638001684951776
nearest_neighbor_baseline,430,47049,79863,1.0656347274780273,0.6205065250396729,0.68625176,0.06574523496032714,21.93765640258789,21.581131,0.35652540258789145,0.3159600794315338,0.30810326,0.007856819431533824,0.4750039279460907,0.42385277,0.05115115794609071,0.9036843776702881,0.87158567,0.03209870767028811
nearest_neighbor_baseline,431,117119,50453,0.6054343581199646,0.42526113986968994,0.4168812,0.008379939869689934,24.89058494567871,25.275162,0.38457705432129075,0.2526341676712036,0.21883665,0.03379751767120362,0.2580474317073822,0.22762202,0.030425411707382194,0.2710675895214081,0.2679944,0.0030731895214080596
nearest_neighbor_baseline,432,84365,35491,0.2779846787452698,0.9415913224220276,0.9435291,0.0019377775779724216,11.89293098449707,11.115973,0.77695798449707,0.213419571518898,0.20686091,0.006558661518898001,0.23018740117549896,0.22173175,0.008455651175498957,0.45588210225105286,0.47151893,0.015636827748947146
nearest_neighbor_baseline,433,13915,98295,0.48177051544189453,0.8965595960617065,0.90928966,0.012730063938293457,15.336670875549316,14.92835,0.4083208755493164,0.29607224464416504,0.3106316,0.014559355355834969,0.3120155930519104,0.3218303,0.009814706948089613,0.3850846290588379,0.35969543,0.025389199058837908
nearest_neighbor_baseline,434,95322,62834,0.636368453502655,0.7268816828727722,0.71406585,0.012815832872772215,20.8465633392334,21.631275,0.7847116607666003,0.4387925863265991,0.4288585,0.009934086326599145,0.449515163898468,0.4460244,0.00349076389846803,0.37174683809280396,0.38872296,0.01697612190719605
nearest_neighbor_baseline,435,113633,20327,1.0939465761184692,0.09167900681495667,0.07876922,0.012909786814956664,28.097532272338867,27.292582,0.8049502723388677,0.3619767725467682,0.30663913,0.055337642546768206,0.38398170471191406,0.3197184,0.06426330471191405,0.30050233006477356,0.26566666,0.03483567006477356
nearest_neighbor_baseline,436,102066,75747,0.7160540223121643,0.5758072733879089,0.5586218,0.01718547338790899,22.18508529663086,23.580378,1.3952927033691402,0.24234239757061005,0.2578641,0.015521702429389939,0.2640347480773926,0.27516028,0.011125531922607401,0.390783429145813,0.35782245,0.032960979145812974
nearest_neighbor_baseline,437,106077,92282,0.5174156427383423,0.8043293356895447,0.7690482,0.03528113568954472,17.720550537109375,18.016954,0.29640346289062336,0.3067189157009125,0.2792818,0.02743711570091245,0.33220595121383667,0.32162344,0.010582511213836687,0.5280234813690186,0.51135635,0.01666713136901854
nearest_neighbor_baseline,438,46341,84106,0.7184270024299622,0.6984782814979553,0.62897617,0.06950211149795538,17.51690101623535,19.251526,1.7346249837646468,0.3629206120967865,0.35030138,0.012619232096786503,0.37081408500671387,0.35636353,0.014450555006713883,0.2667410969734192,0.26995966,0.0032185630265808007
nearest_neighbor_baseline,439,16037,9211,0.3047475516796112,0.8952442407608032,0.89046806,0.004776180760803217,16.8349666595459,17.426674,0.5917073404541,0.2552831470966339,0.2705322,0.01524905290336609,0.2654739320278168,0.28827265,0.022798717972183247,0.3777834475040436,0.37918258,0.0013991324959564122
nearest_neighbor_baseline,440,39875,31158,0.31086841225624084,0.9648287892341614,0.969594,0.004765210765838579,9.011101722717285,9.881126,0.8700242772827149,0.2497548758983612,0.25358987,0.003834994101638789,0.25446924567222595,0.2587054,0.004236154327774022,0.27088651061058044,0.25548974,0.015396770610580424
nearest_neighbor_baseline,441,69920,78412,0.3806915879249573,0.6727067232131958,0.6708246,0.0018821232131958077,24.10548210144043,23.49503,0.6104521014404298,0.6417860984802246,0.6468565,0.005070401519775336,0.6429046392440796,0.6485633,0.005658660755920364,0.13614913821220398,0.17294164,0.03679250178779603
nearest_neighbor_baseline,442,111315,61963,0.47660118341445923,0.7979943752288818,0.8016627,0.0036683247711181144,21.199068069458008,19.986227,1.2128410694580083,0.42026132345199585,0.4438819,0.023620576548004146,0.4277438819408417,0.4502332,0.022489318059158325,0.32624247670173645,0.32970843,0.0034659532982635466
nearest_neighbor_baseline,443,16068,126446,0.37363314628601074,0.7956988215446472,0.791598,0.004100821544647193,12.850885391235352,13.676237,0.8253516087646489,0.26547443866729736,0.25744924,0.00802519866729734,0.27184489369392395,0.26838863,0.0034562636939239333,0.248330220580101,0.26368243,0.01535220941989901
nearest_neighbor_baseline,444,104964,19471,0.34095391631126404,0.9811099767684937,0.9706099,0.010500076768493627,9.490602493286133,10.290705,0.8001025067138681,0.25929251313209534,0.2600145,0.0007219868679046448,0.2743382453918457,0.27200693,0.002331315391845723,0.39152055978775024,0.41036358,0.01884302021224976
nearest_neighbor_baseline,445,57652,100325,0.7027378678321838,0.540473997592926,0.48900244,0.05147155759292604,18.852441787719727,21.435978,2.583536212280272,0.24611851572990417,0.25333387,0.007215354270095842,0.25740697979927063,0.2627498,0.005342820200729348,0.35893380641937256,0.35750073,0.0014330764193725698
nearest_neighbor_baseline,446,52960,33646,0.9355207681655884,0.35390326380729675,0.35469022,0.0007869561927032476,24.127641677856445,23.876146,0.2514956778564468,0.23579585552215576,0.26085445,0.025058594477844254,0.2471468448638916,0.2810055,0.03385865513610842,0.37589484453201294,0.44404155,0.06814670546798707
nearest_neighbor_baseline,447,22311,68364,0.9449980854988098,0.950313925743103,0.86890393,0.08140999574310304,5.764759540557861,5.2734604,0.49129914055786106,0.45830249786376953,0.48190168,0.023599182136230468,0.47433650493621826,0.49637008,0.02203357506378173,0.29751792550086975,0.25977257,0.03774535550086977
nearest_neighbor_baseline,448,105304,116578,0.5320993065834045,0.7263702750205994,0.66965634,0.056713935020599404,21.26321792602539,21.440884,0.17766607397460987,0.3139190673828125,0.31923956,0.005320492617187478,0.317751944065094,0.32258534,0.004833395934906004,0.2367023378610611,0.22870527,0.007997067861061108
nearest_neighbor_baseline,449,35061,57017,0.5411917567253113,0.8741753697395325,0.85199964,0.022175729739532524,10.539876937866211,10.282875,0.2570019378662103,0.3299449682235718,0.33762363,0.0076786617764282306,0.3350287079811096,0.34471473,0.009686022018890406,0.26798754930496216,0.24079955,0.027187999304962157
nearest_neighbor_baseline,450,16182,90664,0.6009011268615723,0.567211925983429,0.57321054,0.005998614016571091,15.916611671447754,15.980522,0.06391032855224665,0.3056979775428772,0.30753973,0.0018417524571228139,0.3180001676082611,0.33023635,0.012236182391738903,0.35483884811401367,0.41290957,0.05807072188598633
nearest_neighbor_baseline,451,1662,14404,1.124161958694458,0.018395867198705673,0.015325507,0.003070360198705673,20.344520568847656,16.445606,3.8989145688476547,0.2111910730600357,0.23911263,0.027921556939964287,0.21755348145961761,0.24526525,0.027711768540382375,0.30364730954170227,0.23326856,0.07037874954170226
nearest_neighbor_baseline,452,90083,89736,0.46730372309684753,0.6452372074127197,0.61277336,0.03246384741271968,19.680830001831055,20.114727,0.4338969981689438,0.2172694057226181,0.22514631,0.007876904277381885,0.22571367025375366,0.23401982,0.008306149746246327,0.3637133836746216,0.37312427,0.009410886325378398
nearest_neighbor_baseline,453,70281,105297,1.0510607957839966,0.06822076439857483,0.10011466,0.031893895601425165,27.82720375061035,30.22186,2.394656249389648,0.37626415491104126,0.39037156,0.014107405088958747,0.38461437821388245,0.39583242,0.011218041786117572,0.2630038261413574,0.17524615,0.08775767614135743
nearest_neighbor_baseline,454,33665,68975,0.5095342993736267,0.659107506275177,0.6619706,0.0028630937248229626,20.575668334960938,20.114,0.46166833496093673,0.2682785093784332,0.251009,0.017269509378433245,0.27397310733795166,0.25614774,0.017825367337951648,0.27074143290519714,0.26009503,0.010646402905197139
nearest_neighbor_baseline,455,102212,47367,0.46335315704345703,0.883532702922821,0.8647998,0.018732902922821038,9.918380737304688,8.874828,1.0435527373046867,0.34529733657836914,0.32233503,0.022962306578369118,0.3586941957473755,0.32824504,0.0304491557473755,0.2878779470920563,0.2880843,0.00020635290794374095
nearest_neighbor_baseline,456,40612,32468,0.6383969783782959,0.33269914984703064,0.36501986,0.032320710152969334,20.90017318725586,19.7475,1.1526731872558607,0.2332918345928192,0.26429716,0.03100532540718076,0.23771633207798004,0.2701042,0.032387867922019975,0.22257380187511444,0.25007695,0.02750314812488558
nearest_neighbor_baseline,457,103700,132908,0.29207077622413635,0.9651830792427063,0.97857314,0.013390060757293654,7.371231555938721,8.012368,0.6411364440612797,0.2082797735929489,0.22568129,0.017401516407051093,0.2350481152534485,0.24334335,0.008295234746551527,0.4854432940483093,0.5032514,0.01780810595169069
nearest_neighbor_baseline,458,48622,56165,0.3458336591720581,0.054371271282434464,0.04867287,0.0056984012824344635,31.946138381958008,32.28031,0.33417161804199225,0.8143859505653381,0.80906403,0.00532192056533809,0.8168058395385742,0.81249875,0.004307089538574171,0.14968062937259674,0.17129473,0.021614100627403265
nearest_neighbor_baseline,459,130470,1766,0.5273389220237732,0.7851247191429138,0.82274085,0.03761613085708615,16.727750778198242,16.94025,0.21249922180175673,0.24515335261821747,0.23337804,0.01177531261821746,0.25602132081985474,0.24175075,0.01427057081985475,0.31409797072410583,0.34210002,0.02800204927589417
nearest_neighbor_baseline,460,58811,37780,0.5971617102622986,0.2911939322948456,0.31947726,0.028283327705154404,23.94988441467285,22.775103,1.1747814146728501,0.21970237791538239,0.21885704,0.0008453379153823826,0.2583606541156769,0.2390014,0.019359254115676877,0.559674859046936,0.54421633,0.01545852904693601
nearest_neighbor_baseline,461,83443,39872,0.6674126386642456,0.6801043748855591,0.7337999,0.05369552511444087,19.9776554107666,20.56803,0.5903745892333987,0.22871235013008118,0.2604,0.031687649869918844,0.27157995104789734,0.2886654,0.017085448952102678,0.5433500409126282,0.5359168,0.007433240912628203
nearest_neighbor_baseline,462,121868,89410,0.43998146057128906,0.6364457011222839,0.65869087,0.022245168877716104,23.174673080444336,22.659275,0.515398080444335,0.2778935730457306,0.28444415,0.006550576954269416,0.28088805079460144,0.29000148,0.009113429205398538,0.26986685395240784,0.24691032,0.022956533952407848
nearest_neighbor_baseline,463,83272,120312,0.3878181278705597,0.849092423915863,0.86973745,0.020645026084136986,18.888580322265625,19.233873,0.3452926777343741,0.21891656517982483,0.23482433,0.01590776482017517,0.2285488396883011,0.24548665,0.016937810311698914,0.363439679145813,0.39032185,0.026882170854187037
nearest_neighbor_baseline,464,118179,22447,0.29651960730552673,0.933631420135498,0.9426444,0.009012979864502002,9.759995460510254,10.715453,0.9554575394897462,0.2425062358379364,0.24870545,0.006199214162063593,0.25067663192749023,0.25611576,0.005439128072509791,0.28600209951400757,0.28264108,0.0033610195140075794
nearest_neighbor_baseline,465,24382,20295,0.5163251757621765,0.9451375603675842,0.949273,0.004135439632415805,8.33080005645752,8.3491955,0.018395443542480905,0.2868700921535492,0.2618289,0.02504119215354922,0.3450447916984558,0.30587384,0.0391709516984558,0.5959197878837585,0.5935135,0.0024062878837585178
nearest_neighbor_baseline,466,6267,96932,0.7322595119476318,0.2398124784231186,0.19839948,0.0414129984231186,28.877981185913086,29.703096,0.8251148140869127,0.39269351959228516,0.37819213,0.014501389592285141,0.3955920934677124,0.38099542,0.014596673467712429,0.2343214750289917,0.22007759,0.01424388502899171
nearest_neighbor_baseline,467,121344,75090,0.3999520242214203,0.8479082584381104,0.84843093,0.000522671561889676,12.77524471282959,12.07403,0.7012147128295894,0.38658609986305237,0.38128123,0.005304869863052342,0.39032119512557983,0.38418144,0.006139755125579849,0.1639949232339859,0.19278978,0.028794856766014093
nearest_neighbor_baseline,468,128366,115531,1.2644566297531128,0.37815237045288086,0.31194627,0.06620610045288083,19.82898712158203,20.057972,0.22898487841796822,0.40852776169776917,0.46503207,0.056504308302230855,0.41520580649375916,0.4673155,0.05210969350624084,0.193081796169281,0.14357163,0.049510166169281
nearest_neighbor_baseline,469,98349,52586,0.5309314131736755,0.4757075905799866,0.5140788,0.038371209420013375,25.27536964416504,25.174053,0.10131664416503838,0.2546086609363556,0.25718194,0.002573279063644407,0.2623421251773834,0.26548454,0.0031424148226165682,0.2753068506717682,0.29700541,0.021698559328231837
nearest_neighbor_baseline,470,3557,25845,0.9988843202590942,0.19599567353725433,0.1910429,0.004952773537254346,30.737382888793945,30.054562,0.6828208887939446,0.46424615383148193,0.48884574,0.02459958616851804,0.4774435758590698,0.49314195,0.01569837414093017,0.3120713233947754,0.2738882,0.038183123394775365
nearest_neighbor_baseline,471,78673,68236,0.40420249104499817,0.8332796096801758,0.8353903,0.002110690319824249,11.503466606140137,11.830295,0.32682839385986284,0.3553992509841919,0.34254083,0.012858420984191876,0.35816487669944763,0.3448896,0.013275276699447613,0.17411194741725922,0.17432255,0.00021060258274077648
nearest_neighbor_baseline,472,67036,32394,0.673071026802063,0.31235337257385254,0.25232223,0.06003114257385256,19.316150665283203,20.028503,0.7123523347167975,0.22035889327526093,0.24326368,0.022904786724739085,0.2247815579175949,0.25040963,0.025628072082405084,0.2428320050239563,0.25297165,0.010139644976043694
nearest_neighbor_baseline,473,90314,96022,0.7031040787696838,0.6076844334602356,0.59844345,0.009240983460235608,19.498620986938477,18.507324,0.991296986938476,0.30148664116859436,0.3182068,0.01672015883140565,0.3732302188873291,0.39481357,0.0215833511126709,0.5448051691055298,0.6019837,0.057178530894470225
nearest_neighbor_baseline,474,940,31356,0.3642733693122864,0.9257781505584717,0.9155832,0.010194950558471638,16.19383430480957,15.432462,0.7613723048095711,0.26821255683898926,0.2557515,0.012461056838989237,0.27360793948173523,0.26055193,0.013056009481735242,0.30320122838020325,0.2894064,0.013794828380203239
nearest_neighbor_baseline,475,60928,116301,0.9500139355659485,0.1645459532737732,0.1662858,0.001739846726226818,21.89728546142578,21.128765,0.7685204614257799,0.27311986684799194,0.294074,0.02095413315200806,0.2818814516067505,0.3030115,0.0211300483932495,0.29719653725624084,0.28033528,0.016861257256240825
nearest_neighbor_baseline,476,113164,98125,0.6508912444114685,0.35172945261001587,0.33617508,0.015554372610015854,20.802125930786133,21.141315,0.33918906921386593,0.2267320603132248,0.23916873,0.012436669686775204,0.24365411698818207,0.25264388,0.00898976301181792,0.44678637385368347,0.43631202,0.010474353853683449
nearest_neighbor_baseline,477,84492,64023,0.6430842280387878,0.45732051134109497,0.49052718,0.033206668658905036,20.918636322021484,20.457476,0.4611603220214846,0.3496672511100769,0.37951455,0.029847298889923102,0.3512129783630371,0.3818304,0.030617421636962905,0.15198643505573273,0.16833334,0.01634690494426727
nearest_neighbor_baseline,478,12666,93934,0.8662276864051819,0.4085996747016907,0.45570648,0.04710680529830935,18.00264549255371,20.047976,2.0453305074462875,0.3819105327129364,0.3654662,0.016444332712936383,0.38644126057624817,0.36740986,0.019031400576248192,0.18586598336696625,0.18089235,0.00497363336696624
nearest_neighbor_baseline,479,105631,126961,0.40627092123031616,0.9894272089004517,0.98829424,0.0011329689004516696,2.4524848461151123,2.354413,0.09807184611511222,0.3938930034637451,0.3601907,0.03370230346374514,0.44869017601013184,0.47650057,0.027810393989868176,0.655064582824707,0.633335,0.02172958282470705
nearest_neighbor_baseline,480,6080,13063,0.7634496092796326,0.19051040709018707,0.1844303,0.006080107090187081,25.692960739135742,26.261986,0.5690252608642581,0.22455181181430817,0.19996451,0.024587301814308155,0.2523265779018402,0.2109612,0.04136537790184022,0.3519774377346039,0.34405375,0.00792368773460389
nearest_neighbor_baseline,481,112172,22053,0.18987052142620087,0.9813107848167419,0.9841253,0.0028145151832580373,10.2353515625,10.221961,0.013390562499999703,0.17310236394405365,0.1778399,0.004737536055946345,0.19407160580158234,0.20346832,0.009396714198417672,0.567470371723175,0.5767278,0.009257428276824964
nearest_neighbor_baseline,482,138859,53927,0.7136695384979248,0.16352999210357666,0.1520367,0.011493292103576663,24.49028205871582,24.452404,0.03787805871581895,0.1971491128206253,0.20982838,0.012679267179374704,0.2272440642118454,0.23539537,0.008151305788154595,0.5473098158836365,0.53203994,0.015269875883636486
nearest_neighbor_baseline,483,74622,5037,0.9245223999023438,0.4434506595134735,0.4767871,0.03333644048652651,18.86874771118164,16.993988,1.874759711181639,0.4225439131259918,0.4260383,0.0034943868740081596,0.42622047662734985,0.4275707,0.0013502233726501722,0.2166305035352707,0.15325525,0.06337525353527068
nearest_neighbor_baseline,484,139914,59200,0.6647816300392151,0.6707735657691956,0.60125834,0.06951522576919555,16.483396530151367,16.958212,0.47481546984863243,0.42412421107292175,0.4294457,0.005321488927078233,0.4271903932094574,0.4326774,0.005487006790542592,0.2006421834230423,0.2092386,0.0085964165769577
nearest_neighbor_baseline,485,83547,82082,0.44205012917518616,0.544799268245697,0.5442518,0.0005474682456970692,23.95042610168457,23.89097,0.05945610168457094,0.2749057114124298,0.2776508,0.002745088587570166,0.28552961349487305,0.29399607,0.008466456505126951,0.3445264399051666,0.35163072,0.007104280094833382
nearest_neighbor_baseline,486,131164,119115,0.30054375529289246,0.9122698307037354,0.91872776,0.006457929296264653,17.696271896362305,17.807226,0.11095410363769531,0.3082001209259033,0.28880164,0.019398480925903294,0.31455108523368835,0.29349345,0.021057635233688365,0.29592597484588623,0.3012433,0.005317325154113761
nearest_neighbor_baseline,487,9691,65421,0.7210293412208557,0.021846333518624306,0.028795075,0.006948741481375694,23.590974807739258,22.918543,0.6724318077392581,0.22526158392429352,0.21407782,0.011183763924293516,0.23081161081790924,0.21675098,0.014060630817909231,0.24160487949848175,0.19131288,0.05029199949848176
nearest_neighbor_baseline,488,28543,53480,0.31333211064338684,0.5999128818511963,0.5932763,0.00663658185119631,23.738595962524414,24.09589,0.35729403747558663,0.7084805369377136,0.72097486,0.012494323062286372,0.7113373875617981,0.72391874,0.01258135243820191,0.21601860225200653,0.20189045,0.014128152252006532
nearest_neighbor_baseline,489,125136,2837,0.6011242270469666,0.8138170838356018,0.8260569,0.012239816164398176,14.160627365112305,14.227068,0.06644063488769447,0.2419450283050537,0.24131638,0.0006286483050537139,0.25969329476356506,0.25510925,0.004584044763565054,0.47774049639701843,0.5063876,0.028647103602981616
nearest_neighbor_baseline,490,131652,13178,0.5387423038482666,0.7843496799468994,0.7878926,0.00354292005310064,12.628969192504883,13.793733,1.1647638074951168,0.2574283480644226,0.25734174,8.660806442262192e-05,0.2627028822898865,0.26478523,0.002082347710113508,0.2797011733055115,0.30030662,0.02060544669448855
nearest_neighbor_baseline,491,108996,87076,0.4274124205112457,0.6551054120063782,0.6463978,0.008707612006378151,18.050697326660156,18.433767,0.3830696733398433,0.20881178975105286,0.22445075,0.015638960248947148,0.21867604553699493,0.23514926,0.016473214463005065,0.33391451835632324,0.33046016,0.0034543583563232394
nearest_neighbor_baseline,492,29005,133129,0.9230805039405823,0.17890551686286926,0.20532067,0.026415153137130748,24.815631866455078,23.252842,1.562789866455077,0.278522789478302,0.29176506,0.013242270521698019,0.2814905643463135,0.30648866,0.024998095653686547,0.21419814229011536,0.26212054,0.047922397709884657
nearest_neighbor_baseline,493,101393,91345,0.30669650435447693,0.9624407887458801,0.97677594,0.014335151254119882,7.166391849517822,8.158229,0.9918371504821781,0.2332841455936432,0.21904571,0.014238435593643184,0.2571779191493988,0.23619747,0.02098044914939881,0.437736451625824,0.42445773,0.013278721625823997
nearest_neighbor_baseline,494,122704,64587,0.32323428988456726,0.9614615440368652,0.9644431,0.0029815559631347632,6.101105213165283,7.3163295,1.215224286834717,0.2849957048892975,0.28776467,0.002768965110702515,0.2943706214427948,0.29492864,0.0005580185572052199,0.30333226919174194,0.30807558,0.004743310808258072
nearest_neighbor_baseline,495,125106,128892,0.3619120717048645,0.8982007503509521,0.8992788,0.0010780496490478964,11.384359359741211,10.887625,0.49673435974121105,0.27027732133865356,0.27677312,0.006495798661346419,0.2741226851940155,0.28129256,0.007169874805984522,0.22870011627674103,0.2487881,0.020087983723258984
nearest_neighbor_baseline,496,75960,116437,1.8297128677368164,0.49582499265670776,0.46906823,0.02675676265670779,22.033185958862305,21.150536,0.8826499588623058,0.23437516391277313,0.27265495,0.038279786087226875,0.3335024118423462,0.40545577,0.0719533581576538,1.0244114398956299,1.0028958,0.02151563989562999
nearest_neighbor_baseline,497,36206,45112,0.3311706781387329,0.9189788103103638,0.900502,0.018476810310363745,15.54964828491211,16.006483,0.45683471508789,0.24957427382469177,0.24003118,0.009543093824691762,0.2522779405117035,0.24343659,0.008841350511703483,0.20093929767608643,0.21117835,0.010239052323913561
nearest_neighbor_baseline,498,44081,118334,0.7314143180847168,0.44837686419487,0.48291755,0.03454068580512998,25.406278610229492,24.859468,0.5468106102294925,0.27578336000442505,0.2694692,0.006314160004425029,0.30806949734687805,0.3057245,0.0023449973468780416,0.47880131006240845,0.40265882,0.07614249006240847
nearest_neighbor_baseline,499,66888,31003,0.6516147255897522,0.5231752395629883,0.5534485,0.03027326043701173,20.056903839111328,19.648323,0.4085808391113268,0.3031623065471649,0.26681364,0.0363486665471649,0.31166785955429077,0.27396747,0.03770038955429078,0.2813085913658142,0.2470171,0.03429149136581422
nearest_neighbor_baseline,500,90965,13519,0.827052891254425,0.2850310206413269,0.36743867,0.08240764935867312,26.048294067382812,25.060791,0.9875030673828142,0.3317725956439972,0.3160509,0.01572169564399717,0.33394742012023926,0.31791618,0.016031240120239265,0.17398187518119812,0.16680965,0.007172225181198116
nearest_neighbor_baseline,501,61270,43373,0.7248305678367615,0.11231973022222519,0.11254361,0.00022387977777481305,30.115507125854492,29.078642,1.0368651258544936,0.26797056198120117,0.26134795,0.006622611981201176,0.28678351640701294,0.28369623,0.0030872864070129458,0.39840200543403625,0.4011888,0.002786794565963757
nearest_neighbor_baseline,502,77429,11573,0.5351070165634155,0.7619590759277344,0.7996153,0.037656224072265654,13.030996322631836,12.152144,0.8788523226318361,0.37225574254989624,0.37087217,0.0013835725498962392,0.3755497336387634,0.37332782,0.002221913638763451,0.2077476978302002,0.17462762,0.033120077830200184
nearest_neighbor_baseline,503,124891,131688,0.6383005380630493,0.8813630938529968,0.83551836,0.04584473385299681,7.651170253753662,7.239979,0.41119125375366217,0.23640818893909454,0.24240625,0.005998061060905446,0.25831338763237,0.26068288,0.0023694923676300106,0.4262172281742096,0.3919754,0.03424182817420962
nearest_neighbor_baseline,504,21114,133611,0.8159789443016052,0.3146311342716217,0.36025137,0.04562023572837831,25.237356185913086,25.309942,0.07258581408691356,0.24371346831321716,0.23134136,0.012372108313217167,0.2616834044456482,0.23905241,0.0226309944456482,0.3376723527908325,0.3311226,0.00654975279083253
nearest_neighbor_baseline,505,12097,96082,0.7084691524505615,0.3479665517807007,0.3092958,0.038670751780700674,27.553512573242188,27.611074,0.05756142675781106,0.4042612314224243,0.3988728,0.005388431422424289,0.406304270029068,0.4002728,0.006031470029068009,0.16833807528018951,0.13831599,0.030022085280189514
nearest_neighbor_baseline,506,89472,31834,0.800997793674469,0.5257521271705627,0.57669336,0.0509412328294373,13.891302108764648,12.65129,1.240012108764649,0.3225010931491852,0.32000378,0.0024973131491851652,0.32746097445487976,0.3225815,0.00487947445487974,0.2041102647781372,0.16992757,0.03418269477813721
nearest_neighbor_baseline,507,77221,59121,0.24137736856937408,0.5320029854774475,0.518526,0.013476985477447467,19.716896057128906,19.97889,0.26199394287109357,0.6143049597740173,0.6216082,0.007303240225982721,0.6169378161430359,0.6240617,0.007123883856964164,0.17229650914669037,0.16482972,0.007466789146690356
nearest_neighbor_baseline,508,95413,38014,0.3276754915714264,0.7505175471305847,0.72394794,0.02656960713058476,20.12827491760254,20.154459,0.026184082397460173,0.20788176357746124,0.20893359,0.0010518264225387597,0.2274457961320877,0.21862468,0.00882111613208772,0.4236481785774231,0.4458563,0.022208121422576887
nearest_neighbor_baseline,509,100996,48136,0.39463546872138977,0.9589581489562988,0.9564389,0.0025192489562988474,9.706559181213379,9.109828,0.5967311812133786,0.24817940592765808,0.27242395,0.024244544072341945,0.2710301876068115,0.30015045,0.02912026239318849,0.4602130055427551,0.43811324,0.022099765542755112
nearest_neighbor_baseline,510,17485,119000,0.44906216859817505,0.7291386723518372,0.6937274,0.035411272351837164,23.298120498657227,22.9943,0.3038204986572275,0.306893914937973,0.3045525,0.0023414149379730187,0.3136366307735443,0.31103653,0.0026001007735443338,0.2820262610912323,0.26827884,0.013747421091232281
nearest_neighbor_baseline,511,3401,97808,0.4532850384712219,0.8750001788139343,0.8913892,0.016389021186065666,11.485143661499023,12.079499,0.5943553385009768,0.36106497049331665,0.37830257,0.017237599506683354,0.36572501063346863,0.383051,0.017325989366531347,0.223011314868927,0.26912144,0.04611012513107299
nearest_neighbor_baseline,512,60254,91108,0.4502536654472351,0.5966302156448364,0.56460273,0.03202748564483637,22.86418914794922,22.896826,0.03263685205078204,0.5064731240272522,0.51076835,0.004295225972747785,0.5074434876441956,0.5120907,0.004647212355804453,0.12626685202121735,0.147964,0.021697147978782666
nearest_neighbor_baseline,513,136754,36454,0.3297386169433594,0.9752364158630371,0.96642226,0.008814155863037132,5.605415344238281,6.505414,0.8999986557617188,0.3181275427341461,0.3261024,0.007974857265853896,0.3320183753967285,0.35012406,0.0181056846032715,0.335290789604187,0.34620205,0.010911260395812972
nearest_neighbor_baseline,514,53545,87980,0.8854278922080994,0.06683671474456787,0.04299533,0.023841384744567873,31.88135528564453,28.241432,3.6399232856445316,0.41362103819847107,0.43329823,0.019677191801528937,0.4175381064414978,0.43676203,0.01922392355850222,0.19107092916965485,0.18029302,0.010777909169654848
nearest_neighbor_baseline,515,113601,22791,0.5628364682197571,0.6545194387435913,0.71697736,0.0624579212564087,23.180856704711914,22.600525,0.580331704711913,0.3578623831272125,0.34604067,0.01182171312721253,0.45917168259620667,0.4576096,0.0015620825962066598,0.6443322896957397,0.6331878,0.011144489695739779
nearest_neighbor_baseline,516,53116,72713,0.6148265600204468,0.6237303018569946,0.6291179,0.005387598143005379,24.14480209350586,23.407984,0.7368180935058604,0.24972455203533173,0.270446,0.020721447964668294,0.26754677295684814,0.28097823,0.013431457043151851,0.42242375016212463,0.38807705,0.034346700162124655
nearest_neighbor_baseline,517,119683,114616,0.7066579461097717,0.1468760222196579,0.127303,0.0195730222196579,27.698625564575195,26.036758,1.6618675645751964,0.20774304866790771,0.21456872,0.006825671332092276,0.22165676951408386,0.2284461,0.006789330485916151,0.316959023475647,0.3563548,0.039395776524353054
nearest_neighbor_baseline,518,25525,73661,0.7535516619682312,0.24907666444778442,0.20740697,0.04166969444778443,25.172412872314453,25.58758,0.415167127685546,0.29719629883766174,0.291301,0.0058952988376617665,0.2992246747016907,0.29386115,0.005363524701690658,0.16385330259799957,0.15171261,0.012140692597999575
nearest_neighbor_baseline,519,74800,113719,0.24203333258628845,0.9899411797523499,0.99078375,0.0008425702476501096,9.060714721679688,8.451201,0.6095137216796882,0.24185484647750854,0.22205076,0.01980408647750853,0.25476858019828796,0.24228019,0.012488390198287957,0.46449506282806396,0.4494483,0.015046762828063942
nearest_neighbor_baseline,520,113879,135447,0.46445339918136597,0.5998624563217163,0.6274624,0.027599943678283667,22.794342041015625,23.354504,0.5601619589843736,0.24957095086574554,0.24172638,0.007844570865745554,0.25553277134895325,0.25170487,0.003827901348953222,0.29439547657966614,0.2714628,0.022932676579666134
nearest_neighbor_baseline,521,69146,1242,0.7191897034645081,0.19961516559123993,0.20115994,0.00154477440876008,30.061412811279297,29.14764,0.9137728112792978,0.40949881076812744,0.46051162,0.05101280923187257,0.4131070673465729,0.46329418,0.050187112653427124,0.2076658308506012,0.20273778,0.00492805085060119
nearest_neighbor_baseline,522,88632,17274,0.37492042779922485,0.770027756690979,0.75980604,0.010221716690979044,13.37625789642334,14.048605,0.6723471035766604,0.23571252822875977,0.25357798,0.017865451771240215,0.2383662313222885,0.25748354,0.019117308677711498,0.2152547985315323,0.23213936,0.0168845614684677
nearest_neighbor_baseline,523,37447,58338,0.43426182866096497,0.8946897983551025,0.8724896,0.022200198355102563,20.856327056884766,20.812439,0.04388805688476438,0.3590649366378784,0.36634177,0.007276833362121593,0.361920565366745,0.36842424,0.006503674633255019,0.2288285344839096,0.19080688,0.038021654483909595
nearest_neighbor_baseline,524,43816,128555,0.5206601619720459,0.29682183265686035,0.2899978,0.006824032656860379,27.598407745361328,28.369846,0.7714382546386709,0.5838133692741394,0.58686805,0.00305468072586057,0.5897094011306763,0.5926722,0.002962798869323713,0.2258445769548416,0.26539946,0.03955488304515836
nearest_neighbor_baseline,525,100272,106022,0.7387051582336426,0.0873248428106308,0.097351626,0.010026783189369198,23.952133178710938,24.46244,0.5103068212890634,0.26457446813583374,0.28402218,0.019447711864166273,0.28734952211380005,0.30884877,0.021499247886199946,0.4686637222766876,0.5081417,0.03947797772331241
nearest_neighbor_baseline,526,76662,63435,0.6229773163795471,0.2126607894897461,0.22519776,0.012536970510253903,26.225399017333984,25.94654,0.27885901733398555,0.2067953199148178,0.20812334,0.00132802008518218,0.2289387434720993,0.235612,0.006673256527900684,0.4020758867263794,0.4375678,0.03549191327362061
nearest_neighbor_baseline,527,34621,90992,0.2822013795375824,0.9830207824707031,0.99415547,0.011134687529296916,4.7746734619140625,4.384458,0.3902154619140621,0.25071439146995544,0.25930282,0.008588428530044545,0.3020484745502472,0.3013697,0.0006787745502471743,0.5764896273612976,0.58215326,0.005663632638702398
nearest_neighbor_baseline,528,64552,90302,0.7953218817710876,0.9902624487876892,0.99255604,0.002293591212310764,2.297607421875,1.8965497,0.401057721875,0.5184295177459717,0.511681,0.006748517745971627,0.7956477403640747,0.76698846,0.028659280364074724,0.8266394734382629,0.7937462,0.03289327343826298
nearest_neighbor_baseline,529,4130,104789,0.6734308004379272,0.4279453456401825,0.45041785,0.022472504359817513,26.098339080810547,26.10022,0.0018809191894533228,0.3437512218952179,0.33895403,0.004797191895217878,0.34569159150123596,0.34417996,0.001511631501235955,0.152584969997406,0.21740223,0.064817260002594
nearest_neighbor_baseline,530,100772,118893,0.3219382166862488,0.8142799139022827,0.82990533,0.015625416097717282,18.18027687072754,18.61961,0.4393331292724625,0.20909902453422546,0.2094308,0.0003317754657745364,0.2294229418039322,0.24673145,0.0173085081960678,0.5930328965187073,0.59679496,0.00376206348129271
nearest_neighbor_baseline,531,37382,9383,0.5144910216331482,0.6172882318496704,0.6015729,0.015715331849670444,19.922910690307617,21.649431,1.7265203096923827,0.3733758330345154,0.3594494,0.013926433034515406,0.3842926025390625,0.3744892,0.009803402539062478,0.35545286536216736,0.317012,0.03844086536216734
nearest_neighbor_baseline,532,135707,74499,0.37742406129837036,0.9023832678794861,0.8989567,0.003426567879486031,7.740189552307129,8.576449,0.8362594476928713,0.25499850511550903,0.25781804,0.002819534884490993,0.2764272689819336,0.27081344,0.005613828981933577,0.4542582333087921,0.41956142,0.034696813308792096
nearest_neighbor_baseline,533,14776,74078,0.262935996055603,0.9700474143028259,0.97416437,0.004116955697174074,7.226190090179443,6.6567287,0.569461390179443,0.33262404799461365,0.33006704,0.0025570079946136692,0.34452444314956665,0.33978084,0.0047436031495666775,0.37757736444473267,0.37641975,0.0011576144447326686
nearest_neighbor_baseline,534,52567,63695,0.9867583513259888,0.23445355892181396,0.2479822,0.013528641078186049,30.945703506469727,28.440626,2.505077506469725,0.26029935479164124,0.21846165,0.04183770479164123,0.26708197593688965,0.22998716,0.03709481593688965,0.255085825920105,0.33792156,0.08283573407989503
nearest_neighbor_baseline,535,51687,139630,0.5013331770896912,0.9798611402511597,0.97036743,0.009493710251159637,11.180147171020508,12.073354,0.8932068289794923,0.18303772807121277,0.18807729,0.0050395619287872395,0.22444206476211548,0.22315034,0.001291724762115476,0.7379337549209595,0.7935803,0.055646545079040544
nearest_neighbor_baseline,536,37153,89724,0.6751602292060852,0.5042577385902405,0.4918897,0.012368038590240493,26.329479217529297,25.352304,0.9771752175292967,0.3956095576286316,0.38324153,0.012368027628631595,0.4038251042366028,0.39241588,0.011409224236602789,0.26269328594207764,0.3144274,0.05173411405792239
nearest_neighbor_baseline,537,1655,19962,0.5483312010765076,0.2605871260166168,0.23385225,0.02673487601661681,28.984983444213867,29.57408,0.5890965557861314,0.739484429359436,0.7288262,0.010658229359436056,0.7403205037117004,0.729597,0.010723503711700388,0.1007581576704979,0.1049654,0.004207242329502106
nearest_neighbor_baseline,538,107023,71180,0.6377464532852173,0.3278519809246063,0.36633575,0.03848376907539369,24.23206901550293,23.410688,0.8213810155029293,0.6052346229553223,0.60417295,0.0010616729553222237,0.6081362962722778,0.6083877,0.0002514037277221437,0.19013847410678864,0.20875104,0.018612565893211364
nearest_neighbor_baseline,539,83835,40918,0.2754153907299042,0.9382054805755615,0.92047703,0.017728450575561494,7.527220249176025,8.371471,0.8442507508239743,0.2478940486907959,0.23864922,0.009244828690795903,0.26818642020225525,0.2550316,0.013154820202255224,0.4374743700027466,0.4254453,0.012029070002746556
nearest_neighbor_baseline,540,110879,5390,0.771535336971283,0.8367093205451965,0.84024227,0.0035329494548034246,15.455937385559082,14.098247,1.3576903855590814,0.35586875677108765,0.412862,0.05699324322891236,0.40572622418403625,0.4345449,0.028818675815963757,0.45151081681251526,0.42084295,0.030667866812515265
nearest_neighbor_baseline,541,129267,21524,0.8144726753234863,0.5241235494613647,0.5088033,0.015320249461364788,20.100107192993164,21.498247,1.3981398070068352,0.25765398144721985,0.27294868,0.01529469855278015,0.2744017243385315,0.28468412,0.01028239566146849,0.39531323313713074,0.369901,0.025412233137130757
nearest_neighbor_baseline,542,80496,46190,0.49105027318000793,0.020465271547436714,0.034575075,0.014109803452563283,29.40172576904297,29.888807,0.48708123095703115,0.7207123041152954,0.70585346,0.014858844115295367,0.7214698195457458,0.7071043,0.01436551954574583,0.08337879925966263,0.11547966,0.03210086074033737
nearest_neighbor_baseline,543,20174,23939,0.4591023027896881,0.8589901924133301,0.8334814,0.02550879241333004,12.456812858581543,13.234088,0.7772751414184569,0.2583356201648712,0.280433,0.022097379835128772,0.26279324293136597,0.28704214,0.024248897068634034,0.27387216687202454,0.25779453,0.016077636872024514
nearest_neighbor_baseline,544,31774,19430,0.40529850125312805,0.9661545753479004,0.939248,0.02690657534790042,4.182380199432373,4.6200237,0.4376435005676269,0.2678886353969574,0.27246633,0.004577694603042581,0.27641600370407104,0.27961096,0.0031949562959289746,0.28409039974212646,0.26598975,0.01810064974212644
nearest_neighbor_baseline,545,2806,91501,0.6731628179550171,0.40162187814712524,0.40796944,0.006347561852874772,21.54499053955078,21.9051,0.36010946044921965,0.19865481555461884,0.22408827,0.02543345444538117,0.2522055506706238,0.29959115,0.04738559932937619,0.7347376942634583,0.75054085,0.015803155736541785
nearest_neighbor_baseline,546,79908,116418,0.23712535202503204,0.198795348405838,0.20663439,0.007839041594161988,26.91269302368164,26.539753,0.3729400236816396,0.9308760166168213,0.9282647,0.0026113166168212354,0.931341290473938,0.92886984,0.0024714504739380416,0.0723186656832695,0.075227804,0.0029091383167304946
nearest_neighbor_baseline,547,29620,16647,0.4947962760925293,0.8064866662025452,0.815775,0.009288333797454862,14.84223747253418,15.545132,0.7028945274658209,0.28824982047080994,0.28129026,0.006959560470809922,0.2973409593105316,0.3031637,0.005822740689468364,0.4066024124622345,0.41173542,0.0051330075377655215
nearest_neighbor_baseline,548,50703,41594,0.638207733631134,0.7132768034934998,0.7266238,0.013346996506500286,22.031606674194336,20.732729,1.2988776741943369,0.2315376102924347,0.22863391,0.0029037002924346966,0.2491920292377472,0.23594843,0.013243599237747206,0.4247020483016968,0.4044834,0.020218648301696784
nearest_neighbor_baseline,549,108487,119437,0.4264206886291504,0.8491088151931763,0.8360564,0.013052415193176237,17.868579864501953,17.863283,0.005296864501953991,0.3504922091960907,0.36408868,0.0135964708039093,0.36068248748779297,0.37812954,0.017447052512207017,0.3907487094402313,0.40307897,0.012330260559768658
nearest_neighbor_baseline,550,137915,93275,0.883635938167572,0.24506491422653198,0.24724793,0.0021830157734680222,26.875932693481445,26.48304,0.3928926934814463,0.36747628450393677,0.33372656,0.03374972450393676,0.3913378417491913,0.36532095,0.026016891749191307,0.43698665499687195,0.48030734,0.04332068500312808
nearest_neighbor_baseline,551,58438,50405,0.2667202353477478,0.9893628358840942,0.98803884,0.0013239958840942645,5.622539520263672,6.116672,0.49413247973632846,0.2345944046974182,0.22070016,0.013894244697418207,0.255168080329895,0.23958364,0.015584440329895033,0.45356491208076477,0.44861326,0.004951652080764757
nearest_neighbor_baseline,552,21143,70573,0.42842158675193787,0.782757580280304,0.7788192,0.00393838028030391,18.00336456298828,18.200243,0.19687843701171914,0.3171428442001343,0.29903224,0.018110604200134273,0.3378891944885254,0.31870311,0.01918608448852538,0.4171999394893646,0.43272537,0.015525430510635374
nearest_neighbor_baseline,553,49832,75894,0.24450819194316864,0.9294508695602417,0.930598,0.001147130439758337,13.691375732421875,14.218661,0.5272852675781259,0.17174696922302246,0.18666604,0.014919070776977544,0.18852238357067108,0.2013833,0.012860916429328906,0.5067976117134094,0.5146873,0.007889688286590535
nearest_neighbor_baseline,554,9621,115675,0.6822420954704285,0.43624958395957947,0.4122784,0.02397118395957948,19.662731170654297,19.964928,0.3021968293457036,0.22841718792915344,0.22994068,0.001523492070846566,0.24913258850574493,0.25961086,0.010478271494255065,0.3566255271434784,0.41013217,0.053506642856521625
nearest_neighbor_baseline,555,90382,132846,0.680778980255127,0.41721078753471375,0.36652547,0.050685317534713725,22.698959350585938,25.000937,2.301977649414063,0.37601104378700256,0.33578712,0.04022392378700257,0.3849881589412689,0.34686038,0.0381277789412689,0.26395079493522644,0.26807517,0.004124375064773533
nearest_neighbor_baseline,556,104374,86868,0.5099119544029236,0.5667693018913269,0.5745502,0.007780898108673107,22.678709030151367,22.54313,0.13557903015136574,0.40952610969543457,0.4191703,0.009644190304565425,0.4107898771762848,0.42043617,0.009646292823715208,0.14795005321502686,0.15435867,0.006408616784973148
nearest_neighbor_baseline,557,102897,71866,0.6459173560142517,0.48976248502731323,0.48853737,0.001225115027313206,17.408342361450195,18.768845,1.3605026385498036,0.21636006236076355,0.23619995,0.019839887639236442,0.22744008898735046,0.25528818,0.027848091012649512,0.32088226079940796,0.31242603,0.008456230799407938
nearest_neighbor_baseline,558,54633,91096,0.595437228679657,0.18503424525260925,0.1699406,0.015093645252609256,27.381078720092773,28.404053,1.0229742799072277,0.5482679009437561,0.545037,0.00323090094375611,0.5509946942329407,0.5469396,0.004055094232940704,0.19277548789978027,0.13961226,0.053163227899780285
nearest_neighbor_baseline,559,70060,106816,0.466383159160614,0.6273671984672546,0.6315362,0.004169001532745353,19.889942169189453,20.097155,0.20721283081054764,0.37278854846954346,0.38572633,0.012937781530456549,0.3760876953601837,0.3903929,0.014305204639816271,0.21136681735515594,0.23717067,0.025803852644844055
nearest_neighbor_baseline,560,102016,126952,0.2671825587749481,0.9142383337020874,0.92987037,0.015632036297912544,15.239648818969727,15.045594,0.1940548189697271,0.36044037342071533,0.37743837,0.01699799657928469,0.3662412166595459,0.38207573,0.015834513340454104,0.24792428314685822,0.24619722,0.001727063146858221
nearest_neighbor_baseline,561,49983,22518,0.45861709117889404,0.78464674949646,0.7942748,0.009628050503539987,17.161996841430664,17.296724,0.13472715856933704,0.26297450065612793,0.28271684,0.019742339343872095,0.2710926830768585,0.29130936,0.020216676923141497,0.32486021518707275,0.33616364,0.011303424812927232
nearest_neighbor_baseline,562,46417,43586,0.3501168191432953,0.8128947019577026,0.8300228,0.017128098042297313,18.74385643005371,18.867785,0.12392856994629042,0.30515095591545105,0.30040523,0.004745725915451027,0.31025421619415283,0.30494532,0.005308896194152812,0.2664419710636139,0.28056476,0.014122788936386133
nearest_neighbor_baseline,563,103676,56371,0.6204519867897034,0.5160316228866577,0.53584135,0.01980972711334228,23.3746280670166,23.69682,0.3221919329833973,0.3284147381782532,0.28008547,0.04832926817825317,0.331289142370224,0.28281537,0.04847377237022399,0.18255041539669037,0.20950103,0.026950614603309636
nearest_neighbor_baseline,564,104307,110567,0.4286801218986511,0.8396300077438354,0.82662374,0.013006267743835398,18.751483917236328,17.281738,1.4697459172363274,0.2525888979434967,0.2485447,0.004044197943496697,0.2693100571632385,0.26954558,0.00023552283676148145,0.41989102959632874,0.40305954,0.01683148959632874
nearest_neighbor_baseline,565,91888,94149,0.671880841255188,0.561314046382904,0.556569,0.004745046382904072,21.373098373413086,21.1384,0.2346983734130852,0.2554822862148285,0.24153994,0.013942346214828483,0.25781187415122986,0.24434067,0.013471204151229849,0.17656143009662628,0.19871552,0.022154089903373725
nearest_neighbor_baseline,566,129660,59154,0.3102709650993347,0.9779390096664429,0.99202263,0.014083620333557145,6.918233871459961,5.4880505,1.430183371459961,0.25756174325942993,0.25867078,0.0011090367405700574,0.2754790484905243,0.2673578,0.008121248490524313,0.38923588395118713,0.37014934,0.01908654395118714
nearest_neighbor_baseline,567,68192,100864,0.6674334406852722,0.3654899597167969,0.36798972,0.002499760283203145,26.271324157714844,24.716265,1.5550591577148438,0.27361589670181274,0.26536438,0.008251516701812733,0.28545182943344116,0.2838323,0.0016195294334411803,0.36137673258781433,0.36910075,0.007724017412185646
nearest_neighbor_baseline,568,12639,67485,0.463474839925766,0.15946456789970398,0.15887499,0.0005895778997039858,26.9698429107666,26.643608,0.32623491076660116,0.3426044285297394,0.33000398,0.012600448529739405,0.3486355245113373,0.33297437,0.01566115451133726,0.2323767989873886,0.21469231,0.017684488987388614
nearest_neighbor_baseline,569,100153,56006,0.9025875926017761,0.288684606552124,0.24419552,0.044489086552124024,22.760290145874023,24.24337,1.4830798541259753,0.2963811457157135,0.2576526,0.03872854571571349,0.30769774317741394,0.27031475,0.03738299317741395,0.3498859405517578,0.35851282,0.008626879448242197
nearest_neighbor_baseline,570,70656,59376,0.3172130584716797,0.9075087904930115,0.91865546,0.011146669506988505,12.106574058532715,12.471125,0.36455094146728584,0.366314560174942,0.35718575,0.009128810174941993,0.3749234080314636,0.36350662,0.01141678803146362,0.2571761906147003,0.2668871,0.00971090938529967
nearest_neighbor_baseline,571,123777,70444,0.6917591691017151,0.3936569392681122,0.43275505,0.03909811073188779,23.708452224731445,23.107105,0.6013472247314446,0.27108830213546753,0.25684872,0.014239582135467554,0.2747400403022766,0.26370314,0.011036900302276609,0.23135727643966675,0.27922386,0.04786658356033324
nearest_neighbor_baseline,572,79970,95396,0.4459265470504761,0.75124591588974,0.7686641,0.01741818411025997,22.221525192260742,21.870243,0.35128219226074364,0.42028743028640747,0.43748,0.01719256971359251,0.4240671694278717,0.44281736,0.01875019057212829,0.24667653441429138,0.27633426,0.029657725585708616
nearest_neighbor_baseline,573,83530,16081,0.7918039560317993,0.43759387731552124,0.44586882,0.008274942684478759,24.252912521362305,22.929441,1.323471521362304,0.339282363653183,0.31668133,0.022601033653183,0.34880495071411133,0.33990926,0.008895690714111337,0.34951603412628174,0.3637202,0.014204165873718255
nearest_neighbor_baseline,574,50999,51971,0.5588383674621582,0.9848350286483765,0.99352896,0.008693931351623552,5.84528112411499,5.4803944,0.36488672411499046,0.2044074982404709,0.19955805,0.004849448240470899,0.2538316249847412,0.24271014,0.01112148498474122,0.8019239902496338,0.7340186,0.06790539024963382
nearest_neighbor_baseline,575,125945,40793,0.6022731065750122,0.6617963910102844,0.62766373,0.03413266101028445,22.518083572387695,21.978476,0.5396075723876947,0.2306540161371231,0.20862669,0.022027326137123104,0.24545003473758698,0.22099835,0.024451684737586965,0.4685465395450592,0.48816904,0.019622500454940794
nearest_neighbor_baseline,576,27314,83558,0.883819580078125,0.16319718956947327,0.17537346,0.012176270430526742,24.88607406616211,23.672255,1.2138190661621096,0.26631787419319153,0.27379435,0.007476475806808491,0.29192107915878296,0.31168753,0.01976645084121703,0.45519229769706726,0.5252819,0.07008960230293271
nearest_neighbor_baseline,577,69269,67424,0.36612728238105774,0.8763464689254761,0.8555595,0.020786968925476046,13.983262062072754,12.950553,1.0327090620727546,0.24386431276798248,0.2405056,0.003358712767982469,0.25379469990730286,0.25330868,0.00048601990730284816,0.3287627398967743,0.34123018,0.012467440103225702
nearest_neighbor_baseline,578,108908,75661,0.534225344657898,0.24670320749282837,0.25485057,0.00814736250717163,28.400609970092773,27.649908,0.7507019700927735,0.47095051407814026,0.45685756,0.014092954078140263,0.47923147678375244,0.46346062,0.01577085678375245,0.21793276071548462,0.21556951,0.002363250715484627
nearest_neighbor_baseline,579,139818,29962,0.48528197407722473,0.8809592723846436,0.8427517,0.03820757238464356,13.732780456542969,12.5081,1.224680456542968,0.2568306624889374,0.26804525,0.011214587511062635,0.2693197429180145,0.2852381,0.015918357081985468,0.4211501479148865,0.436076,0.014925852085113545
nearest_neighbor_baseline,580,98508,113128,0.41405075788497925,0.5834430456161499,0.63105476,0.047611714383850146,24.216541290283203,24.87715,0.6606087097167972,0.30308184027671814,0.29275542,0.010326420276718151,0.316303551197052,0.2964441,0.019859451197052014,0.25217658281326294,0.26472098,0.012544397186737055
nearest_neighbor_baseline,581,59867,73116,0.36696213483810425,0.78635174036026,0.78773725,0.0013855096397400457,19.86152458190918,19.940672,0.0791474180908196,0.37913084030151367,0.39074472,0.011613879698486318,0.381290078163147,0.39235625,0.011066171836853045,0.19650234282016754,0.18346275,0.013039592820167534
nearest_neighbor_baseline,582,107960,7545,0.2453250139951706,0.9598388075828552,0.9533724,0.006466407582855216,9.41161823272705,9.861614,0.44999576727294865,0.2296341359615326,0.23027451,0.000640374038467395,0.26225849986076355,0.25247434,0.00978415986076353,0.5736263394355774,0.56449246,0.009133879435577419
nearest_neighbor_baseline,583,113742,135832,0.9200924038887024,0.2059524655342102,0.26744822,0.06149575446578981,30.465410232543945,29.145437,1.3199732325439442,0.5298173427581787,0.534603,0.0047856572418213394,0.530400276184082,0.5358465,0.005446223815917972,0.08899329602718353,0.11039409,0.021400793972816468
nearest_neighbor_baseline,584,40824,2563,0.27306222915649414,0.959685206413269,0.95122933,0.008455876413269059,9.86119270324707,10.09479,0.2335972967529294,0.28345462679862976,0.29022178,0.006767153201370224,0.28996187448501587,0.29607192,0.006110045514984119,0.24509912729263306,0.26129594,0.016196812707366948
nearest_neighbor_baseline,585,134630,40453,0.8341348171234131,0.395892471075058,0.41190627,0.016013798924942035,21.61573028564453,22.834793,1.21906271435547,0.2969883680343628,0.32805955,0.031071181965637185,0.2986961901187897,0.33040127,0.03170507988121035,0.1465487778186798,0.16550323,0.01895445218132019
nearest_neighbor_baseline,586,78969,109029,0.4214745759963989,0.9351271390914917,0.9363359,0.0012087609085082995,11.454097747802734,11.504751,0.05065325219726624,0.2768073081970215,0.27798116,0.0011738518029785205,0.28657856583595276,0.29334202,0.006763454164047222,0.35257387161254883,0.35795787,0.005383998387451183
nearest_neighbor_baseline,587,68142,10905,0.4923076629638672,0.8116807341575623,0.8009974,0.010683334157562285,15.064919471740723,13.38691,1.6780094717407223,0.3470000922679901,0.33836082,0.008639272267990106,0.35034507513046265,0.3412181,0.009126975130462622,0.18375562131404877,0.18231064,0.001444981314048771
nearest_neighbor_baseline,588,111405,2068,0.5583066940307617,0.506982684135437,0.47696835,0.030014334135437026,25.01174545288086,25.903982,0.8922365471191398,0.5810651779174805,0.5846743,0.0036091220825195114,0.5885404348373413,0.59656215,0.008021715162658705,0.3093857169151306,0.34771103,0.03832531308486936
nearest_neighbor_baseline,589,2797,47966,0.20984037220478058,0.9000802636146545,0.90631706,0.006236796385345467,14.346893310546875,14.551181,0.2042876894531247,0.23932808637619019,0.25665516,0.017327073623809808,0.2925419509410858,0.28955525,0.002986700941085829,0.475033700466156,0.47952405,0.004490349533843974
nearest_neighbor_baseline,590,83146,11006,0.3153041899204254,0.31402498483657837,0.32539976,0.011374775163421613,27.360916137695312,26.988537,0.3723791376953116,0.7651056051254272,0.77491575,0.009810144874572768,0.7693097591400146,0.77859867,0.0092889108599854,0.20680150389671326,0.21702033,0.010218826103286754
nearest_neighbor_baseline,591,91207,124119,0.6498734951019287,0.36718279123306274,0.33455402,0.03262877123306274,22.299026489257812,22.401274,0.1022475107421883,0.2726902365684509,0.2727487,5.8463431549082845e-05,0.28957492113113403,0.27979276,0.00978216113113406,0.361424058675766,0.3171873,0.044236758675765986
nearest_neighbor_baseline,592,9929,14757,0.526950478553772,0.7648630142211914,0.7346471,0.03021591422119141,12.460173606872559,12.456335,0.0038386068725593248,0.30557501316070557,0.31691405,0.011339036839294436,0.3105498254299164,0.32659796,0.01604813457008364,0.25062474608421326,0.26441398,0.013789233915786736
nearest_neighbor_baseline,593,87728,79973,0.5141299962997437,0.6321619749069214,0.6582459,0.026083925093078664,23.234975814819336,23.619196,0.3842201851806628,0.2675149738788605,0.2640903,0.0034246738788604736,0.2772648334503174,0.2720891,0.00517573345031741,0.30716150999069214,0.2966313,0.010530209990692152
nearest_neighbor_baseline,594,12919,88693,0.725170910358429,0.3543495535850525,0.32047957,0.0338699835850525,28.38206672668457,28.294926,0.08714072668457007,0.6314659118652344,0.63296336,0.0014974481347656,0.6330351829528809,0.63457644,0.00154125704711916,0.14640790224075317,0.1587935,0.01238559775924683
nearest_neighbor_baseline,595,130288,23770,0.38076287508010864,0.8866086602210999,0.8896298,0.0030211397789001726,19.65077781677246,19.973223,0.3224451832275399,0.34243544936180115,0.3568901,0.01445465063819884,0.34632378816604614,0.36138672,0.015062931833953852,0.25904202461242676,0.2740659,0.015023875387573216
nearest_neighbor_baseline,596,37943,78210,0.4329943358898163,0.8756368160247803,0.8334441,0.04219271602478025,18.177095413208008,17.898413,0.27868241320800635,0.4113164246082306,0.39724222,0.014074204608230612,0.41697269678115845,0.40248412,0.014488576781158446,0.2908645272254944,0.28895807,0.0019064572254943735
nearest_neighbor_baseline,597,89595,33991,0.38149094581604004,0.7084093689918518,0.7024166,0.00599276899185186,22.807329177856445,22.61972,0.18760917785644438,0.5734566450119019,0.5739068,0.00045015498809819476,0.5801144242286682,0.5819679,0.0018534757713317696,0.27078405022621155,0.261467,0.009317050226211543
nearest_neighbor_baseline,598,123810,5167,0.5764185786247253,0.33593910932540894,0.2892659,0.046673209325408915,20.574886322021484,20.376766,0.19812032202148444,0.2637503147125244,0.24822108,0.015529234712524403,0.2844908535480499,0.2643944,0.020096453548049953,0.3453657925128937,0.3343902,0.01097559251289365
nearest_neighbor_baseline,599,35838,136389,0.3556663990020752,0.8945454955101013,0.8969147,0.0023692044898986353,14.926966667175293,14.729623,0.19734366717529284,0.2857670187950134,0.26725742,0.018509598795013404,0.2907714545726776,0.27222648,0.01854497457267762,0.25956594944000244,0.24398555,0.015580399440002446
nearest_neighbor_baseline,600,77590,108010,0.5479914546012878,0.6780661940574646,0.68587065,0.0078044559425354265,15.89774227142334,16.724934,0.8271917285766612,0.22971884906291962,0.2235358,0.00618304906291961,0.24044853448867798,0.23076867,0.00967986448867797,0.349123477935791,0.31767005,0.031453427935791034
nearest_neighbor_baseline,601,30470,108565,1.4492534399032593,0.23892894387245178,0.1463244,0.09260454387245179,24.604509353637695,24.497746,0.10676335363769596,0.28790774941444397,0.29790226,0.009994510585556005,0.31613028049468994,0.32059744,0.00446715950531007,0.33486735820770264,0.3295305,0.005336858207702633
nearest_neighbor_baseline,602,27360,27649,0.18503987789154053,0.9624900221824646,0.9592805,0.003209522182464619,13.498139381408691,12.925335,0.5728043814086909,0.2187868058681488,0.22379889,0.005012084131851197,0.23777690529823303,0.24815561,0.010378704701766966,0.5378482937812805,0.546064,0.008215706218719476
nearest_neighbor_baseline,603,115410,26989,0.7581959366798401,0.30952703952789307,0.30424413,0.005282909527893065,23.69149398803711,21.371769,2.319724988037109,0.31004980206489563,0.3089149,0.0011349020648956376,0.31275665760040283,0.31567028,0.0029136223995971933,0.21624621748924255,0.22173005,0.005483832510757458
nearest_neighbor_baseline,604,128538,63533,0.5698437094688416,0.7901442646980286,0.7971967,0.007052435301971416,17.26297950744629,15.311357,1.9516225074462898,0.3320777118206024,0.30972338,0.022354331820602424,0.33481818437576294,0.31354976,0.02126842437576293,0.20422974228858948,0.20261912,0.0016106222885894639
nearest_neighbor_baseline,605,50502,37819,0.8102132081985474,0.06402190029621124,0.062754646,0.0012672542962112454,27.944765090942383,27.072792,0.8719730909423831,0.4317544102668762,0.45650977,0.02475535973312376,0.4644830822944641,0.48401707,0.019533987705535882,0.34926560521125793,0.3588983,0.009632694788742069
nearest_neighbor_baseline,606,100812,87345,0.7299904823303223,0.6894938945770264,0.6605614,0.028932494577026402,12.2002592086792,11.977976,0.22228320867919926,0.2563495337963104,0.25165686,0.004692673796310443,0.25955936312675476,0.25589105,0.003668313126754752,0.16583497822284698,0.20482118,0.03898620177715301
nearest_neighbor_baseline,607,121745,89945,0.6411806344985962,0.27124571800231934,0.2617722,0.009473518002319326,21.95501136779785,22.352373,0.3973616322021485,0.31668081879615784,0.28599292,0.030687898796157853,0.32035699486732483,0.28818053,0.03217646486732484,0.22364898025989532,0.19848569,0.025163290259895332
nearest_neighbor_baseline,608,90430,139608,0.2662280797958374,0.9638568162918091,0.95601225,0.007844566291809074,12.499041557312012,11.907859,0.5911825573120115,0.2099326103925705,0.19964951,0.010283100392570493,0.2272714376449585,0.2385509,0.011279462355041514,0.5852855443954468,0.57430327,0.010982274395446745
nearest_neighbor_baseline,609,113420,23721,0.8546006083488464,0.006430367473512888,0.0067370525,0.0003066850264871121,29.921667098999023,29.635548,0.28611909899902344,0.30206844210624695,0.30677193,0.004703487893753078,0.3047606945037842,0.30984873,0.005088035496215837,0.16914162039756775,0.17768624,0.008544619602432246
nearest_neighbor_baseline,610,97861,94454,0.6288686394691467,0.4582290053367615,0.41429013,0.043938875336761496,21.853225708007812,21.78199,0.07123570800781209,0.2490975558757782,0.26912236,0.020024804124221807,0.2617725133895874,0.28383508,0.022062566610412615,0.3069223165512085,0.30641672,0.0005055965512085203
nearest_neighbor_baseline,611,127102,105086,0.42731285095214844,0.749997615814209,0.75914407,0.009146454185790964,19.42373275756836,19.163265,0.26046775756836027,0.25790244340896606,0.27024958,0.012347136591033925,0.2725223898887634,0.27579156,0.0032691701112365634,0.29953423142433167,0.2775482,0.021986031424331642
nearest_neighbor_baseline,612,19167,579,0.3013019859790802,0.9287552833557129,0.94115186,0.01239657664428706,14.688194274902344,14.36936,0.3188342749023434,0.2296428680419922,0.23768744,0.008044571958007812,0.23839184641838074,0.24619175,0.00779990358161925,0.3369003236293793,0.34416538,0.007265056370620748
nearest_neighbor_baseline,613,55245,104508,0.4332220256328583,0.4398290514945984,0.428266,0.011563051494598409,26.88520622253418,26.549637,0.3355692225341791,0.6994217038154602,0.7042726,0.004850896184539821,0.7005602121353149,0.7059732,0.005412987864685026,0.13270600140094757,0.1516048,0.01889879859905244
nearest_neighbor_baseline,614,48338,90039,0.3195329010486603,0.9701156616210938,0.97351927,0.0034036083789062976,4.267053127288818,4.7573614,0.4903082727111814,0.3345555067062378,0.31469178,0.019863726706237816,0.3580625355243683,0.34727067,0.010791865524368283,0.35163435339927673,0.37109524,0.01946088660072326
nearest_neighbor_baseline,615,125492,55584,0.5148744583129883,0.7919877171516418,0.7796087,0.012379017151641802,8.636075019836426,8.582299,0.05377601983642499,0.2792520821094513,0.31954214,0.04029005789054868,0.28594252467155457,0.32732004,0.04137751532844541,0.28239893913269043,0.27324918,0.00914975913269045
nearest_neighbor_baseline,616,70463,131177,0.6658779978752136,0.5343207716941833,0.4757294,0.058591371694183325,25.241825103759766,25.9048,0.662974896240236,0.2797897756099701,0.27964148,0.00014829560997009494,0.28273433446884155,0.281631,0.0011033344688415325,0.16900216042995453,0.149555,0.019447160429954535
nearest_neighbor_baseline,617,78246,82212,0.9219043850898743,0.09438924491405487,0.062054276,0.03233496891405487,30.581329345703125,31.767565,1.1862356542968762,0.551102340221405,0.57117265,0.02007030977859492,0.5545159578323364,0.5760272,0.021511242167663536,0.16691434383392334,0.17619276,0.009278416166076664
nearest_neighbor_baseline,618,2696,23085,0.45487532019615173,0.06673113256692886,0.05178229,0.014948842566928862,29.64775848388672,30.338377,0.6906185161132825,0.9355906844139099,0.93121284,0.0043778444139098704,0.9362971782684326,0.9315458,0.004751378268432638,0.08518671989440918,0.046954427,0.03823229289440918
nearest_neighbor_baseline,619,111402,57310,0.9507622718811035,0.34493324160575867,0.3673673,0.02243405839424134,22.941341400146484,23.782982,0.8416405998535161,0.23399107158184052,0.242593,0.008601928418159488,0.29158681631088257,0.3091599,0.01757308368911742,0.6780717968940735,0.71257186,0.03450006310592646
nearest_neighbor_baseline,620,11879,53634,0.326960027217865,0.8405196666717529,0.8497569,0.009237233328247108,19.942293167114258,19.334507,0.6077861671142593,0.2014375776052475,0.19922595,0.002211627605247485,0.22355470061302185,0.22343221,0.00012249061302185837,0.4744432866573334,0.47987142,0.005428133342666619
nearest_neighbor_baseline,621,84596,50245,0.6118033528327942,0.5902539491653442,0.56735057,0.02290337916534424,20.84495735168457,21.497921,0.6529636483154313,0.4850856065750122,0.4731077,0.011977906575012187,0.4898315966129303,0.47618183,0.013649766612930325,0.22155024111270905,0.20162503,0.019925211112709035
nearest_neighbor_baseline,622,68689,130571,0.5480318069458008,0.49140048027038574,0.46995777,0.021442710270385745,26.05341911315918,24.662842,1.3905771131591784,0.30919912457466125,0.3164217,0.0072225754253387175,0.3108952045440674,0.3183237,0.007428495455932604,0.16991280019283295,0.16049322,0.009419580192832955
nearest_neighbor_baseline,623,46126,70077,0.6705403327941895,0.3035244345664978,0.30118528,0.002339154566497803,23.744943618774414,22.472153,1.2727906187744153,0.29039621353149414,0.26837012,0.02202609353149415,0.29325371980667114,0.27313685,0.020116869806671156,0.1927998960018158,0.24924564,0.056445743998184195
nearest_neighbor_baseline,624,107742,129262,0.9048675298690796,0.08666209876537323,0.07225859,0.014403508765373232,27.608497619628906,27.3179,0.2905976196289046,0.3747202157974243,0.3942051,0.01948488420257566,0.412776380777359,0.42144302,0.008666639222640993,0.39184099435806274,0.39558935,0.003748355641937262
nearest_neighbor_baseline,625,25060,115617,0.9041199088096619,0.03944545239210129,0.04066832,0.001222867607898713,30.091718673706055,29.331545,0.7601736737060563,0.5650122165679932,0.56394607,0.001066146567993198,0.5684868693351746,0.56808996,0.0003969093351745556,0.17412401735782623,0.18306577,0.008941752642173756
nearest_neighbor_baseline,626,39402,52044,0.6208755970001221,0.4060508608818054,0.36496246,0.04108840088180543,23.774444580078125,23.868633,0.0941884199218741,0.28174301981925964,0.27883738,0.00290563981925962,0.2878609597682953,0.28412932,0.0037316397682952696,0.2754330039024353,0.27350235,0.0019306539024352976
nearest_neighbor_baseline,627,61296,18190,0.7707381248474121,0.22674119472503662,0.19365644,0.03308475472503661,23.77385711669922,23.961311,0.18745388330077972,0.20925435423851013,0.20566729,0.0035870642385101292,0.21577392518520355,0.21187723,0.0038966951852035525,0.26659005880355835,0.28184748,0.015257421196441634
nearest_neighbor_baseline,628,75973,80629,0.8058716058731079,0.22150826454162598,0.21893464,0.002573624541625963,25.667970657348633,25.505432,0.16253865734863382,0.2908157408237457,0.2872557,0.003560040823745725,0.3066745102405548,0.3031009,0.003573610240554803,0.38959383964538574,0.3264603,0.06313353964538576
nearest_neighbor_baseline,629,53509,87222,0.26474541425704956,0.9626383781433105,0.9739017,0.011263321856689434,10.524579048156738,11.372887,0.8483079518432621,0.2314940094947815,0.22634445,0.0051495594947814916,0.2890511751174927,0.2731191,0.015932075117492672,0.8202115893363953,0.83081764,0.01060605066360476
nearest_neighbor_baseline,630,39250,82107,0.5321652293205261,0.6019629240036011,0.6010825,0.0008804240036011102,21.278186798095703,22.482584,1.204397201904296,0.2194546014070511,0.23166527,0.01221066859294892,0.23450499773025513,0.24494222,0.010437222269744861,0.3592483699321747,0.34047782,0.018770549932174696
nearest_neighbor_baseline,631,25624,135697,0.2951730489730835,0.7490672469139099,0.7535858,0.00451855308609006,20.969974517822266,20.614689,0.35528551782226714,0.19040480256080627,0.19494088,0.004536077439193736,0.20331218838691711,0.20822044,0.004908251613082892,0.4103713631629944,0.40048322,0.009888143162994412
nearest_neighbor_baseline,632,103645,108518,0.22924736142158508,0.8706677556037903,0.86698025,0.0036875056037902754,19.134408950805664,19.450756,0.3163470491943343,0.41027048230171204,0.41552997,0.00525948769828799,0.4122731685638428,0.41746053,0.005187361436157223,0.1884196400642395,0.16887243,0.019547210064239512
nearest_neighbor_baseline,633,128371,129453,0.3977625072002411,0.8356403112411499,0.8654767,0.029836388758850085,15.992512702941895,16.102531,0.11001829705810451,0.27665749192237854,0.26276374,0.013893751922378517,0.29199710488319397,0.28100514,0.010991964883193983,0.454182505607605,0.43802258,0.016159925607604986
nearest_neighbor_baseline,634,2650,71165,0.3645915389060974,0.9713531732559204,0.9855545,0.01420132674407959,4.885817527770996,4.388352,0.49746552777099584,0.2687283158302307,0.26869288,3.543583023069008e-05,0.29172295331954956,0.29079586,0.0009270933195495434,0.42480772733688354,0.4193577,0.005450027336883545
nearest_neighbor_baseline,635,137164,26118,1.0327132940292358,0.09042853862047195,0.12343894,0.03301040137952804,19.394065856933594,17.995314,1.3987518569335933,0.2643100321292877,0.25462866,0.009681372129287713,0.2671161890029907,0.2616309,0.005485289002990723,0.1811370700597763,0.21330401,0.03216693994022368
nearest_neighbor_baseline,636,31437,6806,0.5094072222709656,0.8767099380493164,0.86187357,0.014836368049316428,9.949141502380371,10.900923,0.9517814976196295,0.24746878445148468,0.25419953,0.006730745548515327,0.2627527713775635,0.26405042,0.0012976486224365313,0.3097303807735443,0.31313014,0.0033997592264556897
nearest_neighbor_baseline,637,101233,23736,0.5742283463478088,0.940777063369751,0.96857846,0.027801396630249053,9.879684448242188,9.450259,0.42942544824218665,0.24765314161777496,0.24510393,0.0025492116177749657,0.2765383720397949,0.28640524,0.009866867960205083,0.517533540725708,0.52477336,0.007239819274291959
nearest_neighbor_baseline,638,3963,38740,0.6153852939605713,0.5645362138748169,0.5628802,0.0016560138748168418,21.38991928100586,20.709646,0.68027328100586,0.20632348954677582,0.21782602,0.011502530453224191,0.21146351099014282,0.22205868,0.010595169009857186,0.3219020366668701,0.30619943,0.015702606666870123
nearest_neighbor_baseline,639,53892,9258,0.6055351495742798,0.1367754489183426,0.15930204,0.022526591081657416,23.247852325439453,22.646526,0.6013263254394516,0.22759994864463806,0.23189345,0.0042935013553619394,0.23203060030937195,0.24530265,0.013272049690628063,0.270988404750824,0.2915048,0.020516395249176034
nearest_neighbor_baseline,640,117653,120653,1.2369897365570068,0.08402486145496368,0.14187954,0.057854678545036314,29.096561431884766,30.089148,0.9925865681152359,0.37804344296455383,0.3123196,0.06572384296455386,0.3818347752094269,0.31520227,0.06663250520942687,0.20440109074115753,0.21212779,0.007726699258842479
nearest_neighbor_baseline,641,131891,60718,0.26837900280952454,0.9367496967315674,0.93264836,0.004101336731567429,15.77274227142334,16.124361,0.35161872857666054,0.25523078441619873,0.2681512,0.012920415583801248,0.2614453434944153,0.2715137,0.010068356505584741,0.22288812696933746,0.23229906,0.009410933030662538
nearest_neighbor_baseline,642,12908,92063,0.6129994988441467,0.681205153465271,0.64984494,0.03136021346527096,21.051128387451172,21.96659,0.9154616125488282,0.2167520821094513,0.22937779,0.012625707890548704,0.23545703291893005,0.2668561,0.03139906708106993,0.3570123314857483,0.3946374,0.037625068514251736
nearest_neighbor_baseline,643,53915,19041,0.38021403551101685,0.8755081295967102,0.86029714,0.01521098959671019,17.25698471069336,16.484114,0.7728707106933577,0.2800862193107605,0.29549626,0.015410040689239513,0.2945992648601532,0.30289778,0.008298515139846807,0.35179150104522705,0.339715,0.012076501045227062
nearest_neighbor_baseline,644,73861,22496,1.2204780578613281,0.18203669786453247,0.17102456,0.011012137864532479,23.921573638916016,24.165997,0.2444233610839852,0.585982084274292,0.5994839,0.013501815725707966,0.5890616178512573,0.6005712,0.011509582148742648,0.1956867128610611,0.124235734,0.0714509788610611
nearest_neighbor_baseline,645,44613,117026,0.33416640758514404,0.5833969712257385,0.5905001,0.007103128774261447,23.86349868774414,23.315342,0.5481566877441395,0.7715158462524414,0.7941955,0.022679653747558648,0.7805289030075073,0.8007459,0.020216996992492686,0.2613445520401001,0.26402217,0.002677617959899903
nearest_neighbor_baseline,646,988,69791,0.7213510870933533,0.5941897034645081,0.5628404,0.03134930346450804,24.0150203704834,24.344662,0.32964162951660114,0.34300723671913147,0.3569491,0.01394186328086855,0.34590625762939453,0.36199102,0.016084762370605465,0.22535142302513123,0.24322933,0.017877906974868768
nearest_neighbor_baseline,647,110286,107883,0.24147319793701172,0.9515942335128784,0.94953763,0.0020566035128783966,11.671643257141113,11.079328,0.592315257141113,0.23487144708633423,0.23485743,1.4017086334222606e-05,0.24052183330059052,0.24263023,0.002108396699409487,0.2632264494895935,0.24975216,0.013474289489593505
nearest_neighbor_baseline,648,45176,98077,0.6610850095748901,0.1688990294933319,0.182499,0.013599970506668085,23.652400970458984,23.083523,0.5688779704589848,0.20967328548431396,0.21311751,0.003444224515686045,0.2148570567369461,0.21978803,0.004930973263053889,0.283454030752182,0.26806578,0.015388250752182031
nearest_neighbor_baseline,649,24962,119945,0.49685513973236084,0.8321495056152344,0.79918003,0.032969475615234334,21.34619140625,19.814804,1.5313874062500012,0.36905205249786377,0.3575659,0.011486152497863777,0.37234410643577576,0.36507872,0.007265386435775734,0.26271218061447144,0.27241305,0.009700869385528554
nearest_neighbor_baseline,650,98676,31597,0.36610954999923706,0.8538956046104431,0.8602925,0.0063968953895569,16.037853240966797,16.143923,0.10606975903320404,0.18390358984470367,0.19769433,0.013790740155296327,0.1892721801996231,0.2019675,0.012695319800376886,0.2905595600605011,0.26977336,0.02078620006050108
nearest_neighbor_baseline,651,34672,16103,1.5482451915740967,0.230600506067276,0.27085182,0.04025131393272402,23.197420120239258,25.037786,1.8403658797607427,0.24029885232448578,0.29450196,0.05420310767551423,0.26606279611587524,0.32795072,0.06188792388412473,0.5572258830070496,0.48865393,0.06857195300704955
nearest_neighbor_baseline,652,114589,80515,0.7938840389251709,0.1939992904663086,0.17427784,0.019721450466308604,25.850095748901367,25.842402,0.007693748901367314,0.19930900633335114,0.21001062,0.010701613666648874,0.20655615627765656,0.22250748,0.015951323722343452,0.36155781149864197,0.3726597,0.011101888501358015
nearest_neighbor_baseline,653,58694,111330,0.3867630064487457,0.7501802444458008,0.7473209,0.0028593444458008266,17.778066635131836,18.637589,0.8595223648681625,0.2956444323062897,0.2889062,0.006738232306289671,0.31588995456695557,0.2992221,0.016667854566955576,0.35088613629341125,0.37170115,0.020815013706588725
nearest_neighbor_baseline,654,32067,124914,0.38675299286842346,0.6430631279945374,0.6587219,0.015658772005462618,22.070911407470703,22.447256,0.3763445925292963,0.28773438930511475,0.29350454,0.005770150694885234,0.29361578822135925,0.30304283,0.009427041778640732,0.31785130500793457,0.35430518,0.03645387499206543
nearest_neighbor_baseline,655,1302,105175,0.3542028069496155,0.919984757900238,0.92100173,0.0010169720997619258,7.253519058227539,7.612123,0.35860394177246135,0.27595895528793335,0.27558297,0.00037598528793336694,0.28182452917099,0.28205022,0.0002256908290100279,0.2503308057785034,0.27791792,0.027587114221496567
nearest_neighbor_baseline,656,911,130302,0.298973947763443,0.8271094560623169,0.8053286,0.021780856062316944,11.575396537780762,11.973825,0.398428462219238,0.3779365122318268,0.36332873,0.014607782231826794,0.3828143775463104,0.36690575,0.01590862754631045,0.20876002311706543,0.19399132,0.014768703117065435
nearest_neighbor_baseline,657,18919,23045,0.41966500878334045,0.7667474150657654,0.78544974,0.018702324934234626,19.17890167236328,19.110508,0.06839367236328187,0.24550287425518036,0.2503496,0.004846725744819647,0.25959068536758423,0.264695,0.005104314632415785,0.41861891746520996,0.40212587,0.016493047465209965
nearest_neighbor_baseline,658,90950,78535,0.6053952574729919,0.6294886469841003,0.61314756,0.016341086984100306,20.978343963623047,20.604382,0.3739619636230458,0.5400694608688354,0.54873514,0.008665679131164561,0.5459701418876648,0.55470836,0.008738218112335217,0.2582804560661316,0.27629018,0.018009723933868405
nearest_neighbor_baseline,659,45949,90970,0.8646435737609863,0.13140030205249786,0.17349294,0.04209263794750215,24.668123245239258,25.114897,0.4467737547607413,0.7719314098358154,0.7663895,0.005541909835815484,0.7744058966636658,0.7693599,0.005045996663665786,0.15640677511692047,0.16830127,0.011894494883079532
nearest_neighbor_baseline,660,19061,23888,0.5299306511878967,0.6401195526123047,0.6613964,0.021276847387695308,22.72098731994629,24.007174,1.28618668005371,0.5345802307128906,0.53431284,0.0002673907128906139,0.5360936522483826,0.5361736,7.99477516174596e-05,0.14657479524612427,0.1349038,0.011670995246124277
nearest_neighbor_baseline,661,30409,109571,0.26994433999061584,0.9197747111320496,0.9350634,0.015288688867950428,14.399317741394043,14.210244,0.18907374139404354,0.305962473154068,0.29717025,0.008792223154067969,0.3235040605068207,0.30693743,0.016566630506820668,0.3821905553340912,0.35884506,0.023345495334091193
nearest_neighbor_baseline,662,16536,70152,0.5283244848251343,0.9791287779808044,0.9727905,0.006338277980804441,7.335740089416504,8.580047,1.2443069105834965,0.18811875581741333,0.18281254,0.0053062158174133345,0.21070359647274017,0.19683442,0.013869176472740163,0.48774147033691406,0.42691994,0.060821530336914065
nearest_neighbor_baseline,663,29288,39866,0.44798412919044495,0.604351282119751,0.57834965,0.026001632119750928,23.238548278808594,23.053211,0.18533727880859274,0.24714769423007965,0.25177988,0.004632185769920361,0.25630244612693787,0.26047269,0.0041702438730621405,0.31347978115081787,0.3380977,0.02461791884918213
nearest_neighbor_baseline,664,57615,20364,0.2957344651222229,0.9270570278167725,0.93306065,0.006003622183227586,10.296676635742188,9.761845,0.5348316357421883,0.301365464925766,0.30969554,0.008330075074234,0.30464670062065125,0.31368032,0.009033619379348767,0.21137404441833496,0.23431548,0.02294143558166503
nearest_neighbor_baseline,665,69016,79780,0.290862113237381,0.15211310982704163,0.14738007,0.004733039827041624,28.77140998840332,28.482708,0.2887019884033215,0.9070284962654114,0.91278386,0.0057553637345886255,0.9077460765838623,0.9132182,0.005472123416137675,0.08846026659011841,0.07558972,0.012870546590118409
nearest_neighbor_baseline,666,10763,53667,0.6245826482772827,0.40058624744415283,0.42430085,0.023714602555847175,27.73063850402832,25.802114,1.9285245040283208,0.3839866518974304,0.40080956,0.01682290810256959,0.390438050031662,0.40602532,0.015587269968338036,0.30772343277931213,0.30922204,0.001498607220687842
nearest_neighbor_baseline,667,40434,74832,1.0239477157592773,0.2662312984466553,0.22231221,0.04391908844665526,23.908084869384766,24.781895,0.873810130615233,0.6373726725578308,0.58880574,0.048566932557830844,0.639249324798584,0.5920002,0.04724912479858401,0.157967209815979,0.19048919,0.032521980184021
nearest_neighbor_baseline,668,123941,79359,0.6645179390907288,0.29200273752212524,0.28896764,0.0030350975221252185,27.736238479614258,27.589819,0.14641947961425927,0.41576483845710754,0.43257973,0.01681489154289245,0.42066967487335205,0.4363762,0.01570652512664794,0.22116728127002716,0.22045971,0.0007075712700271575
nearest_neighbor_baseline,669,123298,24060,0.9553547501564026,0.4861007332801819,0.40734175,0.07875898328018188,23.91333770751953,23.834337,0.07900070751952981,0.4133896231651306,0.39806083,0.015328793165130639,0.48494789004325867,0.44932052,0.035627370043258666,0.5475108623504639,0.5413495,0.006161362350463828
nearest_neighbor_baseline,670,30053,121173,0.3538379371166229,0.8394736647605896,0.8074876,0.03198606476058963,17.852041244506836,17.271378,0.5806632445068374,0.28612157702445984,0.27987647,0.0062451070244598506,0.2914533317089081,0.28294185,0.008511481708908086,0.27559903264045715,0.25962916,0.015969872640457128
nearest_neighbor_baseline,671,58728,114561,0.8025684952735901,0.646366536617279,0.6053704,0.04099613661727908,18.648828506469727,21.312756,2.6639274935302737,0.4578320384025574,0.5044568,0.046624761597442665,0.48973438143730164,0.5186435,0.0289091185626984,0.3553507328033447,0.33066615,0.024684582803344735
nearest_neighbor_baseline,672,66456,80488,0.36347147822380066,0.7659195065498352,0.7761057,0.010186193450164804,19.845338821411133,20.365795,0.5204561785888657,0.19455493986606598,0.19952007,0.004965130133934015,0.2052839696407318,0.21180972,0.006525750359268195,0.3654284179210663,0.37084657,0.005418152078933702
nearest_neighbor_baseline,673,41579,70088,0.28700128197669983,0.9574816226959229,0.9705888,0.013107177304077178,10.469898223876953,10.343152,0.12674622387695322,0.2882029116153717,0.29648733,0.00828441838462829,0.3116147518157959,0.3202598,0.008645048184204085,0.4847312271595001,0.45691204,0.027819187159500103
nearest_neighbor_baseline,674,64745,13270,0.2374950349330902,0.9461978077888489,0.9485041,0.002306292211151084,13.90481948852539,14.108398,0.2035785114746087,0.2145947813987732,0.2231568,0.008562018601226795,0.2292274534702301,0.2464392,0.017211746529769895,0.47734227776527405,0.49283993,0.015497652234725934
nearest_neighbor_baseline,675,137958,117310,0.8015964031219482,0.19424864649772644,0.19525152,0.0010028735022735713,29.774572372436523,30.35674,0.5821676275634751,0.5689343214035034,0.55621165,0.012722671403503472,0.5746004581451416,0.55973035,0.014870108145141558,0.23848392069339752,0.25542262,0.016938699306602467
nearest_neighbor_baseline,676,48932,133489,0.7230408191680908,0.0726642981171608,0.06893155,0.003732748117160803,28.589006423950195,28.784948,0.19594157604980467,0.2782003581523895,0.2980198,0.019819441847610475,0.2825557291507721,0.29936898,0.016813250849227912,0.2270096391439438,0.17686048,0.0501491591439438
nearest_neighbor_baseline,677,49647,1458,0.2952307164669037,0.9908024668693542,0.99077934,2.3126869354239687e-05,8.006636619567871,8.270407,0.2637703804321294,0.19374693930149078,0.19196244,0.0017844993014907717,0.20056873559951782,0.20209584,0.0015271044004821765,0.3733331263065338,0.36545885,0.007874276306533812
nearest_neighbor_baseline,678,15236,4215,0.4523674249649048,0.8291551470756531,0.79923725,0.029917897075653066,18.30168342590332,18.130651,0.17103242590332002,0.3308817744255066,0.35333124,0.0224494655744934,0.33505210280418396,0.3601387,0.02508659719581602,0.2325279861688614,0.24270606,0.010178073831138612
nearest_neighbor_baseline,679,65673,100633,0.3629659116268158,0.9448193311691284,0.93396425,0.010855081169128367,9.809077262878418,10.034842,0.2257647371215814,0.3125954270362854,0.2970408,0.015554627036285407,0.3212214708328247,0.30247214,0.018749330832824707,0.335019052028656,0.30064937,0.03436968202865598
nearest_neighbor_baseline,680,57688,112310,0.24845872819423676,0.9562643766403198,0.9609867,0.004722323359680147,13.825857162475586,12.847464,0.9783931624755855,0.47630345821380615,0.48307595,0.006772491786193824,0.4796617925167084,0.4869006,0.007238807483291643,0.24192480742931366,0.22947106,0.012453747429313655
nearest_neighbor_baseline,681,137202,61833,0.8388952612876892,0.39726516604423523,0.36801112,0.029254046044235205,23.920299530029297,23.78781,0.13248953002929653,0.2805570960044861,0.26816574,0.012391356004486098,0.29126816987991333,0.2833294,0.007938769879913321,0.3970985412597656,0.43842283,0.04132428874023436
nearest_neighbor_baseline,682,61185,43422,0.4700336456298828,0.7260596752166748,0.71494704,0.011112635216674827,16.58052635192871,17.858223,1.277696648071288,0.22504174709320068,0.23654655,0.01150480290679931,0.2415362447500229,0.25577214,0.014235895249977093,0.3756582736968994,0.37258565,0.0030726236968994236
nearest_neighbor_baseline,683,43300,8571,0.19682498276233673,0.9928743243217468,0.9915586,0.0013157243217468695,6.515435218811035,7.006035,0.49059978118896463,0.19029684364795685,0.1929311,0.002634256352043146,0.21687966585159302,0.22572498,0.008845314148406974,0.6587075591087341,0.639522,0.019185559108734096
nearest_neighbor_baseline,684,129982,102622,0.6177229285240173,0.5826783180236816,0.57920337,0.0034749480236816455,23.525339126586914,23.377485,0.147854126586914,0.3956398665904999,0.37148663,0.024153236590499894,0.408351331949234,0.38123122,0.027120111949234027,0.3955279290676117,0.38092202,0.014605909067611722
nearest_neighbor_baseline,685,126889,19199,0.5972035527229309,0.8382559418678284,0.8116477,0.026608241867828397,13.451180458068848,13.875265,0.42408454193115297,0.25486859679222107,0.26519343,0.010324833207778938,0.281264990568161,0.2828263,0.0015613094318389642,0.38607826828956604,0.36613455,0.019943718289566037
nearest_neighbor_baseline,686,12773,88201,1.2444393634796143,0.13213233649730682,0.09511676,0.03701557649730683,24.54876708984375,22.461796,2.0869710898437503,0.43305733799934387,0.40238678,0.030670557999343873,0.442257821559906,0.40461972,0.03763810155990599,0.2125348448753357,0.12943128,0.08310356487533568
nearest_neighbor_baseline,687,100606,22246,0.5929597020149231,0.369239866733551,0.3960004,0.02676053326644895,26.432485580444336,25.777498,0.6549875804443346,0.30586931109428406,0.29386696,0.012002351094284047,0.3164394795894623,0.3013947,0.015044779589462265,0.2515086233615875,0.30281806,0.051309436638412476
nearest_neighbor_baseline,688,69929,20270,0.45529866218566895,0.44943079352378845,0.4796985,0.030267706476211576,24.377071380615234,24.73689,0.35981861938476456,0.5493338704109192,0.55573946,0.0064055895890807735,0.5576989054679871,0.567465,0.009766094532012937,0.29147806763648987,0.28139156,0.010086507636489883
nearest_neighbor_baseline,689,137309,99458,0.3280652165412903,0.8365786075592041,0.80910057,0.027478037559204083,18.1682186126709,18.508072,0.3398533873291001,0.2060239315032959,0.20964913,0.0036251984967040907,0.21666933596134186,0.21808238,0.0014130440386581344,0.4026080369949341,0.38087255,0.021735486994934106
nearest_neighbor_baseline,690,21863,83258,0.5477686524391174,0.4604699909687042,0.496637,0.03616700903129577,24.651580810546875,24.24041,0.4111708105468743,0.49396365880966187,0.5056748,0.011711141190338115,0.4998340308666229,0.5106752,0.010841169133377071,0.2241419553756714,0.24811354,0.023971584624328607
nearest_neighbor_baseline,691,125720,23499,0.43199899792671204,0.7871989607810974,0.76095283,0.026246130781097388,18.67740821838379,18.804876,0.12746778161621108,0.20494237542152405,0.20807086,0.0031284845784759485,0.21145640313625336,0.21804179,0.006585386863746656,0.3138725459575653,0.33175653,0.017883984042434686
nearest_neighbor_baseline,692,114621,66846,0.6780095100402832,0.6214869022369385,0.64581686,0.02432995776306157,15.654915809631348,15.556148,0.09876780963134735,0.23747405409812927,0.25686237,0.019388315901870734,0.24967601895332336,0.26566476,0.015988741046676636,0.2844690680503845,0.26571038,0.018758688050384498
nearest_neighbor_baseline,693,14305,117813,0.31993791460990906,0.9118542075157166,0.9151379,0.003283692484283396,13.613795280456543,12.926447,0.6873482804565434,0.19550278782844543,0.1997188,0.004216012171554567,0.20228701829910278,0.2055792,0.0032921817008972065,0.30661168694496155,0.2844627,0.022148986944961535
nearest_neighbor_baseline,694,125196,69571,0.43109604716300964,0.3963591456413269,0.37801126,0.01834788564132689,25.88829231262207,26.988708,1.1004156873779287,0.24971255660057068,0.23655222,0.013160336600570671,0.25221747159957886,0.2396197,0.012597771599578866,0.1649845838546753,0.19094047,0.025955886145324708
nearest_neighbor_baseline,695,37242,118183,0.28628844022750854,0.9271728992462158,0.91282207,0.01435082924621578,16.30291748046875,16.717255,0.41433751953125153,0.2506524622440338,0.24728583,0.0033666322440338015,0.2535143196582794,0.2502825,0.0032318196582794,0.1935972422361374,0.21766427,0.024067027763862603
nearest_neighbor_baseline,696,60535,106348,0.6867070198059082,0.225301131606102,0.27616337,0.05086223839389803,23.695024490356445,23.65038,0.04464449035644691,0.18071871995925903,0.19031784,0.009599120040740955,0.2187260240316391,0.21620676,0.0025192640316391013,0.5484697818756104,0.5380394,0.010430381875610406
nearest_neighbor_baseline,697,85628,17687,0.6644377112388611,0.601078450679779,0.59593415,0.005144300679779001,14.784219741821289,15.550814,0.7665942581787117,0.2535680830478668,0.28072625,0.02715816695213319,0.2580431401729584,0.28918037,0.031137229827041646,0.2558085322380066,0.28936926,0.033560727761993425
nearest_neighbor_baseline,698,98426,58021,0.21922704577445984,0.9674726724624634,0.96355516,0.003917512462463413,12.542356491088867,12.096337,0.44601949108886707,0.2442946434020996,0.23516595,0.009128693402099597,0.26283881068229675,0.24711229,0.01572652068229674,0.377267986536026,0.37640205,0.000865936536026013
nearest_neighbor_baseline,699,56792,60933,0.48675188422203064,0.9582699537277222,0.98085135,0.022581396272277843,7.551781177520752,5.747394,1.804387177520752,0.1978892832994461,0.19508187,0.0028074132994461154,0.20940721035003662,0.20745306,0.0019541503500366264,0.36409661173820496,0.31964758,0.04444903173820497
nearest_neighbor_baseline,700,58449,45811,0.38143190741539,0.4753569960594177,0.4680798,0.007277196059417734,26.2146053314209,24.749275,1.4653303314208976,0.3980692923069,0.40795985,0.009890557693099988,0.4007722735404968,0.41045117,0.00967889645950315,0.1951184719800949,0.20566677,0.010548298019905089
nearest_neighbor_baseline,701,118897,61133,0.3182600140571594,0.7191317081451416,0.71889484,0.00023686814514156662,22.183576583862305,22.051268,0.13230858386230437,0.4691704213619232,0.48240465,0.013234228638076773,0.47147125005722046,0.4856448,0.014173549942779529,0.19172197580337524,0.20729472,0.015572744196624744
nearest_neighbor_baseline,702,24381,43081,0.7699834108352661,0.22993457317352295,0.22795749,0.0019770831735229366,25.889278411865234,25.877628,0.011650411865232968,0.4802948534488678,0.5139555,0.03366064655113221,0.4811149835586548,0.5145583,0.03344331644134524,0.10240481793880463,0.09249924,0.00990557793880463
nearest_neighbor_baseline,703,124366,116312,0.43843337893486023,0.8897042274475098,0.90570945,0.01600522255249026,9.95644474029541,9.296479,0.6599657402954104,0.4248594343662262,0.43487218,0.0100127456337738,0.43708139657974243,0.44293344,0.00585204342025758,0.251421183347702,0.27423662,0.02281543665229796
nearest_neighbor_baseline,704,104545,95101,0.735253095626831,0.1449355036020279,0.18210131,0.037165806397972095,31.09027671813965,29.992968,1.0973087181396473,0.5532962679862976,0.56518316,0.01188689201370241,0.5550231337547302,0.56629306,0.01126992624526979,0.15236510336399078,0.14215466,0.010210443363990795
nearest_neighbor_baseline,705,19482,114223,0.3414895236492157,0.8338669538497925,0.8495493,0.01568234615020747,16.538482666015625,16.616158,0.07767533398437365,0.2870352864265442,0.27957463,0.007460656426544199,0.2916772663593292,0.28391567,0.007761596359329215,0.23678790032863617,0.25588733,0.019099429671363854
nearest_neighbor_baseline,706,69482,56600,0.3223562240600586,0.9329379200935364,0.9215299,0.011408020093536364,5.216060161590576,5.713529,0.49746883840942413,0.27774930000305176,0.2643134,0.013435900003051782,0.2852327525615692,0.2739288,0.011303952561569242,0.2755459249019623,0.2955867,0.0200407750980377
nearest_neighbor_baseline,707,109697,18821,0.8254892230033875,0.28962528705596924,0.27573404,0.013891247055969225,23.968505859375,23.011116,0.9573898593749988,0.6765586137771606,0.6560122,0.0205464137771606,0.6779879927635193,0.6591758,0.01881219276351931,0.1299557089805603,0.16336855,0.0334128410194397
nearest_neighbor_baseline,708,13163,51778,0.38811928033828735,0.8689808249473572,0.8622685,0.0067123249473571844,9.10970687866211,8.519239,0.5904678786621087,0.29499396681785583,0.28420258,0.010791386817855853,0.30064770579338074,0.2892603,0.011387405793380712,0.22202426195144653,0.20997639,0.01204787195144652
nearest_neighbor_baseline,709,21756,88950,0.7668419480323792,0.14519831538200378,0.19886526,0.053666944617996204,24.77088737487793,25.066118,0.29523062512206977,0.20966559648513794,0.19675383,0.012911766485137949,0.2377067506313324,0.21666636,0.021040390631332395,0.501706063747406,0.5491437,0.047437636252594007
nearest_neighbor_baseline,710,55855,39964,0.29936277866363525,0.9726982116699219,0.9755264,0.0028281883300781407,6.3078460693359375,6.7030206,0.39517453066406283,0.2258090376853943,0.20579168,0.020017357685394283,0.233846515417099,0.21268742,0.02115909541709901,0.2811301350593567,0.30410117,0.022971034940643287
nearest_neighbor_baseline,711,71436,109901,1.687713861465454,0.07997357100248337,0.03093618,0.04903739100248337,31.523967742919922,27.015682,4.50828574291992,0.4142622947692871,0.4052048,0.009057494769287133,0.4267059564590454,0.41503423,0.011671726459045406,0.259629487991333,0.28771064,0.02808115200866701
nearest_neighbor_baseline,712,3488,40846,1.0132033824920654,0.25492119789123535,0.25663862,0.0017174221087646324,23.6293888092041,24.073792,0.4444031907958994,0.48365432024002075,0.48857486,0.004920539759979248,0.48672744631767273,0.4938723,0.007144853682327257,0.18381808698177338,0.27663612,0.09281803301822661
nearest_neighbor_baseline,713,88527,93,0.7913360595703125,0.37493574619293213,0.37551528,0.0005795338070678779,24.14238929748535,23.664787,0.4776022974853511,0.4430985450744629,0.48969874,0.04660019492553713,0.44873008131980896,0.49680102,0.04807093868019102,0.2627452611923218,0.2632934,0.0005481388076782334
nearest_neighbor_baseline,714,97067,26736,0.6862136125564575,0.4496549665927887,0.44112176,0.008533206592788722,21.051193237304688,20.933249,0.1179442373046875,0.275515615940094,0.28293812,0.007422504059906021,0.2805662751197815,0.28689262,0.006326344880218493,0.2718642055988312,0.24546087,0.02640333559883118
nearest_neighbor_baseline,715,76062,86655,1.0265651941299438,0.11444550007581711,0.0660849,0.048360600075817106,29.678274154663086,29.342728,0.3355461546630849,0.2893870174884796,0.31974488,0.030357862511520395,0.2992982566356659,0.3270311,0.027732843364334125,0.2794229984283447,0.28220826,0.002785261571655262
nearest_neighbor_baseline,716,45199,57670,0.8287982940673828,0.5846589803695679,0.6305837,0.0459247196304321,24.971330642700195,24.962725,0.00860564270019637,0.3457338809967041,0.40436742,0.058633539003295876,0.34845659136772156,0.4105566,0.062100008632278436,0.21725983917713165,0.22126126,0.0040014208228683346
nearest_neighbor_baseline,717,64676,36006,0.3074573576450348,0.9406959414482117,0.9460164,0.00532045855178831,4.829888343811035,5.712701,0.8828126561889649,0.25492456555366516,0.26232114,0.007396574446334847,0.27317750453948975,0.27754635,0.004368845460510251,0.3509021997451782,0.35810623,0.007204030254821803
nearest_neighbor_baseline,718,129728,116607,0.609370768070221,0.10943221300840378,0.122711554,0.013279340991596222,28.586210250854492,27.602333,0.9838772508544906,0.2989949584007263,0.29656005,0.002434908400726299,0.3021909296512604,0.303002,0.0008110703487396176,0.20198942720890045,0.22309849,0.02110906279109956
nearest_neighbor_baseline,719,67282,36694,0.5906822085380554,0.2248808592557907,0.21347836,0.011402499255790705,29.762025833129883,30.154163,0.3921371668701177,0.6070134043693542,0.6193803,0.012366895630645747,0.6091871857643127,0.6209859,0.011798714235687235,0.1719997525215149,0.15370548,0.018294272521514887
nearest_neighbor_baseline,720,139772,3046,0.6396998763084412,0.7711626291275024,0.7837793,0.012616670872497515,18.255308151245117,17.974567,0.2807411512451168,0.3701096177101135,0.39782348,0.02771386228988648,0.3713287115097046,0.39956695,0.028238238490295386,0.1323224902153015,0.16181608,0.029493589784698487
nearest_neighbor_baseline,721,128213,23096,0.8500214219093323,0.296592652797699,0.22988173,0.06671092279769897,25.680313110351562,26.720173,1.0398598896484366,0.24227222800254822,0.22409628,0.01817594800254821,0.25426599383354187,0.23886372,0.015402273833541869,0.36656680703163147,0.36112475,0.005442057031631475
nearest_neighbor_baseline,722,97773,95499,0.8744940757751465,0.3760119080543518,0.33215523,0.04385667805435178,23.18727684020996,23.907267,0.71999015979004,0.23206396400928497,0.23452787,0.0024639059907150263,0.23381029069423676,0.23566322,0.0018529293057632512,0.15417827665805817,0.14522482,0.008953456658058162
nearest_neighbor_baseline,723,27442,62437,0.36004844307899475,0.8776994943618774,0.8791462,0.0014467056381225474,6.548249244689941,5.8812275,0.6670217446899418,0.26286062598228455,0.27350503,0.010644404017715436,0.27385756373405457,0.28128216,0.007424596265945438,0.29108116030693054,0.30898508,0.01790391969306948
nearest_neighbor_baseline,724,91024,99188,0.47203561663627625,0.9434325098991394,0.9512979,0.007865390100860625,7.452106952667236,7.557986,0.10587904733276332,0.26641470193862915,0.2735986,0.007183898061370875,0.3396132290363312,0.32613438,0.013478849036331175,0.6301785707473755,0.65719795,0.027019379252624542
nearest_neighbor_baseline,725,130877,46860,0.6628787517547607,0.3908315896987915,0.36439523,0.02643635969879149,22.95292091369629,23.138187,0.18526608630370944,0.2357754409313202,0.27518603,0.039410589068679835,0.24229823052883148,0.2855157,0.0432174694711685,0.30344757437705994,0.27424112,0.02920645437705993
nearest_neighbor_baseline,726,136110,6859,0.617586076259613,0.5563766956329346,0.5353737,0.021002995632934618,25.96535301208496,25.961458,0.0038950120849605696,0.39930421113967896,0.42238605,0.023081838860321058,0.40299609303474426,0.42528588,0.022289786965255742,0.24064737558364868,0.19260523,0.04804214558364869
nearest_neighbor_baseline,727,112895,117732,0.7841055393218994,0.3481266498565674,0.329764,0.01836264985656738,26.466564178466797,27.615551,1.148986821533203,0.374772310256958,0.3461752,0.02859711025695799,0.3857372999191284,0.37103602,0.014701279919128396,0.31707218289375305,0.3405027,0.02343051710624694
nearest_neighbor_baseline,728,122922,27160,0.8203444480895996,0.38660311698913574,0.3461275,0.040475616989135765,24.50521469116211,25.014786,0.5095713088378915,0.5033746957778931,0.4804868,0.022887895777893075,0.5084975957870483,0.48979822,0.018699375787048333,0.21029020845890045,0.28969485,0.07940464154109955
nearest_neighbor_baseline,729,107929,131994,0.8245724439620972,0.09497839212417603,0.15579304,0.06081464787582397,25.711637496948242,25.512444,0.19919349694824362,0.2194020301103592,0.21662425,0.0027777801103592015,0.2212463915348053,0.21849175,0.0027546415348052855,0.1552334725856781,0.20467652,0.0494430474143219
nearest_neighbor_baseline,730,113637,74562,0.499543696641922,0.9628376960754395,0.96207917,0.0007585260754394696,9.019533157348633,10.52854,1.5090068426513668,0.21279281377792358,0.19534951,0.01744330377792358,0.26180484890937805,0.24053334,0.02127150890937804,0.7588503360748291,0.7246744,0.03417593607482905
nearest_neighbor_baseline,731,96930,127719,0.34304365515708923,0.8941602110862732,0.92533064,0.03117042891372679,16.938961029052734,17.275572,0.336610970947266,0.5209882855415344,0.51255894,0.008429345541534405,0.5270522236824036,0.5192822,0.007770023682403537,0.24512174725532532,0.263426,0.018304252744674676
nearest_neighbor_baseline,732,93972,131501,0.47212594747543335,0.6098145246505737,0.63458794,0.02477341534942623,20.093284606933594,20.49717,0.4038853930664068,0.22021690011024475,0.23320682,0.012989919889755258,0.24943125247955322,0.2853689,0.03593764752044676,0.538950502872467,0.5536647,0.014714197127532969
nearest_neighbor_baseline,733,56965,25733,0.700853168964386,0.24860411882400513,0.28102356,0.03241944117599488,27.60338592529297,26.616869,0.9865169252929675,0.49159857630729675,0.47735384,0.01424473630729678,0.49597224593162537,0.48087215,0.015100095931625368,0.22459733486175537,0.21912508,0.005472254861755371
nearest_neighbor_baseline,734,31551,9072,0.39031893014907837,0.882836639881134,0.8584845,0.02435213988113405,17.17580223083496,17.545712,0.3699097691650408,0.26748740673065186,0.25552782,0.011959586730651839,0.3275689482688904,0.30308685,0.024482098268890362,0.5440225005149841,0.5390641,0.004958400514984085
nearest_neighbor_baseline,735,41957,129213,0.16411931812763214,0.9452696442604065,0.94056726,0.004702384260406478,12.395812034606934,12.368313,0.027499034606933037,0.21798618137836456,0.20894487,0.009041311378364558,0.24112902581691742,0.2385528,0.00257622581691741,0.6379965543746948,0.64497226,0.00697570562530514
nearest_neighbor_baseline,736,89703,97903,0.4638999402523041,0.6909434795379639,0.6789212,0.012022279537963865,19.93486213684082,20.249977,0.3151148631591809,0.4535313546657562,0.44709453,0.006436824665756236,0.45526251196861267,0.449261,0.0060015119686126495,0.1449975222349167,0.16402584,0.01902831776508332
nearest_neighbor_baseline,737,62692,113603,0.1747984141111374,0.946869432926178,0.9492476,0.0023781670738219907,13.925698280334473,13.88194,0.04375828033447249,0.19886267185211182,0.19837923,0.00048344185211182666,0.23352035880088806,0.2452453,0.011724941199111938,0.6751120686531067,0.6697798,0.005332268653106653
nearest_neighbor_baseline,738,133095,13932,0.5490957498550415,0.05178675428032875,0.042134393,0.009652361280328751,26.31819725036621,28.519365,2.2011677496337896,0.41475909948349,0.41700473,0.00224563051651,0.41630226373672485,0.4188601,0.0025578362632751594,0.13514651358127594,0.16348727,0.02834075641872405
nearest_neighbor_baseline,739,38025,87907,0.33372682332992554,0.6805804371833801,0.66399384,0.01658659718338018,17.671951293945312,18.517868,0.8459167060546875,0.2730366587638855,0.27633017,0.003293511236114488,0.27725785970687866,0.28149956,0.00424170029312132,0.21041245758533478,0.23333858,0.022926122414665212
nearest_neighbor_baseline,740,120024,67001,0.9597456455230713,0.315241277217865,0.31443456,0.0008067172178650162,25.925888061523438,27.897131,1.9712429384765642,0.3985897898674011,0.35374594,0.04484384986740114,0.4280991852283478,0.3999178,0.02818138522834779,0.4099385738372803,0.47618893,0.06625035616271974
nearest_neighbor_baseline,741,117063,35942,1.0832912921905518,0.09773289412260056,0.11566569,0.017932795877399446,25.214313507080078,25.263535,0.04922149291992284,0.32670506834983826,0.27474204,0.051963028349838236,0.34945547580718994,0.28992954,0.059525935807189956,0.37664279341697693,0.41867027,0.04202747658302308
nearest_neighbor_baseline,742,9469,128555,0.6287919878959656,0.29682183265686035,0.28424543,0.01257640265686033,27.598407745361328,28.624516,1.0261082546386717,0.5838133692741394,0.5841926,0.0003792307258605465,0.5897094011306763,0.5871004,0.002609001130676303,0.2258445769548416,0.1786869,0.047157676954841604
nearest_neighbor_baseline,743,69116,133383,0.6009093523025513,0.6856322884559631,0.624487,0.06114528845596312,22.24220848083496,23.049679,0.8074705191650402,0.24607287347316742,0.26250497,0.016432096526832585,0.25581029057502747,0.27551338,0.01970308942497251,0.37057214975357056,0.3556491,0.01492304975357056
nearest_neighbor_baseline,744,54054,48248,0.5083771347999573,0.9900634288787842,0.9867491,0.003314328878784134,6.513131141662598,6.256563,0.2565681416625978,0.2529621422290802,0.25242615,0.0005359922290801844,0.26558735966682434,0.26772958,0.0021422203331756817,0.42196834087371826,0.48691654,0.06494819912628175
nearest_neighbor_baseline,745,110875,117160,0.35592740774154663,0.9615150094032288,0.96383125,0.0023162405967712685,4.739782333374023,3.6828706,1.0569117333740232,0.2695777714252472,0.2757874,0.0062096285747528235,0.278761088848114,0.282905,0.004143911151886004,0.249835804104805,0.2231898,0.026646004104805
nearest_neighbor_baseline,746,38872,13621,0.5023024678230286,0.6145794987678528,0.63223654,0.017657041232147175,14.545681953430176,14.575602,0.029920046569824166,0.2581195831298828,0.26232326,0.00420367687011719,0.26189038157463074,0.2658193,0.003928918425369243,0.2605399191379547,0.23566844,0.024871479137954705
nearest_neighbor_baseline,747,83664,69505,0.8035629987716675,0.3205057978630066,0.32402557,0.003519772136993393,24.36931037902832,25.24644,0.8771296209716795,0.4645235240459442,0.4600338,0.004489724045944221,0.4708283543586731,0.47161618,0.0007878256413269003,0.2404690682888031,0.27236578,0.0318967117111969
nearest_neighbor_baseline,748,51150,130031,0.3387393057346344,0.9356455206871033,0.92891383,0.00673169068710322,10.594037055969238,11.326196,0.7321589440307612,0.3969752788543701,0.40738854,0.010413261145629904,0.4005838632583618,0.41093522,0.010351356741638174,0.21653865277767181,0.18929538,0.0272432727776718
nearest_neighbor_baseline,749,12280,59861,0.6119264364242554,0.6561993956565857,0.62068605,0.035513345656585704,22.34695816040039,22.319551,0.02740716040039004,0.31661614775657654,0.35467276,0.03805661224342344,0.3228701055049896,0.35942963,0.036559524495010376,0.25949764251708984,0.2729082,0.013410557482910146
nearest_neighbor_baseline,750,108089,45893,0.656344473361969,0.5181233286857605,0.51407087,0.0040524586857605405,17.02210235595703,18.037323,1.0152206440429694,0.29067668318748474,0.3022026,0.011525916812515247,0.2932707369327545,0.30379167,0.010520933067245497,0.17419975996017456,0.16269009,0.011509669960174551
nearest_neighbor_baseline,751,8144,58528,0.3233014643192291,0.8416208624839783,0.8272738,0.014347062483978323,17.0701847076416,17.09672,0.026535292358399687,0.19728530943393707,0.19333977,0.003945539433937079,0.20271086692810059,0.20690589,0.004195023071899423,0.3173208236694336,0.32910386,0.011783036330566432
nearest_neighbor_baseline,752,83737,72742,0.37303027510643005,0.9426261186599731,0.9386853,0.0039408186599732,12.3335542678833,12.858724,0.5251697321166997,0.2782202661037445,0.2613711,0.016849166103744484,0.28402408957481384,0.26773545,0.016288639574813857,0.22130654752254486,0.259314,0.03800745247745513
nearest_neighbor_baseline,753,2565,72550,0.5222585797309875,0.7512725591659546,0.7206576,0.03061495916595458,18.029455184936523,18.339954,0.3104988150634753,0.2813556492328644,0.2757548,0.005600849232864358,0.2890060842037201,0.28168714,0.00731894420372009,0.32281869649887085,0.2787962,0.044022496498870856
nearest_neighbor_baseline,754,1796,37838,0.7025655508041382,0.22211457788944244,0.2297464,0.007631822110557546,26.316200256347656,26.58047,0.264269743652342,0.2822546660900116,0.27985048,0.002404186090011584,0.2841329276561737,0.28195795,0.0021749776561736933,0.1780245304107666,0.1630385,0.014986030410766599
nearest_neighbor_baseline,755,54159,29883,0.6205419301986694,0.7036001682281494,0.7052057,0.0016055317718506323,20.176128387451172,20.965828,0.7896996125488265,0.3198651969432831,0.3057663,0.01409889694328309,0.3227587938308716,0.30781746,0.014941333830871595,0.21437576413154602,0.15573308,0.058642684131546025
nearest_neighbor_baseline,756,83809,98754,0.383605033159256,0.923245906829834,0.9179486,0.005297306829833981,16.576953887939453,15.312695,1.2642588879394534,0.27831166982650757,0.26894796,0.009363709826507582,0.2812460660934448,0.27347046,0.007775606093444798,0.2230215221643448,0.24368086,0.02065933783565521
nearest_neighbor_baseline,757,36966,44441,0.811677873134613,0.7352397441864014,0.7188212,0.016418544186401318,22.903507232666016,23.282179,0.37867176733398367,0.255467027425766,0.26146644,0.005999412574234031,0.26331642270088196,0.27154002,0.008223597299118035,0.3491823673248291,0.28852347,0.0606588973248291
nearest_neighbor_baseline,758,85630,81745,0.4053216278553009,0.5726202130317688,0.561989,0.010631213031768838,24.300472259521484,23.860765,0.4397072595214837,0.31252261996269226,0.31856877,0.00604615003730774,0.3164120018482208,0.3219168,0.005504798151779178,0.25009915232658386,0.23131114,0.018788012326583864
nearest_neighbor_baseline,759,71935,56591,0.5920127034187317,0.33522829413414,0.34047797,0.005249675865860004,23.984041213989258,23.237242,0.7467992139892594,0.22911010682582855,0.21820621,0.01090389682582854,0.2319483458995819,0.22101076,0.010937585899581909,0.2039950042963028,0.20919298,0.005197975703697205
nearest_neighbor_baseline,760,36591,77629,0.658768355846405,0.9599387645721436,0.9386763,0.021262464572143536,8.038780212402344,8.173751,0.13497078759765557,0.25168997049331665,0.25781628,0.006126309506683358,0.3249521851539612,0.31843534,0.0065168451539611705,0.7375066876411438,0.66513956,0.07236712764114384
nearest_neighbor_baseline,761,73724,74425,0.5539354681968689,0.20577959716320038,0.18791723,0.017862367163200388,30.045761108398438,28.928452,1.1173091083984374,0.48337653279304504,0.46270692,0.020669612793045022,0.4881937503814697,0.46781167,0.020382080381469714,0.22227515280246735,0.23167673,0.009401577197532651
nearest_neighbor_baseline,762,32123,4423,0.33908113837242126,0.9733576774597168,0.9812449,0.007887222540283179,6.238351345062256,5.1715565,1.0667948450622555,0.22873547673225403,0.23413822,0.00540274326774598,0.24719177186489105,0.24592929,0.0012624818648910574,0.40182754397392273,0.36784026,0.033987283973922755
nearest_neighbor_baseline,763,46898,36983,0.7292109131813049,0.8438124656677246,0.8288601,0.01495236566772462,7.620307922363281,6.4539657,1.166342222363281,0.23015239834785461,0.2535195,0.023367101652145394,0.25561514496803284,0.2769209,0.02130575503196719,0.4298236072063446,0.4444916,0.014667992793655382
nearest_neighbor_baseline,764,22971,125433,1.0548542737960815,0.014149072580039501,0.030538395,0.016389322419960498,30.135587692260742,27.569656,2.565931692260744,0.2488504946231842,0.24240702,0.006443474623184203,0.28195706009864807,0.281182,0.0007750600986480838,0.4231652617454529,0.43246186,0.009296598254547095
nearest_neighbor_baseline,765,112596,129521,1.142837405204773,0.11850679665803909,0.11710492,0.0014018766580390918,25.504323959350586,23.78434,1.7199839593505857,0.28438204526901245,0.2717382,0.012643845269012466,0.31039732694625854,0.29609716,0.014300166946258519,0.43870997428894043,0.3858561,0.05285387428894045
nearest_neighbor_baseline,766,102892,119153,0.41940048336982727,0.6801097989082336,0.6824019,0.002292101091766363,22.97072982788086,21.66604,1.3046898278808605,0.49749529361724854,0.4960711,0.001424193617248548,0.5068668723106384,0.5092071,0.002340227689361596,0.33086103200912476,0.32594162,0.004919412009124768
nearest_neighbor_baseline,767,129342,121241,1.0419588088989258,0.030731331557035446,0.058273792,0.02754246044296455,26.225492477416992,25.544632,0.6808604774169922,0.23428018391132355,0.2265509,0.007729283911323548,0.23659545183181763,0.22845492,0.008140531831817621,0.15612734854221344,0.15778206,0.0016547114577865618
nearest_neighbor_baseline,768,97793,128331,0.5896379947662354,0.6047068238258362,0.60164493,0.003061893825836215,16.703611373901367,18.015358,1.311746626098632,0.28492993116378784,0.29304653,0.008116598836212185,0.290370374917984,0.29804865,0.007678275082016017,0.24772785604000092,0.22421816,0.023509696040000916
nearest_neighbor_baseline,769,39591,138889,0.4328210651874542,0.8696216940879822,0.88633156,0.01670986591201784,6.768367767333984,6.357116,0.41125176733398394,0.23988842964172363,0.24697702,0.007088590358276359,0.2531156539916992,0.26263988,0.009524226008300773,0.3845345079898834,0.41662005,0.0320855420101166
nearest_neighbor_baseline,770,117298,20703,0.6140272617340088,0.6080062389373779,0.6133823,0.005376061062622117,21.907384872436523,21.855005,0.05237987243652498,0.3063494861125946,0.34501153,0.038662043887405406,0.3115803003311157,0.3616968,0.05011649966888426,0.2972979247570038,0.31182456,0.014526635242996189
nearest_neighbor_baseline,771,117812,75531,0.6675400137901306,0.40215620398521423,0.3678344,0.03432180398521423,24.850187301635742,26.228338,1.3781506983642586,0.20222263038158417,0.20010921,0.002113420381584158,0.21357716619968414,0.20996815,0.0036090161996841508,0.3396109938621521,0.38456494,0.04495394613784792
nearest_neighbor_baseline,772,103496,130892,0.4052884876728058,0.7677038311958313,0.78991586,0.022212028804168726,22.406831741333008,21.76208,0.6447517413330068,0.42568644881248474,0.41703415,0.008652298812484749,0.42933472990989685,0.42052573,0.008808999909896864,0.20884034037590027,0.2053714,0.003468940375900259
nearest_neighbor_baseline,773,119873,124305,0.7894678711891174,0.48454058170318604,0.52076787,0.036227288296813986,23.72433090209961,24.395554,0.6712230979003913,0.3015616536140442,0.34825858,0.046696926385955795,0.3322318494319916,0.3773273,0.0450954505680084,0.49721112847328186,0.46659917,0.030611958473281853
nearest_neighbor_baseline,774,34710,3684,0.8199626207351685,0.22652693092823029,0.20612553,0.020401400928230284,22.845632553100586,24.561184,1.7155514468994149,0.31946560740470886,0.34922385,0.02975824259529114,0.32872697710990906,0.3544411,0.02571412289009095,0.31432977318763733,0.27720395,0.03712582318763735
nearest_neighbor_baseline,775,87102,18010,0.3982459008693695,0.782196044921875,0.7558086,0.026387444921874947,21.410303115844727,21.024445,0.3858581158447265,0.1888466626405716,0.19105119,0.0022045273594284154,0.2000342458486557,0.20548974,0.005455494151344303,0.40368807315826416,0.40307555,0.0006125231582641555
nearest_neighbor_baseline,776,39745,77913,0.31359586119651794,0.9723278284072876,0.9797903,0.007462471592712405,10.314311981201172,9.041464,1.2728479812011724,0.24840986728668213,0.25412706,0.005717192713317887,0.2665942907333374,0.27075157,0.004157279266662595,0.4659280776977539,0.44774666,0.018181417697753888
nearest_neighbor_baseline,777,112312,125400,0.6921743154525757,0.5863441228866577,0.6189152,0.032571077113342284,22.942968368530273,21.972467,0.9705013685302717,0.40024664998054504,0.44038516,0.040138510019454954,0.4432361423969269,0.45807207,0.014835927603073118,0.41302353143692017,0.39580497,0.017218561436920188
nearest_neighbor_baseline,778,8528,118663,0.40344101190567017,0.9502187967300415,0.947948,0.002270796730041491,3.617558717727661,3.591769,0.02578971772766092,0.31324946880340576,0.29131505,0.021934418803405742,0.31848615407943726,0.29871163,0.01977452407943725,0.24211925268173218,0.22402523,0.018094022681732186
nearest_neighbor_baseline,779,139865,77637,0.8835387229919434,0.13805222511291504,0.15414824,0.016096014887084953,24.449562072753906,22.994436,1.455126072753906,0.3098166584968567,0.29066956,0.019147098496856696,0.3137173652648926,0.30404016,0.009677205264892574,0.25093579292297363,0.29651284,0.04557704707702637
nearest_neighbor_baseline,780,9519,3040,0.4454454183578491,0.609699547290802,0.6398945,0.03019495270919803,23.033416748046875,22.05278,0.9806367480468765,0.8345795273780823,0.8401244,0.005544872621917718,0.835536539554596,0.84324545,0.007708910445404005,0.12270614504814148,0.13910647,0.01640032495185853
nearest_neighbor_baseline,781,117984,101299,0.4694026708602905,0.8572633266448975,0.8524211,0.004842226644897418,19.941513061523438,20.508192,0.5666789384765636,0.5177746415138245,0.51523894,0.0025357015138244288,0.5255703330039978,0.5205988,0.0049715330039977745,0.29511094093322754,0.23249274,0.06261820093322754
nearest_neighbor_baseline,782,43991,30228,0.6819401979446411,0.4813510775566101,0.55218023,0.07082915244338994,25.816686630249023,24.239046,1.5776406302490251,0.32565760612487793,0.3381311,0.012473493875122088,0.330693781375885,0.3438967,0.01320291862411499,0.23530441522598267,0.24177964,0.006475224774017324
nearest_neighbor_baseline,783,50769,112353,0.8291779160499573,0.12329147011041641,0.109907046,0.013384424110416418,26.7144718170166,27.197996,0.4835241829833983,0.2403802126646042,0.2489474,0.008567187335395826,0.24216152727603912,0.25129956,0.009138032723960854,0.15435431897640228,0.22078718,0.06643286102359772
nearest_neighbor_baseline,784,131704,13380,0.2697461247444153,0.9788495898246765,0.98097515,0.0021255601753235043,3.221061944961548,3.5607574,0.3396954550384521,0.3017559349536896,0.30584252,0.004086585046310431,0.33324024081230164,0.33464316,0.0014029191876983593,0.43994367122650146,0.4137086,0.026235071226501483
nearest_neighbor_baseline,785,13949,85617,0.32862401008605957,0.8541404604911804,0.8632484,0.009107939508819607,15.724987030029297,16.21423,0.4892429699707037,0.23613598942756653,0.2375223,0.0013863105724334635,0.2426806092262268,0.2494248,0.006744190773773195,0.3314148187637329,0.3468818,0.015466981236267108
nearest_neighbor_baseline,786,25115,98331,0.31134483218193054,0.804813802242279,0.8162877,0.011473897757720897,18.543926239013672,18.553108,0.009181760986329834,0.2689576745033264,0.26423275,0.0047249245033264,0.2819013297557831,0.27976727,0.0021340597557830687,0.3809676170349121,0.36892626,0.012041357034912104
nearest_neighbor_baseline,787,9668,101088,0.436969518661499,0.8449490666389465,0.8281579,0.01679116663894653,12.353808403015137,13.349785,0.995976596984864,0.2474033385515213,0.23719877,0.010204568551521298,0.2529028356075287,0.24403088,0.008871955607528681,0.25505536794662476,0.28638783,0.031332462053375254
nearest_neighbor_baseline,788,118781,94939,0.350241094827652,0.49118295311927795,0.46817136,0.023011593119277973,25.68233871459961,26.198893,0.5165542854003924,0.7909154295921326,0.7820694,0.008846029592132543,0.7925350666046143,0.7839202,0.008614866604614302,0.16775166988372803,0.1551131,0.012638569883728024
nearest_neighbor_baseline,789,138363,49317,0.8673834800720215,0.2010098546743393,0.20286459,0.0018547353256607169,23.911409378051758,24.783894,0.8724846219482423,0.30456098914146423,0.25130647,0.05325451914146423,0.3091481924057007,0.25439805,0.0547501424057007,0.24391703307628632,0.22871582,0.01520121307628633
nearest_neighbor_baseline,790,51574,35769,0.48851287364959717,0.8462880253791809,0.8458292,0.00045882537918096045,10.609501838684082,10.793976,0.18447416131591865,0.2176552712917328,0.2341862,0.016530928708267223,0.24643585085868835,0.26530603,0.01887017914131167,0.468485027551651,0.4764667,0.00798167244834902
nearest_neighbor_baseline,791,98863,14370,0.7763035297393799,0.6320236921310425,0.59946287,0.0325608221310425,19.397260665893555,18.974316,0.42294466589355295,0.33028724789619446,0.33837765,0.008090402103805516,0.336388498544693,0.3460698,0.00968130145530699,0.22926563024520874,0.216998,0.012267630245208744
nearest_neighbor_baseline,792,13655,98704,0.40847501158714294,0.9506983757019043,0.9373911,0.013307275701904264,15.745704650878906,16.300276,0.554571349121094,0.3117271363735199,0.2874041,0.024323036373519902,0.348969042301178,0.32877862,0.020190422301177957,0.47142666578292847,0.4868762,0.015449534217071514
nearest_neighbor_baseline,793,54571,80150,0.21390672028064728,0.8990313410758972,0.8987009,0.00033044107589719207,18.241140365600586,18.045307,0.19583336560058484,0.3497515618801117,0.34844077,0.0013107918801116836,0.36005887389183044,0.36515146,0.005092586108169539,0.38163629174232483,0.39374682,0.012110528257675168
nearest_neighbor_baseline,794,42628,135537,0.720445990562439,0.22426429390907288,0.2328298,0.008565506090927127,28.746095657348633,30.245413,1.4993173426513664,0.7232030630111694,0.72353137,0.0003283069888305734,0.7247835397720337,0.7243967,0.0003868397720336869,0.11833133548498154,0.09887269,0.019458645484981538
nearest_neighbor_baseline,795,103339,81840,0.536105751991272,0.19807888567447662,0.16896933,0.029109555674476623,28.07323455810547,29.494652,1.4214174418945298,0.8075716495513916,0.79489785,0.012673799551391585,0.8083122968673706,0.79545385,0.012858446867370588,0.09527841210365295,0.08396156,0.01131685210365295
nearest_neighbor_baseline,796,12017,95331,0.41125279664993286,0.9148204922676086,0.9247539,0.009933407732391375,13.002262115478516,13.45453,0.4522678845214845,0.19442985951900482,0.17261249,0.021817369519004814,0.20584934949874878,0.18057151,0.02527783949874879,0.402781218290329,0.39268345,0.01009776829032899
nearest_neighbor_baseline,797,81184,104564,0.4339275360107422,0.8795163631439209,0.8935061,0.013989736856079071,11.26406192779541,11.393676,0.1296140722045891,0.2705204486846924,0.25939396,0.011126488684692404,0.289679616689682,0.27400625,0.015673366689682,0.3853759467601776,0.3454277,0.03994824676017761
nearest_neighbor_baseline,798,33584,107683,0.30872654914855957,0.8781988024711609,0.8867507,0.008551897528839114,14.33699893951416,14.301664,0.03533493951415956,0.3022698163986206,0.30862877,0.006358953601379391,0.3075026273727417,0.3150049,0.007502272627258277,0.26897355914115906,0.27876002,0.00978646085884094
nearest_neighbor_baseline,799,98409,134418,0.6305683255195618,0.5369328260421753,0.5463082,0.009375373957824729,22.496612548828125,22.130613,0.3659995488281247,0.2507086396217346,0.26028532,0.009576680378265368,0.2748338282108307,0.2919428,0.017108971789169314,0.5424649715423584,0.5216134,0.020851571542358394
nearest_neighbor_baseline,800,19140,8925,0.47595131397247314,0.7568014860153198,0.7600074,0.0032059139846801754,21.355859756469727,21.52298,0.16712024353027388,0.3244362473487854,0.3435528,0.01911655265121459,0.3386402726173401,0.36944008,0.030799807382659916,0.42995569109916687,0.43983027,0.009874578900833153
nearest_neighbor_baseline,801,36901,116955,0.5451400876045227,0.7729519009590149,0.7560368,0.01691510095901494,21.378263473510742,21.14094,0.23732347351074168,0.22328031063079834,0.20551921,0.017761100630798332,0.2707539498806,0.2449898,0.025764149880599968,0.6416817903518677,0.6957994,0.05411760964813228
nearest_neighbor_baseline,802,69549,98555,0.7774178981781006,0.053110573440790176,0.043909617,0.009200956440790178,28.550498962402344,26.439438,2.1110609624023446,0.7239744663238525,0.7142151,0.009759366323852547,0.7253455519676208,0.7172091,0.008136451967620806,0.15131422877311707,0.19399683,0.042682601226882944
nearest_neighbor_baseline,803,50737,124548,0.4700329899787903,0.7920787930488586,0.7745928,0.017485993048858672,16.904869079589844,18.071827,1.1669579204101552,0.27979776263237,0.28031263,0.000514867367630012,0.28847819566726685,0.28804195,0.00043624566726685465,0.3092133700847626,0.28805438,0.021158990084762574
nearest_neighbor_baseline,804,45792,131348,0.5319792628288269,0.3285374045372009,0.34329212,0.01475471546279905,22.799684524536133,23.436014,0.6363294754638673,0.18670688569545746,0.22104931,0.03434242430454254,0.1965460479259491,0.24408455,0.047538502074050915,0.3594592809677124,0.38102192,0.02156263903228761
nearest_neighbor_baseline,805,94805,28502,0.3377603590488434,0.8287286758422852,0.84442824,0.015699564157714896,12.655598640441895,13.998455,1.3428563595581053,0.28057152032852173,0.2684468,0.012124720328521743,0.29451847076416016,0.28938195,0.005136520764160157,0.3910875618457794,0.38597345,0.005114111845779423
nearest_neighbor_baseline,806,107666,127618,0.3215087354183197,0.9766262173652649,0.9756968,0.0009294173652648618,5.143405437469482,4.10861,1.0347954374694828,0.24830834567546844,0.23732993,0.01097841567546845,0.26173675060272217,0.26804554,0.006308789397277859,0.4206969439983368,0.44013456,0.019437616001663216
nearest_neighbor_baseline,807,25569,29892,0.8662384748458862,0.0936342105269432,0.12962247,0.03598825947305678,23.74908447265625,23.602514,0.14657047265625067,0.22250781953334808,0.21902262,0.0034851995333480823,0.23161408305168152,0.2332851,0.0016710169483184767,0.41645047068595886,0.41558295,0.0008675206859588558
nearest_neighbor_baseline,808,69523,7286,0.6103280782699585,0.28536444902420044,0.3101753,0.024810850975799548,23.72324562072754,23.487408,0.23583762072754055,0.2680225074291229,0.2575705,0.010452007429122945,0.2727188766002655,0.26371363,0.009005246600265526,0.2622126638889313,0.24062292,0.021589743888931284
nearest_neighbor_baseline,809,22608,83244,0.5438408255577087,0.8980651497840881,0.87900984,0.019055309784088093,8.86722469329834,9.316039,0.4488143067016601,0.33110135793685913,0.31491244,0.016188917936859115,0.33817845582962036,0.3329897,0.005188755829620362,0.28950750827789307,0.29915458,0.009647071722106937
nearest_neighbor_baseline,810,85613,74472,0.6205666065216064,0.06375628709793091,0.064878836,0.001122548902069087,31.58263397216797,31.469406,0.11322797216796943,0.757511556148529,0.75907326,0.0015617038514709192,0.760094404220581,0.7605523,0.00045789577941890425,0.14059394598007202,0.11988958,0.020704365980072026
nearest_neighbor_baseline,811,87981,121913,0.3430596590042114,0.8878430724143982,0.8943548,0.006511727585601812,14.473276138305664,13.768606,0.7046701383056639,0.20931044220924377,0.20110166,0.008208782209243787,0.21685834228992462,0.20826755,0.008590792289924626,0.31093746423721313,0.33838266,0.027445195762786867
nearest_neighbor_baseline,812,24963,37576,1.00450599193573,0.3308269679546356,0.26506937,0.0657575979546356,20.366655349731445,22.355143,1.9884876502685565,0.396444171667099,0.41623527,0.01979109833290099,0.40304848551750183,0.42139706,0.01834857448249816,0.2649126946926117,0.22063069,0.044282004692611704
nearest_neighbor_baseline,813,97900,68433,0.3977604806423187,0.7093227505683899,0.72885317,0.019530419431610158,21.408376693725586,22.412672,1.0042953062744147,0.4157548248767853,0.40898433,0.006770494876785271,0.4206482470035553,0.41206267,0.008585577003555278,0.23472315073013306,0.23607117,0.0013480192698669402
nearest_neighbor_baseline,814,117651,76982,0.3088982105255127,0.9269280433654785,0.9248006,0.002127443365478543,12.981573104858398,11.521874,1.459699104858398,0.3006266951560974,0.29261085,0.008015845156097434,0.3038206696510315,0.29581004,0.008010629651031498,0.22422188520431519,0.20646437,0.017757515204315177
nearest_neighbor_baseline,815,105978,71048,0.41080957651138306,0.9577985405921936,0.96879435,0.010995809407806423,7.367147922515869,6.4071527,0.959995222515869,0.5423576831817627,0.54232293,3.475318176271447e-05,0.5753196477890015,0.56144506,0.013874587789001414,0.4216868281364441,0.40083265,0.02085417813644408
nearest_neighbor_baseline,816,108480,24297,0.37899887561798096,0.9320589900016785,0.9064004,0.025658590001678472,6.368969917297363,6.6817904,0.3128204827026364,0.32137978076934814,0.32303593,0.0016561492306518821,0.3379952609539032,0.3412825,0.0032872390460967904,0.3557673692703247,0.34834883,0.007418539270324709
nearest_neighbor_baseline,817,2985,125816,0.49998560547828674,0.7302117347717285,0.7450477,0.014835965228271464,17.812801361083984,18.427143,0.6143416389160166,0.21729955077171326,0.23142125,0.014121699228286738,0.22466133534908295,0.24416064,0.019499304650917065,0.34787967801094055,0.3697407,0.021861021989059426
nearest_neighbor_baseline,818,5034,33186,0.5777891874313354,0.3295123279094696,0.2996049,0.029907427909469597,26.340932846069336,27.161652,0.8207191539306642,0.7524926662445068,0.73299915,0.019493516244506792,0.7544747591018677,0.7363239,0.018150859101867645,0.15741810202598572,0.19998428,0.04256617797401427
nearest_neighbor_baseline,819,1950,44469,0.6356623768806458,0.5644671320915222,0.5337102,0.030756932091522193,21.661544799804688,21.072554,0.5889907998046873,0.23115535080432892,0.22283942,0.008315930804328908,0.23667661845684052,0.23162706,0.005049558456840519,0.3044457733631134,0.3489993,0.04455352663688661
nearest_neighbor_baseline,820,139307,61489,0.4365292191505432,0.8188921213150024,0.84841263,0.02952050868499756,13.73307991027832,13.781755,0.04867508972168011,0.33697420358657837,0.3362932,0.0006810035865783548,0.34269705414772034,0.3413659,0.001331154147720337,0.2465115487575531,0.24940942,0.002897871242446892
nearest_neighbor_baseline,821,117909,18980,0.34385189414024353,0.9211248755455017,0.919111,0.0020138755455016977,13.91344165802002,13.938296,0.02485434197997982,0.1907920092344284,0.19545211,0.0046601007655716065,0.21611502766609192,0.2457786,0.029663572333908095,0.6111085414886475,0.6171891,0.006080558511352585
nearest_neighbor_baseline,822,82603,46959,0.6538900136947632,0.6252971291542053,0.60842764,0.016869489154205275,19.833555221557617,19.9278,0.0942447784423841,0.44987940788269043,0.4346861,0.01519330788269041,0.45804527401924133,0.4449064,0.013138874019241353,0.2864076793193817,0.31795454,0.031546860680618294
nearest_neighbor_baseline,823,18814,36686,1.8246926069259644,0.07660698890686035,0.06856524,0.008041748906860352,23.135726928710938,20.088528,3.0471989287109373,0.19653315842151642,0.28423795,0.0877047915784836,0.22519728541374207,0.3512373,0.1260400145862579,0.5686290264129639,0.6128073,0.04417827358703619
nearest_neighbor_baseline,824,73442,84882,0.42994818091392517,0.8252579569816589,0.82145,0.003807956981658922,11.22087287902832,13.168421,1.94754812097168,0.24124452471733093,0.23924363,0.00200089471733092,0.24809879064559937,0.24505822,0.003040570645599372,0.2842307388782501,0.28763178,0.0034010411217498815
nearest_neighbor_baseline,825,115953,59793,0.4665563106536865,0.7582020163536072,0.72168005,0.03652196635360716,23.23323631286621,23.357052,0.12381568713378854,0.47393786907196045,0.4865143,0.012576430928039561,0.4780670702457428,0.4933935,0.015326429754257187,0.28105631470680237,0.28989962,0.008843305293197656
nearest_neighbor_baseline,826,86856,63958,0.26813700795173645,0.8661416172981262,0.8763121,0.010170482701873818,17.277347564697266,17.15946,0.11788756469726636,0.28879937529563904,0.2852684,0.0035309752956390605,0.29506322741508484,0.300304,0.0052407725849151765,0.31019189953804016,0.3220501,0.011858200461959845
nearest_neighbor_baseline,827,48519,13288,0.9530272483825684,0.6849607825279236,0.6343188,0.050641982527923624,14.462244033813477,13.472824,0.9894200338134773,0.31963029503822327,0.3594784,0.03984810496177671,0.33188396692276,0.37016496,0.03828099307723998,0.3205639719963074,0.27907407,0.041489901996307366
nearest_neighbor_baseline,828,51313,52429,0.54196697473526,0.7358371019363403,0.74386096,0.008023858063659683,19.007802963256836,19.002542,0.00526096325683767,0.38725200295448303,0.38118413,0.006067872954483022,0.39541468024253845,0.3949169,0.000497780242538437,0.3159620463848114,0.32633984,0.01037779361518859
nearest_neighbor_baseline,829,108208,61206,0.6876758337020874,0.10340369492769241,0.116037734,0.01263403907230759,29.272686004638672,27.270483,2.002203004638673,0.2572968006134033,0.28377485,0.026478049386596703,0.27320921421051025,0.31920922,0.04600000578948976,0.3255044221878052,0.36089602,0.03539159781219481
nearest_neighbor_baseline,830,12744,110098,0.642179548740387,0.4625869393348694,0.45608962,0.006497319334869411,25.81692886352539,26.069906,0.25297713647460895,0.34706732630729675,0.31231514,0.03475218630729676,0.35175207257270813,0.32281986,0.028932212572708116,0.24722236394882202,0.29118606,0.043963696051178
nearest_neighbor_baseline,831,100377,32237,0.383521169424057,0.8637803792953491,0.870743,0.006962620704650924,12.27529239654541,11.789667,0.4856253965454105,0.27057090401649475,0.24569067,0.02488023401649475,0.27579745650291443,0.2562788,0.019518656502914455,0.2782614231109619,0.30571386,0.02745243688903809
nearest_neighbor_baseline,832,59088,4358,0.5952020883560181,0.24093742668628693,0.2752073,0.03426987331371306,20.866979598999023,20.45429,0.41268959899902313,0.36939987540245056,0.35408905,0.015310825402450545,0.3737659454345703,0.35837314,0.015392805434570334,0.24583357572555542,0.23320015,0.012633425725555425
nearest_neighbor_baseline,833,133311,10888,0.5095931887626648,0.7458163499832153,0.74618495,0.00036860001678462595,21.110822677612305,20.360664,0.7501586776123048,0.32288432121276855,0.34408638,0.02120205878723147,0.32821691036224365,0.36722383,0.03900691963775632,0.29777562618255615,0.29013935,0.007636276182556134
nearest_neighbor_baseline,834,112773,3171,0.6862155795097351,0.8243519067764282,0.85356927,0.029217363223571824,8.344867706298828,7.755493,0.5893747062988277,0.3608332574367523,0.33613673,0.024696527436752325,0.3841921091079712,0.35637242,0.02781968910797117,0.37599170207977295,0.39742056,0.02142885792022703
nearest_neighbor_baseline,835,93535,95621,0.25114375352859497,0.9684494733810425,0.95762324,0.010826233381042494,8.609087944030762,8.153419,0.4556689440307622,0.26903095841407776,0.26627958,0.002751378414077743,0.2793174982070923,0.27977383,0.00045633179290771597,0.32906374335289,0.33879477,0.009731026647110008
nearest_neighbor_baseline,836,132823,42246,0.4558715522289276,0.801437258720398,0.75669754,0.04473971872039795,21.140396118164062,21.335297,0.19490088183593812,0.295871376991272,0.30074644,0.004875063008728031,0.3035446107387543,0.30775917,0.004214559261245754,0.3425445854663849,0.33883518,0.003709405466384874
nearest_neighbor_baseline,837,17221,63355,1.3576061725616455,0.10865786671638489,0.023099452,0.0855584147163849,23.814653396606445,24.851406,1.0367526033935555,0.24067376554012299,0.22580238,0.014871385540122989,0.26810362935066223,0.25124463,0.016858999350662207,0.4644045829772949,0.48452547,0.020120887022705092
nearest_neighbor_baseline,838,96556,58926,0.37854599952697754,0.22331246733665466,0.24263473,0.01932226266334533,30.446632385253906,29.519373,0.9272593852539046,0.36619773507118225,0.3755339,0.009336164928817725,0.37003037333488464,0.38105866,0.01102828666511535,0.23154248297214508,0.24563609,0.01409360702785492
nearest_neighbor_baseline,839,112066,88535,0.9641311168670654,0.2411707043647766,0.2578966,0.016725895635223365,30.346403121948242,29.48286,0.8635431219482435,0.43250277638435364,0.46107107,0.02856829361564639,0.43994879722595215,0.4671623,0.027213502774047826,0.2474021017551422,0.29477265,0.04737054824485781
nearest_neighbor_baseline,840,94153,113283,0.3491007685661316,0.8645311594009399,0.85459596,0.009935199400939898,13.882730484008789,12.818325,1.0644054840087893,0.2468947023153305,0.24743383,0.0005391276846694881,0.2577122449874878,0.25743693,0.0002753149874877847,0.3553929030895233,0.3455627,0.009830203089523315
nearest_neighbor_baseline,841,75512,127228,0.3298451006412506,0.9325082302093506,0.9403198,0.007811569790649453,11.317679405212402,11.392002,0.0743225947875974,0.20273099839687347,0.20249899,0.0002320083968734843,0.21906854212284088,0.22068693,0.001618387877159122,0.40748414397239685,0.38673308,0.020751063972396844
nearest_neighbor_baseline,842,76472,88079,0.5744791030883789,0.45857229828834534,0.42115393,0.03741836828834533,24.114971160888672,24.108818,0.00615316088867246,0.2724710702896118,0.26678827,0.005682800289611822,0.27509352564811707,0.26968887,0.0054046556481170405,0.19347825646400452,0.19147865,0.0019996064640045164
nearest_neighbor_baseline,843,68485,6724,1.2071508169174194,0.03809361532330513,0.08487059,0.046776974676694866,26.5196533203125,26.376263,0.14339032031249843,0.24713660776615143,0.23114471,0.015991897766151425,0.26618295907974243,0.24115999,0.02502296907974244,0.4664502739906311,0.3760051,0.09044517399063112
nearest_neighbor_baseline,844,105476,36970,0.5273022055625916,0.9370526671409607,0.9100607,0.02699196714096075,11.448613166809082,10.393353,1.0552601668090826,0.27173224091529846,0.286794,0.015061759084701531,0.28644829988479614,0.30920726,0.02275896011520384,0.4008365571498871,0.3957936,0.005042957149887062
nearest_neighbor_baseline,845,9679,114773,0.21645782887935638,0.9807971119880676,0.97957665,0.0012204619880675782,11.893281936645508,11.570315,0.322966936645507,0.22509217262268066,0.23809479,0.013002617377319337,0.23228029906749725,0.24375604,0.011475740932502754,0.3355123996734619,0.32002947,0.015482929673461931
nearest_neighbor_baseline,846,67264,105199,0.4239693582057953,0.8430162072181702,0.8340922,0.008924007218170216,15.639989852905273,14.111992,1.5279978529052727,0.24103885889053345,0.24512175,0.004082891109466552,0.24583549797534943,0.25166106,0.005825562024650566,0.24938467144966125,0.23655048,0.012834191449661247
nearest_neighbor_baseline,847,763,88408,0.3566350042819977,0.8627650141716003,0.8719783,0.009213285828399642,16.48311424255371,16.817831,0.3347167574462908,0.3969576358795166,0.40870753,0.011749894120483384,0.3989759683609009,0.41162083,0.012644861639099114,0.17224575579166412,0.17925122,0.007005464208335865
nearest_neighbor_baseline,848,98085,38919,0.68519127368927,0.9662628173828125,0.9689312,0.0026683826171874925,7.948949813842773,6.4305224,1.5184274138427734,0.21639907360076904,0.21282059,0.003578483600769039,0.23854488134384155,0.24809673,0.009551848656158435,0.4293593466281891,0.4241049,0.00525444662818908
nearest_neighbor_baseline,849,24340,85222,0.6839578151702881,0.4591425061225891,0.49768242,0.0385399138774109,21.883268356323242,21.569908,0.31336035632324055,0.3667810261249542,0.3615298,0.005251226124954211,0.37057575583457947,0.36397612,0.006599635834579454,0.19403021037578583,0.18985586,0.00417435037578584
nearest_neighbor_baseline,850,25487,95595,1.0922309160232544,0.05790502205491066,0.047785092,0.010119930054910659,21.43692970275879,20.421333,1.0155967027587884,0.28367939591407776,0.2386911,0.04498829591407777,0.2867610454559326,0.24166697,0.04509407545593261,0.20323815941810608,0.18106031,0.022177849418106077
nearest_neighbor_baseline,851,38153,44711,0.7126153111457825,0.521459698677063,0.5376436,0.01618390132293701,21.599170684814453,22.182491,0.5833203151855457,0.3344537317752838,0.31847245,0.015981281775283795,0.34726107120513916,0.32773072,0.019530351205139185,0.3614785075187683,0.32324842,0.03823008751876833
nearest_neighbor_baseline,852,84489,126359,0.33986106514930725,0.8609753251075745,0.8715715,0.010596174892425592,19.483585357666016,19.498686,0.015100642333983672,0.2933294475078583,0.2766986,0.01663084750785826,0.29558536410331726,0.27976802,0.015817344103317255,0.21724244952201843,0.20913611,0.008106339522018446
nearest_neighbor_baseline,853,103868,71365,0.5766288638114929,0.6391213536262512,0.65079284,0.011671486373748818,15.013920783996582,16.507944,1.4940232160034164,0.3312984108924866,0.32262996,0.008668450892486579,0.33660605549812317,0.32648203,0.01012402549812319,0.18723198771476746,0.21391085,0.026678862285232557
nearest_neighbor_baseline,854,115659,136849,0.6112638115882874,0.8854976296424866,0.8876563,0.0021586703575133814,9.991589546203613,10.761479,0.7698894537963863,0.25810569524765015,0.28764525,0.029539554752349872,0.2878488302230835,0.34105346,0.05320462977691648,0.492034375667572,0.48721147,0.004822905667572042
nearest_neighbor_baseline,855,106438,103611,0.47285574674606323,0.9581128358840942,0.9745138,0.016400964115905747,11.750530242919922,11.792207,0.041676757080077564,0.19263695180416107,0.1928191,0.0001821481958389215,0.24008235335350037,0.23915985,0.0009225033535003591,0.843637228012085,0.859066,0.015428771987915035
nearest_neighbor_baseline,856,80368,65399,0.538451075553894,0.8545064926147461,0.8733641,0.018857607385253883,16.581701278686523,16.79779,0.21608872131347567,0.3539723753929138,0.35745344,0.003481064607086193,0.35760560631752014,0.3625271,0.004921493682479849,0.22032858431339264,0.236621,0.01629241568660736
nearest_neighbor_baseline,857,109773,101993,0.4282236099243164,0.7367007732391357,0.78526163,0.0485608567608643,20.71173858642578,21.334183,0.6224444135742182,0.25395968556404114,0.25739732,0.0034376344359588473,0.28151220083236694,0.29212683,0.01061462916763306,0.40335673093795776,0.4256872,0.022330469062042224
nearest_neighbor_baseline,858,91162,86618,0.6291820406913757,0.1990608423948288,0.16059752,0.0384633223948288,27.414281845092773,27.687346,0.27306415490722813,0.25589847564697266,0.26097617,0.005077694353027351,0.26057517528533936,0.26410007,0.0035248947146606646,0.210269033908844,0.20385943,0.006409603908843986
nearest_neighbor_baseline,859,72703,123067,0.5068386197090149,0.5476471781730652,0.5559053,0.008258121826934861,24.045011520385742,23.325321,0.7196905203857433,0.20548363029956818,0.23602277,0.030539139700431817,0.21092510223388672,0.24346922,0.03254411776611327,0.27195999026298523,0.26402178,0.007938210262985246
nearest_neighbor_baseline,860,65042,87660,0.5998746752738953,0.5231853127479553,0.5321997,0.009014387252044731,20.409175872802734,21.54472,1.1355441271972673,0.244839608669281,0.2217561,0.023083508669280994,0.26604941487312317,0.24355926,0.02249015487312317,0.5455833077430725,0.5441949,0.0013884077430724728
nearest_neighbor_baseline,861,26042,122920,0.7307138442993164,0.6324577331542969,0.63611805,0.0036603168457031154,18.10712432861328,16.0313,2.0758243286132796,0.34417062997817993,0.33280832,0.01136230997817994,0.3547886312007904,0.33821538,0.016573251200790395,0.2355077862739563,0.24677224,0.011264453726043705
nearest_neighbor_baseline,862,1760,73068,0.28201234340667725,0.9539794921875,0.96783715,0.013857657812500035,6.1641974449157715,5.3407044,0.8234930449157716,0.33877983689308167,0.34122813,0.0024482931069183533,0.34622976183891296,0.35134906,0.005119298161087027,0.24248364567756653,0.26815268,0.02566903432243345
nearest_neighbor_baseline,863,53442,81526,0.7131602764129639,0.7277284860610962,0.745625,0.01789651393890379,12.283321380615234,12.435984,0.1526626193847651,0.2990018427371979,0.27666467,0.022337172737197875,0.31400066614151,0.28635707,0.02764359614151002,0.33092325925827026,0.37367424,0.04275098074172973
nearest_neighbor_baseline,864,40212,22296,0.8544118404388428,0.5611149668693542,0.577371,0.01625603313064572,25.35966682434082,23.826012,1.5336548243408217,0.48399147391319275,0.49060604,0.006614566086807272,0.48675307631492615,0.4929011,0.0061480236850738335,0.1921205222606659,0.1822986,0.009821922260665888
nearest_neighbor_baseline,865,53188,10309,0.47154632210731506,0.9199970364570618,0.89458567,0.025411366457061768,10.445059776306152,10.572203,0.12714322369384767,0.24910154938697815,0.2187717,0.030329849386978136,0.25231748819351196,0.22154397,0.030773518193511956,0.20833590626716614,0.18599872,0.02233718626716613
nearest_neighbor_baseline,866,53352,46281,1.326810598373413,0.14366823434829712,0.09639364,0.047274594348297116,24.023794174194336,21.741287,2.282507174194336,0.2792185842990875,0.29655087,0.017332285700912498,0.3132469952106476,0.33723298,0.023985984789352433,0.49482622742652893,0.46968248,0.025143747426528917
nearest_neighbor_baseline,867,128051,83700,0.643791913986206,0.5307741761207581,0.5189391,0.01183507612075807,21.355356216430664,21.543842,0.18848578356933743,0.24184304475784302,0.21915656,0.022686484757843017,0.2923821806907654,0.27205864,0.020323540690765363,0.7714914679527283,0.7483968,0.0230946679527283
nearest_neighbor_baseline,868,92641,16000,0.4502815902233124,0.6703717112541199,0.6977721,0.027400388745880133,17.64905548095703,17.757969,0.10891351904296798,0.2671760022640228,0.28206044,0.014884437735977196,0.2760345935821533,0.309761,0.03372640641784669,0.3138282299041748,0.33477402,0.0209457900958252
nearest_neighbor_baseline,869,115293,91853,0.7209619879722595,0.04412945359945297,0.053153414,0.00902396040054703,31.888044357299805,31.729973,0.1580713572998036,0.7114607095718384,0.7333999,0.021939190428161615,0.7127699851989746,0.733961,0.021191014801025365,0.09789470583200455,0.07738414,0.020510565832004543
nearest_neighbor_baseline,870,103587,94394,1.0899195671081543,0.19107505679130554,0.23206744,0.04099238320869447,23.176904678344727,19.466583,3.7103216783447266,0.20282654464244843,0.23896624,0.03613969535755157,0.22676052153110504,0.2526363,0.02587577846889494,0.40607360005378723,0.34351712,0.06255648005378722
nearest_neighbor_baseline,871,2051,97908,0.3138200342655182,0.9132038950920105,0.90638757,0.006816325092010467,15.35803508758545,16.068407,0.7103719124145513,0.3045896291732788,0.3106837,0.0060940708267211985,0.31143662333488464,0.318732,0.007295376665115372,0.3204047679901123,0.33904532,0.01864055200988768
nearest_neighbor_baseline,872,24942,48194,0.7696846127510071,0.4804634153842926,0.5073852,0.026921784615707378,17.002513885498047,13.901996,3.1005178854980464,0.220203697681427,0.2419418,0.02173810231857301,0.22452417016029358,0.24626032,0.021736149839706426,0.25110670924186707,0.23392703,0.017179679241867057
nearest_neighbor_baseline,873,134292,126531,0.4273737370967865,0.9928841590881348,0.99382055,0.0009363909118652591,4.070158958435059,3.8106523,0.2595066584350585,0.2644694149494171,0.26952228,0.005052865050582889,0.3092951774597168,0.29201302,0.017282157459716785,0.5184065103530884,0.48818466,0.030221850353088386
nearest_neighbor_baseline,874,76273,100594,0.41862672567367554,0.8406275510787964,0.85354733,0.012919778921203662,18.3258113861084,19.06421,0.7383986138916008,0.48274970054626465,0.4626057,0.02014400054626464,0.4850030541419983,0.46555114,0.019451914141998317,0.18138116598129272,0.19158868,0.010207514018707287
nearest_neighbor_baseline,875,73112,132355,0.5492510795593262,0.6876246929168701,0.650819,0.03680569291687008,20.749494552612305,20.257727,0.49176755261230554,0.4903499186038971,0.4958973,0.005547381396102891,0.493831604719162,0.50141823,0.0075866252808379775,0.234920471906662,0.24661198,0.011691508093338021
nearest_neighbor_baseline,876,26521,68791,0.39329493045806885,0.707182765007019,0.6937452,0.013437565007019092,21.79245948791504,22.419998,0.6275385120849606,0.2542532980442047,0.2567039,0.002450601955795273,0.2583792805671692,0.26568314,0.007303859432830795,0.2616087794303894,0.27450764,0.012898860569610593
nearest_neighbor_baseline,877,115365,60632,0.7228854298591614,0.33702465891838074,0.342903,0.005878341081619276,25.50543785095215,26.628868,1.1234301490478522,0.4410555362701416,0.39753038,0.043525156270141585,0.44520050287246704,0.40638548,0.03881502287246702,0.21024544537067413,0.25310308,0.04285763462932585
nearest_neighbor_baseline,878,102324,139052,0.4140833914279938,0.28294867277145386,0.27372476,0.009223912771453846,24.11090660095215,24.000326,0.11058060095214728,0.2166733592748642,0.20137854,0.015294819274864202,0.22722141444683075,0.21115078,0.01607063444683074,0.40459123253822327,0.39044908,0.014142152538223263
nearest_neighbor_baseline,879,77374,14545,0.8235735297203064,0.09758908301591873,0.061811052,0.03577803101591873,31.625051498413086,29.63626,1.988791498413086,0.6611317992210388,0.6677872,0.006655400778961207,0.6652068495750427,0.67281103,0.007604180424957252,0.20973187685012817,0.25139996,0.041668083149871804
nearest_neighbor_baseline,880,52668,105112,0.509553849697113,0.6994844079017639,0.6515215,0.04796290790176394,21.345623016357422,21.068537,0.2770860163574227,0.32805564999580383,0.32093278,0.00712286999580386,0.3354921340942383,0.32567686,0.009815274094238269,0.20395955443382263,0.2018101,0.0021494544338226396
nearest_neighbor_baseline,881,19298,82510,0.7322712540626526,0.8240510821342468,0.8444077,0.020356617865753157,9.65418815612793,8.516929,1.1372591561279304,0.2618546187877655,0.24276932,0.019085298787765492,0.277786523103714,0.26099914,0.01678738310371397,0.37509945034980774,0.34991148,0.025187970349807742
nearest_neighbor_baseline,882,62663,92128,0.3085538148880005,0.9139248132705688,0.9206972,0.006772386729431146,12.460701942443848,12.252737,0.2079649424438479,0.2953517436981201,0.29845813,0.003106386301879871,0.3010631501674652,0.30658802,0.005524869832534807,0.27939337491989136,0.27705142,0.0023419549198913647
nearest_neighbor_baseline,883,67472,129951,0.5555238723754883,0.4285716712474823,0.42081887,0.007752801247482288,25.684049606323242,26.239532,0.5554823936767583,0.25158634781837463,0.23760197,0.013984377818374638,0.25433799624443054,0.24084072,0.013497276244430534,0.21965399384498596,0.20013571,0.019518283844985967
nearest_neighbor_baseline,884,52898,72754,0.8720731735229492,0.05095033347606659,0.017825283,0.03312505047606659,27.815948486328125,26.125927,1.6900214863281242,0.2452363818883896,0.22655857,0.0186778118883896,0.24957406520843506,0.2361176,0.013456465208435048,0.24236677587032318,0.2730388,0.030672024129676845
nearest_neighbor_baseline,885,84999,53203,0.34927159547805786,0.9629198312759399,0.9488196,0.014100231275939956,5.3960065841674805,4.9630165,0.4329900841674803,0.23613852262496948,0.24212018,0.005981657375030508,0.24386297166347504,0.24945453,0.005591558336524971,0.2815757095813751,0.25098795,0.030587759581375107
nearest_neighbor_baseline,886,101521,97598,0.801750659942627,0.4081585705280304,0.350924,0.05723457052803038,23.60939598083496,24.36004,0.7506440191650405,0.23206910490989685,0.23318832,0.001119215090103154,0.27121418714523315,0.28073177,0.009517582854766837,0.5682111382484436,0.5937065,0.025495361751556422
nearest_neighbor_baseline,887,92906,94223,0.7186294198036194,0.1677846908569336,0.19161612,0.023831429143066407,28.70030403137207,26.645922,2.0543820313720715,0.23261380195617676,0.21861313,0.014000671956176769,0.23945878446102142,0.22262764,0.016831144461021436,0.22681444883346558,0.22896549,0.0021510411665344176
nearest_neighbor_baseline,888,61784,57152,0.410439670085907,0.7103515267372131,0.7331022,0.022750673262786902,15.217658042907715,15.036664,0.1809940429077148,0.4291655421257019,0.409893,0.019272542125701897,0.4367450475692749,0.41562188,0.021123167569274903,0.2971213459968567,0.29244965,0.004671695996856684
nearest_neighbor_baseline,889,54182,37140,0.31825023889541626,0.9726554751396179,0.9641086,0.008546875139617938,9.61846923828125,8.87326,0.7452092382812499,0.25506049394607544,0.24907732,0.0059831739460754485,0.264180451631546,0.26304534,0.0011351116315460041,0.328451544046402,0.33602992,0.007578375953598004
nearest_neighbor_baseline,890,93721,38240,0.6986595392227173,0.46343424916267395,0.4862936,0.022859350837326042,18.34200668334961,18.252342,0.08966468334961064,0.340678334236145,0.33568993,0.004988404236144994,0.34295889735221863,0.33775452,0.005204377352218625,0.18538698554039001,0.17704211,0.008344875540390012
nearest_neighbor_baseline,891,136587,25355,0.7789980173110962,0.4373241364955902,0.42245373,0.014870406495590183,28.3713321685791,27.07853,1.292802168579101,0.3646988868713379,0.3918988,0.0271999131286621,0.3749130070209503,0.39852232,0.023609312979049668,0.2581317722797394,0.27256495,0.014433177720260593
nearest_neighbor_baseline,892,44451,45795,0.43084314465522766,0.49612340331077576,0.48899835,0.007125053310775731,24.23898696899414,24.991411,0.7524240310058588,0.8269937634468079,0.80181074,0.025183023446807895,0.8275614380836487,0.8022883,0.025273138083648727,0.08984098583459854,0.0826577,0.007183285834598541
nearest_neighbor_baseline,893,102203,66521,0.6775388717651367,0.6506403088569641,0.6609482,0.010307891143035874,20.391416549682617,21.936636,1.5452194503173828,0.20852969586849213,0.19643714,0.012092555868492116,0.2550213038921356,0.2357703,0.019251003892135632,0.6352981328964233,0.6441909,0.008892767103576671
nearest_neighbor_baseline,894,50398,52494,0.7861607670783997,0.2698078453540802,0.2633009,0.006506945354080196,25.24063491821289,24.253426,0.9872089182128896,0.20232407748699188,0.19633445,0.005989627486991889,0.22990484535694122,0.23374833,0.003843484643058781,0.5966741442680359,0.6281728,0.03149865573196409
nearest_neighbor_baseline,895,89024,91087,0.8996090888977051,0.11389879137277603,0.1413921,0.02749330862722396,24.662914276123047,24.822742,0.15982772387695476,0.23648609220981598,0.21169795,0.024788142209815983,0.26636406779289246,0.23587182,0.030492247792892446,0.4677761197090149,0.5546853,0.08690918029098516
nearest_neighbor_baseline,896,130104,31978,0.3527507185935974,0.9591313600540161,0.9502686,0.008862760054016094,8.987065315246582,8.629272,0.35779331524658176,0.22845786809921265,0.2138359,0.014621968099212651,0.24182341992855072,0.22741826,0.01440515992855071,0.39559850096702576,0.41195667,0.016358169032974268
nearest_neighbor_baseline,897,2777,86994,1.1274774074554443,0.10446050018072128,0.12520073,0.020740229819278727,25.955997467041016,27.29738,1.3413825329589848,0.2676902115345001,0.3038398,0.03614958846549987,0.2769799828529358,0.334308,0.0573280171470642,0.36331626772880554,0.34787557,0.01544069772880552
nearest_neighbor_baseline,898,41400,11616,0.44246241450309753,0.2549973130226135,0.26709038,0.01209306697738649,26.43522071838379,26.192656,0.24256471838378957,0.3843165934085846,0.39399448,0.009677886591415386,0.3873205780982971,0.40058836,0.013267781901702858,0.2022026628255844,0.23450056,0.032297897174415585
nearest_neighbor_baseline,899,124523,51106,0.5422865748405457,0.3086819052696228,0.319169,0.010487094730377178,24.5189151763916,25.13501,0.6160948236083996,0.38760510087013245,0.3804939,0.00711120087013245,0.39183664321899414,0.38441417,0.007422473218994141,0.26238587498664856,0.27467406,0.012288185013351438
nearest_neighbor_baseline,900,52511,36961,0.4347066879272461,0.7547295093536377,0.7316212,0.023108309353637724,18.551441192626953,19.277857,0.7264158073730478,0.7120749950408936,0.6905189,0.021556095040893508,0.7130314111709595,0.6919804,0.02105101117095942,0.11542242765426636,0.1038763,0.011546127654266353
nearest_neighbor_baseline,901,100861,27335,0.6066206693649292,0.6038707494735718,0.64228195,0.03841120052642821,14.238049507141113,14.925413,0.6873634928588874,0.2731083333492279,0.2727037,0.00040463334922791194,0.2837432026863098,0.2867194,0.0029761973136901987,0.37785544991493225,0.40805823,0.03020278008506777
nearest_neighbor_baseline,902,60811,68158,0.39703401923179626,0.9430301785469055,0.92528313,0.017747048546905564,10.221394538879395,10.389412,0.16801746112060556,0.270323246717453,0.26914302,0.0011802267174529923,0.27955371141433716,0.2810756,0.0015218885856628228,0.34423187375068665,0.33944628,0.004785593750686656
nearest_neighbor_baseline,903,133936,1656,0.5557867884635925,0.7753568291664124,0.7650523,0.010304529166412335,20.606767654418945,20.311796,0.29497165441894424,0.39950165152549744,0.44187534,0.04237368847450257,0.43785911798477173,0.45800036,0.020141242015228267,0.46123525500297546,0.43461862,0.026616635002975453
nearest_neighbor_baseline,904,10666,62881,0.5771953463554382,0.46482834219932556,0.48038563,0.015557287800674446,21.82939338684082,22.155483,0.32608961315917995,0.19911953806877136,0.19206777,0.0070517680687713635,0.22901217639446259,0.21685629,0.012155886394462578,0.5332536101341248,0.5104086,0.022845010134124766
nearest_neighbor_baseline,905,44605,129240,0.33166754245758057,0.6785459518432617,0.69967145,0.021125498156738254,22.084062576293945,22.643763,0.5597004237060546,0.5689771771430969,0.5616817,0.007295477143096973,0.5705556273460388,0.5639726,0.006583027346038772,0.15928786993026733,0.14573354,0.01355432993026734
nearest_neighbor_baseline,906,126199,81982,0.6516224145889282,0.7757338881492615,0.7914802,0.015746311850738492,17.959989547729492,17.64273,0.31725954772949194,0.26045528054237366,0.2691887,0.008733419457626346,0.32022276520729065,0.30782408,0.01239868520729065,0.623586118221283,0.6656633,0.042077181778717
nearest_neighbor_baseline,907,63436,36917,0.7381547093391418,0.2654346525669098,0.30423313,0.03879847743309023,23.818979263305664,21.457003,2.361976263305664,0.20944567024707794,0.19765507,0.011790600247077954,0.24025924503803253,0.22261463,0.017644615038032524,0.5258083939552307,0.5138273,0.011981093955230726
nearest_neighbor_baseline,908,52149,46534,0.42066240310668945,0.9508549571037292,0.937046,0.013808957103729202,13.468921661376953,13.042496,0.42642566137695326,0.2801169753074646,0.25015235,0.029964625307464576,0.29726481437683105,0.27515495,0.022109864376831045,0.4508877396583557,0.4343688,0.016518939658355714
nearest_neighbor_baseline,909,762,13385,0.3906230628490448,0.9145143628120422,0.9067012,0.007813162812042251,14.523883819580078,14.220901,0.30298281958007856,0.23254956305027008,0.22612058,0.006428983050270093,0.2351284623146057,0.2293623,0.005766162314605722,0.22014492750167847,0.21165399,0.00849093750167848
nearest_neighbor_baseline,910,39285,96532,0.8639180660247803,0.38818907737731934,0.36828646,0.019902617377319354,21.063274383544922,21.711596,0.6483216164550782,0.2795177102088928,0.30979657,0.03027885979110717,0.2810328006744385,0.31346068,0.032427879325561515,0.15761886537075043,0.17294703,0.015328164629249574
nearest_neighbor_baseline,911,59237,90741,0.31114962697029114,0.9552091956138611,0.9524215,0.002787695613861052,14.244399070739746,13.368615,0.875784070739746,0.24610686302185059,0.23082398,0.015282883021850574,0.2599960267543793,0.25026196,0.009734066754379267,0.3960622251033783,0.38930023,0.006761995103378271
nearest_neighbor_baseline,912,118467,56075,0.3961830735206604,0.5691898465156555,0.5643141,0.004875746515655477,22.98358726501465,22.478079,0.5055082650146474,0.25450679659843445,0.26913533,0.014628533401565558,0.26339396834373474,0.28150517,0.018111201656265286,0.3945360779762268,0.42108068,0.02654460202377318
nearest_neighbor_baseline,913,133559,99628,0.43770453333854675,0.6590094566345215,0.6933662,0.03435674336547856,20.52274513244629,20.204279,0.3184661324462894,0.3044782876968384,0.2957316,0.008746687696838396,0.3076956272125244,0.29875898,0.008936647212524407,0.1877717524766922,0.20201619,0.014244437523307812
nearest_neighbor_baseline,914,69483,133019,0.6798592209815979,0.28220832347869873,0.27560154,0.006606783478698752,27.395421981811523,27.171581,0.22384098181152368,0.23599641025066376,0.28137264,0.04537622974933625,0.24923545122146606,0.292628,0.043392548778533935,0.31486502289772034,0.311852,0.003013022897720319
nearest_neighbor_baseline,915,138145,50275,0.5129168629646301,0.8051438331604004,0.79990005,0.005243783160400417,19.557300567626953,19.064789,0.49251156762695203,0.2602134644985199,0.24423046,0.015983004498519887,0.2803659737110138,0.263869,0.016496973711013774,0.4423404633998871,0.46965408,0.02731361660011289
nearest_neighbor_baseline,916,38619,107994,0.3967745304107666,0.9678023457527161,0.9726848,0.004882454247283952,8.267571449279785,8.115215,0.15235644927978598,0.2178851068019867,0.21439141,0.00349369680198669,0.23441705107688904,0.2296534,0.0047636510768890306,0.4327988624572754,0.46081564,0.028016777542724636
nearest_neighbor_baseline,917,72648,133788,0.3412776589393616,0.9816665053367615,0.98416114,0.0024946346632385152,6.191679954528809,6.6782737,0.4865937454711915,0.24528883397579193,0.23772535,0.007563483975791929,0.284925639629364,0.25999463,0.02493100962936401,0.5245168805122375,0.5395078,0.014990919487762433
nearest_neighbor_baseline,918,43340,61313,0.44035768508911133,0.9137680530548096,0.89234406,0.021423993054809576,15.031046867370605,14.094269,0.9367778673706049,0.25338953733444214,0.23430258,0.01908695733444213,0.2724476754665375,0.2724958,4.8124533462534647e-05,0.4762492775917053,0.5058347,0.029585422408294648
nearest_neighbor_baseline,919,51180,136540,0.8009964227676392,0.614531397819519,0.55046326,0.06406813781951903,20.61665916442871,21.28202,0.6653608355712883,0.24020962417125702,0.25466776,0.014458135828743002,0.3374549448490143,0.3815084,0.04405345515098574,0.8144393563270569,0.77048755,0.043951806327056864
nearest_neighbor_baseline,920,57088,80209,0.8418745994567871,0.3436525762081146,0.34522092,0.0015683437918853627,19.580514907836914,19.425344,0.155170907836915,0.2974497675895691,0.2902765,0.007173267589569099,0.307536244392395,0.3118679,0.004331655607604956,0.33492350578308105,0.37322077,0.038297264216918925
nearest_neighbor_baseline,921,79504,132663,0.31274378299713135,0.9551209211349487,0.95348847,0.001632451134948698,10.186436653137207,9.310511,0.875925653137207,0.26861679553985596,0.26995516,0.0013383644601440703,0.2762771546840668,0.27849934,0.0022221853159332117,0.33189284801483154,0.33283037,0.0009375219851684435
nearest_neighbor_baseline,922,40239,22438,0.5532931685447693,0.3582291007041931,0.36817273,0.009943629295806888,28.040264129638672,28.30994,0.2696758703613291,0.580054521560669,0.54987913,0.03017539156066895,0.5832926034927368,0.5559186,0.027374003492736776,0.2072460651397705,0.22626477,0.019018704860229496
nearest_neighbor_baseline,923,29896,32750,0.1750672310590744,0.954781174659729,0.9584068,0.0036256253402709993,12.54443073272705,12.775544,0.23111326727294923,0.23727743327617645,0.22926243,0.008015003276176463,0.25170138478279114,0.2377723,0.013929084782791146,0.3487311601638794,0.34893048,0.00019931983612059279
nearest_neighbor_baseline,924,138967,9856,0.47649067640304565,0.7916212677955627,0.7681941,0.023427167795562753,19.12307357788086,19.173077,0.050003422119139884,0.34912288188934326,0.34699196,0.0021309218893432735,0.3563896715641022,0.3536294,0.00276027156410219,0.3149905204772949,0.34229916,0.02730863952270507
nearest_neighbor_baseline,925,117608,33152,0.7855265736579895,0.28837108612060547,0.2922149,0.003843813879394531,29.327341079711914,29.64516,0.31781892028808656,0.5730401277542114,0.5304479,0.042592227754211454,0.5757125616073608,0.53441167,0.041300891607360835,0.2103775143623352,0.2168727,0.0064951856376647965
nearest_neighbor_baseline,926,112163,54845,0.8353727459907532,0.35011860728263855,0.29377827,0.05634033728263854,21.695772171020508,22.710182,1.0144098289794918,0.627058207988739,0.6261268,0.0009314079887390303,0.627902090549469,0.627213,0.0006890905494689736,0.09085749089717865,0.11448529,0.023627799102821354
nearest_neighbor_baseline,927,122448,30422,0.5840119123458862,0.6345759630203247,0.6032759,0.03130006302032473,18.74506378173828,17.84656,0.898503781738281,0.19790887832641602,0.19881113,0.000902251673583987,0.2012963891029358,0.20207034,0.0007739508970641962,0.21809804439544678,0.21257631,0.005521734395446787
nearest_neighbor_baseline,928,70155,56315,0.31850793957710266,0.9830077290534973,0.9796422,0.003365529053497296,5.497832775115967,5.790053,0.29222022488403354,0.26587238907814026,0.2850356,0.01916321092185974,0.324146032333374,0.3373104,0.013164367666625987,0.5832121968269348,0.57048786,0.012724336826934857
nearest_neighbor_baseline,929,40510,125990,1.5204211473464966,0.4318109154701233,0.42345348,0.008357435470123298,24.57506561279297,21.559727,3.01533861279297,0.33404526114463806,0.3755888,0.04154353885536194,0.5208674073219299,0.618945,0.09807759267807004,0.7724510431289673,0.8331574,0.06070635687103276
nearest_neighbor_baseline,930,138672,29591,0.2732473313808441,0.9624002575874329,0.96003556,0.0023646975874328513,8.246726989746094,9.013746,0.7670190102539056,0.29533010721206665,0.2769589,0.018371207212066643,0.303623765707016,0.2871578,0.016465965707015973,0.3076344430446625,0.3111648,0.0035303569553375436
nearest_neighbor_baseline,931,111728,20765,0.6054444313049316,0.6308928728103638,0.5821299,0.04876297281036379,22.47709846496582,22.811275,0.3341765350341781,0.22348959743976593,0.2210041,0.0024854974397659213,0.2270846962928772,0.22572014,0.0013645562928771837,0.2406299114227295,0.24069737,6.745857727050164e-05
nearest_neighbor_baseline,932,81374,43646,0.6763105988502502,0.689262330532074,0.6481691,0.04109323053207392,19.518991470336914,18.81404,0.7049514703369155,0.28194254636764526,0.2956493,0.01370675363235474,0.293615460395813,0.30428904,0.010673579604187022,0.3713986575603485,0.30844465,0.06295400756034852
nearest_neighbor_baseline,933,22533,116864,0.9770563840866089,0.4528803825378418,0.39827037,0.05461001253784181,21.506473541259766,19.743946,1.7625275412597645,0.24244576692581177,0.25387603,0.011430263074188207,0.25961634516716003,0.30252802,0.042911674832839974,0.5541979670524597,0.56595707,0.011759102947540234
nearest_neighbor_baseline,934,78734,68257,0.3873465955257416,0.9314753413200378,0.9595471,0.028071758679962144,10.319589614868164,9.739053,0.5805366148681639,0.30605587363243103,0.3211356,0.01507972636756899,0.3123543858528137,0.32575026,0.013395874147186293,0.2581672966480255,0.22983202,0.028335276648025515
nearest_neighbor_baseline,935,95851,99512,0.5704218745231628,0.9278278946876526,0.90963435,0.018193544687652552,14.286259651184082,14.774024,0.4877643488159187,0.35158491134643555,0.39075086,0.03916594865356443,0.358976811170578,0.39853978,0.03956296882942201,0.25968635082244873,0.22460996,0.03507639082244873
nearest_neighbor_baseline,936,114564,4368,0.6586915254592896,0.7533339262008667,0.7122578,0.04107612620086665,16.723033905029297,16.15376,0.5692739050292985,0.3073395788669586,0.32974997,0.022410391133041385,0.3133002519607544,0.3358979,0.022597648039245632,0.3012612462043762,0.30678007,0.005518823795623795
nearest_neighbor_baseline,937,20756,68579,0.6710966229438782,0.4632492661476135,0.4935942,0.030344933852386458,21.093992233276367,20.449076,0.6449162332763656,0.29590946435928345,0.27239332,0.023516144359283453,0.2979433238506317,0.27420944,0.023733883850631687,0.18640398979187012,0.17110798,0.015296009791870124
nearest_neighbor_baseline,938,31889,86596,0.5204935669898987,0.554943323135376,0.54899615,0.0059471731353759605,22.52056312561035,22.752865,0.23230187438964833,0.22349774837493896,0.25121728,0.027719531625061022,0.23774290084838867,0.26598427,0.02824136915161135,0.4170062243938446,0.38069707,0.03630915439384458
nearest_neighbor_baseline,939,60156,7968,0.42412424087524414,0.73958420753479,0.7475401,0.007955892465210002,18.089691162109375,17.135298,0.9543931621093762,0.23262371122837067,0.23057887,0.002044841228370675,0.23693765699863434,0.23787525,0.0009375930013656719,0.2841286361217499,0.29825774,0.014129103878250115
nearest_neighbor_baseline,940,100972,52126,1.394287109375,0.0581766813993454,0.034491178,0.0236855033993454,24.186941146850586,21.069416,3.1175251468505856,0.2714613974094391,0.3197381,0.04827670259056094,0.2792235016822815,0.34318835,0.06396484831771848,0.25918862223625183,0.31456754,0.05537891776374815
nearest_neighbor_baseline,941,4612,38073,0.4400016963481903,0.6940978765487671,0.69275993,0.001337946548767066,12.002659797668457,11.825057,0.17760279766845777,0.2987927496433258,0.31477907,0.01598632035667419,0.30425065755844116,0.32326886,0.01901820244155883,0.24615420401096344,0.23546235,0.010691854010963453
nearest_neighbor_baseline,942,33462,96531,1.0249731540679932,0.11744365841150284,0.17161937,0.054175711588497155,26.806358337402344,27.450245,0.6438866625976551,0.2920295000076294,0.30578044,0.013750939992370592,0.29712629318237305,0.30876613,0.01163983681762698,0.2008737474679947,0.16015938,0.0407143674679947
nearest_neighbor_baseline,943,33123,67800,0.23789356648921967,0.9711790084838867,0.97834504,0.00716603151611328,12.042874336242676,11.321638,0.7212363362426757,0.3240148723125458,0.3334958,0.009480927687454233,0.3381291329860687,0.34195074,0.0038216070139312497,0.3234013020992279,0.30408514,0.01931616209922793
nearest_neighbor_baseline,944,63373,107484,0.6861222982406616,0.3552582561969757,0.38895562,0.033697363803024294,24.315080642700195,22.45186,1.8632206427001954,0.31142643094062805,0.33418542,0.02275898905937196,0.31663620471954346,0.3394896,0.022853395280456545,0.26230284571647644,0.24024624,0.02205660571647644
nearest_neighbor_baseline,945,67724,80526,0.42653748393058777,0.9850773215293884,0.9815074,0.003569921529388398,5.144202709197998,6.5414824,1.3972796908020015,0.21794676780700684,0.22938833,0.011441562192993165,0.2615242302417755,0.2766466,0.015122369758224508,0.6321591138839722,0.6662839,0.03412478611602787
nearest_neighbor_baseline,946,70399,51642,0.9293760657310486,0.21816307306289673,0.25230572,0.03414264693710328,22.977262496948242,22.778788,0.19847449694824348,0.2577973008155823,0.28079793,0.023000629184417698,0.2760021686553955,0.30474338,0.0287412113446045,0.4046633541584015,0.4330975,0.028434145841598535
nearest_neighbor_baseline,947,70753,77629,0.4801551401615143,0.9599387645721436,0.9804085,0.02046973542785646,8.038780212402344,8.046389,0.0076087875976558195,0.25168997049331665,0.27094376,0.019253789506683328,0.3249521851539612,0.35258675,0.027634564846038823,0.7375066876411438,0.7262613,0.0112453876411438
nearest_neighbor_baseline,948,30393,12333,0.4324899911880493,0.8349925875663757,0.82101154,0.013981047566375748,11.397122383117676,10.389992,1.0071303831176763,0.41644757986068726,0.39539912,0.021048459860687263,0.4213917851448059,0.40065783,0.020733955144805916,0.19217902421951294,0.19587244,0.0036934157804870693
nearest_neighbor_baseline,949,21079,59745,0.5617082715034485,0.7873202562332153,0.8047017,0.017381443766784632,19.414844512939453,19.57317,0.15832548706054794,0.41054806113243103,0.40438575,0.006162311132431042,0.41574516892433167,0.40835792,0.00738724892433168,0.26787158846855164,0.2711665,0.0032949115314483413
nearest_neighbor_baseline,950,83613,111370,0.2896825671195984,0.8445804119110107,0.8506357,0.006055288088989252,17.076311111450195,17.036924,0.039387111450196244,0.23523639142513275,0.24177907,0.006542678574867261,0.24876947700977325,0.26218128,0.013411802990226762,0.4110652506351471,0.4030643,0.008000950635147108
nearest_neighbor_baseline,951,14927,19962,0.5758034586906433,0.2605871260166168,0.27722174,0.016634613983383173,28.984983444213867,27.01156,1.9734234442138678,0.739484429359436,0.75704265,0.017558220640564004,0.7403205037117004,0.7580726,0.017752096288299546,0.1007581576704979,0.1266458,0.02588764232950211
nearest_neighbor_baseline,952,66599,121776,0.2317124307155609,0.74333655834198,0.7258901,0.017446458341979998,18.92909049987793,19.339994,0.4109035001220711,0.18989531695842743,0.18591307,0.003982246958427416,0.1989322304725647,0.19534288,0.0035893504725647007,0.36931169033050537,0.36535096,0.003960730330505369
nearest_neighbor_baseline,953,35027,85733,1.0504759550094604,0.1318015605211258,0.13044788,0.0013536805211258052,27.318416595458984,28.727377,1.4089604045410162,0.25929832458496094,0.28851244,0.029214115415039044,0.26233968138694763,0.28985053,0.027510848613052363,0.1932561695575714,0.14224637,0.0510097995575714
nearest_neighbor_baseline,954,110804,85386,0.7073996663093567,0.17209015786647797,0.17678416,0.0046940021335220294,23.657564163208008,23.257652,0.3999121632080076,0.2542459964752197,0.25689152,0.0026455235247802578,0.2601889669895172,0.26303113,0.00284216301048279,0.23277348279953003,0.26592356,0.033150077200469974
nearest_neighbor_baseline,955,20639,59540,1.350969672203064,0.05841851979494095,0.106921494,0.04850297420505906,24.041563034057617,25.175964,1.1344009659423833,0.21930871903896332,0.23720576,0.01789704096103667,0.2312910556793213,0.25686738,0.02557632432067869,0.37666308879852295,0.43085557,0.05419248120147707
nearest_neighbor_baseline,956,116110,30329,0.3855710029602051,0.8916149139404297,0.89216834,0.0005534260595703167,16.209163665771484,17.034542,0.8253783342285139,0.31696489453315735,0.3264587,0.009493805466842642,0.3220323324203491,0.33026856,0.008236227579650868,0.26915228366851807,0.22967462,0.03947766366851807
nearest_neighbor_baseline,957,112198,118245,0.3662981390953064,0.8732616901397705,0.8737547,0.0004930098602294875,10.317875862121582,10.102742,0.2151338621215828,0.3788466453552246,0.36118668,0.017659965355224627,0.4035230576992035,0.38821444,0.015308617699203497,0.3660655617713928,0.33712333,0.028942231771392823
nearest_neighbor_baseline,958,3641,23533,0.5921927094459534,0.6586124897003174,0.6247369,0.03387558970031734,24.66986846923828,24.078648,0.5912204692382801,0.47766920924186707,0.48511598,0.007446770758132937,0.4806500971317291,0.48675308,0.006102982868270879,0.16954557597637177,0.1612137,0.008331875976371778
nearest_neighbor_baseline,959,97943,57479,0.3556397557258606,0.793079674243927,0.7837815,0.009298174243926982,19.611562728881836,19.704144,0.0925812711181635,0.41839900612831116,0.4285409,0.010141893871688845,0.4232010543346405,0.4333179,0.010116845665359475,0.27871009707450867,0.24493283,0.03377726707450868
nearest_neighbor_baseline,960,129166,6251,0.5095981359481812,0.8704128861427307,0.8562495,0.014163386142730716,13.960225105285645,13.823387,0.13683810528564422,0.25502145290374756,0.25637937,0.0013579170962524367,0.3031435012817383,0.279719,0.023424501281738286,0.5660213828086853,0.53630334,0.029718042808685285
nearest_neighbor_baseline,961,63964,2674,0.2305838018655777,0.878602921962738,0.8766431,0.0019598219627380287,15.184396743774414,15.198413,0.014016256225586332,0.21969939768314362,0.22010013,0.0004007323168563892,0.2274213582277298,0.223847,0.003574358227729807,0.27322420477867126,0.2641178,0.009106404778671251
nearest_neighbor_baseline,962,55122,50147,0.3152536153793335,0.8851410150527954,0.86947787,0.015663145052795424,15.711989402770996,15.917178,0.20518859722900373,0.2181098908185959,0.21835071,0.00024081918140411718,0.2243259847164154,0.22345679,0.0008691947164154168,0.25529745221138,0.2697422,0.014444747788619983
nearest_neighbor_baseline,963,91338,137529,0.8702172636985779,0.031934335827827454,0.0506878,0.018753464172172545,23.262531280517578,24.407324,1.144792719482421,0.23028214275836945,0.20697156,0.023310582758369447,0.2368887960910797,0.21413006,0.0227587360910797,0.2563658058643341,0.32013997,0.06377416413566589
nearest_neighbor_baseline,964,125504,35692,0.6025161147117615,0.5871704816818237,0.5530839,0.03408658168182377,27.01375961303711,26.548082,0.46567761303710853,0.3965456783771515,0.42476973,0.028224051622848523,0.39808204770088196,0.42730507,0.02922302229911805,0.1522638499736786,0.19291241,0.04064856002632142
nearest_neighbor_baseline,965,7024,43315,0.42265573143959045,0.9125473499298096,0.9210695,0.008522150070190415,14.880064964294434,16.164253,1.284188035705565,0.310777872800827,0.30663526,0.004142612800827006,0.31487616896629333,0.3092137,0.005662468966293355,0.2240000218153,0.20700629,0.01699373181529998
nearest_neighbor_baseline,966,37554,109428,0.39937520027160645,0.5599643588066101,0.53785443,0.022109928806610113,24.7939453125,25.54105,0.7471046874999985,0.5499920845031738,0.5453327,0.004659384503173825,0.5511189699172974,0.54644996,0.004669009917297351,0.13648360967636108,0.1428948,0.0064111903236389045
nearest_neighbor_baseline,967,36100,60813,0.2511753737926483,0.8340756893157959,0.8292622,0.004813489315795949,17.373807907104492,17.561625,0.1878170928955072,0.20418217778205872,0.20040555,0.003776627782058728,0.22689475119113922,0.21771908,0.009175671191139212,0.49957773089408875,0.5097958,0.010218069105911276
nearest_neighbor_baseline,968,13892,10802,0.5385385155677795,0.7648552656173706,0.7613112,0.0035440656173706397,18.508100509643555,19.206514,0.6984134903564438,0.27487969398498535,0.27873358,0.0038538860150146292,0.29243218898773193,0.29800326,0.0055710710122680585,0.4302777647972107,0.44611934,0.015841575202789282
nearest_neighbor_baseline,969,121660,30818,1.7648143768310547,0.10259279608726501,0.06924335,0.03334944608726502,22.025169372558594,24.13663,2.1114606274414065,0.21921446919441223,0.22386958,0.004655110805587781,0.2617289423942566,0.26898915,0.007260207605743418,0.48414164781570435,0.65000165,0.16586000218429564
nearest_neighbor_baseline,970,34601,101021,0.5013366937637329,0.1476287990808487,0.16355546,0.01592666091915132,26.251262664794922,26.235617,0.015645664794920577,0.2993027865886688,0.29262534,0.006677446588668812,0.30041706562042236,0.29364786,0.0067692056204223805,0.12914910912513733,0.11724969,0.011899419125137325
nearest_neighbor_baseline,971,63676,94281,0.47873151302337646,0.3036125600337982,0.29423884,0.009373720033798216,27.556001663208008,27.709335,0.15333333679199157,0.2794806957244873,0.30042893,0.020948234275512678,0.28136855363845825,0.3032192,0.02185064636154177,0.16970114409923553,0.17075296,0.0010518159007644745
nearest_neighbor_baseline,972,118505,59483,0.35490983724594116,0.9867064356803894,0.9782174,0.00848903568038939,4.015315532684326,3.4259353,0.5893802326843263,0.2733863294124603,0.28566405,0.012277720587539676,0.2921968102455139,0.31918043,0.0269836197544861,0.38815101981163025,0.3905963,0.0024452801883697584
nearest_neighbor_baseline,973,88392,31760,0.3900890350341797,0.9120139479637146,0.89209133,0.01992261796371464,17.77295684814453,18.385166,0.6122091518554704,0.4628622829914093,0.47311878,0.010256497008590715,0.46681129932403564,0.48095503,0.014143730675964361,0.27760207653045654,0.2848858,0.007283723469543479
nearest_neighbor_baseline,974,23861,68848,0.19230061769485474,0.1907663494348526,0.178642,0.012124349434852605,26.690336227416992,27.147287,0.4569507725830064,0.938039243221283,0.93290675,0.005132493221282952,0.9387472867965698,0.93363845,0.005108836796569816,0.09142392873764038,0.088856325,0.002567603737640381
nearest_neighbor_baseline,975,102119,57969,0.285767138004303,0.9902409911155701,0.99204063,0.0017996388844299105,7.874205112457275,7.0438666,0.8303385124572751,0.186348557472229,0.17539856,0.010949997472228995,0.20858676731586456,0.2104582,0.001871432684135449,0.7025449275970459,0.7355865,0.033041572402954134
nearest_neighbor_baseline,976,27429,128976,0.4147088825702667,0.7338621616363525,0.7302237,0.003638461636352508,17.912841796875,18.54206,0.6292182031249993,0.20035773515701294,0.1977592,0.0025985351570129434,0.22916945815086365,0.22062029,0.00854916815086365,0.48528721928596497,0.46663278,0.01865443928596494
nearest_neighbor_baseline,977,72920,112239,0.5084416270256042,0.40335121750831604,0.39733192,0.006019297508316035,25.988895416259766,27.27248,1.283584583740236,0.49090537428855896,0.48501095,0.005894424288558964,0.5129527449607849,0.49722373,0.015729014960784937,0.35817834734916687,0.32870194,0.029476407349166844
nearest_neighbor_baseline,978,2819,11288,0.5174232721328735,0.7417613863945007,0.7479091,0.006147713605499261,19.492155075073242,19.241869,0.25028607507324097,0.21173067390918732,0.19327994,0.018450733909187306,0.27512750029563904,0.25706863,0.018058870295639018,0.9120609760284424,0.90497833,0.00708264602844233
nearest_neighbor_baseline,979,55034,129313,0.6990993618965149,0.36407944560050964,0.36181617,0.002263275600509651,19.108997344970703,17.521343,1.5876543449707015,0.20378467440605164,0.21418272,0.010398045593948357,0.20986920595169067,0.22137085,0.011501644048309334,0.3102806508541107,0.3264155,0.016134849145889307
nearest_neighbor_baseline,980,49627,17135,0.40935149788856506,0.6966266632080078,0.726082,0.029455336791992193,22.513092041015625,21.71793,0.7951620410156259,0.2285872995853424,0.22893505,0.0003477504146575938,0.23221370577812195,0.23415019,0.0019364842218780598,0.2612156271934509,0.2711679,0.00995227280654909
nearest_neighbor_baseline,981,35042,108549,0.41451311111450195,0.9635505676269531,0.9601258,0.0034247676269530958,4.989938259124756,5.605202,0.6152637408752444,0.3819316029548645,0.3749286,0.007003002954864501,0.38683274388313293,0.37965736,0.007175383883132935,0.23158389329910278,0.2405342,0.00895030670089722
nearest_neighbor_baseline,982,36919,33819,0.43828511238098145,0.9455825090408325,0.97581416,0.030231650959167466,4.669384002685547,5.2510104,0.5816263973144533,0.3786788582801819,0.36895105,0.009727808280181882,0.41620394587516785,0.38628113,0.029922815875167874,0.3805374205112457,0.37772638,0.002811040511245755
nearest_neighbor_baseline,983,40370,117908,0.860460638999939,0.23004671931266785,0.29424864,0.06420192068733216,26.86768913269043,25.666697,1.2009921326904305,0.45743197202682495,0.46813968,0.010707707973175051,0.46233081817626953,0.47378114,0.011450321823730458,0.240903839468956,0.19244988,0.048453959468956004
nearest_neighbor_baseline,984,63773,29322,0.6898633241653442,0.2314358502626419,0.2193006,0.012135250262641895,26.323814392089844,26.643793,0.319978607910155,0.30350401997566223,0.29975104,0.0037529799756622073,0.3059220612049103,0.30524713,0.0006749312049103007,0.19452029466629028,0.21111889,0.01659859533370972
nearest_neighbor_baseline,985,66000,63122,0.6211882829666138,0.7006226778030396,0.7443527,0.04373002219696043,22.441823959350586,23.100006,0.6581820406494145,0.27415406703948975,0.2890042,0.014850132960510243,0.2800365388393402,0.31640932,0.036372781160659784,0.34510743618011475,0.37108287,0.025975433819885263
nearest_neighbor_baseline,986,40013,74261,0.4508824944496155,0.7107486724853516,0.6973837,0.013364972485351512,19.04062271118164,18.714375,0.3262477111816402,0.21735139191150665,0.24919657,0.03184517808849335,0.2261154055595398,0.2569734,0.030857994440460224,0.3516395688056946,0.3447105,0.006929068805694605
nearest_neighbor_baseline,987,42403,21797,0.2816270887851715,0.8953156471252441,0.9020502,0.006734552874755884,19.528974533081055,18.782125,0.7468495330810541,0.44065698981285095,0.42976412,0.010892869812850925,0.44517916440963745,0.43459922,0.010579944409637443,0.23969441652297974,0.24769625,0.00800183347702027
nearest_neighbor_baseline,988,102181,134328,0.6193846464157104,0.5681735873222351,0.54142725,0.02674633732223508,22.290454864501953,21.67643,0.6140248645019533,0.317871630191803,0.3271299,0.009258269808196995,0.3246014416217804,0.33034238,0.0057409383782195955,0.23604658246040344,0.193406,0.04264058246040345
nearest_neighbor_baseline,989,39050,116228,0.768911600112915,0.23405680060386658,0.26212144,0.028064639396133406,23.45728874206543,24.331442,0.8741532579345694,0.30512893199920654,0.27538976,0.02973917199920656,0.30969515442848206,0.2804465,0.029248654428482068,0.23041200637817383,0.27184635,0.041434343621826186
nearest_neighbor_baseline,990,78461,4430,0.4514731466770172,0.7251850366592407,0.7193226,0.0058624366592406885,21.804058074951172,22.25183,0.4477719250488299,0.42555946111679077,0.4060398,0.019519661116790765,0.4284195601940155,0.40813142,0.02028814019401548,0.17566491663455963,0.16133983,0.014325086634559642
nearest_neighbor_baseline,991,74643,87901,0.5832202434539795,0.5363664627075195,0.5414959,0.005129437292480499,21.37952995300293,21.140804,0.23872595300293042,0.2229369431734085,0.23423591,0.011298966826591483,0.2356807291507721,0.25293297,0.017252240849227884,0.4446589946746826,0.4521782,0.007519205325317357
nearest_neighbor_baseline,992,49226,91356,1.0166454315185547,0.45441144704818726,0.44150457,0.01290687704818727,23.294342041015625,23.306345,0.012002958984375312,0.2041536569595337,0.22121704,0.017063383040466312,0.24046136438846588,0.2659345,0.025473135611534137,0.742372989654541,0.8438313,0.10145831034545894
nearest_neighbor_baseline,993,85966,49471,0.5252489447593689,0.6808673143386841,0.71020895,0.029341635661315868,23.120670318603516,22.95563,0.1650403186035163,0.39362800121307373,0.41139838,0.017770378786926277,0.4046853482723236,0.4140401,0.009354751727676414,0.2835248112678528,0.22537066,0.05815415126785278
nearest_neighbor_baseline,994,71125,28253,0.3283255100250244,0.9862787127494812,0.9869026,0.000623887250518762,5.961491584777832,7.095591,1.1340994152221677,0.21050754189491272,0.20714635,0.003361191894912713,0.23838917911052704,0.23366755,0.004721629110527037,0.5113606452941895,0.49821338,0.01314726529418947
nearest_neighbor_baseline,995,60720,98554,1.2860742807388306,0.050114862620830536,0.049119532,0.0009953306208305354,24.20298194885254,25.253155,1.0501730511474605,0.2296065390110016,0.21722645,0.0123800890110016,0.26846635341644287,0.25014082,0.018325533416442885,0.5767571926116943,0.48023608,0.09652111261169433
nearest_neighbor_baseline,996,30624,135813,0.23468095064163208,0.9723024964332581,0.97611487,0.003812373566741911,14.114018440246582,13.621482,0.4925364402465817,0.404599130153656,0.4075573,0.0029581698463440054,0.40948471426963806,0.4137913,0.0043065857303619115,0.3228009343147278,0.3266382,0.0038372656852722065
nearest_neighbor_baseline,997,118379,109913,0.2002010941505432,0.9689996242523193,0.96010333,0.008896294252319303,13.669172286987305,13.609767,0.05940528698730496,0.30289334058761597,0.31119263,0.008299289412384059,0.30717897415161133,0.31621498,0.00903600584838865,0.27906888723373413,0.29383358,0.014764692766265852
nearest_neighbor_baseline,998,80624,84657,0.627499520778656,0.8514277935028076,0.8620118,0.010584006497192378,10.510477066040039,10.020809,0.4896680660400392,0.35856178402900696,0.37383422,0.015272435970993037,0.405811071395874,0.40889284,0.003081768604125956,0.5927334427833557,0.6140294,0.021295957216644235
nearest_neighbor_baseline,999,122098,18064,1.5722395181655884,0.1337500512599945,0.1059202,0.0278298512599945,24.427154541015625,26.758583,2.3314284589843766,0.2574039697647095,0.29375872,0.0363547502352905,0.2838744521141052,0.36184826,0.07797380788589475,0.6414728760719299,0.5995507,0.04192217607192994
