method,target_id,eta,tau_transfer,ipr,purity,c_l1,target_eta,target_tau_transfer,target_ipr,target_purity,target_c_l1,dataset_index,abs_err_eta,abs_err_tau_transfer,abs_err_ipr,abs_err_purity,abs_err_c_l1
model,3,0.7435375441493316,19.24167228851962,0.23495754563509152,0.24075013658345204,0.2859024265574022,0.8215711,20.109015,0.26017472,0.27023384,0.29238144,132514,0.07803356752974555,0.8673422225887784,0.02521717584432437,0.029483703166837877,0.006479009075303466
model,0,0.670494850576449,19.67042675266588,0.2132096791574876,0.2240917952795708,0.4356173670446721,0.7584671,13.679777,0.24725586,0.26755,0.47606024,33458,0.08797222763247436,5.990649607280137,0.0340461826016982,0.04345819632809522,0.040442874416128094
model,1,0.2350540084053434,27.881638369148728,0.7794138838564064,0.7799573789005253,0.09185291321677068,0.19029836,29.206373,0.668512,0.67043525,0.12942995,74123,0.044755644838944786,1.3247348455729515,0.11090189712392351,0.10952212909507486,0.0375770380933871
model,5,0.910072131259229,16.120913282339444,0.2585842585876649,0.2664060811769345,0.39234514010037574,0.8926104,17.333122,0.20670004,0.21893375,0.43974382,117269,0.017461760146405547,1.2122089710785247,0.051884216697520524,0.04747233495825315,0.047398676752193836
model,4,0.9600195062884853,6.960704637921324,0.2600744634550069,0.27579039607564687,0.39393332169474876,0.9542749,7.8531504,0.23684888,0.24990356,0.3851833,16005,0.005744613481478478,0.892445729815492,0.023225587574765505,0.025886836390893453,0.008750017146485212
model,7,0.9704547739915107,4.548722199000238,0.24676062707905652,0.2613655307948886,0.3674563661604467,0.9816332,5.389304,0.2285614,0.24210514,0.4024908,3648,0.011178412348821332,0.8405819620715391,0.01819922571186902,0.019260389512807008,0.0350344284982142
model,9,0.9523091747734771,15.50055315410657,0.2959026795449906,0.30212315431414355,0.344470107476281,0.9380948,15.09445,0.21274278,0.22207873,0.37097368,15184,0.014214380023263473,0.4061031571583271,0.08315990386635597,0.0800444286185335,0.02650356896681899
model,6,0.9190938259032382,4.921617493579106,0.2688800442677815,0.27875626017127064,0.30100502192054757,0.9328691,6.2080483,0.2524332,0.26191923,0.3260561,79622,0.013775250825582619,1.2864308500793413,0.01644683365643812,0.016837029948568616,0.025051071056976237
model,10,0.2980703969873781,25.07396376229582,0.23960331686202188,0.27013128031432654,0.5445663464616235,0.3533679,15.903919,0.26431936,0.2954089,0.5033014,116513,0.05529749790054611,9.170044542325115,0.024716043394173187,0.02527762423813318,0.04126496439680416
model,2,0.09194412617690509,21.46725658421721,0.21285108283501686,0.2328639670276837,0.47730660367461875,0.27761433,16.832853,0.26614442,0.30238298,0.5041054,57950,0.1856701991080528,4.634403266956468,0.05329334184187828,0.06951900878904299,0.026798785443575834
model,15,0.8399299371844992,16.581849613883527,0.29856030752572965,0.3040252409130018,0.2688315883012837,0.8357882,15.258431,0.35309833,0.35740274,0.2472404,6689,0.004141746819661507,1.3234181792521795,0.05453802535619784,0.053377500996025284,0.021591193947417098
model,14,0.5065627759284882,21.642909973194506,0.2017618774293336,0.2179550081574018,0.44985422442518913,0.56644064,22.261204,0.2002014,0.22082578,0.4909403,56719,0.059877865951547204,0.6182937926746348,0.001560470354405319,0.0028707683003847684,0.04108607818520821
model,12,0.28575627842071993,26.89641734435544,0.7058353862163614,0.7070076038522207,0.1357313705777138,0.17833596,27.576347,0.8260057,0.82681197,0.10525237,105690,0.10742031374100192,0.6799300067187772,0.12017031103400477,0.1198043654280222,0.030479000339409673
model,13,0.46810967890774574,23.355055199988723,0.3377743430684328,0.3889042799201179,0.6184937365230606,0.6999377,19.408997,0.30825895,0.37106785,0.69473225,8656,0.23182802231753502,3.9460586179574726,0.02951539235813616,0.017836428138272797,0.07623851226005096
model,8,0.9960426046937326,3.617320906064066,0.24644576217200814,0.29181183420286216,0.6216848583677961,0.99189395,2.958586,0.3242428,0.39422894,0.7152921,71597,0.004148657569251424,0.6587349285097446,0.07779703830215873,0.10241710103883706,0.09360723777020441
model,17,0.9021588563428616,17.78697838483766,0.2893635751360002,0.29399001289182397,0.2661057071926735,0.8213266,20.952593,0.45154494,0.46469358,0.2972435,116679,0.08083224291665314,3.1656144648937854,0.16218136533564897,0.17070356320566443,0.03113779852365034
model,11,0.3429040582032428,23.910638818170302,0.24899848668053942,0.2899644413583868,0.5384636005024593,0.58143514,20.258993,0.23310496,0.26235133,0.45395133,72301,0.2385310857443585,3.651645669366591,0.01589352755025225,0.02761310726338556,0.08451227150961571
model,21,0.9613834259653261,10.669408586520525,0.1760116402422972,0.18528923830407829,0.3836678212660185,0.90898746,11.489827,0.19924553,0.2113309,0.39048547,123859,0.052395963444726745,0.8204185695463693,0.023233887144368137,0.026041667252600487,0.0068176442605623055
model,16,0.9664555954065308,2.881478256361497,0.36115861807947236,0.39189814099633813,0.4040023420498457,0.97950435,3.3362637,0.2791093,0.30948865,0.4676934,100831,0.01304875144100337,0.45478540025471403,0.08204931889658051,0.08240948685968041,0.06369104641222095
model,22,0.05469204801123139,27.768016802275604,0.4088957873210038,0.4218348350028868,0.2801701502081809,0.14017388,27.405123,0.50211406,0.5138985,0.28082356,23074,0.08548183423478606,0.3628940453175957,0.09321827021988977,0.09206365685654921,0.0006534083607735441
model,20,0.23493003952139496,27.23572641665198,0.5411167549582533,0.5437807081469817,0.16646720210301685,0.11241332,27.629997,0.3617695,0.36447397,0.1772296,29614,0.12251672255629181,0.3942708367659904,0.17934725756369152,0.1793067394027037,0.010762396061541557
model,18,0.03782026337741542,26.594216971451907,0.48697720591448196,0.4985147809243252,0.20772022839123638,0.07165852,30.52825,0.41275868,0.42202425,0.2335222,101305,0.03383825851322484,3.934032769148679,0.07421852771662124,0.07649053089380764,0.025801978153639715
model,23,0.8947142816156279,11.508138246392193,0.2367654100792633,0.24494643378651376,0.33414413999601233,0.96750814,10.810547,0.21717158,0.2430961,0.46855432,39388,0.0727938556104768,0.6975913713921926,0.019593830479882807,0.0018503354827189011,0.13441017795519006
model,19,0.48658151427479573,27.196257993837964,0.3673771910872022,0.37447853138398857,0.30633094938562094,0.44525677,25.671879,0.3178487,0.32355633,0.26838478,84681,0.041324744617660725,1.5243791791406984,0.04952847888131534,0.05092219760369987,0.037946164925553194
model,27,0.8305110095976472,13.242134624697911,0.4629562434717798,0.47657073683836326,0.30012786062984065,0.83776194,10.556422,0.49969897,0.5153278,0.32517964,107466,0.0072509289742827,2.6857123911163683,0.03674272326978206,0.03875707440278664,0.025051775848583424
model,26,0.058966288645086413,27.118819637135665,0.23145075674746068,0.28552374640760253,0.5665596030296484,0.17486508,27.49588,0.2087741,0.24231182,0.4174216,16026,0.11589879326123226,0.37706048981745965,0.02267665203306707,0.04321192601976226,0.14913799386636406
model,30,0.9597771718667546,10.491919035117007,0.5688757587574377,0.5715945841329974,0.17336961298608614,0.95581746,7.8988957,0.5376967,0.5409289,0.19346185,54231,0.003959710852960652,2.593023294607974,0.031179039587820978,0.030665683891145545,0.020092237299443955
model,24,0.6552675141808123,16.058823118783124,0.2423357530413803,0.26326110208145803,0.48287248219035095,0.57894224,12.69378,0.24781907,0.27554154,0.46762252,43478,0.07632527489629692,3.365043173409589,0.005483313006288154,0.012280441879113257,0.015249963650922238
model,25,0.11589819762355126,26.89897346087802,0.32190302131052584,0.3382224549077181,0.3343373806922204,0.14926344,27.982382,0.34924078,0.36339417,0.30188543,20356,0.03336524393910133,1.0834083598006892,0.027337758566183146,0.025171716091808904,0.0324519546477563
model,31,0.8503514521080364,16.0389069291138,0.2427196243286679,0.2547364321721938,0.396945240870257,0.8265191,18.020243,0.25307313,0.26497865,0.3731522,88946,0.02383238005221977,1.981335761926239,0.010353501748984084,0.010242215059861837,0.023793044462938895
model,29,0.897969278785904,17.596194791431508,0.41503800178922395,0.42036656525632216,0.2729342903633531,0.95448196,11.806327,0.35742295,0.362317,0.25927675,64630,0.0565126805570525,5.789867925281605,0.057615053905618,0.05804956939717604,0.013657542659800848
model,34,0.8966730388987888,9.589440247014032,0.3099617453951127,0.31245758495724457,0.17169881861715597,0.7910845,8.753873,0.32675344,0.330872,0.18104318,33369,0.10558851092942845,0.8355673756151063,0.01679169212396081,0.018414414306518856,0.009344359225937904
model,32,0.27183907601388857,28.40258155252864,0.4212387657521192,0.43695732732571574,0.3373999467928184,0.4251765,26.881758,0.34101763,0.3654213,0.4346095,53973,0.15333742526022032,1.5208238163225865,0.08022113207559028,0.07153603215970011,0.09720955576112145
model,36,0.8556555062823881,18.773057792718422,0.24143352578481614,0.24990586313394697,0.2980199881367602,0.74816424,20.599714,0.2153853,0.22379883,0.30053902,438,0.10749126973682532,1.8266564864563826,0.026048222883548133,0.026107036797086314,0.002519028586872585
model,28,0.8394914100351586,18.06334570183889,0.25581156345993705,0.27736279633967953,0.4522100246208802,0.85911524,20.116085,0.22340457,0.23826282,0.37446204,966,0.019623832922910256,2.0527393506513434,0.03240699204594322,0.03909997907607632,0.07774798634230051
model,38,0.9414909642817545,10.639174829318584,0.19556560034337156,0.20213312663883642,0.2663493634655067,0.9171716,11.977125,0.21092434,0.21796142,0.2701651,7605,0.02431936680098057,1.3379503385280955,0.015358741931294273,0.015828289009623964,0.0038157223270348095
model,35,0.8586126209017588,18.50374332809957,0.22332732194369664,0.23387609869848802,0.30605020467946087,0.9604588,10.726496,0.26803547,0.27506015,0.2394322,107298,0.10184619419605001,7.777247585301719,0.04470814949566493,0.041184048348554825,0.06661800389000927
model,37,0.8057035664991913,19.043725428538632,0.3736015107174155,0.4138217392583862,0.446269771019954,0.7057752,20.88893,0.33743313,0.378856,0.4793313,114877,0.09992836517854309,1.8452039385267973,0.036168381168389,0.03496573597393188,0.0330615435437972
model,33,0.11085501969918732,28.395142819482516,0.5940574316849365,0.5949972151665298,0.10020510748800587,0.26906386,29.479458,0.47149256,0.47205588,0.08023107,3780,0.15820884047880646,1.0843150357420939,0.12256487296720886,0.12294133295102994,0.01997403696951222
model,41,0.37321747105984765,26.53873405281899,0.23484938268954983,0.24238342462436618,0.3037778302554448,0.3272198,28.572351,0.2764688,0.29257074,0.33818063,21133,0.04599765699772912,2.033617402869485,0.04161943072979221,0.050187315360146145,0.03440280114370986
model,43,0.4075923564271375,24.502212347091316,0.3860774095167655,0.3935651711400771,0.3033558104408253,0.20223852,26.457943,0.3336268,0.35060653,0.35357392,138175,0.20535384140772067,1.9557306155551686,0.05245060278077307,0.04295864023530721,0.05021810790176501
model,42,0.6326678344613087,16.844983869893767,0.39249355508844225,0.40961747255370334,0.3812445284895337,0.6676844,17.194998,0.35203397,0.3696623,0.32533953,13497,0.03501654177846791,0.3500139175818191,0.04045958234826891,0.03995515790030674,0.05590500255149966
model,44,0.751300485825132,19.24938859237623,0.19582609172936644,0.20276016503940264,0.3889016653877578,0.71210027,20.609009,0.20744209,0.21471155,0.3618089,14756,0.03920021841485366,1.3596201966862687,0.011615998185909138,0.011951381858485544,0.027092769322999477
model,45,0.9375656555815721,6.754111651866872,0.2552464853615231,0.25912468936716143,0.22434468808098035,0.92296517,8.217064,0.28740525,0.2927139,0.24605627,86386,0.014600486628630227,1.4629522519417222,0.03215876709514193,0.033589220974101386,0.021711585498617125
model,39,0.8588119912207505,20.383619062439994,0.3272790596762746,0.3309417444891392,0.2600417668828532,0.8091837,16.048763,0.35426044,0.35733542,0.22742453,15555,0.049628274446763654,4.33485578729351,0.026981384964838706,0.026393673973614085,0.0326172347077891
model,46,0.9911033132788291,6.406284060520804,0.1848595161009318,0.1995066968170835,0.4853075793296923,0.99411213,5.7093306,0.18793839,0.21306454,0.569427,62112,0.0030088207009683066,0.6969535017439483,0.003078876061391206,0.0135578396352099,0.08411943406752448
model,40,0.5846996350311697,24.604877195941476,0.5633610852462164,0.570508302308754,0.262966004906224,0.4872733,24.499378,0.6528329,0.65993994,0.2622686,79003,0.09742632937664397,0.10549899159577336,0.08947184007345521,0.08943164243535606,0.0006974020581710372
model,48,0.2052774922660714,25.621021490751886,0.19358085794565855,0.19829613309171684,0.2737455184312303,0.3051758,22.778698,0.20980999,0.21571718,0.2750041,26553,0.099898318786251,2.842323523222589,0.016229130791447777,0.01742104847166054,0.001258570447401297
model,47,0.26425694991552223,23.940578641128877,0.28134727704544144,0.28436939858798715,0.20898770792673727,0.39657944,25.758356,0.29651713,0.3012383,0.23993585,90336,0.13232249449289452,1.817777453231475,0.01516985666732712,0.01686889982815054,0.03094813720990519
model,49,0.18140624512993508,25.6981495127227,0.2581130733607964,0.27891895144142886,0.4038398696683563,0.23206739,27.365128,0.27865744,0.3234331,0.52623135,71595,0.050661146146424474,1.6669780507538619,0.02054436301005319,0.04451414973578671,0.12239147884620061
model,53,0.9149805798305469,12.59310422990081,0.2013399984699107,0.21824143382379477,0.5244733938949963,0.9128947,15.74081,0.22438486,0.25013077,0.50879335,118408,0.0020858540309863782,3.1477061643862996,0.023044860734381584,0.03188933876684244,0.015680039860572426
model,54,0.9157456790812832,17.12916509822582,0.3322502566019653,0.353655881394452,0.533001326174848,0.9406932,12.716965,0.27513498,0.29039907,0.5042295,132888,0.024947520553268765,4.4122003765461315,0.05711527592340693,0.06325680684000862,0.028771840186231024
model,55,0.2784032790283015,27.3437703364373,0.3349317457889144,0.33836615921504315,0.23902321714394892,0.1713736,24.089294,0.33033255,0.33302355,0.22643408,77211,0.10702967330015206,3.2544759028435486,0.004599198362690626,0.0053426110888224465,0.012589135351117497
model,50,0.9723397480794528,8.41334014506603,0.3217920569266227,0.33609852919807826,0.3708750242424806,0.9519933,8.143304,0.39042464,0.4010223,0.33748624,54029,0.020346461469803123,0.27003627391124496,0.06863258205996481,0.06492375602492895,0.033388786954959226
model,51,0.1481682885483509,23.43368346896264,0.219765483908005,0.22666928700711308,0.2745793677588419,0.15314956,25.967892,0.29575887,0.309474,0.3785461,126241,0.004981271545528798,2.534208224152593,0.07599338931625343,0.08280470438692988,0.1039667211751028
model,57,0.12298460390122648,27.68963197293325,0.2585445467096095,0.2605105733465127,0.2018679431550436,0.08381365,29.16065,0.30132908,0.3048634,0.21369682,89584,0.03917095150502439,1.4710182803626495,0.04278452958052109,0.0443528199602195,0.011828879369027129
model,52,0.6340623384776788,22.125507986298736,0.276236948837012,0.3064341192319855,0.4871603353074329,0.6138185,23.328236,0.32066396,0.370717,0.6176781,48181,0.020243812209673417,1.2027276399219673,0.04442700995090609,0.06428286980838926,0.13051777052371333
model,59,0.23788247395233542,25.910342813229168,0.833205643771973,0.8337052953848803,0.07579721711637008,0.24107951,26.234648,0.86947674,0.87010956,0.08143045,87885,0.0031970353059348477,0.32430493762532464,0.03627109181991539,0.0364042627205885,0.005633232965455176
model,58,0.7157262307799583,17.333943845340734,0.26235239744653766,0.279773216507502,0.4185728907402304,0.81023276,16.308239,0.25414038,0.26776546,0.35070863,21287,0.09450652774207535,1.025704862186437,0.00821202040185992,0.012007754108972923,0.06786425707896027
model,62,0.9817463388295429,6.683577553078926,0.2182494163278405,0.23599464307919737,0.437390939103736,0.9635143,12.703297,0.3846223,0.41405958,0.43764108,62402,0.018232010826613188,6.019719108298027,0.16637288930379707,0.17806493629320863,0.0002501450904473512
model,61,0.7154349550243161,22.723421149435147,0.3408178144843818,0.34874803623450196,0.391215496817809,0.7488985,22.824816,0.4855495,0.49909177,0.39332604,92683,0.03346355114023469,0.1013946006869233,0.14473169504091726,0.15034373799073303,0.0021105472648326185
model,56,0.96595695860974,10.79431186681498,0.22679832378248072,0.24385551200738476,0.5475044301392924,0.928411,12.686552,0.2703113,0.30094028,0.54258186,24993,0.03754595168224972,1.8922401809145128,0.04351297220369482,0.057084763184875986,0.004922573888529458
model,60,0.6138598310496203,23.71794105951571,0.24121969643647675,0.27002863398762134,0.49315449403135975,0.6373154,22.101055,0.22667082,0.2654196,0.4601942,123520,0.023455561444581385,1.6168859142520375,0.014548879895758676,0.004609031593517332,0.032960293754031256
model,65,0.9323121102467122,15.519663323844249,0.26356306635797694,0.27259812681707624,0.3952776574020935,0.9033592,16.808657,0.3665114,0.37366894,0.33575636,129419,0.02895293551831868,1.288993368660634,0.1029483381563358,0.10107081205812213,0.059521295917565886
model,63,0.3825392798817792,25.703551685242047,0.24384162784240676,0.24636265383872677,0.18400368784109108,0.120743476,30.155148,0.22219725,0.22367024,0.14986375,107660,0.2617958040273824,4.451595867248187,0.02164437831066085,0.022692409621807824,0.03413993809858315
model,64,0.7802291704410941,23.654903769895565,0.40740125993973747,0.4117539207317118,0.24577107662391595,0.69193363,23.776144,0.3273452,0.3301339,0.2449256,114838,0.08829553854412142,0.12124025781439585,0.0800560675073339,0.08162003558652442,0.000845473353385251
model,70,0.1262174760840433,25.050565225836056,0.7601362777343585,0.7617365825292974,0.11888242922971579,0.16552414,26.884502,0.81300145,0.8157679,0.14969918,84389,0.03930666391630003,1.8339371850526156,0.052865176142136816,0.05403130172515813,0.030816752088567295
model,67,0.899474466576126,6.244687816874439,0.4031989765680652,0.41574783192140774,0.24978088009062455,0.9050931,10.385718,0.27195257,0.2771916,0.25640616,45584,0.005618607268783715,4.141030528767651,0.1312464070833545,0.13855622277719692,0.0066252781182225
model,69,0.971272622351223,4.368541006302024,0.35490038596146606,0.4124633208324144,0.4740818225980444,0.9828951,6.010696,0.25168145,0.2906723,0.45278525,130638,0.011622453923648801,1.64215492799363,0.10321893893235229,0.12179101858632063,0.021296569073264104
model,66,0.9926924077048176,6.672658210844787,0.1694627290541526,0.19231885066329252,0.602634926901722,0.9810648,6.784301,0.1867344,0.22869974,0.6699938,104180,0.011627611257063686,0.11164259329339643,0.017271664184868696,0.036380893084418664,0.06735889090452185
model,68,0.971609795081341,6.017267475142134,0.2610440281313553,0.28179819833530506,0.35491959803330614,0.95060927,3.6110168,0.26646313,0.27673438,0.27322555,107511,0.021000528323375955,2.4062507248064406,0.005419102581153856,0.005063816421166267,0.08169405215012743
model,71,0.9325998032656838,9.98268163874301,0.4402780717090466,0.45210502048224804,0.33105678465985816,0.98331374,4.9777174,0.3490426,0.35605392,0.28701532,77346,0.05071393603409036,5.004964239145842,0.09123547727621578,0.09605110188216565,0.04404146578931373
model,74,0.15934001167921363,25.260667153001496,0.32268350189492684,0.32999231157127773,0.23233216045707875,0.50898254,22.379879,0.32197392,0.33196816,0.23478936,16447,0.3496425274977273,2.8807881551987613,0.0007095820264576003,0.001975846912227519,0.002457196132238576
model,72,0.9611985943483756,10.692505948868074,0.7160292721470362,0.7302047474175029,0.2649763831044158,0.95227647,9.029182,0.63416433,0.64924705,0.24559991,132543,0.008922126071398084,1.6633235147860432,0.0818649388035303,0.0809576971321635,0.019376472487541097
model,73,0.6244998634129585,16.881019964721844,0.22065010268679566,0.23198080018703887,0.4360096388589044,0.4156221,21.96439,0.25565356,0.2694603,0.43903217,34829,0.208877778080088,5.083369836303547,0.03500345747479491,0.037479490483356026,0.003022528337369379
model,77,0.9843444554293018,7.214528691267219,0.1782029050230659,0.1980563220531437,0.5336667691223472,0.96104586,13.033727,0.18100923,0.20873229,0.61596453,8251,0.023298594185100163,5.819198000932488,0.002806327974828382,0.010675970002939988,0.0822977627761513
model,75,0.5612235595248203,25.368626682078485,0.29176387806170884,0.29280643771482506,0.12923540062655298,0.18796815,24.718775,0.33605602,0.33791295,0.14140126,41036,0.37325540974359317,0.6498518865462586,0.04429214577442703,0.04510650922464332,0.012165860464679323
model,80,0.4196393694011451,23.168772406478688,0.29822088242794337,0.3087427518755361,0.28439112582216536,0.57568127,21.917786,0.2784825,0.28892547,0.32041407,131370,0.15604189976770866,1.2509867619474377,0.01973838568950953,0.01981728295387475,0.03602294049253191
model,83,0.21327644823060243,25.87457834040638,0.2931684874760663,0.3263509001102561,0.44253731697134185,0.25834417,28.8861,0.3619847,0.40253738,0.45567232,48295,0.04506772520079405,3.0115224286365887,0.06881621248845704,0.07618647557829678,0.013135006732424015
model,76,0.5281626987181692,20.774964710977464,0.23336843094552137,0.2393044811237801,0.2633162540449922,0.7675487,16.072035,0.23194991,0.23660281,0.28200436,95966,0.23938598158731172,4.7029298751620345,0.001418520424014108,0.002701668118332723,0.01868810233928514
model,78,0.4825143434931269,26.8246403116968,0.6510438864416014,0.6520704795391943,0.126776520150077,0.35552377,27.470287,0.7829671,0.7839013,0.0946497,18874,0.1269905784059992,0.6456470113012465,0.13192320416508807,0.13183079466505987,0.032126817839514876
model,81,0.9232040720237701,8.161633520816878,0.3343741354392751,0.34026208891281196,0.2607111017945614,0.9504329,7.114172,0.31666517,0.3219526,0.24728559,115990,0.027228824590304623,1.0474615390053543,0.01770896286237078,0.01830947770484992,0.0134255122187939
model,79,0.8039955806153866,21.629571582466955,0.4932133713545492,0.49715247986475225,0.25822686716322085,0.9606615,14.723011,0.3858661,0.39102417,0.2935697,75139,0.1566658902746586,6.906560565621252,0.10734726579806114,0.10612830755869146,0.035342846667727024
model,86,0.8397670127896214,17.808761370406152,0.2657974815642641,0.27460163144143623,0.3180224905577006,0.6466955,23.988289,0.27970874,0.28765595,0.32606697,4107,0.19307151813782697,6.179527508988379,0.013911261531133867,0.013054318151154098,0.008044480267494714
model,84,0.46402265924324476,19.23893859652502,0.24014354887629116,0.2688785799368237,0.38918291863866034,0.4281423,23.391497,0.26030293,0.29315227,0.39063296,70309,0.03588035005440199,4.152558061800175,0.020159382194036596,0.024273692764439747,0.001450038581417179
model,82,0.6493207375084673,22.593784178784222,0.4176094935471578,0.42212197878345065,0.24038555922372376,0.4137369,24.832193,0.46234486,0.4684225,0.24307573,109934,0.23558382788055288,2.2384091958495667,0.04473536152295632,0.04630052349583097,0.0026901691927191107
model,87,0.3501757817113323,26.79199139190634,0.20269793536207537,0.21861255463356705,0.3480469003734309,0.50196135,22.163916,0.2749696,0.28339043,0.2803597,13073,0.1517855687296467,4.628075757751066,0.07227167222955366,0.06477787796263962,0.0676872149524409
model,88,0.7304663428464481,19.684068654022667,0.4905758494388709,0.492573478800627,0.16302681109870343,0.48985597,22.574947,0.6303898,0.63209766,0.13119675,90441,0.24061036793380464,2.8908787031550673,0.13981396016958858,0.13952418269458172,0.03183005890811352
model,89,0.6281181640213678,22.67723197101912,0.23410817036406578,0.23705122241019086,0.21281933123387484,0.38836735,27.611963,0.26168185,0.26483282,0.21164095,84205,0.23975080915152525,4.934731301075608,0.02757368436081825,0.02778160205842181,0.0011783772162356765
model,85,0.8057765926285669,7.911959949639275,0.22869120375752577,0.23173335270366183,0.2302632342231261,0.84018725,10.883569,0.21391621,0.21809272,0.22822689,64679,0.03441065893927364,2.971608814093635,0.014774991437198015,0.013640628022761253,0.002036349023579298
model,93,0.9836794811883266,3.2201408615491403,0.5204567957206135,0.5337899502387177,0.3063175706423827,0.9862209,4.992883,0.3819591,0.38894114,0.26344714,40735,0.0025414150557224735,1.772742343864678,0.1384976852221852,0.14484881125594484,0.042870434955508296
model,90,0.5451225644331431,24.384706814938262,0.27551579130700965,0.28711392310710515,0.3454734786156991,0.62825906,21.258476,0.2420109,0.25033903,0.34484452,68647,0.0831364983338857,3.1262305576140434,0.03350488496831794,0.03677489188762273,0.0006289585236886053
model,91,0.8536634652485058,12.143944995269315,0.32904693257192225,0.3350750077514244,0.23946671887689114,0.7754382,13.57105,0.24259923,0.25187498,0.23061833,87033,0.07822527574197502,1.4271046949772668,0.08644769858697504,0.08320002444072494,0.008848391020827295
model,95,0.5141032643381286,23.542938442150525,0.22331592336302003,0.22973641086205218,0.27046641067779853,0.19651225,26.84561,0.2628127,0.2727467,0.2764581,5376,0.31759101224576713,3.3026712227664667,0.0394967804848651,0.04301030110732343,0.0059917037078063284
model,92,0.6317152208165052,15.019684334343104,0.2212008193804279,0.22531722131456614,0.25128295684902613,0.67514026,14.355022,0.2481612,0.25377217,0.2566046,107365,0.04342504083358023,0.6646619039231823,0.026960377328251295,0.028454948037011624,0.00532165502460058
model,97,0.8301138910836641,14.116798597454242,0.26008673329344656,0.26299117862504556,0.20684829953945097,0.8888163,14.852062,0.30021733,0.30192927,0.17083138,87802,0.0587024059706267,0.7352636278875551,0.04013059716233347,0.03893808663565085,0.036016917264823284
model,96,0.24530570662906404,24.55016838989538,0.21123505427208117,0.22034635197358987,0.29641871422455857,0.45572323,22.520437,0.22139704,0.2307772,0.32520247,85534,0.21041751944134002,2.0297311492947934,0.010161988002393929,0.010430852063122775,0.02878375083281448
model,94,0.9163372936857415,7.684293261397144,0.267134551098981,0.27426509872795335,0.3016849200330324,0.95812285,8.599814,0.39020193,0.39981133,0.30177665,3418,0.04178555577867504,0.9155211535808832,0.12306737513240329,0.12554622872947463,9.172753471664574e-05
model,100,0.5005461478299502,24.04879948870133,0.34265980283964115,0.34504039730098596,0.18605814899641304,0.448897,24.891273,0.34677616,0.3497091,0.18294977,128721,0.051649143702447775,0.8424740098338255,0.004116354777927822,0.0046686962697232715,0.003108382479727556
model,98,0.8471384002094401,18.293572276379614,0.18551032818307167,0.19304895977550304,0.3213452471852273,0.85772574,16.761538,0.18706726,0.19379604,0.34753338,19714,0.010587339269624851,1.5320347244997308,0.0015569271946977992,0.0007470788521214689,0.026188127839568254
model,102,0.22157520105442932,25.855155227141598,0.30804270812101125,0.3153761642966819,0.3364807676446474,0.2560727,27.185375,0.30448842,0.30994168,0.29291958,111415,0.0344974989692218,1.330219986481449,0.0035542876345610597,0.005434485057408844,0.0435611914765871
model,103,0.1055635236349487,29.24161207536802,0.4621151488329164,0.46290412846119156,0.07319728991735376,0.41071266,28.079338,0.3259311,0.32747525,0.12081507,41846,0.3051491357240296,1.1622740016375523,0.13618404679548657,0.1354288786938881,0.0476177785659989
model,105,0.3702258740729662,25.425234569444196,0.30720308406948205,0.3228254165259297,0.4071044381207381,0.19462454,24.111979,0.29124674,0.29981074,0.36894187,61083,0.17560133088296376,1.3132560385604073,0.01595634205936547,0.023014679154485018,0.03816256480874164
model,99,0.5526671002197502,21.29374209694067,0.21416119055988142,0.22574034314787028,0.4141473023413301,0.4667186,22.163942,0.2250121,0.23329534,0.41175765,112128,0.08594848611834027,0.870200240095464,0.010850903222543506,0.0075549932178294865,0.002389654350149706
model,101,0.2075847462152501,26.07936253659005,0.26144473179626554,0.27270808833325955,0.3264709213459262,0.18957847,27.44778,0.26025674,0.26997843,0.32319087,41700,0.018006272647287463,1.368418072540809,0.0011879943256387082,0.002729654485832178,0.003280053445077813
model,108,0.1890150600181973,26.015969691606273,0.2895896658135535,0.2952817687264234,0.20962069860950114,0.19782972,27.096684,0.30239072,0.3105972,0.23516855,20233,0.008814663339957007,1.0807138105909928,0.012801058606993987,0.015315442396089396,0.025547847828716025
model,110,0.7847304343898172,20.5092654407227,0.360587456010859,0.363596434233322,0.2200184297835034,0.67912954,22.619465,0.33696523,0.33971024,0.20639324,77021,0.10560089346955959,2.110199433544878,0.023622222923319336,0.023886198637618872,0.01362518790117917
model,106,0.34774734354310777,28.266008993357513,0.6383407864849079,0.6416589818336184,0.1911521896377424,0.17344321,28.497353,0.67832756,0.6789487,0.10123794,2507,0.17430413043790605,0.23134360674014331,0.0399867739398968,0.037289718594390675,0.08991425182970558
model,107,0.09391039088054536,25.438304429179478,0.25149314305905773,0.27173417222552065,0.45390785358356384,0.07984919,23.431452,0.22278814,0.24091251,0.47333917,88701,0.014061199870547034,2.0068526316941266,0.028705002881330988,0.03082166028074984,0.019431316633950202
model,104,0.5962599378894302,22.927711824464563,0.2519713513493618,0.2716331619711134,0.5090042714218986,0.6528381,21.131826,0.23231246,0.24861024,0.4301315,88985,0.056578173034336876,1.7958854237077269,0.01965889557600825,0.023022918769857625,0.07887277642296675
model,112,0.12028927987692746,24.27904561857516,0.6155973333402358,0.6186881052767916,0.20002921912980226,0.11953876,23.177954,0.66743,0.67032707,0.19682221,134768,0.0007505182015696416,1.1010918984823874,0.051832650275639436,0.05163896209839147,0.003207007983447585
model,111,0.8637558291335077,10.096565961864194,0.2629346625921064,0.27474144099583325,0.3444188215356223,0.8104544,10.749181,0.26448187,0.2722839,0.34195542,91847,0.05330140093755431,0.6526148318980134,0.0015472097280687658,0.0024575292908161628,0.0024633981805197713
model,109,0.9575930322356756,10.15427324866269,0.1791305520557281,0.1880497445189478,0.38089165540895487,0.96223354,10.65801,0.17620383,0.18585497,0.35803276,65784,0.004640511160320493,0.5037362804510792,0.0029267200254317616,0.002194773110103798,0.022858892404651887
model,115,0.9416715119216047,14.867657454367524,0.24978235056860695,0.27619956167001786,0.5599823935403279,0.95395523,15.153366,0.29831457,0.32274783,0.49964646,100814,0.012283721175471718,0.2857086344996631,0.04853222081200828,0.04654826490621505,0.06033593849081309
model,117,0.919427726769688,15.004735523670917,0.23709060440564228,0.2455108764582732,0.38358161253853434,0.8512997,17.14421,0.23024854,0.2371178,0.30796364,24292,0.06812802364850268,2.139475291758771,0.006842063765764961,0.008393079321966423,0.07561797304077739
model,119,0.6647220103358418,21.53115247702097,0.3229933301176223,0.3414145816693139,0.4595444611846949,0.7292272,15.352625,0.33287448,0.34990236,0.45254073,68315,0.06450517491348684,6.178527583832494,0.009881146792015127,0.008487779962079556,0.007003735715105652
model,113,0.9294738108713986,6.220230012540959,0.41196988266325213,0.41766288123384965,0.24807702825744024,0.91650623,7.1120553,0.46790993,0.47189492,0.1981455,1618,0.012967580040252336,0.8918252891253005,0.055940049473283515,0.05423203863843429,0.04993153439242712
model,114,0.7500509690659601,20.30139300263118,0.2958197718536685,0.33905731725528293,0.4727712680843942,0.5597202,22.602724,0.27822566,0.35036916,0.5864679,102678,0.19033075088435003,2.301331072686203,0.0175941115295718,0.011311838151668974,0.11369665364946202
model,122,0.2637186493125007,27.656379206385743,0.6720761563483414,0.6729456015929887,0.11252519387245324,0.5330355,24.512684,0.58080995,0.5824037,0.1626165,91722,0.2693168674263909,3.1436953379775403,0.09126620551978915,0.09054188216778725,0.05009131234645697
model,120,0.709990634463317,22.836831628488298,0.2881363511778128,0.29148009604481157,0.22202226741821648,0.6859267,22.776274,0.46233478,0.46717453,0.18751529,98069,0.024063958666808216,0.060557901071305764,0.17419843070733432,0.1756944339844853,0.0345069788268316
model,118,0.8833599824707333,13.642497726986434,0.20924808189609798,0.21899558739666772,0.38632969200550593,0.95481944,9.069697,0.18998358,0.20126101,0.3852934,124114,0.07145945837094148,4.572800346920516,0.019264505359919387,0.01773457365040612,0.001036297678342235
model,116,0.9694779250819026,11.436721411418254,0.21343677916210474,0.22618234100336782,0.41694669161491377,0.9485913,11.611339,0.22809029,0.24676704,0.5080616,127274,0.020886633177453096,0.17461720399922598,0.014653507092778073,0.020584703064014997,0.09111489619560259
model,126,0.7794198393042908,19.217763385924393,0.2846348323665123,0.2926559440270615,0.27379515405389093,0.91243213,16.227629,0.26331612,0.27107987,0.32694593,60871,0.13301229484716792,2.9901346780386504,0.021318707688854244,0.02157607594882971,0.05315077666548468
model,127,0.7769455746915269,21.22366382043305,0.40452644442038127,0.4093076947967538,0.26277548669280487,0.815457,19.4621,0.25892687,0.2634544,0.26724717,3661,0.03851141173578021,1.7615647451156669,0.14559957598166057,0.1458532873432168,0.004471683517079772
model,124,0.45800960681567315,22.04989666217015,0.36990857305748537,0.40177668604292766,0.47074699408152587,0.5930979,19.38417,0.37228206,0.47810468,0.57866937,128377,0.13508831837048407,2.665726129943586,0.002373484943079207,0.07632799473366841,0.10792237513920777
model,121,0.9940375338357123,5.298577740700772,0.20100091068779585,0.22271848627606006,0.5874221453126894,0.99406284,5.2553906,0.20289335,0.23949708,0.6908754,67798,2.5307102855864905e-05,0.04318709662728537,0.0018924358602845914,0.016778594169229555,0.10345326572094093
model,129,0.6711172564621196,15.395252292415421,0.25460273783802784,0.2580679818340317,0.2521649407048745,0.79903287,14.983558,0.27745393,0.28180128,0.2387503,103048,0.12791561049268385,0.4116945913045811,0.022851191347839472,0.02373330152549591,0.013414646853975754
model,130,0.9773141758386202,11.033593200575481,0.20246478240449406,0.2470939836249314,0.693206534085319,0.9764666,8.969985,0.17663778,0.22192945,0.6562025,41610,0.0008475797120638395,2.0636081923357352,0.025826998757910502,0.02516453776216132,0.037004038987204946
model,123,0.9228527162678445,13.038919074647211,0.20435229712703504,0.21723278320921593,0.4092709498793427,0.8638806,14.797662,0.2344146,0.24700767,0.3999716,88491,0.05897214156462793,1.7587427066638242,0.03006231015941821,0.02977488480912513,0.0092993455321137
model,125,0.19925875073606142,23.449585453403294,0.200721430512562,0.2381254594379256,0.46737933522348124,0.11936989,25.506084,0.20436344,0.25969046,0.628498,66005,0.07988886392051348,2.0564989887353775,0.0036420049942586796,0.021565004105012636,0.1611186825644521
model,128,0.20939051461814184,26.626642095603643,0.31522611588965915,0.31833616555100014,0.23378769426368476,0.16135001,28.301107,0.37974232,0.3824067,0.2346681,5254,0.04804050279258032,1.6744653110125682,0.06451620846260525,0.064070546027369,0.0008804115769982246
model,131,0.501354765085549,20.06377671139886,0.21171593584780857,0.233822217290884,0.49495913169468847,0.49949542,18.65179,0.21536367,0.2405355,0.49498078,43739,0.0018593482058950617,1.4119860925023744,0.0036477305674059712,0.006713280374521263,2.1650575743048517e-05
model,136,0.4693960549486249,22.32355671474857,0.17739980314682938,0.1902879185836484,0.461069407984468,0.7665359,19.221857,0.20338193,0.2209849,0.49562517,48891,0.2971398232328326,3.101699643825718,0.025982122674474945,0.03069698737452725,0.03455576010063027
model,133,0.8241121884262853,20.188303674510735,0.19965363137620848,0.2049775518738964,0.2742968598288446,0.66716266,21.724648,0.23176423,0.24029805,0.35671666,99376,0.1569495316422277,1.5363438474619215,0.03211059577566225,0.035320495787884904,0.08241980281649536
model,132,0.9572090075411129,3.6479205455491197,0.3015958239461723,0.307834114385538,0.22457434375091137,0.9611297,4.2591558,0.32463923,0.33303913,0.2031044,106331,0.003920717438287702,0.6112352047255385,0.0230434070203957,0.025205020355291485,0.021469937155681268
model,135,0.40960947405586384,26.68546453126259,0.4553710569963337,0.45750345472070275,0.18031566774120852,0.6736085,23.783697,0.5372027,0.54148954,0.21574281,104515,0.26399900782813884,2.9017674029666907,0.08183165887738458,0.08398608680990638,0.035427143819422274
model,138,0.28246937417751183,26.917953080608708,0.22800094049380004,0.22974764507363746,0.15456837626831238,0.09075033,26.818455,0.26332998,0.26608127,0.18700095,25533,0.19171904498105874,0.09949833817706732,0.03532904226376832,0.03633362848211816,0.03243256894214447
model,140,0.1198880339576689,29.929141877924405,0.44280239615812406,0.4744086180758632,0.34622528222037435,0.34637225,28.02469,0.2612827,0.2771357,0.29447126,119733,0.22648421278457964,1.904451249872647,0.18151968393697843,0.1972729180884517,0.051754018334876306
model,141,0.2124315997156942,27.65293974001156,0.3601891265197818,0.37736507003237424,0.35175899349635203,0.3930655,25.216278,0.33799875,0.35717443,0.4834872,55846,0.18063391246463417,2.4366616638396863,0.02219037869415924,0.020190643715159273,0.13172819531971852
model,139,0.7862077676391643,19.898900733177936,0.7661660244390913,0.771320774059584,0.2029900587767761,0.7681416,18.334352,0.8197346,0.8252538,0.1902688,20962,0.01806614032745779,1.5645482398918027,0.05356854892516649,0.05393301059694067,0.012721259114186062
model,134,0.8404474983285768,11.350302943930402,0.2752172941428397,0.28227624605369434,0.32283922384236347,0.9083497,9.554885,0.26990777,0.28174427,0.3503315,17825,0.0679021944929259,1.7954180333469054,0.005309521601793543,0.0005319745368944084,0.027492261429090392
model,143,0.7398626485771358,18.06288007123812,0.1894301842107388,0.2184681390438823,0.5237582270731893,0.52073383,22.369987,0.18364699,0.20918016,0.5864407,113506,0.21912881526414751,4.3071074165548495,0.005783192361793171,0.009287977686956328,0.06268245533800454
model,144,0.12042961446162712,30.06092700420799,0.5607690696592316,0.5655828318623691,0.24165233689696128,0.157177,29.427174,0.32874823,0.33604646,0.3037447,44350,0.03674738677624215,0.6337533897060368,0.23202084349346008,0.22953637457171971,0.06209236663430398
model,137,0.7734135123811812,18.592488942620026,0.19352382562556758,0.21841383131921865,0.5052613498092412,0.87290853,18.840435,0.17920546,0.20985526,0.48163995,29684,0.09949502023829515,0.24794608545614594,0.014318363289027358,0.008558572854405422,0.023621398341727162
model,142,0.3321985457627631,24.863486331511254,0.2758312514666942,0.2923337485395185,0.4287979674011301,0.13220209,27.442757,0.3016329,0.3157956,0.36197683,42954,0.19999645692990786,2.5792703213207773,0.025801659500178986,0.023461851874757633,0.06682113524971711
model,145,0.8288487738013187,13.391779926731516,0.26806524059224424,0.2996496278957366,0.6004153304528186,0.9027792,8.970675,0.25184458,0.278499,0.4988706,51254,0.07393044773341029,4.421104458286692,0.016220655650380222,0.021150620670700004,0.10154471926202269
model,150,0.06169238688360404,28.574713342387582,0.9496355058137966,0.9497869568747469,0.043237335298812865,0.070121095,27.556084,0.96538943,0.96554184,0.038153097,17827,0.008428707700860988,1.0186296631883636,0.01575392470912207,0.015754882724862473,0.005084238265312194
model,149,0.6219014663541064,21.651875302261473,0.23581045472836457,0.24286895263303826,0.3503710638804076,0.79485834,15.779094,0.2263196,0.23980963,0.39517897,54183,0.17295687009456306,5.872781559890868,0.009490858556985476,0.0030593203317076934,0.04480790979436655
model,147,0.4581247380721579,22.426105683789782,0.2108009718146676,0.21846404951978965,0.37318176343237075,0.53644776,21.155361,0.22251806,0.23083885,0.38375568,57139,0.07832302537083524,1.2707445082526725,0.01171708481642067,0.012374800620781945,0.010573920466555031
model,151,0.4434232642602221,27.41183780141762,0.55621229949513,0.5575269840960995,0.14984545039920621,0.4973401,27.58751,0.5062406,0.5076567,0.15230675,42200,0.0539168486643537,0.17567135385581878,0.04997169318714656,0.049870290637542336,0.0024613000175494615
model,146,0.6505023338434179,19.38409027945547,0.20389550608667864,0.20941705316951761,0.2607713630472528,0.50012565,16.461933,0.23202096,0.23934329,0.28994894,18035,0.1503766872522314,2.9221571434691427,0.028125453171400888,0.029926232391090296,0.02917757722984682
model,152,0.1899727759404221,26.737559178928283,0.2689834639017565,0.2707079057998301,0.1508957648709186,0.17702001,28.349092,0.28710875,0.28924185,0.1408743,50369,0.012952762608055168,1.6115333045922249,0.018125285249473377,0.018533944576299033,0.010021468444145532
model,148,0.7226457489878643,11.25135884416153,0.35805453464620157,0.3615793680441218,0.21537378251544134,0.6634564,18.851463,0.2600071,0.26329082,0.23805518,288,0.059189368620585214,7.600104473709564,0.09804742142789408,0.09828854553817085,0.022681401968086795
model,155,0.9575493558519508,11.64769965253469,0.21248140602520443,0.21656270267354893,0.260229807315255,0.85445946,18.22089,0.25985387,0.30349293,0.42551678,1539,0.10308989130193247,6.573190392631325,0.04737246365138553,0.08693023083818507,0.16528697687587657
model,153,0.8100043004440833,19.955416704938308,0.22287699732798563,0.2400046401130811,0.4752632678020976,0.7470299,19.496372,0.22233842,0.24333227,0.50226736,119874,0.06297439989324105,0.4590444820379176,0.0005385741950892087,0.003327626694475061,0.02700409288515826
model,157,0.8083954305343586,17.906872487304213,0.29825451752116916,0.3040734486088258,0.26735561518615997,0.77376485,15.272466,0.4046297,0.41623184,0.3413217,68642,0.03463058182525214,2.634406781432631,0.10637518981525662,0.11215839224009694,0.07396609158569062
model,160,0.11411248213717175,25.928560632665384,0.6006590772144332,0.6097460743445238,0.2686525448178947,0.16614236,25.79963,0.49021357,0.5076604,0.3123826,127469,0.05202987723878193,0.12893142123960288,0.11044550423545985,0.10208568539799057,0.04373006383422018
model,161,0.9760346415477281,4.863229751680663,0.21934278929076925,0.22789837504464783,0.29920464781998163,0.9592159,5.5796895,0.26853508,0.27953848,0.30148184,43268,0.016818762107420504,0.7164597510354014,0.049192288281099644,0.05164010738294922,0.002277195174708313
model,156,0.8501833866132533,16.385683004336443,0.3169563349676797,0.3442395836741467,0.5731984961029829,0.84594667,15.744453,0.39838147,0.42650217,0.5314537,52379,0.004236717034701076,0.6412295741606613,0.08142513666623141,0.08226258450441165,0.04174476742714062
model,162,0.717342344589741,23.555199831015216,0.34093635064491484,0.3489903186128288,0.28750570070823284,0.9084822,17.564554,0.24044713,0.24926578,0.3240329,42803,0.19113984935709738,5.990645616537677,0.10048921686538909,0.09972454352833326,0.036527202009357496
model,154,0.03848613229283399,26.223083170466495,0.20981886109327022,0.216982216682589,0.27544110229123203,0.2259466,22.633484,0.22624949,0.23233566,0.24709448,110298,0.1874604729127019,3.589599283747745,0.016430625114691816,0.015353440198743407,0.02834662010777561
model,158,0.17476358651899312,23.854724673808644,0.28920307732842343,0.30445718672663763,0.3175931112602638,0.1847325,24.587997,0.29889354,0.31951642,0.38287804,139498,0.009968910219440713,0.7332727627147939,0.009690463769217561,0.015059233637742253,0.06528492404666675
model,163,0.8034389247856061,19.630639644260757,0.18727561260614534,0.19893464074006487,0.4281834007179548,0.31125742,22.369558,0.26200303,0.36804664,0.71938926,1459,0.49218150281523865,2.738918690089829,0.07472742174711089,0.16911200060972761,0.29120585909726127
model,159,0.8886832055037679,4.6791020679900726,0.2515409043211666,0.2629807848974251,0.29679901424579047,0.8747653,5.966621,0.23841435,0.24276061,0.26273558,1502,0.01391792859489338,1.2875188540985505,0.013126557149383156,0.020220171336748527,0.034063438808244695
model,166,0.8731368023354418,14.137393413018714,0.1938197244026792,0.2154953814699877,0.4139305541254357,0.87527996,14.113092,0.21014732,0.23421419,0.47727737,102649,0.0021431606810682347,0.02430099053336221,0.016327596821533452,0.018718805198408295,0.06334681418167792
model,170,0.08750011518121921,27.965642149918615,0.34377916620906107,0.3464743232199272,0.2126998966778432,0.17418015,27.298477,0.34834108,0.3515214,0.19718997,83412,0.08668003485082425,0.6671649770670527,0.0045619113570857794,0.005047079377500152,0.015509924873224362
model,165,0.4696406579424974,18.586496041438167,0.27241561394470415,0.28170207614949666,0.3171470659608841,0.6306602,12.79828,0.32826695,0.34460637,0.3558489,46663,0.16101951833466327,5.788216279170101,0.055851334516828444,0.06290429358431376,0.03870184246349334
model,167,0.07979270343544678,25.42953404026486,0.31869542125352246,0.321610431066406,0.16200772819399464,0.055500045,26.757128,0.36788923,0.3722383,0.20740405,23918,0.024292658016707463,1.327593721575962,0.049193804229418214,0.05062787712489342,0.04539631905675304
model,168,0.9526214866636104,8.736110381623483,0.21587643589910532,0.2247859871050246,0.3220354765526857,0.9634831,9.824373,0.22221565,0.23145387,0.34987503,129278,0.010861608505457032,1.0882628636157747,0.006339216566714989,0.006667878661500676,0.0278395563490782
model,164,0.36831140738965906,19.42110524004793,0.2097932436250234,0.21375054300826218,0.2627707860094075,0.4174658,19.837389,0.21155006,0.21506488,0.22330345,68069,0.04915439861772619,0.4162837522616414,0.0017568133093332772,0.0013143402238545154,0.039467333875275123
model,172,0.5711880548733403,23.934781755721616,0.655230393585889,0.6583095367069288,0.18888091731493406,0.6105009,23.13431,0.55489653,0.56111866,0.22003186,127898,0.03931281726182201,0.8004719870448582,0.10033386009666168,0.0971908743495985,0.03115094017560549
model,171,0.5462971188060164,23.13568560703298,0.3832325845685003,0.44381631505392816,0.5837426773068123,0.26585367,28.249697,0.40244472,0.4884497,0.5374531,95843,0.2804434455863356,5.114011124534404,0.019212135699749222,0.0446333776722071,0.04628956232039261
model,169,0.311135888375823,22.112611569924223,0.24101137052873153,0.274122711985542,0.45669862018443175,0.9512185,5.435145,0.31485316,0.35973653,0.40417278,88135,0.6400825974563913,16.677466668648588,0.0738417910446785,0.08561381998734313,0.05252584205485411
model,173,0.6639421596575074,21.476870240390205,0.19874978437438545,0.20818401701087547,0.41724973512507074,0.6201903,22.282326,0.27630904,0.28633088,0.39370427,131660,0.043751837258367954,0.8054555042387008,0.07755925879463615,0.07814686172371316,0.0235454697690069
model,175,0.4851530339783191,19.909427479817452,0.28597557161445036,0.30942313245289904,0.4326569989317863,0.4368854,27.196178,0.28598428,0.30417836,0.3518146,62291,0.048267647272920544,7.2867509564618445,8.706110769363118e-06,0.005244775328570428,0.08084240108670876
model,178,0.12701279529408913,25.83624321760398,0.3042700340004975,0.31128882561045473,0.25399321529790675,0.15072244,28.104229,0.29563823,0.3006917,0.21228768,42254,0.023709648763375474,2.267985755784693,0.008631800577264481,0.010597131589229758,0.04170553598329341
model,174,0.9496605758325766,6.027339957175371,0.543219942140051,0.5509824564960748,0.19201495281438666,0.920569,5.976424,0.45569226,0.46005416,0.15364957,116898,0.029091573204250154,0.050915739951250316,0.08752768068260774,0.09092829733164609,0.0383653842566474
model,176,0.9567044609185574,6.927653545739588,0.3461594914210575,0.3553460866149078,0.325903611017577,0.9371833,4.2727866,0.37492657,0.3836945,0.28719553,59051,0.01952114039624908,2.6548669284605353,0.02876707565657921,0.028348413116156046,0.03870807750355415
model,177,0.49164526620360394,24.575524574867163,0.7916666537184645,0.7928051790413343,0.11054924642606231,0.3774842,25.969688,0.8260946,0.82788026,0.13646677,11502,0.1141610638186552,1.3941638406601804,0.03442797366190664,0.03507508428721795,0.025917524938149722
model,182,0.9920175385725207,6.190558205760816,0.18622773816024418,0.19674287151902936,0.4103621733541142,0.98323125,7.293705,0.18892466,0.20418373,0.38552797,99602,0.0087862921011157,1.10314678081145,0.00269691715801601,0.007440855983793515,0.024834204947436933
model,180,0.2747670175765132,28.66559909747618,0.2508667174560635,0.2638161234154226,0.3419428653050677,0.37032053,26.036715,0.31001493,0.32229596,0.3179883,51618,0.09555351116913807,2.6288845436431707,0.059148215891638545,0.058479840348768075,0.023954559021116872
model,184,0.7088173873909839,22.288875632278614,0.5155166468627751,0.5174948299527905,0.17828068761166047,0.67017376,21.726582,0.42676258,0.42880788,0.18695776,41623,0.03864362316216308,0.5622940587922862,0.08875406599119307,0.08868694549806333,0.008677074033656612
model,185,0.05053011469506939,28.013131204319947,0.23829749484314322,0.2602455092920651,0.4533548904054042,0.17347693,23.181128,0.24559449,0.3122152,0.71904093,67410,0.122946819737914,4.832003656102174,0.007296991751056914,0.0519696997151981,0.26568603986574446
model,181,0.9336068118485787,17.47587848500639,0.3384352514747138,0.34131557678725416,0.20572745485218386,0.9761339,12.398172,0.26405317,0.26692203,0.19055498,67014,0.04252707115084142,5.077706106466351,0.07438208556208564,0.07439354991461927,0.015172478388865984
model,186,0.5480146540788993,22.84171981476296,0.22048729777460532,0.23125121150227312,0.35457478349863036,0.40926892,23.096407,0.22079779,0.23269965,0.39379376,57821,0.1387457384256705,0.2546871218825473,0.0003104943024591911,0.00144843604354139,0.03921897823156373
model,188,0.38541858463057976,27.79701744534977,0.5118678055909696,0.5128633507653643,0.1117622395041501,0.4099868,25.91455,0.54621243,0.5467785,0.09397277,70264,0.0245682093643238,1.8824666640997698,0.0343446291777072,0.033915149314744375,0.017789467144302074
model,179,0.9422674769768115,3.4080441100575882,0.2581210321652994,0.27546554153357383,0.29774915471539826,0.9381767,2.7796597,0.34425157,0.36166787,0.32354036,46132,0.004090785444676448,0.6283843619801956,0.0861305409204855,0.0862023299416459,0.025791205020090635
model,189,0.6847762544028937,23.818134488063237,0.4304790675299069,0.43245092761425424,0.18718428478455493,0.6421041,24.806776,0.38167205,0.3842057,0.19629765,122404,0.04267216514279237,0.9886415586896931,0.048807013000716826,0.04824522864727426,0.009113360784292729
model,183,0.9444983159869877,13.9090308220011,0.23540355674749794,0.2536404678404886,0.4837871085238998,0.97444177,9.519079,0.24165972,0.26373178,0.49248752,67695,0.029943450751903855,4.389951613627076,0.006256159024177171,0.010091309827510664,0.00870041145557715
model,191,0.08897276641564975,23.380906400043248,0.21972378566965212,0.22854467835478487,0.3701822596652606,0.09353386,23.870848,0.21282002,0.22480519,0.39727622,61615,0.004561092241233494,0.48994130198311936,0.0069037623713885665,0.003739487195536517,0.027093963040580482
model,190,0.4001252489431438,26.751231727059796,0.7392603446203591,0.7404497182134588,0.12544315891930413,0.42721227,25.1097,0.76693326,0.7684736,0.11646682,125615,0.02708701917094619,1.641532477792218,0.027672917727815993,0.028023906969646628,0.00897633867928338
model,187,0.9092341801926205,11.326283664628953,0.28772510596786655,0.29019290645943907,0.18560526514518083,0.87789935,11.328646,0.2570406,0.25945377,0.17801166,5920,0.03133483145681115,0.0023620415478049495,0.030684515920030242,0.030739132960903914,0.007593609337685714
model,195,0.9477999484201022,17.468701813929272,0.40669586731788704,0.41119886817120316,0.24465922637100015,0.95940125,16.17942,0.33367944,0.33721516,0.24706848,82382,0.011601301465456904,1.2892813427378655,0.07301642968055794,0.07398371280812027,0.002409253286173002
model,194,0.2577549502337433,25.71725685536901,0.8299272840987117,0.8306184567453171,0.08784982790371056,0.21902457,28.33867,0.8564889,0.85750955,0.09974089,49295,0.03873038143758545,2.621413875221812,0.026561599396619062,0.02689109668714751,0.011891064744986343
model,196,0.47681151652248294,25.368740301897446,0.35189096990098917,0.35422835313845974,0.1620850657423116,0.5333079,24.617947,0.33726513,0.3399275,0.19957608,24276,0.0564963934430322,0.7507936771415871,0.01462583604326212,0.014300858612550316,0.037491014103116865
model,199,0.8725594275458419,11.488960750145232,0.27352174171452387,0.2861334530332498,0.3706343370065795,0.7944265,16.446856,0.2887997,0.30435038,0.35470855,136517,0.0781329267485702,4.9578947948987135,0.015277961406661433,0.018216923095900617,0.015925784646044827
model,198,0.6160057184192543,21.59389500761072,0.2820022364316007,0.2847649202689241,0.20156922378755135,0.5756875,24.135557,0.27257717,0.2769333,0.21184646,92812,0.04031819076269916,2.541662167071898,0.009425069874288705,0.007831607852847422,0.010277232144112164
model,193,0.970670144400777,11.455973950997425,0.32131391282239846,0.3369774652855976,0.44954241544163337,0.9666059,11.439846,0.36922804,0.3845366,0.4353785,100008,0.004064242682637387,0.016127912179065618,0.04791412238916465,0.047559128866852984,0.014163923563123848
model,192,0.8796945165949166,17.102352694847077,0.2213745232605873,0.23728637081250892,0.3774362133300376,0.91231287,12.093957,0.23634078,0.2517658,0.3823296,4980,0.032618348662346586,5.008395747520417,0.014966252825266285,0.01447941678896203,0.0048933996403146
model,201,0.03930010370844999,24.39403074106163,0.3182364712218794,0.32414826641719546,0.2618623245091857,0.031251553,24.826643,0.29425612,0.3056174,0.28451583,79555,0.00804855026239553,0.4326122490506741,0.02398035030169815,0.018530874354054594,0.022653503385025142
model,203,0.8923516535735266,15.053305472875891,0.20525343474990934,0.21048302609655395,0.311514456966061,0.84077525,14.30075,0.21515587,0.22222431,0.30185437,73404,0.05157640218497683,0.7525556941283327,0.009902434972456992,0.011741283943919989,0.009660084941524871
model,197,0.5010643275232322,26.162382507153,0.3942875510868675,0.4016509360495607,0.249231268901925,0.18479988,24.577337,0.6083756,0.6118201,0.20934775,53983,0.31626444773387974,1.585045242138353,0.2140880578341835,0.21016916568841537,0.039883514185051844
model,204,0.6007318154416229,19.92620091158958,0.38248948138428795,0.3890494818130366,0.26294100317437524,0.38218084,19.519865,0.4165194,0.46556637,0.37398532,93290,0.2185509756646301,0.40633587557883644,0.03402992207335365,0.07651688509789784,0.1110443171552909
model,205,0.4570702358771365,18.654928394099983,0.33722138801699586,0.33866936409803167,0.13429994512672455,0.4991929,19.237764,0.42686492,0.42910475,0.15040667,60388,0.042122657627959914,0.582835964420525,0.08964353402966552,0.09043538128999934,0.016106728423881223
model,202,0.46993770555046327,20.358876756911403,0.24760054671036666,0.2548079283477781,0.23900773732057579,0.28820732,19.60513,0.2335871,0.23656078,0.22775514,117461,0.1817303831913782,0.7537475149680439,0.014013445608491354,0.018247151518058558,0.011252593082103801
model,207,0.3440433369655456,24.29270135256152,0.46292634100580604,0.46379820549294437,0.1159008471182517,0.6337114,18.721075,0.5062929,0.5074835,0.11481538,137789,0.28966806068231205,5.57162629457812,0.043366538575645375,0.04368527686789547,0.0010854704192809067
model,208,0.6508002620625079,20.21600218216097,0.22131235335922633,0.2295406404906694,0.38340570611810393,0.5218997,24.327305,0.22080491,0.23131151,0.3985246,73576,0.12890056189771293,4.11130265792692,0.0005074385271111592,0.00177087448297103,0.015118906070235305
model,200,0.7684995946883709,8.486722010627382,0.2333554350351671,0.2430328337382776,0.31966530403080184,0.91785604,4.7940564,0.28115964,0.2912199,0.3271654,76666,0.1493564429283588,3.6926655950695206,0.047804204323353416,0.048187056379367654,0.007500090990636754
model,210,0.24615043882454965,24.633826785414833,0.2787982848563839,0.2837806266972526,0.23680919033077702,0.09494855,25.680159,0.2657775,0.2686766,0.18744282,131957,0.1512018862756643,1.046331829697472,0.013020786372726079,0.015104017896364563,0.04936636608627781
model,211,0.08730545224308091,30.49216949133422,0.5292073710647953,0.5300251242005116,0.1052887727960607,0.09700054,29.897211,0.5346303,0.5360146,0.13757811,56838,0.00969508705974502,0.5949584165051185,0.005422927549706635,0.005989492288898779,0.03228934207114968
model,213,0.9501608650875869,7.338012169122898,0.48986301072789956,0.49580357123864754,0.2428468890369434,0.9525448,9.497598,0.669496,0.6802452,0.2390646,27582,0.0023839433001694443,2.1595855252740748,0.17963298908518027,0.18444164942251579,0.0037822849929828317
model,212,0.913402276605972,13.595964232710813,0.2457585155678761,0.2650506991122478,0.4444485826071206,0.922102,12.47795,0.25534257,0.26792622,0.3647414,74392,0.008699697881332735,1.1180141365804417,0.009584057359598885,0.0028755170132404584,0.07970716782173548
model,206,0.44867654815515884,15.054962589890273,0.31746763525476995,0.3256668790295447,0.2718408023206027,0.5038399,15.150395,0.34107965,0.3478903,0.26401186,138453,0.05516336187520615,0.09543280348130878,0.02361201705464777,0.02222340860816585,0.007828942426803875
model,216,0.8489089821802316,17.514584841826604,0.3345068874207056,0.3361021923285895,0.1657295464605977,0.89664364,15.457788,0.41100755,0.41481394,0.19530971,3750,0.04773465643060826,2.0567963744193776,0.0765006659182989,0.07871174342809384,0.029580167022259046
model,209,0.9738140076862329,5.667864853983588,0.24198238768897204,0.261042045260543,0.3966920071949463,0.96925884,9.788651,0.29172635,0.30962852,0.3831538,65699,0.004555162833785431,4.120786612386041,0.04974396309532972,0.04858647117508019,0.013538210998962408
model,217,0.3339533144096691,18.82222765599461,0.22097606781098753,0.2295494671510659,0.30829509632745933,0.31246853,18.686245,0.22260462,0.23056856,0.30568507,124660,0.021484785662110484,0.1359826913950002,0.0016285496654757925,0.0010190908266105025,0.002610023190176003
model,218,0.6581560224428192,23.23039373698539,0.49180860141874166,0.49404949436650225,0.2044801622554407,0.6954102,23.035995,0.61984855,0.6221708,0.18806607,58244,0.03725416956996763,0.19439825358695373,0.12803994794725565,0.12812131156458906,0.016414096944008805
model,215,0.47228615619666303,20.00071317992582,0.5736912647812912,0.575474982982412,0.1827870807069135,0.98219115,6.200924,0.6923044,0.7000263,0.18214685,118498,0.5099049892234114,13.799789260248087,0.11861310800618441,0.12455129074500504,0.0006402334588360981
model,219,0.766623447732512,20.989325591572207,0.34006290169424386,0.3433048647076029,0.24424848340912902,0.66224164,24.630816,0.29796034,0.30647868,0.33943483,22477,0.10438181002575542,3.641489914409238,0.04210256071752877,0.036826185527457644,0.09518634892538941
model,214,0.030873854761434987,25.387291234381774,0.2781983572836759,0.2817128667873273,0.17959856526325776,0.022575999,26.11699,0.28480977,0.29009497,0.22421275,39616,0.008297856082631543,0.7296979013604137,0.006611410916244731,0.008382104869471996,0.04461418552924559
model,221,0.1618273430173972,26.117740914352797,0.24002261432670685,0.24651644187424415,0.26247954300347087,0.22036391,28.427147,0.23846011,0.2458106,0.26518774,35316,0.058536571949186045,2.3094059972682963,0.0015625056888970978,0.0007058437392496453,0.0027081973224568623
model,222,0.5403191213536747,18.782872863855523,0.42336996410564026,0.42624747964055193,0.16662581289490613,0.47545728,19.119091,0.3490778,0.35220948,0.17081214,51030,0.06486184047942234,0.3362181700800235,0.07429217313006958,0.07403800102383745,0.004186331980620295
model,227,0.9766725321472007,3.258809211727055,0.5156136423177057,0.6234205420682385,0.5178586115403649,0.39124614,25.54052,0.59793234,0.60088986,0.16352816,2721,0.5854263921439964,22.281710502628414,0.08231869639689393,0.022530680484528776,0.3543304522796151
model,224,0.7054127167557934,18.98388627349904,0.22199117904440954,0.2528276664332303,0.6480556301817572,0.83115256,17.963335,0.24856496,0.2796273,0.6282146,43252,0.12573984157092777,1.0205512362675933,0.026573779527978153,0.026799626915082086,0.01984103247973079
model,225,0.8136435041226266,14.112277096885556,0.25345154994689073,0.270741899505952,0.43324453654812317,0.7710879,11.999344,0.26896265,0.28558514,0.39653227,122611,0.04255561921967255,2.1129332248152437,0.01551110154427443,0.014843235715529313,0.036712269216046145
model,228,0.13963072617687067,31.68713357792409,0.4307917135478049,0.43230226724483867,0.14560344676739376,0.07997736,25.063278,0.37589064,0.37932542,0.18083556,24569,0.059653362828863465,6.623855379681903,0.0549010711432486,0.05297684758045573,0.035232113196786236
model,229,0.04749800828240404,28.541306329433898,0.41805038585738424,0.432777401656143,0.28925527221767866,0.07289079,28.077456,0.38031256,0.3924869,0.29339442,41521,0.025392780034322646,0.46385080880401475,0.03773782386855368,0.040290501564971715,0.0041391443529847916
model,230,0.18640093277566214,24.315681375642317,0.21749412459585768,0.2286910002687947,0.334527675212159,0.13931303,23.992552,0.290519,0.299823,0.2844439,62517,0.047087905512974454,0.3231295720534497,0.07302487450387377,0.07113198585715136,0.050083760321869675
model,220,0.11700869290311422,27.442474248913747,0.3599312726869795,0.41847603376052117,0.4966972852006982,0.33128765,20.73046,0.29129928,0.33917317,0.49903515,22625,0.2142789593509904,6.712015035656911,0.06863198918249341,0.0793028658165667,0.00233786461200014
model,223,0.5197166240681775,22.87312257471354,0.3753697090102758,0.418191677780321,0.43926804315105955,0.9441092,7.9127345,0.2731104,0.30915132,0.4763951,1072,0.4243925773630969,14.960388066199137,0.10225931930080312,0.10904035613076962,0.037127057204088765
model,233,0.20119280671204445,29.079114735895384,0.3134053462068484,0.31504735583673665,0.1699768887370305,0.16406295,30.972347,0.4185848,0.42051584,0.16478589,32688,0.03712985967720864,1.8932325236261,0.10517944759922765,0.10546847944845011,0.005190996965713984
model,234,0.6546466947717088,25.240236710983964,0.3627446450105616,0.36703145169635304,0.28330068611261455,0.4917091,27.438684,0.42513898,0.42835578,0.24036537,91789,0.16293758165067607,2.198447752517012,0.062394335139661194,0.061324331527752796,0.04293531500455944
model,226,0.11768075875251294,22.000147105583615,0.2256831407186542,0.23233551237185213,0.2634278688518439,0.08373386,21.750286,0.23191199,0.23914018,0.2567246,100627,0.033946902074503904,0.24986100328869298,0.006228846347614725,0.00680467036168364,0.006703272828284312
model,232,0.4955938933083301,23.206766904884308,0.2502240273757519,0.2618670711133135,0.3380909500399027,0.29394087,21.852108,0.2483825,0.25417295,0.24930929,91418,0.20165302135436586,1.3546589031753236,0.0018415335221828588,0.007694120130265991,0.08878166356472111
model,238,0.08580258996124676,27.095200116682854,0.26318302788514186,0.27983998161400403,0.44554814540863996,0.14918949,25.68636,0.2929502,0.30875295,0.43659955,78181,0.06338689713840076,1.4088407111652756,0.02976718507033299,0.02891297239219104,0.008948592777261788
model,231,0.8308666912996479,16.562054733179608,0.2610612361151743,0.2696128056749008,0.2981549544047713,0.6362742,20.406773,0.261379,0.2719739,0.33112547,17066,0.19459247274038272,3.844717880345783,0.0003177674096059846,0.0023611022726394704,0.03297051361089948
model,236,0.10407424053713948,19.190580067944477,0.21210523955692834,0.21897258605625103,0.2559190956334402,0.044724163,23.031775,0.21503708,0.22414741,0.28810146,70948,0.05935007786914975,3.841194452929546,0.0029318381084006417,0.0051748231444173065,0.032182368876523815
model,240,0.10987394547067868,23.173952152009758,0.24947245529879472,0.2521933758629614,0.18695761895732443,0.079751275,24.599041,0.22688648,0.22869721,0.17098586,108248,0.03012266999088513,1.4250888330976643,0.022585974252118085,0.023496165312653194,0.01597175634460013
model,237,0.6956638104556454,20.10404963646073,0.3179751533444745,0.3875327643738695,0.4643795212994724,0.5405529,22.52343,0.34466538,0.38059124,0.35471535,28223,0.15511089631303676,2.4193802341447395,0.026690224987663547,0.006941520868391615,0.10966417400943335
model,241,0.94380171007527,10.383872209271523,0.3434804356305028,0.3752247795729553,0.4116239837231888,0.9245767,9.835166,0.29755396,0.32644728,0.38868377,103589,0.019225010341535897,0.5487062317934956,0.045926479121866315,0.04877750131177061,0.022940217596556123
model,235,0.9811348130861441,10.116819501431642,0.20217853873123912,0.2566777559903915,0.7540371082101961,0.91147655,15.363368,0.19837642,0.24767542,0.8043472,13028,0.06965826059972446,5.2465485329311505,0.003802121571204936,0.009002337136631733,0.0503101088727812
model,244,0.9898731763949293,5.767998690320361,0.2150369135884185,0.25127842788203303,0.523429828563931,0.97604,4.076639,0.2797953,0.32368872,0.56989783,16512,0.013833170711030407,1.6913595149053222,0.06475837545119331,0.07241028781430181,0.04646800192236655
model,242,0.8097401504531265,18.257769639749984,0.23440403134384807,0.24824357656941085,0.4104373156438074,0.5976879,22.338085,0.2626575,0.3146407,0.52752966,8463,0.2120522503867508,4.080315534810563,0.02825346200904194,0.06639712424769731,0.11709234124324702
model,239,0.5663594593564517,24.30041005021437,0.733723147272394,0.7401942651468614,0.20672598190356417,0.44862574,26.42577,0.6325838,0.6380062,0.24677007,105157,0.11773371596732207,2.1253597556938324,0.10113935029439713,0.10218805481971294,0.04004408709954099
model,248,0.49082668929508894,23.017506903341317,0.21735377795641778,0.23427343276842405,0.4612854936781361,0.5286346,21.211502,0.22244284,0.25232762,0.56189287,135254,0.0378079184968117,1.8060048281460048,0.0050890576129639375,0.01805418821469973,0.10060737341018178
model,249,0.18595946171828026,24.759550726917897,0.24142680544573442,0.24802368373537897,0.3210206497682045,0.34231502,25.90376,0.25250646,0.2626259,0.3366831,31376,0.1563555564587522,1.1442101831162823,0.011079659274037923,0.014602219155780083,0.01566244473329087
model,243,0.974092351269465,12.265937100477501,0.253017288836937,0.28315310829698176,0.5725088319932289,0.9736238,12.105621,0.29644313,0.31168774,0.4676204,100731,0.0004685390708261128,0.16031576258687608,0.04342584570934288,0.028534629406341605,0.1048884294186897
model,251,0.540020267648923,23.604034029078043,0.29749491090602087,0.29959140161188025,0.19593744141368227,0.503693,22.85769,0.29215786,0.295182,0.21559742,94578,0.03632728306792932,0.7463432179208169,0.0053370522958676725,0.004409411942080443,0.019659979517180154
model,252,0.716413644145251,18.222752332163367,0.22474516126918181,0.2345733508744678,0.3262322760505064,0.8442917,12.085671,0.24455297,0.26482847,0.3846271,54985,0.12787804286646776,6.137080907297644,0.019807808663374338,0.030255122455076278,0.05839482775503557
model,245,0.9651579095669311,10.77939055008688,0.23298175972812513,0.26752345593957255,0.5271578224814336,0.96457726,11.064753,0.20988674,0.22788495,0.4876974,125001,0.0005806519337219207,0.28536202864847127,0.023095015109709294,0.03963850768594096,0.03946042977933095
model,246,0.767479699663316,18.08851666080438,0.17838216321492553,0.20572180600468534,0.5966734645333757,0.81628245,17.2654,0.1774206,0.19805776,0.61438125,99304,0.04880275148948554,0.8231167279430522,0.0009615619661843822,0.007664050176781595,0.01770778918595417
model,247,0.8763573730676413,12.04534099151332,0.3175643617106551,0.3726176274155271,0.503068027898153,0.8557076,14.390379,0.30840245,0.37506026,0.5678094,59368,0.020649787256026286,2.3450379605130465,0.009161912818061724,0.0024426328803408004,0.0647413750445045
model,250,0.5415654243646706,21.455672096566417,0.20748659453944712,0.21726433781801704,0.34130806217399995,0.59944224,22.630375,0.2234351,0.23458858,0.3840917,43095,0.057876819211379216,1.1747028118808487,0.015948509353832907,0.017324240525374374,0.0427836429098471
model,255,0.5568018620773441,22.814482279894314,0.33458789718846,0.34833268063932105,0.38532278214505544,0.7083659,18.70371,0.24550048,0.26725075,0.51385146,48132,0.1515640551284665,4.11077172386404,0.08908742202023184,0.08108193415074988,0.1285286816496528
model,254,0.7991899032904703,17.9528089095491,0.5554504217452612,0.5644893226769148,0.26514353765151777,0.7968547,18.645573,0.49175027,0.4992052,0.25957227,14240,0.0023352284743387575,0.6927637528044173,0.06370015161701104,0.06528412081267221,0.005571270119169136
model,253,0.6463283288105978,18.633092017359527,0.25185585930265614,0.26206139593260985,0.42427053685130006,0.72779435,16.673859,0.25857168,0.26630026,0.3865754,13421,0.08146602038297523,1.9592333747814017,0.006715825057848013,0.004238865088050547,0.037695136021984876
model,260,0.6661165817114483,26.060492559450285,0.36733457964001975,0.370835055469187,0.2147142874688584,0.5971405,24.50838,0.32135475,0.32503062,0.2820252,38779,0.06897609070268973,1.552111669557707,0.04597983282147727,0.045804430602701396,0.06731090073876794
model,258,0.9397506545336124,11.53681332827962,0.33153084649496356,0.35025766791804513,0.5106672371207244,0.9824236,9.724348,0.21044233,0.23029381,0.51846653,33477,0.04267294900108609,1.8124652600423161,0.12108851208143512,0.1199638575504609,0.007799295109652826
model,257,0.6787134645919344,22.969217565952327,0.28069644098710517,0.2846439902712712,0.2505931178456526,0.5782253,22.619211,0.30117878,0.30450645,0.2280414,36940,0.1004881499747774,0.35000636905291316,0.0204823421912243,0.019862460620223565,0.02255172230064678
model,256,0.9080312871198637,14.754385443549204,0.2055427619837538,0.2270579496312687,0.5930113476991904,0.9134295,13.021815,0.21295598,0.23470072,0.5485922,57668,0.005398211552621657,1.7325701435614107,0.007413219509242425,0.007642774851267603,0.04441913788321139
model,259,0.9379100582833612,12.37719610271597,0.19579122378671512,0.2214299898928885,0.5739029346384223,0.9172222,11.376332,0.21989527,0.29873827,0.8243051,52426,0.020687856459172926,1.000863819695951,0.02410404966032162,0.07730828110511259,0.2504021824918572
model,264,0.04541326923107748,25.527292006302456,0.37245869348751287,0.3817114950565831,0.23742630564847428,0.052459534,28.339094,0.3252173,0.33479056,0.25707704,39532,0.007046265026572893,2.8118021556848483,0.04724138687359075,0.04692093743367354,0.019650732639642177
model,262,0.042877225703881465,28.43891153945596,0.8516627219431486,0.8538443213394116,0.13647524724713744,0.020702537,28.997772,0.7701232,0.7711211,0.13712277,24873,0.022174688554690562,0.5588606773409133,0.08153953821588422,0.08272323664931758,0.0006475179363113481
model,261,0.8812600275538313,17.14075022732873,0.21744525759196104,0.24601490476178522,0.5850390908494107,0.8585684,14.2007885,0.25513637,0.29645187,0.52818686,91841,0.02269165721157662,2.939961729403926,0.03769111306691347,0.05043696186495428,0.05685223314906285
model,268,0.693958665681702,15.392449999468347,0.2729084504039751,0.2852763199768913,0.3692069495719282,0.6832746,17.090548,0.26792148,0.2834196,0.40337574,8665,0.010684038949829389,1.6980975621771606,0.0049869728477464625,0.0018567109070670718,0.034168795247712935
model,263,0.8133936570108876,16.31042175952804,0.3628979074995168,0.37529142142862315,0.33918974849204186,0.8966085,12.671608,0.39034554,0.4013261,0.36303815,51934,0.08321481485953475,3.638813788336634,0.0274476361234538,0.026034668668804217,0.023848403964241705
model,266,0.23888893702260275,24.072770725323696,0.418567044551318,0.421476287850549,0.186061641754474,0.29948872,24.913795,0.44163948,0.4461289,0.2384472,50183,0.060599786255442906,0.8410247458677098,0.023072438423688113,0.0246526169689395,0.05238556247774187
model,265,0.8173507717299755,16.79121906187339,0.26555158916897015,0.2704670966803116,0.2770581786925905,0.87256724,11.510583,0.26516834,0.28399855,0.28436866,31062,0.05521646469351693,5.2806361379842315,0.00038325015491680325,0.013531452304215985,0.007310485333669903
model,267,0.30316238681894697,29.512338417471607,0.24804158927986217,0.25051594827676077,0.17187506502301328,0.7044345,22.294357,0.26164585,0.26541677,0.22317527,36167,0.40127212722676836,7.21798111766692,0.01360426423957753,0.014900822896716404,0.05130020732252963
model,270,0.9897719824423202,5.478018386079121,0.21258558496916108,0.22988365745918476,0.43087755227291463,0.9905427,8.425476,0.24991564,0.26711765,0.4856078,35307,0.0007707273851028651,2.947457688139629,0.03733005955732055,0.037233991857602955,0.05473025059497477
model,272,0.2605931072395571,24.48211515230021,0.21609801025185257,0.22802961402455932,0.38903115976898023,0.34110647,26.640862,0.27078304,0.32109302,0.48733088,22106,0.08051336716000956,2.1587463589302587,0.05468502669539779,0.09306340879877442,0.09829972397239856
model,273,0.29560081696720636,28.649077010901188,0.4450862414364522,0.4458464312024093,0.12447619495977809,0.4112961,26.475035,0.37116262,0.3724164,0.13212761,4726,0.11569528245715582,2.1740422971560704,0.07392361826941424,0.073430024332521,0.007651417869430285
model,275,0.5669497034078652,21.48096809424354,0.20960879981564567,0.22080688907225796,0.3513534370987764,0.50767136,22.754032,0.21536247,0.23122686,0.39781028,75375,0.05927834720669334,1.2730640407662257,0.005753674506673356,0.010419972404640238,0.04645684322425214
model,269,0.224944261395756,21.391303213265463,0.20088631748605268,0.22530479477184512,0.4437777623492258,0.17031556,21.382309,0.22443794,0.25195977,0.3877402,76263,0.054628697717014535,0.008994253304525301,0.023551619654412104,0.026654976146047338,0.05603756755170991
model,274,0.9950075516620893,4.163522605466291,0.23542375648833744,0.27515201071368767,0.6255257842110018,0.98767126,4.3296614,0.2382341,0.27962372,0.5912923,40472,0.0073362955967206656,0.16613876385743964,0.002810346237645228,0.0044717063559381875,0.03423346252902548
model,271,0.9420615870364134,13.853131047328326,0.18143925494844396,0.19649149233958688,0.4952399387457522,0.9666776,11.373203,0.18051122,0.19229783,0.42983165,3600,0.024616019069391037,2.479927769740435,0.0009280336588092519,0.004193661161875389,0.06540828491236289
model,277,0.6979350476679962,18.899802056586136,0.20587241504295126,0.21606512717937756,0.37311916155473884,0.7035127,19.36888,0.22432528,0.23307046,0.37396392,63301,0.005577680546267727,0.4690772616511687,0.018452869318888038,0.01700533576274585,0.0008447607074529295
model,279,0.9035333269125948,19.63336192428914,0.40210413010913265,0.40525307504771607,0.251708255169001,0.87947303,20.354042,0.41001642,0.41278175,0.20789205,113564,0.024060296345425614,0.7206801289335161,0.007912287394224282,0.0075286701476727225,0.04381620979031603
model,280,0.3589451848044285,28.00331544847037,0.4965383408931714,0.49900703731404705,0.18837908095638797,0.053582173,27.387335,0.38918698,0.3955653,0.2267816,81275,0.30536301196359483,0.6159806248619724,0.10735136255302247,0.10344173613416119,0.03840252571780636
model,282,0.11684243227716315,27.3302263542748,0.7224683928467068,0.7237626531522278,0.13697972860190447,0.098473705,27.787012,0.7885107,0.7911142,0.14258045,10154,0.018368726925810458,0.45678574594492716,0.0660422873519626,0.06735155793023073,0.0056007209792417745
model,281,0.9896332650682209,6.440070803147229,0.2576910201706729,0.28093391912304544,0.546761706773794,0.9785827,6.7831244,0.31473753,0.3415968,0.48362392,33040,0.011050584842848599,0.34305364372166736,0.05704650839187286,0.06066289288676596,0.06313778490260868
model,284,0.9793865645839722,3.65670419286419,0.5842959423740054,0.5922605167285974,0.1641928376935659,0.94863003,3.9497595,0.38458106,0.39139143,0.23233356,64595,0.030756529660418752,0.29305529047321244,0.1997148831565524,0.200869090403753,0.06814071812403816
model,283,0.9198181254009712,3.9033427178871207,0.27269596329517826,0.2838602919403036,0.284843350837526,0.9169395,4.2195415,0.29325196,0.32434544,0.4232211,28013,0.0028786284069526324,0.31619883179549646,0.020555998174472012,0.04048514773216649,0.13837776046008143
model,276,0.8901152329899188,6.1896196538124855,0.24676748890290698,0.2796639535096385,0.4225882287449804,0.87499845,7.6722603,0.26142305,0.29634565,0.42765832,72147,0.015116782710682952,1.4826406306113427,0.014655562454362309,0.016681697640111237,0.005070090728286181
model,278,0.7874725647698032,18.827350710082325,0.23729677174514577,0.24529507555660093,0.4130986514953264,0.3403389,24.13241,0.24628319,0.26130217,0.47656867,54225,0.44713367898565404,5.305059339356152,0.008986416717111617,0.01600709758106386,0.06347001758540788
model,286,0.14611490594144286,27.36242906768201,0.3835274626712753,0.3900696155536285,0.2310107141055457,0.13756576,25.181318,0.28689077,0.29042092,0.19157448,76265,0.008549144136862169,2.181110784600957,0.09663668770598904,0.09964869589687497,0.03943622999566715
model,285,0.6674640021299986,19.990832721905008,0.3235546344379507,0.32638686290147245,0.21043088488225833,0.5383165,25.504929,0.25300983,0.25603256,0.21325514,101396,0.12914751386400736,5.51409586696218,0.07054480849305017,0.07035430660607755,0.002824252322865567
model,289,0.3391095267336643,20.20805265488815,0.29653269089375167,0.29796268099456547,0.14302947076093886,0.37279156,19.20243,0.28224108,0.28331393,0.1267166,103445,0.033682031770440324,1.0056219297904931,0.014291614662748864,0.014648750959928014,0.016312871892568803
model,291,0.5003866737733734,23.4301080011772,0.22971838373552259,0.2330597513389552,0.2359074664183366,0.44090167,25.284513,0.25462192,0.25806665,0.22859465,46257,0.059485006893719494,1.8544054723335428,0.02490353923429553,0.02500690286636706,0.007312820560525624
model,288,0.8222689274321201,11.783834142983565,0.22561574637960713,0.2325521918618731,0.26296096203910097,0.8090895,9.103118,0.27225062,0.28069246,0.251169,137408,0.013179445601523176,2.6807162001735065,0.046634876131302905,0.048140266290897904,0.011791965943443616
model,290,0.9574852337261074,16.052242846412113,0.3910276040884558,0.3943434430474444,0.23714576286872793,0.9592784,12.128454,0.34557536,0.3493677,0.22845373,92865,0.0017931709865696144,3.92378863803809,0.04545224164453188,0.04497573507968622,0.008692037292327176
model,293,0.9079557714770301,17.098703138611,0.40229173950752817,0.48398877186145284,0.6678748842319339,0.6343021,22.703932,0.38604996,0.50838137,0.7699292,54336,0.2736536917994483,5.605228669860679,0.016241783424230438,0.02439259486828349,0.10205428637658664
model,295,0.16435598627597697,22.493191483877155,0.2454537359566343,0.2503132660953623,0.2045869321449521,0.20137583,22.813358,0.2420166,0.24741398,0.25468296,172,0.03701984091728322,0.3201668230076109,0.0034371373743665445,0.0028992881147485994,0.05009602598111601
model,296,0.9918952318223064,5.285696847191161,0.2273207976840479,0.25288379180234816,0.5414367907379546,0.9812167,4.9363704,0.24906309,0.28835976,0.54516137,123016,0.010678503135020057,0.3493264744189446,0.021742291805888936,0.03547596943574999,0.003724575724752932
model,287,0.9809533083305375,9.340528632666981,0.18274917554916947,0.19961390607252322,0.4872822184219711,0.9724585,11.131249,0.19539723,0.21733171,0.51052403,75669,0.008494826541902256,1.7907207951284292,0.012648052453378744,0.017717801405046363,0.023241816078150956
model,297,0.8507397500719434,20.487999201501438,0.5708878966771161,0.5745194287427313,0.26337506418370576,0.6875048,23.04109,0.56519747,0.5686443,0.22414039,41918,0.16323492209571655,2.5530908100952416,0.005690428873161069,0.005875143540704952,0.03923467342995973
model,292,0.9380221071313428,14.368483257939523,0.23968966133936093,0.24611859123396396,0.3572025051171067,0.95820147,10.146467,0.23355508,0.24389672,0.41561747,41425,0.020179360859532425,4.222016049077219,0.0061345828328912,0.0022218684403848554,0.058414960855793674
model,299,0.11881701923562513,29.341727889317625,0.330991167815415,0.3331476447936463,0.19451169266066487,0.10203388,26.510551,0.33324665,0.33710477,0.1958459,83289,0.01678313590241895,2.831176436680906,0.002255480496200002,0.003957122767312582,0.0013342093054301007
model,294,0.7740952132430353,10.72475649562184,0.25062234221716384,0.2554386056384619,0.22132791080564085,0.83460915,15.194866,0.2382669,0.24308197,0.25055584,68603,0.060513937643500326,4.470109684798082,0.012355442035393516,0.012356633635478786,0.029227932309212057
model,298,0.9716771390022417,10.629484562992985,0.19487788711751458,0.20797613313332122,0.45742783427075356,0.961938,11.166701,0.29986548,0.3183474,0.4789732,116501,0.009739115435042023,0.5372167538405108,0.10498759712015632,0.11037126133307892,0.02154537558718711
model,302,0.3096959772276477,26.765586689119505,0.24708832936657152,0.2517216516221617,0.26273886065826857,0.5867815,19.040152,0.26382,0.2698244,0.2739238,118308,0.27708552454237184,7.725435093050169,0.016731663175695327,0.01810273402084367,0.011184953638453843
model,303,0.18504834374135887,22.44837242521218,0.4501900369482566,0.45136009068044797,0.11960333052726495,0.14542727,24.447695,0.36044312,0.36110398,0.09438489,39536,0.039621072017611614,1.9993223532302018,0.0897469217138816,0.09025610894712582,0.025218444202859278
model,300,0.10835571680270496,23.589000953061337,0.22684792839675894,0.24869977718756975,0.5024636771515415,0.490944,23.12739,0.25164253,0.3019152,0.6454462,81192,0.38258828129566846,0.46161104522442287,0.024794596799316504,0.05321542137695967,0.14298250414576075
model,307,0.6000633907765816,21.55759302129424,0.20965456834688756,0.21432863111921466,0.2182387581801897,0.9102682,8.709953,0.25203067,0.26211572,0.29503158,33698,0.31020479674630663,12.847639713188773,0.04237610229596522,0.047787085814989444,0.0767928191685194
model,301,0.9011794488199646,13.853282724201513,0.3011714993329508,0.3563300813527063,0.5519337653500975,0.923299,14.699223,0.30026478,0.3555695,0.6123233,98843,0.022119565748364267,0.8459398404957525,0.000906723579929547,0.000760569700713476,0.060389518799072395
model,305,0.11450007695838825,25.847499425047243,0.29025252006511476,0.32674312702193314,0.5565183862878541,0.3854943,21.239113,0.25528932,0.28744483,0.48869804,73046,0.2709942148239909,4.6083865710433365,0.0349632038877466,0.039298297081137246,0.06782035080926219
model,308,0.4763021196450871,22.693534643762657,0.2096609025854778,0.23632845381158227,0.5952620972551436,0.4348035,21.646608,0.211076,0.29017657,0.8920513,39362,0.04149863377472579,1.0469262911015242,0.0014151037078190265,0.05384811660391456,0.29678918228968676
model,309,0.9810150916253323,8.301322710322374,0.1970156492385919,0.20765416513857599,0.4484960902185061,0.9647048,7.9841905,0.19930682,0.20805982,0.37749887,71514,0.016310280052303727,0.31713224630259873,0.0022911666240637285,0.00040565241399054264,0.07099722509094264
model,312,0.931550375613633,10.412242593252778,0.4080729767628861,0.4128064954283014,0.1942653108835639,0.92470616,8.289946,0.41474327,0.4221024,0.2142116,36270,0.0068442145914466845,2.1222969908357854,0.006670297687416005,0.009295896291516725,0.019946287155109488
model,306,0.9335511686756661,3.172803497609074,0.3018633763459272,0.32656790157512783,0.373257549232165,0.9186843,2.886876,0.279381,0.3340104,0.44246468,92435,0.014866864915137556,0.28592739134686695,0.02248236938982673,0.00744249085231663,0.06920713024743402
model,311,0.24084969262001063,20.872190173729727,0.21164319811285803,0.2241120463852674,0.4463498873541223,0.25995806,18.83032,0.21972083,0.24762735,0.5050828,131305,0.01910836597564672,2.04186981545336,0.008077627440082336,0.023515301322481003,0.05873289872909915
model,313,0.5589055295741956,25.509179069900615,0.31341518609127345,0.31622233076927053,0.222043506292829,0.66858584,24.711943,0.30780885,0.31068867,0.20432056,126305,0.10968030731316403,0.7972363971711225,0.005606339855998177,0.005533656319349878,0.017722941426763034
model,314,0.6492801593293017,21.742611814746095,0.4941779802036163,0.509187281838685,0.4189314994710695,0.657395,22.130531,0.5336939,0.5518591,0.41703588,19407,0.008114845896833534,0.3879194962890615,0.03951592944146426,0.04267179895278839,0.0018956217664491404
model,304,0.9398117542060622,10.775004227921364,0.2526342955053871,0.2640015428539638,0.41917251209248635,0.90485644,12.909215,0.2646462,0.2729385,0.37923038,14631,0.034955310800910855,2.1342107455283426,0.012011906820433849,0.008936947059976608,0.039942132034197775
model,315,0.3349637408893998,28.433758081989986,0.5400884168768764,0.5421496356003899,0.20393545091335655,0.23976566,25.276556,0.44294608,0.4741078,0.37475488,57889,0.09519808191475226,3.157202066975337,0.09714234048374892,0.06804183368617478,0.17081942498500466
model,316,0.46600641309342833,27.100658859766593,0.6005628344846806,0.6024855848886052,0.1482746769418475,0.23105118,28.889288,0.557855,0.5610712,0.16851021,106156,0.2349552363070056,1.7886290888418053,0.04270782445202681,0.04141436782851604,0.02023553655245333
model,317,0.71540338443421,21.226310713110564,0.23251531628032618,0.23762192820702815,0.29820979312231694,0.45700952,24.155535,0.26423794,0.2692116,0.28750113,125247,0.25839386032723066,2.929224031152131,0.031722624031105706,0.031589662083041425,0.01070866659453068
model,310,0.41059385518260494,26.640945593236147,0.3924485263460033,0.3942668013558614,0.13936116800007428,0.30567494,27.366968,0.5179925,0.51924,0.13638976,117528,0.10491891483493343,0.7260225616710798,0.12554397014447521,0.12497322034976605,0.00297140583691205
model,320,0.6565751416070357,24.615566157351644,0.3153805003654985,0.3182919849809853,0.21938867246206392,0.32275113,28.142456,0.28867918,0.29126674,0.22427547,43454,0.33382400697301773,3.526889897335856,0.02670131783604901,0.0270252456125466,0.00488679731790434
model,319,0.8692350257048063,18.756998475337486,0.2718519742245943,0.2987864523048669,0.4862857782928983,0.89365727,16.786804,0.32529032,0.3571512,0.44236517,6400,0.024422241388852184,1.970194276118736,0.05343834807917769,0.05836475800320806,0.043920608767751834
model,322,0.9554456343520581,13.260040000239577,0.17677394378343314,0.23207736020426015,1.0123312368149004,0.94564897,13.800077,0.1814734,0.2639116,1.0787532,134431,0.009796666132301013,0.5400374381149149,0.004699460385649501,0.031834244677026474,0.06642199614103217
model,321,0.903836207783775,10.355852611860072,0.43039722667825797,0.4361285064639953,0.21251670497333125,0.9050683,11.274244,0.3446026,0.34796268,0.1711779,24302,0.001232070528908058,0.9183916966116072,0.0857946120370684,0.08816582898520503,0.04133881109630183
model,323,0.8448783060128411,15.156707842056107,0.209345150293277,0.22050165607309705,0.37571725357211083,0.8050401,14.9229355,0.22444968,0.23672551,0.36564004,89991,0.039838184934349874,0.2337723562162637,0.015104528962208541,0.016223853093620483,0.010077209359769523
model,325,0.21278760571203503,25.98047066739223,0.6514795745421428,0.6531295587849973,0.14456397339570604,0.30077958,25.690079,0.5367874,0.5396353,0.13487516,8442,0.08799197535791126,0.2903919320406665,0.11469218383321944,0.11349425814870584,0.009688809959770062
model,326,0.7824431241108516,18.932575629406305,0.28526245824803675,0.29612252641883435,0.35919400242502086,0.7691884,18.937822,0.26469985,0.2769085,0.3884387,88077,0.013254720027599642,0.005246712512640528,0.02056261174191798,0.019214039337306643,0.029244699204617808
model,329,0.3004763726987951,25.273383928583435,0.3612204302648702,0.366919552821234,0.2612003345940494,0.41259184,27.475092,0.44638544,0.45441663,0.2732255,137267,0.11211547209833927,2.2017080056206666,0.08516501294573159,0.08749707983104871,0.012025151684484536
model,324,0.22713814195713816,28.753469676795028,0.5787314165803137,0.5795634689053019,0.11240701004865257,0.6402763,23.677908,0.4627116,0.46429175,0.15736014,58068,0.4131381708709258,5.075561733069442,0.11601981413089657,0.11527171752056675,0.04495312646028908
model,318,0.598140074852775,20.90764740826878,0.206022268519521,0.22036303121424095,0.4231945811293675,0.7394128,17.904608,0.23486462,0.25301483,0.3827207,92795,0.14127270972364103,3.003039635441631,0.028842353834986456,0.0326518015208207,0.04047387228232158
model,328,0.7425955935483989,17.24697364074359,0.3178880076116947,0.33043871730348956,0.349863629510808,0.9191997,13.772166,0.4102315,0.42607796,0.3466368,104320,0.1766041115755025,3.47480738860736,0.09234349325233421,0.09563924461820233,0.00322682755272391
model,330,0.9725426211521632,10.734775575894652,0.21622579414198448,0.24427145542146836,0.6470123206506553,0.9717661,12.911549,0.22539449,0.24735048,0.52861905,4810,0.0007765069172388506,2.176773038607301,0.009168693238996967,0.003079028711298365,0.11839326967104102
model,331,0.5383115016733522,22.215488366249925,0.26911454211574365,0.2782964435204122,0.25829426359664304,0.8560561,15.76437,0.29652497,0.30799785,0.25539446,110343,0.3177445924962645,6.451118401650316,0.02741042960781287,0.029701409043445814,0.0028998048258910836
model,327,0.9717060849412616,7.453282464869183,0.2607909014975218,0.2823155412920634,0.37339850030595373,0.732066,14.123938,0.24891457,0.26345873,0.29674077,107582,0.2396401092752155,6.6706551419423405,0.011876331881204072,0.018856812501780174,0.07665772996598791
model,332,0.9107102850752551,14.745441552882234,0.20812822471078715,0.21263449028888617,0.2553742489169013,0.93799037,11.271418,0.24299385,0.24889544,0.28999135,49176,0.02728008233731205,3.4740239350843822,0.034865621824895526,0.036260946236458674,0.034617100064956
model,335,0.9801854635256848,6.499946301766229,0.2052258268158732,0.21412758209336638,0.3193672429168527,0.97456056,8.709268,0.19734758,0.2071362,0.3424488,121837,0.005624904729755853,2.2093213145057433,0.00787824542930704,0.006991383215078112,0.023081557885378134
model,337,0.8093690679479091,14.70412095936635,0.4581100777670129,0.4620893867917119,0.2067263051276672,0.5943585,22.772343,0.3816662,0.38638133,0.21377258,60972,0.21501056412939712,8.068221722518416,0.07644386449301083,0.0757080586857854,0.007046274899913052
model,338,0.5471239833092716,25.03558822424754,0.43898386412752916,0.44062889822676476,0.12662552198576568,0.36463356,27.009958,0.31489873,0.3163603,0.15160444,75095,0.18249042312860753,1.9743700429643738,0.12408513480318833,0.12426860340788659,0.02497892180276276
model,340,0.8748682478683225,6.29073785947412,0.329535694127431,0.3370911076435625,0.2851650598744431,0.85701734,8.216132,0.2765919,0.28981075,0.31186992,63652,0.01785090959241309,1.9253943045273445,0.05294379711662778,0.047280360735374616,0.026704859425636218
model,336,0.028882197566111992,24.86438658369516,0.8027167086403414,0.8031776919217132,0.08092372118407144,0.027540525,24.195015,0.702881,0.70330316,0.07366444,30030,0.0013416721446117864,0.6693716300818799,0.09983573005605184,0.09987453363847953,0.007259279479321382
model,333,0.8265785975781961,16.97158770431659,0.23044803917237008,0.24883669361261762,0.47670361302148634,0.8681791,18.227242,0.22086164,0.24349432,0.50858754,41159,0.041600485292287326,1.2556538117966909,0.009586395619589932,0.005342376677078375,0.031883926174528066
model,341,0.8951444678385896,18.7828725438516,0.26313220298840484,0.2671751118780428,0.24477184697770532,0.9050151,18.699442,0.42024383,0.42450008,0.24924581,80826,0.009870643130953871,0.08343063406156048,0.15711162650034943,0.15732496608483254,0.004473960550790468
model,334,0.22512344955298577,30.64446864024682,0.20560267378886088,0.20944134686873128,0.17822304456748966,0.330599,23.561222,0.23971626,0.24284868,0.21254627,10270,0.10547556043770637,7.083246563830805,0.03411358783642904,0.03340733255460093,0.03432322949848171
model,339,0.3498259035102279,22.06978496557629,0.2124114230486863,0.2160890282620596,0.23364126010252728,0.74119526,15.460986,0.2534969,0.25991252,0.26770148,5749,0.39136935796819616,6.608798828186153,0.041085462250996324,0.04382349238498934,0.03406021670983539
model,342,0.643061276102911,23.376009406875546,0.31456964023795236,0.3319284639099104,0.3698336169599215,0.8546216,17.806498,0.29050747,0.30768958,0.33445007,1331,0.2115603130808964,5.569511833023007,0.024062174636984957,0.024238886568830664,0.03538355087029138
model,346,0.9106750417006995,17.269406512103863,0.3848079282896507,0.3894878493664007,0.2469822892669129,0.7752736,19.406694,0.4986808,0.50538456,0.24310313,46005,0.13540142061839355,2.137287900127582,0.11387287190985795,0.11589671503331855,0.0038791576150345453
model,345,0.3839572185552356,22.93607052361395,0.20010453490774732,0.23006390047557737,0.5159678419254893,0.30130863,25.175379,0.19328962,0.2053981,0.4114699,32015,0.08264858665826297,2.239308275824527,0.006814912243295723,0.02466580284126188,0.10449793535696206
model,347,0.5820049915083839,16.00754543443317,0.21721261142511658,0.22216499997675856,0.28548480306593627,0.58710676,21.892153,0.21306601,0.22027192,0.3254593,74040,0.00510177280817492,5.884607351821714,0.004146599757864994,0.0018930847793861283,0.03997449840577394
model,343,0.9249014098990285,13.512439786356026,0.2021563280253372,0.21998185394700348,0.4630355691045273,0.7034151,19.68113,0.33106682,0.38792288,0.6058313,92981,0.22148631409290664,6.16868966921038,0.1289104890198746,0.16794102908674896,0.1427957559496414
model,344,0.3890693017795998,27.299913441530766,0.26019709734577107,0.26457999966935036,0.2751399639276937,0.50458926,23.130035,0.25564048,0.2622711,0.291332,25673,0.1155199578448814,4.169878041140141,0.004556620403708689,0.002308893426216818,0.016192042526774086
model,350,0.805543288893477,18.21094841893579,0.23398338752103967,0.23635457565165455,0.20346419644415492,0.9066476,9.459951,0.24396086,0.25258455,0.28588873,10853,0.10110433369181959,8.750997018178953,0.009977469870317751,0.016229971152773554,0.08242453503548985
model,351,0.40995984227079707,25.896188101137117,0.2132656712155743,0.21968021317700684,0.20924065882762508,0.6695798,21.5644,0.2356383,0.23902915,0.1832147,29405,0.25961996167283696,4.331788381898836,0.022372634329278912,0.01934894100447357,0.026025964566074172
model,353,0.3891696950129179,25.844995964403232,0.5355623505103462,0.5372122524641988,0.14536229977418766,0.508977,24.81757,0.57029223,0.57133555,0.1462439,76415,0.11980730093205888,1.0274262317372163,0.03472988391043019,0.03412330165872601,0.0008816002864660277
model,348,0.15091340090836614,29.4132471984667,0.3754669832797531,0.37724568329038116,0.1401865583831806,0.5409324,21.753227,0.38500348,0.38675088,0.1553964,50131,0.3900190160075274,7.6600199645799805,0.00953649405522311,0.009505193613152774,0.015209843498991044
model,354,0.8270279844501547,21.017923605259888,0.2861517396627698,0.29302540504600444,0.3427024990474492,0.69928706,21.260862,0.23150632,0.2393943,0.3283905,136889,0.1277409275272421,0.24293874520397907,0.05464542180884219,0.053631097909468795,0.014311990157297227
model,352,0.5537762804726396,20.76478096258218,0.770001961278233,0.7814900107500162,0.26262468931689503,0.4784927,20.775179,0.68206495,0.69098955,0.2314612,83794,0.07528357345855574,0.0103979467195785,0.08793701081207694,0.09050045682164098,0.03116349217906239
model,349,0.8699994732620656,6.062568272762924,0.3155197212661341,0.3212753568742878,0.2156489112935392,0.93265074,7.4492674,0.30763975,0.31141207,0.2108651,52836,0.06265127165294293,1.3866991146272127,0.007879973408086605,0.009863290653050638,0.004783816035780097
model,357,0.7659502779672901,23.852143801128673,0.30513819250028296,0.3102375154658687,0.2448240155137729,0.86240333,16.007492,0.36390293,0.36720103,0.22759818,86257,0.09645305521981318,7.844651735698985,0.05876473394472437,0.05696351478849532,0.017225840107316898
model,356,0.46996988130194833,25.57524106974726,0.26077081849290185,0.26588037916853474,0.2177063926705224,0.27781293,27.503887,0.23664585,0.2400437,0.18906361,76996,0.19215695334059885,1.9286461067664114,0.024124970933926626,0.025836679427171216,0.028642784024129564
model,361,0.9862270897059733,8.487281766313586,0.17185242271390366,0.20984851879406885,0.6886639786470033,0.98255837,7.8438067,0.18648213,0.24216722,0.7846514,120835,0.0036687200694376365,0.64347502269176,0.014629708767266991,0.03231870072554632,0.09598742001174909
model,355,0.8484027241223657,13.569746762590071,0.19879581436591012,0.21543814553331633,0.4496005880542262,0.82905596,15.367041,0.20931473,0.22283678,0.45504782,39837,0.0193467591756189,1.797293871565202,0.01051891937775748,0.007398632034547131,0.0054472279839055116
model,360,0.16695075565940873,21.246876461135066,0.3523758666786892,0.3546988203209261,0.16080442678921592,0.5793359,17.706892,0.2956425,0.2972913,0.1402211,22583,0.4123851723038481,3.5399844475852618,0.056733371523354725,0.05740751167949237,0.020583322763375156
model,359,0.5222328525105996,21.734864468508277,0.21148620880732538,0.23618606498078423,0.5438128436073221,0.44597816,22.952667,0.237915,0.25834075,0.5683225,105897,0.07625468783774803,1.2178027678198475,0.026428785551691036,0.022154681183537667,0.02450963611756196
model,358,0.6791980025029293,19.252573589914757,0.24440365128480496,0.24918526828514526,0.24391144539443338,0.6073094,22.492666,0.24542265,0.248188,0.22020233,61418,0.07188860146762044,3.240092654592079,0.0010189951185077262,0.000997264387478325,0.02370911861983621
model,364,0.9713626177622452,4.154352065310377,0.2719914925300006,0.2927532602981801,0.368755585783395,0.9755411,2.7574332,0.2956459,0.34374234,0.49602807,108455,0.004178497044883711,1.3969188892697275,0.02365440009008607,0.050989080504966255,0.1272724798980625
model,366,0.9060163072774301,15.132629645029631,0.2999659433667854,0.3118799176689937,0.41597589113499134,0.93529975,12.992382,0.24704927,0.25915724,0.42993608,108201,0.02928344686533113,2.1402475954690843,0.052916671306391105,0.05272267727821611,0.013960190036044429
model,362,0.49122690173429245,21.106026686351598,0.7153174762504378,0.7165662474672772,0.11543923323787283,0.46006468,21.037758,0.65144384,0.65235484,0.09922745,56385,0.031162222350060886,0.06826881281644148,0.06387363717725669,0.06421141100334893,0.016211782449851747
model,365,0.7644490468866796,21.869934911776152,0.550368604912428,0.5516339961421518,0.14571365994172014,0.8077846,20.378887,0.5749483,0.57677805,0.14658864,16621,0.04333557006049449,1.4910477352624802,0.024579705939622776,0.025144058095213917,0.0008749784831532104
model,369,0.8061354352034495,19.911898748907685,0.3176976933721485,0.32049324419117414,0.21389718232802443,0.8571819,12.492165,0.31600344,0.32022804,0.21154135,130214,0.05104647149668473,7.419734137091279,0.0016942515615405718,0.00026520397282087105,0.00235582767180495
model,367,0.8990648058056375,16.15797957345862,0.2502931447326316,0.2699850120998817,0.3696777469518225,0.92506063,13.249135,0.25135317,0.26898745,0.38612136,133681,0.025995824039028004,2.908844556063599,0.0010600297153817162,0.000997565076489959,0.016443615495916164
model,371,0.2632421548625064,28.291245713601118,0.28486810828899584,0.29283639945507983,0.28324582122385183,0.2407927,26.25108,0.3181193,0.32604605,0.24647482,8272,0.022449448253734128,2.040166154274946,0.03325117920184889,0.03320965013979932,0.03677100382864157
model,370,0.9413476522078652,15.528452677820724,0.24361113304503318,0.24918873036075304,0.3423879118830383,0.9339273,17.456198,0.42965928,0.43965527,0.32727706,106179,0.007420354615702118,1.9277450608267372,0.18604814415566567,0.1904665437920027,0.015110847559613005
model,368,0.7495949454357319,18.86580165173747,0.28381646384576,0.29175951135550465,0.34762862732995015,0.6203297,18.492188,0.28353617,0.2937061,0.35993224,11630,0.12926526737710764,0.3736141517374705,0.00028029789307748576,0.001946577902689317,0.01230361649405498
model,363,0.9885433641885782,5.742925905704453,0.3087409196083381,0.32402246104548105,0.3349745308809898,0.9875173,8.657264,0.34454933,0.35175616,0.30301982,48010,0.0010260669206644257,2.9143378500938866,0.03580840848042227,0.027733694445394197,0.03195470923716043
model,375,0.40492111370917394,24.63622095626026,0.23860352151643077,0.24177832643065417,0.20018969503925532,0.59236413,23.570591,0.21439296,0.21860562,0.21576987,8588,0.18744301869515345,1.0656299833598695,0.02421056144486705,0.023172703781461357,0.015580177030103504
model,372,0.6104230399887532,25.262859284467336,0.41825606734223286,0.42296599776365995,0.18240792039866252,0.8176798,19.57138,0.3682184,0.3701209,0.20028445,133477,0.20725678245616252,5.691478669232961,0.050037675208520094,0.05284508497336149,0.017876530847599076
model,376,0.9412181623920214,15.728650152296495,0.29127604483665803,0.30090345940101787,0.37481206903495207,0.9458337,11.176071,0.27157214,0.28455418,0.38199484,58924,0.004615520621894631,4.552578985304308,0.01970390199722627,0.01634927591789409,0.007182774448019125
model,379,0.5391625900182303,23.518514551220512,0.2878282213851218,0.29205535971691116,0.28045970319029556,0.6601562,17.456558,0.30393577,0.3102106,0.3070319,60645,0.12099360037712492,6.06195632368145,0.016107544834970955,0.01815522587726609,0.02657219650033249
model,373,0.982775455381921,7.676490923693422,0.21828275217073773,0.25389231287183306,0.6691915045864437,0.987361,7.2971435,0.21352538,0.24780773,0.5999285,126941,0.004585558507391729,0.3793474643733532,0.004757367506202204,0.00608458660783312,0.06926300631831628
model,374,0.9918837065279947,6.968268113865541,0.18268153718457122,0.20495582358146097,0.6204599776656222,0.9808278,7.200929,0.20095976,0.22564816,0.54885876,71400,0.011055898147867782,0.23266105102093348,0.018278219785834354,0.020692341167684536,0.07160121587820767
model,378,0.528670256689239,26.740866764257863,0.5746166540068939,0.5759221607898934,0.13185816437783393,0.4083557,27.730673,0.62580574,0.6269689,0.1202478,69853,0.12031454379861395,0.9898060720458481,0.05118908158117985,0.051046759440972034,0.011610360749389259
model,381,0.9534744606511426,12.288724633305954,0.19786003022986312,0.21400442311890627,0.5559076783591553,0.9513495,11.320383,0.20829318,0.23389399,0.65823007,63921,0.002124963809711944,0.9683415614065396,0.010433154408160256,0.019889567397756325,0.10232238794028314
model,382,0.9204829001835384,14.001176338774606,0.23789579348734316,0.24321198221244342,0.24807619497363337,0.8447194,18.86852,0.21774314,0.22505257,0.26045832,70346,0.07576349024091145,4.86734439791973,0.020152650048050252,0.018159416876216,0.012382125405623834
model,377,0.23413324013806114,27.400217296975857,0.33710541133833233,0.3454889432156129,0.2367200341151651,0.14953674,26.999628,0.3190921,0.32509002,0.2537565,118268,0.08459649637795219,0.4005892299592553,0.01801331644010845,0.020398922320608637,0.017036459214836736
model,384,0.703621088786957,22.550497641341376,0.41891346713383526,0.42666529902391037,0.28886109854371383,0.5492954,23.574694,0.33636335,0.34518835,0.3267265,40051,0.1543256633719179,1.0241960384681938,0.08255012174923748,0.08147694953851303,0.037865397675921175
model,385,0.7089907914506095,18.57432145762312,0.197055969605696,0.20111518472673348,0.26689348833374765,0.8622392,14.423808,0.21883625,0.22360179,0.25654277,13204,0.15324839054478234,4.150513359783766,0.021780278315294,0.022486603555660928,0.010350716279075411
model,387,0.06508406798587517,28.670662735913947,0.8142173098722055,0.814981065686698,0.09702776619388777,0.097547434,29.821735,0.620935,0.6225348,0.12945186,20307,0.03246336628450676,1.1510726461661314,0.1932822870412424,0.19244625418996342,0.032424089823224964
model,380,0.6921697095200098,20.564310759726315,0.21044033421166888,0.2475019388373696,0.49140393540879,0.9271995,15.929985,0.1846433,0.20985167,0.47504967,95234,0.23502977339777587,4.634325713339596,0.025797035824141418,0.03765027155240408,0.016354260897834205
model,390,0.2888613682606455,24.704072177142564,0.26054613446968705,0.2679219065439789,0.3014634752706011,0.21227527,23.496109,0.35338318,0.36563972,0.32119486,77427,0.07658610161330665,1.2079631683535013,0.09283704900962203,0.09771780984281614,0.019731382088331417
model,383,0.17049467844317695,25.041789154669054,0.21727824938012827,0.2325114962887732,0.43343722620454544,0.24552983,25.506907,0.21609637,0.22993435,0.42299077,35981,0.07503515201260308,0.46511735473036,0.0011818779678510472,0.0025771466326681702,0.01044645705667252
model,391,0.46120639611666536,19.024908196340252,0.23118716587952218,0.24495602791058108,0.31853877978564094,0.609456,19.936169,0.2263238,0.23711468,0.2691413,107529,0.1482496065955844,0.9112604743140444,0.004863367580686423,0.007841345116963827,0.04939749317408393
model,388,0.6731591871451011,20.655177437623962,0.25464903141109146,0.25812302596908604,0.22821323631217477,0.81373644,21.91906,0.23652063,0.24086946,0.23290618,110524,0.14057725160611956,1.2638823157940067,0.018128398309628146,0.017253563479004252,0.004692941327786471
model,394,0.27698292509502637,24.339234429692937,0.21287218758705306,0.23066917405305806,0.36103144377338303,0.5896801,16.736021,0.23207158,0.25690183,0.40174028,97373,0.3126971505504204,7.603213387822819,0.019199390915601966,0.026232656381741132,0.040708839000588526
model,386,0.9677807958972533,8.769628223013662,0.26625990361388985,0.28893604582116367,0.45042850614422647,0.9674413,12.634002,0.37697485,0.3875173,0.42318583,75824,0.00033947547794177524,3.864373508858897,0.11071494727913078,0.09858125740721463,0.02724268079632608
model,393,0.977389749595098,5.474919686784894,0.24406666691662235,0.2591530739257044,0.3932589633692031,0.98240215,5.504512,0.22059989,0.23708025,0.4140505,120665,0.0050123962674814004,0.029592146406024256,0.023466777161373326,0.022072827715606147,0.020791526294874685
model,395,0.6303787316876747,23.28428325480751,0.31670064795513087,0.35338752619141117,0.4394182088929247,0.88869727,17.067566,0.29308587,0.3328983,0.4433532,8208,0.25831853489099965,6.216717336838759,0.023614774828147223,0.020489237226185952,0.003934997026341036
model,389,0.7428424606429331,23.534877517457343,0.38205181649719633,0.38444900199398385,0.2204871576499399,0.69142824,22.646313,0.3010357,0.3124578,0.27880985,119881,0.051414216529011014,0.8885648038342957,0.08101611426865019,0.07199120208248483,0.05832268779760039
model,399,0.21143476928726404,25.483171897058718,0.2836518533942197,0.28490179488813966,0.14621037057980268,0.14974362,25.273773,0.3341477,0.3377355,0.17705144,25424,0.061691152706300906,0.20939870369934255,0.05049583833246485,0.05283370902383239,0.030841069301522084
model,401,0.9096229148655566,7.919233618126313,0.24145333583865541,0.25284443155707764,0.3028110000132823,0.8926292,8.369392,0.23620242,0.24258825,0.25611493,84745,0.016993708684984066,0.45015877689321826,0.005250917034486713,0.010256179727930304,0.04669607009880783
model,392,0.810265674122438,19.650097821977717,0.2963066769362765,0.344585768963466,0.5411087892881487,0.8510731,15.85611,0.24815091,0.27998236,0.51524407,68428,0.04080741213931127,3.7939882028370917,0.04815576202882105,0.06460341074622661,0.025864722572908172
model,397,0.09497856930420456,22.410445579533036,0.21196684290607543,0.2338142506439781,0.3378005412821069,0.096419446,23.234922,0.21608031,0.24044994,0.41493818,86117,0.0014408768661254845,0.8244768295245812,0.004113465054434828,0.006635684553852106,0.07713764035661075
model,398,0.885350431300243,18.157723983914465,0.3563738330067009,0.36439512664998197,0.2653326740569091,0.6928712,20.031834,0.26634645,0.2728888,0.28505608,82604,0.1924792183409535,1.8741096647671753,0.09002737838633956,0.09150631720746183,0.019723410337545877
model,396,0.9567769843706988,8.294875542862577,0.32789620075594883,0.3371552606506935,0.28962245934187647,0.9302492,14.864946,0.32705274,0.33495492,0.29526386,102313,0.02652777019833552,6.570070822493868,0.0008434585131357197,0.0022003432198158257,0.005641397307522333
model,403,0.5227383015103577,14.954259109602056,0.24700223091301876,0.2545404395475728,0.3012891010091014,0.5058872,15.117291,0.2760435,0.2921941,0.34754685,33526,0.01685109114124761,0.16303234089843244,0.02904127356352848,0.03765365868660381,0.04625774466541338
model,407,0.7015859591497602,22.75060085399847,0.3839510205466089,0.4270619888391382,0.4472979374648132,0.7942341,20.027014,0.24218825,0.26746652,0.41629732,2546,0.09264813785417658,2.723587075311947,0.1417627754885492,0.15959547353648013,0.031000620913604726
model,405,0.02025527071012252,24.982856721845046,0.1972998891774515,0.23950035390723823,0.7365519845327934,0.025165962,25.53785,0.20723885,0.26105285,0.8069689,71767,0.0049106913452029895,0.5549927044244853,0.009938963800301182,0.021552493001331108,0.0704169428506295
model,402,0.5123512305136165,14.075675200811737,0.23274114510016483,0.2388630013083814,0.3132209009977743,0.3703981,16.534481,0.25760466,0.26832104,0.32386884,63618,0.1419531263227901,2.458805847772247,0.02486351350350338,0.029458035984099074,0.010647939935071793
model,400,0.4388980655110391,22.457240006651404,0.1797530180338542,0.21948558176776173,0.6400702788638178,0.55196285,22.751373,0.205083,0.27379757,0.6702842,118671,0.11306478696698824,0.2941332843642215,0.025329979645856177,0.05431198989132641,0.030213932771771757
model,404,0.16257203632460987,22.209566480080415,0.31130031955200066,0.31271948193856797,0.12487138419655561,0.22564398,26.173058,0.39538223,0.39713076,0.16294678,70761,0.06307194119824017,3.9634910760719286,0.08408190596145759,0.08441127563169876,0.03807539135905505
model,406,0.5234760575640938,22.686329773320537,0.2430672983408037,0.2493654626318205,0.3109398216585839,0.060419187,25.594225,0.23516266,0.24057095,0.25462127,80302,0.46305687061436385,2.907895156489033,0.007904637861258113,0.008794515103935058,0.05631855433985833
model,409,0.6309029509992405,23.465608207156286,0.7770666846495418,0.7788959713989001,0.1361885607948425,0.660475,22.539038,0.78928775,0.7919403,0.14180689,85142,0.029572064641018247,0.9265705026885129,0.01222106130306444,0.013044300455500535,0.005618324805247515
model,413,0.930602707128529,14.04946639367948,0.31837668119123164,0.3253694397282699,0.3023586923846081,0.96610206,10.955995,0.29586053,0.3035099,0.32777035,70015,0.03549935652732428,3.0934717876614144,0.022516152245308785,0.02185954869509732,0.025411659978978318
model,410,0.05310146259925225,26.460081563225717,0.3506151480045763,0.35278457243766714,0.1684748594164958,0.093164235,32.212555,0.3261667,0.32947475,0.1435537,29771,0.0400627727542176,5.752473368414908,0.024448458608671786,0.023309825256728423,0.02492115539313458
model,412,0.8604515545728131,19.257612502363237,0.4788596097022883,0.4830510604424168,0.2542646664556702,0.93979496,14.546271,0.4555793,0.46029684,0.21690576,15985,0.07934340306497378,4.711341178205522,0.02328029904669443,0.022754220966785088,0.03735890867082675
model,415,0.9799855843032026,1.8048724972695567,0.48168395835575406,0.5461675348958778,0.4611912838391813,0.9736429,2.072812,0.4496887,0.47154343,0.30519414,118759,0.006342698618235554,0.2679395831137441,0.03199525553402249,0.07462410361383431,0.15599714435859047
model,408,0.855567645762843,12.775397388834172,0.1960115663635939,0.2027622776521265,0.3308715418169427,0.87701637,11.215318,0.20359962,0.21175574,0.32320172,93339,0.021448719765263635,1.560079662698918,0.0075880505215913385,0.008993460010188858,0.007669825870745217
model,411,0.8428094125911443,13.389471413065444,0.39596736711442043,0.4005500157526317,0.25201012784640764,0.6870739,17.462496,0.35679868,0.36313614,0.23593065,96187,0.15573552619664355,4.073024390767564,0.03916868847786953,0.037413873260337405,0.01607947642009233
model,417,0.36584954478448617,19.840715046513303,0.21872088028324374,0.23153389817201203,0.3301822338466234,0.3014636,19.404078,0.28241053,0.29699707,0.32189697,105268,0.0643859408110975,0.4366375166060763,0.0636896519528555,0.06546317214048797,0.008285263574559165
model,421,0.8261995713219102,17.053955419640182,0.25427546703615533,0.26199947566222237,0.2715982769920882,0.36313397,26.42509,0.4244968,0.51612735,0.54545176,101804,0.46306560439915023,9.37113537015474,0.17022133267125739,0.2541278722839446,0.273853483299965
model,420,0.4998973498173003,23.55194663079982,0.2123363392864522,0.21794406483929918,0.26344722266488724,0.48315126,26.02192,0.23358752,0.23651955,0.22982325,2064,0.01674609277918382,2.4699726196884626,0.021251179047936525,0.01857548047739699,0.033623976066643524
model,414,0.7623536973564343,18.175834298622394,0.2383556501651668,0.2585651580708096,0.3942650433456154,0.4475488,21.256071,0.2223608,0.23887521,0.3126221,15545,0.31480489068910644,3.0802367920758478,0.015994845488157217,0.01968994778562283,0.08164294323079302
model,422,0.9775765808259425,7.872453147633244,0.3457349447290607,0.34990011993686293,0.209290503013412,0.97241265,10.355257,0.38947734,0.3976851,0.29418844,78183,0.005163935009139475,2.4828038866685134,0.04374239763811155,0.047784990632137314,0.08489793683262681
model,418,0.6511167704904741,19.021630115063044,0.19712679127775676,0.2012660293629204,0.23913341649826936,0.85204136,15.314283,0.20758916,0.2106899,0.21691096,399,0.20092459322565137,3.707346744091364,0.010462373098502092,0.009423872942682626,0.02222245820816926
model,416,0.23694785535279264,20.84973168375817,0.2233086526750374,0.24027294330136828,0.5016745066358376,0.25168735,17.494328,0.22433883,0.24548428,0.4572499,53776,0.014739492536153892,3.355404138592153,0.0010301768423270907,0.005211334304642157,0.04442459699647905
model,426,0.8651462857178858,18.520638254078758,0.3287204096816706,0.33125212795842174,0.2207642833759722,0.855834,18.255991,0.33403835,0.33785176,0.2351786,71017,0.009312278454702172,0.2646472720230939,0.005317937324173516,0.006599634813184707,0.014414321346050807
model,419,0.5279418251795094,22.416819630105156,0.2192264518721865,0.23111512100204254,0.4287692700662043,0.74112934,20.859688,0.24638127,0.2663435,0.494652,10504,0.2131875135617931,1.5571318249293746,0.027154816033048784,0.03522838318840241,0.06588273298364616
model,425,0.945863805276678,8.043144854756044,0.35173501308422955,0.36178021379571623,0.32035673261696285,0.9640703,8.061404,0.3266203,0.33938453,0.32232115,74551,0.018206514852716515,0.018259373454405647,0.0251147025392619,0.02239568778138823,0.0019644141096454293
model,427,0.2794257435125276,21.32238085243977,0.32363026907889214,0.3295035381541731,0.23652395361910128,0.31972533,25.776886,0.22954065,0.23410827,0.20473331,137398,0.04029959113179005,4.454505133888354,0.09408962300268975,0.09539526893954298,0.031790641489126914
model,428,0.4412524164131534,19.592982937899126,0.5123007276867859,0.5151580605536052,0.16332737715022452,0.60189754,18.60164,0.48617184,0.4875026,0.11828915,102077,0.1606451212951291,0.9913422366051812,0.02612888606538699,0.02765545583062856,0.04503822685258277
model,429,0.9679158176516744,13.067719405623428,0.25586955172982123,0.26758947452747317,0.35148181371985177,0.93709314,14.612816,0.25041947,0.2710377,0.38893855,135278,0.030822678956911265,1.5450964513101653,0.00545008404221442,0.0034482232645800526,0.03745673246087333
model,423,0.48188619408195105,24.56834370008702,0.3212358138360585,0.3906759094521018,0.48776538581426243,0.59867984,23.300983,0.2653468,0.30563372,0.45186168,1379,0.11679364648277674,1.2673602711319418,0.05588901851554762,0.08504218571629246,0.035903706260276835
model,424,0.47235682933627393,24.729130917833913,0.2077557968625889,0.21806718151466772,0.31564717393113534,0.33428624,25.671724,0.2252977,0.23285809,0.29209477,104686,0.13807058661280897,0.9425934016240944,0.017541907476438495,0.014790910078120972,0.02355240683747689
model,430,0.658891543864845,20.441576514896592,0.2875476242300147,0.3294778439757038,0.587712291581544,0.68625176,21.581131,0.30810326,0.42385277,0.87158567,47049,0.027360215664268717,1.13955446654872,0.020555639148128635,0.09437492754491084,0.28387337555178727
model,434,0.45182077237336304,24.28727395712999,0.8378213078486346,0.8420745124358342,0.22166686772747005,0.71406585,21.631275,0.4288585,0.4460244,0.38872296,95322,0.26224507740767333,2.655998780128037,0.40896281905049314,0.3960501243609593,0.16705608845310246
model,431,0.674712321694916,24.260553322952518,0.1978806682667303,0.2082966686158651,0.2628754173406508,0.4168812,25.275162,0.21883665,0.22762202,0.2679944,117119,0.2578311180434878,1.0146084202115446,0.020955981985611938,0.01932534864850105,0.005118986498460543
model,436,0.2700971021166368,24.543902094031946,0.38782635584463443,0.4120551081851081,0.40661199195236214,0.5586218,23.580378,0.2578641,0.27516028,0.35782245,102066,0.2885247216710524,0.9635245152965943,0.12996226802458133,0.1368948253348426,0.04878954393714913
model,432,0.948146114508724,10.515368438894257,0.21364276550457315,0.2338684756737132,0.49930754120987864,0.9435291,11.115973,0.20686091,0.22173175,0.47151893,84365,0.004616985480403679,0.6006050337009583,0.006781850678180018,0.012136723516501885,0.027788607436837864
model,433,0.7134930538602039,20.108037023396474,0.40422454691483856,0.4105129655846239,0.2923351008273736,0.90928966,14.92835,0.3106316,0.3218303,0.35969543,13915,0.1957966042094067,5.179686574788075,0.09359294391229034,0.08868266310774098,0.06736033374293893
model,438,0.7049336566590083,19.13285838191363,0.34794848653616994,0.3517841070495322,0.2438314832952478,0.62897617,19.251526,0.35030138,0.35636353,0.26995966,46341,0.07595749041068678,0.11866749699262158,0.002352898389672342,0.00457942787783594,0.026128175089075334
model,435,0.012576089291474414,30.339918650083117,0.5819205322447883,0.6054163369877718,0.2657949611935271,0.07876922,27.292582,0.30663913,0.3197184,0.26566666,113633,0.0661931326104192,3.047337091855578,0.27528139736090773,0.28569794628457046,0.00012829754682908145
model,440,0.9758593162074455,8.560346997218147,0.28129186309376814,0.2882383695796765,0.2608650499096224,0.969594,9.881126,0.25358987,0.2587054,0.25548974,39875,0.006265314437425951,1.3207794065904466,0.02770199454823591,0.029532962198618784,0.005375313114196978
model,437,0.847976160746293,16.606790921157014,0.24470551576205887,0.2853213653531168,0.5559274412113402,0.7690482,18.016954,0.2792818,0.32162344,0.51135635,106077,0.07892794678755277,1.4101635008400564,0.03457627926281295,0.036302079204073134,0.044571087451574565
model,444,0.8839917105300935,18.56778850042935,0.33240187610918825,0.34476210391997825,0.45011622002293444,0.9706099,10.290705,0.2600145,0.27200693,0.41036358,104964,0.08661819280547778,8.2770837732565,0.07238737191492861,0.0727551749992324,0.03975263526608325
model,441,0.5734370319897796,24.806285674716037,0.7348074408430253,0.7360495903635746,0.1549939786176178,0.6708246,23.49503,0.6468565,0.6485633,0.17294164,69920,0.09738755535534371,1.3112562252531461,0.08795095404569253,0.0874862649584538,0.017947661401799014
model,439,0.9176498566407659,15.696197016405037,0.2221692565460806,0.23492559084399398,0.35901670151215326,0.89046806,17.426674,0.2705322,0.28827265,0.37918258,16037,0.02718179567045953,1.7304768727551192,0.04836293425363253,0.053347058205764936,0.020165875621025453
model,448,0.7763542209690959,23.15514894662528,0.3676498226908366,0.3721194949225369,0.20913730112386553,0.66965634,21.440884,0.31923956,0.32258534,0.22870527,105304,0.10669788466157026,1.7142653101506689,0.04841026590143843,0.04953415060796168,0.019567970954648573
model,445,0.44588484048065535,23.481728525696855,0.23556598911143697,0.2412524182195347,0.28263579785985726,0.48900244,21.435978,0.25333387,0.2627498,0.35750073,57652,0.043117595918804485,2.0457505899058397,0.01776787748478495,0.021497372925790015,0.07486493408518058
model,442,0.6314061107024826,23.68649864212744,0.6930884474997394,0.7002416730576955,0.29851813707583097,0.8016627,19.986227,0.4438819,0.4502332,0.32970843,111315,0.17025657278445583,3.7002716066049786,0.24920654838131595,0.2500084818059407,0.03119029011494967
model,449,0.7052513494051181,14.707052684968772,0.3102975445484772,0.31203928479232645,0.1757616561512484,0.85199964,10.282875,0.33762363,0.34471473,0.24079955,35061,0.14674829105966458,4.424177623933616,0.02732608144525145,0.03267544618568563,0.06503789009051186
model,450,0.7796692226591168,13.001513855939471,0.2979685163520905,0.345943030657986,0.5182272268658613,0.57321054,15.980522,0.30753973,0.33023635,0.41290957,16182,0.2064586852254925,2.9790082998222474,0.009571214912023895,0.01570668512842971,0.1053176595097517
model,443,0.6430025713892773,16.166211893373216,0.23615766327640778,0.2457493582178766,0.27738950181329264,0.791598,13.676237,0.25744924,0.26838863,0.26368243,16068,0.14859545059482304,2.4899747870499738,0.021291576216008606,0.022639270741779155,0.013707076791167394
model,447,0.9021551025478495,6.0069070093755315,0.46931385538938797,0.4916605042478139,0.32602394361658593,0.86890393,5.2734604,0.48190168,0.49637008,0.25977257,22311,0.03325116759225255,0.7334466211919377,0.01258782007333481,0.004709572885364832,0.0662513746754696
model,446,0.31819878563074155,23.710202799348806,0.22723127979012933,0.2490397469955915,0.4332594968462092,0.35469022,23.876146,0.26085445,0.2810055,0.44404155,52960,0.03649143830152468,0.16594351717951383,0.03362317305830512,0.03196575475153984,0.010782053313245166
model,453,0.48903640916708063,23.88841716655965,0.35013224689287603,0.3546767667343561,0.17949227143920793,0.10011466,30.22186,0.39037156,0.39583242,0.17524615,70281,0.38892175069215845,6.333443719060469,0.04023931415753901,0.04115565266109067,0.004246122137678998
model,456,0.3868464796631289,19.268090833596414,0.3275113934098877,0.3359889320773289,0.23071162569381576,0.36501986,19.7475,0.26429716,0.2701042,0.25007695,40612,0.021826621779675537,0.47940863234596875,0.06321423588387148,0.06588473242942544,0.01936532390258927
model,455,0.8243404877109521,10.184655607450061,0.30429626473852184,0.3102438224609402,0.30965250137531025,0.8647998,8.874828,0.32233503,0.32824504,0.2880843,102212,0.040459309823990486,1.3098272688270143,0.018038769870319105,0.01800122129363746,0.021568203003041575
model,451,0.026608563418474673,15.694659161169788,0.2564032769272615,0.2589811217879033,0.19922996733895434,0.015325507,16.445606,0.23911263,0.24526525,0.23326856,1662,0.01128305626937437,0.7509470705196648,0.01729064644077316,0.013715876350281209,0.03403859164008008
model,452,0.8704579661224224,18.623906844374055,0.24801079776263346,0.26570120063452085,0.40119780367622854,0.61277336,20.114727,0.22514631,0.23401982,0.37312427,90083,0.25768460730055354,1.490820175889617,0.02286448922133555,0.031681384712737404,0.028073532044987692
model,454,0.6295365595887806,21.25111907905853,0.2736452882236689,0.28104191664198863,0.26195944418859557,0.6619706,20.114,0.251009,0.25614774,0.26009503,33665,0.03243405579818226,1.1371187586239593,0.02263630079691109,0.024894174370565292,0.001864414119244373
model,459,0.6972103438658036,21.53722132496673,0.2622159942778861,0.269232533271006,0.3101839158074647,0.82274085,16.94025,0.23337804,0.24175075,0.34210002,130470,0.12553050896699058,4.596970928238214,0.028837956467560488,0.027481786305597666,0.031916108415862954
model,458,0.06220278877310995,30.74781812307969,0.8711319435209515,0.8742111557177767,0.16287468689892376,0.04867287,32.28031,0.80906403,0.81249875,0.17129473,48622,0.013529918971588652,1.532493461392967,0.062067912873673636,0.06171240741531703,0.008420046983026619
model,463,0.7225116383362876,21.94939546941151,0.21271685494918233,0.22685767586055924,0.4412167625068686,0.86973745,19.233873,0.23482433,0.24548665,0.39032185,83272,0.14722580797184837,2.7155221021019393,0.022107474665456955,0.018628971030081015,0.050894911730196224
model,462,0.5928621003203234,24.146624343072066,0.285035708999832,0.2922670947718815,0.26521495575836657,0.65869087,22.659275,0.28444415,0.29000148,0.24691032,121868,0.06582876948787364,1.4873492881404253,0.0005915556909635855,0.002265613000412392,0.01830463702610491
model,465,0.9527108527918524,13.453742852191503,0.2823029990386608,0.29186267809286215,0.3559407711846074,0.949273,8.3491955,0.2618289,0.30587384,0.5935135,24382,0.0034378625651068084,5.1045473718448235,0.020474099655115874,0.014011162954424838,0.23757271758492388
model,457,0.9858353521306924,8.946061990397375,0.18823452469613242,0.20251010824077928,0.47955180524615343,0.97857314,8.012368,0.22568129,0.24334335,0.5032514,103700,0.0072622086484841475,0.9336937881879024,0.037446765334347015,0.040833245030705095,0.023699568521699355
model,460,0.39319376945245166,22.98221143521151,0.2181117039429302,0.24012947996563672,0.5771515457718934,0.31947726,22.775103,0.21885704,0.2390014,0.54421633,58811,0.0737165093396892,0.20710881985506546,0.0007453310979252115,0.0011280866474604467,0.032935210952099725
model,466,0.342837327042322,28.298578561282646,0.5936838969517583,0.597479696439554,0.2097365100258952,0.19839948,29.703096,0.37819213,0.38099542,0.22007759,6267,0.14443784288475975,1.4045178284878617,0.21549177020081223,0.21648427383785418,0.01034107912834828
model,469,0.39744653786792844,26.062263314961008,0.25880675627209315,0.2667976610224785,0.27974211550121797,0.5140788,25.174053,0.25718194,0.26548454,0.29700541,98349,0.11663225804195315,0.8882101228223362,0.00162481380917201,0.0013131193678916908,0.017263299461550585
model,467,0.8980075693833209,11.438669878243452,0.34550640134580846,0.3493407624583755,0.20016174971118053,0.84843093,12.07403,0.38128123,0.38418144,0.19278978,121344,0.049576637815175184,0.6353600442418994,0.03577482552758937,0.03484067741818092,0.007371971597815358
model,461,0.6781455000692114,19.76930403716018,0.19857196071979122,0.2205815121063354,0.5066903759875002,0.7337999,20.56803,0.2604,0.2886654,0.5359168,83443,0.055654374713350885,0.7987253665263445,0.061828036514553264,0.06808390175017096,0.029226429279833765
model,471,0.4526811751286813,25.23145447471956,0.25213136904857425,0.2540329111523186,0.1832211866312511,0.8353903,11.830295,0.34254083,0.3448896,0.17432255,78673,0.38270915423228064,13.401159865649735,0.09040946132518979,0.0908566998534645,0.008898641102839222
model,464,0.9667650411482912,6.873465214199356,0.23770813570073432,0.25434487360827474,0.35993979294058887,0.9426444,10.715453,0.24870545,0.25611576,0.28264108,118179,0.024120623862372015,3.841987933688827,0.010997311019388972,0.0017708907712266075,0.07729870993849841
model,468,0.4039046193475359,21.865342041282464,0.5147767590905912,0.5157759341358292,0.12738986125833954,0.31194627,20.057972,0.46503207,0.4673155,0.14357163,128366,0.09195834649749929,1.8073700869367606,0.04974468821542333,0.048460439121638554,0.016181768861937867
model,470,0.4044266837975174,27.850378914083432,0.4476843798260711,0.4572436626384853,0.3318247825322454,0.1910429,30.054562,0.48884574,0.49314195,0.2738882,3557,0.21338378371206818,2.2041827009068022,0.041161355962274215,0.035898286538303015,0.05793658201077628
model,473,0.6815544309890675,18.731144848360696,0.42787463389738156,0.507224156389699,0.5764763725015754,0.59844345,18.507324,0.3182068,0.39481357,0.6019837,90314,0.08311098244551895,0.22382062961069593,0.10966784678800656,0.11241058898972034,0.025507353523052334
model,474,0.9135612504698412,14.637188053620399,0.2553634007251626,0.2601273858121752,0.2754370209928027,0.9155832,15.432462,0.2557515,0.26055193,0.2894064,940,0.0020219428323133837,0.7952736849660269,0.0003880898677939282,0.0004245436617017484,0.01396936800522891
model,477,0.7623303747352063,21.667818503501753,0.48490362052066593,0.486395402049239,0.16509206509934318,0.49052718,20.457476,0.37951455,0.3818304,0.16833334,84492,0.27180319191774716,1.2103428412703074,0.10538907531841069,0.10456500778120309,0.003241271611586688
model,476,0.6442359381395214,12.854121741470642,0.269751006289747,0.28441223461913767,0.4490816101871784,0.33617508,21.141315,0.23916873,0.25264388,0.43631202,113164,0.3080608540254467,8.287193718734436,0.03058227293136384,0.03176835139083567,0.012769590362196714
model,472,0.15637232297203407,22.61052485297022,0.2062461326145627,0.21007199499113283,0.21832877430475076,0.25232223,20.028503,0.24326368,0.25040963,0.25297165,67036,0.09594990379073753,2.5820214350014687,0.03701754414801817,0.040337637930086045,0.03464287486517112
model,478,0.4296825489909325,16.808069804250785,0.3783591100878491,0.3824486176640384,0.18549219500085876,0.45570648,20.047976,0.3654662,0.36740986,0.18089235,12666,0.026023928174289668,3.239905735910348,0.012892902821995234,0.015038762536703831,0.00459984671136901
model,479,0.9876261351308385,1.7915654607812144,0.4940089613102721,0.5559392680119368,0.4360240718895956,0.98829424,2.354413,0.3601907,0.47650057,0.633335,105631,0.0006681086817225124,0.5628475717505239,0.1338182717465209,0.07943869723785846,0.1973109224265055
model,480,0.12112086749438382,24.192871442625677,0.21518395391207065,0.22324470059813964,0.3281563869278131,0.1844303,26.261986,0.19996451,0.2109612,0.34405375,6080,0.06330943369503879,2.069114336182917,0.015219445497802159,0.012283507751841422,0.015897358341962264
model,481,0.9877650959308903,7.495683002285055,0.17369808307895127,0.20187808873756438,0.6271387563713093,0.9841253,10.221961,0.1778399,0.20346832,0.5767278,112172,0.003639779787854458,2.7262780191382845,0.004141821944623564,0.0015902340163418682,0.05041094884948927
model,475,0.09801182423025588,18.132853550506514,0.24334331681875773,0.25164268778553783,0.2653085314762939,0.1662858,21.128765,0.294074,0.3030115,0.28033528,60928,0.06827397372334977,2.995911555694658,0.050730682109312336,0.051368819010345346,0.01502674584266056
model,483,0.4659325128042991,17.373127609500308,0.32955155290254273,0.3313935575752048,0.15744510153844024,0.4767871,16.993988,0.4260383,0.4275707,0.15325525,74622,0.01085457749721458,0.3791395723909332,0.09648674212805114,0.096177143070242,0.00418984750821258
model,484,0.42379050911503885,14.597529666254125,0.315084060320923,0.317976704487069,0.20392816765329466,0.60125834,16.958212,0.4294457,0.4326774,0.2092386,139914,0.17746782838267233,2.3606822325495855,0.11436165343754562,0.11470068370415415,0.005310436057833573
model,487,0.009717917031125997,23.17195152713684,0.19729161306614112,0.2008173184091314,0.20965488637246282,0.028795075,22.918543,0.21407782,0.21675098,0.19131288,9691,0.019077157640380885,0.25340866519836425,0.01678620234733391,0.01593366101439156,0.018342007048503473
model,488,0.8631587096056424,18.52630061809994,0.7226914469425278,0.7257210806516229,0.20305552233994692,0.5932763,24.09589,0.72097486,0.72391874,0.20189045,28543,0.2698823877176725,5.569589427066077,0.0017165843669968428,0.0018023446706353363,0.0011650686436960045
model,486,0.9585567006207808,16.135120932333656,0.3277220542245171,0.33158016414456915,0.2629459802897845,0.91872776,17.807226,0.28880164,0.29349345,0.3012433,131164,0.039828945074210975,1.6721052486966173,0.03892041395237661,0.03808671445661138,0.03829732491651433
model,482,0.18091782086848587,24.314832047170235,0.22172975122950012,0.24631678366534904,0.5349965104367733,0.1520367,24.452404,0.20982838,0.23539537,0.53203994,138859,0.0288811241960463,0.13757197504656205,0.011901374459480585,0.010921411751439125,0.0029565700795650685
model,491,0.43968112500656026,25.55710386256502,0.290257168295332,0.2958844600441654,0.28410957829064754,0.6463978,18.433767,0.22445075,0.23514926,0.33046016,108996,0.20671670404922587,7.123336543839436,0.0658064161562405,0.060735195708533085,0.04635058268004033
model,492,0.13320817654107422,26.985125820286413,0.4395439850265867,0.46615220984079375,0.35894089688934266,0.20532067,23.252842,0.29176506,0.30648866,0.26212054,29005,0.07211249465967803,3.7322838708235224,0.14777892102550333,0.1596635468826486,0.09682035197891176
model,494,0.7000743909514592,17.828591909667388,0.4891515836454251,0.4966081133425854,0.26253043806108506,0.9644431,7.3163295,0.28776467,0.29492864,0.30807558,122704,0.26436869662636064,10.512262430449859,0.20138691518076446,0.20167947321540342,0.04554513895956008
model,485,0.7197645991168029,21.95781222546049,0.23657809948660857,0.2415904595156959,0.289350506596993,0.5442518,23.89097,0.2776508,0.29399607,0.35163072,83547,0.17551279953336785,1.9331580046420491,0.04107270384095185,0.052405606339330335,0.06228021091895242
model,493,0.9766131040919682,8.707512690958595,0.19867930367442718,0.20963132940565432,0.42556739668894444,0.97677594,8.158229,0.21904571,0.23619747,0.42445773,101393,0.00016284014097245336,0.5492838167520517,0.020366409869464724,0.026566142212998023,0.0011096678261819926
model,495,0.7793224338264426,19.00222980045021,0.23697694987335838,0.24214590079287618,0.2639422781662938,0.8992788,10.887625,0.27677312,0.28129256,0.2487881,125106,0.11995638573456202,8.114605059849623,0.03979617505988442,0.03914665692349345,0.015154174705028223
model,490,0.8396774601438831,9.825048141867384,0.2690906654353614,0.27939140395661227,0.2958741668452957,0.7878926,13.793733,0.25734174,0.26478523,0.30030662,131652,0.05178488011153448,3.968684501260057,0.011748922919797455,0.01460617379685275,0.004432451368357848
model,489,0.8253955295629823,15.344080215501599,0.23471682486125747,0.24379857965982224,0.3803766606298768,0.8260569,14.227068,0.24131638,0.25510925,0.5063876,125136,0.0006613680772459274,1.1170122681139034,0.0065995532553501934,0.011310670885679469,0.12601093073212272
model,497,0.9095892199200735,15.157357968798259,0.25876343199082513,0.26261430364902555,0.21453888602494775,0.900502,16.006483,0.24003118,0.24343659,0.21117835,36206,0.009087193838988261,0.849125109204671,0.01873224922486444,0.01917771381195127,0.0033605385565715906
model,496,0.2673828578031246,22.623900475629704,0.24598538894736888,0.2904513815665293,0.6677017341440371,0.46906823,21.150536,0.27265495,0.40545577,1.0028958,75960,0.20168537139533121,1.4733648921336098,0.02666956167137502,0.11500438654183864,0.33519409791773047
model,499,0.6270239747858615,17.769487963965354,0.34865451055838187,0.3579558222086212,0.32312138364947424,0.5534485,19.648323,0.26681364,0.27396747,0.2470171,66888,0.07357547653680752,1.8788350951166777,0.08184087473227103,0.08398834750960082,0.07610428319609747
model,502,0.4584587498448935,21.232362014500758,0.3566548088199106,0.3588330359684322,0.155583957695755,0.7996153,12.152144,0.37087217,0.37332782,0.17462762,77429,0.3411565736986551,9.080217582432887,0.014217360913136912,0.014494785524716614,0.019043659305778504
model,498,0.6831032886330118,23.21370927674779,0.2552773527547798,0.2652979649393223,0.331548591950455,0.48291755,24.859468,0.2694692,0.3057245,0.40265882,44081,0.2001857414070597,1.645759183335219,0.014191848810009011,0.04042653667047996,0.07111022820182772
model,500,0.7087890303235791,22.07450330516129,0.29941449587042746,0.3025205986301849,0.17180411326823453,0.36743867,25.060791,0.3160509,0.31791618,0.16680965,90965,0.3413503563504956,2.98628771046371,0.016636391237421666,0.015395586033587705,0.00499446499285916
model,505,0.19943132654911483,28.70627459603954,0.4053874069320787,0.40632551317516896,0.12523626993534823,0.3092958,27.611074,0.3988728,0.4002728,0.13831599,12097,0.10986447675937211,1.0952001484077023,0.00651461421128402,0.006052726557889909,0.01307972063185911
model,501,0.2615590271372489,25.171315007314796,0.3718445965593298,0.39740302692029195,0.36400813686414935,0.11254361,29.078642,0.26134795,0.28369623,0.4011888,61270,0.14901541441866673,3.9073268841646964,0.11049664705447748,0.11370679269406514,0.03718065393403791
model,508,0.7631607631343207,18.87709461158754,0.19292012798718325,0.20381337122755336,0.43685953660695614,0.72394794,20.154459,0.20893359,0.21862468,0.4458563,95413,0.039212820877393195,1.277364388046248,0.01601346385546812,0.014811310006806383,0.008996766369652132
model,503,0.8100670403333472,7.056549682999126,0.28545601573370544,0.3040732828038683,0.38078699862214127,0.83551836,7.239979,0.24240625,0.26068288,0.3919754,124891,0.025451319804592254,0.18342910728407702,0.043049766687379754,0.04339040192541982,0.01118840420988998
model,506,0.6380091475027311,13.4311044346858,0.33234976282460416,0.3365261043903225,0.21794512978189096,0.57669336,12.65129,0.32000378,0.3225815,0.16992757,89472,0.061315791465591185,0.7798144948054286,0.012345985082218291,0.013944604575335307,0.048017562538314906
model,510,0.804852626558405,22.46615863675334,0.270290523405898,0.27642253118223653,0.2970426699385643,0.6937274,22.9943,0.3045525,0.31103653,0.26827884,17485,0.11112525248156169,0.5281422055318146,0.034261972073685754,0.0346139959745933,0.028763832734584827
model,511,0.8338312911505165,13.430637846496012,0.37577540230859313,0.3844498364581956,0.24097157528415525,0.8913892,12.079499,0.37830257,0.383051,0.26912144,3401,0.05755790000014882,1.3511386018060705,0.002527171849121712,0.0013988284721268562,0.028149862980691553
model,504,0.25688940233360774,24.814610011537482,0.23375709713167953,0.24278636416318888,0.35684702082430514,0.36025137,25.309942,0.23134136,0.23905241,0.3311226,21114,0.10336196475852483,0.4953322339459163,0.0024157351321678067,0.0037339492690848797,0.02572441383158358
model,507,0.528807048203712,20.09281732065087,0.650830448672602,0.6528080951169276,0.14631882378646707,0.518526,19.97889,0.6216082,0.6240617,0.16482972,77221,0.010281030537849012,0.11392785531883831,0.029222250983545583,0.02874639143498181,0.01851089229992056
model,512,0.3862492550545403,26.833249885465055,0.6390897005308013,0.6406205283205739,0.12801308958067814,0.56460273,22.896826,0.51076835,0.5120907,0.147964,60254,0.17835347760384596,3.936424095059781,0.12832134659174488,0.12852984533717549,0.019950911121226156
model,513,0.9555940330739164,8.345717864093984,0.3197003562676955,0.3336430827142807,0.3136965733814864,0.96642226,6.505414,0.3261024,0.35012406,0.34620205,136754,0.010828226733670232,1.8403038549997461,0.0064020495188187865,0.016480978393354773,0.03250547229760603
model,516,0.8835773107998259,17.93069741749376,0.22374042748983233,0.2312036113599618,0.3517160314303382,0.6291179,23.407984,0.270446,0.28097823,0.38807705,53116,0.2544594047062285,5.477286362413466,0.04670557499353559,0.04977462126218479,0.036361019017125795
model,509,0.9332042934082223,13.226975836191805,0.22711679380969813,0.23872246898518928,0.37656093527938544,0.9564389,9.109828,0.27242395,0.30015045,0.43811324,100996,0.02323460563199986,4.117147840891512,0.045307159008218745,0.06142798505915276,0.06155230710838616
model,518,0.15002419223038066,26.1700325139301,0.34986524479197545,0.35122986615531826,0.1371302015251618,0.20740697,25.58758,0.291301,0.29386115,0.15171261,25525,0.057382775647961015,0.5824527867572478,0.05856423275279088,0.05736871541374111,0.014582409792472772
model,515,0.9843820039228456,9.542279621103901,0.23060977678014768,0.2456773423439043,0.4392252221182892,0.71697736,22.600525,0.34604067,0.4576096,0.6331878,113601,0.2674046460584657,13.058245281239849,0.11543088932321535,0.21193225152435133,0.19396254872521668
model,520,0.866717531640985,17.635819909381844,0.22082786559810427,0.2294511604940835,0.2583882994952442,0.6274624,23.354504,0.24172638,0.25170487,0.2714628,113879,0.23925514455602404,5.718683722209953,0.02089851796875211,0.022253711160426987,0.013074498623347086
model,514,0.061597204162913526,25.726202505068184,0.5307118575298647,0.5339925842041252,0.1701278107305407,0.04299533,28.241432,0.43329823,0.43676203,0.18029302,53545,0.018601874216634,2.5152296848732227,0.0974136273586611,0.09723054931108932,0.010165212855732492
model,521,0.25948409280734464,27.59922259075946,0.6278665246617366,0.6299143293809756,0.18403917675313552,0.20115994,29.14764,0.46051162,0.46329418,0.20273778,69146,0.05832415363746091,1.5484176375120242,0.1673548998486568,0.1666201511335238,0.01869860167208115
model,517,0.19167428146580717,24.566151069878615,0.19376765908006546,0.20122165515511795,0.29708301817736155,0.127303,26.036758,0.21456872,0.2284461,0.3563548,119683,0.06437127720097563,1.470607352972948,0.02080106018777969,0.02722444102675156,0.05927178466954702
model,522,0.7672963117931009,12.736864824796655,0.25361436986904207,0.25732454595192394,0.22873196400672632,0.75980604,14.048605,0.25357798,0.25748354,0.23213936,88632,0.007490274843943157,1.3117401404133062,3.6392450142530564e-05,0.00015899601356067494,0.0034073998781995185
model,523,0.8765841667794756,20.33555746513092,0.3427220699651464,0.34428862861738235,0.16430764277868945,0.8724896,20.812439,0.36634177,0.36842424,0.19080688,37447,0.0040945952081254955,0.47688149971283167,0.023619699730135557,0.024135608157062227,0.026499237814610416
model,526,0.3244519923075534,24.089782558036806,0.20471616130207224,0.22250847884350605,0.39965733569027756,0.22519776,25.94654,0.20812334,0.235612,0.4375678,76662,0.09925423005665313,1.8567582744827256,0.003407179900663665,0.013103526151840017,0.03791046459315445
model,524,0.21894865507558608,29.06804485506307,0.6939551881123248,0.6982770801056595,0.231575268817874,0.2899978,28.369846,0.58686805,0.5926722,0.26539946,43816,0.07104913120790696,0.6981985110689308,0.10708714039809142,0.10560485129248809,0.03382418720629593
model,519,0.9927782245219499,6.371927097836313,0.20804663883796043,0.2308326155570214,0.5482704993045784,0.99078375,8.451201,0.22205076,0.24228019,0.4494483,74800,0.0019944735110550837,2.079274341067496,0.014004117378088765,0.01144756966560434,0.09882221181754836
model,529,0.5785463680193255,24.9434496378745,0.30175784088454705,0.30526628137645234,0.18814819207964797,0.45041785,26.10022,0.33895403,0.34417996,0.21740223,4130,0.12812852157805654,1.156770088687999,0.0371961905828907,0.03891367672863494,0.029254042593852086
model,530,0.6680121027608109,20.978251590101813,0.21287539080442278,0.24983113194398046,0.6170393372905376,0.82990533,18.61961,0.2094308,0.24673145,0.59679496,100772,0.16189322837398523,2.358641757338141,0.003444591916216294,0.0030996867506897507,0.02024437440754201
model,525,0.05655615155003417,25.539961778640315,0.2887445720272923,0.3029248579841323,0.3893749254889765,0.097351626,24.46244,0.28402218,0.30884877,0.5081417,100272,0.04079547401168,1.0775212879176586,0.004722389801111282,0.005923910488539186,0.11876677096411797
model,528,0.9887933678628855,1.8785902944445567,0.48645255917628655,0.5904256653457277,0.5370371722035624,0.99255604,1.8965497,0.511681,0.76698846,0.7937462,64552,0.003762667655760721,0.01795940724611711,0.02522846108357063,0.17656279090350935,0.256709001178243
model,534,0.16673188127915525,23.732762376153584,0.26291662543385064,0.285365982531612,0.3598475023918858,0.2479822,28.440626,0.21846165,0.22998716,0.33792156,52567,0.08125032268126345,4.707863768255596,0.04445497780411278,0.05537882316023596,0.02192594258124736
model,531,0.5334190871942934,18.52961834246552,0.3290080481135167,0.344346987095865,0.35583114073491484,0.6015729,21.649431,0.3594494,0.3744892,0.317012,37382,0.06815378401389749,3.119812886172177,0.030441338483162994,0.030142201098409926,0.038819128730062546
model,527,0.9907958412661263,3.967429662161045,0.26667808932985215,0.31164115255986236,0.6529091001233439,0.99415547,4.384458,0.25930282,0.3013697,0.58215326,34621,0.003359625290422774,0.4170284028719138,0.007375264594210673,0.010271455704317312,0.07075583941548869
model,535,0.9785778525859079,10.314407769586317,0.17744607454794176,0.2057928849751626,0.6130986447652,0.97036743,12.073354,0.18807729,0.22315034,0.7935803,51687,0.008210420945282904,1.758945997808702,0.010631211337869095,0.017357457727703002,0.18048164889019547
model,537,0.17303250586279148,28.698931604521782,0.8835809445023639,0.8839381308064832,0.06702613277066738,0.23385225,29.57408,0.7288262,0.729597,0.1049654,1655,0.06081974650136715,0.8751479090280228,0.15475471969843935,0.15434115834096807,0.03793927090536564
model,538,0.2913553561729061,26.440444542649217,0.4779879626261827,0.4794894150430984,0.17353592638422358,0.36633575,23.410688,0.60417295,0.6083877,0.20875104,107023,0.07498039345325358,3.0297561423806627,0.1261849823964003,0.12889829362084204,0.03521511133264196
model,533,0.9829616095224403,7.258552098419017,0.3383859983019783,0.34747474456961164,0.3165975167834552,0.97416437,6.6567287,0.33006704,0.33978084,0.37641975,14776,0.008797242800333338,0.6018233539121809,0.00831895976590652,0.0076939072721720625,0.059822236052772204
model,532,0.8377917757788269,11.30587227288121,0.28952742768012146,0.30474485384815064,0.39359615127736497,0.8989567,8.576449,0.25781804,0.27081344,0.41956142,135707,0.06116494028181152,2.7294228786551358,0.03170938444815735,0.03393141853206483,0.025965264633355856
model,541,0.5066815112644204,19.737518113036725,0.2610814081763138,0.2806877665939342,0.4147606313169324,0.5088033,21.498247,0.27294868,0.28468412,0.369901,129267,0.002121796745680915,1.7607290335697208,0.01186727413188321,0.003996355014799946,0.04485962986353276
model,536,0.4908637958668259,26.77787529883702,0.5312371886678721,0.5401075009713148,0.25407502196512083,0.4918897,25.352304,0.38324153,0.39241588,0.3144274,37153,0.0010258895255538802,1.4255708402188567,0.1479956544347788,0.14769161981439338,0.06035238363065859
model,544,0.9541846850795698,5.590448429545702,0.2746378964689346,0.279625499130042,0.2566974030739766,0.939248,4.6200237,0.27246633,0.27961096,0.26598975,31774,0.014936659662241891,0.9704247021287102,0.002171564748582433,1.4537454398055871e-05,0.00929234754972641
model,539,0.9320950201515856,7.585565911698389,0.24816871134152407,0.26415255319956094,0.39355973144988315,0.92047703,8.371471,0.23864922,0.2550316,0.4254453,83835,0.011617987490147641,0.7859054933309082,0.009519492067003199,0.00912096750620156,0.031885556969840356
model,543,0.8341177939425757,13.229988057519492,0.2706235598067691,0.27610774607124644,0.24198935429609694,0.8334814,13.234088,0.280433,0.28704214,0.25779453,20174,0.0006364225398352019,0.004099886511269801,0.009809439327294611,0.010934394889446919,0.015805174903503277
model,542,0.0640226135999879,31.36277838387076,0.6874261062874286,0.6881224026577301,0.09392446069681784,0.034575075,29.888807,0.70585346,0.7071043,0.11547966,80496,0.029447538688870345,1.4739710871178318,0.018427355931809664,0.01898192263676457,0.021555202317594085
model,540,0.7955694974239301,20.801621047967775,0.4038487467190522,0.4127991166287319,0.4026948264467452,0.84024227,14.098247,0.412862,0.4345449,0.42084295,110879,0.044672769231038134,6.703374473565919,0.00901325613052667,0.021745774490271375,0.01814811912896891
model,549,0.9434955244866382,11.904568253711439,0.2816642684988169,0.30370650105330566,0.49895074851837784,0.8360564,17.863283,0.36408868,0.37812954,0.40307897,108487,0.1074391132203113,5.958714903637194,0.0824244158216329,0.07442304082062623,0.0958717752250734
model,546,0.1237630812713638,29.295688294601707,0.9182431901618435,0.918596353025742,0.0617008760667447,0.20663439,26.539753,0.9282647,0.92886984,0.075227804,79908,0.08287130610256045,2.7559353343966286,0.010021487362723125,0.01027349045722914,0.013526928415238483
model,545,0.40646902428785386,23.024459316908573,0.20725489792767088,0.24508696174411357,0.6290477503114996,0.40796944,21.9051,0.22408827,0.29959115,0.75054085,2806,0.001500420702304217,1.1193594481341584,0.016833368564219076,0.054504192115978595,0.12149310223519227
model,547,0.634872960754285,21.40540561251333,0.21630675850968556,0.23801761585749198,0.4223622262985009,0.815775,15.545132,0.28129026,0.3031637,0.41173542,29620,0.18090201645289883,5.860273929163721,0.06498350442786022,0.06514609139882516,0.010626810839821699
model,548,0.8025538285603081,18.17590905692292,0.2883909856647622,0.304482236787006,0.44052958911464013,0.7266238,20.732729,0.22863391,0.23594843,0.4044834,50703,0.075930054985479,2.556819901206964,0.059757075247205416,0.06853380827538641,0.036046181378815545
model,553,0.9343204673694245,10.036307337780691,0.23508647675046748,0.2518135317286929,0.5030850201111103,0.930598,14.218661,0.18666604,0.2013833,0.5146873,49832,0.003722446815835667,4.182353970507883,0.04842043513784236,0.05043023905367461,0.011602279617283218
model,550,0.26218438967142016,25.61896162677104,0.25824675073989667,0.28299655182709177,0.440454547241456,0.24724793,26.48304,0.33372656,0.36532095,0.48030734,137915,0.014936455329989495,0.8640782291859921,0.07547980436912738,0.08232439891944449,0.039852793380492246
model,551,0.9522282424922912,3.4489847358497414,0.27266911004410016,0.29790489405406106,0.3989018200072793,0.98803884,6.116672,0.22070016,0.23958364,0.44861326,58438,0.035810595417407276,2.667687303182241,0.051968950375177736,0.05832125276339639,0.04971143620876989
model,554,0.3146359735251119,22.43184516274818,0.25094858686168947,0.2826739355923088,0.44013157393715385,0.4122784,19.964928,0.22994068,0.25961086,0.41013217,9621,0.0976424402474711,2.4669174894083348,0.021007904212077044,0.023063074052468102,0.02999940421364311
model,556,0.5257304424793708,23.33756801732444,0.5770500273108565,0.5787746766590692,0.15942095672373535,0.5745502,22.54313,0.4191703,0.42043617,0.15435867,104374,0.048819768950225106,0.7944371426906507,0.15787973707915182,0.15833850298162477,0.005062286608264466
model,560,0.9617424449471007,15.306835133183355,0.33057601704484973,0.3353007391845705,0.25168022050689465,0.92987037,15.045594,0.37743837,0.38207573,0.24619722,102016,0.03187207789692981,0.261240917790289,0.04686234936826672,0.04677498780136091,0.005482996843564569
model,552,0.6775813120698957,19.963960370149568,0.28888790767857053,0.3037103401787057,0.42055380653769653,0.7788192,18.200243,0.29903224,0.31870311,0.43272537,21143,0.10123789130687433,1.7637173739337477,0.010144333427462793,0.014992774807713993,0.012171563392570806
model,559,0.7306073747820541,23.66579512149159,0.3794819971529445,0.3842743093343693,0.2676942321951832,0.6315362,20.097155,0.38572633,0.3903929,0.23717067,70060,0.0990711890406295,3.568640504182021,0.00624433551154524,0.006118590178875338,0.030523565738960645
model,555,0.4296828956029298,25.111043520066893,0.2592140003672971,0.26940991015274524,0.2868382426698058,0.36652547,25.000937,0.33578712,0.34686038,0.26807517,90382,0.06315742439245009,0.11010701188818217,0.07657311711393461,0.07745046882789136,0.018763074537023805
model,561,0.8361785286639322,16.74914446623162,0.265841202366313,0.27533939178411665,0.3398122771376841,0.7942748,17.296724,0.28271684,0.29130936,0.33616364,49983,0.041903721687613804,0.547579853226388,0.016875638139286997,0.015969964905336476,0.0036486371154062502
model,562,0.9710712456373126,13.942372808524205,0.2923101511095362,0.3029526097892272,0.40768310018402676,0.8300228,18.867785,0.30040523,0.30494532,0.28056476,46417,0.14104843374766418,4.925411691597866,0.008095082988898272,0.001992710101748729,0.12711834498268704
model,563,0.75752791169227,20.342262861304615,0.22933878157820156,0.2332416619499599,0.26450175639391715,0.53584135,23.69682,0.28008547,0.28281537,0.20950103,103676,0.22168656590522162,3.354556444115307,0.050746692674499244,0.04957370503345379,0.05500072833300407
model,558,0.15361326641640896,27.918895958021142,0.4302502349781126,0.431243018177521,0.11339806872458326,0.1699406,28.404053,0.545037,0.5469396,0.13961226,54633,0.016327339343211705,0.48515677635385757,0.11478673659094868,0.11569659325741555,0.02621418875603808
model,565,0.5518161539354067,21.257422216836535,0.2142090509650315,0.21689639097558097,0.20691411161994364,0.556569,21.1384,0.24153994,0.24434067,0.19871552,91888,0.0047528262815732525,0.11902309269102673,0.02733088927296745,0.027444282113446433,0.008198588734621065
model,567,0.7299727026828636,15.820219443744435,0.20864454854678757,0.223140474229676,0.32623142568691565,0.36798972,24.716265,0.26536438,0.2838323,0.36910075,68192,0.36198298376883165,8.89604528098701,0.05671983014393203,0.06069183740057302,0.04286932380572961
model,557,0.8042530652269934,7.746419323866078,0.2418638281766323,0.26084773519674415,0.2864307887519276,0.48853737,18.768845,0.23619995,0.25528818,0.31242603,102897,0.3157156940683935,11.02242528062611,0.005663882965221773,0.005559551507626714,0.025995241883906117
model,569,0.16324233988885,25.868563809846417,0.21329220646836405,0.220294147455472,0.3204243878450687,0.24419552,24.24337,0.2576526,0.27031475,0.35851282,100153,0.08095318098898813,1.6251937536940737,0.04436040407202596,0.05002060560010052,0.03808843096825526
model,568,0.3635511866544537,24.81049855981521,0.32657402720206413,0.3311031275406891,0.2449675127927997,0.15887499,26.643608,0.33000398,0.33297437,0.21469231,12639,0.20467619809854548,1.8331095334465104,0.003429949619835282,0.0018712467535919042,0.030275203294012787
model,572,0.6681022048374723,23.01912151677162,0.5485773670568375,0.5549379840657654,0.26493037051000407,0.7686641,21.870243,0.43748,0.44281736,0.27633426,79970,0.10056191679033533,1.1488784442618538,0.1110973644151596,0.11212062390303046,0.011403885423757532
model,566,0.9320362404747015,8.702493872944778,0.25509457564643284,0.26705652712648986,0.41013052459307137,0.99202263,5.4880505,0.25867078,0.2673578,0.37014934,129660,0.05998639307784981,3.2144434121293486,0.0035762014360103955,0.0003012693040979064,0.03998118038721504
model,571,0.4298315264030503,24.423535155215525,0.2500452673807149,0.2535901567722471,0.26053281800096284,0.43275505,23.107105,0.25684872,0.26370314,0.27922386,123777,0.0029235266403151994,1.316429900088572,0.006803455315589402,0.010112980863937582,0.018691041309187306
model,564,0.922059431932108,18.610531297984707,0.24008525532414826,0.2637034750597391,0.38718034602382345,0.82662374,17.281738,0.2485447,0.26954558,0.40305954,104307,0.0954356941200658,1.328793016734707,0.008459437669015801,0.005842109857329358,0.015879196155284214
model,570,0.9682458794534838,11.818227640566768,0.26492226619536047,0.2686694130269309,0.2587641214779138,0.91865546,12.471125,0.35718575,0.36350662,0.2668871,70656,0.04959042434102656,0.6528970084810837,0.09226348500436182,0.09483720213496483,0.008122977072882731
model,578,0.15981392412865852,30.191966254107918,0.7148540212692788,0.7208241816464307,0.21505013494875003,0.25485057,27.649908,0.45685756,0.46346062,0.21556951,108908,0.09503664225851799,2.5420581883120192,0.25799645920415426,0.25736355742844363,0.0005193761071963232
model,577,0.8445418893446468,13.059008926272426,0.3276829283428691,0.34071135237474326,0.3463254765688145,0.8555595,12.950553,0.2405056,0.25330868,0.34123018,69269,0.011017638529346119,0.10845598590377392,0.08717732240681869,0.08740266874093894,0.005095292729016543
model,576,0.22201967357788457,25.21218309135816,0.1864588396767857,0.21383527448196696,0.4785291367377211,0.17537346,23.672255,0.27379435,0.31168753,0.5252819,27314,0.04664620875511541,1.53992852898023,0.08733551333148457,0.09785225460509969,0.046752769390208615
model,575,0.45228452726469615,24.446886230553176,0.182627439175606,0.19567018101419012,0.47508082721332157,0.62766373,21.978476,0.20862669,0.22099835,0.48816904,125945,0.17537920431031606,2.468410659874465,0.025999248351096876,0.02532816579138239,0.013088217042888761
model,573,0.6612230181798006,17.39340019869038,0.3017207883069552,0.3136908393827164,0.29422372234979294,0.44586882,22.929441,0.31668133,0.33990926,0.3637202,83530,0.21535419822778945,5.536041253335988,0.014960537128683227,0.02621841612189174,0.06949648605665543
model,574,0.9872200287117558,5.384984655043482,0.24461963935753703,0.2737701139256233,0.6500017551615338,0.99352896,5.4803944,0.19955805,0.24271014,0.7340186,50999,0.006308933423559093,0.09540970835983842,0.045061589917153116,0.03105997059791027,0.08401686866735414
model,581,0.6630077311858704,22.97710323591712,0.334785160602768,0.33597819725453776,0.154247618315534,0.78773725,19.940672,0.39074472,0.39235625,0.18346275,59867,0.12472951914219355,3.036431315140753,0.0559595553262634,0.05637804945528585,0.029215135576410894
model,579,0.8747780626803848,10.358753426338069,0.24240195246965268,0.2549811510798022,0.41840801675823097,0.8427517,12.5081,0.26804525,0.2852381,0.436076,139818,0.032026380875727845,2.1493461296311693,0.025643294131452055,0.03025693609747443,0.01766796867344017
model,585,0.4964791756329421,20.172545092474905,0.382565101103708,0.3872134400184718,0.19204631859260632,0.41190627,22.834793,0.32805955,0.33040127,0.16550323,134630,0.08457290346001423,2.662247998345407,0.054505547003671384,0.05681216843682202,0.026543084921417964
model,580,0.6478926758932637,22.939908930876115,0.25195045867175064,0.2585808995955091,0.3296449194859449,0.63105476,24.87715,0.29275542,0.2964441,0.26472098,98508,0.016837916867689984,1.9372406510330649,0.040804966304598234,0.037863188625087196,0.06492394313325323
model,587,0.7637270022432696,11.181595795619685,0.3494047315961701,0.3515306918768756,0.17079197657597425,0.8009974,13.38691,0.33836082,0.3412181,0.18231064,68142,0.03727037419868595,2.2053146429179122,0.011043915355859413,0.010312577977644621,0.011518664235945913
model,588,0.5637897163583211,25.336433103263232,0.45739217925925396,0.46725939264700056,0.3382555173895164,0.47696835,25.903982,0.5846743,0.59656215,0.34771103,111405,0.08682136833204546,0.5675490592123538,0.12728211950402119,0.12930275449350237,0.00945550927903216
model,586,0.9278856013143196,13.096619652929036,0.2588889285094816,0.2727191900933471,0.3833829754231629,0.9363359,11.504751,0.27798116,0.29334202,0.35795787,78969,0.008450319973216991,1.5918684474846998,0.01909223356174644,0.020622833994558776,0.025425105655020208
model,582,0.9422131589268862,10.583004365549549,0.23269441022562576,0.2625814123818851,0.5687662015415583,0.9533724,9.861614,0.23027451,0.25247434,0.56449246,107960,0.011159259953576472,0.7213901382546268,0.0024198968617875627,0.01010707456564669,0.004273737476006567
model,583,0.3798906290774604,28.395688823466713,0.6220671226591106,0.62310056106572,0.13448329702054632,0.26744822,29.145437,0.534603,0.5358465,0.11039409,113742,0.11244241240074837,0.7497484171338726,0.08746412297191575,0.08725408927922096,0.024089206606499075
model,591,0.3866479889551586,24.704625623836105,0.20674760496264732,0.20957861948301684,0.24048264121361498,0.33455402,22.401274,0.2727487,0.27979276,0.3171873,91207,0.05209397236504021,2.3033518964191124,0.06600110376232826,0.07021413635919202,0.07670466805152173
model,584,0.9800538290992673,10.791814514918514,0.31210482790283056,0.3189154431968801,0.303905242077107,0.95122933,10.09479,0.29022178,0.29607192,0.26129594,40824,0.028824495221703827,0.6970240562393144,0.0218830473642716,0.022843526378261314,0.04260929762482124
model,590,0.22428920449174836,29.064828487148674,0.8237033498625265,0.825633088210129,0.15925954100903428,0.32539976,26.988537,0.77491575,0.77859867,0.21702033,83146,0.10111055193983123,2.076291652431877,0.048787595067452005,0.047034422019027966,0.05776079180422866
model,596,0.8914901159433789,15.40418972912952,0.3995075066760921,0.40558825260003484,0.27071614405731664,0.8334441,17.898413,0.39724222,0.40248412,0.28895807,37943,0.05804599744362304,2.4942229753382534,0.0022652884200953793,0.0031041336615887927,0.018241928605036872
model,592,0.570880126896596,12.651153828596293,0.28483683792578435,0.2886756119207482,0.22195594079481193,0.7346471,12.456335,0.31691405,0.32659796,0.26441398,9929,0.1637669683068037,0.19481876084726935,0.03207721384537959,0.03792234688242868,0.04245804183496407
model,589,0.9422479009505034,12.073267762606065,0.25489629723417706,0.2745560607609319,0.5272672490166623,0.90631706,14.551181,0.25665516,0.28955525,0.47952405,2797,0.035930845725131055,2.4779130769325093,0.0017588593782191797,0.014999190837426235,0.047743202834029885
model,595,0.9371681970602506,17.14105115768818,0.42346334257881063,0.4276051613873633,0.2874904155856863,0.8896298,19.973223,0.3568901,0.36138672,0.2740659,130288,0.04753841581406526,2.8321715748557637,0.06657323041717428,0.06621844502154911,0.013424503815819333
model,593,0.7926800239696571,16.572492782115482,0.4482722534545435,0.46574717876561084,0.34827991905074157,0.6582459,23.619196,0.2640903,0.2720891,0.2966313,87728,0.13443410283470836,7.046703155994869,0.18418195384822028,0.1936580848420421,0.051648612640905756
model,599,0.870792272657668,15.004591781274513,0.26462576317682,0.26881473080401985,0.24538963537538896,0.8969147,14.729623,0.26725742,0.27222648,0.24398555,35838,0.02612244787761031,0.27496894039316544,0.002631659031965994,0.0034117518257561485,0.0014040867599333373
model,600,0.62800779623571,19.176445668279218,0.20659369033169422,0.21094542441018277,0.31232575643764526,0.68587065,16.724934,0.2235358,0.23076867,0.31767005,77590,0.05786285119470991,2.45151204401164,0.016942115608933828,0.019823241261165803,0.005344290845527344
model,594,0.259210461074983,29.5044840630837,0.7361889600750093,0.7374839672805462,0.1309258292084832,0.32047957,28.294926,0.63296336,0.63457644,0.1587935,12919,0.0612691107443224,1.209558373386436,0.10322560071908282,0.1029075274230633,0.027867664896855854
model,597,0.8649009369438663,17.283445479094752,0.33050374722329606,0.3321849795982648,0.1661014643896437,0.7024166,22.61972,0.5739068,0.5819679,0.261467,89595,0.1624843381470218,5.336274979889623,0.24340303206594954,0.24978291066433894,0.09536554539314743
model,603,0.18870828959532843,21.24695056225259,0.44771681559403576,0.45456184053681664,0.21340804212725892,0.30424413,21.371769,0.3089149,0.31567028,0.22173005,115410,0.11553584125450983,0.12481838916342625,0.13880191576798595,0.13889155888818078,0.008322011297576287
model,604,0.8075486789191232,15.493742355862018,0.26813889301663213,0.2717155752492763,0.21486566523094522,0.7971967,15.311357,0.30972338,0.31354976,0.20261912,128538,0.010351992651270403,0.1823858113673893,0.041584484211151074,0.04183418175450787,0.012246544752315153
model,602,0.9734245160376812,10.926273417681791,0.19633461393468904,0.22013443344848485,0.5993476673559447,0.9592805,12.925335,0.22379889,0.24815561,0.546064,27360,0.014144025162437068,1.9990615127381304,0.027464272006816393,0.028021175324746656,0.053283648152758656
model,607,0.208754476546794,21.435594186209997,0.3655642344921037,0.36826528394365005,0.18489496429470673,0.2617722,22.352373,0.28599292,0.28818053,0.19848569,121745,0.053017709017247144,0.9167789369589485,0.07957131409339152,0.0800847538723915,0.013590723080361938
model,605,0.04556111777865405,28.663346029956088,0.3460224347026892,0.36914335395676334,0.34143278208188527,0.062754646,27.072792,0.45650977,0.48401707,0.3588983,50502,0.017193528164987613,1.5905539767334318,0.11048733426017093,0.11487372015136044,0.017465529771523547
model,601,0.16365723944947805,24.726668443617765,0.2362618802086269,0.23921821176841765,0.20204688297688192,0.1463244,24.497746,0.29790226,0.32059744,0.3295305,30470,0.017332843316055196,0.2289229297017492,0.06164037604175457,0.0813792282359311,0.12748362434924418
model,598,0.46649650318891117,22.10140852163753,0.23464364904870194,0.23982018941514485,0.2573304018924631,0.2892659,20.376766,0.24822108,0.2643944,0.3343902,123810,0.17723060233861515,1.7246423168035463,0.013577435426815332,0.024574213088822433,0.07705979133149016
model,611,0.7959674963304519,17.6486967469069,0.27447157611897083,0.27939679702283665,0.2800536367079211,0.75914407,19.163265,0.27024958,0.27579156,0.2775482,127102,0.036823428566169714,1.5145684813645843,0.004222000742460208,0.0036052413797549865,0.0025054427763415155
model,610,0.748679206142846,18.489825249710925,0.2931279428125402,0.31927621278102614,0.34377428830417733,0.41429013,21.78199,0.26912236,0.28383508,0.30641672,97861,0.3343890760044488,3.292164801558606,0.024005580675699356,0.03544112953479506,0.03735756815227609
model,608,0.9771198289703203,9.340577320527998,0.17807976479506255,0.19593952393301153,0.4395676262484865,0.95601225,11.907859,0.19964951,0.2385509,0.57430327,90430,0.021107579977400426,2.567281528043779,0.021569747972729203,0.042611377479952334,0.134735643137805
model,609,0.01302607981282951,27.34392654778096,0.28031922154268096,0.28382869237351294,0.16685253804593025,0.0067370525,29.635548,0.30677193,0.30984873,0.17768624,113420,0.006289027349834457,2.2916210901584932,0.026452712489759223,0.026020033422232913,0.010833706203413618
model,606,0.6797037753506594,11.432862154918745,0.24241672750087637,0.24663388336579534,0.19799089899518735,0.6605614,11.977976,0.25165686,0.25589105,0.20482118,100812,0.01914239258012107,0.5451136904181695,0.009240132612267554,0.009257171502902783,0.006830285282347137
model,612,0.9770687839407329,14.172480549030091,0.2847046378254377,0.2923133016620492,0.338350489146505,0.94115186,14.36936,0.23768744,0.24619175,0.34416538,19167,0.0359169265646343,0.19687942106268252,0.04701719909901253,0.04612154672487728,0.00581489562293469
model,616,0.5167922576441463,24.924204287697957,0.2654807006422714,0.2671033726104471,0.1655820146284652,0.4757294,25.9048,0.27964148,0.281631,0.149555,70463,0.041062851764171904,0.980596127341105,0.014160778611497504,0.01452762027895721,0.016027016945893785
model,613,0.49813913823768463,26.130431946079156,0.7219204685685362,0.7232844553182067,0.14191907645532145,0.428266,26.549637,0.7042726,0.7059732,0.1516048,55245,0.06987314941093292,0.4192048947411564,0.01764784073803083,0.01731124736761469,0.009685724961075642
model,615,0.858952334585741,7.649473876187052,0.42963848950858363,0.43331896302034073,0.2120381692096168,0.7796087,8.582299,0.31954214,0.32732004,0.27324918,125492,0.07934360808427621,0.9328253562958579,0.11009634973998317,0.10599892374803238,0.06121100991521536
model,620,0.7989993136716972,19.635234855380833,0.22310047647640094,0.23723884003907703,0.4735570451343341,0.8497569,19.334507,0.19922595,0.22343221,0.47987142,11879,0.050757582824121905,0.3007278668554427,0.02387452921554431,0.013806626971068603,0.006314376918049314
model,621,0.5101724700439616,23.789692772255812,0.39343845937697697,0.39593236765099327,0.17967095697199792,0.56735057,21.497921,0.4731077,0.47618183,0.20162503,84596,0.05717809634321491,2.2917717822655774,0.07966923620255184,0.0802494672851487,0.02195407724106818
model,619,0.4164889787622984,22.845367116796133,0.23151057706497105,0.2856104417255501,0.6928360393083633,0.3673673,23.782982,0.242593,0.3091599,0.71257186,111402,0.049121681351333435,0.9376147557624606,0.011082428234597125,0.023549462992848935,0.01973582005137786
model,617,0.035124985470459884,29.841396717568045,0.592818436259469,0.5965011929064569,0.18390947480439185,0.062054276,31.767565,0.57117265,0.5760272,0.17619276,78246,0.026929290995909745,1.9261680559915249,0.02164578163071529,0.02047397837932674,0.007716714336862551
model,614,0.9688914110536284,5.065707463058608,0.2543888443073827,0.27154336490421327,0.3723329166051639,0.97351927,4.7573614,0.31469178,0.34727067,0.37109524,48338,0.004627854598074466,0.30834605101026824,0.060302937690297986,0.07572730264873473,0.0012376764890444925
model,622,0.4240096298822378,25.56513661962743,0.29724315343244934,0.2979620255945331,0.11847869876780866,0.46995777,24.662842,0.3164217,0.3183237,0.16049322,68689,0.04594813903484596,0.902294822752431,0.01917853417054749,0.02036167602556882,0.042014526091429014
model,624,0.06887512799563995,27.177830641266404,0.4613728022374922,0.4744788761096627,0.29365619793045133,0.07225859,27.3179,0.3942051,0.42144302,0.39558935,107742,0.00338346365627655,0.1400690627130885,0.06716770885370316,0.05303586077267236,0.1019331537236014
model,623,0.3014251559030592,26.35167518401308,0.2859727846826757,0.2905815056205588,0.2728664925255047,0.30118528,22.472153,0.26837012,0.27313685,0.24924564,46126,0.0002398758184491978,3.8795224740521412,0.01760266296522267,0.01744465144880586,0.023620848909782055
model,618,0.0610720344275132,30.468005943999845,0.9281651540719507,0.9284905079585678,0.06020209537046981,0.05178229,30.338377,0.93121284,0.9315458,0.046954427,2696,0.00928974304496201,0.129628945098478,0.0030476883924963616,0.0030552860515945524,0.013247668456016305
model,625,0.14987987198183458,30.24130681180078,0.5480794237743785,0.5497323663432767,0.1758232258991785,0.04066832,29.331545,0.56394607,0.56808996,0.18306577,25060,0.10921155207106989,0.9097619357021465,0.01586664451251729,0.01835759566233852,0.007242546157401081
model,626,0.40660515179787193,24.071361234003955,0.20523691743686484,0.20986912277067432,0.2619237214193698,0.36496246,23.868633,0.27883738,0.28412932,0.27350235,39402,0.041642693187337265,0.20272796374028346,0.07360046535656167,0.07426019880449047,0.01157862843414581
model,630,0.7336971977572644,22.16846109871396,0.3195767190187249,0.3438939438559355,0.3832674178000808,0.6010825,22.482584,0.23166527,0.24494222,0.34047782,39250,0.1326146939616406,0.3141229009198305,0.08791145047834253,0.09895172579067368,0.04278959358896017
model,628,0.1755616601785962,29.856422291143428,0.28501561224395866,0.30044785483249375,0.29831712118086756,0.21893464,25.505432,0.2872557,0.3031009,0.3264603,75973,0.043372980109756765,4.350990162237178,0.0022400921589649236,0.00265305893055251,0.028143180695200554
model,629,0.9260807289530263,14.912312065218316,0.20959634963736198,0.2544749114082869,0.762163911415828,0.9739017,11.372887,0.22634445,0.2731191,0.83081764,53509,0.0478209600995555,3.5394254075034723,0.016748101670888443,0.01864418057932299,0.06865372841190032
model,631,0.833318541308137,18.89400860649104,0.19548616996328746,0.20844814679952095,0.40824348311436803,0.7535858,20.614689,0.19494088,0.20822044,0.40048322,25624,0.07973272587844948,1.7206802667999739,0.0005452900223008317,0.00022770963044593806,0.007760262298709464
model,627,0.2263742759941788,23.729455891151833,0.19524758838014156,0.20050477965046404,0.2740460473639361,0.19365644,23.961311,0.20566729,0.21187723,0.28184748,61296,0.03271783144461826,0.2318554491801983,0.010419698731140792,0.01137244717906477,0.007801429595292397
model,632,0.7937178356345049,19.856710665228544,0.41152247111395984,0.4130420745059053,0.1712870685401182,0.86698025,19.450756,0.41552997,0.41746053,0.16887243,103645,0.07326241901561104,0.405954592230497,0.004007495240410275,0.004418456490417333,0.002414637619517296
model,633,0.8566232515004749,16.654286504603412,0.21798417191567052,0.2432893438806313,0.5693711068008748,0.8654767,16.102531,0.26276374,0.28100514,0.43802258,128371,0.008853475985181825,0.5517550714979436,0.04477956671653163,0.037715800238631386,0.13134852307780653
model,635,0.19078609906560257,14.592191136247308,0.22822500054992417,0.23022463722839956,0.17932992884765694,0.12343894,17.995314,0.25462866,0.2616309,0.21330401,137164,0.06734715961343124,3.4031225081618715,0.02640365774475356,0.031406255525201515,0.03397408416618278
model,636,0.8006481632456577,17.4420138915429,0.20074158255979072,0.20565505006040538,0.2847960254956758,0.86187357,10.900923,0.25419953,0.26405042,0.31313014,31437,0.061225403858681915,6.541091116274345,0.053457952094826594,0.058395374038563125,0.028334114808889643
model,634,0.9873824145740986,3.9824240046504826,0.23168115622395946,0.2691690915269973,0.4360103050419596,0.9855545,4.388352,0.26869288,0.29079586,0.4193577,2650,0.001827898258638383,0.4059279126163631,0.03701172464495228,0.02162677114771583,0.01665261780708105
model,639,0.3293898192516041,20.03051332776778,0.23679315131191023,0.24543509649709372,0.28417425423634046,0.15930204,22.646526,0.23189345,0.24530265,0.2915048,53892,0.17008777831704142,2.6160130089021436,0.004899701290166453,0.00013244914487509085,0.007330546083331169
model,641,0.8754577764365074,17.665051183522323,0.22766142581878643,0.23054070395045514,0.22605741873502838,0.93264836,16.124361,0.2681512,0.2715137,0.23229906,131891,0.05719058429271018,1.540690145314315,0.040489768038406565,0.04097299653477435,0.006241640894411926
model,643,0.7619873662065316,24.309327011101058,0.40369246613045573,0.40615345302006245,0.23883650199861398,0.86029714,16.484114,0.29549626,0.30289778,0.339715,53915,0.09830977725278844,7.825213317863753,0.10819621097107768,0.10325567188641072,0.10087850196867118
model,642,0.10535499259687814,23.645468851245326,0.2178537603294612,0.24642753004723142,0.3246318739564383,0.64984494,21.96659,0.22937779,0.2668561,0.3946374,12908,0.5444899518802031,1.6788779698976697,0.011524030956053644,0.020428574088281887,0.0700055319159067
model,640,0.1131111833291524,27.360314359246196,0.35671689342169743,0.3595815811572725,0.21401805148261738,0.14187954,30.089148,0.3123196,0.31520227,0.21212779,117653,0.028768360332918824,2.7288332085028273,0.044397286879110154,0.044379315179413015,0.0018902616276140205
model,637,0.9325429426751646,11.963684748180292,0.2415856598330101,0.2817502049765624,0.5221455087798483,0.96857846,9.450259,0.24510393,0.28640524,0.52477336,101233,0.03603551515717185,2.5134255395010925,0.003518265633527362,0.004655030552383532,0.0026278505188577217
model,638,0.8746881746443157,11.905483122516415,0.2322074127162179,0.24168709501257535,0.3114160278281094,0.5628802,20.709646,0.21782602,0.22205868,0.30619943,3963,0.3118079566152935,8.80416310245917,0.014381389018364804,0.019628411378771027,0.00521659640873684
model,644,0.19783945796493002,25.279917423591872,0.6066102070634218,0.6086009013497828,0.17589104316293924,0.17102456,24.165997,0.5994839,0.6005712,0.124235734,73861,0.026814897036585295,1.1139208720782001,0.007126299840674033,0.008029686197042363,0.051655308819410495
model,645,0.46820014069413207,25.143589445602302,0.8278022313010099,0.8331439096215099,0.2773847432627699,0.5905001,23.315342,0.7941955,0.8007459,0.26402217,44613,0.12229997565413453,1.8282474961394115,0.033606758106887624,0.032398005175861666,0.013362571765424935
model,648,0.1516306103909884,24.153155731869003,0.19669141312657185,0.20234449594427073,0.2850050055505744,0.182499,23.083523,0.21311751,0.21978803,0.26806578,45176,0.030868395999583187,1.0696329352381433,0.01642609695376568,0.01744353384565389,0.01693922514934454
model,646,0.6781668705372883,22.216698723430387,0.34259897723627775,0.3466897118124495,0.24565681005715342,0.5628404,24.344662,0.3569491,0.36199102,0.24322933,988,0.11532646841097605,2.1279629892160976,0.014350113721363855,0.015301306244419999,0.0024274804711243714
model,650,0.9102008559565242,11.83188949340974,0.2101387782721897,0.2158911267967331,0.29310424843424043,0.8602925,16.143923,0.19769433,0.2019675,0.26977336,98676,0.049908361659496636,4.312033312376393,0.012444446864642716,0.013923634097110005,0.023330884367162796
model,653,0.7372772951216907,19.35196636148478,0.29297266264715915,0.30002716561368115,0.3144250741321621,0.7473209,18.637589,0.2889062,0.2992221,0.37170115,58694,0.01004359530494503,0.7143778605082183,0.004066475828082616,0.000805053911715814,0.05727607700042153
model,651,0.4238357671804009,23.732098433280704,0.2810620412970467,0.3194841019851587,0.49171259716508403,0.27085182,25.037786,0.29450196,0.32795072,0.48865393,34672,0.15298394647307972,1.305688050483944,0.013439918980510668,0.00846661403351806,0.003058669123625901
model,654,0.701452683699006,22.224360339365887,0.27985120846254397,0.29161577922362125,0.3475804639603112,0.6587219,22.447256,0.29350454,0.30304283,0.35430518,32067,0.04273075987088104,0.22289574889094865,0.01365332768934202,0.011427049813091394,0.006724713966705986
model,647,0.9362239300400598,9.772615210600307,0.28711800121718695,0.29497731951943984,0.31925056397100293,0.94953763,11.079328,0.23485743,0.24263023,0.24975216,110286,0.013313704809488569,1.3067123727126813,0.05226057612353613,0.05234709111920943,0.069498400083979
model,649,0.7026887791621337,21.286145261585723,0.25226652686978634,0.25848821412652795,0.268916553829722,0.79918003,19.814804,0.3575659,0.36507872,0.27241305,24962,0.09649125166062023,1.4713411844372857,0.10529938275431339,0.10659050334364112,0.0034964913382009577
model,657,0.6467374427876772,21.793677393255354,0.2749324382425089,0.28945413301773315,0.3972486151511333,0.78544974,19.110508,0.2503496,0.264695,0.40212587,18919,0.13871230048319683,2.6831694281674636,0.02458282719857885,0.02475914429016357,0.00487725006989026
model,658,0.6293324244481748,22.391467288113546,0.6310403309118419,0.6404094109802132,0.28729576298983917,0.61314756,20.604382,0.54873514,0.55470836,0.27629018,90950,0.016184867666406033,1.787085726834249,0.08230518915769147,0.08570104935454181,0.01100558469088897
model,652,0.44293240447282106,23.91417857944167,0.20628872423103464,0.2148478343993153,0.3281618266929878,0.17427784,25.842402,0.21001062,0.22250748,0.3726597,114589,0.26865456242799074,1.9282229250749303,0.0037218937403856456,0.007659642407325334,0.04449788633687363
model,655,0.9434359541845067,7.859420596200458,0.269603958110685,0.27471137248741134,0.2516652030011732,0.92100173,7.612123,0.27558297,0.28205022,0.27791792,1302,0.0224342218351109,0.24729758365773336,0.005979011078005192,0.007338849671020664,0.02625271854194816
model,656,0.8286437696452911,12.902517524918565,0.3794619915938078,0.38540849458840437,0.21340423315124446,0.8053286,11.973825,0.36332873,0.36690575,0.19399132,911,0.02331516208608697,0.928692070206651,0.01613326649424418,0.018502745744257643,0.019412914806174575
model,660,0.31921916579455256,23.147895758907346,0.4786707003031773,0.48025740202676986,0.15066100941840765,0.6613964,24.007174,0.53431284,0.5361736,0.1349038,19061,0.3421772184446442,0.8592777793006618,0.0556421439732509,0.0559161800502565,0.015757205950657105
model,662,0.9814917938666932,9.08151343940522,0.16862467124455638,0.18274391327933817,0.4346876222553509,0.9727905,8.580047,0.18281254,0.19683442,0.42691994,16536,0.008701314206658983,0.5014667856576622,0.014187870478694964,0.014090501918034265,0.00776768512156184
model,663,0.6253912210273029,20.94791592822811,0.23811401761547704,0.24561944855503456,0.31703572444294453,0.57834965,23.053211,0.25177988,0.26047269,0.3380977,29288,0.04704157112114449,2.1052952839300936,0.013665866484483286,0.014853236543613507,0.021061967093005174
model,659,0.32398739542623267,26.221581118115385,0.8643864336869351,0.866527866870157,0.15495248058298083,0.17349294,25.114897,0.7663895,0.7693599,0.16830127,45949,0.15049445714612708,1.1066843438233924,0.09799694451304597,0.09716798022388629,0.013348788829059877
model,661,0.9344885324032365,13.36081056490957,0.29149941443395355,0.30226576359489254,0.3792572437181222,0.9350634,14.210244,0.29717025,0.30693743,0.35884506,30409,0.000574889322990324,0.8494336138624021,0.0056708371739413455,0.004671662733766513,0.020412188614820193
model,666,0.5295102970140088,25.18757508675937,0.4607323960182892,0.46663562687634486,0.30563369325113277,0.42430085,25.802114,0.40080956,0.40602532,0.30922204,10763,0.10520944757629513,0.6145393999349658,0.05992283977248536,0.06061030658482569,0.0035883493094446273
model,665,0.06530772116455162,27.731200177303084,0.9428360003896376,0.9431949143007426,0.06458428640723557,0.14738007,28.482708,0.91278386,0.9132182,0.07558972,69016,0.08207234773364937,0.7515077999918383,0.03005213922935923,0.029976714093986057,0.01100543002724319
model,664,0.7589593766227076,15.256558751515861,0.3670066244908816,0.37096995602317195,0.1883224143495647,0.93306065,9.761845,0.30969554,0.31368032,0.23431548,57615,0.17410126943442128,5.4947141165060955,0.05731108263220852,0.05728963504500728,0.04599307041262707
model,667,0.20566113567320363,24.318430292948673,0.607166954470797,0.6099213160269055,0.17525641272520895,0.22231221,24.781895,0.58880574,0.5920002,0.19048919,40434,0.01665107631715282,0.463464390889218,0.018361219359560477,0.01792112958357661,0.015232775111438085
model,668,0.7119371172088889,22.11588123339415,0.31072731493686406,0.3155576256445687,0.2535326303822309,0.28896764,27.589819,0.43257973,0.4363762,0.22045971,123941,0.4229694780010489,5.473937721073625,0.1218524110438946,0.1208185883828361,0.033072915850332396
model,671,0.6386874359006693,20.893167564898384,0.4095339355790981,0.4206895892011656,0.32318245988770017,0.6053704,21.312756,0.5044568,0.5186435,0.33066615,58728,0.03331703356454874,0.41958801981841276,0.09492288252469216,0.09795390921954972,0.007483694735331448
model,669,0.19160847576884243,21.333610169695334,0.3790731303066779,0.4077031940544919,0.40911804167906457,0.40734175,23.834337,0.39806083,0.44932052,0.5413495,123298,0.215733272707186,2.500727064801737,0.018987698140664033,0.04161733087646208,0.1322314289363224
model,670,0.7626646422320812,19.23975472944023,0.2645080514661392,0.27060251184189826,0.30672723667549756,0.8074876,17.271378,0.27987647,0.28294185,0.25962916,30053,0.04482296477017711,1.9683771659636662,0.015368419099656694,0.012339336197728812,0.04709807650971082
model,673,0.9764691769033209,10.447906509111661,0.24731253975282766,0.2621304113418204,0.4639668186529554,0.9705888,10.343152,0.29648733,0.3202598,0.45691204,41579,0.0058803736120001115,0.10475446290804769,0.0491747916375532,0.05812939815219814,0.007054777942506196
model,672,0.8569102513072947,20.17159173731898,0.19833936267781258,0.21512725824907747,0.42944003721320695,0.7761057,20.365795,0.19952007,0.21180972,0.37084657,66456,0.08080454938392434,0.1942033981790665,0.0011807037026882183,0.00331753367975679,0.058593467675090494
model,677,0.978445241638329,7.403630090592458,0.20901191409612166,0.216860229838184,0.35769282307394445,0.99077934,8.270407,0.19196244,0.20209584,0.36545885,49647,0.012334098628852375,0.8667766324300032,0.017049478254561296,0.014764393437198292,0.007766023018279666
model,674,0.933140468796684,15.035366932150211,0.2403960952853827,0.2520084919547412,0.4491955826825902,0.9485041,14.108398,0.2231568,0.2464392,0.49283993,64745,0.01536362151245907,0.926968494650211,0.017239300379720157,0.005569288334784206,0.04364434975912124
model,675,0.2657100317711532,29.82377363250409,0.4286496180345158,0.442818973368093,0.35450375937233325,0.19525152,30.35674,0.55621165,0.55973035,0.25542262,137958,0.07045850732275843,0.5329673190339967,0.12756203233703572,0.11691137760312892,0.09908113740692492
model,678,0.7923074557700597,20.787919940331758,0.3085548706593984,0.3119579025228817,0.22118567048903373,0.79923725,18.130651,0.35333124,0.3601387,0.24270606,15236,0.006929795511678605,2.6572684663327344,0.04477636737198892,0.04818081179062539,0.021520389920512167
model,679,0.9385385043106363,7.88485013552274,0.2957937120598844,0.31119028532818277,0.33617933233413055,0.93396425,10.034842,0.2970408,0.30247214,0.30064937,65673,0.0045742518387125175,2.149991401952846,0.0012470782595583318,0.0087181409628721,0.035529957610696106
model,680,0.9651518054710506,12.132046666653608,0.5785419318151216,0.5840846630825709,0.23177051731386156,0.9609867,12.847464,0.48307595,0.4869006,0.22947106,57688,0.0041651316391109194,0.7154169411344782,0.09546598524567884,0.09718406527182566,0.002299459660434433
model,682,0.7846077379823118,16.648697317745018,0.2116396074506801,0.22259720377711556,0.3498019112876063,0.71494704,17.858223,0.23654655,0.25577214,0.37258565,61185,0.06966069313291601,1.209525643680763,0.024906938770099307,0.033174939825255656,0.022783742971121734
model,681,0.44580234463514473,24.574295206111394,0.27110933119099784,0.2899200975900592,0.4986241222159718,0.36801112,23.78781,0.26816574,0.2833294,0.43842283,137202,0.07779122765363838,0.7864858341631518,0.002943593800479649,0.006590700150102546,0.060201293303236814
model,676,0.12356821845165938,29.88915997854283,0.28789703926955973,0.2897315256583648,0.1557478971833015,0.06893155,28.784948,0.2980198,0.29936898,0.17686048,48932,0.05463666866413802,1.104211629543805,0.010122757340318811,0.009637451888327098,0.0211125843173241
model,684,0.89642643654295,18.38462808136126,0.48758114190278906,0.5051599083994021,0.4867336802853571,0.57920337,23.377485,0.37148663,0.38123122,0.38092202,129982,0.3172230693096736,4.9928571939072945,0.11609450788675207,0.12392868982297078,0.10581166080369814
model,688,0.6635316814753808,21.69463816813024,0.5601671165323581,0.5660996591792078,0.2629860283571781,0.4796985,24.73689,0.55573946,0.567465,0.28139156,69929,0.18383317249749076,3.04225262471644,0.004427654156717198,0.0013653481259374711,0.01840553267416345
model,689,0.8215363730566378,18.36546915867695,0.23294607910271653,0.24302916908741493,0.37474437787252896,0.80910057,18.508072,0.20964913,0.21808238,0.38087255,137309,0.012435804762112701,0.14260274073711088,0.023296948400697792,0.024946785812382882,0.006128169753966406
model,687,0.3175694231657386,27.66332072055059,0.25769231336911247,0.26604628999094415,0.2956749462856321,0.3960004,25.777498,0.29386696,0.3013947,0.30281806,100606,0.07843096211868522,1.8858224753113326,0.03617464882533028,0.03534841101308417,0.007143113635632525
model,683,0.655775815942286,20.27609894164626,0.2415101802793048,0.30514708564915755,0.7868528549401566,0.9915586,7.006035,0.1929311,0.22572498,0.639522,43300,0.3357827954506889,13.270064090572042,0.04857907955317717,0.07942210541405775,0.14733083889172516
model,692,0.7328371230754964,13.168899661323074,0.3457649721023721,0.3501156466423543,0.22022770723541685,0.64581686,15.556148,0.25686237,0.26566476,0.26571038,114621,0.08702026049233602,2.3872479140553438,0.08890259994241423,0.0844508903442891,0.0454826764182239
model,686,0.1101677283284993,24.214515085654668,0.45440005011898876,0.4563909155752555,0.1357384018140404,0.09511676,22.461796,0.40238678,0.40461972,0.12943128,12773,0.015050971472057806,1.7527192787699022,0.05201326556546093,0.051771192016829615,0.006307124300536371
model,685,0.8139860161723522,11.499698315284235,0.2963257795652152,0.31117302078457815,0.3284963981352072,0.8116477,13.875265,0.26519343,0.2828263,0.36613455,126889,0.002338302987995533,2.3755668061757262,0.031132346995711435,0.028346716348848167,0.037638156012513135
model,694,0.7971117069676212,21.81565610147391,0.23651981939259492,0.23902214271630223,0.16527275096245023,0.37801126,26.988708,0.23655222,0.2396197,0.19094047,125196,0.4191004505112461,5.173052394619841,3.2404170599353854e-05,0.0005975593844515514,0.025667718540952483
model,695,0.8919513720792114,12.814084509621452,0.2731207397757199,0.276980463212186,0.22060085929072273,0.91282207,16.717255,0.24728583,0.2502825,0.21766427,37242,0.020870695658367966,3.903170129050423,0.02583491178137326,0.026697966998273037,0.002936587697628862
model,690,0.6507798714806625,20.887884282883398,0.43856511686426625,0.44301413330000133,0.2301658937833063,0.496637,24.24041,0.5056748,0.5106752,0.24811354,21863,0.1541428847481796,3.3525255681908206,0.06710966255086437,0.06766105857927113,0.017947649011874983
model,696,0.24333410779563874,25.0129583801636,0.20477268866920906,0.23769194240858119,0.595414940803578,0.27616337,23.65038,0.19031784,0.21620676,0.5380394,60535,0.03282926162155181,1.3625791992553964,0.014454849285130078,0.02148518319417994,0.05737555453114762
model,691,0.702854403804891,20.875302981745794,0.23332278069445622,0.25191265670382595,0.3216571035852413,0.76095283,18.804876,0.20807086,0.21804179,0.33175653,125720,0.05809842650974528,2.070426654231145,0.025251921381445053,0.03387086419188595,0.010099428606988925
model,697,0.47677433185586443,16.236224509754315,0.2935519536121992,0.298098874240997,0.2612559134748555,0.59593415,15.550814,0.28072625,0.28918037,0.28936926,85628,0.11915982074728498,0.6854108348275574,0.01282569962584057,0.008918506055953679,0.028113341829481053
model,693,0.8214633953660724,16.2136253114222,0.23109514672146367,0.23599067909034585,0.26086421326332754,0.9151379,12.926447,0.1997188,0.2055792,0.2844627,14305,0.09367449163496522,3.287178396749347,0.03137634355412053,0.030411472742880336,0.023598477090066017
model,699,0.9815987405484998,5.8314048046184865,0.20120536393843752,0.20943940949023063,0.3225162851700747,0.98085135,5.747394,0.19508187,0.20745306,0.31964758,56792,0.0007473883336865939,0.08401071968806662,0.0061234892102347005,0.0019863523203163813,0.0028687047848665603
model,701,0.6536819701362699,24.639151653890472,0.6027325609072222,0.6051624144442306,0.2130973386542389,0.71889484,22.051268,0.48240465,0.4856448,0.20729472,118897,0.06521286915053426,2.5878840299891053,0.12032791164956225,0.11951762689425804,0.00580262122317049
model,698,0.9444164168826306,13.054287527671065,0.25475317800489505,0.26248339483677186,0.2938188712516471,0.96355516,12.096337,0.23516595,0.24711229,0.37640205,98426,0.01913874030197027,0.9579502092506544,0.01958722436872562,0.015371105765688786,0.08258317900508205
model,703,0.9022184789874153,11.751083260981503,0.3201494052415932,0.3235708162052725,0.22583127126830646,0.90570945,9.296479,0.43487218,0.44293344,0.27423662,124366,0.0034909664891167314,2.454604035822811,0.11472277498187178,0.11936262400316255,0.0484053482041972
model,700,0.27669280095840726,28.766300036834593,0.34882755328734866,0.3510890325259134,0.1646231011920816,0.4680798,24.749275,0.40795985,0.41045117,0.20566677,58449,0.19138700441573825,4.017024829315062,0.059132295355000586,0.05936214125643524,0.04104366437855897
model,704,0.3105454186695065,29.799615269623875,0.4597963883536772,0.4612069809853683,0.13946166945219063,0.18210131,29.992968,0.56518316,0.56629306,0.14215466,104545,0.12844410937003753,0.1933523359669458,0.10538677433553179,0.10508607979420326,0.0026929943490026087
model,702,0.29656355810663115,25.26260210249698,0.5057007901106305,0.5065682746199202,0.10342665028465478,0.22795749,25.877628,0.5139555,0.5145583,0.09249924,24381,0.06860607100030791,0.6150262239190347,0.008254683789210793,0.007990040657179454,0.010927409051782772
model,708,0.8862947411018764,7.999646291202808,0.2861850279264863,0.29216916951045757,0.24304815566071628,0.8622685,8.519239,0.28420258,0.2892603,0.20997639,13163,0.02402623362125511,0.5195931344563718,0.001982452242892563,0.0029088714967704377,0.033071765656558255
model,705,0.8549368982928311,14.902190520554676,0.24209232044299497,0.2447707235384027,0.19255193532880074,0.8495493,16.616158,0.27957463,0.28391567,0.25588733,19482,0.005387604774764743,1.7139670111836054,0.03748231220165835,0.0391449451875647,0.06333539424959891
model,706,0.9402377896679884,8.686898638420182,0.2275345131072033,0.2396904995644827,0.29934208070073376,0.9215299,5.713529,0.2643134,0.2739288,0.2955867,69482,0.018707900561237945,2.973369528465348,0.036778886684514234,0.034238291720078445,0.003755375492909052
model,709,0.25189379789123206,23.863854926967676,0.19649589940138357,0.21284537805186104,0.511940048484029,0.19886526,25.066118,0.19675383,0.21666636,0.5491437,21756,0.05302853323707252,1.2022633133887695,0.0002579303162525415,0.0038209776772420434,0.037203623505411954
model,707,0.408659025122655,26.50335938972604,0.6081920017367579,0.6115147383578953,0.15903228657125987,0.27573404,23.011116,0.6560122,0.6591758,0.16336855,109697,0.1329249879617816,3.4922433618940083,0.04782017573058828,0.04766107484019433,0.004336266351942647
model,713,0.4281862659828994,21.965813292759485,0.4673723759145197,0.47412333863569733,0.31149749318526476,0.37551528,23.664787,0.48969874,0.49680102,0.2632934,88527,0.05267098382881613,1.6989739997209838,0.022326361945206263,0.022677680079207452,0.04820410767958849
model,715,0.2674342965121968,28.023832391170515,0.36145599589302324,0.37508198015193384,0.2933533128272965,0.0660849,29.342728,0.31974488,0.3270311,0.28220826,76062,0.20134939750392272,1.3188952699622973,0.041711110925219286,0.04805087439517419,0.011145048953242531
model,714,0.6409162558343067,16.557899787662684,0.2698454570138701,0.27635569370254903,0.257872954132327,0.44112176,20.933249,0.28293812,0.28689262,0.24546087,97067,0.1997944988038196,4.375348732234777,0.01309266573545853,0.01053692900672526,0.012412086250552123
model,711,0.013977814009635511,29.200523492524052,0.34520999086438753,0.3514628837870405,0.24753952135971563,0.03093618,27.015682,0.4052048,0.41503423,0.28771064,71436,0.016958365672976906,2.184841272065068,0.05999481188715361,0.0635713507367327,0.04017111549445612
model,710,0.9807445147793058,5.949552569637213,0.24210749502171608,0.24803463473063864,0.2830774540672009,0.9755264,6.7030206,0.20579168,0.21268742,0.30410117,55855,0.0052181223194364135,0.7534680030251408,0.03631581301678749,0.03534721686583914,0.021023715042143565
model,712,0.44206355083430243,23.542417156513856,0.4298648620527847,0.43436973502385956,0.2541975916526504,0.25663862,24.073792,0.48857486,0.4938723,0.27663612,3488,0.18542493451083136,0.5313743473923935,0.058710000427378894,0.05950257966768402,0.022438532004576184
model,716,0.6761303211021874,24.595314735359956,0.3376854875752591,0.3399525383496237,0.17974301598675488,0.6305837,24.962725,0.40436742,0.4105566,0.22126126,45199,0.045546617584273585,0.36740995030898915,0.06668192952183255,0.07060407604933261,0.04151824690692188
model,720,0.8883280648243059,15.098386334217864,0.47021994773199216,0.47431610350531994,0.20954588175620334,0.7837793,17.974567,0.39782348,0.39956695,0.16181608,139772,0.10454874172326223,2.8761810791122144,0.07239646498014585,0.07474915509147106,0.04772980631198184
model,717,0.9607852907794955,5.672652110657651,0.2574698460781745,0.27040364024552943,0.34322983177399535,0.9460164,5.712701,0.26232114,0.27754635,0.35810623,64676,0.014768919529342894,0.040048733153383864,0.004851298264247961,0.007142705942062122,0.014876393954993294
model,719,0.1992338578103236,30.529178648606056,0.5555096462668566,0.5565573474364781,0.1352188640640171,0.21347836,30.154163,0.6193803,0.6209859,0.15370548,67282,0.014244498789484139,0.3750152880103528,0.06387064900978523,0.0644285777611232,0.018486613650521483
model,722,0.3831813748857244,23.156105849715974,0.23327522292792163,0.23490988614403185,0.14671160146576157,0.33215523,23.907267,0.23452787,0.23566322,0.14522482,97773,0.05102614722459159,0.7511607671053149,0.0012526480847660504,0.0007533341423374695,0.001486776917993926
model,721,0.1441837317328757,24.742002584306363,0.1844075320833335,0.19594897800356156,0.34006309414721453,0.22988173,26.720173,0.22409628,0.23886372,0.36112475,128213,0.08569800192305388,1.9781702977737154,0.03968875123327875,0.04291474348634475,0.02106165980481184
model,718,0.15144779270835906,29.20254296093958,0.235412704560657,0.23897543542905117,0.18883443539446015,0.122711554,27.602333,0.29656005,0.303002,0.22309849,129728,0.028736238538704217,1.6002098920919252,0.06114734449634984,0.06402656442599033,0.03426405126745086
model,726,0.5710058244403212,26.206577782909836,0.31285947481328524,0.3164485442147035,0.23278640932788625,0.5353737,25.961458,0.42238605,0.42528588,0.19260523,136110,0.035632136696180594,0.24511957673307805,0.10952657541101896,0.10883733158256825,0.040181182095906876
model,725,0.2795788546528523,25.059780982478724,0.26597698491205224,0.2756174026353152,0.2739810519551252,0.36439523,23.138187,0.27518603,0.2855157,0.27424112,130877,0.08481637635567735,1.9215935740314585,0.009209047144756233,0.009898293175002792,0.0002600676680590275
model,724,0.9584072192390759,10.344062403984125,0.2379321594562882,0.2725600151561049,0.5445629312968099,0.9512979,7.557986,0.2735986,0.32613438,0.65719795,91024,0.007109340020020727,2.7860766213608343,0.035666451898539675,0.053574368522331384,0.11263502097369793
model,727,0.9036030905964468,17.25283478537832,0.25995360757265523,0.2631991341070716,0.24805421354074603,0.329764,27.615551,0.3461752,0.37103602,0.3405027,112895,0.5738390820744131,10.362716209494728,0.08622158621396586,0.10783688879446346,0.0924484956095683
model,728,0.7120554926580045,22.995909598195922,0.4818509923767858,0.4934783067044743,0.32257744731484816,0.3461275,25.014786,0.4804868,0.48979822,0.28969485,122922,0.3659279825872037,2.01887616840564,0.0013641821694188594,0.003680088692618211,0.032882601638426046
model,723,0.8853243647011821,6.089625755009834,0.2684696252301618,0.27803338940643696,0.27969675730875937,0.8791462,5.8812275,0.27350503,0.28128216,0.30898508,27442,0.00617814640131642,0.20839826172370124,0.005035406832368694,0.003248767299419364,0.029288326986513458
model,733,0.36659739404125996,25.80808833692323,0.4680001678976601,0.4727074165498322,0.2500688813925696,0.28102356,26.616869,0.47735384,0.48087215,0.21912508,56965,0.08557383208676167,0.80878063585509,0.009353673168700394,0.008164737686007617,0.03094380426415927
model,729,0.05871645180003996,29.7603728551934,0.21259161470895357,0.21683742409876014,0.23997983156305558,0.15579304,25.512444,0.21662425,0.21849175,0.20467652,107929,0.09707658919078951,4.24792931271293,0.0040326303386157,0.0016543238765892865,0.03530330775839097
model,731,0.8441858126906916,20.712027810138004,0.4839209844776511,0.48761926163657976,0.2818982869650205,0.92533064,17.275572,0.51255894,0.5192822,0.263426,96930,0.08114482619480645,3.4364559870178866,0.028637952595102822,0.03166296015754866,0.018472281124718992
model,732,0.659437627599914,20.094610344044035,0.24284458380294613,0.2682190461218598,0.5214025318256853,0.63458794,20.49717,0.23320682,0.2853689,0.5536647,93972,0.024849684045989417,0.4025591505848709,0.009637760334737816,0.01714984344837639,0.032262152469969
model,735,0.8910224642703262,12.929641495444173,0.24000654257903825,0.2798540374951165,0.687867603924197,0.94056726,12.368313,0.20894487,0.2385528,0.64497226,41957,0.04954479074981544,0.5613286597508136,0.03106167055736314,0.04130124363468102,0.042895339157503876
model,730,0.9640731116244224,13.2388111656946,0.2215493545875032,0.26217393412787005,0.7813264494263448,0.96207917,10.52854,0.19534951,0.24053334,0.7246744,113637,0.0019939442583946088,2.710271508101826,0.02619984010309767,0.02164059713083788,0.05665204575889482
model,738,0.0331697247822977,27.053625278164056,0.33215599253856554,0.33355308255770416,0.16421062876003684,0.042134393,28.519365,0.41700473,0.4188601,0.16348727,133095,0.008964668224265483,1.4657400325048897,0.08484874173915968,0.08530702510258942,0.0007233582856029375
model,737,0.6793473748565549,19.58762186488389,0.2259582874114892,0.2653886894879846,0.6235132785792978,0.9492476,13.88194,0.19837923,0.2452453,0.6697798,62692,0.26990022379151635,5.705681976883401,0.027579053931989395,0.0201433967052011,0.04626649894755763
model,739,0.43844128441942143,25.07710584316177,0.2566422720755804,0.2594727829654167,0.2121159561468156,0.66399384,18.517868,0.27633017,0.28149956,0.23333858,38025,0.22555255102979732,6.5592378011695835,0.019687900940014103,0.022026781682257857,0.021222623388668704
model,740,0.19036011230570496,27.566833227255767,0.32236651760868135,0.3427538039287939,0.4204869147442861,0.31443456,27.897131,0.35374594,0.3999178,0.47618893,120024,0.1240744458474475,0.3302977389307564,0.03137941973873076,0.057164007226525315,0.05570201314458412
model,734,0.9763767980566703,9.387623668791932,0.23311225163823995,0.24603409558790165,0.4213434471818993,0.8584845,17.545712,0.25552782,0.30308685,0.5390641,31551,0.11789229144961466,8.158087848542053,0.022415572525196936,0.05705275147897762,0.11772066214350962
model,741,0.08099868287303412,26.36433830181496,0.23592889321501181,0.24928541915139543,0.39275790081423817,0.11566569,25.263535,0.27474204,0.28992954,0.41867027,117063,0.0346670062377218,1.1008037559165231,0.03881314384286477,0.04064411981382979,0.02591236605244579
model,736,0.5289521179622472,20.808965209532776,0.42851581264053945,0.4298885648287556,0.12260677538875489,0.6789212,20.249977,0.44709453,0.449261,0.16402584,89703,0.1499691047245204,0.5589880977163695,0.01857871722663279,0.01937244486439016,0.041419067754708244
model,742,0.5772294618055793,24.797498876446774,0.6733250259372809,0.6758057464940336,0.19793674767955904,0.28424543,28.624516,0.5841926,0.5871004,0.1786869,9469,0.29298403038239207,3.8270166570004918,0.0891324519130805,0.0887053598744657,0.01924984575256472
model,747,0.2825843494272989,20.016977755466943,0.32106410827112286,0.33451927215708543,0.3276991072809433,0.32402557,25.24644,0.4600338,0.47161618,0.27236578,83664,0.041441221918984084,5.229463131984229,0.13896969590711505,0.1370969065939064,0.055333328596327225
model,745,0.955482577437426,5.047177365588347,0.25469590323234664,0.2600314010587301,0.20574402083218393,0.96383125,3.6828706,0.2757874,0.282905,0.2231898,110875,0.0083486684617744,1.3643067391387618,0.021091509887923132,0.022873611310425757,0.017445780145522977
model,746,0.4742484244617758,18.702609367715272,0.2588927006329955,0.2627885018736098,0.22778967085756466,0.63223654,14.575602,0.26232326,0.2658193,0.23566844,38872,0.15798811585575961,4.127007789956483,0.0034305596743164912,0.00303080926835797,0.007878764835222513
model,743,0.30877127047574354,27.845799571148802,0.37851020050777556,0.40132630559654187,0.35738172707539995,0.624487,23.049679,0.26250497,0.27551338,0.3556491,69116,0.31571571234667467,4.796120768658568,0.11600523544086577,0.12581292483062695,0.0017326134203096144
model,748,0.9270058568780685,13.469819599086463,0.3710140236739274,0.37482091727064343,0.1921307350508819,0.92891383,11.326196,0.40738854,0.41093522,0.18929538,51150,0.0019079748327469614,2.143623882228553,0.03637451444824974,0.03611430583192615,0.002835353743279978
model,751,0.7868055269856986,16.49073611646815,0.2240704558711737,0.23765859643253656,0.4166336292690572,0.8272738,17.09672,0.19333977,0.20690589,0.32910386,8144,0.040468259082264035,0.6059836253531401,0.030730690799304794,0.030752709901660402,0.08752977199023337
model,744,0.9872828424745521,7.596475060435516,0.23443824766195145,0.24933372141687832,0.5151356779270433,0.9867491,6.256563,0.25242615,0.26772958,0.48691654,54054,0.0005337298685035297,1.3399118737900082,0.017987899798986046,0.01839585898549595,0.028219135873820633
model,752,0.7834236687061432,18.969713904560148,0.25498175702657266,0.2603245984128078,0.24559094220764652,0.9386853,12.858724,0.2613711,0.26773545,0.259314,83737,0.1552616292598602,6.110990264118254,0.00638934888277487,0.0074108530470768375,0.013723058398890348
model,750,0.6316919638166563,17.289132829079847,0.2745773970808522,0.2763081051913904,0.15072154373132537,0.51407087,18.037323,0.3022026,0.30379167,0.16269009,108089,0.1176210953245298,0.7481901689670281,0.027625215080784138,0.027483566799957893,0.011968544421560062
model,754,0.2531604157663153,26.686904852807253,0.2835311507269402,0.28572942154909126,0.16391237398041938,0.2297464,26.58047,0.27985048,0.28195795,0.1630385,1796,0.023414014456348275,0.10643572133752599,0.003680667786266356,0.0037714673807715537,0.0008738668764994018
model,753,0.5692264237053979,18.839705776848998,0.3223497569015937,0.32494552826103185,0.22586727176134663,0.7206576,18.339954,0.2757548,0.28168714,0.2787962,2565,0.1514311633459937,0.4997514006282948,0.04659494752201604,0.04325838779624913,0.052928924222540086
model,756,0.8627903709057637,17.68738342948606,0.34613555419786524,0.350418972144681,0.25630229577225494,0.9179486,15.312695,0.26894796,0.27347046,0.24368086,83809,0.0551582327243022,2.3746888799255146,0.07718759525163721,0.0769485107761202,0.012621431199729916
model,749,0.6744616023849436,22.781292807596902,0.38237536931612215,0.3877675571858582,0.24774904641093864,0.62068605,22.319551,0.35467276,0.35942963,0.2729082,12280,0.05377554815520724,0.4617413397013941,0.027702609544775103,0.028337929528921557,0.025159164343455886
model,758,0.26961709376713827,27.66453034244006,0.5446543137824833,0.5523483200238731,0.23510760488164695,0.561989,23.860765,0.31856877,0.3219168,0.23131114,85630,0.2923719156132023,3.803764885286739,0.22608554766538735,0.2304315312074211,0.003796462437036352
model,759,0.35857763515587043,24.012224544845115,0.20796433692038202,0.21069572888080096,0.20691319496221483,0.34047797,23.237242,0.21820621,0.22101076,0.20919298,71935,0.01809966193313789,0.7749827998499974,0.010241875004170897,0.010315030592046026,0.002279781393337843
model,755,0.4367103748235197,21.40478000299335,0.38633141657772685,0.39060160791048687,0.2073573186982427,0.7052057,20.965828,0.3057663,0.30781746,0.15573308,54159,0.2684953041162996,0.4389520610988171,0.08056510230961467,0.08278414880404156,0.051624239980057274
model,761,0.18537787437818307,26.91272976235636,0.4730518478626663,0.47941332442754725,0.21178499528242015,0.18791723,28.928452,0.46270692,0.46781167,0.23167673,73724,0.002539358135244668,2.0157217757295776,0.010344924377864051,0.011601650547923836,0.019891732250920308
model,764,0.058416089763200583,26.58076612512132,0.2196141607653381,0.23464847610766204,0.3556685962603384,0.030538395,27.569656,0.24240702,0.281182,0.43246186,22971,0.02787769471601278,0.9888902469489942,0.022792863141369663,0.04653351499264924,0.07679326153537691
model,757,0.6929603730134657,23.11861761042474,0.23771454524859567,0.24545391838701286,0.3060914470821337,0.7188212,23.282179,0.26146644,0.27154002,0.28852347,36966,0.0258608545370409,0.16356126835944096,0.0237518982900701,0.026086097548884968,0.01756798168715995
model,765,0.19586898767820252,26.258847413272495,0.2813587448393179,0.32734205820714846,0.4410523825238008,0.11710492,23.78434,0.2717382,0.29609716,0.3858561,112596,0.07876406991353882,2.4745075084873385,0.009620543459541886,0.031244898821467304,0.05519629054763503
model,763,0.8330173496381219,11.586480661781984,0.2915937242710722,0.320192448494152,0.49817077548488475,0.8288601,6.4539657,0.2535195,0.2769209,0.4444916,46898,0.004157245554107014,5.132514997872072,0.03807421900869734,0.04327153384418864,0.05367918045505382
model,767,0.1202203094168148,24.90063953130735,0.22909212249005295,0.23106119108993345,0.1521451017994589,0.058273792,25.544632,0.2265509,0.22845492,0.15778206,129342,0.0619465171499691,0.6439924267004642,0.0025412155934617653,0.002606273420637184,0.005636961088686554
model,762,0.9930762810679182,5.8643186111426076,0.20167721442364428,0.21119654250627853,0.3361610592472378,0.9812449,5.1715565,0.23413822,0.24592929,0.36784026,32123,0.011831359383653095,0.6927621383642872,0.03246100612498548,0.03473274337762497,0.031679201020019865
model,766,0.5762626243855404,25.028598094667355,0.31192787585452375,0.33109086109736635,0.3770196383457622,0.6824019,21.66604,0.4960711,0.5092071,0.32594162,102892,0.10613927113753086,3.362557674135129,0.1841432243804616,0.17811626838108824,0.05107801608852952
model,760,0.6357082804248096,20.228007634209927,0.2423291811347688,0.287570902014179,0.6061714896950321,0.9386763,8.173751,0.25781628,0.31843534,0.66513956,36591,0.3029680172398327,12.054256756829556,0.015487103760174425,0.030864439105587227,0.05896806623605921
model,771,0.34219755103666777,23.301746269983095,0.176767495434049,0.1839462145133786,0.3595078877226134,0.3678344,26.228338,0.20010921,0.20996815,0.38456494,117812,0.025636838173079546,2.9265919715940534,0.02334171815657296,0.026021935148639236,0.025057048438427876
model,770,0.3889124360031454,23.13526377505045,0.4100713874772526,0.42619857031147734,0.26123442508385936,0.6133823,21.855005,0.34501153,0.3616968,0.31182456,117298,0.2244698438697489,1.280258510768224,0.06505985517058144,0.06450176078121916,0.05059013508154592
model,772,0.6101039060408987,24.169831714700354,0.366131752750025,0.36853183443005455,0.1794148392063637,0.78991586,21.76208,0.41703415,0.42052573,0.2053714,103496,0.17981195365835057,2.4077524758087527,0.050902396419896856,0.05199389522616493,0.02595655554709242
model,775,0.40024498053258056,22.532673452934915,0.18709055305575864,0.20703852220298272,0.42443646429629756,0.7558086,21.024445,0.19105119,0.20548974,0.40307555,87102,0.3555636113100708,1.5082288728567903,0.003960632075314358,0.0015487824273250628,0.021360918270067697
model,768,0.5309826605514483,21.637531133060563,0.2789741780089604,0.2843494852163266,0.2464988129563819,0.60164493,18.015358,0.29304653,0.29804865,0.22421816,97793,0.0706622726722761,3.6221731618691564,0.01407235605247148,0.013699160041623248,0.02228065304236518
model,776,0.9700014486642967,4.766166864082031,0.19625791381060934,0.21687279590041209,0.46403540357468026,0.9797903,9.041464,0.25412706,0.27075157,0.44774666,39745,0.009788821664225011,4.27529698784668,0.0578691415959611,0.053878769794396875,0.01628873928902047
model,769,0.8646708982719323,11.411544639757714,0.22488295088285631,0.23342224122600172,0.3798530061109661,0.88633156,6.357116,0.24697702,0.26263988,0.41662005,39591,0.02166065995560673,5.054428417376123,0.022094065446909006,0.029217638954357167,0.03676703978937873
model,777,0.4871700950597511,22.160205604691782,0.35605939239910933,0.365188630936532,0.3629395393736766,0.6189152,21.972467,0.44038516,0.45807207,0.39580497,112312,0.13174510517370835,0.1877381822064308,0.08432577043124345,0.0928834353705359,0.03286543208285109
model,774,0.33122739200364126,23.41986722575008,0.28685776940031754,0.2930008887290051,0.3242908540983632,0.20612553,24.561184,0.34922385,0.3544411,0.27720395,34710,0.1251018643833257,1.1413167036932776,0.06236608275727523,0.0614402175904224,0.0470869067926839
model,773,0.5587156793757296,22.13120468881505,0.2597781514919224,0.28199038733457904,0.48895715140604756,0.52076787,24.395554,0.34825858,0.3773273,0.46659917,119873,0.037947811810574605,2.2643489000521377,0.0884804332458553,0.09533690582299847,0.022357985012767534
model,780,0.36031057030329383,25.80829495629316,0.8607942113367211,0.8618062381882255,0.10686599898873485,0.6398945,22.05278,0.8401244,0.84324545,0.13910647,9519,0.279583915170339,3.755514804925973,0.020669783064473757,0.01856079150624923,0.03224046837748372
model,782,0.28669310429028944,28.541278552558193,0.32591483567420265,0.32986254235983653,0.23318828863155294,0.55218023,24.239046,0.3381311,0.3438967,0.24177964,43991,0.26548712632723376,4.302232455756435,0.012216264265143661,0.014034144670955706,0.008591351685410253
model,778,0.9515160697476374,3.0629043019419413,0.31278364187738067,0.3190273833040401,0.2109767170339256,0.947948,3.591769,0.29131505,0.29871163,0.22402523,8528,0.003568090774248689,0.5288646780843038,0.021468592944351494,0.020315755582253625,0.013048517546114385
model,783,0.22674985378365856,25.42419626939596,0.21761725314996236,0.2204009354164932,0.21795495512714952,0.109907046,27.197996,0.2489474,0.25129956,0.22078718,50769,0.11684280782323223,1.7737998701304072,0.03133014372446544,0.03089862465354465,0.0028322273231449757
model,784,0.9870655975414302,3.803034305378233,0.3072632810939264,0.3441925113163252,0.5226935862214283,0.98097515,3.5607574,0.30584252,0.33464316,0.4137086,131704,0.0060904464794184765,0.2422769067728865,0.0014207622874689019,0.009549355979945218,0.10898498879978213
model,786,0.7681639020874956,19.313709473105963,0.33762853822788896,0.35548439089770395,0.3597086055720889,0.8162877,18.553108,0.26423275,0.27976727,0.36892626,25115,0.04812379427404612,0.7606012577739314,0.07339578352055254,0.07571711604113657,0.009217651322976417
model,779,0.2616555636599516,23.880700393376273,0.27620872430419063,0.2812712957984786,0.26201373056997856,0.15414824,22.994436,0.29066956,0.30404016,0.29651284,139865,0.1075073277428602,0.886264129338187,0.014460836128243448,0.022768867956938277,0.03449911160836616
model,781,0.8159988716951461,20.904657338343423,0.6032214203487252,0.605694369862335,0.22857814745186358,0.8524211,20.508192,0.51523894,0.5205988,0.23249274,117984,0.036422233212843436,0.3964652759654932,0.08798247963293537,0.08509554106976303,0.003914597470774356
model,789,0.3106106292083705,22.58019480032734,0.2643162591900963,0.26850403536489104,0.21552777676379217,0.20286459,24.783894,0.25130647,0.25439805,0.22871582,138363,0.1077460419013942,2.203698784877737,0.013009784981264538,0.014105987440849288,0.01318804533684717
model,790,0.8047777608067775,11.692920308584796,0.26741780271184895,0.2889108152619655,0.46157381349353865,0.8458292,10.793976,0.2341862,0.26530603,0.4764667,51574,0.04105142801692241,0.8989444785066709,0.033231600424175,0.023604789518480995,0.014892872039984906
model,793,0.9401566266699446,15.415999684878514,0.3052624455809601,0.3230531858389536,0.3795342071861622,0.8987009,18.045307,0.34844077,0.36515146,0.39374682,54571,0.041455733744682144,2.629307474545314,0.043178320753573585,0.04209827910016384,0.014212615886271263
model,785,0.803916291164922,17.104196856745794,0.26718438912559556,0.2805685828255117,0.34746709769369455,0.8632484,16.21423,0.2375223,0.2494248,0.3468818,13949,0.059332116675806734,0.8899672730055599,0.029662085067520605,0.03114378254875544,0.0005852908432611992
model,792,0.9683143037736628,12.746727599200092,0.2882797250145201,0.3273916532443631,0.5209038077527456,0.9373911,16.300276,0.2874041,0.32877862,0.4868762,13655,0.030923201459667427,3.5535482034122126,0.0008756348484281751,0.0013869712902438436,0.03402761804403587
model,788,0.5657866809288017,25.058686679291924,0.7305395568026968,0.7320509038745475,0.16820044187952038,0.46817136,26.198893,0.7820694,0.7839202,0.1551131,118781,0.09761532282028118,1.1402059140918652,0.05152982824903052,0.051869324606745204,0.01308734087396618
model,791,0.3055596716524349,24.11945699743464,0.46637134837495803,0.4786468554903506,0.263074815863515,0.59946287,18.974316,0.33837765,0.3460698,0.216998,98863,0.2939031951307072,5.1451413541240925,0.1279936938224983,0.13257704271569237,0.04607681989088164
model,787,0.8090075277028624,17.022314239798582,0.25885070777771846,0.2667046540476348,0.30873233867370714,0.8281579,13.349785,0.23719877,0.24403088,0.28638783,9668,0.019150374061053577,3.6725293887243637,0.021651937731484328,0.022673776099827514,0.022344507701035632
model,797,0.8958500296880837,11.174500968096062,0.2501997478062312,0.2615225842735561,0.31483805515267665,0.8935061,11.393676,0.25939396,0.27400625,0.3454277,81184,0.0023439199735756366,0.2191748360421215,0.009194212431271831,0.012483663246890653,0.030589636783816265
model,800,0.9240559124815909,13.933001096876978,0.18532291110835486,0.1911503696776262,0.28982840403704774,0.7600074,21.52298,0.3435528,0.36944008,0.43983027,19140,0.16404853104238193,7.589978639451147,0.15822988692440576,0.17828970905772537,0.15000186935276855
model,794,0.15762034776870548,30.608226805092848,0.5810414055680558,0.581620987481098,0.09905576830235803,0.2328298,30.245413,0.72353137,0.7243967,0.09887269,42628,0.0752094465189761,0.3628139785547617,0.14248995982653645,0.14277571814634338,0.0001830769094594703
model,795,0.21416718581877547,28.84463900808298,0.7703646288832477,0.7708738258187254,0.0910815416751682,0.16896933,29.494652,0.79489785,0.79545385,0.08396156,103339,0.04519785264693099,0.6500127863506151,0.02453322544490777,0.024580020635894928,0.007119980352955982
model,796,0.956226344039673,11.935001607692698,0.17598248562285684,0.18883563678344584,0.444908223899539,0.9247539,13.45453,0.17261249,0.18057151,0.39268345,12017,0.031472439697021626,1.5195281545753687,0.0033699973530509353,0.008264125395620825,0.052224777492220875
model,798,0.5283589313493903,23.24769880625649,0.31927255058696546,0.32884607760063933,0.31015591681453303,0.8867507,14.301664,0.30862877,0.3150049,0.27876002,33584,0.35839176674020934,8.946034453839498,0.010643782858159923,0.01384119240395354,0.03139590085002497
model,799,0.6274709660107857,24.611591421577074,0.31789483030448845,0.37300787049745104,0.5036479706048975,0.5463082,22.130613,0.26028532,0.2919428,0.5216134,98409,0.08116274657795486,2.480978094550707,0.05760951240669182,0.08106506544564746,0.0179654484510412
model,806,0.981470380790957,4.962816386139309,0.23695896423417026,0.25709410419104495,0.435082573583123,0.9756968,4.10861,0.23732993,0.26804554,0.44013456,107666,0.005773578651674827,0.8542062329410669,0.00037096583289211726,0.010951440433283666,0.005051981518271631
model,801,0.503700563434753,24.560861784440128,0.2581655081664792,0.28239345759214796,0.5676831550782961,0.7560368,21.14094,0.20551921,0.2449898,0.6957994,36901,0.25233625459274334,3.419922071915714,0.05264629389398012,0.03740366011919416,0.12811625526487402
model,803,0.7180131911884072,18.176455679203656,0.30204799510199226,0.306947451372591,0.26181033382845803,0.7745928,18.071827,0.28031263,0.28804195,0.28805438,50737,0.05657962564127417,0.10462874438920267,0.021735367548052442,0.018905502100435234,0.0262440430121334
model,802,0.030266028957465125,25.514126955109376,0.6522546453509174,0.6538062291112979,0.14533506962229586,0.043909617,26.439438,0.7142151,0.7172091,0.19399683,69549,0.013643587810895013,0.9253109111015618,0.06196045446063658,0.06340287161196867,0.048661762152415744
model,805,0.7486362142513702,13.09301164860483,0.31438352390047575,0.3264037036515339,0.38916039934908003,0.84442824,13.998455,0.2684468,0.28938195,0.38597345,94805,0.095792027001529,0.9054433990025927,0.045936720807519205,0.03702175255786022,0.003186945827351517
model,804,0.44605920980336244,23.391967651681643,0.1855563962697803,0.2112703536536294,0.43372089842135625,0.34329212,23.436014,0.22104931,0.24408455,0.38102192,45792,0.102767092684527,0.044046523733396015,0.035492912507075175,0.03281419827679816,0.05269898155505376
model,808,0.30615413937196595,23.59110786185496,0.24335683118862736,0.24945391575933776,0.24212663754927252,0.3101753,23.487408,0.2575705,0.26371363,0.24062292,69523,0.004021160272504265,0.1037001775287898,0.014213673953584555,0.014259712294327404,0.0015037147711429444
model,809,0.9019575568258197,7.277067398387757,0.3860636679772084,0.40305106378154987,0.2896504325786449,0.87900984,9.316039,0.31491244,0.3329897,0.29915458,22608,0.022947713953200055,2.0389716870004264,0.07115122958456926,0.07006137109356159,0.009504147060789891
model,812,0.27727682426702993,22.357170310595468,0.3751842256322841,0.3819860009594654,0.2551874221977673,0.26506937,22.355143,0.41623527,0.42139706,0.22063069,24963,0.012207458765626122,0.0020277172116784925,0.04105104248371322,0.03941105919640314,0.03455673174233059
model,811,0.9559350092261051,11.09807676013427,0.18947102309887132,0.1967367820037339,0.3139120823402511,0.8943548,13.768606,0.20110166,0.20826755,0.33838266,87981,0.06158018897464024,2.670529425778817,0.011630637629583274,0.011530772637036057,0.024470579002369763
model,810,0.012280160324692186,32.64926138043441,0.8625728089112621,0.8635082076483623,0.100590537022844,0.064878836,31.469406,0.75907326,0.7605523,0.11988958,85613,0.052598675949454846,1.1798552525047228,0.10349955146497303,0.10295592054661673,0.019299042690500576
model,807,0.14062094668793945,23.1161841781602,0.21543299835243182,0.23213368329508785,0.4213155912483093,0.12962247,23.602514,0.21902262,0.2332851,0.41558295,25569,0.010998472375157164,0.48633008880757345,0.0035896183916096225,0.0011514159728717444,0.005732636364733867
model,814,0.9498937107225799,12.197054614674826,0.3688516219785548,0.37301177823947296,0.2333457606255855,0.9248006,11.521874,0.29261085,0.29581004,0.20646437,117651,0.02509313594306939,0.675180186879416,0.07624076806810864,0.07720173442767486,0.02688139550088306
model,813,0.43074478892296314,26.70443055291359,0.4613269897613487,0.4657063276980591,0.21207065565098165,0.72885317,22.412672,0.40898433,0.41206267,0.23607117,97900,0.2981083771803999,4.291758510066909,0.05234265648460007,0.053643652937240605,0.024000513725391637
model,815,0.9744838205104825,5.329300130088086,0.4209310327112586,0.42974362895443674,0.31045017747093645,0.96879435,6.4071527,0.54232293,0.56144506,0.40083265,105978,0.005689474654769655,1.0778525226523925,0.12139190096260005,0.13170142843768362,0.09038247557471785
model,816,0.8896879333309807,6.901595477072647,0.3466143450833966,0.36090720837766166,0.2693066961256603,0.9064004,6.6817904,0.32303593,0.3412825,0.34834883,108480,0.01671244918778758,0.21980512520497086,0.023578419456641853,0.01962472146207328,0.07904213004430732
model,818,0.3135523064533236,27.357318669378085,0.8344070588951509,0.8373139016006179,0.14623346036965082,0.2996049,27.161652,0.73299915,0.7363239,0.19998428,5034,0.013947413722610713,0.19566705804995976,0.10140791291050122,0.10099000853039697,0.05375082188552191
model,820,0.9198349584034293,13.313904283253798,0.2907309717713854,0.2958881032542073,0.25165033234406003,0.84841263,13.781755,0.3362932,0.3413659,0.24940942,139307,0.07142232546122962,0.46785116413389716,0.04556221894631174,0.04547780036174426,0.002240910065655799
model,817,0.7156941440843143,18.65202113346751,0.24523618763650595,0.25723357989965995,0.34799596942018185,0.7450477,18.427143,0.23142125,0.24416064,0.3697407,2985,0.029353544399877585,0.2248780365436822,0.013814940511834017,0.01307294264017661,0.021744725341094395
model,823,0.009940198279205713,24.43055799674295,0.18975366203587038,0.22558550796639615,0.551299227857463,0.06856524,20.088528,0.28423795,0.3512373,0.6128073,18814,0.05862504371326789,4.342030317299592,0.09448428900439756,0.12565178909170932,0.0615080460072831
model,819,0.5264439753013797,19.95680464112383,0.24038110701790466,0.2528293681476825,0.3594683780172334,0.5337102,21.072554,0.22283942,0.23162706,0.3489993,1950,0.007266206411724596,1.1157489935197233,0.017541691944509885,0.021202306184601116,0.010469086358831925
model,825,0.7563115595581885,20.950318205556343,0.4067058548291395,0.4137071625378726,0.2917479090619514,0.72168005,23.357052,0.4865143,0.4933935,0.28989962,115953,0.034631514430319865,2.4067336438088915,0.07980844527881642,0.07968634804219027,0.0018482916284034423
model,821,0.9120972218089557,14.316810147821094,0.214806797288337,0.2583544339635121,0.5194579117213961,0.919111,13.938296,0.19545211,0.2457786,0.6171891,117909,0.007013791603519892,0.37851382976689507,0.019354688309111828,0.012575828621600782,0.09773119760401283
model,824,0.7350516455534243,15.17722517584653,0.3201450233450668,0.32616835321900717,0.2869029314181161,0.82145,13.168421,0.23924363,0.24505822,0.28763178,73442,0.08639834948746927,2.0088043842205536,0.08090139675052332,0.08111012961385122,0.0007288484910177861
model,828,0.5382926854544041,24.39934995244541,0.4419492594981399,0.4507664887948619,0.35031988861404867,0.74386096,19.002542,0.38118413,0.3949169,0.32633984,51313,0.20556827455230975,5.39680745671787,0.060765128591081186,0.05584959674316514,0.023980047725071618
model,829,0.10770704459040331,26.289856559063885,0.2923350912752382,0.3131541861658371,0.4032054748855402,0.116037734,27.270483,0.28377485,0.31920922,0.36089602,108208,0.00833068926246,0.9806264579038881,0.008560238522552666,0.006055031859370397,0.0423094537578394
model,822,0.6659789056439958,17.715401184558097,0.2424938157460173,0.25006083339338064,0.2790970066292642,0.60842764,19.9278,0.4346861,0.4449064,0.31795454,82603,0.057551261868055814,2.212398040295419,0.1921922787764589,0.19484558016176462,0.03885753362342137
model,826,0.9803889187201019,12.199685602384498,0.2709722719607756,0.2830335662524247,0.3573233172543684,0.8763121,17.15946,0.2852684,0.300304,0.3220501,86856,0.10407684167466125,4.959774465364525,0.014296124178369285,0.01727042935685874,0.0352732226498762
model,832,0.27829768436702873,20.369362177284554,0.2778220883628068,0.28124883685379054,0.2255965075572454,0.2752073,20.45429,0.35408905,0.35837314,0.23320015,59088,0.0030903734520354442,0.08492821273009454,0.07626696312225484,0.0771242984745023,0.007603640190748079
model,835,0.9710707185519205,5.5459257575553025,0.29460276567765614,0.3056751960390081,0.3055493856984507,0.95762324,8.153419,0.26627958,0.27977383,0.33879477,93535,0.013447475220011329,2.6074927833992874,0.028323187468732802,0.025901364671515437,0.03324538215814721
model,827,0.6002850551592297,11.922375207842641,0.3158645138758471,0.3401449296811869,0.393913760571009,0.6343188,13.472824,0.3594784,0.37016496,0.27907407,48519,0.034033773423533975,1.550448888837046,0.04361390018283823,0.03002003094160055,0.11483968773317943
model,830,0.8181212873262117,20.048698375200868,0.23125204721516432,0.2412270913063617,0.3111059485912462,0.45608962,26.069906,0.31231514,0.32281986,0.29118606,12744,0.3620316715043733,6.021207859540343,0.0810630889790648,0.08159276748308228,0.019919884109510955
model,831,0.7843310495915087,15.512792003952896,0.31234112753632515,0.3177111139489419,0.22534775197359355,0.870743,11.789667,0.24569067,0.2562788,0.30571386,100377,0.08641192707398815,3.7231248744362944,0.06665045394661873,0.06143230106365749,0.08036611020711629
model,833,0.8524142260907388,18.50424188275496,0.2959143062590293,0.30004502946731343,0.21432437532817328,0.74618495,20.360664,0.34408638,0.36722383,0.29013935,133311,0.10622928098423245,1.8564224849208202,0.0481720725537606,0.06717879956367717,0.07581497198666132
model,834,0.8016835408531405,8.422002614798352,0.32118795330620653,0.3367377309458061,0.38004831745652373,0.85356927,7.755493,0.33613673,0.35637242,0.39742056,112773,0.05188572832715732,0.6665094507358518,0.014948775218955213,0.019634685073633584,0.01737223789664094
model,836,0.8654069478269539,19.561459911769973,0.34529265510761725,0.35370339247826826,0.3455185685681842,0.75669754,21.335297,0.30074644,0.30775917,0.33883518,132823,0.10870941231212239,1.7738367190894024,0.04454621422016608,0.04594422671441328,0.006683388762428577
model,841,0.970213632991983,11.133272944320744,0.25295455101413705,0.2707235794236678,0.4046963619114492,0.9403198,11.392002,0.20249899,0.22068693,0.38673308,75512,0.029893856456948864,0.2587291613921465,0.050455563697051786,0.05003665198588553,0.017963276994380717
model,840,0.6712729685589915,16.16327998080805,0.2546757463164611,0.2609687305982213,0.32021619887345215,0.85459596,12.818325,0.24743383,0.25743693,0.3455627,94153,0.1833229906275624,3.34495493808344,0.007241919989137202,0.0035317994649510243,0.02534649758345703
model,838,0.06581873524377183,31.54924477053869,0.5272283806975048,0.5326101610067955,0.25821316732873545,0.24263473,29.519373,0.3755339,0.38105866,0.24563609,96556,0.17681599330713912,2.029871830475212,0.1516944720919292,0.15155149787698896,0.012577076692482092
model,839,0.3786302241465436,28.282544525655755,0.590431749336599,0.5971475477581435,0.26620376194807566,0.2578966,29.48286,0.46107107,0.4671623,0.29477265,112066,0.12073362199276555,1.2003160395297918,0.12936067532765738,0.12998523668102557,0.028568892823729153
model,845,0.949533500026918,15.007425826419073,0.3477022325413629,0.35325714968195104,0.3277000371956164,0.97957665,11.570315,0.23809479,0.24375604,0.32002947,9679,0.030043147254728675,3.437110465396124,0.10960744077138151,0.10950110875120306,0.007670569851332354
model,843,0.10415410517253515,25.21948029305446,0.19567918953067068,0.2036978009008829,0.3584534899746358,0.08487059,26.376263,0.23114471,0.24115999,0.3760051,68485,0.019283513412853448,1.1567823717404622,0.035465521844565834,0.03746218952899533,0.017551623150211637
model,837,0.05265256960362804,24.340956947925413,0.23181746673090062,0.25518862737152714,0.485845820882868,0.023099452,24.851406,0.22580238,0.25124463,0.48452547,17221,0.029553117346471668,0.5104491494866963,0.00601508986455998,0.003943992981649824,0.001320348957132511
model,842,0.31477136986709386,28.377479223493705,0.24776878266670632,0.25056983483804385,0.19494307513527315,0.42115393,24.108818,0.26678827,0.26968887,0.19147865,76472,0.10638256294273585,4.268661169294486,0.01901949138305259,0.019119039645064673,0.0034644203930322415
model,848,0.9568444231402451,6.605903165704589,0.23225390632566997,0.25210940581591057,0.3791498784244527,0.9689312,6.4305224,0.21282059,0.24809673,0.4241049,98085,0.012086774979872095,0.17538072384057557,0.019433316783281057,0.004012671530555956,0.044955020743561835
model,844,0.7579988072751126,19.168714435174294,0.2592680127142982,0.28257027684768754,0.43584242932662715,0.9100607,10.393353,0.286794,0.30920726,0.3957936,105476,0.15206189647931245,8.775360972955056,0.027525994110195184,0.026636983760985555,0.040048842357251535
model,847,0.9059911800146248,15.19185780611059,0.3212716346196635,0.3248774242751712,0.24942302718146067,0.8719783,16.817831,0.40870753,0.41162083,0.17925122,763,0.034012897086157956,1.6259732333181205,0.08743589468674823,0.08674340125392732,0.07017180337889414
model,850,0.05229312785635145,19.52973750930649,0.2626082442072592,0.26475278525636403,0.18492761551598189,0.047785092,20.421333,0.2386911,0.24166697,0.18106031,25487,0.004508035711146906,0.8915958036817919,0.02391713776862242,0.023085812619187518,0.003867301337515089
model,846,0.8023711311492063,13.53648348364672,0.2233729564320432,0.22695262404820482,0.24061837569273453,0.8340922,14.111992,0.24512175,0.25166106,0.23655048,67264,0.03172106865319235,0.5755083986774991,0.021748790823282127,0.024708438192395765,0.004067895565399937
model,853,0.5572346251142616,16.882893550996947,0.3145586672913447,0.3169395830617864,0.17537072448289998,0.65079284,16.507944,0.32262996,0.32648203,0.21391085,103868,0.09355821202868275,0.3749494439412828,0.00807129109984489,0.009542444707302367,0.038540123419398
model,852,0.9391237007684727,16.97200273497601,0.26161742550388545,0.2650667007148165,0.2296659303951823,0.8715715,19.498686,0.2766986,0.27976802,0.20913611,84489,0.06755221954059798,2.5266831018159834,0.015081163821065724,0.014701319199810547,0.020529816870745343
model,849,0.7010379087239371,15.943451479915048,0.4033086157188937,0.4071031000477101,0.1928802351778258,0.49768242,21.569908,0.3615298,0.36397612,0.18985586,24340,0.20335548632441625,5.626456662174796,0.04177881840329617,0.043126979098918605,0.0030243764942396723
model,855,0.9781208559824897,8.178503487213838,0.2182956509167581,0.2369578729346007,0.5502699628705564,0.9745138,11.792207,0.1928191,0.23915985,0.859066,106438,0.0036070272280646076,3.613703277007353,0.02547654731816343,0.002201979331710957,0.30879604665092797
model,851,0.35101043342484833,21.369375368460656,0.27694161128074657,0.28031431629828774,0.21764345637743787,0.5376436,22.182491,0.31847245,0.32773072,0.32324842,38153,0.1866331780062735,0.8131159340295788,0.04153083373039235,0.047416398976523055,0.10560495980794116
model,856,0.814670979322559,18.923979685377482,0.34580197800127804,0.3484440272809381,0.21907607706791452,0.8733641,16.79779,0.35745344,0.3625271,0.236621,80368,0.05869311159693558,2.126189158033732,0.011651457658130526,0.014083074951041274,0.01754493025535056
model,859,0.5146002859218138,22.792770125639876,0.26749341675462796,0.27298481217620274,0.25794927825002567,0.5559053,23.325321,0.23602277,0.24346922,0.26402178,72703,0.04130499657559217,0.5325510718698894,0.03147064634981228,0.029515588796113934,0.00607250581712826
model,854,0.9477545366818757,6.668422279463478,0.3165914755955309,0.3345933777756149,0.4155338323940258,0.8876563,10.761479,0.28764525,0.34105346,0.48721147,115659,0.060098265224203584,4.093057098283104,0.028946225036677764,0.006460078292424065,0.07167763344154549
model,857,0.8545176749725514,19.264720390570975,0.2787756088053208,0.31236613910315497,0.43698129903496674,0.78526163,21.334183,0.25739732,0.29212683,0.4256872,109773,0.06925604396058849,2.0694623486868373,0.0213782849585038,0.020239304710607364,0.011294105164422308
model,862,0.9552013071876585,6.305216041373697,0.29678603449282986,0.3049122618748972,0.21775215162341002,0.96783715,5.3407044,0.34122813,0.35134906,0.26815268,1760,0.012635847677606393,0.9645116003031404,0.04444209298672336,0.046436793892162154,0.050400532349902355
model,858,0.16528642711576597,24.674653226880565,0.22439692093662644,0.22644872730573007,0.1641688076661199,0.16059752,27.687346,0.26097617,0.26410007,0.20385943,91162,0.004688909029332555,3.012692277880177,0.03657924459643935,0.03765134746233634,0.03969062586564126
model,860,0.6133999916095428,21.73707058846819,0.21141850151611372,0.22409197736714692,0.5116321900608591,0.5321997,21.54472,0.2217561,0.24355926,0.5441949,65042,0.08120031080433654,0.19235089242326708,0.010337599138488335,0.019467278828875112,0.03256268708681542
model,864,0.426564829933901,27.60327409228846,0.6883034307771981,0.6897393416667722,0.1412774281492846,0.577371,23.826012,0.49060604,0.4929011,0.1822986,40212,0.15080617130969032,3.7772624345736148,0.19769739101470118,0.19683825485952122,0.04102117252439094
model,863,0.8384233302635461,11.255344945899047,0.28972141992581574,0.298832986822154,0.3937774315789606,0.745625,12.435984,0.27666467,0.28635707,0.37367424,53442,0.09279831119005977,1.180638711937867,0.013056745643741763,0.012475911846186571,0.02010318789037724
model,861,0.8071610298308206,16.381092160653402,0.38824582726737694,0.39567162399733646,0.28936412937275663,0.63611805,16.0313,0.33280832,0.33821538,0.24677224,26042,0.171042975440867,0.3497925695889492,0.055437511513440174,0.05745624309027775,0.042591884800117163
model,866,0.1330705627794835,21.897780533638812,0.31123125786326145,0.35512854000803756,0.5383250979490036,0.09639364,21.741287,0.29655087,0.33723298,0.46968248,53352,0.036676925420341205,0.15649330219349977,0.01468038792155002,0.017895562856166836,0.06864261308381503
model,868,0.918582709221795,15.986025095276325,0.30486897438268323,0.31475666474099595,0.2993467939310262,0.6977721,17.757969,0.28206044,0.309761,0.33477402,92641,0.22081062355513847,1.7719438073115654,0.022808530027672247,0.004995676982359476,0.035427223402958175
model,865,0.7958667468686315,18.245723498690726,0.2221288006342173,0.2252489354653783,0.19153478319651177,0.89458567,10.572203,0.2187717,0.22154397,0.18599872,53188,0.09871892217204847,7.673520816195609,0.0033571045435190627,0.003704967741531867,0.005536060285630723
model,871,0.9288589487661728,11.71911695916009,0.30701632878308144,0.32379535767691897,0.360055657444608,0.90638757,16.068407,0.3106837,0.318732,0.33904532,2051,0.022471381246031208,4.349290099555731,0.003667368679000471,0.005063364240105617,0.021010341463696736
model,872,0.4336522669562016,15.019193914456388,0.2730491372291257,0.2769192359598039,0.20858539808447796,0.5073852,13.901996,0.2419418,0.24626032,0.23392703,24942,0.0737329273454036,1.1171982555818758,0.03110734247605107,0.03065892077997906,0.0253416283065514
model,867,0.10114525907135459,26.797984648990514,0.2540026819217437,0.29036537073718394,0.6505088227203712,0.5189391,21.543842,0.21915656,0.27205864,0.7483968,128051,0.4177938187828019,5.254142333316686,0.03484611863973075,0.018306734787095436,0.09788799114910507
model,869,0.08178022906423878,31.225254190783563,0.7912681988424964,0.7916745647811222,0.06769813469358243,0.053153414,31.729973,0.7333999,0.733961,0.07738414,115293,0.02862681478501629,0.504718648571906,0.057868271226377055,0.057713578643732055,0.00968600192360125
model,874,0.7269492190405868,21.429953704910613,0.455335693510724,0.4578875390021991,0.19479606803103647,0.85354733,19.06421,0.4626057,0.46555114,0.19158868,76273,0.12659811563043366,2.36574281318698,0.007270021287249628,0.007663598921995252,0.003207383114540191
model,870,0.18669156737976403,21.1171957640276,0.23438576191879523,0.244992772303441,0.30234404023876704,0.23206744,19.466583,0.23896624,0.2526363,0.34351712,103587,0.04537586860007911,1.6506125120744741,0.0045804795601247505,0.007643541134974535,0.04117308441409551
model,873,0.9881725587620961,5.405611761052896,0.20700524838008555,0.22114779368747542,0.40917115627719336,0.99382055,3.8106523,0.26952228,0.29201302,0.48818466,134292,0.005647989295460065,1.5949595050409329,0.06251703112087575,0.07086522563587358,0.07901350439594812
model,876,0.49701117605304085,26.74480803270769,0.2914237062309218,0.3020703922894723,0.26571690593045116,0.6937452,22.419998,0.2567039,0.26568314,0.27450764,26521,0.19673401981259026,4.324809863762379,0.034719793019099277,0.03638724795849391,0.0087907358618462
model,875,0.36425983981991467,22.508256680418466,0.3752180497832399,0.3779369944404719,0.1820329483895896,0.650819,20.257727,0.4958973,0.50141823,0.24661198,73112,0.28655916376208607,2.2505300111069424,0.1206792433075804,0.12348123847731374,0.06457903419441002
model,878,0.375464051339297,23.870525297657437,0.2339291471539019,0.24588700924772455,0.44443840889441855,0.27372476,24.000326,0.20137854,0.21115078,0.39044908,102324,0.101739286753802,0.1298008589587738,0.03255060794930442,0.03473622892755701,0.05398933200347311
model,879,0.23736188688221044,29.951067930102386,0.5469245592165705,0.5507595988006373,0.2200642147715393,0.061811052,29.63626,0.6677872,0.67281103,0.25139996,77374,0.1755508346194274,0.31480885112289414,0.1208626350354437,0.12205143254091544,0.031335749322622675
model,877,0.23829854703622577,25.804751532647998,0.32254256991325875,0.32555689181940256,0.21548907607995152,0.342903,26.628868,0.39753038,0.40638548,0.25310308,115365,0.10460444115919354,0.8241165703793456,0.07498780699790458,0.0808285895381719,0.03761400133170009
model,882,0.8585956066214119,14.643582027433588,0.28792201419804603,0.2955747303328546,0.22843464521476636,0.9206972,12.252737,0.29845813,0.30658802,0.27705142,62663,0.062101605597826404,2.3908449821455022,0.010536114969510735,0.011013293568131133,0.048616773804932734
model,885,0.9588111400957646,5.701669139860144,0.23161719699073618,0.23873310880914284,0.23091327387076413,0.9488196,4.9630165,0.24212018,0.24945453,0.25098795,84999,0.009991562401825416,0.7386526298503782,0.010502979562990011,0.010721419284195177,0.02007467311638797
model,880,0.49873291230119077,24.091700709492102,0.23117962350299526,0.2349554399802029,0.20269940676261425,0.6515215,21.068537,0.32093278,0.32567686,0.2018101,52668,0.15278859162413272,3.0231639510692503,0.08975315223285985,0.09072141844493747,0.0008893001275205592
model,881,0.7425375229814329,14.140635879513319,0.21841893971505444,0.22520988674591144,0.3501696959152936,0.8444077,8.516929,0.24276932,0.26099914,0.34991148,19298,0.10187015466901872,5.623707206722791,0.024350376123759343,0.03578925637771527,0.00025821477324955433
model,887,0.11902577900290166,26.728951411613327,0.23553556344288046,0.23843039777877945,0.21277983638391038,0.19161612,26.645922,0.21861313,0.22262764,0.22896549,92906,0.07259033895135249,0.08302970446000657,0.01692243060844595,0.015802758008271633,0.016185654672531885
model,886,0.36300992002503313,22.652194640163238,0.22840633209231576,0.24887202610490955,0.4609189197651373,0.350924,24.36004,0.23318832,0.28073177,0.5937065,101521,0.0120859347821895,1.7078460245096139,0.004781984133689798,0.03185974131109082,0.13278756884417664
model,883,0.5566720821818313,23.416962254634008,0.25012441796667395,0.25315129741496467,0.20160389063733722,0.42081887,26.239532,0.23760197,0.24084072,0.20013571,67472,0.13585321688260643,2.822570216069117,0.01252245230085669,0.012310579264825816,0.0014681827821126092
model,888,0.8314270617479929,16.876788373343082,0.28386131421477223,0.29453609129529107,0.2832822126174047,0.7331022,15.036664,0.409893,0.41562188,0.29244965,61784,0.09832485933252655,1.8401243642488438,0.12603169187157726,0.1210857854213227,0.009167440531246407
model,889,0.813101625062791,18.523262847183755,0.2542766899260551,0.2701454742211736,0.4057032526394467,0.9641086,8.87326,0.24907732,0.26304534,0.33602992,54182,0.1510069612485493,9.650003302811196,0.0051993698271781685,0.0071001334447300946,0.06967333563772243
model,890,0.4915026392139142,18.47841588653121,0.3313273478521776,0.3335961125003666,0.18570937499137954,0.4862936,18.252342,0.33568993,0.33775452,0.17704211,93721,0.005209025303239134,0.22607366241011562,0.0043625842557478145,0.004158405293288814,0.008667263236962125
model,884,0.024893251808686335,27.83926362863813,0.21122812262749585,0.21654453460863252,0.24924729819516905,0.017825283,26.125927,0.22655857,0.2361176,0.2730388,52898,0.007067968698544581,1.713336657202582,0.015330443465948973,0.019573066786020804,0.02379150633592836
model,892,0.5197347886920689,23.263442100289605,0.8624773261444514,0.8628941212565019,0.06911763421933989,0.48899835,24.991411,0.80181074,0.8022883,0.0826577,44451,0.03073643521077618,1.7279691088168398,0.06066658471989084,0.06060582741800091,0.013540068047830062
model,896,0.941198069982696,12.642640816497575,0.17842497477203534,0.18660294833853683,0.3830212089735772,0.9502686,8.629272,0.2138359,0.22741826,0.41195667,130104,0.00907055623037778,4.013368355560075,0.03541092028945758,0.04081531044766465,0.02893545892650823
model,893,0.6912661715246685,20.71823051783719,0.20200898273297244,0.22612042937996216,0.6231990044219878,0.6609482,21.936636,0.19643714,0.2357703,0.6441909,102203,0.0303179546095379,1.2184054532321476,0.005571847394189172,0.009649870650746156,0.020991903056344685
model,897,0.00805643390844928,32.09680297120613,0.2948832621664205,0.3099469082437779,0.27782619685759785,0.12520073,27.29738,0.3038398,0.334308,0.34787557,2777,0.11714429963399305,4.799422523818436,0.008956540575583871,0.024361090175030076,0.0700493684328532
model,891,0.3482557530643386,25.44229859061209,0.5372863854752151,0.5398995056800393,0.19833912029826428,0.42245373,27.07853,0.3918988,0.39852232,0.27256495,136587,0.07419797823410806,1.6362307672980663,0.14538757461172025,0.14137718827052392,0.07422582730686877
model,895,0.23917401244097694,24.51394096887677,0.2033038761337668,0.2281980721409883,0.47196737378979786,0.1413921,24.822742,0.21169795,0.23587182,0.5546853,89024,0.09778191556387886,0.30880149328143247,0.00839407482543883,0.007673749500933691,0.08271792083834545
model,899,0.5188045841302139,24.071795081317692,0.3831575602207089,0.38837137114240444,0.2855054537143855,0.319169,25.13501,0.3804939,0.38441417,0.27467406,124523,0.1996355694379074,1.063214684307308,0.0026636511001492114,0.003957204930322533,0.010831395753875261
model,900,0.6799665008180859,20.87761543456004,0.7823239643878126,0.7850392487686273,0.1251810205959883,0.7316212,19.277857,0.6905189,0.6919804,0.1038763,52511,0.05165470498864633,1.5997586077778152,0.09180504873458384,0.09305882722550596,0.021304720439871805
model,901,0.5731729215086651,16.886501863060545,0.19967976302173537,0.20862820067015417,0.3384124027272248,0.64228195,14.925413,0.2727037,0.2867194,0.40805823,100861,0.06910902801144603,1.9610887313466776,0.07302394419643479,0.07809121094140284,0.06964582338132624
model,903,0.7553523845201582,21.363136496348954,0.527367521967602,0.5478276238546302,0.37507434374802673,0.7650523,20.311796,0.44187534,0.45800036,0.43461862,133936,0.009699934052839865,1.0513403079944617,0.08549218341321962,0.08982726193522717,0.059544278316563726
model,902,0.9777010737407396,3.9742552061242193,0.2627935966389971,0.2859606550954282,0.4780048334058437,0.92528313,10.389412,0.26914302,0.2810756,0.33944628,60811,0.052417939757127496,6.415156720145312,0.0063494185072583975,0.004885058286040966,0.1385585569795284
model,894,0.17450502964904457,24.340173836376174,0.18682740814518783,0.21017284516339346,0.5896081162413389,0.2633009,24.253426,0.19633445,0.23374833,0.6281728,50398,0.0887958660418734,0.08674823823164246,0.009507043291808626,0.023575486502599274,0.03856469860469991
model,905,0.4393834889667499,24.843949231488608,0.5784430957178446,0.5805050039637026,0.14697377291202976,0.69967145,22.643763,0.5616817,0.5639726,0.14573354,44605,0.2602879583103192,2.2001866429876316,0.016761407885965918,0.016532411609881836,0.0012402376222653555
model,898,0.1481887502684368,27.28091153928007,0.311928579985649,0.31492448457421895,0.19587345594278344,0.26709038,26.192656,0.39399448,0.40058836,0.23450056,41400,0.11890162992336617,1.088255975925577,0.08206590038582623,0.0856638788348234,0.038627101241435924
model,909,0.8462722726583565,12.368369825487825,0.2242000198908623,0.22774406858334756,0.22175718858176754,0.9067012,14.220901,0.22612058,0.2293623,0.21165399,762,0.060428934502593235,1.852530710095671,0.001920556371611759,0.0016182254945256713,0.010103196048083768
model,906,0.8263617631116114,16.487695627083497,0.23248745967871023,0.2641448603478511,0.7073322994452447,0.7914802,17.64273,0.2691887,0.30782408,0.6656633,126199,0.034881579510231964,1.1550350858071283,0.036701242427765596,0.04367921487416426,0.041668997500512006
model,907,0.23551686794604473,20.95453768016156,0.20618154805734726,0.22065762749682463,0.40467799050510783,0.30423313,21.457003,0.19765507,0.22261463,0.5138273,63436,0.06871626584683246,0.5024649596089468,0.00852648120954605,0.0019570035599609514,0.10914933340846639
model,910,0.39703119635222284,21.739684571140046,0.3562674243777213,0.3593973215982821,0.1699712784749502,0.36828646,21.711596,0.30979657,0.31346068,0.17294703,39285,0.028744735714176572,0.02808903586172562,0.046470852646153915,0.045936643736114724,0.0029757557648187882
model,912,0.5559377619254897,21.337593117055633,0.3251260570635124,0.33639218173116325,0.40516163220680024,0.5643141,22.478079,0.26913533,0.28150517,0.42108068,118467,0.008376365042894074,1.1404857251074532,0.05599073091643292,0.054887014246879806,0.01591904649460052
model,908,0.804621152702663,20.218257560220177,0.3149005669234535,0.34134561574454775,0.4714815138592074,0.937046,13.042496,0.25015235,0.27515495,0.4343688,52149,0.13242483871808286,7.175761832681115,0.06474821745140757,0.06619066750998964,0.037112724663192986
model,913,0.844815421632317,17.238116350402272,0.25899222633404484,0.2612140477047764,0.19296451902048134,0.6933662,20.204279,0.2957316,0.29875898,0.20201619,133559,0.15144919209816787,2.9661625955205793,0.03673937776522884,0.03754493590728414,0.009051670673923262
model,904,0.36748322680624246,23.584925683473926,0.18414155394343967,0.2020192027273748,0.4948635850917243,0.48038563,22.155483,0.19206777,0.21685629,0.5104086,10666,0.11290240451661826,1.429442437624317,0.0079262182066,0.014837083202305063,0.015544995211467849
model,911,0.7597020985378187,21.588838295239366,0.25701583142037043,0.2843702277810852,0.4033890806787693,0.9524215,13.368615,0.23082398,0.25026196,0.38930023,59237,0.1927193878398974,8.220223144787706,0.0261918526386703,0.034108265367297386,0.014088853513547106
model,914,0.13820046441294292,26.321840521914577,0.28920586553558864,0.3026915718562394,0.3414628565342318,0.27560154,27.171581,0.28137264,0.292628,0.311852,69483,0.1374010716225948,0.8497407463959696,0.00783322897896327,0.010063581610420314,0.029610848429907466
model,915,0.7354190853539783,20.309184530061405,0.24247720641924012,0.2622390863807504,0.4694842607161839,0.79990005,19.064789,0.24423046,0.263869,0.46965408,138145,0.06448096957766236,1.2443957117020297,0.001753257681597592,0.001629901179521831,0.00016982253576924844
model,918,0.8129680060138296,14.210135003891502,0.23278977108237084,0.2640084471789732,0.4196858788777901,0.89234406,14.094269,0.23430258,0.2724958,0.5058347,43340,0.07937605154613747,0.11586620506337653,0.0015128092742270616,0.008487359038220399,0.08614881979927291
model,917,0.9674501891111684,9.187384460994608,0.22045444924053706,0.24154330578268013,0.48303516232849053,0.98416114,6.6782737,0.23772535,0.25999463,0.5395078,72648,0.016710949423377475,2.50911078316868,0.01727089803996526,0.018451320262546922,0.05647264397262641
model,921,0.9250716635845857,10.477746216736968,0.2546669246528238,0.2633446049027867,0.30499864339844923,0.95348847,9.310511,0.26995516,0.27849934,0.33283037,79504,0.02841680553925463,1.1672355813609911,0.015288233580818766,0.01515473014779617,0.02783172607405443
model,922,0.29432017369675967,28.133525537780447,0.7288128295818741,0.7345851105756113,0.22924293958132116,0.36817273,28.30994,0.54987913,0.5559186,0.22626477,40239,0.07385256127905515,0.1764148003543191,0.17893369588054964,0.17866653624242035,0.0029781647819742407
model,919,0.8336953013957024,18.349628752965778,0.2048666345644239,0.22787638983685982,0.5413099690396987,0.55046326,21.28202,0.25466776,0.3815084,0.77048755,51180,0.28323204217557907,2.9323918158818785,0.0498011243772265,0.1536320201400994,0.22917757788107762
model,916,0.992161839875409,6.774990531727369,0.19457703672094698,0.21111316300573832,0.5060306970134645,0.9726848,8.115215,0.21439141,0.2296534,0.46081564,38619,0.019477039250561545,1.3402247697863032,0.019814373629852583,0.01854024015721792,0.04521505870970777
model,920,0.7126741607988807,19.72608599766528,0.3157298330087798,0.3360979418267713,0.3299177626305939,0.34522092,19.425344,0.2902765,0.3118679,0.37322077,57088,0.3674532373751136,0.30074153050219365,0.025453335406317057,0.02423004908461429,0.04330300892053829
model,926,0.36862988256671764,23.33872073706028,0.6263602295525095,0.6277809466265409,0.12699597724931339,0.29377827,22.710182,0.6261268,0.627213,0.11448529,112163,0.07485161208370067,0.6285385471188754,0.00023340374303071343,0.0005679453753202335,0.012510683622528107
model,924,0.45923056528500206,23.450776924591803,0.2845243103222779,0.29192799367618416,0.3350655575910146,0.7681941,19.173077,0.34699196,0.3536294,0.34229916,138967,0.30896351411410683,4.2777002949531315,0.0624676459117004,0.06170141659069206,0.007233605750507632
model,928,0.9880763636962799,6.153707001283003,0.2507828063748903,0.29362414765165096,0.5645427640804137,0.9796422,5.790053,0.2850356,0.3373104,0.57048786,70155,0.008434151305380277,0.36365411050541496,0.0342528038240843,0.043686255933783,0.005945092784515493
model,925,0.38599759062985584,27.588762661912074,0.4544692317112725,0.4577683229186712,0.23719404753121023,0.2922149,29.64516,0.5304479,0.53441167,0.2168727,117608,0.09378269037465259,2.0563980131367536,0.07597866858398505,0.07664334585879462,0.020321340521894743
model,923,0.9896710496328831,7.906946573649627,0.22854196261488857,0.235923030895448,0.35091763059168984,0.9584068,12.775544,0.22926243,0.2377723,0.34893048,29896,0.03126424364075664,4.8685975929153145,0.0007204638806634911,0.001849269943976134,0.0019871524956815434
model,927,0.31657735655066804,24.573767969216373,0.22008148731639532,0.22816791363450467,0.29628323527474554,0.6032759,17.84656,0.19881113,0.20207034,0.21257631,122448,0.28669853856804534,6.72720844468024,0.02127035858085302,0.026097573120321627,0.08370692046780737
model,931,0.6836051612467895,18.227062770138474,0.24215305562870157,0.24701150447372563,0.22009664647105512,0.5821299,22.811275,0.2210041,0.22572014,0.24069737,111728,0.10147526555968622,4.58421271203926,0.021148956974908234,0.021291367116013843,0.020600722508398922
model,932,0.4107749284603352,19.531714526656597,0.3370966277518658,0.3422046036031096,0.2449840569988243,0.6481691,18.81404,0.2956493,0.30428904,0.30844465,81374,0.23739417182424122,0.7176752963099169,0.04144733766702691,0.0379155606534331,0.06346059198227005
model,935,0.9798825661891158,8.179768659677038,0.288810695362549,0.29613850036453226,0.28824830600750945,0.90963435,14.774024,0.39075086,0.39853978,0.22460996,95851,0.07024821445876916,6.594255350027552,0.10194015984489424,0.1024012812059023,0.06363834986222289
model,929,0.7096145319225438,20.041694633234314,0.25034850067203623,0.2856926986075553,0.5012610564698742,0.42345348,21.559727,0.3755888,0.618945,0.8331574,40510,0.2861610519172795,1.5180320818535762,0.12524030381137746,0.33325230394829186,0.33189636368851205
model,936,0.6617025637522743,17.086140470083663,0.3951582003628226,0.404589110402561,0.3460975201194457,0.7122578,16.15376,0.32974997,0.3358979,0.30678007,114564,0.05055523873414536,0.9323795600494833,0.06540822873463353,0.06869121768901426,0.0393174500529937
model,930,0.9323142805664517,13.858533274188673,0.30021400874754,0.3057571419777589,0.28861468965184933,0.96003556,9.013746,0.2769589,0.2871578,0.3111648,138672,0.027721281948807075,4.844787012591993,0.023255096136532316,0.01859933820387888,0.022550106700537143
model,933,0.6419171711533246,14.497720862103648,0.272830297152979,0.293098458395745,0.46521498842246,0.39827037,19.743946,0.25387603,0.30252802,0.56595707,22533,0.24364680257727478,5.246225213335805,0.01895426670788014,0.0094295653240426,0.10074208097451265
model,940,0.04234911902579757,21.407773823993562,0.24871250839921427,0.2622419635138915,0.24037000103032896,0.034491178,21.069416,0.3197381,0.34318835,0.31456754,100972,0.007857941377491677,0.33835777785098387,0.07102558163908529,0.08094638191838999,0.0741975350853174
model,937,0.36420864322917884,21.877368278142228,0.2866077846372215,0.2886399248590139,0.17787703865322407,0.4935942,20.449076,0.27239332,0.27420944,0.17110798,20756,0.12938555618984277,1.428292579289689,0.014214468606719155,0.014430485104527824,0.0067690610245161875
model,934,0.9207357202187317,11.451709716365691,0.2716773727737443,0.27722570871129254,0.2457355204464362,0.9595471,9.739053,0.3211356,0.32575026,0.22983202,78734,0.03881138223259273,1.7126569438437187,0.04945823756828144,0.048524552833888734,0.015903497064249317
model,938,0.631639542877768,23.70482204097037,0.21790592399948466,0.2355687987393974,0.37994819198907376,0.54899615,22.752865,0.25121728,0.26598427,0.38069707,31889,0.0826433923841462,0.9519572033238859,0.03331135185844075,0.030415468256986267,0.0007488795632028533
model,945,0.990529459734264,6.189001709540115,0.22839095168869522,0.24397773095613842,0.4699009838342045,0.9815074,6.5414824,0.22938833,0.2766466,0.6662839,67724,0.009022039194408027,0.352480739037766,0.0009973747177836612,0.03266888311856861,0.19638292167192956
model,939,0.4991226706044756,19.48547003038642,0.25069473490119976,0.25645459361846557,0.3108356697414337,0.7475401,17.135298,0.23057887,0.23787525,0.29825774,60156,0.248417445705644,2.350172255117865,0.020115865319977222,0.018579340656353138,0.012577931389611774
model,943,0.9463270412850168,10.50086720658178,0.2642052068061297,0.27195711194213934,0.3099250108294743,0.97834504,11.321638,0.3334958,0.34195074,0.30408514,33123,0.032017995221636064,0.8207709007180242,0.06929058892064643,0.06999363244834833,0.005839875369574421
model,941,0.6312316445394963,10.233998853999786,0.31424734394159826,0.318382965439402,0.2281060698886101,0.69275993,11.825057,0.31477907,0.32326886,0.23546235,4612,0.06152828654799758,1.591058175724335,0.0005317290583559675,0.00488589513913501,0.0073562827448661605
model,942,0.19803868623777554,27.072578569591993,0.3227164569719432,0.3246635863164749,0.15957354686799013,0.17161937,27.450245,0.30578044,0.30876613,0.16015938,33462,0.026419315658055997,0.37766633397245997,0.016936016403019227,0.015897459683784476,0.0005858323758605732
model,949,0.9268115927400488,14.721756272945264,0.2561472871410815,0.26493144758648496,0.3405214709421017,0.8047017,19.57317,0.40438575,0.40835792,0.2711665,21079,0.12210990683459222,4.851413435306689,0.14823845838427863,0.14342647067599673,0.06935496751268888
model,948,0.8760153190141771,8.220941613822404,0.3534898675134885,0.35576249574297614,0.14899974502563154,0.82101154,10.389992,0.39539912,0.40065783,0.19587244,30393,0.05500377574025128,2.169050146431502,0.04190925591676359,0.04489533687955194,0.04687269590854967
model,944,0.33880531473179953,22.726710702953003,0.28696915495771624,0.29664121831934404,0.26259535101586867,0.38895562,22.45186,0.33418542,0.3394896,0.24024624,63373,0.05015030817965371,0.2748502750965578,0.04721626650911115,0.04284839068372298,0.02234911469155837
model,951,0.27582494848357947,27.657038767903337,0.7902220282064452,0.7912864178337417,0.12803838241389212,0.27722174,27.01156,0.75704265,0.7580726,0.1266458,14927,0.001396790808565307,0.6454783278398608,0.033179381798364105,0.033213803163941846,0.0013925789623540352
model,950,0.747981695347666,17.309604297069292,0.20368239390166193,0.2216769445983069,0.4007113646881198,0.8506357,17.036924,0.24177907,0.26218128,0.4030643,83613,0.10265401203072144,0.27267993488667486,0.0380966801711759,0.04050433744515014,0.0023529458625698996
model,952,0.6766139251953953,20.67755891826516,0.18993271262314443,0.19857863161694395,0.34915486342219176,0.7258901,19.339994,0.18591307,0.19534288,0.36535096,66599,0.0492761748068935,1.3375644877231672,0.004019641586805622,0.0032357481492696905,0.0161960982629889
model,953,0.20678058564050372,26.148502918713778,0.2594654268986527,0.2607436272087704,0.13253286943223408,0.13044788,28.727377,0.28851244,0.28985053,0.14224637,35027,0.07633270620687183,2.5788740191524333,0.0290470116370376,0.029106905799805016,0.009713496114946096
model,947,0.9851545799959989,9.27322494190264,0.2830225815767067,0.298992890789865,0.4673386156698193,0.9804085,8.046389,0.27094376,0.35258675,0.7262613,70753,0.004746090291866789,1.2268363158040074,0.01207882070481947,0.053593855425955295,0.2589227020601306
model,946,0.207732355122178,28.61730279514637,0.3585878405463986,0.3665670656534482,0.34309739325158245,0.25230572,22.778788,0.28079793,0.30474338,0.4330975,70399,0.044573361153990826,5.83851518223133,0.07778991197469753,0.06182368629897128,0.09000011827834004
model,956,0.849211641369665,18.556205171729545,0.31605832589442356,0.3184757241688327,0.18756229335369326,0.89216834,17.034542,0.3264587,0.33026856,0.22967462,116110,0.04295670169750421,1.5216630879893103,0.010400366656235616,0.011792837671224687,0.04211232906280302
model,959,0.5379779888911331,20.86407301345827,0.34971210887081555,0.35557598925272205,0.26505701772046764,0.7837815,19.704144,0.4285409,0.4333179,0.24493283,97943,0.24580353958176726,1.1599294892883485,0.07882877657764026,0.07774191045125745,0.02012418738675792
model,958,0.8412053733893741,18.80468729872705,0.5088102868346849,0.5105349964595187,0.1598179533522704,0.6247369,24.078648,0.48511598,0.48675308,0.1612137,3641,0.21646846829141264,5.273960314798341,0.02369431169315961,0.023781920144592572,0.001395742650689813
model,961,0.8429708115038669,19.61536918658306,0.2286459999399777,0.23220195853323208,0.2575504201406855,0.8766431,15.198413,0.22010013,0.223847,0.2641178,63964,0.033672309738656314,4.416956291380423,0.008545865328847935,0.008354956742231717,0.006567387009201564
model,955,0.12281584128748547,25.40654427165217,0.22682623705430655,0.24410138540323267,0.4382044747474461,0.106921494,25.175964,0.23720576,0.25686738,0.43085557,20639,0.01589434728037488,0.23057991618341944,0.0103795216365275,0.012765993546886345,0.007348902523782785
model,957,0.932714403145888,7.590670327188263,0.5615121906132265,0.5848233392565342,0.35417627065136253,0.8737547,10.102742,0.36118668,0.38821444,0.33712333,112198,0.058959722989180285,2.512071867941131,0.20032550743527855,0.19660890010286292,0.017052936243556138
model,962,0.8686389003431186,14.63874897818475,0.2237904355704942,0.2280936858101524,0.279928736267739,0.86947787,15.917178,0.21835071,0.22345679,0.2697422,55122,0.000838967737020524,1.2784291758069486,0.005439727085844531,0.00463690072733533,0.010186545429878902
model,954,0.21859813331849778,22.727518595279616,0.24874949850288233,0.2542927725130631,0.2629044598837333,0.17678416,23.257652,0.25689152,0.26303113,0.26592356,110804,0.04181397556550706,0.530133687435228,0.00814202032837072,0.008738352555601459,0.0030190997819466436
model,966,0.27376532868154557,27.70620510868557,0.49249162266191576,0.4932442249825104,0.11906933067358583,0.53785443,25.54105,0.5453327,0.54644996,0.1428948,37554,0.2640891043781468,2.165155151410179,0.05284104754987623,0.053205734295596274,0.023825473804105823
model,960,0.9351423916964144,11.651138815205591,0.22994297226381144,0.2590738305720988,0.5145738581664954,0.8562495,13.823387,0.25637937,0.279719,0.53630334,129166,0.0788928804545016,2.1722483307905023,0.026436393657209067,0.0206451645222005,0.021729483222207024
model,964,0.5286723797289963,25.822862431146078,0.49021646981014066,0.49172349121794645,0.18669386358413628,0.5530839,26.548082,0.42476973,0.42730507,0.19291241,125504,0.024411516907966613,0.7252199205384926,0.06544674043430143,0.0644184186719412,0.006218551085854257
model,963,0.02859752841605031,23.499705003577475,0.23586426039968622,0.24530579720663914,0.36405553180994554,0.0506878,24.407324,0.20697156,0.21413006,0.32013997,91338,0.022090272676812774,0.9076188337027986,0.028892704451428775,0.031175738322018476,0.04391555745424791
model,965,0.7954401094100559,23.020899611132894,0.48537501637131414,0.48798985528828437,0.18502696796906973,0.9210695,16.164253,0.30663526,0.3092137,0.20700629,7024,0.12562939342044943,6.856646376269612,0.17873975578934392,0.17877615737797553,0.021979322585930577
model,969,0.019611732091307506,28.801280133475547,0.2262416718343108,0.2690300828976157,0.690295286102901,0.06924335,24.13663,0.22386958,0.26898915,0.65000165,121660,0.04963161704361452,4.6646510288612895,0.002372094784101747,4.093714184788544e-05,0.04029364101470523
model,968,0.6459365286673726,20.71533897493384,0.24858008482984242,0.26283886170903037,0.45143410290195035,0.7613112,19.206514,0.27873358,0.29800326,0.44611934,13892,0.11537464477165327,1.5088246164133317,0.030153496474707747,0.035164394611923,0.005314764627948276
model,967,0.8275222561869485,17.394330374140473,0.19555825409419583,0.2098765970567327,0.4954134177375642,0.8292622,17.561625,0.20040555,0.21771908,0.5097958,36100,0.001739940830721154,0.16729415283706572,0.004847298889088164,0.007842481007232144,0.014382367212692149
model,970,0.06248192604724599,30.938616869111865,0.3668747492782448,0.36796528380254073,0.1039827357182573,0.16355546,26.235617,0.29262534,0.29364786,0.11724969,34601,0.10107353214081095,4.703000185151904,0.07424941143911823,0.07431742828229232,0.01326695427798523
model,974,0.1757634507529261,29.26255089613577,0.8118285976475145,0.812211549256868,0.07712445331386987,0.178642,27.147287,0.93290675,0.93363845,0.088856325,23861,0.0028785539753911626,2.115263527361357,0.12107814921680438,0.12142690422671354,0.011731871239619815
model,971,0.2844239391636796,26.312541475763826,0.2844350054377349,0.2869579500560394,0.17339970639335028,0.29423884,27.709335,0.30042893,0.3032192,0.17075296,63676,0.009814896409516827,1.3967938513846114,0.015993921506997744,0.016261249124563615,0.0026467489300858182
model,973,0.7579978736782128,22.314608668569296,0.38446468172086495,0.391071181689762,0.30964306499417377,0.89209133,18.385166,0.47311878,0.48095503,0.2848858,88392,0.13409346018790658,3.929442500356405,0.08865410032259208,0.08988385280463801,0.0247572710698421
model,972,0.8103569043370946,17.9467356294802,0.2655813646707035,0.27146504115427533,0.25438886928792526,0.9782174,3.4259353,0.28566405,0.31918043,0.3905963,118505,0.1678605186250941,14.520800361078102,0.02008268710046046,0.04771538782750567,0.1362074310756154
model,977,0.26916203510119024,27.569266127931957,0.5227028145473036,0.539217562522663,0.3010212184930734,0.39733192,27.27248,0.48501095,0.49722373,0.32870194,72920,0.12816988814519342,0.2967861169456292,0.03769186278987258,0.0419938276670111,0.02768072466603
model,976,0.6180892238277599,22.007553048327924,0.2124901914752284,0.23565833244248002,0.4802054391923686,0.7302237,18.54206,0.1977592,0.22062029,0.46663278,27429,0.11213449147756849,3.465492196277143,0.014730995313004591,0.015038042997556622,0.013572655779435228
model,975,0.9933358089872215,6.347145560408968,0.16111209874128019,0.20674800553784847,0.9405799045583734,0.99204063,7.0438666,0.17539856,0.2104582,0.7355865,102119,0.001295174831948076,0.6967210739599281,0.01428645963693942,0.0037101986123514175,0.20499338054866878
model,978,0.8972006058338661,16.110760595655897,0.2009266500532952,0.24735095363024975,0.7734593300191152,0.7479091,19.241869,0.19327994,0.25706863,0.90497833,2819,0.149291477167942,3.1311083771224233,0.007646713143619616,0.009717680402953371,0.1315190048846019
model,982,0.9694212291922195,5.437929713962021,0.3663479534332308,0.39033908226010605,0.4029004956970933,0.97581416,5.2510104,0.36895105,0.38628113,0.37772638,36919,0.006392934492625457,0.1869192960237882,0.0026030989940610816,0.00405794956204697,0.025174119640422155
model,980,0.7594939011097483,19.44541347287082,0.26661633800926215,0.2701254591137289,0.2637859432856453,0.726082,21.71793,0.22893505,0.23415019,0.2711679,49627,0.03341187415128277,2.2725163672170723,0.037681290025138925,0.03597527293266051,0.007381960852919756
model,981,0.9771522078612241,5.210858486027355,0.36063296416788637,0.3653796106227899,0.21439140678857208,0.9601258,5.605202,0.3749286,0.37965736,0.2405342,35042,0.017026403913775412,0.3943437120012092,0.01429562946767271,0.014277747308347188,0.026142794475809333
model,983,0.4839118705471454,25.549253029966355,0.3188414209501886,0.3220923013366717,0.2170387295649247,0.29424864,25.666697,0.46813968,0.47378114,0.19244988,40370,0.18966323000988344,0.11744351849555912,0.1492982572896338,0.15168883732185184,0.024588846938391196
model,979,0.4284939360921747,16.55761991448378,0.22116184282533127,0.22996184030405276,0.3485255480040691,0.36181617,17.521343,0.21418272,0.22137085,0.3264155,55034,0.06667776826075378,0.9637233167173918,0.006979123237051549,0.008590994270956442,0.022110039018549688
model,984,0.25134304552456993,26.463028099211773,0.3241113259930842,0.3269170851504635,0.21770477869695562,0.2193006,26.643793,0.29975104,0.30524713,0.21111889,63773,0.03204244761845726,0.180765006867329,0.024360282673382028,0.021669957140667384,0.006585886861742912
model,988,0.6424455982434948,21.668081842321847,0.36855715326856026,0.3729328947037422,0.20591639914335466,0.54142725,21.67643,0.3271299,0.33034238,0.193406,102181,0.10101834356667594,0.008347906213309386,0.0414272528130854,0.042590512511130496,0.012510398409979112
model,987,0.9128109801352676,17.631098085917074,0.3610891468699348,0.3649483309098751,0.2536893816551928,0.9020502,18.782125,0.42976412,0.43459922,0.24769625,42403,0.010760783010786423,1.1510273871053869,0.06867497490092395,0.06965088984284096,0.005993130978084016
model,985,0.9045613797230467,17.791368375232693,0.26830762922851153,0.28144063313482054,0.32776609032004766,0.7443527,23.100006,0.2890042,0.31640932,0.37108287,66000,0.1602086813969359,5.308637728282932,0.020696577428898133,0.03496868650438539,0.043316781832280826
model,991,0.46552700921161516,20.082828292572827,0.22231491659142527,0.23380334428635727,0.45310074718725785,0.5414959,21.140804,0.23423591,0.25293297,0.4521782,74643,0.07596891001598494,1.057975998198657,0.011920995969991355,0.01912962146910538,0.0009225371671925386
model,990,0.5599794189537854,22.19484345904921,0.4864629974454576,0.48852007668270714,0.17382972110103956,0.7193226,22.25183,0.4060398,0.40813142,0.16133983,78461,0.15934320286857173,0.05698568828965733,0.08042319322525804,0.08038865607037193,0.012489886768573433
model,986,0.7124956958046188,18.85488580396674,0.21422620390713054,0.22184059640653736,0.31714854653085117,0.6973837,18.714375,0.24919657,0.2569734,0.3447105,40013,0.015111994003318752,0.1405112617304134,0.034970370184780775,0.03513278940431469,0.02756195251738186
model,989,0.8244541597694662,14.336680705442461,0.383765166226379,0.40212474680706606,0.3360694943427551,0.26212144,24.331442,0.27538976,0.2804465,0.27184635,39050,0.5623327207893637,9.99476117383,0.10837540549372826,0.12167824722096071,0.06422314033503418
model,993,0.548832865046869,26.562351985522035,0.35860291923871984,0.36218906528338685,0.2212748405755284,0.71020895,22.95563,0.41139838,0.4140401,0.22537066,85966,0.1613760873800414,3.6067226367671523,0.05279546175607691,0.05185102337017761,0.00409581984870408
model,992,0.388556754625406,23.999322515319363,0.1923260584731017,0.23711740991820152,0.7128801666991316,0.44150457,23.306345,0.22121704,0.2659345,0.8438313,49226,0.052947813236151,0.6929775293574494,0.028890977774151727,0.0288170871997947,0.13095113403634207
model,995,0.150898473729273,23.847594922857585,0.19171364723615839,0.21058476362842155,0.4156681476912276,0.049119532,25.253155,0.21722645,0.25014082,0.48023608,60720,0.10177894162096612,1.405559831781087,0.025512798438737855,0.039556052344860315,0.06456793557789164
model,994,0.9694832157505471,7.074261424011937,0.22404761001524465,0.2519706923664142,0.4930387027973598,0.9869026,7.095591,0.20714635,0.23366755,0.49821338,71125,0.017419378815798137,0.021329644255885682,0.016901263446183368,0.018303139895253284,0.005174677777820269
model,996,0.9874086632385993,8.388527125804252,0.30215414441262306,0.3107672879696809,0.36739755593534534,0.97611487,13.621482,0.4075573,0.4137913,0.3266382,30624,0.01129379412086251,5.232954769642525,0.10540316426123558,0.10302401089659108,0.040759363996945075
random_baseline,1,0.8775073980650758,15.54639073395078,0.2024117330918711,0.21318667176076747,0.35986961074982116,0.19029836,29.206373,0.668512,0.67043525,0.12942995,74123,0.6872090344986772,13.6599824807709,0.4661002536406118,0.457248578044683,0.23043965943966338
model,997,0.9254277988582725,17.90631928623229,0.2573708673568424,0.2620288735146951,0.2718213261178453,0.96010333,13.609767,0.31119263,0.31621498,0.29383358,118379,0.034675534138095876,4.296552326088246,0.05382176436465419,0.054186105180220656,0.02201225747552321
model,998,0.7057986040501104,18.7529443607153,0.2601375892396257,0.2940131146185885,0.579750174951174,0.8620118,10.020809,0.37383422,0.40889284,0.6140294,80624,0.15621318622546332,8.732135187131316,0.11369663331553481,0.11487972552842995,0.03427923255004672
random_baseline,5,0.29203368537829405,26.54204525511453,0.33490056512966754,0.3465281815801738,0.2787112530599226,0.8926104,17.333122,0.20670004,0.21893375,0.43974382,117269,0.6005766857345294,9.208923001696562,0.1282005232395232,0.12759443536149245,0.16103256379264697
random_baseline,0,0.9568335379252283,4.102567745285228,0.3257691565694701,0.33334379505419853,0.25300076168750746,0.7584671,13.679777,0.24725586,0.26755,0.47606024,33458,0.19836645971630495,9.577209400100514,0.0785132948102843,0.06579380344653252,0.2230594797732927
model,999,0.09178569311415638,24.80989574985817,0.24921877623001099,0.28276101369809964,0.5014655147128845,0.1059202,26.758583,0.29375872,0.36184826,0.5995507,122098,0.014134509915953025,1.948687318989485,0.044539943929519654,0.07908725123453281,0.09808520931665654
random_baseline,3,0.6098059774788996,24.44374026991663,0.31725021119623803,0.3259299011734757,0.3395357360232732,0.8215711,20.109015,0.26017472,0.27023384,0.29238144,132514,0.2117651342001775,4.334725758808233,0.057075489716822136,0.05569606142318578,0.047154300390567505
random_baseline,4,0.02588862269018119,23.899096541962745,0.20872459150729208,0.21455124734529468,0.2519673591523769,0.9542749,7.8531504,0.23684888,0.24990356,0.3851833,16005,0.9283862701168256,16.04594617422593,0.02812428437294931,0.035352312339458736,0.13321594539588666
random_baseline,8,0.13094084229629038,30.480381310068463,0.442482260200038,0.4437424727091857,0.133729849380809,0.99189395,2.958586,0.3242428,0.39422894,0.7152921,71597,0.8609531048281909,27.52179533251414,0.11823945972587113,0.04951353746748649,0.5815622467571915
random_baseline,6,0.1146670313243033,26.197534459777124,0.6028548280536254,0.6054103183556169,0.17231674062165075,0.9328691,6.2080483,0.2524332,0.26191923,0.3260561,79622,0.8182020454045175,19.989486116118677,0.35042161744228206,0.34349108813291485,0.15373935235587305
random_baseline,2,0.9722165576412958,4.488418964549666,0.26124080699293634,0.28232125012436776,0.4899201914355258,0.27761433,16.832853,0.26614442,0.30238298,0.5041054,57950,0.6946022323563379,12.344434352711076,0.004903617683958805,0.020061725692358923,0.014185197682668793
random_baseline,11,0.9925814457850707,6.8151924236081385,0.20917680794843632,0.23899990167212778,0.6937633224618925,0.58143514,20.258993,0.23310496,0.26235133,0.45395133,72301,0.41114630183746936,13.443800725195572,0.02392815118185085,0.023351432422873436,0.2398119934690489
random_baseline,12,0.19428239463136623,24.65083052760329,0.2605372377083078,0.3245739423850542,0.514834607790316,0.17833596,27.576347,0.8260057,0.82681197,0.10525237,105690,0.015946429951648217,2.925516823470929,0.5654684595420585,0.5022380268951887,0.40958223755201184
random_baseline,10,0.8878499681560259,5.933818356390724,0.25043655560020134,0.2575607862164439,0.29260151191668843,0.3533679,15.903919,0.26431936,0.2954089,0.5033014,116513,0.5344820732681017,9.97010086357998,0.01388280465599373,0.03784811833601581,0.2106998701481309
random_baseline,9,0.4367288592158516,27.602381207877844,0.4017551460939157,0.4066447563478165,0.280919105025342,0.9380948,15.09445,0.21274278,0.22207873,0.37097368,15184,0.501365935534362,12.507931210929602,0.18901237041528107,0.18456603065220645,0.09005457141775797
random_baseline,7,0.9251451965560006,13.522547833164474,0.6307343501109377,0.6764819196503483,0.49404393461217583,0.9816332,5.389304,0.2285614,0.24210514,0.4024908,3648,0.05648798978433145,8.133243672092696,0.4021729487437502,0.4343767783682667,0.09155313995351494
random_baseline,16,0.16237651890432794,29.539488845371768,0.3028891062785905,0.3105340528922004,0.21444960669245539,0.97950435,3.3362637,0.2791093,0.30948865,0.4676934,100831,0.8171278279432063,26.203225188755557,0.023779807095698657,0.0010453987555426592,0.25324378176961126
random_baseline,13,0.902349973988668,16.30050828034223,0.29235332365581346,0.297544655648786,0.23038139624420348,0.6999377,19.408997,0.30825895,0.37106785,0.69473225,8656,0.20241227276338725,3.1084883016890217,0.015905627054483173,0.07352319613305908,0.46435085253890807
random_baseline,18,0.8360362465704205,17.391246441577692,0.20802374652726047,0.22406490732410675,0.5660630458079629,0.07165852,30.52825,0.41275868,0.42202425,0.2335222,101305,0.7643777246797803,13.137003299022894,0.20473493167060025,0.19795934270641083,0.33254083926308675
random_baseline,19,0.9067346538057907,9.856230421174168,0.2577979820371113,0.3044377530485998,0.6356737970123751,0.44525677,25.671879,0.3178487,0.32355633,0.26838478,84681,0.46147788414865565,15.815648393523098,0.060050730168775546,0.019118580731688872,0.3672890125523074
random_baseline,14,0.16823156274371717,28.447794496389275,0.27045385459730903,0.2732842156129571,0.17745419415599115,0.56644064,22.261204,0.2002014,0.22082578,0.4909403,56719,0.3982090791363182,6.186590730520134,0.07025244752238075,0.052458439155170566,0.31348610845440616
random_baseline,15,0.12253637853560216,24.06954981722112,0.6331959699200643,0.6339722170812192,0.11150893757578931,0.8357882,15.258431,0.35309833,0.35740274,0.2472404,6689,0.7132518118292355,8.811118382589772,0.28009763703813684,0.2765694751721921,0.13573145677807727
random_baseline,20,0.9701191793308138,6.344776838654717,0.4435876153197154,0.47865128857747036,0.4808783373086983,0.11241332,27.629997,0.3617695,0.36447397,0.1772296,29614,0.8577058623657107,21.285220414763252,0.08181811792515364,0.1141773198331924,0.30364873914413987
random_baseline,23,0.5793118744087213,13.116318085496758,0.23122728560587624,0.23646760657680554,0.23302380134756567,0.96750814,10.810547,0.21717158,0.2430961,0.46855432,39388,0.3881962628173834,2.305771210496758,0.01405570600649575,0.006628491726989316,0.23553051660363672
random_baseline,21,0.9065991510681681,12.228781199352753,0.2392304571083737,0.2523993874830878,0.39500557400456887,0.90898746,11.489827,0.19924553,0.2113309,0.39048547,123859,0.0023883114524312354,0.7389540432858581,0.03998492972170836,0.04106848192640905,0.004520108477988061
random_baseline,17,0.2879518536196495,26.374706537080765,0.2684231867016511,0.2761751267493391,0.3070262878689546,0.8213266,20.952593,0.45154494,0.46469358,0.2972435,116679,0.533374759806559,5.42211368734932,0.18312175376999806,0.18851844934814932,0.009782782152630731
random_baseline,24,0.6340227099189433,19.851037652611012,0.49689375743945935,0.5005715356038095,0.2188848145719622,0.57894224,12.69378,0.24781907,0.27554154,0.46762252,43478,0.05508047063442789,7.157257707237477,0.2490746913917909,0.22502999164323823,0.2487377039674665
random_baseline,28,0.1583126255211192,18.81177747174828,0.24695186702680158,0.24849912911449312,0.1432318245168931,0.85911524,20.116085,0.22340457,0.23826282,0.37446204,966,0.7008026174369497,1.3043075807419555,0.023547295612807745,0.010236311850889912,0.23123021376168662
random_baseline,30,0.1700704996497808,23.155774787023553,0.36736048171271624,0.37020568411660526,0.19612506637330748,0.95581746,7.8988957,0.5376967,0.5409289,0.19346185,54231,0.7857469613640131,15.25687904651452,0.17033623745690046,0.17072321612524655,0.0026632160877773925
random_baseline,25,0.2758740104641455,24.259725857868105,0.3353454376103258,0.34209906966944476,0.23073590579987288,0.14926344,27.982382,0.34924078,0.36339417,0.30188543,20356,0.12661056890149291,3.722655962810606,0.01389534226638317,0.021295101330082222,0.07114952024459123
random_baseline,22,0.37243491028278153,21.739248530459914,0.2319889599317345,0.28692331107971597,0.5709377136295747,0.14017388,27.405123,0.50211406,0.5138985,0.28082356,23074,0.23226102803676407,5.665874226498094,0.27012509760915904,0.22697518077972006,0.2901141550606202
random_baseline,27,0.5923328850718119,20.36770482704904,0.39701001095538363,0.40167452777639445,0.22455156349083163,0.83776194,10.556422,0.49969897,0.5153278,0.32517964,107466,0.245429053500118,9.811282593467496,0.10268895578617826,0.11365328346475545,0.10062807298759244
random_baseline,26,0.8687299552383846,15.589997798500228,0.2435802393294994,0.24761266111752506,0.2302143204202366,0.17486508,27.49588,0.2087741,0.24231182,0.4174216,16026,0.6938648733320659,11.905882328452897,0.03480613461510579,0.005300840729684786,0.1872072887430477
random_baseline,29,0.9520840779406534,10.586652015332383,0.22353176788779175,0.23888211777614526,0.42092726653113055,0.95448196,11.806327,0.35742295,0.362317,0.25927675,64630,0.002397881402303126,1.219674850817519,0.1338911799958142,0.12343487808300085,0.1616505188275783
random_baseline,34,0.9808899467196822,4.043069908964561,0.3041542502126542,0.3264094398766485,0.3915704706743996,0.7910845,8.753873,0.32675344,0.330872,0.18104318,33369,0.18980541875032186,4.710802962434364,0.0225991873064193,0.004462559387114928,0.21052729283130572
random_baseline,36,0.9731773181477902,9.226692865387264,0.1980308346942182,0.2706038720518902,1.0008942550307414,0.74816424,20.599714,0.2153853,0.22379883,0.30053902,438,0.22501308160222744,11.37302141378754,0.017354468207049806,0.046805045715029525,0.7003552383071086
random_baseline,35,0.6978502983069484,22.573078460854287,0.3278364467058772,0.36329011394253274,0.44424570055925844,0.9604588,10.726496,0.26803547,0.27506015,0.2394322,107298,0.2626085167908604,11.846582718056435,0.05980097526651562,0.0882299668954899,0.20481349976980684
random_baseline,33,0.966863912138766,7.334976216852873,0.2728053589858129,0.3342645165247495,0.5135205529593418,0.26906386,29.479458,0.47149256,0.47205588,0.08023107,3780,0.6978000519607722,22.144481638371737,0.1986871997319148,0.1377913656907504,0.4332894824408482
random_baseline,38,0.8829308615764249,14.122141942735588,0.22589415232361731,0.23165733552797166,0.292110765130698,0.9171716,11.977125,0.21092434,0.21796142,0.2701651,7605,0.03424073590434906,2.1450167748889086,0.014969810048951482,0.01369591987951127,0.0219456793381565
random_baseline,40,0.9768667227845637,11.353925689460901,0.31117085035227177,0.3253156029986141,0.38756974606022704,0.4872733,24.499378,0.6528329,0.65993994,0.2622686,79003,0.4895934171300379,13.145452514884802,0.34166207496739986,0.334624341745496,0.12530114321217406
random_baseline,31,0.873676827584945,6.185730035320724,0.2464125902777911,0.26035126303578554,0.3052327463116846,0.8265191,18.020243,0.25307313,0.26497865,0.3731522,88946,0.047157755529128376,11.834512655719315,0.006660535799860867,0.004627384196270123,0.0679194500956335
random_baseline,32,0.6150964086430454,20.567939787333202,0.17909370481310702,0.18735834561768372,0.3730205355633053,0.4251765,26.881758,0.34101763,0.3654213,0.4346095,53973,0.1899199073689365,6.3138179488728525,0.1619239288634219,0.1780629495483319,0.06158896699063454
random_baseline,42,0.9786959680284902,10.694198542795753,0.28543268726985555,0.29278851719415105,0.33053863063989564,0.6676844,17.194998,0.35203397,0.3696623,0.32533953,13497,0.3110115917887136,6.500799244679833,0.0666012854703178,0.07687379745924555,0.005199104701861579
random_baseline,39,0.17106591626122267,29.280433586976965,0.23449621447365088,0.24227446548772938,0.2854661515561148,0.8091837,16.048763,0.35426044,0.35733542,0.22742453,15555,0.6381178005127641,13.23167031183048,0.1197642301674624,0.11506095297502392,0.058041619381050735
random_baseline,37,0.8696794861243778,14.842289614882958,0.28091581219007483,0.2878986459275147,0.23650432575284622,0.7057752,20.88893,0.33743313,0.378856,0.4793313,114877,0.16390428480372965,6.046639752182472,0.05651731735895166,0.09095735735693966,0.242826988810905
random_baseline,47,0.7858935411625426,19.162252998505124,0.21553077032711487,0.2585006953890646,0.7897687283279404,0.39657944,25.758356,0.29651713,0.3012383,0.23993585,90336,0.38931409675412587,6.596103095855227,0.08098636338565368,0.04273760302707308,0.549832883191298
random_baseline,41,0.8230538167559067,19.7844458946591,0.19339812763085368,0.22823424159576744,0.44375626255860157,0.3272198,28.572351,0.2764688,0.29257074,0.33818063,21133,0.4958340026937882,8.787905561029376,0.08307068578848836,0.06433649838874489,0.1055756311594469
random_baseline,44,0.5558599298264308,23.1243745160959,0.2154898656974124,0.24334623178754455,0.4427673529750041,0.71210027,20.609009,0.20744209,0.21471155,0.3618089,14756,0.15624033758384748,2.5153657270334016,0.008047775782136835,0.02863468488965637,0.08095845691024578
random_baseline,43,0.9188900267412535,14.155876952739199,0.27494373333370176,0.2873441796164385,0.33504858951603805,0.20223852,26.457943,0.3336268,0.35060653,0.35357392,138175,0.7166515117218367,12.302066009907286,0.058683073402290675,0.06326235128833141,0.01852532882655228
random_baseline,45,0.8600228735919399,14.42410179297464,0.2821961249990901,0.2966072511162565,0.46986479930340297,0.92296517,8.217064,0.28740525,0.2927139,0.24605627,86386,0.06294229536100204,6.207037889166045,0.005209127457574958,0.0038933407749937032,0.2238085257238055
random_baseline,50,0.9443166268866052,10.93400794588188,0.267651183268612,0.286230206629638,0.45752415403143787,0.9519933,8.143304,0.39042464,0.4010223,0.33748624,54029,0.007676659723044432,2.7907040747270955,0.12277345571797554,0.1147920785933692,0.1200379167439165
random_baseline,46,0.35741366483766623,23.439486402282906,0.2493766098802625,0.2538433108391126,0.2144509778310031,0.99411213,5.7093306,0.18793839,0.21306454,0.569427,62112,0.6366984691421311,17.73015584350605,0.0614382177179395,0.040778774386819205,0.3549760355662137
random_baseline,52,0.8426617281170126,18.951852492756398,0.33718217849579857,0.34147127751720086,0.25578022949152934,0.6138185,23.328236,0.32066396,0.370717,0.6176781,48181,0.2288432018490072,4.376383133464305,0.016518219707880477,0.0292457115231739,0.3618978763396169
random_baseline,53,0.17067284006175742,29.498270601001465,0.35423582367505857,0.3606430456503457,0.2933472814010865,0.9128947,15.74081,0.22438486,0.25013077,0.50879335,118408,0.7422218857378031,13.757460206714356,0.12985096447076627,0.11051227305970851,0.21544607263333732
random_baseline,49,0.9514855551084671,14.383367087409248,0.18815591372786858,0.20720754370721936,0.5988758902429485,0.23206739,27.365128,0.27865744,0.3234331,0.52623135,71595,0.7194181638321075,12.981760476067315,0.09050152264298103,0.11622555746999622,0.07264454172839163
random_baseline,54,0.7414149715437068,17.70891425921709,0.22150578375972702,0.2378371535891362,0.4593469278489199,0.9406932,12.716965,0.27513498,0.29039907,0.5042295,132888,0.19927822809084517,4.991949537537401,0.053629196918831334,0.05256192096530715,0.04488255813969705
random_baseline,55,0.5123661327430025,22.96047968094992,0.8559718624912882,0.8578394976380934,0.1139720532958819,0.1713736,24.089294,0.33033255,0.33302355,0.22643408,77211,0.34099252701485305,1.1288147526438301,0.5256393150650644,0.5248159495118727,0.11246202849694951
random_baseline,48,0.8253421544753411,13.083062216266988,0.22341245524356323,0.2327481476827214,0.32362615248645554,0.3051758,22.778698,0.20980999,0.21571718,0.2750041,26553,0.5201663434230187,9.695635751262309,0.013602466506456912,0.017030966119344015,0.04862206360782395
random_baseline,57,0.5336975215590636,21.978381421872964,0.562731753582122,0.5668511001186063,0.21850668979945667,0.08381365,29.16065,0.30132908,0.3048634,0.21369682,89584,0.4498838691628615,7.182268831422935,0.2614026772919914,0.2619877068118741,0.004809867275385932
random_baseline,58,0.8866289745085038,11.566866966232787,0.2445627066707711,0.2554074046221586,0.37732429201791934,0.81023276,16.308239,0.25414038,0.26776546,0.35070863,21287,0.07639621598647006,4.74137201692151,0.009577670373906638,0.012358057776370446,0.026615658356649197
random_baseline,51,0.8439668613086643,16.088648364024145,0.2353145471703925,0.2644928408578036,0.4470623667868762,0.15314956,25.967892,0.29575887,0.309474,0.3785461,126241,0.6908173012147846,9.87924332909109,0.06044432605386593,0.044981150536239356,0.06851627785293152
random_baseline,61,0.889184279061914,14.234741828577683,0.21912258832900716,0.23448132081510945,0.4302631130882052,0.7488985,22.824816,0.4855495,0.49909177,0.39332604,92683,0.14028577289736321,8.590073921544388,0.2664269211962919,0.26461045341012557,0.036937069005563594
random_baseline,60,0.3199109138287519,28.641107407809987,0.7225231439794997,0.7270066224661405,0.22837386285444009,0.6373154,22.101055,0.22667082,0.2654196,0.4601942,123520,0.31740447866544974,6.540052262546315,0.4958523274387816,0.46158702007203645,0.2318203374228884
random_baseline,63,0.3212148068980353,25.170101266149,0.45246242534567926,0.45493487269644156,0.1941713480079875,0.120743476,30.155148,0.22219725,0.22367024,0.14986375,107660,0.20047133104363846,4.985046286341234,0.23026517581393335,0.23126462847952262,0.04430759826547956
random_baseline,59,0.8458460050683724,14.863847902648857,0.43149015136200314,0.4368047232052065,0.24635427501698973,0.24107951,26.234648,0.86947674,0.87010956,0.08143045,87885,0.6047664958101021,11.370799848205635,0.4379865842298853,0.4333048349002622,0.16492382493516447
random_baseline,62,0.832985011498523,10.718702946885507,0.3469037188991607,0.3646668316654023,0.35876268428958386,0.9635143,12.703297,0.3846223,0.41405958,0.43764108,62402,0.1305293165044067,1.9845937144914458,0.037718586732476855,0.04939274770700369,0.0788783999045995
random_baseline,56,0.8346641316850397,15.5819462084472,0.31782992661926907,0.32520810024673946,0.27052615789843715,0.928411,12.686552,0.2703113,0.30094028,0.54258186,24993,0.09374687524245051,2.895394160717707,0.04751863063309353,0.02426782505447872,0.2720556983523258
random_baseline,64,0.3659484404393885,23.68059155078029,0.9094862262295538,0.9109167269464057,0.08542910561396938,0.69193363,23.776144,0.3273452,0.3301339,0.2449256,114838,0.32598519145758414,0.09555247692967228,0.5821410337971502,0.5807828418012183,0.15949649765656132
random_baseline,66,0.21713177143124734,28.16966144253823,0.422310682175569,0.42390916727240946,0.1398258968936239,0.9810648,6.784301,0.1867344,0.22869974,0.6699938,104180,0.7639330250165066,21.385360638400048,0.2355762889365477,0.19520942352469828,0.53016792091262
random_baseline,65,0.5703937189685494,22.3575392317882,0.34352609360776043,0.3667140726847053,0.3527286830340397,0.9033592,16.808657,0.3665114,0.37366894,0.33575636,129419,0.33296545575984415,5.548882539283316,0.022985310906552314,0.00695486619049307,0.016972321549512115
random_baseline,67,0.5900704533077741,20.818976158696785,0.38410991089460356,0.3878332493077885,0.1984604871978208,0.9050931,10.385718,0.27195257,0.2771916,0.25640616,45584,0.3150226205371356,10.433257813054695,0.11215734140989286,0.11064164016357769,0.05794567101102624
random_baseline,70,0.41750582369995515,24.014127042831415,0.28883080877788636,0.293484176748306,0.2471051273604669,0.16552414,26.884502,0.81300145,0.8157679,0.14969918,84389,0.2519816836996118,2.870375368057257,0.524170645098609,0.5222837075061495,0.0974059460421838
random_baseline,72,0.9095111872939995,11.691682376596482,0.2675123841306298,0.2746554077008366,0.3457868383928452,0.95227647,9.029182,0.63416433,0.64924705,0.24559991,132543,0.04276528098297805,2.662499942514451,0.3666519492128761,0.3745916425845028,0.10018692777597049
random_baseline,71,0.25911618184244933,23.766869736394074,0.2372252727217881,0.2533526574982654,0.30128562522559293,0.98331374,4.9777174,0.3490426,0.35605392,0.28701532,77346,0.7241975574573248,18.789152336796906,0.11181732171104272,0.10270126110181699,0.014270306355048501
random_baseline,74,0.975807772032558,7.998368314486804,0.2977117860201626,0.30633015489686327,0.36132156995514514,0.50898254,22.379879,0.32197392,0.33196816,0.23478936,16447,0.46682523285561706,14.38151068331593,0.02426213384830661,0.025638003586641978,0.12653221336582782
random_baseline,69,0.5839114552133735,25.511953557311095,0.44208406738835254,0.44488480392031193,0.19055370955148823,0.9828951,6.010696,0.25168145,0.2906723,0.45278525,130638,0.3989836210614983,19.50125762301544,0.19040262035923877,0.15421250167421818,0.26223154397329207
random_baseline,76,0.9223367566060021,7.323333982083653,0.35158235572064384,0.3929916881242277,0.4355421628422116,0.7675487,16.072035,0.23194991,0.23660281,0.28200436,95966,0.15478807630052116,8.748700853731776,0.11963244519913657,0.1563888751187803,0.15353780645793424
random_baseline,68,0.7952578208362255,15.02384641104566,0.23401903283197106,0.27425776540823577,0.6381083458304386,0.95060927,3.6110168,0.26646313,0.27673438,0.27322555,107511,0.15535144592173955,11.412829660709967,0.03244409788053809,0.0024766165059030287,0.3648827999472599
random_baseline,73,0.8746366945419337,17.65135459853289,0.19270188618921827,0.20653644508087385,0.38363885103854767,0.4156221,21.96439,0.25565356,0.2694603,0.43903217,34829,0.45901460920906323,4.3130352024925,0.06295167397237231,0.06292384558952105,0.055393316157726136
random_baseline,80,0.9786644683428593,11.432185002348916,0.4270109830370916,0.4338807773434548,0.2961639660083551,0.57568127,21.917786,0.2784825,0.28892547,0.32041407,131370,0.4029831991740055,10.485600642182334,0.14852848629865778,0.14495530842179344,0.02425010030634217
random_baseline,79,0.5106734170511061,17.6921411176195,0.4549770198190835,0.4563699476284951,0.11510023364735048,0.9606615,14.723011,0.3858661,0.39102417,0.2935697,75139,0.44998805383893903,2.9691301007737962,0.06911091426259547,0.0653457753224343,0.1784694801835974
random_baseline,77,0.03888626508851469,31.42303433031963,0.411718831103203,0.4125277017542454,0.10743709068723696,0.96104586,13.033727,0.18100923,0.20873229,0.61596453,8251,0.922159596155687,18.389307638119924,0.23070959810530872,0.20379540969816173,0.5085274412112616
random_baseline,75,0.7186782388135923,18.38328165408443,0.21319881071026794,0.23551076169236296,0.4934029800635112,0.18796815,24.718775,0.33605602,0.33791295,0.14140126,41036,0.5307100890323652,6.335493141447795,0.12285721312586792,0.10240218524710543,0.3520017189722789
random_baseline,78,0.5126528041909675,24.289601656745614,0.2142301852994006,0.24116307855649258,0.5299352566453321,0.35552377,27.470287,0.7829671,0.7839013,0.0946497,18874,0.1571290391038398,3.180685666252433,0.5687369053072888,0.5427381956477616,0.43528555433477
random_baseline,81,0.786874701864554,18.407099975319237,0.34290999500363617,0.3566910597279122,0.38882520904159706,0.9504329,7.114172,0.31666517,0.3219526,0.24728559,115990,0.1635581947495207,11.292927993507714,0.026244822426731873,0.03473844851995017,0.14153961946582955
random_baseline,83,0.7058154657217612,18.75046221680485,0.21936361498598284,0.2427105281259032,0.6176638203684885,0.25834417,28.8861,0.3619847,0.40253738,0.45567232,48295,0.44747129229036475,10.13563855223812,0.14262108497854048,0.15982684756264964,0.16199149666472268
random_baseline,82,0.8904731926849612,14.630475967053329,0.1958381935498299,0.20787025108609344,0.4373197969962804,0.4137369,24.832193,0.46234486,0.4684225,0.24307573,109934,0.47673628305704674,10.20171740758046,0.26650666152028424,0.26055225119318814,0.1942440685798375
random_baseline,84,0.30934926751002667,25.17801685587528,0.21975839834577063,0.2260553970314541,0.23880637868232432,0.4281423,23.391497,0.26030293,0.29315227,0.39063296,70309,0.1187930416788161,1.786520197550086,0.04054453272455713,0.06709687566980932,0.1518265785377532
random_baseline,85,0.7737359368685601,21.13606529293792,0.2754040348093075,0.34179741543730335,0.7477613648052374,0.84018725,10.883569,0.21391621,0.21809272,0.22822689,64679,0.06645131469928045,10.252496529205011,0.061487822488979715,0.12370469075640278,0.5195344796056905
random_baseline,88,0.853822927689877,18.16716843295957,0.23008455120705915,0.23366869495645007,0.22768138422114334,0.48985597,22.574947,0.6303898,0.63209766,0.13119675,90441,0.36396695277723357,4.407778924218164,0.4003052584014003,0.3984289665387587,0.09648463203055344
random_baseline,90,0.9278427839319445,7.735713955199742,0.24002761201899764,0.2469694834539733,0.25992294129500504,0.62825906,21.258476,0.2420109,0.25033903,0.34484452,68647,0.2995837211649157,13.522762302124477,0.0019832943196940733,0.003369547765509129,0.08492157879700546
random_baseline,91,0.25416500846753465,28.522668451826696,0.28696704935764983,0.29144787375814774,0.20841115045117434,0.7754382,13.57105,0.24259923,0.25187498,0.23061833,87033,0.5212731810389961,14.951618761580114,0.044367815372702624,0.03957289044744827,0.022207177404889505
random_baseline,87,0.30337704740584237,21.684932934207808,0.2652535106091357,0.27707484361292073,0.3239701073905808,0.50196135,22.163916,0.2749696,0.28339043,0.2803597,13073,0.19858430303513663,0.47898269994746556,0.009716096982493316,0.006315588983285936,0.04361042196959081
random_baseline,92,0.9784118289213566,8.332300711431913,0.22747758030082466,0.23363298386527367,0.266847950286438,0.67514026,14.355022,0.2481612,0.25377217,0.2566046,107365,0.30327156727127114,6.022721718988009,0.020683616407854544,0.020139185486304084,0.010243338412811276
random_baseline,89,0.6782864216536052,14.89647368522622,0.2558260146256752,0.2652028986990513,0.24062363880292656,0.38836735,27.611963,0.26168185,0.26483282,0.21164095,84205,0.28991906678376267,12.715489586868507,0.005855840099208809,0.00037007423043861065,0.0289826847852874
random_baseline,86,0.9453909131355339,10.918670749206001,0.20967631553785027,0.217372587413038,0.29449137018231003,0.6466955,23.988289,0.27970874,0.28765595,0.32606697,4107,0.2986954184837395,13.06961813018853,0.07003242755754768,0.07028336217955233,0.03157560064288528
random_baseline,94,0.4281347659982303,26.58803384317153,0.5955192888095407,0.5995821052979975,0.19646578067290751,0.95812285,8.599814,0.39020193,0.39981133,0.30177665,3418,0.5299880834661862,17.988219428193503,0.20531736257815647,0.1997707778405695,0.10531086689484151
random_baseline,97,0.2682729173281307,26.254065157213688,0.2380769385739558,0.2468761031850308,0.3544042555664249,0.8888163,14.852062,0.30021733,0.30192927,0.17083138,87802,0.6205433797261601,11.402002931871891,0.06214039188182424,0.0550531620756656,0.18357287329179722
random_baseline,96,0.7066396704901857,20.81989673288741,0.416064008176761,0.41835297742693905,0.17968648333037898,0.45572323,22.520437,0.22139704,0.2307772,0.32520247,85534,0.25091644441978167,1.7005405077131748,0.19466696590228588,0.1875757733902264,0.14551598172699406
random_baseline,98,0.982120477674636,9.39708370040399,0.17722402887946373,0.19685383556580588,0.5431845461483492,0.85772574,16.761538,0.18706726,0.19379604,0.34753338,19714,0.12439473819557101,7.3644538514758935,0.00984322649830574,0.0030577969381813674,0.19565117112355368
random_baseline,100,0.3775346897509147,21.477538586176312,0.6154535216607492,0.6171998869466703,0.13621182028986834,0.448897,24.891273,0.34677616,0.3497091,0.18294977,128721,0.07136231437658774,3.4137349123588443,0.2686773640431802,0.26749079337596104,0.04673794622681715
random_baseline,99,0.1747506216658488,22.917601255348874,0.19011835943810723,0.21198228420734203,0.4279194969423048,0.4667186,22.163942,0.2250121,0.23329534,0.41175765,112128,0.29196799243556115,0.7536589183127411,0.034893734344317695,0.021313052158357743,0.01616184895112438
random_baseline,101,0.25231191522561847,21.976464634497212,0.2428918765295554,0.2616052444765273,0.48916989021432017,0.18957847,27.44778,0.26025674,0.26997843,0.32319087,41700,0.06273344165765582,5.471315974633647,0.017364860941071425,0.008373189370900092,0.16597902231347178
random_baseline,103,0.7842905883934941,19.6082152722254,0.41711814132718716,0.422414958509525,0.2630420861413695,0.41071266,28.079338,0.3259311,0.32747525,0.12081507,41846,0.3735779290345158,8.471122801505068,0.09118703928975735,0.09493970874222152,0.14222701765801682
random_baseline,104,0.7618827566113283,19.66930649762756,0.30230387737936193,0.31076884403402566,0.27133769180221107,0.6528381,21.131826,0.23231246,0.24861024,0.4301315,88985,0.10904464568756123,1.4625199031292766,0.06999142160600835,0.06215860083276986,0.15879380319672082
random_baseline,93,0.9102146549140353,10.471952851373587,0.22774581090868778,0.24637745143449863,0.44507473550457893,0.9862209,4.992883,0.3819591,0.38894114,0.26344714,40735,0.07600624133001377,5.479069645959768,0.15421329958974056,0.1425636875482742,0.18162759981770454
random_baseline,105,0.8106930638737913,10.9511414817078,0.2380674439931854,0.24947079132234787,0.31671686463432547,0.19462454,24.111979,0.29124674,0.29981074,0.36894187,61083,0.6160685206837888,13.160837049175989,0.053179298016931165,0.050339946049096834,0.05222500867767099
random_baseline,95,0.7014147144274893,15.887032816980074,0.22937334940249926,0.23630005362694687,0.2760112941520605,0.19651225,26.84561,0.2628127,0.2727467,0.2764581,5376,0.5049024623351278,10.958576847936918,0.03343935444538587,0.036446658342428745,0.00044682023354436495
random_baseline,106,0.07776463301812811,15.97492665729947,0.23332536589113909,0.23462316238190867,0.14530128231736025,0.17344321,28.497353,0.67832756,0.6789487,0.10123794,2507,0.09567858008707361,12.522425942798186,0.44500219453366563,0.44432553804610037,0.04406334450932345
random_baseline,107,0.6773182407360993,16.94361810311858,0.3142165684527785,0.32597734056986666,0.3422226894077126,0.07984919,23.431452,0.22278814,0.24091251,0.47333917,88701,0.5974690497261009,6.4878336943667705,0.09142842827505177,0.08506482862509585,0.13111648080980143
random_baseline,108,0.4271417285055496,26.700717942390003,0.35006817989727435,0.3537744476864882,0.23711593444103185,0.19782972,27.096684,0.30239072,0.3105972,0.23516855,20233,0.2293120051473953,0.3959655598072622,0.04767745547672686,0.043177236563975374,0.0019473880028146873
random_baseline,109,0.8727462876834201,18.136866156036096,0.3398869312325596,0.34274878465104264,0.223382059423862,0.96223354,10.65801,0.17620383,0.18585497,0.35803276,65784,0.08948725571257599,7.478856626922326,0.16368309920226326,0.15689381324219864,0.13465070358044098
random_baseline,102,0.5917920179825319,19.142166772330743,0.3076647124586483,0.32098961029635903,0.29168764240603373,0.2560727,27.185375,0.30448842,0.30994168,0.29291958,111415,0.33571931795888077,8.043208441292304,0.0031762919721980976,0.011047931057085958,0.0012319337620265713
random_baseline,112,0.2702067439948175,23.773308446741655,0.2619770223669944,0.2700064439378206,0.316761198632395,0.11953876,23.177954,0.66743,0.67032707,0.19682221,134768,0.15066798231945966,0.5953547266488819,0.40545296124888086,0.4003206234373625,0.11993898748604032
random_baseline,113,0.6862305623231008,23.00004381259147,0.5446974035664998,0.5483975522739457,0.1972446681854533,0.91650623,7.1120553,0.46790993,0.47189492,0.1981455,1618,0.23027566850804548,15.887988510925211,0.07678747142996412,0.07650263240166177,0.0009008256795598191
random_baseline,116,0.9704433674457524,10.606621818324875,0.1898253885355857,0.22446650392289633,0.4972753573836177,0.9485913,11.611339,0.22809029,0.24676704,0.5080616,127274,0.021852075541302973,1.0047167970926054,0.038264897719297114,0.022300540144486486,0.010786230426898635
random_baseline,110,0.18358537491674526,25.019516190972055,0.21930513581764954,0.2331233100370851,0.4377364849225882,0.67912954,22.619465,0.33696523,0.33971024,0.20639324,77021,0.4955441660035123,2.4000513167044772,0.11766009726989013,0.10658692555861801,0.231343243040264
random_baseline,111,0.9728213236122215,13.334167125999734,0.1793244782225322,0.19465995211026274,0.4694308804454519,0.8104544,10.749181,0.26448187,0.2722839,0.34195542,91847,0.16236689541626814,2.584986332237527,0.08515739409764297,0.07762395959475435,0.12747545709034935
random_baseline,114,0.937634330406479,10.785850751051441,0.2951054452816187,0.30473778541607055,0.2868340864595073,0.5597202,22.602724,0.27822566,0.35036916,0.5864679,102678,0.3779141122248689,11.816873324265941,0.016879784957522015,0.045631369990881354,0.2996338352743489
random_baseline,118,0.48967329190713305,22.10580340169411,0.24936980267376785,0.25379432399461643,0.24420255902163035,0.95481944,9.069697,0.18998358,0.20126101,0.3852934,124114,0.46514614893454176,13.036106021628193,0.05938622613758926,0.052533310248354836,0.14109083530553335
random_baseline,115,0.954238664304691,11.464501478159562,0.344522082710153,0.35200674148267197,0.2597302488600486,0.95395523,15.153366,0.29831457,0.32274783,0.49964646,100814,0.00028343120761453733,3.6888646107076255,0.046207511329537765,0.02925891490643906,0.23991620618946619
random_baseline,122,0.7277056506899946,15.720551721928011,0.2671820857909429,0.2726042700329653,0.24457600127926735,0.5330355,24.512684,0.58080995,0.5824037,0.1626165,91722,0.194670133951103,8.792132146480192,0.31362786503760937,0.30979944939223614,0.08195949506035713
random_baseline,121,0.4167338114990591,24.363586164000456,0.264544742419531,0.28398969503661153,0.4577355086004379,0.99406284,5.2553906,0.20289335,0.23949708,0.6908754,67798,0.577329029439509,19.10819551992697,0.061651395871450576,0.04449261459132192,0.2331399024331925
random_baseline,117,0.011933801329778363,28.15404954679467,0.3906375629866719,0.41114858877907606,0.2728944686278033,0.8512997,17.14421,0.23024854,0.2371178,0.30796364,24292,0.8393659017914069,11.009838731364983,0.16038902234679459,0.1740307916427693,0.03506917086995365
random_baseline,120,0.31002019546606374,22.413722764055027,0.2375813402795298,0.31106400558960623,0.8226050671553744,0.6859267,22.776274,0.46233478,0.46717453,0.18751529,98069,0.37590648033044505,0.362550963361965,0.2247534416056173,0.15611052443969065,0.6350897785639895
random_baseline,119,0.8380052312013462,8.146432856561084,0.4202909493944546,0.4261222461807728,0.23052366609241381,0.7292272,15.352625,0.33287448,0.34990236,0.45254073,68315,0.10877804595201757,7.206192036627392,0.08741647248481715,0.07621988454937939,0.22201705937717542
random_baseline,125,0.24145792762453175,23.04259770446264,0.25797703648439685,0.26245692963187756,0.2716768962537073,0.11936989,25.506084,0.20436344,0.25969046,0.628498,66005,0.1220880408089838,2.463486737676032,0.05361360097757617,0.0027664660889393233,0.35682112153422607
random_baseline,129,0.6871839157594918,21.515858034514313,0.3601873730725769,0.3717826942390385,0.37056850179077994,0.79903287,14.983558,0.27745393,0.28180128,0.2387503,103048,0.11184895119531169,6.532300333403473,0.08273344388670961,0.08998141087951089,0.1318182079398812
random_baseline,123,0.9143300353457283,16.127241026293298,0.30309449858801657,0.31003750652842665,0.2834857721908581,0.8638806,14.797662,0.2344146,0.24700767,0.3999716,88491,0.05044946064251177,1.3295792449822628,0.06867989130156332,0.06302983851008559,0.11648583215637093
random_baseline,124,0.2082437833071689,29.752564639456946,0.3592461545219217,0.36020877096306886,0.1262713947905041,0.5930979,19.38417,0.37228206,0.47810468,0.57866937,128377,0.38485414187898837,10.368394107230383,0.013035903478642863,0.11789590981352721,0.45239797443022955
random_baseline,127,0.3869913216874194,24.58514308973535,0.7428394858668558,0.7458356350932345,0.1853237726844775,0.815457,19.4621,0.25892687,0.2634544,0.26724717,3661,0.42846566473988773,5.123044014417967,0.4839126174281351,0.4823812276396975,0.08192339752540714
random_baseline,128,0.93264014047124,12.066201629779187,0.4954906922993585,0.502495661644683,0.25392591489431915,0.16135001,28.301107,0.37974232,0.3824067,0.2346681,5254,0.7712901286456785,16.234905776837024,0.11574836794709409,0.12008895006631382,0.019257809053636166
random_baseline,126,0.8118670981120341,20.140961949143936,0.2992356107022824,0.3547249678081444,0.5712275814703248,0.91243213,16.227629,0.26331612,0.27107987,0.32694593,60871,0.10056503603942468,3.9133332412581936,0.0359194860246243,0.08364509972991258,0.2442816507509492
random_baseline,134,0.7235557264217206,17.753230611706044,0.3463199721928868,0.3499738658414438,0.1982578812225738,0.9083497,9.554885,0.26990777,0.28174427,0.3503315,17825,0.18479396639978207,8.198345701122548,0.07641219965184065,0.06822959432464387,0.15207360404888007
random_baseline,131,0.9349061064069356,4.880912933429613,0.2866167712490921,0.3081017594757674,0.3422462767324059,0.49949542,18.65179,0.21536367,0.2405355,0.49498078,43739,0.4354106895272817,13.770877685466871,0.07125310483387753,0.06756626181036213,0.15273450553802564
random_baseline,133,0.7146832865968054,21.094112630875184,0.24171011451025576,0.29584565596782325,0.573677280219295,0.66716266,21.724648,0.23176423,0.24029805,0.35671666,99376,0.04752062981274774,0.6305348910974722,0.00994588735838503,0.05554760830604194,0.21696061757395502
random_baseline,130,0.09652458251123049,15.041094627343554,0.24205379485839654,0.2615564333693545,0.4376903212395494,0.9764666,8.969985,0.17663778,0.22192945,0.6562025,41610,0.8799420136153259,6.071109619103808,0.06541601121181298,0.03962698750658444,0.21851217385856464
random_baseline,132,0.44958131552998143,21.612687709845233,0.24839437163563732,0.25224459518552317,0.19689658725634665,0.9611297,4.2591558,0.32463923,0.33303913,0.2031044,106331,0.5115484094494192,17.353531959570574,0.07624485933093067,0.0807945395553063,0.006207819338883452
random_baseline,136,0.08394572900649597,27.911560295619637,0.2409699253176167,0.24351486966793545,0.1688174638197891,0.7665359,19.221857,0.20338193,0.2209849,0.49562517,48891,0.6825901491749615,8.689703224696785,0.03758799949631239,0.022529963709759793,0.32680770426530914
random_baseline,135,0.769633526733724,22.32821976707,0.2906134807793856,0.29352892602429215,0.17676492646251815,0.6736085,23.783697,0.5372027,0.54148954,0.21574281,104515,0.0960250448497213,1.455477361225899,0.24658923509433267,0.24796061550631698,0.03897788509811265
random_baseline,140,0.7555194730285106,16.03551107970884,0.41084106875837373,0.4123513852696341,0.1580882781278888,0.34637225,28.02469,0.2612827,0.2771357,0.29447126,119733,0.4091472262862621,11.989179548342918,0.1495583565372281,0.1352156852822226,0.13638298575760924
random_baseline,141,0.1222047201895068,25.549457443657644,0.21915201441836235,0.23092125451057227,0.38818581642556055,0.3930655,25.216278,0.33799875,0.35717443,0.4834872,55846,0.2708607919908216,0.33317936748576926,0.11884673340726021,0.1262531718066427,0.09530137239051001
random_baseline,143,0.5254309491522673,23.86119469930538,0.278971904485367,0.28292536876148655,0.22914830554750862,0.52073383,22.369987,0.18364699,0.20918016,0.5864407,113506,0.004697115839279009,1.4912072115124104,0.0953249126364214,0.07374520740456059,0.3572923768636852
random_baseline,138,0.44541980319808006,22.165476796289216,0.3418340318020778,0.3479342657218694,0.2747161281959452,0.09075033,26.818455,0.26332998,0.26608127,0.18700095,25533,0.35466947400162696,4.652977946142425,0.07850404904450942,0.0818529921661138,0.08771518298548836
random_baseline,137,0.44571255668537185,21.832489937409573,0.32694471704134836,0.3913873592862368,0.7311338142515514,0.87290853,18.840435,0.17920546,0.20985526,0.48163995,29684,0.42719597593410447,2.992054909333401,0.14773925470480814,0.18153210082142357,0.2494938627840374
random_baseline,142,0.12319518936642661,24.934559330223177,0.2100832430201186,0.21376541956812647,0.18101216540707504,0.13220209,27.442757,0.3016329,0.3157956,0.36197683,42954,0.009006899466428617,2.5081973226088543,0.09154966794675456,0.10203018084614965,0.18096466674433792
random_baseline,139,0.7987807298397174,19.684805138170834,0.37947729828281823,0.38531745488839264,0.28790881151031694,0.7681416,18.334352,0.8197346,0.8252538,0.1902688,20962,0.03063910252801083,1.350452644884701,0.4402572750814396,0.439936329768132,0.09764001184772692
random_baseline,145,0.6078942696217622,22.38188517498196,0.2892713879864937,0.30394056549409454,0.37937395292088905,0.9027792,8.970675,0.25184458,0.278499,0.4988706,51254,0.2948849519129668,13.411209706537136,0.0374268030446297,0.025441558269057918,0.11949665826990685
random_baseline,149,0.7500971653940959,20.777776423946744,0.2879766106847824,0.29182785800809796,0.22518951506227058,0.79485834,15.779094,0.2263196,0.23980963,0.39517897,54183,0.044761171054573556,4.998682681576138,0.06165701451340333,0.052018225706767396,0.16998945861250359
random_baseline,147,0.9870707986612116,9.54674933489325,0.26135383683990393,0.3238269997737738,0.8315047705093765,0.53644776,21.155361,0.22251806,0.23083885,0.38375568,57139,0.45062303521821845,11.60861184064386,0.03883578020881567,0.09298814963320223,0.44774908661045076
random_baseline,151,0.35586220626189125,24.636817808721784,0.2711166194388609,0.2766055769828416,0.2979137765381183,0.4973401,27.58751,0.5062406,0.5076567,0.15230675,42200,0.14147790666268456,2.950691346551654,0.2351239868691225,0.23105111647571552,0.14560702612136261
random_baseline,146,0.9465524093024047,3.6470244012098973,0.2758474454879618,0.2836161325450074,0.22824423767922564,0.50012565,16.461933,0.23202096,0.23934329,0.28994894,18035,0.4464267627112182,12.81490873477643,0.04382648622988228,0.04427284698439948,0.06170470259787397
random_baseline,144,0.7663070295752247,19.804942498304392,0.19869618157634641,0.20603805677996254,0.3551965549417099,0.157177,29.427174,0.32874823,0.33604646,0.3037447,44350,0.6091300283373554,9.622231116197561,0.13005204458942507,0.13000840051068688,0.051451851410444616
random_baseline,148,0.43816119849136104,17.67779062590276,0.30439022480142147,0.30746786618525157,0.19009063105727056,0.6634564,18.851463,0.2600071,0.26329082,0.23805518,288,0.22529518187591802,1.173672691968335,0.04438311158311398,0.04417704367930064,0.04796455342625758
random_baseline,153,0.9462423367334235,9.090098571113877,0.3893771468055792,0.39528633913737343,0.2239923382305443,0.7470299,19.496372,0.22233842,0.24333227,0.50226736,119874,0.19921243618258122,10.406273651786513,0.1670387236726828,0.15195407232981728,0.27827502245671154
random_baseline,150,0.8887742974368822,17.893772755419015,0.21646139123986008,0.2227896457733921,0.31330099065502826,0.070121095,27.556084,0.96538943,0.96554184,0.038153097,17827,0.8186532028524172,9.662310923780204,0.7489280392830586,0.7427521938262173,0.2751478936215276
random_baseline,156,0.755988163958931,21.967274926133555,0.6993879753483537,0.700371365119821,0.11791253651820942,0.84594667,15.744453,0.39838147,0.42650217,0.5314537,52379,0.08995850561962127,6.222821495957774,0.3010065037144426,0.27386919694126266,0.41354119215763285
random_baseline,154,0.9752834182377007,3.302503045509546,0.495532512903273,0.5280675164076988,0.33924851304819886,0.2259466,22.633484,0.22624949,0.23233566,0.24709448,110298,0.7493368130321648,19.330980841209204,0.26928302669531096,0.2957318595263664,0.09215403086474244
random_baseline,157,0.9612920418891685,6.249100844400687,0.2801522087724337,0.29139082139176387,0.3105241355815044,0.77376485,15.272466,0.4046297,0.41623184,0.3413217,68642,0.18752719318006206,9.023364861470895,0.1244774985639921,0.12484101945715886,0.030797571190346207
random_baseline,159,0.9398117831165457,7.926501610326483,0.22432782799231482,0.23358372563226976,0.3413332027901606,0.8747653,5.966621,0.23841435,0.24276061,0.26273558,1502,0.06504650620767116,1.9598806882378597,0.014086519179468626,0.009176887928406818,0.07859762735261483
random_baseline,152,0.9797627103575933,7.531242554575975,0.30190249566136146,0.32417221894889336,0.4571363806015802,0.17702001,28.349092,0.28710875,0.28924185,0.1408743,50369,0.8027426970252264,20.817849928944533,0.0147937465101316,0.034930368572764214,0.3162620841748071
random_baseline,155,0.8484302551208979,14.058691258976587,0.4257346030300144,0.43063944179402214,0.21761778740339868,0.85445946,18.22089,0.25985387,0.30349293,0.42551678,1539,0.006029209429120441,4.162198786189428,0.16588073335342446,0.12714650828228813,0.2078989967877329
random_baseline,158,0.5440713707721948,22.170784461222787,0.3088650844001599,0.31173094054191003,0.1819454484294748,0.1847325,24.587997,0.29889354,0.31951642,0.38287804,139498,0.35933887403376097,2.41721297530065,0.009971543302518926,0.007785479822469854,0.20093258687745574
random_baseline,163,0.2774201518962664,22.59124343106632,0.39579989294467566,0.4043598212628881,0.2947949544193332,0.31125742,22.369558,0.26200303,0.36804664,0.71938926,1459,0.033837270074101033,0.2216850967157349,0.13379685859141943,0.03631317991309563,0.4245943053958829
random_baseline,162,0.20137584381286638,22.813358136654127,0.24201659615484128,0.24741398160267591,0.25468295337165153,0.9084822,17.564554,0.24044713,0.24926578,0.3240329,42803,0.707106350133972,5.248803922176588,0.0015694623753155224,0.0018517934818196302,0.0693499493459388
random_baseline,164,0.9748123471558151,6.450656024026593,0.31069481600999316,0.31665998770114523,0.24112445474053912,0.4174658,19.837389,0.21155006,0.21506488,0.22330345,68069,0.5573465411484299,13.386732968282978,0.09914475907563647,0.10159510446902853,0.017821002606406733
random_baseline,165,0.5355438051683374,25.672866297187262,0.3357724871989766,0.33743546838388144,0.15164033730579818,0.6306602,12.79828,0.32826695,0.34460637,0.3558489,46663,0.0951163711088232,12.874586534919196,0.0075055387374440286,0.007170901349928982,0.20420857111857926
random_baseline,161,0.027708325486249796,25.176813317722182,0.19944696121482697,0.20244314143403702,0.21505797972239954,0.9592159,5.5796895,0.26853508,0.27953848,0.30148184,43268,0.9315075539540578,19.597123815006118,0.06908811635704193,0.07709534099356002,0.0864238632722904
random_baseline,169,0.061283787448833275,29.009541747845656,0.8490321776363399,0.8494078519718853,0.07094259737171536,0.9512185,5.435145,0.31485316,0.35973653,0.40417278,88135,0.8899346983833811,23.57439684657002,0.5341790160629298,0.48967131999900015,0.33323018075786226
random_baseline,167,0.9021028256038317,10.477099346538417,0.2886690616956381,0.3107078427929053,0.43617035247408414,0.055500045,26.757128,0.36788923,0.3722383,0.20740405,23918,0.8466027801850924,16.280028415302404,0.07922016378730257,0.06153046539839413,0.22876630522333646
random_baseline,160,0.7388849191456077,17.57214821380343,0.21840901872637675,0.24195434329276388,0.46252320549932446,0.16614236,25.79963,0.49021357,0.5076604,0.3123826,127469,0.572742559769654,8.22748099762235,0.27180455425259664,0.2657060456537693,0.1501405968472096
random_baseline,168,0.492990255957371,23.37631256394531,0.23034355029108888,0.2792982562544939,0.5345054009023568,0.9634831,9.824373,0.22221565,0.23145387,0.34987503,129278,0.4704928392116964,13.55193931870605,0.00812789782526857,0.047844390487968624,0.18463036800059285
random_baseline,172,0.48576255220940484,24.785683679397625,0.3777748577286481,0.38234702219277195,0.26576463924741495,0.6105009,23.13431,0.55489653,0.56111866,0.22003186,127898,0.12473831992575751,1.6513739107208671,0.1771216757605792,0.17877164016455838,0.045732781756875396
random_baseline,166,0.908422531853295,14.884401524499388,0.1900818401422529,0.20287870085385407,0.3796990951206245,0.87527996,14.113092,0.21014732,0.23421419,0.47727737,102649,0.033142568836785014,0.7713091020140368,0.02006548108195974,0.03133548581454193,0.09757827318648915
random_baseline,171,0.9621415720580342,11.430572712595357,0.46969560622080564,0.478081469381884,0.36391985673225985,0.26585367,28.249697,0.40244472,0.4884497,0.5374531,95843,0.6962878988383534,16.819124018972026,0.06725088595255613,0.010368223344251248,0.17353325825415983
random_baseline,175,0.32535242511638773,18.679989162981407,0.2951103205937294,0.29767687279237154,0.1732589989245382,0.4368854,27.196178,0.28598428,0.30417836,0.3518146,62291,0.11153296158901083,8.51618927329789,0.009126042868509654,0.006501484331957075,0.17855559892053932
random_baseline,176,0.1822967426354038,25.250111741830704,0.32081817674936347,0.3270218538230997,0.20131184162123256,0.9371833,4.2727866,0.37492657,0.3836945,0.28719553,59051,0.7548865778869045,20.97732512455165,0.05410839032827325,0.05667264590796417,0.08588369189279027
random_baseline,178,0.9480053051257741,12.37678435309089,0.24496924683546017,0.26651217771510577,0.532577176130805,0.15072244,28.104229,0.29563823,0.3006917,0.21228768,42254,0.7972828610683095,15.727444620297781,0.05066898658777286,0.034179516306119206,0.3202894968161917
random_baseline,173,0.17556986654136866,21.762745194312846,0.2584165216983274,0.26643825345856337,0.23886170230209355,0.6201903,22.282326,0.27630904,0.28633088,0.39370427,131660,0.44462045585777077,0.5195805503160607,0.0178925214706942,0.019892625276025255,0.1548425630539703
random_baseline,170,0.9316931581539535,11.555628353842273,0.2828118453813354,0.28996506878199485,0.3398097624831219,0.17418015,27.298477,0.34834108,0.3515214,0.19718997,83412,0.75751300812191,15.74284881900929,0.06552923218481144,0.06155633381543252,0.14261979067850306
random_baseline,174,0.9348904441885362,4.861209559920837,0.29318614672032023,0.32700342962415596,0.446664012681952,0.920569,5.976424,0.45569226,0.46005416,0.15364957,116898,0.014321441560209758,1.1152146573032837,0.162506114737123,0.13305072954027275,0.29301444412421274
random_baseline,180,0.4329530457035455,26.450091930797505,0.35495262062867694,0.35891199579496064,0.19989762173692033,0.37032053,26.036715,0.31001493,0.32229596,0.3179883,51618,0.06263251695789424,0.4133773769644975,0.044937687280974914,0.03661603203076996,0.11809068454703048
random_baseline,181,0.6681929238149038,23.9809999542433,0.3431229410868449,0.34444851317241254,0.15087797867696445,0.9761339,12.398172,0.26405317,0.26692203,0.19055498,67014,0.30794095918451636,11.58282757570326,0.0790697751742167,0.07752648629977765,0.03967699778635342
random_baseline,177,0.7997780149699413,18.127429614408953,0.3135040851597757,0.319924155456128,0.30254882054754745,0.3774842,25.969688,0.8260946,0.82788026,0.13646677,11502,0.42229381258499255,7.8422588011183905,0.5125905422205954,0.5079561078724242,0.1660820491833354
random_baseline,182,0.8908815678043411,5.7542549301116,0.34413323070900015,0.36945361180220293,0.2975508713750277,0.98323125,7.293705,0.18892466,0.20418373,0.38552797,99602,0.0923496786670639,1.539450056460666,0.15520857539073996,0.16526988429938005,0.08797709703164952
random_baseline,185,0.395817287173826,23.55075238424465,0.2810832636774697,0.285484208909447,0.230333696241658,0.17347693,23.181128,0.24559449,0.3122152,0.71904093,67410,0.22234035274084263,0.3696248360268761,0.035488777083269585,0.026731000097816204,0.4887072340294907
random_baseline,179,0.6002120729375998,21.244847890095286,0.24462557375363067,0.24817057892146574,0.23798251623460548,0.9381767,2.7796597,0.34425157,0.36166787,0.32354036,46132,0.3379646185945352,18.465188142017894,0.09962599933215424,0.11349729255375399,0.08555784350088341
random_baseline,186,0.39131056049510926,17.773777892194417,0.25205586483533676,0.2539086451276851,0.15567674369487064,0.40926892,23.096407,0.22079779,0.23269965,0.39379376,57821,0.0179583551581195,5.322629044451091,0.03125807275827225,0.02120899758187056,0.23811701803532345
random_baseline,189,0.19197091503337604,29.658493556475644,0.4718141706063641,0.477679685855429,0.24608530546117555,0.6421041,24.806776,0.38167205,0.3842057,0.19629765,122404,0.4501331742267253,4.8517175097227145,0.09014211607717404,0.09347398688844905,0.04978765989232789
random_baseline,184,0.16695336328632038,29.368866734706756,0.3076920808766035,0.3127837656109274,0.2236829579731042,0.67017376,21.726582,0.42676258,0.42880788,0.18695776,41623,0.5032204009425004,7.642285161220428,0.11907049999497854,0.11602411884379976,0.03672519632778712
random_baseline,183,0.6774065160594878,19.502470669324502,0.21375779869869768,0.24126769386647162,0.5162070754060684,0.97444177,9.519079,0.24165972,0.26373178,0.49248752,67695,0.29703525067940384,9.983391460950479,0.027901917072977428,0.022464083801527646,0.023719555426591432
random_baseline,187,0.1367693041118182,23.24236764271908,0.21527449251399444,0.22102795710706907,0.2674185176042829,0.87789935,11.328646,0.2570406,0.25945377,0.17801166,5920,0.7411300446239911,11.913721936542323,0.04176609753384186,0.03842581639146608,0.0894068617967878
random_baseline,194,0.3884202359363378,26.13705454329295,0.29741932006948973,0.30365138605434633,0.32242464009816096,0.21902457,28.33867,0.8564889,0.85750955,0.09974089,49295,0.16939566714017995,2.2016161872978692,0.5590695634258411,0.5538581673781182,0.22268374744946406
random_baseline,192,0.3477673190543519,23.00465204846978,0.2609661355260707,0.2834227290979168,0.3670277356592904,0.91231287,12.093957,0.23634078,0.2517658,0.3823296,4980,0.5645455462029113,10.91069510114312,0.0246253594402171,0.03165694149644588,0.015301877311061751
random_baseline,191,0.5611287150639286,22.977921873605872,0.22625316915092245,0.24592247535711723,0.4806315689023952,0.09353386,23.870848,0.21282002,0.22480519,0.39727622,61615,0.46759485640704535,0.8929258284204948,0.013433145852658895,0.021117284197868874,0.08335534619655416
random_baseline,190,0.22028410615427754,22.910273782627833,0.7060555106973243,0.7068833651702758,0.0941652007327042,0.42721227,25.1097,0.76693326,0.7684736,0.11646682,125615,0.20692816195981242,2.1994254666397453,0.06087775165085074,0.061590260012829634,0.02230161950731656
random_baseline,193,0.04315304215019931,31.381411948135753,0.8341434190569448,0.8350919163254481,0.10772444230388015,0.9666059,11.439846,0.36922804,0.3845366,0.4353785,100008,0.9234528595679403,19.941565909317394,0.46491538384538167,0.45055532217299754,0.3276540495746294
random_baseline,188,0.18738012446532465,25.380932904566254,0.25540520064515254,0.26273005026321206,0.2465054002590247,0.4099868,25.91455,0.54621243,0.5467785,0.09397277,70264,0.22260666952957892,0.5336178766837456,0.2908072341235242,0.2840484498168966,0.15253262789917668
random_baseline,197,0.5344605754802934,16.641160755237145,0.2310548470214482,0.26198189976453484,0.4449879016425862,0.18479988,24.577337,0.6083756,0.6118201,0.20934775,53983,0.34966069569094094,7.936176509777503,0.37732076189960284,0.34983820197344123,0.23564014692571306
random_baseline,198,0.9521961591435739,10.655946906373984,0.2102801865866953,0.22383682461390342,0.4375132735821894,0.5756875,24.135557,0.27257717,0.2769333,0.21184646,92812,0.37650863148701874,13.479610268308633,0.0622969799706167,0.05309648780217324,0.22566681765052587
random_baseline,200,0.11215452755651598,25.873818017084442,0.22183760448883624,0.2297904994556585,0.2569863855283219,0.91785604,4.7940564,0.28115964,0.2912199,0.3271654,76666,0.8057015100602137,21.07976160152658,0.059322034869684265,0.06142939066198677,0.07017900949311667
random_baseline,195,0.3738680906781545,22.427931233119768,0.34373618040110193,0.35225255617743956,0.22942894739928035,0.95940125,16.17942,0.33367944,0.33721516,0.24706848,82382,0.5855331592074046,6.248510761928362,0.01005674276377283,0.015037400814356672,0.017639532257892804
random_baseline,203,0.3620689802771629,24.731799576268664,0.21972983552189077,0.22310107817399427,0.17709355076535002,0.84077525,14.30075,0.21515587,0.22222431,0.30185437,73404,0.4787062711113869,10.431049797521105,0.004573965799524432,0.0008767681335203337,0.12476082125918611
random_baseline,199,0.5057986122188066,20.252302470256545,0.44902252426107236,0.4505244366171911,0.1328010169633914,0.7944265,16.446856,0.2887997,0.30435038,0.35470855,136517,0.2886278885784651,3.8054469252125998,0.16022282113988706,0.1461740604880407,0.22190753539714328
random_baseline,204,0.5122206363181132,24.64174123151493,0.3462775117685823,0.3479931239033351,0.14047508805789202,0.38218084,19.519865,0.4165194,0.46556637,0.37398532,93290,0.1300397965411204,5.121876195504189,0.07024189168905931,0.11757324300759936,0.23351023227177412
random_baseline,202,0.9765077559651286,9.359378711856536,0.280100771877664,0.2852417992758904,0.2459545408042742,0.28820732,19.60513,0.2335871,0.23656078,0.22775514,117461,0.6883004336060435,10.245750530086823,0.04651367077578872,0.04868102244617084,0.018199396565802217
random_baseline,207,0.9824587597494265,5.41416584355666,0.23262036788421434,0.2461032273563605,0.4014435205016368,0.6337114,18.721075,0.5062929,0.5074835,0.11481538,137789,0.34874736210156887,13.306909214426739,0.27367251169723705,0.26138025500447937,0.286628143802666
random_baseline,201,0.07510494645180395,27.101541712340264,0.27822904180259855,0.2834189611339874,0.234503873644049,0.031251553,24.826643,0.29425612,0.3056174,0.28451583,79555,0.04385339300574949,2.2748987222279595,0.01602707911758272,0.022198430929153468,0.050011954250161805
random_baseline,205,0.8692875983066698,10.507105186112746,0.28711002581828904,0.29970049722174746,0.3421581136912655,0.4991929,19.237764,0.42686492,0.42910475,0.15040667,60388,0.37009470480157336,8.730659172407762,0.13975489622837234,0.12940424816628354,0.1917514401406597
random_baseline,206,0.9479515042408144,6.164975083713742,0.37890013438797954,0.3870146087795045,0.23983973904542769,0.5038399,15.150395,0.34107965,0.3478903,0.26401186,138453,0.44411159421044943,8.98542030965784,0.03782048207856181,0.03912432114179393,0.024172120848371142
random_baseline,196,0.5489852023484967,25.979660768561263,0.60628062841074,0.6091604398673617,0.22843073221037827,0.5333079,24.617947,0.33726513,0.3399275,0.19957608,24276,0.015677292382981545,1.3617141438054041,0.269015494553013,0.26923294534145226,0.0288546523649498
random_baseline,212,0.9607216336852812,8.805716904486466,0.24827719213186805,0.26076769519834253,0.34840229307610215,0.922102,12.47795,0.25534257,0.26792622,0.3647414,74392,0.0386196591979765,3.6722331916439046,0.007065380795606924,0.007158520927145751,0.016339121709282978
random_baseline,213,0.8627844930681968,17.004617511868787,0.2104239024651958,0.2139650328743995,0.21126554871793923,0.9525448,9.497598,0.669496,0.6802452,0.2390646,27582,0.08976031531955952,7.507019817471814,0.459072097347884,0.46628018778676383,0.027799055326021338
random_baseline,209,0.9698045956889155,6.133048523343518,0.22086635334093785,0.23767194975634656,0.3457381173126562,0.96925884,9.788651,0.29172635,0.30962852,0.3831538,65699,0.0005457508364680175,3.6556029430261106,0.07085999744336391,0.0719565666792766,0.0374156788833277
random_baseline,210,0.48929723255979884,22.82830484023958,0.2543206163035881,0.2608482757166592,0.28892420899452914,0.09494855,25.680159,0.2657775,0.2686766,0.18744282,131957,0.3943486800109135,2.851853774872726,0.011456882180069738,0.007828333084228867,0.10148138475002993
random_baseline,208,0.10721197567364468,28.21807641720537,0.26459631513666476,0.28036408399930746,0.3071529343737852,0.5218997,24.327305,0.22080491,0.23131151,0.3985246,73576,0.4146877244911502,3.89077157711748,0.04379140030454959,0.049052569025667014,0.09137167781455402
random_baseline,215,0.2501456533875307,30.10531319141741,0.32705328323806004,0.3308717538186632,0.22912572531475214,0.98219115,6.200924,0.6923044,0.7000263,0.18214685,118498,0.7320454920325438,23.904389271739674,0.36525108954941554,0.3691545199087538,0.04697887806667475
random_baseline,211,0.5887530242770646,21.314919078235416,0.2297664716738692,0.24219627481643433,0.3972663628829767,0.09700054,29.897211,0.5346303,0.5360146,0.13757811,56838,0.4917524849742386,8.582291996593685,0.30486382694063274,0.29381834167297605,0.2596882480157663
random_baseline,219,0.7369126130909814,19.812165898070926,0.22746850264581447,0.2364941102637163,0.3741026957636376,0.66224164,24.630816,0.29796034,0.30647868,0.33943483,22477,0.07467097538422485,4.818649607910519,0.07049183833090061,0.06998456891642896,0.03466786342911915
random_baseline,218,0.8997828965129571,12.395857725528415,0.2532167037883881,0.26276918547361044,0.4242322140786506,0.6954102,23.035995,0.61984855,0.6221708,0.18806607,58244,0.2043727045001702,10.640137757870022,0.3666318455776092,0.35940162045748086,0.2361661487672187
random_baseline,214,0.9787581743064778,2.9726843832305363,0.328685113522754,0.36880971952832786,0.5117760553533236,0.022575999,26.11699,0.28480977,0.29009497,0.22421275,39616,0.9561821756276744,23.14430475251165,0.043875345322833326,0.07871474787152855,0.28756330456082024
random_baseline,217,0.6646559756288584,22.306615464414488,0.3357084003911137,0.34630304819904106,0.3567329742188999,0.31246853,18.686245,0.22260462,0.23056856,0.30568507,124660,0.35218744688129977,3.6203704998148787,0.1131037829146504,0.11573449022136467,0.051047901081616553
random_baseline,216,0.978544796918033,7.603652151237661,0.2608247835627226,0.2718285602802455,0.4146395790948876,0.89664364,15.457788,0.41100755,0.41481394,0.19530971,3750,0.08190115830719313,7.854136316169566,0.15018276977628192,0.14298537547643786,0.21932986561203083
random_baseline,220,0.1819638066095209,28.483802591136804,0.3370078751129766,0.34509183260129717,0.25957795913038734,0.33128765,20.73046,0.29129928,0.33917317,0.49903515,22625,0.1493238456445837,7.753343377879968,0.0457085916084905,0.005918664657342698,0.23945719068231103
random_baseline,221,0.8474121727880238,20.730452282044762,0.22450771356425242,0.23337299186795013,0.33260510600003873,0.22036391,28.427147,0.23846011,0.2458106,0.26518774,35316,0.6270482578214406,7.696694629576331,0.013952395073557333,0.012437606267044377,0.067417365674111
random_baseline,225,0.8940924029037257,15.670130014782735,0.31913966564670965,0.32742354607637725,0.31005337041377046,0.7710879,11.999344,0.26896265,0.28558514,0.39653227,122611,0.12300451800077161,3.670786142712423,0.050177014155544486,0.041838410854895924,0.08647889691830657
random_baseline,222,0.5104488804261602,22.788960512714446,0.7880448967312389,0.7887949477346818,0.0840356378973537,0.47545728,19.119091,0.3490778,0.35220948,0.17081214,51030,0.03499159955190789,3.6698694787788995,0.4389671057556682,0.43658546911796736,0.08677650697817273
random_baseline,224,0.14196657392656434,24.703644434011416,0.28535962403084114,0.2865942545582742,0.13143340359551062,0.83115256,17.963335,0.24856496,0.2796273,0.6282146,43252,0.6891859844001569,6.7403093967799705,0.036794665458453446,0.0069669612099618194,0.4967811941065158
random_baseline,227,0.8013699687064132,22.125326347530454,0.40648813527470906,0.40994009177780727,0.2618368677487899,0.39124614,25.54052,0.59793234,0.60088986,0.16352816,2721,0.41012382870320885,3.415193366825015,0.19144420343989055,0.19094976980590245,0.09830870848804008
random_baseline,230,0.32418144315604525,31.301859783838125,0.5263957008820025,0.5277739563710013,0.1173102858624306,0.13931303,23.992552,0.290519,0.299823,0.2844439,62517,0.18486841589335756,7.309307980249258,0.23587670178227105,0.22795097024505528,0.16713362902785872
random_baseline,232,0.9162617037280382,10.82770980994323,0.22948916961749516,0.2385270675143317,0.28417821906105917,0.29394087,21.852108,0.2483825,0.25417295,0.24930929,91418,0.6223208317740739,11.024398191765755,0.018893324236073872,0.015645883468715788,0.03486893258587759
random_baseline,223,0.03569162571651857,26.089775722880496,0.20426391619329207,0.24627665292412787,0.466602597011311,0.9441092,7.9127345,0.2731104,0.30915132,0.4763951,1072,0.9084175757147559,18.177041214366092,0.06884647351618059,0.06287466872542352,0.0097925033438373
random_baseline,226,0.4691555442034204,26.73851224318886,0.37811660551421733,0.38133351072664995,0.21072183579162698,0.08373386,21.750286,0.23191199,0.23914018,0.2567246,100627,0.3854216875254114,4.988226140893939,0.1462046184479484,0.14219332799311418,0.04600276023193259
random_baseline,228,0.37708795930490696,25.668625542795585,0.22006061570411722,0.23136903839147854,0.3546483294871327,0.07997736,25.063278,0.37589064,0.37932542,0.18083556,24569,0.29711059595689976,0.6053473445533974,0.15583002670043905,0.1479563812729044,0.17381276952295271
random_baseline,234,0.07946479981124016,26.159564018599802,0.18360096242965804,0.20581206221542217,0.5133297735518146,0.4917091,27.438684,0.42513898,0.42835578,0.24036537,91789,0.41224431330979255,1.2791204449011744,0.24153801772056474,0.22254372100868366,0.2729644024437595
random_baseline,231,0.5076772185998437,27.12504734542171,0.5000502000764706,0.5010017566355499,0.13494389484403502,0.6362742,20.406773,0.261379,0.2719739,0.33112547,17066,0.12859699995942142,6.718274731896319,0.23867119655169033,0.22902784868800963,0.19618157317163576
random_baseline,229,0.5884438521322366,17.12860763541262,0.352566759361832,0.3594163889315472,0.3089624394646889,0.07289079,28.077456,0.38031256,0.3924869,0.29339442,41521,0.5155530638155099,10.948847885217262,0.02774580262699855,0.03307051115962406,0.015568022894025424
random_baseline,237,0.6758696225722699,17.8378276426824,0.3090068132008923,0.3115692185696109,0.20408720625730054,0.5405529,22.52343,0.34466538,0.38059124,0.35471535,28223,0.13531670842966126,4.68560222792307,0.03565856513124577,0.06902202493586701,0.15062814103273853
random_baseline,236,0.9465473387333752,5.580040793706388,0.25222870952030074,0.26854763634378265,0.3937087780445467,0.044724163,23.031775,0.21503708,0.22414741,0.28810146,70948,0.9018231760653854,17.451733727167635,0.03719163185497176,0.04440022714311431,0.10560731353458269
random_baseline,239,0.8744744279143395,16.808869447827362,0.21169294564673213,0.21850384360485514,0.3526158252857231,0.44862574,26.42577,0.6325838,0.6380062,0.24677007,105157,0.42584868452520985,9.61690035808084,0.4208908513312647,0.4195023667222933,0.10584575628261794
random_baseline,238,0.31992118195521885,18.48802733218772,0.2109442974490599,0.21413365376086554,0.23460875635873946,0.14918949,25.68636,0.2929502,0.30875295,0.43659955,78181,0.17073169485557133,7.198332073329858,0.08200591550641495,0.09461930024532952,0.20199079627263872
random_baseline,235,0.738184526235827,14.475924678883466,0.2451716958635374,0.25040871816310273,0.25984220277867864,0.91147655,15.363368,0.19837642,0.24767542,0.8043472,13028,0.1732920262505927,0.8874433554793271,0.046795278703503224,0.0027332993093429625,0.5445050143042987
random_baseline,240,0.6538060760016907,18.36613583060861,0.2302549166933603,0.23327506243437623,0.22348813686297153,0.079751275,24.599041,0.22688648,0.22869721,0.17098586,108248,0.5740548005218972,6.2329051544988125,0.003368435646683654,0.004577851884068007,0.05250227425024723
random_baseline,233,0.9459232892732319,5.082761454163986,0.27497967455409855,0.3290366890417308,0.5957270873787652,0.16406295,30.972347,0.4185848,0.42051584,0.16478589,32688,0.7818603422383961,25.8895858053575,0.1436051192519775,0.09147914624345599,0.4309411956074487
random_baseline,242,0.33898722127056613,27.854733757949333,0.42550201476021277,0.4577391876019329,0.4148539153830234,0.5976879,22.338085,0.2626575,0.3146407,0.52752966,8463,0.2587006787958096,5.516648583388786,0.16284452140732275,0.14309848678482473,0.11267574150403104
random_baseline,243,0.7910951000889145,18.38628278776141,0.48909778386314334,0.4924172008303986,0.22607219321652722,0.9736238,12.105621,0.29644313,0.31168774,0.4676204,100731,0.18252871210972443,6.2806614498707845,0.19265464931686344,0.18072946312707522,0.24154820935801197
random_baseline,241,0.7503204477978404,11.694099336191591,0.3883104957335613,0.3986573240131117,0.2979123338531278,0.9245767,9.835166,0.29755396,0.32644728,0.38868377,103589,0.17425625193589378,1.8589333587135641,0.09075653922492483,0.07221004575192702,0.09077143227350487
random_baseline,246,0.1731302165482862,26.21560110062742,0.21237903976201888,0.21529009725172096,0.19368943696110236,0.81628245,17.2654,0.1774206,0.19805776,0.61438125,99304,0.6431522346045153,8.950201167766092,0.034958438513277734,0.017232341423817216,0.4206918167582275
random_baseline,245,0.9640090598716129,6.770838054029589,0.27458683118117716,0.294316052264642,0.4332984135500384,0.96457726,11.064753,0.20988674,0.22788495,0.4876974,125001,0.0005681977615963341,4.293914524705762,0.06470008656276133,0.06643110401101043,0.054398979152064264
random_baseline,244,0.0588311729238306,24.839282695360744,0.4143677714119275,0.42577949596511777,0.31468397604191756,0.97604,4.076639,0.2797953,0.32368872,0.56989783,16512,0.9172088327600684,20.762643519945705,0.13457248237231567,0.10209078026878293,0.25521385444438005
random_baseline,248,0.6940450542289932,23.56201529734713,0.2274532247984047,0.2384300282739762,0.36482258276083757,0.5286346,21.211502,0.22244284,0.25232762,0.56189287,135254,0.16541044643709257,2.350513222151818,0.005010389229022999,0.013897592709147588,0.1970702843274803
random_baseline,249,0.8952489896465462,10.814813655958744,0.22841250784391973,0.2367483081517305,0.2644676074549681,0.34231502,25.90376,0.25250646,0.2626259,0.3366831,31376,0.5529339714695137,15.088947254075435,0.024093956875852612,0.02587759473942855,0.07221548704652725
random_baseline,250,0.30238423449515744,19.74523480477497,0.2793070772997693,0.2808651515115927,0.15689023422724704,0.59944224,22.630375,0.2234351,0.23458858,0.3840917,43095,0.29705800908089236,2.8851401036722955,0.05587197340648925,0.046276573168201274,0.2272014708566
random_baseline,247,0.03425141138820665,29.995532815337132,0.485977639249065,0.48794994873281083,0.17054052980215859,0.8557076,14.390379,0.30840245,0.37506026,0.5678094,59368,0.8214561744234083,15.605153863310765,0.17757519035647162,0.11288968843694291,0.39726887314049886
random_baseline,251,0.5927342525334626,22.461341665336455,0.22667015603073284,0.2535240743704996,0.49784967372443323,0.503693,22.85769,0.29215786,0.295182,0.21559742,94578,0.08904126795246892,0.3963491458207713,0.06548770257942035,0.041657915299300186,0.2822522527935708
random_baseline,252,0.9231148615012118,12.93858470235378,0.38462009657085433,0.3881666757440463,0.20405126506500107,0.8442917,12.085671,0.24455297,0.26482847,0.3846271,54985,0.07882317448949305,0.8529132774880566,0.14006712663829818,0.12333820241450222,0.18057583874054092
random_baseline,258,0.1500439912746196,17.678385285538745,0.31124698841522314,0.33131903124471435,0.35769014925769504,0.9824236,9.724348,0.21044233,0.23029381,0.51846653,33477,0.8323796122600788,7.95403721730144,0.1008046540016947,0.10102522087713012,0.16077638297268215
random_baseline,254,0.982200315749449,4.039913105003528,0.2599499049184753,0.28086398696593995,0.3504415785214356,0.7968547,18.645573,0.49175027,0.4992052,0.25957227,14240,0.1853456409333174,14.605659557349988,0.23180036520977482,0.2183412148983026,0.09086931098908696
random_baseline,253,0.4836208064860659,26.025156658679155,0.41129706909211694,0.42868664952100044,0.4116170766074998,0.72779435,16.673859,0.25857168,0.26630026,0.3865754,13421,0.24417354270750707,9.35129801610103,0.1527253847316128,0.16238638850034004,0.025041675778184613
random_baseline,255,0.37256277330707993,20.637675513622412,0.21668925150624502,0.2516824976378772,0.6221533530339041,0.7083659,18.70371,0.24550048,0.26725075,0.51385146,48132,0.3358031438987306,1.9339649575921385,0.028811223661983132,0.015568248850693966,0.10830188923919581
random_baseline,259,0.12331543800747574,25.63708655335643,0.20140469994998492,0.2237526869308477,0.4501160651120869,0.9172222,11.376332,0.21989527,0.29873827,0.8243051,52426,0.7939067638167125,14.26075427033641,0.018490573497051827,0.07498558406715339,0.37418905201819264
random_baseline,261,0.5085282183325667,23.7964153111393,0.20930221532488705,0.24791375992253667,0.574218174712649,0.8585684,14.2007885,0.25513637,0.29645187,0.52818686,91841,0.35004015200968797,9.595626813214494,0.045834155333987464,0.04853810670420283,0.04603131701230112
random_baseline,260,0.9130403190931836,12.390353239143742,0.24001564430245642,0.2454726092739582,0.2866407012628814,0.5971405,24.50838,0.32135475,0.32503062,0.2820252,38779,0.31589982808442507,12.118027650748836,0.08133910251608606,0.0795580155925274,0.004615513055255038
random_baseline,256,0.9558984454009674,7.574515360688174,0.22748342524422965,0.24029025841748763,0.3888737928488511,0.9134295,13.021815,0.21295598,0.23470072,0.5485922,57668,0.042468946728482004,5.447299939299619,0.014527443751233438,0.0055895339349513185,0.1597184169671279
random_baseline,257,0.5079076309912082,24.934457474341254,0.26774700771196286,0.2806422428824206,0.3561712537199976,0.5782253,22.619211,0.30117878,0.30450645,0.2280414,36940,0.07031768362594881,2.3152462774418403,0.03343177546636661,0.023864208009074128,0.12812985817499178
random_baseline,264,0.9493729991633613,11.07599806836923,0.4402827308713561,0.46159643140426093,0.4430738292522223,0.052459534,28.339094,0.3252173,0.33479056,0.25707704,39532,0.8969134649057109,17.263096093618074,0.11506542425743399,0.12680587378135139,0.18599679096410582
random_baseline,265,0.4865988921740131,23.827066654879612,0.22063195708594643,0.22428834157868588,0.23152495225458047,0.87256724,11.510583,0.26516834,0.28399855,0.28436866,31062,0.38596834424947934,12.316483730990452,0.04453638192810691,0.05971020740584171,0.0528437117716799
random_baseline,266,0.19710535456402184,23.604964244441117,0.3196782424427681,0.3699931510026762,0.6085512377653258,0.29948872,24.913795,0.44163948,0.4461289,0.2384472,50183,0.10238336871402381,1.3088312267502893,0.121961240532238,0.07613575381681231,0.37010403353310994
random_baseline,267,0.07486897925705889,24.0467737656478,0.23499135268524365,0.2593141992973496,0.34409477317954423,0.7044345,22.294357,0.26164585,0.26541677,0.22317527,36167,0.6295655347886564,1.7524164658431118,0.026654500834196043,0.0061025718761275605,0.12091950083400133
random_baseline,262,0.7931227377243847,17.97529539437742,0.26567899379653764,0.2899371287381134,0.4242363731964829,0.020702537,28.997772,0.7701232,0.7711211,0.13712277,24873,0.7724202005751938,11.022476822419456,0.5044441899307268,0.4811839559519806,0.2871136080130341
random_baseline,268,0.9027857422363629,15.108542178016975,0.226501402780114,0.24683318563307002,0.38979184940058076,0.6832746,17.090548,0.26792148,0.2834196,0.40337574,8665,0.21951111550449032,1.9820053836285325,0.041420074776114646,0.036586423436754195,0.013583895419060354
random_baseline,271,0.1046389382425647,23.746614838539735,0.20070258118363168,0.2110381173774471,0.3265623875990001,0.9666776,11.373203,0.18051122,0.19229783,0.42983165,3600,0.8620386678632397,12.373411560951844,0.02019135989399698,0.018740286199735612,0.1032692662343892
random_baseline,263,0.4941463834316211,25.224141293496544,0.5054466852875771,0.5082408574714691,0.1827019486532358,0.8966085,12.671608,0.39034554,0.4013261,0.36303815,51934,0.40246208843880127,12.552533322305138,0.1151011416646065,0.10691476737404171,0.18033620380304777
random_baseline,269,0.8057130986776831,19.90627070586593,0.2725289693269192,0.28327834374364574,0.3538389102376813,0.17031556,21.382309,0.22443794,0.25195977,0.3877402,76263,0.6353975349989417,1.476038254095009,0.04809103218645444,0.03131857282575329,0.033901284559834544
random_baseline,275,0.36430734304589496,16.255545854592178,0.263847591122789,0.2730989764514178,0.33291486149514604,0.50767136,22.754032,0.21536247,0.23122686,0.39781028,75375,0.14336401315527691,6.498486280417588,0.04848511680046996,0.04187211497451959,0.06489541882788252
random_baseline,276,0.5497638025771414,23.623972102134157,0.30542623228624494,0.3161766250612589,0.35322124654919346,0.87499845,7.6722603,0.26142305,0.29634565,0.42765832,72147,0.3252346477020944,15.95171181771033,0.04400318092897565,0.01983097391150912,0.07443707292407314
random_baseline,270,0.47123268451141914,27.622028396302344,0.31860597924648276,0.32519582973640715,0.2650473224575272,0.9905427,8.425476,0.24991564,0.26711765,0.4856078,35307,0.5193100253160039,19.196552322083594,0.06869033472000113,0.05807818041961943,0.2205604804103622
random_baseline,274,0.5450421856468324,24.738356714087757,0.3741684246532105,0.38272103521282125,0.21460413421442837,0.98767126,4.3296614,0.2382341,0.27962372,0.5912923,40472,0.4426290704185363,20.408695344764027,0.13593432192722782,0.1030973181431954,0.37668818746754795
random_baseline,273,0.8848798201492122,16.55103934425371,0.268662780261906,0.27200989290594435,0.20603250542662946,0.4112961,26.475035,0.37116262,0.3724164,0.13212761,4726,0.47358372072485,9.923995369491408,0.10249984290513198,0.10040651396394396,0.07390489259742108
random_baseline,278,0.6634563976243719,18.85146379134645,0.2600071044919886,0.2632908098845796,0.2380551881129907,0.3403389,24.13241,0.24628319,0.26130217,0.47656867,54225,0.32311751184022275,5.280946258092026,0.01372391602973122,0.001988636746914796,0.23851348096774355
random_baseline,281,0.48516051263767257,25.140384415058243,0.7758635118526618,0.7772050387769549,0.13699990979037152,0.9785827,6.7831244,0.31473753,0.3415968,0.48362392,33040,0.49342216758769974,18.357259968189346,0.461125983290116,0.4356082267671435,0.3466240120808138
random_baseline,279,0.9416369260192656,8.534890462721293,0.2955475240838632,0.3168103318108634,0.4867740595317947,0.87947303,20.354042,0.41001642,0.41278175,0.20789205,113564,0.06216389545209644,11.819151590501363,0.11446889341949373,0.09597141338452542,0.2788820141531097
random_baseline,283,0.3818440717264082,23.351200289422188,0.3174421822228864,0.3269029492320701,0.34555457096964837,0.9169395,4.2195415,0.29325196,0.32434544,0.4232211,28013,0.5350954252676103,19.13165873973957,0.024190220753236125,0.002557509559599991,0.07766654032795905
random_baseline,284,0.8159139830968959,17.63994603871609,0.20095404614255385,0.2173615192360688,0.3747470205051275,0.94863003,3.9497595,0.38458106,0.39139143,0.23233356,64595,0.13271605182665758,13.690186555378688,0.18362701307489915,0.17402990708877555,0.14241346468752342
random_baseline,277,0.060882368831245835,26.495126097588823,0.22409943081750613,0.25238030381758053,0.39278323908765567,0.7035127,19.36888,0.22432528,0.23307046,0.37396392,63301,0.642630359383018,7.1262467793515185,0.00022585354433315996,0.019309840875457118,0.018819316825463894
random_baseline,272,0.6374269197652074,24.4587690853535,0.22509550524518168,0.2365026395898523,0.305694659906009,0.34110647,26.640862,0.27078304,0.32109302,0.48733088,22106,0.29632044536564073,2.18209242587697,0.045687531702068684,0.08459038323348145,0.18163622383536976
random_baseline,280,0.544998515973629,23.244959673109086,0.2931505011886512,0.30799591506303364,0.4522830576861651,0.053582173,27.387335,0.38918698,0.3955653,0.2267816,81275,0.49141634313279536,4.142375150499312,0.09603647715149771,0.08756938611685222,0.22550145101197078
random_baseline,282,0.28026467803767247,26.6922080227255,0.5481857440112045,0.5493318066055995,0.1592121946344134,0.098473705,27.787012,0.7885107,0.7911142,0.14258045,10154,0.18179097268631977,1.0948040774942278,0.24032493618746498,0.24178240447685895,0.016631745053267172
random_baseline,288,0.12257652452237076,25.838982216434683,0.4786092270915327,0.4846378456842783,0.20377201802237369,0.8090895,9.103118,0.27225062,0.28069246,0.251169,137408,0.6865129573082261,16.735864273624625,0.20635860458062266,0.20394538753150732,0.04739697807328366
random_baseline,285,0.0874638033998703,27.632821907384034,0.4517017176096698,0.4574515080719271,0.180868761354502,0.5383165,25.504929,0.25300983,0.25603256,0.21325514,101396,0.4508526848661209,2.127893318516847,0.1986918916647693,0.20141895177653218,0.0323863758506219
random_baseline,286,0.6986286713771456,14.630080001062176,0.3569913989157906,0.3601200815154212,0.16442889010883155,0.13756576,25.181318,0.28689077,0.29042092,0.19157448,76265,0.5610629095725649,10.551238282018879,0.07010062395050437,0.06969916185866765,0.02714559400104699
random_baseline,287,0.160135677127306,27.22975735498439,0.246747550195093,0.26309553389902707,0.3376168111654237,0.9724585,11.131249,0.19539723,0.21733171,0.51052403,75669,0.8123228046613292,16.09850792718898,0.05135032219254479,0.04576382642145749,0.17290722333469838
random_baseline,289,0.888507596781901,12.404539329596375,0.30134577510213206,0.3042880905980657,0.212502579867695,0.37279156,19.20243,0.28224108,0.28331393,0.1267166,103445,0.5157160382777964,6.797891395501281,0.019104698871129255,0.020974160563428268,0.08578598099932494
random_baseline,291,0.9454490925620651,5.3371085966251215,0.4101151761296399,0.4592127527862091,0.45389011147997105,0.44090167,25.284513,0.25462192,0.25806665,0.22859465,46257,0.5045474256824112,19.94740487688562,0.15549325315982176,0.20114609858088683,0.22529546562216007
random_baseline,292,0.5805234329659841,20.932469960036435,0.18366429259561454,0.20334795288200147,0.4722521180846241,0.95820147,10.146467,0.23355508,0.24389672,0.41561747,41425,0.37767803502489117,10.78600275117413,0.04989078591085519,0.04054876991157763,0.05663465211172369
random_baseline,294,0.8682980799558244,14.914462832900838,0.3080857350701085,0.3108342044960495,0.2032779220835081,0.83460915,15.194866,0.2382669,0.24308197,0.25055584,68603,0.033688929069288776,0.28040334751908347,0.06981883488833818,0.06775223249306639,0.047277921031344816
random_baseline,290,0.9704240805700562,11.271296876170709,0.18311462959507227,0.19362024934673994,0.4524020761726072,0.9592784,12.128454,0.34557536,0.3493677,0.22845373,92865,0.011145675857379245,0.8571573322033146,0.16246073284885168,0.15574745862101824,0.22394835059620644
random_baseline,297,0.7590101640550572,21.67534151255838,0.4499279509469774,0.45289375163506707,0.2349180903132286,0.6875048,23.04109,0.56519747,0.5686443,0.22414039,41918,0.07150533607883036,1.3657484990383004,0.11526951685697767,0.1157505335669593,0.010777699559482573
random_baseline,299,0.09726518054927953,32.28710112714288,0.5063597016345392,0.5082275627029985,0.1757955073147558,0.10203388,26.510551,0.33324665,0.33710477,0.1958459,83289,0.0047687027839266455,5.776549674506164,0.17311305332292426,0.17112279514203965,0.020050394651339176
random_baseline,295,0.9034825489930177,11.850978033047973,0.4940131376563791,0.49831556560931,0.2021521324027728,0.20137583,22.813358,0.2420166,0.24741398,0.25468296,172,0.7021067217997575,10.962380273836793,0.25199653907411135,0.2509015876286963,0.052530825723295316
random_baseline,293,0.19672730872409347,26.043231893690077,0.28173823455519326,0.3012899307908714,0.3764198944785614,0.6343021,22.703932,0.38604996,0.50838137,0.7699292,54336,0.4375747709534883,3.3393000852183974,0.10431172152810447,0.20709143593886492,0.3935092761299591
random_baseline,301,0.8891515671888913,16.015010334472805,0.3042283591755845,0.3298008656222788,0.564448873014161,0.923299,14.699223,0.30026478,0.3555695,0.6123233,98843,0.034147447379437534,1.3157877697755396,0.003963583422563255,0.025768646029714015,0.0478744111350089
random_baseline,302,0.053320455373543324,29.270399983076448,0.566528350311901,0.5715762513267684,0.16543742966910624,0.5867815,19.040152,0.26382,0.2698244,0.2739238,118308,0.5334610463964762,10.230248387007112,0.3027083577696341,0.301751865683763,0.10848638462761617
random_baseline,296,0.22829077890485514,25.84214079059353,0.26603047963843296,0.29337646719108124,0.343552269969864,0.9812167,4.9363704,0.24906309,0.28835976,0.54516137,123016,0.7529259497824312,20.905770417821312,0.01696739014849613,0.0050167059529830915,0.20160909649284353
random_baseline,300,0.9253349179362609,8.859738759313721,0.3411585025764758,0.3446248728516226,0.19876262710865122,0.490944,23.12739,0.25164253,0.3019152,0.6454462,81192,0.43439091983788747,14.267651148523193,0.08951597738040035,0.04270967428709316,0.446683554188651
random_baseline,303,0.7476713232436553,16.887385396718344,0.33943580598531053,0.34250130998839623,0.24403479288393326,0.14542727,24.447695,0.36044312,0.36110398,0.09438489,39536,0.602244051519908,7.560309381724039,0.021007309249064465,0.018602671744925914,0.1496499065595276
random_baseline,306,0.7162667463660543,21.168055048962085,0.762149947197113,0.7644911101905735,0.16635723517244408,0.9186843,2.886876,0.279381,0.3340104,0.44246468,92435,0.2024175573944743,18.281178942699878,0.4827689402410126,0.430480717763129,0.27610744430715495
random_baseline,304,0.9207873039567279,11.00302055706075,0.2428666977774306,0.25999518333918487,0.48767849774427585,0.90485644,12.909215,0.2646462,0.2729385,0.37923038,14631,0.015930860551576553,1.9061944163889564,0.02177950454839031,0.012943306574755564,0.10844811768598728
random_baseline,308,0.3311798941749244,19.96927937604101,0.2517995320192253,0.26155245500919294,0.30424225753126705,0.4348035,21.646608,0.211076,0.29017657,0.8920513,39362,0.10362359169543695,1.6773289766201245,0.04072352572592847,0.028624115406303885,0.5878090220135632
random_baseline,298,0.9891998167790204,5.503714701524608,0.21947581654254666,0.26627336765875065,0.6628362288401949,0.961938,11.166701,0.29986548,0.3183474,0.4789732,116501,0.02726179321182065,5.662986615308888,0.08038966769512423,0.0520740268076495,0.1838630189822542
random_baseline,305,0.3269419158453964,27.462938678664653,0.3528269999006735,0.362248687336733,0.29483992956002514,0.3854943,21.239113,0.25528932,0.28744483,0.48869804,73046,0.05855237593698276,6.2238258246607465,0.09753768372330535,0.07480385739593709,0.19385810591856678
random_baseline,309,0.9746225013357652,10.121155089598282,0.19187840728136846,0.21094851988166963,0.42096922622693617,0.9647048,7.9841905,0.19930682,0.20805982,0.37749887,71514,0.009917689762736659,2.136964625578507,0.0074284085812871825,0.002888702329103099,0.04347036109937269
random_baseline,311,0.5826880896910892,23.750169929189386,0.2540957764154743,0.2568776820273185,0.21830597573945545,0.25995806,18.83032,0.21972083,0.24762735,0.5050828,131305,0.32273003109543186,4.919849570913019,0.03437495086253395,0.009250334319570064,0.286776810343766
random_baseline,310,0.4384780256440255,25.08054241292879,0.32546212680971015,0.32720584610678316,0.16296692686403652,0.30567494,27.366968,0.5179925,0.51924,0.13638976,117528,0.13280308529635398,2.2864257419784373,0.19253036968076837,0.19203417559884428,0.02657716470087429
random_baseline,307,0.7561889397523291,20.009597808885,0.36092050049041824,0.37439918310366554,0.3907343832237544,0.9102682,8.709953,0.25203067,0.26211572,0.29503158,33698,0.15407924777055904,11.299644500779532,0.10888982984756546,0.11228346616946144,0.09570280587504532
random_baseline,312,0.9934660152173889,4.446421257117088,0.18817745262179042,0.22310111897657448,0.7297968219395897,0.92470616,8.289946,0.41474327,0.4221024,0.2142116,36270,0.06875985419520259,3.8435243452999046,0.2265658218285117,0.19900127274324364,0.5155852239009163
random_baseline,314,0.7339896131638818,19.183941538529094,0.2882103360380638,0.2942805833104351,0.30121115319345904,0.657395,22.130531,0.5336939,0.5518591,0.41703588,19407,0.07659460793774653,2.946589772506062,0.24548357360701678,0.2575784974810383,0.11582472451116133
random_baseline,316,0.9143168433826003,13.287985843737275,0.22845336228553398,0.23747610772413874,0.39317507899266096,0.23105118,28.889288,0.557855,0.5610712,0.16851021,106156,0.6832656665961776,15.601302104871124,0.32940164774711983,0.32359510933595037,0.22466486549836012
random_baseline,319,0.29585995705928997,23.568468387712347,0.8951403583083378,0.8961833851063257,0.11655256628735648,0.89365727,16.786804,0.32529032,0.3571512,0.44236517,6400,0.5977973100343685,6.781664188493597,0.5698500360045659,0.5390321747982507,0.32581260323779
random_baseline,313,0.8989653229950335,6.808613688915116,0.2745765244915287,0.28648492358973926,0.35863574498886674,0.66858584,24.711943,0.30780885,0.31068867,0.20432056,126305,0.2303794861076739,17.903328983814376,0.03323232174374657,0.024203750860181394,0.15431518012280077
random_baseline,315,0.44475619147680173,21.284640040206845,0.2280106705340211,0.2379483889684664,0.3885642461008774,0.23976566,25.276556,0.44294608,0.4741078,0.37475488,57889,0.2049905325021542,3.991915974807803,0.21493540585910634,0.2361594129457487,0.013809370202516213
random_baseline,318,0.9914042179957753,7.223938334888324,0.19161850263801883,0.21317480616533538,0.5506464856343851,0.7394128,17.904608,0.23486462,0.25301483,0.3827207,92795,0.25199143341935926,10.680669437938825,0.04324611971648862,0.03984002656972627,0.16792577678733922
random_baseline,321,0.8178976942754077,16.299481282665013,0.18559967700875973,0.19781860353384303,0.42855772305673073,0.9050683,11.274244,0.3446026,0.34796268,0.1711779,24302,0.0871705840372754,5.025236974193334,0.15900293763242984,0.15014407394494725,0.2573798291797013
random_baseline,320,0.2092831936576335,26.320887327166485,0.23586425273537273,0.24467433347824746,0.3380919281275553,0.32275113,28.142456,0.28867918,0.29126674,0.22427547,43454,0.11346794097638443,1.821568727521015,0.05281492979407673,0.04659240589019126,0.11381645834758702
random_baseline,322,0.9581557141435957,11.425138604055597,0.22172179341611276,0.22656754316278774,0.2548562978233484,0.94564897,13.800077,0.1814734,0.2639116,1.0787532,134431,0.012506745923838603,2.374938834298895,0.040248389247030114,0.03734406171849888,0.8238969351325842
random_baseline,325,0.09626216151542204,28.89645505286335,0.332523560418999,0.3377380268597319,0.26362453788011964,0.30077958,25.690079,0.5367874,0.5396353,0.13487516,8442,0.20451741955452424,3.2063763175117863,0.20426383028992434,0.20189727377655958,0.12874937444418366
random_baseline,317,0.42877846603266145,25.7605966441822,0.6648418319362072,0.6670133595396736,0.18282004095463902,0.45700952,24.155535,0.26423794,0.2692116,0.28750113,125247,0.028231058074317916,1.6050618999195052,0.4006038916247753,0.397801769249604,0.10468108557314723
random_baseline,327,0.2464463818922842,24.788505033744627,0.22159360377709325,0.2246723992007608,0.19321315120472243,0.732066,14.123938,0.24891457,0.26345873,0.29674077,107582,0.48561959377376196,10.664567426933104,0.027320965839224498,0.03878632958952241,0.10352761913524339
random_baseline,329,0.6180178419636726,24.590012957041814,0.42559550864861545,0.4275134651587783,0.18972079965668498,0.41259184,27.475092,0.44638544,0.45441663,0.2732255,137267,0.2054259971665382,2.885078977162287,0.020789934561986356,0.02690316749350441,0.08350468662184896
random_baseline,323,0.08319998754603024,23.67881217377248,0.21841398574458243,0.23032917106624534,0.3843444449341921,0.8050401,14.9229355,0.22444968,0.23672551,0.36564004,89991,0.721840133532461,8.755876687932638,0.006035693510903106,0.0063963381004721875,0.01870440072185081
random_baseline,330,0.5237421460805555,22.94868582751423,0.22109430991598922,0.24592438502629918,0.47418250653888466,0.9717661,12.911549,0.22539449,0.24735048,0.52861905,4810,0.44802396815436885,10.037137213012276,0.0043001774649922275,0.0014260991064675432,0.054436544440729595
random_baseline,324,0.2610515361582768,26.978706863614686,0.44339260613168413,0.44564928230746437,0.1614049662215189,0.6402763,23.677908,0.4627116,0.46429175,0.15736014,58068,0.37922477666978716,3.3007989198891003,0.019318996317732984,0.01864246907727074,0.004044829712577247
random_baseline,326,0.3565855364114812,21.77541158688982,0.33690804202551733,0.34428020558311506,0.27993503818070853,0.7691884,18.937822,0.26469985,0.2769085,0.3884387,88077,0.41260286767177073,2.837589244970875,0.07220819551939855,0.06737171850158735,0.10850366344893014
random_baseline,331,0.9179866352863354,14.414071165519822,0.19178777973620137,0.291315811238594,0.9189850252944299,0.8560561,15.76437,0.29652497,0.30799785,0.25539446,110343,0.061930541116718696,1.3502987990797877,0.10473719198735515,0.01668204132526402,0.663590566523678
random_baseline,332,0.5417093152353547,20.661022093189466,0.3717465334507937,0.386970537140654,0.3981650367306394,0.93799037,11.271418,0.24299385,0.24889544,0.28999135,49176,0.39628105217721243,9.389604475391614,0.12875268691511105,0.13807510061530914,0.10817368774878211
random_baseline,328,0.8051634771602808,17.71873659246112,0.35577589943807864,0.3608996563205363,0.22587784652949205,0.9191997,13.772166,0.4102315,0.42607796,0.3466368,104320,0.11403622796362056,3.9465703403248895,0.054455601425950295,0.06517830560115562,0.12075895542859205
random_baseline,337,0.8669669414798874,17.68345245905943,0.27803342219379923,0.2972864612484282,0.4921204927196177,0.5943585,22.772343,0.3816662,0.38638133,0.21377258,60972,0.27260843766137544,5.088890222825334,0.10363279108020285,0.08909486685749829,0.27834791269203746
random_baseline,334,0.42590663427630704,26.447975298104268,0.6373121458433082,0.6382496775220392,0.11534015878098233,0.330599,23.561222,0.23971626,0.24284868,0.21254627,10270,0.0953076242856149,2.8867532216882523,0.3975958842180183,0.395400998098707,0.09720611528498904
random_baseline,333,0.8831612238018389,11.028185796826833,0.5430514959203548,0.55024645261418,0.2510889592015391,0.8681791,18.227242,0.22086164,0.24349432,0.50858754,41159,0.014982140931355525,7.199055719286449,0.3221898523675747,0.3067521356786408,0.2574985799944753
random_baseline,338,0.07648584290820049,27.084622747527,0.21319064214945851,0.23185842431701698,0.5137436309049637,0.36463356,27.009958,0.31489873,0.3163603,0.15160444,75095,0.2881477172724636,0.07466448031508577,0.1017080871748823,0.0845018705018612,0.3621391871164352
random_baseline,339,0.7178096421872568,9.68832023645195,0.3268981469354154,0.33287457904178464,0.25818430546594556,0.74119526,15.460986,0.2534969,0.25991252,0.26770148,5749,0.023385619291167226,5.772665900938186,0.0734012616357328,0.07296205839473568,0.009517171346417108
random_baseline,340,0.28304843041710376,20.56486680969398,0.2580070032600884,0.2605906272230907,0.20258986603242524,0.85701734,8.216132,0.2765919,0.28981075,0.31186992,63652,0.5739689078588057,12.348734645692517,0.018584893750714815,0.02922011968509719,0.10928005326765411
random_baseline,336,0.3972499754440633,23.756113053900247,0.25789976719313895,0.28083055138609436,0.5098362974808379,0.027540525,24.195015,0.702881,0.70330316,0.07366444,30030,0.3697094500225631,0.4389018997130343,0.4449812113911506,0.4224726068971393,0.43617185577608786
random_baseline,341,0.7865956120714506,13.806099103213839,0.2767174397887202,0.28245165762928426,0.2537270981176092,0.9050151,18.699442,0.42024383,0.42450008,0.24924581,80826,0.11841949889809289,4.8933428065762,0.14352638970003406,0.1420484203335911,0.004481290589113396
random_baseline,344,0.7929203431456358,20.42689850722066,0.3100757490577804,0.3178997445438923,0.34968491652996203,0.50458926,23.130035,0.25564048,0.2622711,0.291332,25673,0.28833108352115455,2.7031368931699653,0.054435272115718025,0.05562863830075876,0.05835291007549426
random_baseline,335,0.9412952400999641,13.860142241304501,0.2425213048325413,0.35301574241826156,0.9973999466813597,0.97456056,8.709268,0.19734758,0.2071362,0.3424488,121837,0.03326531869596483,5.150874625032529,0.045173723445975145,0.1458795435399733,0.6549511458791288
random_baseline,345,0.8163982964429136,21.604658250868486,0.34472105061362834,0.3507712743760073,0.32006156168585553,0.30130863,25.175379,0.19328962,0.2053981,0.4114699,32015,0.515089664545941,3.570720548569991,0.15143142794917674,0.1453731767416918,0.09140834488267169
random_baseline,342,0.6170017877611735,22.897478468922838,0.21906873103877814,0.2363102150062769,0.38910247344168514,0.8546216,17.806498,0.29050747,0.30768958,0.33445007,1331,0.23761980142263384,5.090980895070299,0.07143873456218927,0.0713793623348028,0.05465240735205501
random_baseline,348,0.06841890506230137,26.61068980556881,0.31190805070668326,0.31937356732072303,0.198790162288125,0.5409324,21.753227,0.38500348,0.38675088,0.1553964,50131,0.4725135118535922,4.857462571682092,0.07309542662829294,0.06737730958281091,0.04339376040595336
random_baseline,350,0.6245767121402075,23.91945765940677,0.47593652394957614,0.47857555064084456,0.18953583717680023,0.9066476,9.459951,0.24396086,0.25258455,0.28588873,10853,0.28207091044508914,14.459506258649935,0.23197566655821872,0.22599100383641646,0.09635289430284455
random_baseline,351,0.892608263071682,14.453028453705521,0.21163376783011442,0.2340609316104171,0.5082166685319182,0.6695798,21.5644,0.2356383,0.23902915,0.1832147,29405,0.22302845912804792,7.11137126553276,0.02400453771473879,0.004968222571063302,0.32500197427036726
random_baseline,346,0.09523007628134882,23.018691231894977,0.23693670867652375,0.23951014861244735,0.17192976886302813,0.7752736,19.406694,0.4986808,0.50538456,0.24310313,46005,0.6800435448009571,3.6119968196635313,0.26174409152298495,0.2658744157872719,0.07117336278885023
random_baseline,343,0.4517838447477086,22.862777505750817,0.2815325990552646,0.3129546810517075,0.4398075785598737,0.7034151,19.68113,0.33106682,0.38792288,0.6058313,92981,0.2516312510584132,3.1816480501844104,0.04953421798994717,0.07496820198204496,0.16602374649429502
random_baseline,347,0.9426056441936116,3.220857494476782,0.334573213103565,0.40252090555573944,0.5126973048938133,0.58710676,21.892153,0.21306601,0.22027192,0.3254593,74040,0.35549887987705275,18.6712952917781,0.12150720143631344,0.182248990358367,0.18723800342210306
random_baseline,349,0.4708944157810333,25.463886174298626,0.3696087808667938,0.371096641673506,0.1431154645181117,0.93265074,7.4492674,0.30763975,0.31141207,0.2108651,52836,0.46175632913397524,18.01461878690849,0.06196903300874629,0.059684575452268795,0.0677496307396474
random_baseline,353,0.8115525460543678,14.832798077067253,0.5406992571468773,0.5421395775590363,0.11757944820993192,0.508977,24.81757,0.57029223,0.57133555,0.1462439,76415,0.30257555010939097,9.984771655598763,0.02959297727389909,0.029195976563888504,0.028664451850721764
random_baseline,355,0.9485847327562195,14.82384524187875,0.20650349442893232,0.22919292268347172,0.5213470237602853,0.82905596,15.367041,0.20931473,0.22283678,0.45504782,39837,0.11952876780947264,0.5431953922765231,0.0028112393147352865,0.006356145115608253,0.06629920772215359
random_baseline,357,0.9493799753303847,12.205234268296671,0.2597464679302512,0.2770397539910154,0.4805093240969078,0.86240333,16.007492,0.36390293,0.36720103,0.22759818,86257,0.08697664214328138,3.8022577971330165,0.10415645851475613,0.09016127626334863,0.2529111486904518
random_baseline,352,0.31443945417384705,18.84162531853059,0.22175315446759664,0.23462595088468172,0.44408679773301485,0.4784927,20.775179,0.68206495,0.69098955,0.2314612,83794,0.1640532528402368,1.9335535907711687,0.46031179599855937,0.4563636030436935,0.2126256005951822
random_baseline,354,0.9726510379164126,3.764130597677081,0.30349731386634854,0.34571112469553744,0.4883161485874798,0.69928706,21.260862,0.23150632,0.2393943,0.3283905,136889,0.2733639809935,17.496731752786786,0.07199099601242093,0.1063168175590018,0.15992563969732781
random_baseline,360,0.9733060254284077,9.879732056269106,0.6100921205613534,0.6197341274425288,0.19509121443080432,0.5793359,17.706892,0.2956425,0.2972913,0.1402211,22583,0.3939700974651509,7.827159957280699,0.31444962540601895,0.32244281880109504,0.05487011040496356
random_baseline,358,0.7675487637420672,17.963911723783433,0.276593038830115,0.2838116130475058,0.2167461559970711,0.6073094,22.492666,0.24542265,0.248188,0.22020233,61418,0.16023936270675831,4.528754520723403,0.031170392426802307,0.035623609149838864,0.0034561707775260797
random_baseline,359,0.7888466432635154,11.361691036261206,0.3329851517646,0.3446532161907562,0.3655098522863374,0.44597816,22.952667,0.237915,0.25834075,0.5683225,105897,0.3428684785906638,11.590976200066919,0.09507015740558356,0.08631247002643427,0.2028126274385466
random_baseline,356,0.5453546143138466,22.558443002769955,0.30357168319669525,0.30768066317356224,0.23799330674771438,0.27781293,27.503887,0.23664585,0.2400437,0.18906361,76996,0.2675416863524971,4.9454441737437165,0.06692583563772003,0.06763696343219872,0.048929698101321556
random_baseline,364,0.2485765766694763,27.336391734382563,0.4903238258431751,0.497427918872298,0.2190039533864951,0.9755411,2.7574332,0.2956459,0.34374234,0.49602807,108455,0.7269645381376526,24.578958558341913,0.1946779332230884,0.15368557806915162,0.27702411229496243
random_baseline,366,0.679581304119774,19.41945198991476,0.2379511388129672,0.25020275372529854,0.34811892322668037,0.93529975,12.992382,0.24704927,0.25915724,0.42993608,108201,0.2557184500229872,6.427069940354212,0.009098133247427087,0.008954486665479044,0.0818171579443554
random_baseline,361,0.059842926516947156,28.89451799481143,0.4785050937557748,0.4819224135368086,0.15622421218523452,0.98255837,7.8438067,0.18648213,0.24216722,0.7846514,120835,0.9227154431195885,21.050711251189604,0.29202296227460417,0.23975519401719342,0.6284271864735179
random_baseline,363,0.8782413843758652,18.600570640289206,0.33780850372810234,0.3420518071904389,0.2873014554851258,0.9875173,8.657264,0.34454933,0.35175616,0.30301982,48010,0.10927591289204863,9.943306884490866,0.006740824360658038,0.009704348300436372,0.015718366158703534
random_baseline,367,0.5474296971180372,23.778054623374114,0.46132626239879354,0.46406676207731656,0.21223578396695414,0.92506063,13.249135,0.25135317,0.26898745,0.38612136,133681,0.3776309327266283,10.528919605979095,0.20997308795078024,0.19507931505392484,0.1738855784807845
random_baseline,362,0.6347827142200647,20.847803030997166,0.21728154334355548,0.22173847364484142,0.23830210032329416,0.46006468,21.037758,0.65144384,0.65235484,0.09922745,56385,0.17471803483583315,0.18995484253798978,0.43416229572962567,0.4306163628190868,0.13907464953527307
random_baseline,371,0.2508105685299768,22.715392854666472,0.18276340762547616,0.19174959502021555,0.3384711860653682,0.2407927,26.25108,0.3181193,0.32604605,0.24647482,8272,0.010017861921204518,3.5356867046596996,0.13535587986536857,0.1342964545746636,0.09199636867015792
random_baseline,365,0.42763880439899576,23.57982385955504,0.34997922222035854,0.38906243052437184,0.5397807755451949,0.8077846,20.378887,0.5749483,0.57677805,0.14658864,16621,0.3801458125481783,3.2009366830413697,0.22496908863169224,0.18771562371299388,0.3931921371203215
random_baseline,374,0.10495614676998162,30.849770588586548,0.8215396381914206,0.8229291087413998,0.12535192308387946,0.9808278,7.200929,0.20095976,0.22564816,0.54885876,71400,0.8758716616101453,23.648841423700073,0.620579881221015,0.5972809439922543,0.4235068387035351
random_baseline,368,0.5804570593076216,21.61418467575849,0.2851347323858985,0.3402234207150247,0.5386954782718419,0.6203297,18.492188,0.28353617,0.2937061,0.35993224,11630,0.039872618751002675,3.121997175758491,0.0015985664332159866,0.046517331456830735,0.17876323444783682
random_baseline,372,0.16816132696077124,23.032038705989567,0.2150837865580289,0.26346768402133774,0.515121734820453,0.8176798,19.57138,0.3682184,0.3701209,0.20028445,133477,0.6495184954841445,3.4606580907551923,0.15313460557568387,0.10665322876896072,0.3148372835741914
random_baseline,370,0.27281847089113515,24.462690339370905,0.20899435776133327,0.23896060594302956,0.49614152815938284,0.9339273,17.456198,0.42965928,0.43965527,0.32727706,106179,0.6611088267010279,7.006492600723444,0.2206649194393656,0.20069466820972617,0.16886446383595755
random_baseline,377,0.6927581830472939,18.912365882761602,0.5424914201044122,0.5450388630723931,0.18586482458786585,0.14953674,26.999628,0.3190921,0.32509002,0.2537565,118268,0.5432214392871849,8.087262184255,0.22339932520618833,0.21994884217738886,0.06789166874213598
random_baseline,373,0.12431085819676926,23.84678800178083,0.2998674246388844,0.3081251938114128,0.2449897389360757,0.987361,7.2971435,0.21352538,0.24780773,0.5999285,126941,0.8630501556925435,16.54964454246076,0.08634203997434886,0.06031746754741285,0.35493875933205177
random_baseline,375,0.5113916575130015,21.687079777822415,0.6876195392802279,0.6894123412948463,0.1315817731374155,0.59236413,23.570591,0.21439296,0.21860562,0.21576987,8588,0.08097247489132586,1.8835111950779755,0.4732265792086642,0.4708067186456535,0.08418809893194332
random_baseline,369,0.6144367448533177,19.576427355069153,0.21295645483748862,0.22139437753465355,0.2721915034313387,0.8571819,12.492165,0.31600344,0.32022804,0.21154135,130214,0.2427451618468166,7.084262743252747,0.10304698697311929,0.09883366268369972,0.060650148775119206
random_baseline,378,0.8945808310092869,5.368023247249127,0.23870774305484244,0.24664626388040303,0.34022853794543606,0.4083557,27.730673,0.62580574,0.6269689,0.1202478,69853,0.48622511811866187,22.362649589054584,0.3870979925332313,0.3803226563504625,0.2199807343169914
random_baseline,376,0.8141544205773412,16.384583997478913,0.3082014008123775,0.3139252525660263,0.2504444069723235,0.9458337,11.176071,0.27157214,0.28455418,0.38199484,58924,0.1316792624365748,5.208512830486725,0.03662925797294575,0.029371069082902546,0.13155043651064768
random_baseline,382,0.4309019428346064,23.981097281280714,0.5493900522154019,0.5545328513012582,0.26751531458091193,0.8447194,18.86852,0.21774314,0.22505257,0.26045832,70346,0.41381746710802053,5.1125765445863784,0.33164690877610903,0.32948028596503076,0.007056994201654732
random_baseline,380,0.2265503522963965,26.78024444770108,0.9252167296387964,0.9260769118890261,0.09107404584072884,0.9271995,15.929985,0.1846433,0.20985167,0.47504967,95234,0.7006491306213891,10.85025940131436,0.740573431251269,0.7162252446040606,0.38397562867022694
random_baseline,379,0.628203049031483,21.0485099908385,0.24810595969267063,0.2528386334736079,0.29142559836951404,0.6601562,17.456558,0.30393577,0.3102106,0.3070319,60645,0.03195314136387217,3.5919517632994378,0.05582980652742214,0.057371952120569336,0.015606301321114013
random_baseline,383,0.6763840391166743,16.90915369237343,0.3137259587501758,0.32019607451409404,0.2766818401191597,0.24552983,25.506907,0.21609637,0.22993435,0.42299077,35981,0.4308542086608943,8.597752817025984,0.09762958733789856,0.090261724857989,0.14630892902871323
random_baseline,385,0.8271608573732724,20.22751377749799,0.2320856035058164,0.2366008592346195,0.2478626706969097,0.8622392,14.423808,0.21883625,0.22360179,0.25654277,13204,0.03507832462211946,5.803705679658634,0.0132493555848264,0.012999070952225078,0.008680101357762537
random_baseline,386,0.8191481454401397,15.820772965942474,0.49852732191886356,0.5018163856640493,0.18289223118944198,0.9674413,12.634002,0.37697485,0.3875173,0.42318583,75824,0.14829317497917183,3.1867712340699157,0.12155247102584293,0.114299082435671,0.2402935941584584
random_baseline,381,0.9763775363943057,7.985838831959086,0.20216720602727675,0.2090806816526924,0.32126662679679663,0.9513495,11.320383,0.20829318,0.23389399,0.65823007,63921,0.025028039552875025,3.3345442399403282,0.006125978610746624,0.024813308863970207,0.33696343950264185
random_baseline,387,0.898174524645611,13.5567359293307,0.21159197847258926,0.2233524301574805,0.3324485694055858,0.097547434,29.821735,0.620935,0.6225348,0.12945186,20307,0.8006270903752291,16.26499945274938,0.4093430443583739,0.3991823813392541,0.20299671338847308
random_baseline,389,0.85204137963506,15.314283874859619,0.20758916570357075,0.21068989530549828,0.21691095607771907,0.69142824,22.646313,0.3010357,0.3124578,0.27880985,119881,0.16061313552113787,7.332028838763428,0.0934465365249754,0.10176790460600074,0.061898889369821214
random_baseline,390,0.4377389025515995,23.676025036617965,0.19730674333307516,0.20390272507763427,0.24879340961237223,0.21227527,23.496109,0.35338318,0.36563972,0.32119486,77427,0.2254636359042606,0.17991602782890226,0.15607644014623392,0.16173699130916078,0.07240144774656027
random_baseline,388,0.12311942612414724,26.613124419494635,0.26226367668391,0.2677287303892342,0.26504425770591483,0.81373644,21.91906,0.23652063,0.24086946,0.23290618,110524,0.6906170126270734,4.694064666076667,0.025743043582446667,0.02685926789915244,0.03213808006595359
random_baseline,384,0.5365676407055874,25.011533348281564,0.2901097690374467,0.30640263258217204,0.41055287615904046,0.5492954,23.574694,0.33636335,0.34518835,0.3267265,40051,0.012727784709451684,1.4368396684719933,0.046253576347151104,0.0387857169032253,0.08382637993940545
random_baseline,393,0.05411217973216779,28.32586120895409,0.9763903245526833,0.976567927551073,0.048072311025710864,0.98240215,5.504512,0.22059989,0.23708025,0.4140505,120665,0.9282899661304116,22.821349375763173,0.7557904347974342,0.7394876813409748,0.3659781786383669
random_baseline,394,0.3251287933567155,25.339209443449427,0.35914968088565546,0.3614453163174974,0.19169237570980827,0.5896801,16.736021,0.23207158,0.25690183,0.40174028,97373,0.26455128228873126,8.60318840157931,0.12707810238300044,0.10454348588269818,0.2100479070641633
random_baseline,391,0.7567707985609733,16.14795603082922,0.2530679122670039,0.25940077563908626,0.3101087534906657,0.609456,19.936169,0.2263238,0.23711468,0.2691413,107529,0.14731479584872353,3.788212639825076,0.02674411396816817,0.022286092845469008,0.04096746687910868
random_baseline,392,0.08905742172942425,29.420760134758638,0.376438925460975,0.3809197048391421,0.2132735693794711,0.8510731,15.85611,0.24815091,0.27998236,0.51524407,68428,0.762015664532325,13.564650515618013,0.12828801055351957,0.10093734662190273,0.3019704973357694
random_baseline,395,0.8120870730033247,15.575728045325327,0.22348695403941757,0.23179369553619106,0.32028735644188133,0.88869727,17.067566,0.29308587,0.3328983,0.4433532,8208,0.0766101935753496,1.4918378726434227,0.06959891908756607,0.10110459342903416,0.12306584947738441
random_baseline,396,0.9132136499770482,17.58209548220104,0.2526344547905885,0.26335247279737617,0.36356758248383914,0.9302492,14.864946,0.32705274,0.33495492,0.29526386,102313,0.017035564195315045,2.7171491168445954,0.07441828745222462,0.07160244463350152,0.06830372583444033
random_baseline,397,0.7779489324860076,18.816441656509454,0.27456591980537565,0.28420726688720355,0.3455024109617746,0.096419446,23.234922,0.21608031,0.24044994,0.41493818,86117,0.6815294863156776,4.418480752548163,0.05848561184486539,0.04375733168937335,0.06943577067694306
random_baseline,401,0.21396143942493612,26.244013231485162,0.3200151845159259,0.370412044936985,0.5286547412744553,0.8926292,8.369392,0.23620242,0.24258825,0.25611493,84745,0.6786677667556364,17.87462083646563,0.08381276571175722,0.12782379310783765,0.27253981135998084
random_baseline,398,0.5571001312642562,21.534857986818302,0.18686100186705223,0.23475591142963625,0.6621853009103724,0.6928712,20.031834,0.26634645,0.2728888,0.28505608,82604,0.13577108169503338,1.5030243381366617,0.0794854527533091,0.03813289801288389,0.37712921651591746
random_baseline,400,0.6723859975895123,22.67603786847658,0.25595314319363704,0.27427635414593393,0.4351776394180385,0.55196285,22.751373,0.205083,0.27379757,0.6702842,118671,0.120423145111485,0.07533542253904457,0.05087014551392666,0.00047878248684579683,0.2351065722175511
random_baseline,399,0.7770951377663505,18.686796630873513,0.23346761320163517,0.2957496258407079,0.7029626016043866,0.14974362,25.273773,0.3341477,0.3377355,0.17705144,25424,0.6273515211853874,6.586976562485862,0.1006800785250494,0.04198587807126414,0.5259111617230618
random_baseline,402,0.7792927023269051,19.023429071420512,0.278477813714848,0.2905594483467266,0.3069122654826749,0.3703981,16.534481,0.25760466,0.26832104,0.32386884,63618,0.40889459813607865,2.488948022836528,0.020873155111179764,0.02223841105424612,0.016956575450171152
random_baseline,403,0.28777126070803605,25.56486986613535,0.24380012784850758,0.2593781670540653,0.34021006219082556,0.5058872,15.117291,0.2760435,0.2921941,0.34754685,33526,0.21811594966107406,10.447578415634862,0.032243376628039666,0.032815931180111335,0.007336783483689213
random_baseline,407,0.5415867892674938,14.284762937990273,0.5249807959278944,0.5302201097808715,0.17191095327295158,0.7942341,20.027014,0.24218825,0.26746652,0.41629732,2546,0.25264730773644295,5.742250840696251,0.2827925508698347,0.26275359447821345,0.2443863632782569
random_baseline,408,0.5461198181142165,25.72779095549441,0.6724305175797486,0.6738430354171673,0.15311024741492804,0.87701637,11.215318,0.20359962,0.21175574,0.32320172,93339,0.3308965474138902,14.512473229359156,0.46883090069456335,0.4620872977548519,0.17009146853126947
random_baseline,406,0.9795733920624649,4.270228751700095,0.3081624733936014,0.31775804585267325,0.28856415308887234,0.060419187,25.594225,0.23516266,0.24057095,0.25462127,80302,0.9191542051127349,21.323996178109475,0.07299981291405583,0.07718709832478782,0.03394288577014676
random_baseline,405,0.9403792114975935,12.496612001674286,0.2124888217933439,0.24300054892101897,0.5054430131230422,0.025165962,25.53785,0.20723885,0.26105285,0.8069689,71767,0.915213249442268,13.041237424595245,0.005249968815591227,0.01805229798755037,0.30152591426038067
random_baseline,410,0.5335359028689223,25.24382049443198,0.7104001980864145,0.7118574280489606,0.15681876508047038,0.093164235,32.212555,0.3261667,0.32947475,0.1435537,29771,0.4403716675154524,6.968734437208646,0.38423350869051,0.38238268086802185,0.013265061057109173
random_baseline,409,0.8503939495311191,15.11937025634252,0.20701595782528287,0.21667484408514706,0.33136651249696253,0.660475,22.539038,0.78928775,0.7919403,0.14180689,85142,0.18991893389086034,7.419667448125253,0.5822717881273234,0.5752654277692536,0.1895596268968725
random_baseline,412,0.9893000188528687,4.013945323078708,0.2389371634878103,0.27067998003956817,0.5117423797144138,0.93979496,14.546271,0.4555793,0.46029684,0.21690576,15985,0.0495050612150818,10.532326001079007,0.21664214716778357,0.18961685943606355,0.2948366219295704
random_baseline,413,0.8983162084075291,14.495371954294264,0.23192611248072442,0.2567510904859789,0.6703694144205432,0.96610206,10.955995,0.29586053,0.3035099,0.32777035,70015,0.06778585524832414,3.539377348276197,0.06393441646519843,0.046758800547193724,0.3425990620569568
random_baseline,414,0.8800805793754268,13.351162502167455,0.31731721765101767,0.3249249198986146,0.26735679253990857,0.4475488,21.256071,0.2223608,0.23887521,0.3126221,15545,0.43253177270809895,7.9049085885307875,0.09495641297400809,0.08604970961342784,0.045265307574913816
random_baseline,404,0.0939784390440956,25.2118984500775,0.21029470270495434,0.2595545738951407,0.6891117300789529,0.22564398,26.173058,0.39538223,0.39713076,0.16294678,70761,0.13166553847875445,0.9611591060748452,0.1850875228085039,0.13757618367512603,0.5261649545233422
random_baseline,415,0.24311934435955196,29.524249875605804,0.5623848461453486,0.5649585301640415,0.16554059590188172,0.9736429,2.072812,0.4496887,0.47154343,0.30519414,118759,0.7305235413254151,27.451437795222503,0.11269614332361699,0.09341509888199806,0.1396535435787091
random_baseline,420,0.3362556368024627,27.867277481619087,0.43898229520287324,0.44414133588647786,0.23761114566540134,0.48315126,26.02192,0.23358752,0.23651955,0.22982325,2064,0.14689562023565378,1.845358231130806,0.2053947768684845,0.2076217905697817,0.007787899067157628
random_baseline,418,0.8679125825916585,14.608183904451124,0.7004297631758916,0.7016034990128279,0.11300495448138337,0.85204136,15.314283,0.20758916,0.2106899,0.21691096,399,0.015871218875533,0.7060994665205556,0.4928405987996327,0.4909135967072249,0.10390600380871673
random_baseline,411,0.7137022363227495,18.68242485736332,0.1878059043754424,0.21563252706129257,0.6262974423800101,0.6870739,17.462496,0.35679868,0.36313614,0.23593065,96187,0.026628349928248807,1.2199290535303113,0.1689927742611085,0.14750361543100174,0.39036679095369475
random_baseline,416,0.9559366139375263,10.200063734538958,0.28056910779772903,0.28858316196392814,0.30878701402635106,0.25168735,17.494328,0.22433883,0.24548428,0.4572499,53776,0.7042492660485797,7.294263810627058,0.05623027828036453,0.0430988843579177,0.14846289561300746
random_baseline,417,0.8742045240068682,13.769979571382855,0.260094519485942,0.31821515260760364,0.5853192920300511,0.3014636,19.404078,0.28241053,0.29699707,0.32189697,105268,0.5727409200334795,5.634097958524372,0.022316012750157266,0.021218082295103635,0.26342232175798685
random_baseline,423,0.43748422931725867,25.056616701317065,0.3326569179961393,0.3360561263371585,0.1947337964094579,0.59867984,23.300983,0.2653468,0.30563372,0.45186168,1379,0.16119561124746912,1.7556332723619867,0.06731012267562841,0.030422402601349152,0.2571278831445277
random_baseline,419,0.5912351395098934,22.535369092175937,0.22505892155409166,0.2620683507531207,0.5542081888614866,0.74112934,20.859688,0.24638127,0.2663435,0.494652,10504,0.14989419923140912,1.675681287000156,0.021322346351143634,0.004275153437324264,0.05955618581163613
random_baseline,424,0.06758624691903475,26.397197245897885,0.5924014349182263,0.5973331066320876,0.23797064523621927,0.33428624,25.671724,0.2252977,0.23285809,0.29209477,104686,0.2666999958044302,0.7254729264398776,0.3671037305791989,0.3644750150392989,0.05412412185743917
random_baseline,427,0.7899475468283145,15.228807757492447,0.5212626164393717,0.5256066574737293,0.18566745359304926,0.31972533,25.776886,0.22954065,0.23410827,0.20473331,137398,0.47022221218399685,10.548078228835678,0.29172197036316927,0.29149838825909913,0.019065858536925107
random_baseline,421,0.44693093229148617,18.450364338515865,0.3802076672265453,0.41377550321526274,0.43236291312232955,0.36313397,26.42509,0.4244968,0.51612735,0.54545176,101804,0.08379696536872616,7.974726451279057,0.04428913248086741,0.10235184473090425,0.11308884716972367
random_baseline,422,0.8466075720851177,13.480414543074211,0.2135839250888805,0.24799900403595346,0.6637624900997526,0.97241265,10.355257,0.38947734,0.3976851,0.29418844,78183,0.12580507373168526,3.1251575087724532,0.17589341727829175,0.1496861065330468,0.3695740502537138
random_baseline,425,0.9572997316514315,9.031429411765878,0.2558579924670919,0.3659011463736167,0.9124983685907315,0.9640703,8.061404,0.3266203,0.33938453,0.32232115,74551,0.00677058847796308,0.9700251835554283,0.07076231807787575,0.0265166203592887,0.5901772218641232
random_baseline,428,0.7481642009205277,20.599715029205445,0.2153853045745793,0.22379883232784045,0.3005390331874987,0.60189754,18.60164,0.48617184,0.4875026,0.11828915,102077,0.14626666321224524,1.9980743279114996,0.27078653704681965,0.2637037723951362,0.18224988288985694
random_baseline,426,0.9602859361557244,9.865299244722891,0.22334688713716455,0.23110276765805263,0.3121077834987473,0.855834,18.255991,0.33403835,0.33785176,0.2351786,71017,0.10445192889254085,8.390691737332773,0.11069145986867956,0.10674899511355382,0.07692917877672428
random_baseline,433,0.5329025529670143,25.55295251790021,0.2521549066831339,0.25653621808831645,0.23915744125470656,0.90928966,14.92835,0.3106316,0.3218303,0.35969543,13915,0.3763871051025963,10.62460206929181,0.05847669631941432,0.06529408438856649,0.12053799331560594
random_baseline,429,0.97152920624738,4.429770685147162,0.28353364674346426,0.31499800410473383,0.37176221141463817,0.93709314,14.612816,0.25041947,0.2710377,0.38893855,135278,0.034436067552616856,10.183045171786432,0.03311417905585745,0.04396030631268061,0.01717633476608693
random_baseline,431,0.9510484925813589,10.973803106161611,0.22727796293385197,0.25630771250620554,0.7112981448383248,0.4168812,25.275162,0.21883665,0.22762202,0.2679944,117119,0.5341672889299307,14.301358637002451,0.008441312681509744,0.028685695241839393,0.44330374099921344
random_baseline,434,0.08485617672105855,30.335274668800864,0.2792328580343534,0.28652217711374456,0.2231179852920118,0.71406585,21.631275,0.4288585,0.4460244,0.38872296,95322,0.6292096730599779,8.70399949179891,0.1496256307637881,0.15950221096113032,0.16560497088856072
random_baseline,435,0.8795144235123563,17.645493452456712,0.22327900681091273,0.2302352387610315,0.3635772781203232,0.07876922,27.292582,0.30663913,0.3197184,0.26566666,113633,0.8007452016104627,9.647088105770827,0.08336012807296789,0.0894831519421698,0.0979106144736252
random_baseline,436,0.8890140359633601,12.07481543601535,0.3672510006516419,0.4067708302260766,0.5667105291195248,0.5586218,23.580378,0.2578641,0.27516028,0.35782245,102066,0.33039221217567094,11.505562142720002,0.1093869128315888,0.13161054737581107,0.20888808110431178
random_baseline,432,0.7388812844678072,22.89264942948876,0.2944997228893772,0.2981067026307503,0.22122318588069403,0.9435291,11.115973,0.20686091,0.22173175,0.47151893,84365,0.2046478445605131,11.776675956893545,0.08763880806298407,0.07637495047353898,0.25029574789234676
random_baseline,430,0.8186838044560412,20.558732153148437,0.5965778938972197,0.5998059517957608,0.21911966159543536,0.68625176,21.581131,0.30810326,0.42385277,0.87158567,47049,0.1324320449269274,1.0223988282968755,0.2884746305190764,0.17595318027514617,0.6524660055378959
random_baseline,440,0.8534624881995116,14.452234802114518,0.2811822024812267,0.30146627562133693,0.4274722431679895,0.969594,9.881126,0.25358987,0.2587054,0.25548974,39875,0.11613151357050788,4.571108398305924,0.02759233393569449,0.04276086824027919,0.17198250637256407
random_baseline,439,0.22479762123910133,24.06796918321714,0.36400838749378006,0.36605732119070394,0.17946858695637177,0.89046806,17.426674,0.2705322,0.28827265,0.37918258,16037,0.6656704397312051,6.6412952940569845,0.09347619669406693,0.07778467214094503,0.19971399017680694
random_baseline,441,0.917454600279431,14.64809345345789,0.26041306660924074,0.2675122884654561,0.3345469932032692,0.6708246,23.49503,0.6468565,0.6485633,0.17294164,69920,0.24663001293430775,8.846935996005001,0.386443420188092,0.38105103693966474,0.16160535318385238
random_baseline,437,0.2899209708860501,19.472295625075954,0.284467841006369,0.28893848541567535,0.22008200428874983,0.7690482,18.016954,0.2792818,0.32162344,0.51135635,106077,0.4791272430726901,1.4553412030788841,0.005186045981497189,0.03268495914151459,0.2912743494710158
random_baseline,443,0.5947850284999775,20.312900617559087,0.22402444684007655,0.2420430845909671,0.31002610041530976,0.791598,13.676237,0.25744924,0.26838863,0.26368243,16068,0.19681299348412284,6.636663511235845,0.03342479265233983,0.02634554436868866,0.046343675393184514
random_baseline,444,0.8185598466649769,14.674776086411114,0.32585153973549963,0.3296993681037484,0.1973853300890559,0.9706099,10.290705,0.2600145,0.27200693,0.41036358,104964,0.15205005667059435,4.384071359238263,0.06583703554123999,0.05769243918300254,0.2129782546677953
random_baseline,442,0.8637341933684825,11.999186542355844,0.5619151436114384,0.5645923928677884,0.1486103753908164,0.8016627,19.986227,0.4438819,0.4502332,0.32970843,111315,0.062071509881543974,7.987040493166617,0.11803324449301489,0.11435920161603363,0.18109805179996424
random_baseline,438,0.5073128159917055,17.14735357389806,0.3776162313252523,0.38321589151244767,0.23765596519899487,0.62897617,19.251526,0.35030138,0.35636353,0.26995966,46341,0.12166335025661601,2.1041723050081913,0.02731484639941001,0.026852356585079507,0.03230369318532825
random_baseline,448,0.7365934058692097,15.258964650798234,0.29507096090146273,0.30954176000122435,0.37559863566441626,0.66965634,21.440884,0.31923956,0.32258534,0.22870527,105304,0.0669370695616841,6.181918985676376,0.024168595887935462,0.013043584313350842,0.14689336358590216
random_baseline,449,0.9744046652177181,10.073356660833284,0.22122935486178208,0.22950079692128922,0.3456993514480841,0.85199964,10.282875,0.33762363,0.34471473,0.24079955,35061,0.12240502475293535,0.20951840020187262,0.11639427113194656,0.11521393405672287,0.10489980520632386
random_baseline,447,0.801768802167998,20.233636336119677,0.4679890805516171,0.4722778147081355,0.1904103849774761,0.86890393,5.2734604,0.48190168,0.49637008,0.25977257,22311,0.06713513278759897,14.960175947936083,0.013912594911105691,0.024092262425043198,0.06936218396364024
random_baseline,445,0.9235231180880378,16.60650971673737,0.23855750937477724,0.25975030095020785,0.47468004451579554,0.48900244,21.435978,0.25333387,0.2627498,0.35750073,57652,0.43452068168857794,4.829468219053645,0.014776357221444686,0.0029994901951168607,0.1171793125707577
random_baseline,452,0.39130874818190997,23.336134392378412,0.32102038000292576,0.3237723596892543,0.20089897613336113,0.61277336,20.114727,0.22514631,0.23401982,0.37312427,90083,0.22146461063995893,3.22140737211474,0.09587407146162785,0.08975254376747083,0.1722252954978797
random_baseline,450,0.5985985505943793,24.073894168100573,0.35027300355064994,0.3600673372388588,0.35055678879955315,0.57321054,15.980522,0.30753973,0.33023635,0.41290957,16182,0.025388013160755007,8.093372012338854,0.04273327228653556,0.029830991709302535,0.062352778556556465
random_baseline,453,0.646949536142478,14.503273292955193,0.35604550488394215,0.35940101275274816,0.22052298715272364,0.10011466,30.22186,0.39037156,0.39583242,0.17524615,70281,0.5468348776675558,15.718587592664925,0.034326056166472885,0.036431406642698616,0.04527683785119471
random_baseline,456,0.22079908599572567,23.31131530598064,0.21022271202673287,0.21521022285707841,0.3214892848189396,0.36501986,19.7475,0.26429716,0.2701042,0.25007695,40612,0.1442207718877277,3.563815840038256,0.05407444549928336,0.05489397679082503,0.0714123352225346
random_baseline,446,0.9894120922419056,8.682428049594769,0.18428744764934935,0.23260831378324232,0.7585273858874492,0.35469022,23.876146,0.26085445,0.2810055,0.44404155,52960,0.6347218683096394,15.193718266933551,0.0765670051990851,0.04839718796388903,0.3144858357279948
random_baseline,455,0.7375520926333388,19.510558047558003,0.18110993663442732,0.190106745711378,0.44049945247913413,0.8647998,8.874828,0.32233503,0.32824504,0.2880843,102212,0.12724770490160386,10.635729708934957,0.14122509797441363,0.13813829804319963,0.15241515410686546
random_baseline,451,0.02269180806715854,27.124053968479465,0.6032686624495177,0.6286029080735644,0.3049576659856977,0.015325507,16.445606,0.23911263,0.24526525,0.23326856,1662,0.007366300918058236,10.678447736790012,0.36415603196302937,0.3833376626359424,0.07168910700666326
random_baseline,454,0.25449857223765376,24.51497460403295,0.2250271930910122,0.24321180859199382,0.4749022613732939,0.6619706,20.114,0.251009,0.25614774,0.26009503,33665,0.4074720431493091,4.40097428359838,0.0259817943357456,0.012935933679429523,0.2148072313039427
random_baseline,459,0.24902620058148528,24.976371758515395,0.24312679443011911,0.32631721271973657,0.7510078457666294,0.82274085,16.94025,0.23337804,0.24175075,0.34210002,130470,0.5737146522513089,8.03612136178688,0.009748756619793492,0.08456646575432825,0.40890782154330174
random_baseline,461,0.3100300917391418,24.63069537275023,0.2555432507752563,0.26009749301659907,0.2946676866544307,0.7337999,20.56803,0.2604,0.2886654,0.5359168,83443,0.42376978304342044,4.062665969063705,0.004856746459088179,0.02856792083990728,0.24124911861290327
random_baseline,457,0.9525886799355808,5.929534896374641,0.2911308842528508,0.3158955882330962,0.45215190367227315,0.97857314,8.012368,0.22568129,0.24334335,0.5032514,103700,0.025984463546627423,2.082833305834832,0.06544959422237134,0.07255223496161184,0.051099470095579635
random_baseline,458,0.7944733184041415,14.755104947076738,0.32009658334570557,0.32828146513647977,0.25241733934052984,0.04867287,32.28031,0.80906403,0.81249875,0.17129473,48622,0.7458004486026202,17.525206637395918,0.48896744730157227,0.48421728316597995,0.08112260545857947
random_baseline,460,0.9529389655591556,8.193072628995957,0.23910653978891674,0.25134059707777434,0.3852339732734444,0.31947726,22.775103,0.21885704,0.2390014,0.54421633,58811,0.6334617054463931,14.582029986360489,0.020249504748061337,0.012339203759598072,0.15898236154634932
random_baseline,464,0.9888518229939431,6.470390637577012,0.2095486640074132,0.21808472746183383,0.3389579047925151,0.9426444,10.715453,0.24870545,0.25611576,0.28264108,118179,0.04620740570802395,4.245062510311172,0.039156782712710086,0.038031036917667516,0.05631682179042463
random_baseline,463,0.0374869948754128,24.813541294967436,0.25474035748586493,0.36927045600960673,0.9420834168034424,0.86973745,19.233873,0.23482433,0.24548665,0.39032185,83272,0.8322504514327231,5.579667927657866,0.01991602787122565,0.12378380911896647,0.5517615660267701
random_baseline,468,0.4279301991859351,24.182886452465137,0.23192943887250117,0.23694295659002174,0.2892396134797329,0.31194627,20.057972,0.46503207,0.4673155,0.14357163,128366,0.11598392633589849,4.124914498119434,0.23310263200266668,0.23037253842416894,0.14566798335945552
random_baseline,462,0.12675264516928947,25.32486855129675,0.22881639611028085,0.24250133671850738,0.3529272084550937,0.65869087,22.659275,0.28444415,0.29000148,0.24691032,121868,0.5319382246389075,2.6655934963651085,0.05562775719858756,0.04750014505296174,0.10601688972283202
random_baseline,466,0.9870047997067807,7.901579416098137,0.19973599118027516,0.2402769016663162,0.880076558520205,0.19839948,29.703096,0.37819213,0.38099542,0.22007759,6267,0.7886053155492184,21.80151697367237,0.1784561355706709,0.14071852093538362,0.6599989693659616
random_baseline,467,0.48804245751249054,23.29905519044841,0.25225876917001094,0.2650011141947022,0.40306900832694054,0.84843093,12.07403,0.38128123,0.38418144,0.19278978,121344,0.3603884740556552,11.225025267963058,0.12902245770338688,0.11918032568185422,0.21027923021357536
random_baseline,465,0.4179612399016353,25.953658776084865,0.2168193160390798,0.24314962817948454,0.49474162922876735,0.949273,8.3491955,0.2618289,0.30587384,0.5935135,24382,0.5313117503251104,17.604463295738185,0.045009583344465115,0.06272421286780244,0.0987718595407639
random_baseline,472,0.21319990930168536,23.36366899559064,0.2591648940089684,0.29120148394897843,0.5673499569716596,0.25232223,20.028503,0.24326368,0.25040963,0.25297165,67036,0.03912231746108624,3.33516557762189,0.015901217246387545,0.04079185102775956,0.3143783078017377
random_baseline,471,0.743476355200857,15.596873713530421,0.2440876881213033,0.24675553692404162,0.17305431918576736,0.8353903,11.830295,0.34254083,0.3448896,0.17432255,78673,0.09191397416010494,3.7665791044605967,0.09845314225246074,0.09813407408174146,0.0012682263426445073
random_baseline,469,0.9839328602425099,8.516943979284477,0.25271682357666375,0.26417502514098085,0.38882867920901926,0.5140788,25.174053,0.25718194,0.26548454,0.29700541,98349,0.46985406433262833,16.657109212854195,0.004465118886257391,0.0013095165136059461,0.0918232642462507
random_baseline,474,0.5643320548196656,22.60471712772211,0.2500869272994008,0.27133580310536576,0.46433508124762185,0.9155832,15.432462,0.2557515,0.26055193,0.2894064,940,0.3512511384824889,7.172255389135685,0.005664563293555747,0.010783873631488805,0.17492869224959023
random_baseline,470,0.525658304916605,21.676074657087153,0.30398075344362796,0.44994972567665414,0.683083716067783,0.1910429,30.054562,0.48884574,0.49314195,0.2738882,3557,0.3346154048311558,8.378486957903082,0.18486498234471738,0.043192223500134186,0.40919551554631384
random_baseline,478,0.6335032688543815,18.737409229665676,0.21989376095095578,0.22802488682107613,0.36807734760844096,0.45570648,20.047976,0.3654662,0.36740986,0.18089235,12666,0.1777967916891593,1.3105663104954566,0.1455724463148981,0.13938496830625846,0.18718499931895122
random_baseline,476,0.326505515899288,26.743600959291157,0.7989051957298353,0.8022499114817488,0.1991721860592574,0.33617508,21.141315,0.23916873,0.25264388,0.43631202,113164,0.009669568214786706,5.602285499086079,0.5597364623714521,0.5496060282534468,0.23713983376572428
random_baseline,473,0.49304253753304284,26.790015637190766,0.4008020951377049,0.4162102666370285,0.3077411876094272,0.59844345,18.507324,0.3182068,0.39481357,0.6019837,90314,0.10540091101050575,8.282691418440766,0.08259530802832987,0.021396699237049843,0.2942425384152005
random_baseline,479,0.8833643324596345,13.855250372731945,0.20000060066070333,0.2072901856615763,0.3132614500573271,0.98829424,2.354413,0.3601907,0.47650057,0.633335,105631,0.10492991135292651,11.500837340200206,0.1601900889030479,0.26921038511250206,0.320073544258774
random_baseline,477,0.1827720653156039,21.695299289103684,0.5448286114880343,0.5468093880016905,0.12001988392122391,0.49052718,20.457476,0.37951455,0.3818304,0.16833334,84492,0.30775511750185525,1.2378236268722382,0.16531406628577905,0.16497899373365466,0.04831345278970596
random_baseline,475,0.9689372825049456,8.0865424533391,0.22750984864747723,0.23748542335637968,0.3239604265125482,0.1662858,21.128765,0.294074,0.3030115,0.28033528,60928,0.8026514845513399,13.042222652862073,0.06656415028059284,0.0655260834395035,0.043625149193593726
random_baseline,483,0.07035691527338517,23.005821307371114,0.2132750158734663,0.22586764404326698,0.4131726888534834,0.4767871,16.993988,0.4260383,0.4275707,0.15325525,74622,0.4064301750281285,6.011833270261739,0.21276327915712756,0.2017030566021798,0.25991743482325574
random_baseline,481,0.8874601344519031,16.998555406310643,0.31082882020621594,0.31906167737449453,0.33290478078352176,0.9841253,10.221961,0.1778399,0.20346832,0.5767278,112172,0.0966651816911328,6.776594384887304,0.1329889151826411,0.11559335462058828,0.2438230267382983
random_baseline,482,0.8803472955652992,14.242211875857912,0.21671289346309755,0.2311286617501902,0.36939132209029923,0.1520367,24.452404,0.20982838,0.23539537,0.53203994,138859,0.7283105988928597,10.210192146358885,0.006884516693078019,0.004266710163719711,0.16264861826690902
random_baseline,480,0.8571929816469664,15.685694058669426,0.3483515675994752,0.35087420147249876,0.17724041155076253,0.1844303,26.261986,0.19996451,0.2109612,0.34405375,6080,0.6727626804575438,10.576291720139167,0.14838705918520673,0.13991300862620054,0.16681333371901286
random_baseline,487,0.8374026943923331,14.58471960135617,0.28886992941999556,0.29183354567254827,0.22147560717010564,0.028795075,22.918543,0.21407782,0.21675098,0.19131288,9691,0.8086076197208262,8.333823260582307,0.07479211400652053,0.07508256624902532,0.030162727846146292
random_baseline,488,0.9529945087888394,8.094728781608467,0.4547571446979717,0.4631553664493876,0.21557153181249614,0.5932763,24.09589,0.72097486,0.72391874,0.20189045,28543,0.35971818690086943,16.00116126355755,0.2662177178775593,0.26076336953159995,0.013681078116245221
random_baseline,484,0.9099260751237752,6.025774735361402,0.2653114239851998,0.29206437426839366,0.46765906565825327,0.60125834,16.958212,0.4294457,0.4326774,0.2092386,139914,0.30866773762606403,10.932437163442309,0.16413428977326883,0.1406130139228295,0.25842046194712504
random_baseline,486,0.4867997551220898,27.446623689642333,0.2895859458069285,0.29584556245599714,0.272059937046812,0.91872776,17.807226,0.28880164,0.29349345,0.3012433,131164,0.43192800042448004,9.63939750861206,0.0007843055347879768,0.0023521127680393716,0.029183368159486855
random_baseline,489,0.46536907159358404,26.23181357885916,0.39327333207139764,0.40205207310853514,0.34809998751439236,0.8260569,14.227068,0.24131638,0.25510925,0.5063876,125136,0.36068782604664423,12.004745631471465,0.15195695395478998,0.14694282256303343,0.15828760384760715
random_baseline,485,0.9646183740390986,12.728052991159124,0.19823199129263863,0.2118040586254392,0.472477862980345,0.5442518,23.89097,0.2776508,0.29399607,0.35163072,83547,0.4203665744556635,11.162917238943415,0.07941881203492179,0.08219200722958706,0.12084714546439956
random_baseline,492,0.9608252467861753,7.011956650617094,0.3494311224364385,0.3553950386174819,0.28298817587628255,0.20532067,23.252842,0.29176506,0.30648866,0.26212054,29005,0.755504575585423,16.240885298845797,0.057666058435355105,0.048906375659336754,0.020867630965851647
random_baseline,493,0.9568059052279769,9.04921634509813,0.26713244285445453,0.28783770044396023,0.38795180782745137,0.97677594,8.158229,0.21904571,0.23619747,0.42445773,101393,0.019970039004963747,0.8909874708915879,0.048086729310562626,0.05164022882530789,0.036505921035311084
random_baseline,494,0.698124271548903,18.0459469677962,0.19228826093455537,0.21686361393171155,0.5400685713917732,0.9644431,7.3163295,0.28776467,0.29492864,0.30807558,122704,0.2663188160289168,10.729617488578672,0.09547640753010528,0.07806502619547045,0.23199299437112808
random_baseline,496,0.43319610642601675,23.005997255899324,0.5063055203753802,0.5099133626175101,0.2067610611347541,0.46906823,21.150536,0.27265495,0.40545577,1.0028958,75960,0.03587212277243906,1.85546167240323,0.23365056975663634,0.10445759450914216,0.7961347709270135
random_baseline,498,0.46075708569613105,21.977131493374042,0.8461083600294804,0.8495189618052393,0.1368727657067635,0.48291755,24.859468,0.2694692,0.3057245,0.40265882,44081,0.022160461529821096,2.8823369667089658,0.5766391584646916,0.5437944601954371,0.2657860544455192
random_baseline,495,0.12160367800411599,26.607688124146076,0.2417453764614947,0.2808878669216243,0.49071039693423624,0.8992788,10.887625,0.27677312,0.28129256,0.2487881,125106,0.7776751415568887,15.72006338354549,0.03502774847174811,0.00040469079474531044,0.24192229347297067
random_baseline,491,0.849374661310715,16.019501063601055,0.1967788140429275,0.2021390551368693,0.26845217510930763,0.6463978,18.433767,0.22445075,0.23514926,0.33046016,108996,0.2029768322549289,2.414266255124531,0.027671938096164,0.03301020919876302,0.06200798586138023
random_baseline,490,0.8442086827104383,17.71668565587904,0.19494142116768545,0.2162730867482965,0.596700984136113,0.7878926,13.793733,0.25734174,0.26478523,0.30030662,131652,0.05631610267808962,3.9229530127515986,0.06240032134787851,0.04851214341146301,0.2963943659224595
random_baseline,497,0.07613185017310146,30.00093801464826,0.38826581055906995,0.40574289753602527,0.26558435971885697,0.900502,16.006483,0.24003118,0.24343659,0.21117835,36206,0.8243701759079838,13.99445493664533,0.14823462779310925,0.162306307698951,0.054406012250480806
random_baseline,501,0.5872441796259223,13.632192692346948,0.26017378674801334,0.27047973781237505,0.38611256700434277,0.11254361,29.078642,0.26134795,0.28369623,0.4011888,61270,0.4747005669073402,15.446449199132545,0.001174162756838959,0.013216496413851753,0.01507622379384449
random_baseline,499,0.3139272843360363,23.83768459396748,0.2237608950776753,0.22517599535097532,0.14085123287686438,0.5534485,19.648323,0.26681364,0.27396747,0.2470171,66888,0.23952121391301767,4.18936153488545,0.04305274074843554,0.048791479348045064,0.10616586757651239
random_baseline,502,0.15285735414093934,24.99943425105433,0.2885578495516585,0.3274359194554986,0.47813255003328947,0.7996153,12.152144,0.37087217,0.37332782,0.17462762,77429,0.6467579694026092,12.847289818986457,0.08231432018138901,0.0458919020376502,0.30350493303175596
random_baseline,505,0.928316516963837,12.788715694768072,0.4016539535728364,0.40504338986221156,0.22104642091249277,0.3092958,27.611074,0.3988728,0.4002728,0.13831599,12097,0.61902071365535,14.822358752863764,0.0027811608520417197,0.004770603244932503,0.08273043034528543
random_baseline,500,0.9633331196507476,10.701436271206731,0.2761213650972056,0.29834552595824804,0.5282801654263738,0.36743867,25.060791,0.3160509,0.31791618,0.16680965,90965,0.5958944456776641,14.359354744418269,0.03992952201064354,0.019570658705524546,0.3614705171509984
random_baseline,504,0.9442660090983698,12.190905323048817,0.3155136771386499,0.32350538294851977,0.2868410183515449,0.36025137,25.309942,0.23134136,0.23905241,0.3311226,21114,0.5840146420062372,13.119036922434582,0.0841723151391382,0.08445296805441577,0.04428158864117665
random_baseline,509,0.9437755629435194,12.393648615371212,0.1891205186539999,0.19730675162993158,0.4164445277523673,0.9564389,9.109828,0.27242395,0.30015045,0.43811324,100996,0.012663336096702782,3.2838206200709195,0.08330343416391697,0.10284370241441046,0.021668714635404318
random_baseline,510,0.8089601421155437,21.71458312333027,0.3320373835389164,0.33728952759613734,0.2375820260102618,0.6937274,22.9943,0.3045525,0.31103653,0.26827884,17485,0.11523276803870042,1.2797177189548847,0.027484888059332635,0.026253000439307506,0.0306968111937177
random_baseline,507,0.9466464209271538,5.2138614839356805,0.31313703456206937,0.31855655651489934,0.22359020212258893,0.518526,19.97889,0.6216082,0.6240617,0.16482972,77221,0.42812040326129075,14.76502798139635,0.308471163126987,0.30550514716704646,0.05876048603620129
random_baseline,503,0.593619854306329,21.653484232085273,0.2070250642832238,0.21409250759445295,0.32269440950318085,0.83551836,7.239979,0.24240625,0.26068288,0.3919754,124891,0.24189850583161043,14.41350544180207,0.0353811847631019,0.04659037328399554,0.0692809933288504
random_baseline,506,0.9514674572300257,11.67678138627133,0.19591247666056522,0.20769780767011015,0.5120198551446202,0.57669336,12.65129,0.32000378,0.3225815,0.16992757,89472,0.3747741011928858,0.9745085536090414,0.12409130108182065,0.11488369214487704,0.3420922879010442
random_baseline,508,0.9904838300116101,2.1001861491742773,0.4870745039454456,0.5786192584657918,0.546510260847772,0.72394794,20.154459,0.20893359,0.21862468,0.4458563,95413,0.2665358877546826,18.054272850459512,0.27814091210279424,0.359994577231432,0.10065395787116371
random_baseline,516,0.7309231625190922,21.762213889208457,0.240856229836527,0.24959046026101284,0.3677824155820994,0.6291179,23.407984,0.270446,0.28097823,0.38807705,53116,0.10180525642549476,1.6457698906987694,0.02958977264684093,0.03138777236113377,0.02029463486536459
random_baseline,513,0.6137909354428154,22.69776012815773,0.7677373856402365,0.7733133452208123,0.24946383410840509,0.96642226,6.505414,0.3261024,0.35012406,0.34620205,136754,0.3526313243647713,16.19234611906349,0.44163497985372224,0.4231892841131768,0.09673821157068732
random_baseline,514,0.8814051204295401,20.889236058023904,0.423871919411595,0.4312965632667158,0.339218048952919,0.04299533,28.241432,0.43329823,0.43676203,0.18029302,53545,0.8384097904832606,7.352196131917502,0.009426310759608592,0.005465471626320106,0.15892502536664582
random_baseline,511,0.44084634559882535,21.720332928886787,0.23197112069910805,0.24853023018661452,0.3808786138977581,0.8913892,12.079499,0.37830257,0.383051,0.26912144,3401,0.45054284555183993,9.640833684196846,0.1463314534586068,0.1345207777994542,0.11175717563291132
random_baseline,518,0.9074028199359438,15.17208922663351,0.20061906518296166,0.24306427559810523,0.6745216779947815,0.20740697,25.58758,0.291301,0.29386115,0.15171261,25525,0.6999958520576022,10.415490500539342,0.09068194685622291,0.05079687514347192,0.5228090666771469
random_baseline,517,0.6199671473308886,21.7987697845334,0.2602454053265233,0.3428715881301011,0.7018720319280816,0.127303,26.036758,0.21456872,0.2284461,0.3563548,119683,0.4926641430660571,4.237988638318164,0.04567668605867814,0.1144254919482316,0.345517229081173
random_baseline,512,0.6939971420948905,20.819525650977166,0.22724619321727205,0.23788470739484588,0.2580582183408135,0.56460273,22.896826,0.51076835,0.5120907,0.147964,60254,0.12939440943650427,2.0773001394281074,0.2835221607217844,0.27420597558855253,0.1100942176389092
random_baseline,515,0.6520911968488464,22.968875362876233,0.6332116195931908,0.6352799795642174,0.170815156045717,0.71697736,22.600525,0.34604067,0.4576096,0.6331878,113601,0.06488616101553346,0.36835046053248277,0.2871709534898278,0.17767038569596183,0.46237261479778885
random_baseline,519,0.8390752114740244,19.565322152011053,0.2329682508574429,0.24336036259474367,0.4054784084056278,0.99078375,8.451201,0.22205076,0.24228019,0.4494483,74800,0.15170853953687036,11.114120713107244,0.010917494641393716,0.0010801773721179353,0.04396987908140221
random_baseline,520,0.9790513469706275,8.698041108269138,0.2251914173235234,0.27326368437151277,0.910761728035741,0.6274624,23.354504,0.24172638,0.25170487,0.2714628,113879,0.3515889598856665,14.65646252332266,0.016534966243332977,0.021558812717002274,0.6392989299171496
random_baseline,523,0.957407130210292,15.20697992471024,0.260906351183296,0.26897953558315546,0.2668829563398599,0.8724896,20.812439,0.36634177,0.36842424,0.19080688,37447,0.0849175586389419,5.6054590401335105,0.10543541851198596,0.09944470119128912,0.07607607574656006
random_baseline,524,0.5422886039289591,27.138894214879393,0.4133559428958677,0.4180327991738927,0.21040456402780422,0.2899978,28.369846,0.58686805,0.5926722,0.26539946,43816,0.252290817645466,1.2309521291147476,0.1735121048183657,0.1746394296392787,0.0549948919963657
random_baseline,521,0.9531083152963619,8.53879441904391,0.37126623641106127,0.37713776579429104,0.21834495307862348,0.20115994,29.14764,0.46051162,0.46329418,0.20273778,69146,0.7519483761264781,20.608845809227574,0.08924538840201857,0.08615641245316075,0.015607174653406802
random_baseline,527,0.3220272028701986,26.603913227998063,0.23072568846489275,0.24961284813649018,0.3821009170603052,0.99415547,4.384458,0.25930282,0.3013697,0.58215326,34621,0.6721282636863505,22.219455162965104,0.028577136270748732,0.051756848719054865,0.20005234364755003
random_baseline,522,0.7539310232333905,24.405391542802676,0.3750644401048379,0.38099631024933117,0.29316659184571986,0.75980604,14.048605,0.25357798,0.25748354,0.23213936,88632,0.005875013715767263,10.356786577592715,0.12148646268593838,0.12351276828384655,0.06102722796079402
random_baseline,526,0.18693686519507993,29.304082407463717,0.47009864154170217,0.4714574922382766,0.11085204132609963,0.22519776,25.94654,0.20812334,0.235612,0.4375678,76662,0.038260897055820337,3.357541574944186,0.26197530033896627,0.23584548724293053,0.3267157589573324
random_baseline,530,0.662068308368383,23.958344395590156,0.3779883056802714,0.38129772420864255,0.21353857324579775,0.82990533,18.61961,0.2094308,0.24673145,0.59679496,100772,0.1678370227664131,5.338734562826485,0.16855750679206494,0.13456627901535184,0.3832563896371979
random_baseline,525,0.8884122178481991,4.87949024144325,0.2644070272231838,0.34175443397643135,0.6691936216571336,0.097351626,24.46244,0.28402218,0.30884877,0.5081417,100272,0.791060592286485,19.582950249279406,0.01961515500299721,0.03290566550375984,0.1610519252040391
random_baseline,528,0.9667053469358592,11.310707902875848,0.19188379688250473,0.21611317201486133,0.6236586948199347,0.99255604,1.8965497,0.511681,0.76698846,0.7937462,64552,0.02585068858278705,9.414158201185174,0.31979722337735245,0.5508752842343757,0.17008747856187068
random_baseline,529,0.7262434054315597,23.61633591349396,0.43478018118690653,0.44861773098838414,0.4014907431312698,0.45041785,26.10022,0.33895403,0.34417996,0.21740223,4130,0.2758255589902908,2.483883813068541,0.09582614971946879,0.10443777288329686,0.18408850845776975
random_baseline,534,0.39152574383276184,22.720133441909773,0.21050816454903248,0.21416862472977966,0.2450592899333153,0.2479822,28.440626,0.21846165,0.22998716,0.33792156,52567,0.14354353987234314,5.720492702499406,0.00795348308070537,0.015818534641596382,0.09286226987732313
random_baseline,531,0.25459234445567996,27.770993343836384,0.3283084339578681,0.33156139919788885,0.18235690374294838,0.6015729,21.649431,0.3594494,0.3744892,0.317012,37382,0.34698052675251095,6.121562115198689,0.031140952638811614,0.04292778899638605,0.1346551082619039
random_baseline,537,0.8969297838495766,15.631272590060597,0.25983918702113457,0.267817323517214,0.3189123205609916,0.23385225,29.57408,0.7288262,0.729597,0.1049654,1655,0.6630775314854179,13.942806923489208,0.46898703778279,0.46177964894830115,0.2139469168849586
random_baseline,536,0.6492252056573053,19.33687477629626,0.2682706707822261,0.27521567030093413,0.3243279227095398,0.4918897,25.352304,0.38324153,0.39241588,0.3144274,37153,0.1573355202649256,6.015429682321905,0.11497086345086716,0.11720021085598725,0.009900517113760388
random_baseline,532,0.8969536540216104,11.484656560349194,0.2647973796478372,0.30545591909626585,0.5786502840992432,0.8989567,8.576449,0.25781804,0.27081344,0.41956142,135707,0.002003062039028003,2.9082071661231197,0.006979336415873116,0.03464248378018003,0.15908886818852241
random_baseline,538,0.8876597342641358,16.346039596275702,0.2796103176317233,0.2833679148709432,0.19172350393222806,0.36633575,23.410688,0.60417295,0.6083877,0.20875104,107023,0.5213239846379761,7.064648803992853,0.3245626273908597,0.3250197937929972,0.017027533784637477
random_baseline,535,0.46466456236935627,22.67801903994884,0.2516790097851022,0.25511119495122286,0.2138169315707996,0.97036743,12.073354,0.18807729,0.22315034,0.7935803,51687,0.5057028692712687,10.60466527255382,0.06360172389929136,0.03196085224835726,0.5797633620845959
random_baseline,539,0.9869527895907888,10.626068607181516,0.278888903917439,0.3216980376441831,0.6523555442066803,0.92047703,8.371471,0.23864922,0.2550316,0.4254453,83835,0.06647575692935082,2.254597202152219,0.040239684642918105,0.06666645195082371,0.22691025578695678
random_baseline,541,0.9709854311814325,7.994536641691482,0.33823390983553403,0.3535792378020103,0.3597290671836083,0.5088033,21.498247,0.27294868,0.28468412,0.369901,129267,0.4621821231713312,13.503710504914963,0.06528522752733701,0.06889511619327615,0.01017193426979135
random_baseline,543,0.3039327352814213,25.712132341745694,0.2650951663676451,0.26730878127548297,0.18239124737731724,0.8334814,13.234088,0.280433,0.28704214,0.25779453,20174,0.5295486361213192,12.478044397714932,0.015337832766418646,0.019733359685210394,0.07540328182228298
random_baseline,533,0.8336490665916799,19.077816961049823,0.23213383762090511,0.24147270663996945,0.34318977236840625,0.97416437,6.6567287,0.33006704,0.33978084,0.37641975,14776,0.140515300130427,12.421088216542987,0.09793320091516666,0.09830813065747013,0.03322998046782116
random_baseline,540,0.9644222318631984,2.7146868531186286,0.4474889054724743,0.4554304867428605,0.18160318150342936,0.84024227,14.098247,0.412862,0.4345449,0.42084295,110879,0.12417996520823016,11.383559721283227,0.03462690262289542,0.020885595623857223,0.23923976407228476
random_baseline,547,0.9264941318777998,15.173804273535481,0.34071471966738975,0.34340150067213937,0.22518700458579344,0.815775,15.545132,0.28129026,0.3031637,0.41173542,29620,0.110719154670616,0.3713274098141284,0.05942445672984398,0.04023779341582223,0.18654841087288576
random_baseline,545,0.37756456369336855,25.989180296700273,0.8581783607186781,0.8589087859638949,0.10524330940144368,0.40796944,21.9051,0.22408827,0.29959115,0.75054085,2806,0.030404881296789532,4.0840804279258585,0.6340900942267882,0.5593176321038027,0.6452975431452482
random_baseline,546,0.5222860803401341,23.086594085413743,0.2345717054795107,0.246500653044686,0.35221812781212436,0.20663439,26.539753,0.9282647,0.92886984,0.075227804,79908,0.3156516929662099,3.4531588747913347,0.693692972045056,0.6823691904382851,0.2769903233301412
random_baseline,544,0.2598559782760508,31.029832367951755,0.3731945148550239,0.3783239427435956,0.23001933860755966,0.939248,4.6200237,0.27246633,0.27961096,0.26598975,31774,0.6793920471412771,26.409808640534763,0.10072818313467174,0.09871298106795168,0.035970412016143344
random_baseline,542,0.9782839367449468,8.437057125980637,0.20413939102436474,0.27319535768789455,0.8094374212852006,0.034575075,29.888807,0.70585346,0.7071043,0.11547966,80496,0.9437088618338293,21.451750170772293,0.5017140711948735,0.4339089676066001,0.6939577582707886
random_baseline,550,0.5373428145788157,23.223766476089096,0.4014178739982208,0.40678929833313926,0.23615610938994958,0.24724793,26.48304,0.33372656,0.36532095,0.48030734,137915,0.29009488023738506,3.2592733798679348,0.06769131888919677,0.041468347586603005,0.24415123123199867
random_baseline,548,0.659149067921788,22.53928763589566,0.33350911547175033,0.33657418284222573,0.20252364550316196,0.7266238,20.732729,0.22863391,0.23594843,0.4044834,50703,0.06747470565304114,1.8065586777657785,0.10487520505419357,0.10062575433060617,0.20195976223266263
random_baseline,554,0.6966605893359408,15.534908156165145,0.390264066376102,0.3934194785362232,0.19424064887634937,0.4122784,19.964928,0.22994068,0.25961086,0.41013217,9621,0.28438217556335776,4.430019517174699,0.16032338372648958,0.13380861699638252,0.21589152084716137
random_baseline,552,0.9753768396598718,12.50698894723395,0.2394054036301572,0.2454805051602323,0.3251427780821659,0.7788192,18.200243,0.29903224,0.31870311,0.43272537,21143,0.19655763628310174,5.693254048981871,0.05962683747587613,0.07322260982618739,0.10758259184810143
random_baseline,549,0.940798264115225,7.812657885508095,0.2646912831208248,0.29743919960910636,0.4451493306942445,0.8360564,17.863283,0.36408868,0.37812954,0.40307897,108487,0.10474185284889814,10.050625271840538,0.09939740119962504,0.08069034226482552,0.04207035740094006
random_baseline,558,0.9142626108812832,13.726925215669453,0.38462449198984344,0.39167091586055114,0.28471676228400394,0.1699406,28.404053,0.545037,0.5469396,0.13961226,54633,0.7443220051216626,14.677127518705547,0.16041247957921784,0.15526869557438538,0.1451045048033826
random_baseline,555,0.9640263354498084,7.71442651234571,0.2446705944851001,0.29876538542334224,0.6224109157492361,0.36652547,25.000937,0.33578712,0.34686038,0.26807517,90382,0.5975008642393287,17.286509995833,0.0911165229961316,0.04809499355729435,0.35433574761645414
random_baseline,551,0.9189906090505107,6.587984390933869,0.3293668172715255,0.38414779142891703,0.4698378323245028,0.98803884,6.116672,0.22070016,0.23958364,0.44861326,58438,0.06904822885918782,0.4713123519018865,0.10866665760260308,0.14456415013825236,0.02122457610845363
random_baseline,557,0.7224795058450009,20.711558402695285,0.21133231640323855,0.2539885982890197,0.7421497370662874,0.48853737,18.768845,0.23619995,0.25528818,0.31242603,102897,0.23394213468640102,1.9427137982030978,0.024867628808171977,0.0012995854000977247,0.42972370643045366
random_baseline,553,0.6309262830606951,20.467380874092946,0.3045031978505586,0.31099611754032835,0.25632194535849495,0.930598,14.218661,0.18666604,0.2013833,0.5146873,49832,0.2996717374928938,6.248719565804372,0.1178371562379335,0.10961282486531004,0.2583653543698986
random_baseline,556,0.48040559366571833,24.47848354847365,0.32392288891378995,0.3285250298905212,0.26764304144957685,0.5745502,22.54313,0.4191703,0.42043617,0.15435867,104374,0.09414461776387761,1.935352673839862,0.09524740131791476,0.09191114378692328,0.11328437133410596
random_baseline,559,0.323894430319712,25.420208855593053,0.5737230383980637,0.5793509201892536,0.2601779177914553,0.6315362,20.097155,0.38572633,0.3903929,0.23717067,70060,0.30764175542171257,5.323054238283483,0.18799670573357397,0.18895802067600898,0.023007251335232792
random_baseline,560,0.15224755952835164,24.546872558795727,0.7973316597998472,0.7990880126814266,0.1181660390669786,0.92987037,15.045594,0.37743837,0.38207573,0.24619722,102016,0.7776228075218192,9.50127834340266,0.41989329338673076,0.4170122856954952,0.1280311845963515
random_baseline,562,0.9376861495065715,10.812820197594178,0.5764069157152018,0.6031094044394483,0.401550324234977,0.8300228,18.867785,0.30040523,0.30494532,0.28056476,46417,0.10766333761692304,8.054964302527893,0.2760016816167673,0.2981640845484723,0.12098556903363727
random_baseline,563,0.8514159567917141,17.060140811123425,0.22846841115835098,0.23664735873689494,0.40606375630118496,0.53584135,23.69682,0.28008547,0.28281537,0.20950103,103676,0.3155746110046658,6.636678494296497,0.051617063094349824,0.04616800824651876,0.19656272824027188
random_baseline,566,0.964804884844739,2.66482034030593,0.4152745328208093,0.428024616856666,0.2699163960156822,0.99202263,5.4880505,0.25867078,0.2673578,0.37014934,129660,0.02721774870781224,2.8232301205095,0.15660375573836605,0.16066682042607822,0.10023294819017414
random_baseline,567,0.45003841774660813,19.711691445292246,0.318454793639108,0.33184491204069616,0.29386625081400614,0.36798972,24.716265,0.26536438,0.2838323,0.36910075,68192,0.08204869883257615,5.0045732794391995,0.0530904149483884,0.04801260041044714,0.07523449867863913
random_baseline,568,0.08816875700692238,30.671216228103646,0.7441720190175687,0.7465868309269111,0.17697090412177643,0.15887499,26.643608,0.33000398,0.33297437,0.21469231,12639,0.07070623154898582,4.027608134841927,0.4141680421956693,0.41361245663263013,0.03772140537701049
random_baseline,561,0.42853641248431057,26.08971470204551,0.38633692598917324,0.4077571429750493,0.37490345178433665,0.7942748,17.296724,0.28271684,0.29130936,0.33616364,49983,0.3657383944920078,8.7929903825875,0.10362008548357327,0.11644778628559616,0.03873981176205882
random_baseline,569,0.9287553117475089,14.688194327779634,0.2296428760938181,0.23839184295537405,0.3369003238654692,0.24419552,24.24337,0.2576526,0.27031475,0.35851282,100153,0.6845597908696708,9.55517572837271,0.028009734446571927,0.03192291010019846,0.021612494947854777
random_baseline,564,0.9047892364793859,4.921641529310271,0.25982103716162286,0.26421426774638834,0.1906287071255769,0.82662374,17.281738,0.2485447,0.26954558,0.40305954,104307,0.07816549866734368,12.360096751939729,0.011276344168458796,0.005331317170680139,0.21243083505353078
random_baseline,570,0.34447837466337305,24.517121736656794,0.24616838405989863,0.26869216253261363,0.365809590486474,0.91865546,12.471125,0.35718575,0.36350662,0.2668871,70656,0.5741770804490842,12.045997087608942,0.11101736713982366,0.09481445262928212,0.09892249193567748
random_baseline,565,0.45427357730485196,17.83624441018071,0.2388284149379569,0.2599609828444866,0.590039228038807,0.556569,21.1384,0.24153994,0.24434067,0.19871552,91888,0.10229540291212802,3.3021547139647964,0.002711525300042067,0.015620309755459194,0.39132370515348447
random_baseline,572,0.6813403014888612,23.626180113780464,0.6889388203161869,0.6897609467420514,0.11304371640979922,0.7686641,21.870243,0.43748,0.44281736,0.27633426,79970,0.08732382013894646,1.7559370412706983,0.25145881767450906,0.24694358657931637,0.16329053952396239
random_baseline,571,0.492018107560557,25.56675889571185,0.24895981175158943,0.25196227794111486,0.20760491213030902,0.43275505,23.107105,0.25684872,0.26370314,0.27922386,123777,0.05926305451719155,2.4596536405848966,0.007888910944714889,0.011740859695069827,0.07161894717984113
random_baseline,577,0.4691798755216395,23.877544670096974,0.5235524581090912,0.5266654461917796,0.1879054067696388,0.8555595,12.950553,0.2405056,0.25330868,0.34123018,69269,0.38637965235235344,10.926991729728321,0.2830468521730408,0.27335676255797525,0.15332477707015918
random_baseline,574,0.9601681739521196,5.223403027910372,0.28109935686750387,0.2942523989418995,0.3315187827765876,0.99352896,5.4803944,0.19955805,0.24271014,0.7340186,50999,0.03336078818319532,0.2569913354929483,0.08154130742711996,0.05154225561418646,0.40249984105230036
random_baseline,575,0.8985169522344353,17.191110719141214,0.27611064259520435,0.3016927805567303,0.6497710538418227,0.62766373,21.978476,0.20862669,0.22099835,0.48816904,125945,0.2708532206594231,4.787364851537497,0.06748395506850147,0.08069443375115781,0.16160200958561233
random_baseline,573,0.9182810502216573,9.606530613537359,0.3152278868554585,0.33728024499058273,0.3150680062875932,0.44586882,22.929441,0.31668133,0.33990926,0.3637202,83530,0.4724122302696462,13.322910838489008,0.0014534385801799332,0.0026290105140254205,0.04865220211885518
random_baseline,578,0.22283872531899873,21.734067060337246,0.24641792493475767,0.2827118319027149,0.4936088256502719,0.25485057,27.649908,0.45685756,0.46346062,0.21556951,108908,0.03201184106817778,5.9158410054586525,0.21043963713036684,0.18074879231527213,0.27803931459432557
random_baseline,579,0.14579993372248465,28.697552237725414,0.3988720827124456,0.41091816233363415,0.29433263377301244,0.8427517,12.5081,0.26804525,0.2852381,0.436076,139818,0.6969517480821723,16.189452681756176,0.13082683611134088,0.12568007515635754,0.1417433516586587
random_baseline,576,0.6603430875734717,19.138084096927305,0.3134820964729304,0.3231786038275906,0.29493647089891695,0.17537346,23.672255,0.27379435,0.31168753,0.5252819,27314,0.48496962275070254,4.534170465450625,0.03968774346466014,0.011491074740523965,0.23034543522901274
random_baseline,580,0.6355702877413512,19.759034953103647,0.2540532596675427,0.2921475143787181,0.5846450678488312,0.63105476,24.87715,0.29275542,0.2964441,0.26472098,98508,0.004515528715777428,5.118114628805532,0.03870216530880616,0.004296573841878204,0.31992409149613954
random_baseline,581,0.08761232740497826,24.914173898650574,0.2356590034425659,0.23844688902419225,0.21445988325937398,0.78773725,19.940672,0.39074472,0.39235625,0.18346275,59867,0.7001249229230857,4.973501977874207,0.15508571248646547,0.15390935768563135,0.0309971293674291
random_baseline,586,0.9788251893029914,8.749346606840732,0.2843459441145318,0.3066224677757228,0.505365177827932,0.9363359,11.504751,0.27798116,0.29334202,0.35795787,78969,0.04248926801545483,2.7554045986036044,0.006364782043303763,0.01328044368781689,0.1474073080597893
random_baseline,583,0.7084801872309119,16.304243329676353,0.23150667237390699,0.2386698214724147,0.26841434784074786,0.26744822,29.145437,0.534603,0.5358465,0.11039409,113742,0.44103197055419985,12.841193910924233,0.30309632731328784,0.29717665031408436,0.15802025742670062
random_baseline,584,0.3813901265729601,22.235712768390822,0.3790182920425733,0.3820834052639533,0.1703905373466681,0.95122933,10.09479,0.29022178,0.29607192,0.26129594,40824,0.5698392073046034,12.140922309711623,0.08879651150401435,0.08601148844533452,0.09090540710561767
random_baseline,582,0.3749231112060067,19.849967229473986,0.24179642068584253,0.24659295132931774,0.25533708774308755,0.9533724,9.861614,0.23027451,0.25247434,0.56449246,107960,0.5784493076744559,9.988353002179064,0.011521907322004338,0.005881386486920659,0.3091553763224642
random_baseline,587,0.9664875975264007,7.231630977972742,0.26090189266530384,0.2763120320980306,0.357647936254467,0.8009974,13.38691,0.33836082,0.3412181,0.18231064,68142,0.1654902210844451,6.155279460564856,0.07745892357500683,0.06490608180120033,0.17533729544254684
random_baseline,589,0.553851089726423,24.46476407532283,0.3825836306840476,0.3861899863488693,0.23138893412426265,0.90631706,14.551181,0.25665516,0.28955525,0.47952405,2797,0.35246596549894926,9.913583235784255,0.12592847407165136,0.09663473475051115,0.2481351120583698
random_baseline,592,0.9624096150923516,5.378541239768495,0.38541141323548955,0.4169491297497312,0.44853169300076656,0.7346471,12.456335,0.31691405,0.32659796,0.26441398,9929,0.2277625198889519,7.077793827980528,0.06849736146432561,0.09035117094655432,0.18411771037099056
random_baseline,585,0.010040656668195796,28.709837332909377,0.2094091079934679,0.23631783722596086,0.46034689773203036,0.41190627,22.834793,0.32805955,0.33040127,0.16550323,134630,0.40186561550473204,5.875044242089064,0.11865044610656872,0.09408343435568892,0.294843664060842
random_baseline,593,0.8052457210930016,13.357171521880439,0.4077134661998186,0.4180772011702839,0.29209536162248506,0.6582459,23.619196,0.2640903,0.2720891,0.2966313,87728,0.1469997999580529,10.262024416229913,0.14362316659349533,0.14598810724671518,0.004535944787350754
random_baseline,588,0.23812620656791322,27.71556443432417,0.5358909694443462,0.5374911478116192,0.14232015396233516,0.47696835,25.903982,0.5846743,0.59656215,0.34771103,111405,0.2388421414583624,1.8115822718485823,0.048783329318928925,0.05907099932888371,0.20539087270621342
random_baseline,595,0.8256113080742272,15.31015331640625,0.25553321121975603,0.2675563387368174,0.3792914458051904,0.8896298,19.973223,0.3568901,0.36138672,0.2740659,130288,0.06401847317195808,4.663069416137695,0.10135690094188032,0.09383037762899682,0.10522553403532348
random_baseline,590,0.9806836547140841,5.362318444630212,0.23686457824856774,0.2517788671301466,0.4598055119799022,0.32539976,26.988537,0.77491575,0.77859867,0.21702033,83146,0.6552838982825046,21.626218390086585,0.5380511765465067,0.5268197990609544,0.24278517916663928
random_baseline,596,0.9474137013695328,13.057736094314286,0.2683328321542184,0.27344131498546953,0.2948782196904943,0.8334441,17.898413,0.39724222,0.40248412,0.28895807,37943,0.11396958286977699,4.840676610153487,0.12890938610177832,0.12904280395297651,0.00592014702814081
random_baseline,591,0.4019166069682231,21.714439420586427,0.24596743305730726,0.2599394088856033,0.4011591647541518,0.33455402,22.401274,0.2727487,0.27979276,0.3171873,91207,0.06736259037810471,0.6868343068305656,0.02678127566766833,0.019853346956605566,0.08397185548901509
random_baseline,594,0.14981700933153722,27.54041376507046,0.26840433243923245,0.2709691472077746,0.17153174200703222,0.32047957,28.294926,0.63296336,0.63457644,0.1587935,12919,0.1706625624877682,0.7545119246268044,0.36455902691669406,0.3636072926497083,0.012738247901693173
random_baseline,598,0.08752719877316582,31.484115443857373,0.7136240972684417,0.716127008477276,0.13234156672908073,0.2892659,20.376766,0.24822108,0.2643944,0.3343902,123810,0.20173870207713018,11.107349239023389,0.4654030127929244,0.45173260597330867,0.2020486264948725
random_baseline,600,0.21474689887151985,24.1122871636705,0.2119919261663329,0.21467124910417204,0.20326751810832497,0.68587065,16.724934,0.2235358,0.23076867,0.31767005,77590,0.47112374855890005,7.387353539402923,0.011543879774295163,0.01609741656717653,0.11440252917484764
random_baseline,597,0.12727509579555468,20.2287384285875,0.27625134404368024,0.2869386424521869,0.21900824353084394,0.7024166,22.61972,0.5739068,0.5819679,0.261467,89595,0.5751415030012899,2.3909820303968736,0.29765543524556537,0.29502924781041684,0.042458766251947194
random_baseline,602,0.2659606473335399,28.151731677946525,0.42206358997267085,0.43073607984692863,0.29719761302380354,0.9592805,12.925335,0.22379889,0.24815561,0.546064,27360,0.6933198435417043,15.226396747526604,0.19826470403116542,0.18258047107369713,0.2488664061793825
random_baseline,603,0.6606286428744144,19.076384912679416,0.3098950229613055,0.3206977807276331,0.2950827664103691,0.30424413,21.371769,0.3089149,0.31567028,0.22173005,115410,0.3563845120245761,2.2953840387366,0.000980123135255695,0.005027499078997244,0.07335271298553392
random_baseline,599,0.4700901241360246,26.235156099772112,0.4127495782178158,0.41716490592651706,0.1949876547626382,0.8969147,14.729623,0.26725742,0.27222648,0.24398555,35838,0.42682459639925374,11.505533258890765,0.14549215600902982,0.14493842329674106,0.048997893852817415
random_baseline,604,0.1550724587984392,23.051375423779582,0.29243094468748626,0.29998531700209435,0.2259049987960747,0.7971967,15.311357,0.30972338,0.31354976,0.20261912,128538,0.6421242274694136,7.740018879284953,0.017292432540296943,0.013564440001689826,0.023285878317444636
random_baseline,601,0.2341037305404466,29.92234400020153,0.7706396353109625,0.7713374350124929,0.10876199842660302,0.1463244,24.497746,0.29790226,0.32059744,0.3295305,30470,0.08777933440702373,5.4245984862855146,0.472737379060581,0.4507399950081441,0.2207685088995231
random_baseline,606,0.7159441531809894,20.59531605323277,0.3120737795858378,0.3158634776421268,0.20795603534592347,0.6605614,11.977976,0.25165686,0.25589105,0.20482118,100812,0.05538277041045103,8.617340207895857,0.0604169194726939,0.05997242277342868,0.003134851068388983
random_baseline,607,0.07802135791778221,25.47535191015402,0.29598202238080384,0.3062322946574369,0.32502463638962814,0.2617722,22.352373,0.28599292,0.28818053,0.19848569,121745,0.18375082764625894,3.122978786985076,0.009989101982091686,0.018051764586178354,0.12653894901455948
random_baseline,611,0.9611600194565455,10.671410930760274,0.2862325723996989,0.295151008984007,0.2996826431203465,0.75914407,19.163265,0.27024958,0.27579156,0.2775482,127102,0.20201595169226327,8.49185429751121,0.015982997023188283,0.019359453340925314,0.02213444918876689
random_baseline,610,0.9100013026623607,5.909938075949448,0.28112695987101033,0.28515600326902124,0.1653658017389739,0.41429013,21.78199,0.26912236,0.28383508,0.30641672,97861,0.49571117252396346,15.872051975320083,0.012004597734169509,0.0013209200227901619,0.14105091841292736
random_baseline,608,0.7252522933498342,10.054418213371648,0.4045744919875473,0.41213011915380193,0.23351147969087213,0.95601225,11.907859,0.19964951,0.2385509,0.57430327,90430,0.2307599556430857,1.8534406352001298,0.20492497921975555,0.17357921774083807,0.34079178969541934
random_baseline,605,0.7272313642287423,16.97000315539683,0.2291096997394598,0.23701078931638955,0.29543619633548734,0.062754646,27.072792,0.45650977,0.48401707,0.3588983,50502,0.6644767182851007,10.102788897825825,0.2274000692234003,0.24700628479173423,0.06346211551792147
random_baseline,609,0.9479191137797226,4.170706059158157,0.31912701660060033,0.327399369963728,0.3535762811586582,0.0067370525,29.635548,0.30677193,0.30984873,0.17768624,113420,0.9411820613167275,25.464841578781297,0.012355082568160147,0.017550644167982132,0.17589003690931432
random_baseline,615,0.43506885513807436,22.641065367615575,0.17276649971693706,0.17916211273391608,0.31564559891207244,0.7796087,8.582299,0.31954214,0.32732004,0.27324918,125492,0.3445398713633905,14.058766135132664,0.1467756400516634,0.14815792653839227,0.04239641978724029
random_baseline,613,0.5077799671493328,23.7081620473361,0.3613590341954588,0.37557791578001465,0.38376569087440576,0.428266,26.549637,0.7042726,0.7059732,0.1516048,55245,0.07951397832258111,2.8414747934842133,0.3429135936350466,0.3303952921705774,0.23216088945800867
random_baseline,612,0.467849426878123,24.597476122008892,0.33011430698200106,0.337133885851185,0.28856155929316235,0.94115186,14.36936,0.23768744,0.24619175,0.34416538,19167,0.47330243049797566,10.228116151916119,0.09242686825557589,0.09094213091401304,0.055603825476277347
random_baseline,617,0.08845646808025165,29.759909131271712,0.8552642887229356,0.8557309381114344,0.07270254911868756,0.062054276,31.767565,0.57117265,0.5760272,0.17619276,78246,0.02640219161388202,2.007655642287858,0.2840916340941819,0.2797037235843043,0.10349021134884173
random_baseline,616,0.16431781598705966,23.86430840563706,0.1985380737450303,0.2354860621859727,0.520456214172673,0.4757294,25.9048,0.27964148,0.281631,0.149555,70463,0.31141158989291473,2.0404920094020014,0.08110340550873862,0.04614493070343159,0.37090121649010155
random_baseline,618,0.23202073514665356,28.7542827758636,0.40944050366087087,0.4128474373791815,0.23861612119863784,0.05178229,30.338377,0.93121284,0.9315458,0.046954427,2696,0.18023844376410236,1.5840942230377664,0.5217723388035762,0.5186983566309809,0.19166169428418434
random_baseline,620,0.21380135123754535,27.357280535142813,0.5209900183680812,0.5221217117433086,0.12717218502812672,0.8497569,19.334507,0.19922595,0.22343221,0.47987142,11879,0.6359555452582737,8.022773546617422,0.3217640711072246,0.29868949867530015,0.3526992370242567
random_baseline,614,0.7058336089165482,21.475798546890793,0.255660811689331,0.2648975264916113,0.31174657576598236,0.97351927,4.7573614,0.31469178,0.34727067,0.37109524,48338,0.26768565673515465,16.718437134842453,0.05903097030834964,0.0823731410613367,0.059348664350137026
random_baseline,624,0.7234475673820293,20.827342315544147,0.25715098635626177,0.27159808055828055,0.3766464064484297,0.07225859,27.3179,0.3942051,0.42144302,0.39558935,107742,0.6511889757301128,6.490557388435345,0.1370541070275273,0.1498449347787098,0.018942945205623007
random_baseline,621,0.6458208191621668,23.712930520033318,0.20022374202266144,0.20793276373447347,0.3293279530059627,0.56735057,21.497921,0.4731077,0.47618183,0.20162503,84596,0.07847025277499031,2.2150095300430834,0.27288395355686734,0.2682490712016685,0.12770291879289658
random_baseline,619,0.9659026011606417,7.888236758995902,0.2517775859635595,0.2610480528291019,0.3340806820236245,0.3673673,23.782982,0.242593,0.3091599,0.71257186,111402,0.5985353037496768,15.894745113562692,0.009184580663991304,0.048111851889297175,0.3784911773361167
random_baseline,622,0.6082916108929927,19.706096375213487,0.30239065466782805,0.31119685907422406,0.31775771382761897,0.46995777,24.662842,0.3164217,0.3183237,0.16049322,68689,0.13833384197590892,4.9567454216615126,0.014031032935168775,0.007126842545877865,0.1572644889683813
random_baseline,626,0.20743288924224454,22.580368113926884,0.2755863107728942,0.2962290086476901,0.3803240530094844,0.36496246,23.868633,0.27883738,0.28412932,0.27350235,39402,0.15752956936829013,1.288265156336788,0.0032510720205323196,0.01209968707252529,0.10682170315596878
random_baseline,625,0.6573045064102064,24.370448032737777,0.3625048618815143,0.36475722642122316,0.16514202525293467,0.04066832,29.331545,0.56394607,0.56808996,0.18306577,25060,0.6166361864994417,4.961096843360856,0.20144120640538143,0.20333273558439208,0.01792374680364492
random_baseline,623,0.957537490386803,9.01118020130189,0.22149470352794842,0.2568056274747508,0.5597861037284242,0.30118528,22.472153,0.26837012,0.27313685,0.24924564,46126,0.656352210302193,13.460972508659047,0.04687541818950458,0.016331226697002155,0.31054046011270153
random_baseline,628,0.8035490938966825,15.1765204018511,0.27011476440387977,0.2802124642613136,0.28387261435727307,0.21893464,25.505432,0.2872557,0.3031009,0.3264603,75973,0.5846144536083295,10.32891172705515,0.017140939999043814,0.02288844950173269,0.04258768751879505
random_baseline,629,0.34000778035073465,27.503004517621196,0.3345988060055645,0.3394932998295476,0.20259306248789258,0.9739017,11.372887,0.22634445,0.2731191,0.83081764,53509,0.6338939087018471,16.130117859906353,0.10825435469731409,0.06637420784193776,0.6282245773398357
random_baseline,630,0.9003883777896269,11.458118807624864,0.23509461408048915,0.23877606457777042,0.2523127393219966,0.6010825,22.482584,0.23166527,0.24494222,0.34047782,39250,0.2993058739940031,11.024465192008925,0.003429345540106765,0.006166153487491416,0.088165084889124
random_baseline,632,0.6303040179798968,25.28105768778849,0.28082925947223675,0.2861280075575479,0.22998430743527465,0.86698025,19.450756,0.41552997,0.41746053,0.16887243,103645,0.2366762366702192,5.830301614790443,0.13470070688213337,0.13133252343877472,0.06111187651467376
random_baseline,633,0.31437813795645847,28.89512448844699,0.5210304757564836,0.5267265299034956,0.2716520333796716,0.8654767,16.102531,0.26276374,0.28100514,0.43802258,128371,0.5510985895291982,12.79259305534152,0.2582667371242815,0.24572138578423286,0.16637055034339665
random_baseline,634,0.9889633996942153,9.135885547659406,0.2468876432153256,0.2566841216378068,0.41991797073965037,0.9855545,4.388352,0.26869288,0.29079586,0.4193577,2650,0.003408883378755112,4.74753363039256,0.021805237653586135,0.03411174103690634,0.0005602835047718302
random_baseline,627,0.5875293849532457,12.931617347486615,0.24313329365565942,0.26897730636558737,0.4062357072143798,0.19365644,23.961311,0.20566729,0.21187723,0.28184748,61296,0.39387294040368515,11.029693992845417,0.03746600654437707,0.05710007953605856,0.12438823025515128
random_baseline,637,0.22199748759803872,26.25996507717441,0.22569456435376956,0.23260588737751592,0.30432197526299837,0.96857846,9.450259,0.24510393,0.28640524,0.52477336,101233,0.7465809702342977,16.80970586849521,0.01940936111276792,0.053799348151430004,0.2204513840357077
random_baseline,638,0.8601084451946672,15.317539740205206,0.38881232036786617,0.3938459017332739,0.2309036578585634,0.5628802,20.709646,0.21782602,0.22205868,0.30619943,3963,0.297228227165645,5.39210648477038,0.17098629667001308,0.17178721809946956,0.07529577356080916
random_baseline,639,0.8741864226605173,15.544835609611418,0.21768541731664856,0.25355537440833703,0.4151162530244545,0.15930204,22.646526,0.23189345,0.24530265,0.2915048,53892,0.7148843817259546,7.101690727058504,0.014208032705095214,0.008252727056118403,0.12361145270478285
random_baseline,631,0.07767735793897243,25.415108136418304,0.20288445302301839,0.20905450863538227,0.28887033929089667,0.7535858,20.614689,0.19494088,0.20822044,0.40048322,25624,0.675908457490715,4.800419263127289,0.007943573082031752,0.0008340714663072624,0.1116128815247619
random_baseline,641,0.9211164878858564,17.966684684728477,0.5549489402804734,0.558254914853765,0.2515489012873734,0.93264836,16.124361,0.2681512,0.2715137,0.23229906,131891,0.011531872843361102,1.8423236465204695,0.2867977464232804,0.2867412143685355,0.019249841657933087
random_baseline,635,0.41414593725761156,20.666995436108564,0.2077858593305014,0.21739695714934984,0.37373501490555044,0.12343894,17.995314,0.25462866,0.2616309,0.21330401,137164,0.29070699780544024,2.6716817916993847,0.04684279896417634,0.044233935604251234,0.16043100189171072
random_baseline,636,0.8474409960181228,16.582975902170553,0.2349844480194541,0.24646194511312985,0.42715216363965475,0.86187357,10.900923,0.25419953,0.26405042,0.31313014,31437,0.014432571086216761,5.682053126901998,0.01921508663516322,0.01758847898583865,0.11402202333508932
random_baseline,640,0.9681297978230794,6.584135831346394,0.28543616686117096,0.28989486600442255,0.23276560583106215,0.14187954,30.089148,0.3123196,0.31520227,0.21212779,117653,0.8262502541610082,23.50501173640263,0.02688343968141632,0.02530739997343695,0.020637815976058793
random_baseline,643,0.5375704441240586,25.420691348765963,0.22029848804368674,0.23069953496422163,0.30472525069865936,0.86029714,16.484114,0.29549626,0.30289778,0.339715,53915,0.32272669933526144,8.936577655528659,0.07519776711569132,0.0721982461694301,0.0349897532686258
random_baseline,645,0.7734915241495396,19.294541414320026,0.20880710840363678,0.21927537403535666,0.4842639973510398,0.5905001,23.315342,0.7941955,0.8007459,0.26402217,44613,0.182991407801273,4.020800535142865,0.5853883647904855,0.5814705304102915,0.22024182585369484
random_baseline,642,0.6805543386934343,19.015159579286074,0.32409311814613284,0.3282411287964429,0.19004090251586317,0.64984494,21.96659,0.22937779,0.2668561,0.3946374,12908,0.030709394216352992,2.9514313020615823,0.09471532686061801,0.0613850246609296,0.2045965033564818
random_baseline,648,0.2226672856553939,18.548808360836592,0.32066025211286914,0.32342316748709654,0.18703976451764998,0.182499,23.083523,0.21311751,0.21978803,0.26806578,45176,0.040168279264822304,4.5347144357942675,0.10754274203253161,0.10363513769717192,0.08102601588357988
random_baseline,650,0.4991355068592961,23.712572993128543,0.26323093909957435,0.2649801291100138,0.17371755271844294,0.8602925,16.143923,0.19769433,0.2019675,0.26977336,98676,0.3611569874377315,7.56865018734241,0.06553660769202735,0.06301263641039068,0.0960558113486347
random_baseline,646,0.38040141917143006,23.503747132651647,0.4367714957737563,0.4398255787925353,0.19631840914614213,0.5628404,24.344662,0.3569491,0.36199102,0.24322933,988,0.1824389829548822,0.8409145799948377,0.07982240481611469,0.0778345607356658,0.04691092043988693
random_baseline,644,0.9029583910475106,13.703508442319688,0.1841893755193293,0.20035809946090627,0.4602191143986022,0.17102456,24.165997,0.5994839,0.6005712,0.124235734,73861,0.7319338301191659,10.462488109193984,0.4152945317034185,0.4002131156918342,0.33598338005507344
random_baseline,651,0.5557770243004999,21.403979096991822,0.27274082751247725,0.36709767778168384,0.7856093972029639,0.27085182,25.037786,0.29450196,0.32795072,0.48865393,34672,0.28492520359317874,3.633807386772826,0.021761132765080127,0.03914696176300708,0.2969554691615057
random_baseline,647,0.5674763979777395,19.001216703559177,0.28727227416999535,0.28944918953954724,0.18247747437264605,0.94953763,11.079328,0.23485743,0.24263023,0.24975216,110286,0.3820612368718088,7.921889120246188,0.05241484907634453,0.04681896113931683,0.06727468951437787
random_baseline,652,0.8413334888510989,19.96486238540273,0.542534920637537,0.5524972755651908,0.4050783609348752,0.17427784,25.842402,0.21001062,0.22250748,0.3726597,114589,0.6670556468062686,5.877539119113873,0.33252430266611677,0.32998979875855017,0.03241864790501375
random_baseline,649,0.7482890705919449,13.233347809600446,0.2225885929894396,0.2384987400798305,0.46201354139719253,0.79918003,19.814804,0.3575659,0.36507872,0.27241305,24962,0.05089096023080897,6.581456267547992,0.13497731663466014,0.12657997739033858,0.18960049622926956
random_baseline,654,0.9702642339911453,9.34343602399354,0.24681787346480108,0.2583194285840833,0.3825416766631307,0.6587219,22.447256,0.29350454,0.30304283,0.35430518,32067,0.31154231016302025,13.103820064263296,0.04668666268708491,0.04472340045262935,0.028236498736113502
random_baseline,656,0.6313058741451186,18.585412696282976,0.3407800909633613,0.349965422811976,0.27975007648904604,0.8053286,11.973825,0.36332873,0.36690575,0.19399132,911,0.17402273341408547,6.611587241571062,0.022548634136202284,0.016940326032170716,0.08575875814397615
random_baseline,657,0.013679327047757173,27.619062506446713,0.330962377429313,0.3383247871924231,0.21070657325836725,0.78544974,19.110508,0.2503496,0.264695,0.40212587,18919,0.7717704162231168,8.508554541358823,0.08061276638538295,0.07362979846485351,0.1914192919626563
random_baseline,653,0.3268532418870429,21.104370383501955,0.25367730279356504,0.260233641222261,0.23644254732743533,0.7473209,18.637589,0.2889062,0.2992221,0.37170115,58694,0.42046764853959284,2.4667818825253924,0.0352288840255115,0.03898847047970433,0.1352586038051483
random_baseline,660,0.32161269519660324,23.22773921358742,0.3077774872988747,0.32824221600421644,0.39772941308188414,0.6613964,24.007174,0.53431284,0.5361736,0.1349038,19061,0.33978368904259354,0.7794343246205884,0.2265353569775535,0.20793136607280993,0.2628256096141336
random_baseline,658,0.32190496986845357,24.582681138990655,0.21292188280564872,0.2369052296225104,0.5083126152801827,0.61314756,20.604382,0.54873514,0.55470836,0.27629018,90950,0.2912425869133152,3.9782995777113577,0.33581325894850167,0.317803132003161,0.23202243698123248
random_baseline,655,0.2371229731298088,22.17621899895197,0.29916841329191046,0.31363734532698223,0.3341798461751569,0.92100173,7.612123,0.27558297,0.28205022,0.27791792,1302,0.683878759219587,14.564095986409246,0.023585444103220277,0.031587123168550224,0.056261924632035554
random_baseline,662,0.3910049672660558,27.975553114455327,0.34743932214748396,0.35050626337487084,0.22640373294355265,0.9727905,8.580047,0.18281254,0.19683442,0.42691994,16536,0.5817855123939784,19.395506460707768,0.16462678042423262,0.1536718481774984,0.2005162041902364
random_baseline,659,0.6245911110470082,20.817123051904964,0.4079269245121445,0.43176837504703575,0.36208381947651613,0.17349294,25.114897,0.7663895,0.7693599,0.16830127,45949,0.45109817276690256,4.297773722387028,0.35846256466174464,0.337591511599235,0.19378255006447542
random_baseline,663,0.6903443858747066,8.935910598984435,0.2444306702853615,0.26060198209669044,0.3744979637957633,0.57834965,23.053211,0.25177988,0.26047269,0.3380977,29288,0.11199473596854814,14.117300613173768,0.007349213814598826,0.00012929699804237194,0.03640027225981357
random_baseline,661,0.6614546418121678,16.0500376240064,0.2895182121667607,0.31297687936516344,0.43991843788168583,0.9350634,14.210244,0.29717025,0.30693743,0.35884506,30409,0.27360877991405896,1.8397934452344273,0.007652039441134184,0.006039453036504383,0.08107338277838383
random_baseline,666,0.5912513379295798,20.88002012220509,0.7364299920735119,0.739637507255599,0.1708592122422085,0.42430085,25.802114,0.40080956,0.40602532,0.30922204,10763,0.16695048849186622,4.922094364489247,0.33562043582770806,0.3336121869640798,0.13836283031836888
random_baseline,665,0.7346725962615024,23.095942039623388,0.33614479981786827,0.33989989046871066,0.23603520776666323,0.14738007,28.482708,0.91278386,0.9132182,0.07558972,69016,0.5872925273633014,5.386765937671534,0.57663906134241,0.5733183097380459,0.16044549133218447
random_baseline,664,0.903730234776632,12.050758692524376,0.25843243445294173,0.26603471958791497,0.3167404726154553,0.93306065,9.761845,0.30969554,0.31368032,0.23431548,57615,0.02933041128049696,2.28891405751461,0.05126310740573137,0.0476456013902497,0.08242498785326352
random_baseline,667,0.9873171198646018,6.380291527087223,0.2204628843826887,0.2348935354538265,0.41522832793655196,0.22231221,24.781895,0.58880574,0.5920002,0.19048919,40434,0.7650049078742454,18.401603156750667,0.3683428507285479,0.35710665098950234,0.22473914009990492
random_baseline,668,0.5109180094083071,22.737714340575263,0.19105471506816865,0.20788244918676024,0.4919249061303917,0.28896764,27.589819,0.43257973,0.4363762,0.22045971,123941,0.22195037020046715,4.852104613892511,0.24152501091259002,0.22849376484064454,0.2714651915984932
random_baseline,669,0.9565979153948043,11.335972924340766,0.19673406929140036,0.22359987221029162,0.6081068663181755,0.40734175,23.834337,0.39806083,0.44932052,0.5413495,123298,0.5492561669187759,12.498364310156305,0.20132675915594156,0.22572065272066236,0.06675739570278849
random_baseline,672,0.5623877330526241,18.58533537740047,0.23312885711965434,0.24063936912369424,0.2319319915764842,0.7761057,20.365795,0.19952007,0.21180972,0.37084657,66456,0.21371796887074623,1.780459758097578,0.03360879073915354,0.028829644554373562,0.13891457796163226
random_baseline,671,0.03646282842057845,31.374817156761537,0.9136773169453287,0.9139479002383786,0.05237295837765817,0.6053704,21.312756,0.5044568,0.5186435,0.33066615,58728,0.5689075739155421,10.06206157204474,0.40922049884153844,0.39530440181766324,0.27829319624537346
random_baseline,673,0.8918542801138019,19.839122545729236,0.45216001269321643,0.4545320859251258,0.2241770789556909,0.9705888,10.343152,0.29648733,0.3202598,0.45691204,41579,0.07873452317751894,9.495970499525622,0.15567268130283557,0.13427227643110723,0.23273496175475833
random_baseline,670,0.949490918913961,14.75997411306345,0.26216089800688375,0.2916379663356167,0.4431510078746849,0.8074876,17.271378,0.27987647,0.28294185,0.25962916,30053,0.14200331191170268,2.5114034504131126,0.01771557255891215,0.008696118295989652,0.18352184770889818
random_baseline,676,0.033327772879070114,25.668925033112576,0.2918757968518027,0.3982085076848222,0.8571058301299622,0.06893155,28.784948,0.2980198,0.29936898,0.17686048,48932,0.03560377690845125,3.116023315886448,0.006143999758075835,0.0988395301381303,0.6802453486293366
random_baseline,678,0.9296874874593439,13.13598500374318,0.3810559305153768,0.394490536499647,0.40572578434453016,0.79923725,18.130651,0.35333124,0.3601387,0.24270606,15236,0.13045023617760565,4.994666470255844,0.027724692483989455,0.03435182218613991,0.16301972393498426
random_baseline,674,0.9460403049506851,11.207823360156091,0.26187916288342683,0.2678534434567548,0.2908181453138025,0.9485041,14.108398,0.2231568,0.2464392,0.49283993,64745,0.002463785358457926,2.900575077343909,0.038722367977764294,0.021414239836797855,0.20202178712790891
random_baseline,677,0.13595157906263303,28.626510465004074,0.7548887920171093,0.7561202549356085,0.11921958767476974,0.99077934,8.270407,0.19196244,0.20209584,0.36545885,49647,0.8548277612045484,20.356103741981613,0.562926356175549,0.5540244185346228,0.24623925841745437
random_baseline,681,0.8628304808198072,14.534362056756308,0.4870462653273339,0.4943044946093239,0.2746823887915107,0.36801112,23.78781,0.26816574,0.2833294,0.43842283,137202,0.49481936383830083,9.253447315191934,0.21888052793681573,0.21097509716936724,0.1637404401212243
random_baseline,679,0.6494259087097177,22.86655436638332,0.20818283808166987,0.2128182920278445,0.21790027909366702,0.93396425,10.034842,0.2970408,0.30247214,0.30064937,65673,0.2845383437622061,12.831712828907733,0.08885795223777287,0.08965385233746617,0.08274909562976743
random_baseline,675,0.8665251211710376,17.9394933563973,0.2077371204925306,0.2617847317566656,0.6523127733029591,0.19525152,30.35674,0.55621165,0.55973035,0.25542262,137958,0.6712735967226429,12.417247595140786,0.34847452987902094,0.2979456192145563,0.3968901513375508
random_baseline,685,0.6083873730729611,23.46390455783397,0.23573974400993875,0.24179955195702454,0.2870174285899713,0.8116477,13.875265,0.26519343,0.2828263,0.36613455,126889,0.2032603401113956,9.58863943637401,0.02945368855956504,0.041026752478705436,0.07911712555774902
random_baseline,680,0.41905345280834144,25.72123483322607,0.28282177462324487,0.28620905223549087,0.21159723101327912,0.9609867,12.847464,0.48307595,0.4869006,0.22947106,57688,0.5419332210235983,12.873771225437984,0.20025417194619788,0.20069154557525437,0.017873826640148
random_baseline,682,0.4160882523753181,16.005678838382423,0.2294307853856371,0.23609291152224102,0.29539876395379167,0.71494704,17.858223,0.23654655,0.25577214,0.37258565,61185,0.29885879247407765,1.8525441230433586,0.007115760835142315,0.0196792320801302,0.07718689030493636
random_baseline,687,0.929477679415815,13.289848404462958,0.24902379678668596,0.26077105922260146,0.38663384451142296,0.3960004,25.777498,0.29386696,0.3013947,0.30281806,100606,0.5334772941313912,12.4876498407763,0.04484316540775679,0.040623641781426856,0.08381578459015832
random_baseline,688,0.3947173571817304,22.66623566086682,0.19617896301812976,0.20820818049953058,0.38900521819132006,0.4796985,24.73689,0.55573946,0.567465,0.28139156,69929,0.08498115179615962,2.0706551319798585,0.3595604993575111,0.35925682680561466,0.1076136571599785
random_baseline,684,0.3369004370884142,25.164805995258007,0.25466214342305393,0.25954786992635026,0.21939370378782247,0.57920337,23.377485,0.37148663,0.38123122,0.38092202,129982,0.24230293014486215,1.7873207199894523,0.11682449059298305,0.12168334865008101,0.16152831569383647
random_baseline,683,0.946552389362916,15.550755180510457,0.25789996405029064,0.284041066058977,0.3897197841141973,0.9915586,7.006035,0.1929311,0.22572498,0.639522,43300,0.045006222030058884,8.544720329436238,0.06496886332416302,0.058316085823877206,0.24980223193423412
random_baseline,691,0.37395073965338493,24.283199723293592,0.2603045153424301,0.2666098468421536,0.27459048147494053,0.76095283,18.804876,0.20807086,0.21804179,0.33175653,125720,0.3870020906612513,5.4783233957789434,0.05223365602941893,0.048568054330213606,0.057166050717289696
random_baseline,693,0.8196459939342685,12.037929176431348,0.24721961668336043,0.25065183072141123,0.22881299366156696,0.9151379,12.926447,0.1997188,0.2055792,0.2844627,14305,0.09549189306676908,0.8885177382415037,0.04750081351601729,0.04507262437394571,0.055649696691826595
random_baseline,686,0.9847626954647,6.707333605101674,0.2084910068018048,0.22940252538961542,0.4684520286677385,0.09511676,22.461796,0.40238678,0.40461972,0.12943128,12773,0.8896459386082585,15.754462201783092,0.19389577775172304,0.17521719816881048,0.33902075115423447
random_baseline,692,0.9118937793154733,16.21410021463047,0.3073481227147703,0.3171861301666224,0.41037365580394153,0.64581686,15.556148,0.25686237,0.26566476,0.26571038,114621,0.26607691673231293,0.657952639252052,0.050485750554812414,0.05152137386855721,0.14466327215030078
random_baseline,696,0.20060272746891825,24.87746123560719,0.30855258171728345,0.32205844671835665,0.27507077610935493,0.27616337,23.65038,0.19031784,0.21620676,0.5380394,60535,0.0755606419482723,1.227082054698986,0.11823474233320447,0.1058516875039554,0.2629686101630755
random_baseline,695,0.3120185526238045,23.290772139242932,0.2954089450815218,0.31420397294980346,0.39027098841102803,0.91282207,16.717255,0.24728583,0.2502825,0.21766427,37242,0.6008035151137748,6.573517500571057,0.048123117087175205,0.06392147673589049,0.17260671681793416
random_baseline,689,0.4779808338340455,26.832964114702843,0.657771392240328,0.6594619313714101,0.14696271057231108,0.80910057,18.508072,0.20964913,0.21808238,0.38087255,137309,0.33111973446047965,8.32489221528878,0.44812226153830925,0.441379548096378,0.23390983705418428
random_baseline,698,0.3741808136132009,26.763499783602136,0.5224920640525277,0.5230339973316617,0.08390057861583172,0.96355516,12.096337,0.23516595,0.24711229,0.37640205,98426,0.5893743435714,14.667162465181725,0.28732611041635825,0.2759217082605786,0.2925014716408974
random_baseline,700,0.032187619954827926,29.703960431603978,0.48619969239433936,0.48726946575250857,0.11427826549997347,0.4680798,24.749275,0.40795985,0.41045117,0.20566677,58449,0.43589218541931757,4.954685224084447,0.07823984375199011,0.07681829197015994,0.0913885000706671
random_baseline,694,0.8262879826894424,19.428451688484753,0.22126373070354097,0.24722006959049997,0.5356974134499494,0.37801126,26.988708,0.23655222,0.2396197,0.19094047,125196,0.44827672623306725,7.560256807608997,0.015288492859653308,0.007600367489746185,0.34475694394654666
random_baseline,690,0.3319296895977421,25.30656429154606,0.3217478532774317,0.46556229101685825,0.8377774570862402,0.496637,24.24041,0.5056748,0.5106752,0.24811354,21863,0.1647072971347408,1.0661544404718413,0.1839269261376989,0.04511290086241421,0.5896639142910589
random_baseline,701,0.32807517025729077,18.28134589480791,0.32535674648092894,0.41752048998288227,0.599073995757389,0.71889484,22.051268,0.48240465,0.4856448,0.20729472,118897,0.39081966902951343,3.7699217290934577,0.15704790277673097,0.06812429756709026,0.39177927832632053
random_baseline,703,0.2374995316054874,25.13435011868886,0.26692768466758016,0.2725030235814822,0.23184308238587875,0.90570945,9.296479,0.43487218,0.44293344,0.27423662,124366,0.6682099138710446,15.83787089353017,0.1679444955558848,0.17043041662695285,0.04239353708662491
random_baseline,697,0.9791354439885273,12.26544921601915,0.2160949511264631,0.24150466646618365,0.6141375894727015,0.59593415,15.550814,0.28072625,0.28918037,0.28936926,85628,0.38320129138537784,3.2853644589076083,0.06463130285989555,0.04767570171885968,0.3247683341683649
random_baseline,699,0.9881214548457128,10.20597183271147,0.4568560464165853,0.4664754595889311,0.44800957889644427,0.98085135,5.747394,0.19508187,0.20745306,0.31964758,56792,0.007270102630899555,4.4585777477810495,0.26177417168838246,0.25902240241901686,0.12836199851123614
random_baseline,706,0.7670181070459946,20.60391294053563,0.1999900648078282,0.21116915800156755,0.37096475324638234,0.9215299,5.713529,0.2643134,0.2739288,0.2955867,69482,0.1545117820607559,14.890383830580795,0.06432333498388934,0.06275963328299361,0.07537804803855763
random_baseline,705,0.9684618329141488,3.7634912301754753,0.29843999363542995,0.3126395310057966,0.31631721974902216,0.8495493,16.616158,0.27957463,0.28391567,0.25588733,19482,0.11891253939608237,12.852666301562806,0.018865360990776625,0.028723862279829204,0.0604298901706225
random_baseline,702,0.07330428489896625,21.301246058513733,0.23772765409200658,0.24239516463224065,0.22766239187473405,0.22795749,25.877628,0.5139555,0.5145583,0.09249924,24381,0.154653202207357,4.576382267902282,0.27622781980783473,0.27216315064485896,0.13516315064186205
random_baseline,708,0.7302084004009562,18.507610596641413,0.20361692738197462,0.21669303510657423,0.4066579207366779,0.8622685,8.519239,0.28420258,0.2892603,0.20997639,13163,0.1320601070796651,9.988371170982234,0.08058564830161913,0.0725672629071129,0.19668153073251987
random_baseline,704,0.9765010766346449,8.29332289986413,0.19149720449923338,0.2019823281555544,0.36302492629726646,0.18210131,29.992968,0.56518316,0.56629306,0.14215466,104545,0.7943997673351759,21.69964470572669,0.37368595818997563,0.36431073262401714,0.22087026249607322
random_baseline,712,0.46297383234314987,23.38851039444759,0.7125122086453621,0.7155884088497926,0.14448823342485106,0.25663862,24.073792,0.48857486,0.4938723,0.27663612,3488,0.2063352160196788,0.6852811094586606,0.22393734616519856,0.221716094158249,0.1321478902323755
random_baseline,707,0.1081077416887907,21.86637844526907,0.35994819783235366,0.3637126768320026,0.20325827903309807,0.27573404,23.011116,0.6560122,0.6591758,0.16336855,109697,0.16762629547208271,1.1447375825629607,0.29606397963499254,0.295463136366087,0.03988972610989555
random_baseline,711,0.21808577317198477,23.558542771424523,0.23187001587062675,0.23875312739498805,0.28149526315078505,0.03093618,27.015682,0.4052048,0.41503423,0.28771064,71436,0.18714959348937235,3.457139449034461,0.1733347868809144,0.17628110712878514,0.006215373703386706
random_baseline,715,0.2950528311380215,22.037840238729796,0.2025426547434593,0.21505086108276847,0.3223164687987112,0.0660849,29.342728,0.31974488,0.3270311,0.28220826,76062,0.22896793212974742,7.3048874224030165,0.11720223022434464,0.11198024467399117,0.04010820492465722
random_baseline,710,0.4475822418440081,21.181304083980525,0.30295044799959603,0.3140082592318087,0.32771895260480255,0.9755264,6.7030206,0.20579168,0.21268742,0.30410117,55855,0.5279441506158613,14.478283511318171,0.09715876599466744,0.1013208413670092,0.023617783495458067
random_baseline,709,0.860957583216488,17.005658345034377,0.2084880471983109,0.21217987232802993,0.2241374842551191,0.19886526,25.066118,0.19675383,0.21666636,0.5491437,21756,0.6620923185623284,8.060459895322069,0.011734217480674797,0.00448648340107316,0.3250061877343218
random_baseline,717,0.6124827130525854,26.67462300574542,0.48680992333629397,0.4885984861992638,0.1728695033853069,0.9460164,5.712701,0.26232114,0.27754635,0.35810623,64676,0.3335336581975672,20.961922161934385,0.22448877899387149,0.21105214001167227,0.18523672234368174
random_baseline,713,0.8755465814503388,12.561778111732863,0.2357209218598451,0.26259844800282883,0.5178141877637894,0.37551528,23.664787,0.48969874,0.49680102,0.2632934,88527,0.5000312992962556,11.103009180747605,0.25397781599988084,0.23420257071207595,0.25452080225811313
random_baseline,719,0.42588757538066857,15.921724671289567,0.25389795013643274,0.273763923927314,0.4262495795252735,0.21347836,30.154163,0.6193803,0.6209859,0.15370548,67282,0.21240921878086083,14.232438689306136,0.3654823451402091,0.3472220012702873,0.2725441018107349
random_baseline,714,0.9815459089717489,2.636825969406516,0.4753563688236331,0.5190869218110945,0.4336722508671546,0.44112176,20.933249,0.28293812,0.28689262,0.24546087,97067,0.5404241519412618,18.296422550490945,0.19241824607430447,0.2321942991018202,0.1882113829853797
random_baseline,721,0.09803823008726219,28.096604983045196,0.21552234094071845,0.22189512120809016,0.2586233956716127,0.22988173,26.720173,0.22409628,0.23886372,0.36112475,128213,0.13184350356866736,1.3764321009651184,0.00857394237589379,0.016968600281816154,0.10250135828041368
random_baseline,723,0.975282755750765,3.824835186963341,0.34642597381538537,0.3618517652756233,0.367282167696024,0.8791462,5.8812275,0.27350503,0.28128216,0.30898508,27442,0.09613653745089923,2.056392306322792,0.07292094175285485,0.08056960856976697,0.05829708340075118
random_baseline,718,0.5112656490270893,19.475027618882788,0.23274801237388432,0.23871482989900594,0.27219750982586377,0.122711554,27.602333,0.29656005,0.303002,0.22309849,129728,0.3885540948574344,8.127305449964869,0.06381203668312252,0.06428716995603556,0.04909902316395276
random_baseline,720,0.32494869055635944,25.145664004760516,0.25197008473514904,0.2609337022520191,0.3550062057472416,0.7837793,17.974567,0.39782348,0.39956695,0.16181608,139772,0.45883063254468426,7.171096591430437,0.14585339801669728,0.13863324616182976,0.19319013030302012
random_baseline,722,0.3273653811558268,23.779855206458873,0.28496989214630986,0.28926599213473553,0.24807901386232484,0.33215523,23.907267,0.23452787,0.23566322,0.14522482,97773,0.004789846505306006,0.12741141036241643,0.05044202113362217,0.053602771848366204,0.1028541893145572
random_baseline,724,0.18474039704911518,28.820011890490843,0.7062057110086616,0.7086167029588424,0.1675528656413828,0.9512979,7.557986,0.2735986,0.32613438,0.65719795,91024,0.76655748216994,21.262026107867552,0.4326070996538337,0.3824823192804061,0.489645086629125
random_baseline,716,0.2519452326895543,23.000699238207872,0.22215858262721347,0.23047056563928175,0.3001580347794894,0.6305837,24.962725,0.40436742,0.4105566,0.22126126,45199,0.3786384708283595,1.9620254474610732,0.1822088344698782,0.18008604875967454,0.07889677188581262
random_baseline,725,0.8684940133550986,18.13969664545639,0.3826052264587286,0.3910901313751127,0.24834689676976196,0.36439523,23.138187,0.27518603,0.2855157,0.27424112,130877,0.5040987823465689,4.998490762990876,0.1074191944019201,0.10557443556479473,0.025894222853422244
random_baseline,726,0.8928616831762543,9.586366378212979,0.25309026747703134,0.25613960994250906,0.2005197033915582,0.5353737,25.961458,0.42238605,0.42528588,0.19260523,136110,0.3574879954321136,16.37509182796378,0.16929578274727286,0.16914626585476267,0.007914476159578826
random_baseline,728,0.8110655672753367,18.392664178458535,0.2668907931338008,0.27312040305836993,0.31432297103678064,0.3461275,25.014786,0.4804868,0.48979822,0.28969485,122922,0.46493805720453596,6.6221215881430275,0.21359601707356612,0.21667781495348615,0.02462812536035852
random_baseline,731,0.01452374549835011,32.5951780499299,0.8107793833124718,0.8112952951187063,0.07570396283570886,0.92533064,17.275572,0.51255894,0.5192822,0.263426,96930,0.9108068933871479,15.319606226809782,0.2982204462397179,0.29201307332457793,0.18772204300459266
random_baseline,727,0.05485893720163782,27.08806683724196,0.21942304692608333,0.2271131045547286,0.27485220500499036,0.329764,27.615551,0.3461752,0.37103602,0.3405027,112895,0.2749050713203959,0.5274841576310862,0.12675214686053776,0.14392291834680643,0.06565050414532397
random_baseline,730,0.5674641473262528,22.304027541007734,0.5172601952074672,0.5202631967494634,0.1751392964430452,0.96207917,10.52854,0.19534951,0.24053334,0.7246744,113637,0.394615020039775,11.77548788341496,0.3219106807230617,0.27972985975243125,0.5495351072244048
random_baseline,729,0.6175052845264853,20.919965770046954,0.2947663109228976,0.3162575738005502,0.3244467600748279,0.15579304,25.512444,0.21662425,0.21849175,0.20467652,107929,0.4617122435356559,4.592477772433515,0.07814206587532835,0.09776582582520077,0.11977023627016331
random_baseline,734,0.5752591969688158,22.149135146725524,0.23720709280143237,0.250333213977945,0.3730478141044034,0.8584845,17.545712,0.25552782,0.30308685,0.5390641,31551,0.2832253096382399,4.603423629391539,0.018320731362004516,0.05275363308893427,0.16601629522100553
random_baseline,733,0.08352322037293802,31.078114883358367,0.6545349693529376,0.6916704156489054,0.39979374876346285,0.28102356,26.616869,0.47735384,0.48087215,0.21912508,56965,0.19750034158156027,4.461245910580047,0.17718112828657717,0.21079826141306557,0.1806686716350525
random_baseline,737,0.27984815547514136,25.21111850471298,0.20997661862587313,0.21347165427259326,0.21333270566824786,0.9492476,13.88194,0.19837923,0.2452453,0.6697798,62692,0.66939944317293,11.329178616712493,0.011597385146373318,0.031773638510190244,0.4564470718586076
random_baseline,732,0.24109114603914292,26.064492881881176,0.20445727283867657,0.209185510358666,0.2575027048442102,0.63458794,20.49717,0.23320682,0.2853689,0.5536647,93972,0.3934967975147816,5.567323387252269,0.028749550629531745,0.0761833792115702,0.2961619794514441
random_baseline,739,0.517960313227847,18.85019010314753,0.29380692947930614,0.3039035196901058,0.2870788137159446,0.66399384,18.517868,0.27633017,0.28149956,0.23333858,38025,0.14603352222137178,0.3323220611553417,0.017476756463711662,0.022403955042431256,0.05374023418046031
random_baseline,736,0.295765646901575,27.231416842034854,0.2987568147935284,0.32177602214975454,0.3768721523472355,0.6789212,20.249977,0.44709453,0.449261,0.16402584,89703,0.3831555757851926,6.981439730218447,0.14833771507364385,0.12748498754339121,0.21284630920377234
random_baseline,741,0.5195154815433319,17.26751747997851,0.2197082588995209,0.22796842130383438,0.2761168530673989,0.11566569,25.263535,0.27474204,0.28992954,0.41867027,117063,0.403849792432576,7.996017065919929,0.055033778158355695,0.06196111766139084,0.14255341379928504
random_baseline,742,0.8192779875564956,15.005785594197448,0.2774495387554329,0.2844008880198396,0.3088356281168953,0.28424543,28.624516,0.5841926,0.5871004,0.1786869,9469,0.5350325561333084,13.618729939249818,0.30674303526876756,0.3026994985997283,0.13014872618990098
random_baseline,744,0.07042195263885959,28.4069322326816,0.24547154115078776,0.2473669310059324,0.1615013311508703,0.9867491,6.256563,0.25242615,0.26772958,0.48691654,54054,0.9163271599671889,22.150369046036094,0.006954606310149741,0.020362649396441862,0.32541521090235237
random_baseline,738,0.31495774209362254,23.606772278319806,0.22236699929676101,0.25720818979162663,0.6152364400533712,0.042134393,28.519365,0.41700473,0.4188601,0.16348727,133095,0.27282334908705935,4.91259303234914,0.1946377349809642,0.16165191786866695,0.4517491695789373
random_baseline,735,0.9865785785463819,4.316956096651495,0.24991872382587105,0.30067718342387795,0.587072048284055,0.94056726,12.368313,0.20894487,0.2385528,0.64497226,41957,0.046011323526240266,8.051356739041864,0.04097385180419594,0.06212438956344246,0.0579002164826381
random_baseline,740,0.7447525186969979,22.029210033348924,0.39467411706526523,0.39834082043890884,0.23694101917264093,0.31443456,27.897131,0.35374594,0.3999178,0.47618893,120024,0.4303179605438454,5.867920932837599,0.04092817971785312,0.0015769907164103758,0.2392479087162293
random_baseline,747,0.4255581015229528,25.754578860414583,0.3806918290103614,0.3831461725082109,0.2130833580320525,0.32402557,25.24644,0.4600338,0.47161618,0.27236578,83664,0.10153253017666986,0.5081379729634108,0.0793419751678765,0.0884700062427809,0.05928242065256359
random_baseline,743,0.3644378606885161,22.184824918170783,0.3161730946593424,0.32058131831680264,0.20895147372680795,0.624487,23.049679,0.26250497,0.27551338,0.3556491,69116,0.26004912213390213,0.8648538843194515,0.05366812959243261,0.04506793755088773,0.1466976399282824
random_baseline,749,0.05936545820565489,25.813979594830577,0.19117857897033635,0.19901112562521775,0.319160015898554,0.62068605,22.319551,0.35467276,0.35942963,0.2729082,12280,0.5613205960240815,3.4944281269350697,0.1634941808010107,0.1604185020317189,0.04625180514415944
random_baseline,746,0.9716755694796423,11.755208350432454,0.18828333674624548,0.2372431739957934,0.775156407640349,0.63223654,14.575602,0.26232326,0.2658193,0.23566844,38872,0.3394390291621069,2.820393227326335,0.07403992356106653,0.02857613714617438,0.5394879719475618
random_baseline,750,0.6734853770825667,22.59041414413724,0.21732948880411349,0.22124565784407554,0.25578402390073696,0.51407087,18.037323,0.3022026,0.30379167,0.16269009,108089,0.15941450859044026,4.553091146090367,0.08487312335752287,0.08254601414727272,0.09309393574785152
random_baseline,745,0.7431887908463113,23.9188967165147,0.2675400523268934,0.27238582547398904,0.2711465611998547,0.96383125,3.6828706,0.2757874,0.282905,0.2231898,110875,0.22064245505288915,20.236026090065113,0.008247360793376401,0.010519186895166843,0.04795676022214779
random_baseline,752,0.9067012255468818,14.220900211588756,0.22612057010962816,0.22936228603190062,0.21165399405807317,0.9386853,12.858724,0.2613711,0.26773545,0.259314,83737,0.0319840724191216,1.3621765711468612,0.035250535799719374,0.038373165427984024,0.047660006548463696
random_baseline,748,0.3612660220696261,25.978665923636783,0.26228615726060145,0.2657802497821942,0.21156268788644428,0.92891383,11.326196,0.40738854,0.41093522,0.18929538,51150,0.5676478096411893,14.652470206778872,0.14510238086157567,0.14515497332037536,0.02226730657884235
random_baseline,756,0.5615046881251298,20.410902223307687,0.3952926307506907,0.40261884651439084,0.3087696414911863,0.9179486,15.312695,0.26894796,0.27347046,0.24368086,83809,0.35644391550493615,5.09820767374714,0.12634467180446268,0.12914838514583005,0.06508877691866127
random_baseline,751,0.9722408985840176,7.15070881968051,0.2579318097723119,0.2682297689473209,0.3686230732079351,0.8272738,17.09672,0.19333977,0.20690589,0.32910386,8144,0.14496711251605499,9.946010922140779,0.064592044700443,0.061323882416444764,0.03951921592911123
random_baseline,754,0.644138636179053,23.458428277673427,0.21940360614812393,0.22607217487293524,0.2301411064984304,0.2297464,26.58047,0.27985048,0.28195795,0.1630385,1796,0.41439223486908594,3.1220408537962996,0.0604468767925499,0.05588577929538446,0.06710259939451041
random_baseline,753,0.8719782859862297,16.81782992463392,0.4087075212517066,0.4116208195557125,0.1792512268643014,0.7206576,18.339954,0.2757548,0.28168714,0.2787962,2565,0.15132069893483813,1.5221244515867838,0.13295271187212898,0.1299336790909298,0.09954496911958532
random_baseline,757,0.966006357322783,7.095911109997083,0.25120255614611714,0.27775042945653106,0.49621578912882297,0.7188212,23.282179,0.26146644,0.27154002,0.28852347,36966,0.24718512977227636,16.186267768787097,0.010263887392548632,0.006210413520633229,0.20769232373384922
random_baseline,759,0.9292750172636767,14.037804590494154,0.23959829535848662,0.24604744068051781,0.30856944898461114,0.34047797,23.237242,0.21820621,0.22101076,0.20919298,71935,0.5887970440409441,9.199437154500963,0.0213920834339337,0.02503668120767083,0.09937647262905847
random_baseline,758,0.693893664588653,20.665853319651703,0.4038268888470801,0.5278335785422323,0.6511652657338785,0.561989,23.860765,0.31856877,0.3219168,0.23131114,85630,0.1319046552083124,3.1949121375016176,0.08525812272998418,0.2059167897257803,0.41985412328926786
random_baseline,761,0.35684435998829483,21.651292107171308,0.2195723995267331,0.2309943352095781,0.3226826900009627,0.18791723,28.928452,0.46270692,0.46781167,0.23167673,73724,0.1689271274748671,7.2771594309146295,0.24313452395806914,0.2368173386700453,0.09100596246762227
random_baseline,755,0.949494767183841,7.206164233697528,0.26054470951835734,0.27357773481180553,0.38666235017092204,0.7052057,20.965828,0.3057663,0.30781746,0.15573308,54159,0.24428908824402162,13.759663708197003,0.04522160474975484,0.034239724294639784,0.23092927145273662
random_baseline,763,0.9182491184852458,13.918804659105874,0.2992431075160175,0.3052280236489334,0.2992597045648577,0.8288601,6.4539657,0.2535195,0.2769209,0.4444916,46898,0.08938901440123093,7.4648389951959615,0.04572360225364264,0.028307108998970043,0.14523189046497326
random_baseline,765,0.5856963980973573,22.9267073762387,0.2857961062258156,0.2912503066814879,0.2030809573556034,0.11710492,23.78434,0.2717382,0.29609716,0.3858561,112596,0.4685914803326936,0.857632528546457,0.014057904846039582,0.004846852704193272,0.18277513462056239
random_baseline,760,0.6775520215487919,19.340253734233418,0.22168748755537548,0.2332709201011894,0.3144591055105342,0.9386763,8.173751,0.25781628,0.31843534,0.66513956,36591,0.26112427611585043,11.166502856853047,0.03612879733956775,0.08516442101857682,0.3506804504205571
random_baseline,764,0.6176012662407351,21.24766504953681,0.2709360364383175,0.27274258587612094,0.16619382645462483,0.030538395,27.569656,0.24240702,0.281182,0.43246186,22971,0.5870628711935473,6.321991322533503,0.02852901253160972,0.008439405224190344,0.2662680313410905
random_baseline,762,0.049711045980685174,30.9722593891022,0.9462746784242596,0.94693887873276,0.0830371622301556,0.9812449,5.1715565,0.23413822,0.24592929,0.36784026,32123,0.9315338757035799,25.80070291632388,0.7121364578756298,0.7010095928488564,0.2848030980371021
random_baseline,769,0.9826087660401578,5.431293814718273,0.21829671405927997,0.24905456037976326,0.5231786123007913,0.88633156,6.357116,0.24697702,0.26263988,0.41662005,39591,0.09627720781261873,0.9258224076633184,0.028680302270485347,0.01358531980059563,0.10655856640044647
random_baseline,767,0.2788954717798139,27.195585334519723,0.24670359208827308,0.2528905716093238,0.2468151556650756,0.058273792,25.544632,0.2265509,0.22845492,0.15778206,129342,0.22062167951296818,1.6509533765119109,0.020152685191681896,0.024435653940027557,0.08903309277693014
random_baseline,766,0.9650353610089258,10.979157489491001,0.1986570898977188,0.2169743653483772,0.46902162962058624,0.6824019,21.66604,0.4960711,0.5092071,0.32594162,102892,0.28263346548585455,10.686882931041225,0.29741401033726655,0.29223276413007737,0.14308000736335358
random_baseline,772,0.2895347199367413,27.269461008258986,0.3629782133453786,0.3643247444646011,0.15965146301958136,0.78991586,21.76208,0.41703415,0.42052573,0.2053714,103496,0.500381139762508,5.5073817693673845,0.054055935824543266,0.05620098519161837,0.04571993173387476
random_baseline,773,0.660909723486696,23.678302657203147,0.21031500238121054,0.2523940222021325,0.4776435685443902,0.52076787,24.395554,0.34825858,0.3773273,0.46659917,119873,0.14014185592154094,0.7172509316640401,0.13794358235656717,0.12493327095544504,0.011044402151110189
random_baseline,770,0.33126013893173145,25.44567569254649,0.4020517425089406,0.4230148711537997,0.319536755258606,0.6133823,21.855005,0.34501153,0.3616968,0.31182456,117298,0.28212214094116284,3.5906704282642643,0.05704021020226946,0.06131806162354153,0.007712195093200702
random_baseline,774,0.8887087344008794,12.508675533491385,0.2066723846077088,0.22538975075150203,0.40799267500407105,0.20612553,24.561184,0.34922385,0.3544411,0.27720395,34710,0.6825832067805638,12.052508395951975,0.142551467549884,0.12905135556792546,0.13078872769839173
random_baseline,768,0.7445806873916534,16.9578253825333,0.27288955336758197,0.28366858341281814,0.34683333537341793,0.60164493,18.015358,0.29304653,0.29804865,0.22421816,97793,0.14293575416792903,1.0575325886581055,0.020156980693849913,0.014380061845131686,0.1226151754594012
random_baseline,771,0.5214500543902172,28.524112408628817,0.32145670242006097,0.3247541158634591,0.23996590014821279,0.3678344,26.228338,0.20010921,0.20996815,0.38456494,117812,0.15361566518046987,2.2957741670516683,0.12134748882943902,0.11478596620144127,0.14459903601282847
random_baseline,780,0.6522818596755676,19.94563475244866,0.2043793644388157,0.2077391355573211,0.23830289279449746,0.6398945,22.05278,0.8401244,0.84324545,0.13910647,9519,0.012387374201934809,2.107145398918526,0.6357450638334317,0.6355063111246553,0.09919642542827889
random_baseline,781,0.8968926076453785,16.99789281749969,0.3144624043251235,0.3180339220864266,0.2551339482047586,0.8524211,20.508192,0.51523894,0.5205988,0.23249274,117984,0.04447150273738898,3.51029924487824,0.20077653639066628,0.2025649067061454,0.02264120328212066
random_baseline,775,0.33653188363152775,24.678697084763478,0.6736203782620359,0.6748504734320067,0.12319475764430673,0.7558086,21.024445,0.19105119,0.20548974,0.40307555,87102,0.4192767082111236,3.6542525046853527,0.4825691931309629,0.469360733656349,0.2798807883819231
random_baseline,777,0.3069880268774991,28.106570050212383,0.2175060976876788,0.22438857042820673,0.2445458905609517,0.6189152,21.972467,0.44038516,0.45807207,0.39580497,112312,0.3119271733559604,6.134102627727032,0.22287906514267397,0.23368349587886114,0.15125908089557602
random_baseline,776,0.9467141927358196,2.604308918952249,0.32178886160986025,0.32895956549206573,0.22803082509908465,0.9797903,9.041464,0.25412706,0.27075157,0.44774666,39745,0.03307607759270215,6.437154932976462,0.06766180620328982,0.05820799979725677,0.21971583918657514
random_baseline,779,0.3389732122656556,24.58724291397674,0.22746027462493842,0.23065323330970944,0.21883558546091866,0.15414824,22.994436,0.29066956,0.30404016,0.29651284,139865,0.1848249763485642,1.5928066499386553,0.06320928580749566,0.07338693044570743,0.07767725671742606
random_baseline,782,0.6571940058476022,23.90187757942135,0.26901922839612247,0.3109701360049559,0.43720085280618276,0.55218023,24.239046,0.3381311,0.3438967,0.24177964,43991,0.10501377523007904,0.33716851738040887,0.06911187154322385,0.03292655102583636,0.19542121248921956
random_baseline,778,0.1750539767014152,23.821649690367376,0.22641984227730214,0.23990773097883808,0.3272150344349343,0.947948,3.591769,0.29131505,0.29871163,0.22402523,8528,0.7728940022719735,20.22988071034113,0.06489520665572704,0.05880389674294842,0.10318979985489435
random_baseline,783,0.456599261885992,26.826023078357355,0.3489053704527019,0.3529119878643531,0.2304759038990434,0.109907046,27.197996,0.2489474,0.25129956,0.22078718,50769,0.34669221592556565,0.37197306116901174,0.09995797357827413,0.10161242779431529,0.00968872144874891
random_baseline,786,0.2975708333719194,24.609934166000894,0.21616884680994997,0.21950996053888203,0.19859618928375744,0.8162877,18.553108,0.26423275,0.27976727,0.36892626,25115,0.5187168629896224,6.056825950668863,0.04806390789738646,0.060257314317685357,0.17033006761130787
random_baseline,788,0.9771414549085082,9.092261638610147,0.2272892055555401,0.23681368910106912,0.35194189506972984,0.46817136,26.198893,0.7820694,0.7839202,0.1551131,118781,0.5089700967999877,17.106630954773642,0.5547801794961872,0.5471065393802236,0.19682879406417564
random_baseline,785,0.7688465852199277,17.994695864082004,0.25124114666673836,0.29636284757745157,0.6311877963333102,0.8632484,16.21423,0.2375223,0.2494248,0.3468818,13949,0.0944018226208011,1.78046628034177,0.013718842608663406,0.046938047300695285,0.2843059894828769
random_baseline,789,0.7180543780097757,21.309250871368548,0.36993790642740065,0.3752478703756471,0.2685018968575996,0.20286459,24.783894,0.25130647,0.25439805,0.22871582,138363,0.5151897907027994,3.4746427138365306,0.11863143221856887,0.12084982245160536,0.03978607475696028
random_baseline,784,0.8980446031039633,15.91900211634615,0.23842542082583423,0.2451050809656556,0.3253538511028586,0.98097515,3.5607574,0.30584252,0.33464316,0.4137086,131704,0.08293054795804844,12.358244717740803,0.06741709798062329,0.08953807437072442,0.08835474631878754
random_baseline,790,0.7541451379025685,16.714746604170898,0.2353227736635272,0.24374287359218183,0.328971093903748,0.8458292,10.793976,0.2341862,0.26530603,0.4764667,51574,0.09168405092113141,5.920770774092773,0.0011365713758532403,0.021563152151302667,0.14749559162977555
random_baseline,793,0.19351846707910036,28.10836134564604,0.3940558800288489,0.3963908146326708,0.1901221320931846,0.8987009,18.045307,0.34844077,0.36515146,0.39374682,54571,0.7051824258461621,10.06305418622221,0.0456151136943152,0.031239349693553353,0.20362469097924887
random_baseline,787,0.235294771893274,25.191218157524403,0.7769478613442973,0.7781490514621073,0.11774349418665751,0.8281579,13.349785,0.23719877,0.24403088,0.28638783,9668,0.592863129870642,11.841433306450185,0.5397490912980631,0.5341181735143,0.16864433678601398
random_baseline,794,0.43668953687997714,23.329614040136086,0.35700404080578557,0.3652088417831936,0.3101973017053661,0.2328298,30.245413,0.72353137,0.7243967,0.09887269,42628,0.20385974259229556,6.915798786402,0.3665273245888067,0.3591878638442478,0.21132461031246752
random_baseline,797,0.7590695604454673,18.328188919810977,0.31926593546827126,0.3215281830359032,0.15372999223351244,0.8935061,11.393676,0.25939396,0.27400625,0.3454277,81184,0.1344365492690408,6.934513115672793,0.059871975230768204,0.047521935515456415,0.19169769970298048
random_baseline,795,0.42776008552019734,20.630534471428717,0.3656368818333853,0.3847984537186545,0.3475003921589098,0.16896933,29.494652,0.79489785,0.79545385,0.08396156,103339,0.25879075234835286,8.864117323004876,0.42926097249477024,0.41065539273596585,0.2635388308366976
random_baseline,792,0.2809063813727109,28.41639469961346,0.3334028772529301,0.3365997294778489,0.200036014018688,0.9373911,16.300276,0.2874041,0.32877862,0.4868762,13655,0.6564847209412845,12.116118897001154,0.04599878708683819,0.007821104943241952,0.28684017569002174
random_baseline,798,0.5213675481925726,23.584452906443083,0.27077619992390256,0.27951057676001534,0.30586949215979,0.8867507,14.301664,0.30862877,0.3150049,0.27876002,33584,0.365383149897027,9.28278855402609,0.03785256780490298,0.03549430843667045,0.027109476195281923
random_baseline,791,0.5012510895400318,23.480616829084727,0.3774640920504383,0.37963480478042877,0.1975201983351917,0.59946287,18.974316,0.33837765,0.3460698,0.216998,98863,0.09821177724311025,4.506301185774181,0.03908643749797858,0.033564992005770566,0.019477797637441674
random_baseline,800,0.4667536188237655,25.34621731007707,0.47151559709402713,0.4758595268319075,0.21496818316341182,0.7600074,21.52298,0.3435528,0.36944008,0.43983027,19140,0.2932537626154435,3.823237573748944,0.1279627990612665,0.10641944809655596,0.22486209022640447
random_baseline,799,0.420690715688023,23.272466907200666,0.23100805142633074,0.23831910276126533,0.26103219087895707,0.5463082,22.130613,0.26028532,0.2919428,0.5216134,98409,0.1256175037448078,1.141853580174299,0.02927726647146589,0.053623702290538255,0.26058122817698165
random_baseline,804,0.030522749636365788,25.45840846519454,0.2380619398848168,0.2773254906104279,0.5600583866924733,0.34329212,23.436014,0.22104931,0.24408455,0.38102192,45792,0.31276936748246964,2.022394289779502,0.017012631107961335,0.03324093868000033,0.17903646982617083
random_baseline,796,0.7089627553282712,13.782784682658004,0.30028386285018915,0.31456416560776423,0.3931981653636625,0.9247539,13.45453,0.17261249,0.18057151,0.39268345,12017,0.21579114901438012,0.32825492038993787,0.12767137458038325,0.13399265421993922,0.0005147189563443622
random_baseline,802,0.9830747260669958,11.049733130614833,0.27815991784428024,0.2862525764287815,0.32116536970863535,0.043909617,26.439438,0.7142151,0.7172091,0.19399683,69549,0.9391651092986356,15.389704735596105,0.4360551819672737,0.4309565242944851,0.12716853793392374
random_baseline,801,0.6072134226888793,23.2990066410289,0.2419277299949279,0.2829545150412377,0.5643142913424932,0.7560368,21.14094,0.20551921,0.2449898,0.6957994,36901,0.148823395338617,2.1580669285044856,0.036408515722428814,0.0379647175682839,0.13148511900067694
random_baseline,806,0.3501439363150749,26.303396368968155,0.46743342578340924,0.5173237099227801,0.42116464773146317,0.9756968,4.10861,0.23732993,0.26804554,0.44013456,107666,0.6255528658242073,22.194786215769913,0.23010349571634686,0.24927816529845148,0.018969907369931482
random_baseline,803,0.6458175680688646,20.71580568003642,0.308136055930887,0.3120770415644132,0.2583042101753088,0.7745928,18.071827,0.28031263,0.28804195,0.28805438,50737,0.1287752487608168,2.6439787452219683,0.02782342837694718,0.02403509229225742,0.02975016666528263
random_baseline,809,0.965811364240196,4.856054486925018,0.24703043916141107,0.28608392081591905,0.4032874785755119,0.87900984,9.316039,0.31491244,0.3329897,0.29915458,22608,0.08680152136757635,4.459984598463166,0.06788199923122809,0.046905771872069235,0.10413289893607708
random_baseline,808,0.4026036090895323,25.658027905001454,0.46130299269611685,0.463049485942038,0.17155766703652428,0.3101753,23.487408,0.2575705,0.26371363,0.24062292,69523,0.09242830944506208,2.170620220675282,0.20373248755390494,0.19933585788837282,0.0690652557416053
random_baseline,805,0.8212501541282191,13.018395364192507,0.31924449887342593,0.3281089220802072,0.29028570013993027,0.84442824,13.998455,0.2684468,0.28938195,0.38597345,94805,0.023178087124680058,0.9800596834149147,0.05079769578046939,0.03872697098653349,0.09568775338179825
random_baseline,811,0.4976913903340607,18.55344201721682,0.3481528210705925,0.35084623558206235,0.19382110407728312,0.8943548,13.768606,0.20110166,0.20826755,0.33838266,87981,0.39666342991740416,4.7848358313037345,0.1470511603421379,0.1425786809412924,0.14456155726533773
random_baseline,814,0.48388792678903597,26.565954008859762,0.49000265517694364,0.4910310695776269,0.12602349160386045,0.9248006,11.521874,0.29261085,0.29581004,0.20646437,117651,0.4409126479904745,15.044079581064352,0.19739180126649747,0.19522102576582878,0.080440873520842
random_baseline,810,0.15271454360430975,22.485117230829612,0.46464087025491474,0.4655699764221042,0.12223975118517164,0.064878836,31.469406,0.75907326,0.7605523,0.11988958,85613,0.08783570733016272,8.984288897100075,0.2944323871913743,0.2949823106796414,0.0023501714718270617
random_baseline,807,0.25044367337869894,26.13057767087395,0.3184339504579895,0.47301126400319543,0.7300120027269769,0.12962247,23.602514,0.21902262,0.2332851,0.41558295,25569,0.12082119906591665,2.5280634039061773,0.09941133371394806,0.23972616473523584,0.3144290478434014
random_baseline,816,0.9389473792377722,7.4944767307695415,0.25518992883369596,0.26217574723721204,0.29449623145400167,0.9064004,6.6817904,0.32303593,0.3412825,0.34834883,108480,0.03254699671900385,0.8126863789018657,0.0678459967930588,0.07910673967837634,0.053852594715965985
random_baseline,812,0.9450231573427806,12.758070210221042,0.19138857925260394,0.203604401499178,0.38932830348439074,0.26506937,22.355143,0.41623527,0.42139706,0.22063069,24963,0.6799537918413768,9.597072383162747,0.22484668886339337,0.21779265865669054,0.16869761302895403
random_baseline,813,0.6719870710146224,20.669155143708995,0.30747214211853685,0.31760402516861547,0.33438397421607013,0.72885317,22.412672,0.40898433,0.41206267,0.23607117,97900,0.05686609508874063,1.7435168991376848,0.1015121911582118,0.09445864959220301,0.09831280483969684
random_baseline,818,0.5315805625206781,23.5285477799023,0.2355820909659069,0.24667051251871377,0.2870183867568078,0.2996049,27.161652,0.73299915,0.7363239,0.19998428,5034,0.2319756697899652,3.6331038314258244,0.4974170550187428,0.4896533805515072,0.08703410450163507
random_baseline,820,0.7716070675998847,16.905668903776927,0.20681902663313895,0.21258605740626543,0.32794392311140613,0.84841263,13.781755,0.3362932,0.3413659,0.24940942,139307,0.07680556534231497,3.123913456389232,0.1294741640845582,0.1287798462096861,0.0785345008330019
random_baseline,821,0.43412430162141424,23.085761145076987,0.19997641154925985,0.20285039580330758,0.20234372364713255,0.919111,13.938296,0.19545211,0.2457786,0.6171891,117909,0.48498671179106134,9.147464827022787,0.004524302570034694,0.04292820953860374,0.4148453856782764
random_baseline,817,0.14472133503680645,26.459567624140803,0.27449352693424184,0.2774793515801734,0.21858278521652222,0.7450477,18.427143,0.23142125,0.24416064,0.3697407,2985,0.6003263534473855,8.032424527216975,0.0430722798095699,0.03331871432069006,0.15115790954475403
random_baseline,815,0.7216042647839426,20.030822492189607,0.25411641204851726,0.26256381965761244,0.36407729365220937,0.96879435,6.4071527,0.54232293,0.56144506,0.40083265,105978,0.24719008107177032,13.623669839449128,0.2882065216253414,0.2988812377345079,0.03675535939344493
random_baseline,823,0.15446639496464878,23.176960454369617,0.2983997265711452,0.300027335943432,0.15326081380484458,0.06856524,20.088528,0.28423795,0.3512373,0.6128073,18814,0.08590115297217518,3.0884327749262575,0.014161775530877274,0.05120996111467346,0.4595464600599015
random_baseline,819,0.4162720139215956,23.897732577232677,0.3505269853446419,0.35551378635763137,0.26075865274973414,0.5337102,21.072554,0.22283942,0.23162706,0.3489993,1950,0.11743816779150867,2.8251789425891225,0.1276875702712471,0.12388672439455001,0.08824063890866735
random_baseline,822,0.8933711297443897,17.136613908432622,0.3752108240013255,0.3840991902596918,0.3116186923387421,0.60842764,19.9278,0.4346861,0.4449064,0.31795454,82603,0.28494348596844976,2.7911853164208935,0.0594752705211507,0.06080722329545346,0.0063358479139434265
random_baseline,826,0.22594520935194182,26.473323641062372,0.4912495688301213,0.4934198872967674,0.11848465919274977,0.8763121,17.15946,0.2852684,0.300304,0.3220501,86856,0.6503668676934988,9.313863573313348,0.20598117269097638,0.19311589168748394,0.20356543541174243
random_baseline,827,0.8485648391727022,16.23460716743022,0.4356152975136567,0.44690629573912866,0.3434317862774866,0.6343188,13.472824,0.3594784,0.37016496,0.27907407,48519,0.21424601058993853,2.761783070750532,0.07613688345497138,0.07674133511634118,0.06435771343965702
random_baseline,830,0.3712380051590792,17.677773509551756,0.258676748975402,0.26876389338414686,0.2958194692285538,0.45608962,26.069906,0.31231514,0.32281986,0.29118606,12744,0.0848516106627592,8.392132725189455,0.05363838721882713,0.05405596540529711,0.004633404746818559
random_baseline,824,0.668259092571092,19.91639787720187,0.26638878386859116,0.2720169695691181,0.2886420263827617,0.82145,13.168421,0.23924363,0.24505822,0.28763178,73442,0.1531909024698016,6.747977085575894,0.027145157274047704,0.02695874596396214,0.001010246473627796
random_baseline,825,0.973341995113114,6.9738559850519835,0.23659982222022416,0.24508255138955665,0.31625405915515176,0.72168005,23.357052,0.4865143,0.4933935,0.28989962,115953,0.2516619499852454,16.38319586431325,0.24991447788773177,0.24831095919050622,0.026354441721603783
random_baseline,829,0.12830832653786486,29.50304262532397,0.7641887512428622,0.7644820395232429,0.06561548792001516,0.116037734,27.270483,0.28377485,0.31920922,0.36089602,108208,0.012270592685001552,2.2325596083561976,0.4804138984901767,0.4452728214980354,0.29528053320768566
random_baseline,834,0.9659851683688369,11.234652250219526,0.21887477468390296,0.2613704149330265,0.7160848317914307,0.85356927,7.755493,0.33613673,0.35637242,0.39742056,112773,0.112415899188539,3.4791590861570256,0.11726195384125879,0.09500200108641321,0.318664276438266
random_baseline,831,0.14577313178857598,26.063888092152236,0.7121715987014945,0.7129717074672232,0.10390882435706643,0.870743,11.789667,0.24569067,0.2562788,0.30571386,100377,0.7249698448769208,14.274220962635635,0.46648092511178807,0.45669289458193874,0.2018050378236434
random_baseline,835,0.7246966602234929,20.593856261495258,0.22107188656131532,0.22707751665228004,0.3329559422382068,0.95762324,8.153419,0.26627958,0.27977383,0.33879477,93535,0.2329265831084163,12.440437720540668,0.04520769164760802,0.05269631471521263,0.005838825618391108
random_baseline,828,0.08695585504501538,22.570696714125223,0.23322936998777027,0.2604258097856245,0.5647736973569406,0.74386096,19.002542,0.38118413,0.3949169,0.32633984,51313,0.6569051049616985,3.5681542183976838,0.14795476091928844,0.13449108226607226,0.23843385646796356
random_baseline,832,0.5754934010483093,17.69882381659429,0.27831015516358,0.289450603383719,0.2695661968067023,0.2752073,20.45429,0.35408905,0.35837314,0.23320015,59088,0.300286090133316,2.7554665734203567,0.07577889632148166,0.06892253194457387,0.03636604905870883
random_baseline,836,0.8245266177420146,19.527469586367314,0.2781636232418517,0.28784851326962296,0.3047290786434213,0.75669754,21.335297,0.30074644,0.30775917,0.33883518,132823,0.06782908222718309,1.8078270444920612,0.022582817645599496,0.019910652494232017,0.03410610116233431
random_baseline,833,0.6973955985930361,23.200247463058528,0.5005499425608925,0.5016862819410945,0.1428045067514691,0.74618495,20.360664,0.34408638,0.36722383,0.29013935,133311,0.04878934651347022,2.8395830953827463,0.15646356374810255,0.13446245291010395,0.1473348405633655
random_baseline,837,0.07532975935770063,27.018500658511797,0.631469684275911,0.6327126055220369,0.09671027017661742,0.023099452,24.851406,0.22580238,0.25124463,0.48452547,17221,0.05223030710054426,2.167094561099688,0.40566730740957035,0.3814679711321596,0.38781520174911804
random_baseline,840,0.6454920973849669,19.758598667845284,0.22773491493927364,0.23718808635689972,0.2712357486451831,0.85459596,12.818325,0.24743383,0.25743693,0.3455627,94153,0.20910386180158702,6.940273625120675,0.019698911388050272,0.02024884477637054,0.07432694781172611
random_baseline,841,0.338476127957921,17.89700277694417,0.25313013912050136,0.27019608584277666,0.48429135204234736,0.9403198,11.392002,0.20249899,0.22068693,0.38673308,75512,0.6018436485771133,6.505000671231279,0.0506311518034161,0.04950915840499437,0.09755826712527887
random_baseline,842,0.9858882076432232,9.200388536512946,0.255350182976612,0.26250537635952176,0.36756258321725616,0.42115393,24.108818,0.26678827,0.26968887,0.19147865,76472,0.5647342748333934,14.908429517686272,0.011438091073146917,0.007183498123586762,0.17608392847501525
random_baseline,844,0.10549937912267099,31.43348307062273,0.6583000299407573,0.659460341515963,0.1296055100111831,0.9100607,10.393353,0.286794,0.30920726,0.3957936,105476,0.804561324631754,21.040129608403493,0.3715060231162639,0.3502530809072899,0.2661880769581925
random_baseline,839,0.8527545005926152,14.234686895109057,0.28346634692710476,0.3059832004222546,0.40856838050097033,0.2578966,29.48286,0.46107107,0.4671623,0.29477265,112066,0.5948578984388371,15.24817367007649,0.1776047270818369,0.16117911065486334,0.11379572572916552
random_baseline,838,0.3709553876004633,21.60229726865604,0.2590272657439646,0.26640295741676784,0.28175550844349745,0.24263473,29.519373,0.3755339,0.38105866,0.24563609,96556,0.12832065904955237,7.917075671407435,0.11650664286161094,0.11465570571303868,0.03611941780724409
random_baseline,847,0.8428492094409126,16.220542632007202,0.3686123996477581,0.37241388294402783,0.2370914183891413,0.8719783,16.817831,0.40870753,0.41162083,0.17925122,763,0.029129073487554225,0.5972884074215088,0.04009512965865364,0.03920694258507068,0.05784019458657477
random_baseline,843,0.9809212088542708,3.0892317481638756,0.2890441488133771,0.3092281391921456,0.3638594428093732,0.08487059,26.376263,0.23114471,0.24115999,0.3760051,68485,0.8960506170945891,23.287030916631046,0.05789943743814058,0.06806814876226736,0.0121456703154742
random_baseline,848,0.9692929631855229,4.747307540175136,0.49417919201944216,0.4991547420894754,0.22325022412108603,0.9689312,6.4305224,0.21282059,0.24809673,0.4241049,98085,0.00036176506540575026,1.6832149016888778,0.28135860247705324,0.2510580078041208,0.2008546750469285
random_baseline,850,0.36435475685794044,22.453302918666687,0.21468608265195538,0.2196574165579771,0.2687481944819317,0.047785092,20.421333,0.2386911,0.24166697,0.18106031,25487,0.3165696647127359,2.0319696056784053,0.0240050237866814,0.02200955607919941,0.08768788030346492
random_baseline,849,0.21175345705112178,24.237808095835707,0.24539384446662715,0.2694019249510192,0.4717254743867483,0.49768242,21.569908,0.3615298,0.36397612,0.18985586,24340,0.28592896534839907,2.667899953745863,0.11613595284897038,0.09457419599777228,0.28186961570316216
random_baseline,852,0.9465014426104267,8.887281610433128,0.22283903360353785,0.2541324175118783,0.623702474996378,0.8715715,19.498686,0.2766986,0.27976802,0.20913611,84489,0.07492996138255192,10.611404226358864,0.05385955572141332,0.02563560240274876,0.41456636147194104
random_baseline,851,0.898481400723222,8.273142718746492,0.4896969622807534,0.49980703795035164,0.21278111965601376,0.5376436,22.182491,0.31847245,0.32773072,0.32324842,38153,0.3608377892921002,13.909348583743743,0.17122451726961446,0.17207632267554085,0.11046729652936527
random_baseline,853,0.8919152663418533,17.951100451535794,0.20071580586385565,0.21304901799079018,0.3498606509678042,0.65079284,16.507944,0.32262996,0.32648203,0.21391085,103868,0.24112242919890892,1.4431563444801299,0.12191415252733392,0.11343300977829857,0.13594980306550625
random_baseline,845,0.8944108726193933,7.208983174641055,0.27687395958224337,0.2878606442937786,0.2663395735004553,0.97957665,11.570315,0.23809479,0.24375604,0.32002947,9679,0.08516577466225339,4.361332186381894,0.03877916781226198,0.044104603363030626,0.05368989384382877
random_baseline,856,0.9829587047961779,3.304952683555605,0.30991889000287315,0.3382388071569695,0.4922049458346612,0.8733641,16.79779,0.35745344,0.3625271,0.236621,80368,0.10959461387668323,13.492837843788145,0.04753454565653542,0.024288295075009847,0.2555839385113961
random_baseline,855,0.8869393489550615,5.29647336271649,0.2899935074245493,0.2963121918576818,0.24101197276075972,0.9745138,11.792207,0.1928191,0.23915985,0.859066,106438,0.0875744797993635,6.495733401504701,0.09717440382595466,0.05715233959137017,0.6180540367607247
random_baseline,846,0.2786096281216054,23.439316254708352,0.2056353213506711,0.28509137730537515,0.903858095020477,0.8340922,14.111992,0.24512175,0.25166106,0.23655048,67264,0.5554825716807933,9.327324372384133,0.039486425904654204,0.03343031506477456,0.6673076148931424
random_baseline,860,0.9872174144033399,5.919273243159914,0.2224645117952151,0.2559326386259044,0.45259627929198926,0.5321997,21.54472,0.2217561,0.24355926,0.5441949,65042,0.4550177335981336,15.625446452885008,0.0007084111406130411,0.01237338242988234,0.0915985978556853
random_baseline,857,0.6586299888154241,22.24396972844203,0.37799913744137403,0.3810225873676185,0.22689060013995457,0.78526163,21.334183,0.25739732,0.29212683,0.4256872,109773,0.12663164219653877,0.9097869891842159,0.12060181359455702,0.08889575297507091,0.19879659373058986
random_baseline,862,0.9834383324274109,8.60644228509306,0.2823168050340632,0.3387641781346832,0.6972148928582902,0.96783715,5.3407044,0.34122813,0.35134906,0.26815268,1760,0.015601177562145963,3.265737844022503,0.05891132244549002,0.012584877632376146,0.4290622088849778
random_baseline,854,0.6585308684862833,20.54787897399745,0.23328173009263892,0.2441277634452278,0.36337461819923345,0.8876563,10.761479,0.28764525,0.34105346,0.48721147,115659,0.22912540297138884,9.786399596250867,0.05436352046621423,0.09692569262281114,0.12383684763633784
random_baseline,858,0.3098291697967365,24.214430181074075,0.2048527500351178,0.23400241591299895,0.5480845313927246,0.16059752,27.687346,0.26097617,0.26410007,0.20385943,91162,0.14923165171030311,3.472915323686667,0.056123415497948,0.03009765885506746,0.34422509786096345
random_baseline,859,0.8290498492981377,19.27766534977322,0.27326153289867183,0.2866488568286869,0.4867593009551216,0.5559053,23.325321,0.23602277,0.24346922,0.26402178,72703,0.27314456680073174,4.0476558477365465,0.03723876249385616,0.0431796334485981,0.22273751688796767
random_baseline,864,0.1521075218956122,29.336236342127012,0.4078706133278695,0.40868879320795587,0.10736836470589187,0.577371,23.826012,0.49060604,0.4929011,0.1822986,40212,0.42526347934797915,5.510224684412169,0.08273542643462745,0.08421229359929511,0.07493023596778367
random_baseline,865,0.7858695336561385,14.877453705733274,0.2755818581508948,0.2800255892094037,0.210850424738647,0.89458567,10.572203,0.2187717,0.22154397,0.18599872,53188,0.10871613538454139,4.3052510232381564,0.05681016206019657,0.058481621485557245,0.02485170182776597
random_baseline,863,0.6441769414380077,21.59378399325311,0.35727774435093684,0.35985194511972673,0.19375746191419368,0.745625,12.435984,0.27666467,0.28635707,0.37367424,53442,0.10144807763547858,9.157800335416194,0.08061307006886287,0.07349487014375933,0.1799167817743897
random_baseline,861,0.45942245375526847,19.21994339857437,0.2409402219165352,0.2731310551476795,0.409319514944727,0.63611805,16.0313,0.33280832,0.33821538,0.24677224,26042,0.17669560063468515,3.1886438075099157,0.09186809383740158,0.06508432575937922,0.16254727037208755
random_baseline,870,0.1515224941381855,28.146910786835214,0.4020374475257192,0.40821195582848735,0.1856145651644528,0.23206744,19.466583,0.23896624,0.2526363,0.34351712,103587,0.08054494184165764,8.680327534882089,0.1630712060467992,0.15557564239007182,0.15790255948840975
random_baseline,868,0.016490223688355274,25.68901993127116,0.23457675732536046,0.23847986104177366,0.23104781491389034,0.6977721,17.757969,0.28206044,0.309761,0.33477402,92641,0.6812818619783012,7.931051028683271,0.04748368702965053,0.07128112671686282,0.10372620242009403
random_baseline,866,0.4744552839433645,25.18639196561767,0.3564610163186666,0.3740313774642111,0.326813684960194,0.09639364,21.741287,0.29655087,0.33723298,0.46968248,53352,0.3780616465842222,3.4451047341723573,0.05991014637695519,0.036798400312340385,0.14286879990499463
random_baseline,867,0.8704711319443992,15.469163051385841,0.21757469367580617,0.22435046033391867,0.33272848714175224,0.5189391,21.543842,0.21915656,0.27205864,0.7483968,128051,0.3515320540902427,6.074679264287987,0.001581869606206765,0.04770817561616983,0.4156683267277241
random_baseline,875,0.9113670023221031,6.07304100461387,0.2730495855484413,0.2782348268363639,0.22027441222794736,0.650819,20.257727,0.4958973,0.50141823,0.24661198,73112,0.26054799874010237,14.184685664697653,0.22284770754237904,0.22318340608142173,0.026337570356052276
random_baseline,869,0.3762717603501577,26.01834144971113,0.2585386682148575,0.2644236413820608,0.275499559317106,0.053153414,31.729973,0.7333999,0.733961,0.07738414,115293,0.3231183460709352,5.711631389644339,0.4748612594012619,0.4695373447553293,0.19811542269992233
random_baseline,871,0.10101295761217166,23.019923265169055,0.27833175271374905,0.2962940025890053,0.30374146783936806,0.90638757,16.068407,0.3106837,0.318732,0.33904532,2051,0.8053746099079699,6.951516206453235,0.03235194474833286,0.022437990847808065,0.03530384814154319
random_baseline,877,0.7517184818264371,19.918104041090235,0.24364842426261224,0.24939214598512707,0.2415996056945774,0.342903,26.628868,0.39753038,0.40638548,0.25310308,115365,0.40881549363101777,6.710764061937109,0.1538819526485511,0.1569933353724474,0.01150347171707422
random_baseline,874,0.9810061442996701,7.358443577128504,0.2091387688958271,0.2428948835041695,0.584087076383252,0.85354733,19.06421,0.4626057,0.46555114,0.19158868,76273,0.12745880962864964,11.705767314595128,0.2534669459021465,0.22265625442002485,0.3924983914667557
random_baseline,872,0.15945753492639292,24.97620287391817,0.18979774225558116,0.19663976207276773,0.2920935158658314,0.5073852,13.901996,0.2419418,0.24626032,0.23392703,24942,0.3479276593752123,11.074207215043657,0.05214405249749349,0.0496205531070571,0.05816648947480202
random_baseline,880,0.29245029608271417,27.407438300744218,0.3027402100716405,0.30526576025796803,0.2058927334386303,0.6515215,21.068537,0.32093278,0.32567686,0.2018101,52668,0.3590712078426093,6.338901542321366,0.01819256566421462,0.020411098167172348,0.004082626803536604
random_baseline,873,0.32718032987921114,21.384751177817936,0.2223667121055727,0.25667228805561876,0.5502944080400286,0.99382055,3.8106523,0.26952228,0.29201302,0.48818466,134292,0.6666402181783451,17.574098921805973,0.04715556739538859,0.03534073126773024,0.062109747366887125
random_baseline,879,0.5963250702727916,19.271730847889792,0.20520032900786625,0.21555968851873653,0.3921272913988535,0.061811052,29.63626,0.6677872,0.67281103,0.25139996,77374,0.5345140180100085,10.3645282310897,0.46258686524414794,0.4572513428228162,0.1407273273046915
random_baseline,876,0.9753648116721874,10.448086691095668,0.24146409428142712,0.25219656930935835,0.33693358933730133,0.6937452,22.419998,0.2567039,0.26568314,0.27450764,26521,0.28161961580655626,11.971911477849645,0.015239818930395388,0.01348657502162004,0.06242594754500397
random_baseline,883,0.5516331927180446,24.171546632519686,0.4552337776301768,0.45825741513981166,0.19034283799984694,0.42081887,26.239532,0.23760197,0.24084072,0.20013571,67472,0.1308143274188197,2.0679858381834393,0.21763181196435955,0.2174166969896728,0.009792869855377667
random_baseline,885,0.18484690674305357,23.87972331346373,0.2010760868672317,0.210978686717168,0.38097883673488603,0.9488196,4.9630165,0.24212018,0.24945453,0.25098795,84999,0.7639726709508856,18.916706803453966,0.041044089686494506,0.03847584137617002,0.12999088974773393
random_baseline,884,0.3212289190165098,24.716982496113815,0.3203815255407282,0.32823973701590337,0.23835744176239426,0.017825283,26.125927,0.22655857,0.2361176,0.2730388,52898,0.30340363590636804,1.4089444753217322,0.09382295944728336,0.09212213562125005,0.03468136276870315
random_baseline,881,0.13296571220033437,25.429348767978052,0.3153529858808145,0.3197327360893538,0.20548029997334735,0.8444077,8.516929,0.24276932,0.26099914,0.34991148,19298,0.7114419654501173,16.912420095187525,0.07258367004200073,0.05873359296572711,0.14443118116869672
random_baseline,878,0.6236085111201963,21.233631529036902,0.3909441152767829,0.39469938742973865,0.24442996311029191,0.27372476,24.000326,0.20137854,0.21115078,0.39044908,102324,0.34988374653470133,2.7666946275793087,0.18956557607218544,0.1835486071095711,0.14601911378065352
random_baseline,886,0.0925499742857443,29.938961219583174,0.3037514969975279,0.3401629014291749,0.4353432164911898,0.350924,24.36004,0.23318832,0.28073177,0.5937065,101521,0.25837401095709933,5.578920554910322,0.07056318077152235,0.059431134013174514,0.15836327211812418
random_baseline,882,0.7882583353622058,18.01707765306019,0.25698491894519265,0.2780596011468616,0.46826395374361907,0.9206972,12.252737,0.29845813,0.30658802,0.27705142,62663,0.13243887685703248,5.764340607772105,0.04147321022236411,0.028528422754124094,0.19121253472391997
random_baseline,891,0.5256791092885692,24.69333190827652,0.3115340787968729,0.3147335594363588,0.24401543723732955,0.42245373,27.07853,0.3918988,0.39852232,0.27256495,136587,0.10322537799012255,2.385197449633637,0.08036473206662198,0.0837887579731566,0.02854951036780351
random_baseline,889,0.969326318740795,9.794696186615774,0.1937916504738293,0.20256139521949845,0.3519125412779308,0.9641086,8.87326,0.24907732,0.26304534,0.33602992,54182,0.005217732429454669,0.921436642243215,0.05528566962504766,0.06048394555694503,0.01588262427620657
random_baseline,887,0.16570950575924348,27.61089819440424,0.6029264295879928,0.6059014379432522,0.19813136733103695,0.19161612,26.645922,0.21861313,0.22262764,0.22896549,92906,0.02590661219501067,0.9649764872509188,0.3843132967535583,0.38327379817274443,0.03083412372540531
random_baseline,890,0.18309693105851146,22.794065217166672,0.3646363863517274,0.37852864531471714,0.3043940702607295,0.4862936,18.252342,0.33568993,0.33775452,0.17704211,93721,0.3031966828521636,4.541722993045578,0.02894645424380199,0.04077412752106174,0.1273519585063121
random_baseline,894,0.5729588971555529,18.461499473514035,0.1878453060009358,0.19120849804918424,0.25266470728906804,0.2633009,24.253426,0.19633445,0.23374833,0.6281728,50398,0.30965800146463496,5.791926124630496,0.008489145436060663,0.04253983361680849,0.3755081075569708
random_baseline,888,0.20359512693077103,24.24823982041473,0.3812128032354501,0.3831148676351719,0.14328795536111916,0.7331022,15.036664,0.409893,0.41562188,0.29244965,61784,0.5295070754846953,9.211575811320493,0.028680202850899394,0.032507009081441884,0.14916169778753197
random_baseline,893,0.7001207277256173,23.32831933900088,0.2584375154479897,0.26056333714242913,0.21541292615765503,0.6609482,21.936636,0.19643714,0.2357703,0.6441909,102203,0.03917251081048667,1.3916833679315452,0.06200038010920644,0.024793037111720817,0.42877798132067746
random_baseline,892,0.8317054136944623,20.3059127653188,0.2953665171739172,0.3074181456867521,0.34505842550019367,0.48899835,24.991411,0.80181074,0.8022883,0.0826577,44451,0.34270706021316955,4.685498443787644,0.5064442242506433,0.4948701481517489,0.2624007232330237
random_baseline,896,0.8173763367401353,18.851588227723845,0.23481674229977376,0.24829611355589495,0.36870466478058467,0.9502686,8.629272,0.2138359,0.22741826,0.41195667,130104,0.1328922894729384,10.222315766786345,0.020980847238280836,0.020877854769693477,0.04325200311950078
random_baseline,895,0.2920225176173902,19.865567271277634,0.3265266563565736,0.33083132485982725,0.23344629938749192,0.1413921,24.822742,0.21169795,0.23587182,0.5546853,89024,0.1506304207402921,4.9571751908805695,0.11482870539736795,0.09495950321790525,0.32123899524065136
random_baseline,900,0.3724126358752736,28.143777496143027,0.6396418876975173,0.6437171467995753,0.20091657121647763,0.7316212,19.277857,0.6905189,0.6919804,0.1038763,52511,0.35920856993145855,8.8659206693608,0.050877027955711474,0.04826327474354608,0.09704027106036114
random_baseline,901,0.8053286248341797,11.973825715872927,0.36332872694215296,0.36690575667211534,0.1939913146553161,0.64228195,14.925413,0.2727037,0.2867194,0.40805823,100861,0.16304667531406858,2.9515874158409403,0.09062501972398279,0.08018634506055833,0.21406691145323492
random_baseline,897,0.5922776109904766,22.344422792006352,0.2022806841880322,0.23799020581814972,0.5779462723520987,0.12520073,27.29738,0.3038398,0.334308,0.34787557,2777,0.4670768774480343,4.9529576553813435,0.1015591185539722,0.09631779260065826,0.23007070706164767
random_baseline,898,0.9782464866130763,11.992277364481602,0.5104986096979844,0.5172217716632319,0.347601289863579,0.26709038,26.192656,0.39399448,0.40058836,0.23450056,41400,0.7111561064212734,14.20037819887289,0.11650412932650922,0.11663340825418955,0.11310073267935966
random_baseline,905,0.3999763292792175,21.841782893934262,0.28213023259949604,0.28644257298025916,0.21528716998996206,0.69967145,22.643763,0.5616817,0.5639726,0.14573354,44605,0.2996951179978516,0.8019796945667146,0.2795514552323826,0.27753001937356164,0.06955363470019765
random_baseline,899,0.6886296362649212,17.70379547731914,0.2405563130747124,0.2557055589070189,0.5428283710069841,0.319169,25.13501,0.3804939,0.38441417,0.27467406,124523,0.3694606215726147,7.43121428830586,0.1399375960458473,0.128708607305063,0.26815431304647386
random_baseline,902,0.25513022851941214,23.78691553995151,0.22718855296182588,0.23307472660529321,0.2681963917143816,0.92528313,10.389412,0.26914302,0.2810756,0.33944628,60811,0.6701529054641999,13.39750361368198,0.04195446218442961,0.04800087020409399,0.07124988471193372
random_baseline,903,0.20951521077074925,29.70479191086921,0.27004576089481613,0.27156735805180027,0.12564228267980285,0.7650523,20.311796,0.44187534,0.45800036,0.43461862,133936,0.5555371078022489,9.39299572251472,0.1718295776595662,0.1864330038676028,0.30897633938478763
random_baseline,906,0.4441868230809653,28.224836841632104,0.36591425605875016,0.36829607765234745,0.19877000945760145,0.7914802,17.64273,0.2691887,0.30782408,0.6656633,126199,0.3472933605204141,10.58210612874148,0.09672555395227433,0.06047200243033207,0.4668932924871312
random_baseline,904,0.5186480502820676,22.93370330275451,0.29261582155932775,0.30940850287446203,0.3348014277768494,0.48038563,22.155483,0.19206777,0.21685629,0.5104086,10666,0.0382624189592069,0.7782200569048996,0.10054804940928808,0.09255221694478216,0.17560715252634274
random_baseline,911,0.5863672179973414,24.697410291282274,0.4121401776411027,0.4140772829955032,0.20696961285835438,0.9524215,13.368615,0.23082398,0.25026196,0.38930023,59237,0.3660542683803747,11.328795140830614,0.1813161988594026,0.16381532058171538,0.18233061430686778
random_baseline,912,0.9209151811906537,9.280082173286672,0.27052121265394763,0.277539666287078,0.267580218730475,0.5643141,22.478079,0.26913533,0.28150517,0.42108068,118467,0.35660105422226995,13.197996668876414,0.0013858865068681614,0.003965501197205457,0.15350045997092576
random_baseline,907,0.12113842071248113,20.66625360735067,0.21108803219187663,0.22298621288061496,0.28103419935186197,0.30423313,21.457003,0.19765507,0.22261463,0.5138273,63436,0.18309471308039607,0.7907490324198392,0.013432965344075426,0.00037158182382937555,0.23279312456171225
random_baseline,908,0.6824455579549374,23.34751482841679,0.22561216155873148,0.23016518290688215,0.24947769455729663,0.937046,13.042496,0.25015235,0.27515495,0.4343688,52149,0.2546004334658084,10.305019100877729,0.024540187913314415,0.04498976532767596,0.18489109463871778
random_baseline,909,0.2529499487207218,23.44371525381661,0.39124255431149774,0.40402827232321215,0.2691373807877871,0.9067012,14.220901,0.22612058,0.2293623,0.21165399,762,0.6537512584402279,9.222814718233113,0.16512197804902368,0.17466597824533892,0.05748338825410332
random_baseline,913,0.869422033340063,7.927288243663668,0.2493518961237963,0.2613202831114671,0.29596836727073983,0.6933662,20.204279,0.2957316,0.29875898,0.20201619,133559,0.1760558038059138,12.276990702259184,0.046379707975477386,0.03743870050059345,0.09395217757633523
random_baseline,915,0.20530182538934802,28.419415002599152,0.2949193609034577,0.30163887422463476,0.27496009953211803,0.79990005,19.064789,0.24423046,0.263869,0.46965408,138145,0.5945982295422926,9.354626184239777,0.05068889680262001,0.03776988666436254,0.1946939837198351
random_baseline,910,0.23712188580614124,26.34286359933585,0.5368238372845539,0.5399890892367107,0.18706161800940269,0.36828646,21.711596,0.30979657,0.31346068,0.17294703,39285,0.13116457483190502,4.631268064057529,0.22702726555298647,0.22652841137454338,0.014114583769633704
random_baseline,914,0.6625907856349533,18.024261002979696,0.45163358343827226,0.4577919055509147,0.23891135481040504,0.27560154,27.171581,0.28137264,0.292628,0.311852,69483,0.3869892495994156,9.147320265330851,0.1702609468816469,0.1651639153050956,0.0729406532939193
random_baseline,919,0.16462555365805404,24.768042315081974,0.42446822777360355,0.44747204479384445,0.3539376712637338,0.55046326,21.28202,0.25466776,0.3815084,0.77048755,51180,0.38583770556206926,3.486021746234318,0.16980046883195316,0.06596363481688522,0.41654987565704255
random_baseline,920,0.49529083496068743,19.866544236523772,0.3352110647712868,0.3489704017344609,0.34974119205042026,0.34522092,19.425344,0.2902765,0.3118679,0.37322077,57088,0.15006991153692034,0.4411997693606864,0.04493456716882405,0.03710250899230394,0.023479579500711945
random_baseline,916,0.9789332224178521,3.0879752251700765,0.2949480330634954,0.3697806270109301,0.6192810288038935,0.9726848,8.115215,0.21439141,0.2296534,0.46081564,38619,0.006248421793004666,5.027240076343595,0.08055662271269581,0.14012722384797388,0.15846539050013675
random_baseline,921,0.9761393956716113,10.462657232618767,0.24949285611151137,0.3066406882385414,0.7863052050879112,0.95348847,9.310511,0.26995516,0.27849934,0.33283037,79504,0.02265092654777101,1.1521465972427904,0.02046230212213121,0.028141353187958518,0.4534748356154076
random_baseline,918,0.9360639297120401,13.384267971147587,0.3243873389219486,0.33591366791588895,0.41728364812869306,0.89234406,14.094269,0.23430258,0.2724958,0.5058347,43340,0.04371987215207307,0.7100008276805383,0.0900847585653507,0.06341786169869534,0.08855105054836993
random_baseline,923,0.9719891462409228,8.890409039438957,0.19529014922385485,0.21389016741422806,0.44657069604946115,0.9584068,12.775544,0.22926243,0.2377723,0.34893048,29896,0.013582340248796343,3.8851351271259844,0.033972277271697215,0.023882133425196073,0.09764021795345285
random_baseline,917,0.4066909442786383,20.046426201904186,0.24788584349374568,0.3029061762592451,0.6733682144983341,0.98416114,6.6782737,0.23772535,0.25999463,0.5395078,72648,0.5774701942559076,13.368152524078258,0.010160496213243358,0.042911550214018046,0.13386040819721712
random_baseline,922,0.9428268012077531,15.47906249457536,0.55141009816323,0.5551014486237982,0.21414982751500636,0.36817273,28.30994,0.54987913,0.5559186,0.22626477,40239,0.5746540662319383,12.830877843559406,0.0015309644619054819,0.0008171257093927409,0.012114947284340566
random_baseline,926,0.7739600538646467,22.778982754950714,0.5198651176989887,0.5229317858639956,0.20327471937815578,0.29377827,22.710182,0.6261268,0.627213,0.11448529,112163,0.48018178338162976,0.0688005650093082,0.10626170811049007,0.10428121538722512,0.0887894257513705
random_baseline,924,0.7201699780840515,22.324074328362354,0.3528623402078081,0.357497885717092,0.20481886252429068,0.7681941,19.173077,0.34699196,0.3536294,0.34229916,138967,0.04802410131505741,3.150997698723682,0.005870383973829829,0.0038684754502157914,0.13748030081723153
random_baseline,930,0.9155832088389516,15.432461238413516,0.2557514916190583,0.26055193350810474,0.28940640058754047,0.96003556,9.013746,0.2769589,0.2871578,0.3111648,138672,0.04445235367630718,6.418714976816837,0.02120742099194939,0.026605870265775267,0.021758395764846006
random_baseline,928,0.9879149791440569,6.321833184601672,0.3175616305303115,0.3846168047414654,0.6476354553064047,0.9796422,5.790053,0.2850356,0.3373104,0.57048786,70155,0.008272766753157246,0.5317802938240845,0.03252602033133689,0.04730640115603146,0.07714759844147545
random_baseline,929,0.652638240158512,20.882585742001794,0.25105588394917033,0.2546586719847817,0.2529709848368111,0.42345348,21.559727,0.3755888,0.618945,0.8331574,40510,0.22918476015324774,0.6771409730860967,0.12453292053424336,0.36428633057106546,0.5801864353215751
random_baseline,925,0.2379071497204027,29.151517177316993,0.6308054043050739,0.6339363728871821,0.1517394517931288,0.2922149,29.64516,0.5304479,0.53441167,0.2168727,117608,0.05430775053480055,0.4936434977318349,0.10035750400981636,0.09952470410971626,0.06513325521618668
random_baseline,927,0.375241522066164,22.073173909655328,0.2223478715061994,0.22725392078842743,0.2368560152535291,0.6032759,17.84656,0.19881113,0.20207034,0.21257631,122448,0.22803437305254937,4.226614385119195,0.023536742770657093,0.025183580274244388,0.02427970044659092
random_baseline,933,0.5486208556542589,19.142818289984955,0.20800047292959323,0.20989246779888404,0.178526434766473,0.39827037,19.743946,0.25387603,0.30252802,0.56595707,22533,0.15035048707820908,0.6011277854544979,0.04587555751550565,0.09263555592090356,0.38743063463049965
random_baseline,931,0.7684182322310531,19.971831991529598,0.4689913554618122,0.47730619584946044,0.3297063289210576,0.5821299,22.811275,0.2210041,0.22572014,0.24069737,111728,0.18628833654394983,2.8394434906481365,0.24798725680801886,0.25158605849174864,0.08900895994160357
random_baseline,932,0.34031271290869713,26.260300550568854,0.35661711736152274,0.36351124486604997,0.2424114981105253,0.6481691,18.81404,0.2956493,0.30428904,0.30844465,81374,0.3078563873758793,7.446261320222174,0.06096782727668387,0.05922220191637345,0.06603315087056907
random_baseline,937,0.9165182353701259,8.74303980343685,0.25812521123818283,0.27011527316373724,0.2945456114570417,0.4935942,20.449076,0.27239332,0.27420944,0.17110798,20756,0.4229240359511043,11.706035895415688,0.014268104792319491,0.004094166590748849,0.12343763382833384
random_baseline,936,0.9894972858340844,4.875210495862355,0.22226321673859184,0.23381735440396517,0.3716958617838981,0.7122578,16.15376,0.32974997,0.3358979,0.30678007,114564,0.2772394833476647,11.278550414171825,0.10748675488959725,0.10208053830958158,0.06491579171744605
random_baseline,939,0.9497366678680078,5.105897457244303,0.271742617855798,0.28550373270744783,0.3662782318811842,0.7475401,17.135298,0.23057887,0.23787525,0.29825774,60156,0.20219655155788818,12.029400318024251,0.041163748274575473,0.047628479745335406,0.06802049352936229
random_baseline,941,0.1406586980206537,25.23227426937682,0.251400542574313,0.2677911850302109,0.3688445037931887,0.69275993,11.825057,0.31477907,0.32326886,0.23546235,4612,0.5521012330668402,13.407217239652699,0.06337853042564123,0.05547767554832611,0.13338215115971247
random_baseline,934,0.4900999855402882,21.738203171684656,0.6623935676176733,0.6639613101570575,0.12561703603632016,0.9595471,9.739053,0.3211356,0.32575026,0.22983202,78734,0.46944711691103624,11.999150399162684,0.34125795727564756,0.33821104861187623,0.10421498734586673
random_baseline,938,0.29672252544773803,23.87444449149643,0.2099181839444293,0.22103847051103018,0.4948458221839156,0.54899615,22.752865,0.25121728,0.26598427,0.38069707,31889,0.2522736250458838,1.1215796538499454,0.04129909191349612,0.04494579648535349,0.11414875063163898
random_baseline,935,0.8645227193844276,17.073662228583785,0.20882106869057598,0.2335344418850664,0.49097634566579157,0.90963435,14.774024,0.39075086,0.39853978,0.22460996,95851,0.045111632345919084,2.2996382188791955,0.18192978651686725,0.16500533968536818,0.266366389520505
random_baseline,940,0.4857275184494711,14.589596436290385,0.2726813372848447,0.29142916675281283,0.4112004149213885,0.034491178,21.069416,0.3197381,0.34318835,0.31456754,100972,0.4512363408011652,6.479819609852193,0.047056752753454834,0.051759178679468665,0.09663287880574212
random_baseline,943,0.5690539329885432,20.24666310076072,0.2673543203514701,0.2722844036705687,0.24099022727073965,0.97834504,11.321638,0.3334958,0.34195074,0.30408514,33123,0.4092911035181096,8.925024993460916,0.06614147537530601,0.06966634071991895,0.06309490818916025
random_baseline,944,0.651129444452109,24.653342188842792,0.6191457397019783,0.6205994651383813,0.1565570196876661,0.38895562,22.45186,0.33418542,0.3394896,0.24024624,63373,0.2621738215406557,2.201481760986347,0.2849603182351509,0.28110985613531425,0.08368921663664419
random_baseline,946,0.8899798191052263,15.702144900622251,0.2933606510005955,0.32775826896847365,0.6220689352005201,0.25230572,22.778788,0.28079793,0.30474338,0.4330975,70399,0.6376741028290575,7.076642712292788,0.012562722428894446,0.023014889613996725,0.1889714236705976
random_baseline,942,0.8286180947424007,9.92174600277567,0.29228428318513644,0.302424066420273,0.35611587695969527,0.17161937,27.450245,0.30578044,0.30876613,0.16015938,33462,0.6569987241626811,17.528498900788783,0.01349615738378751,0.006342060212417455,0.19595649771584456
random_baseline,949,0.9189953627102325,5.257738243980107,0.27868022400422676,0.2982569319843626,0.3522581588625708,0.8047017,19.57317,0.40438575,0.40835792,0.2711665,21079,0.11429367680477598,14.315431464271846,0.12570552152113335,0.1101009862781191,0.08109165543315794
random_baseline,950,0.0979134291661088,31.43328859074206,0.7772163666729063,0.7778671371516187,0.07876156293186488,0.8506357,17.036924,0.24177907,0.26218128,0.4030643,83613,0.7527222782122787,14.396364228559442,0.5354372926000684,0.5156858551081617,0.3243027476188248
random_baseline,945,0.7915310484189593,18.080992953552066,0.2079744667422055,0.23563162367204094,0.4440066201617075,0.9815074,6.5414824,0.22938833,0.2766466,0.6662839,67724,0.18997637212089669,11.539510504974185,0.021413859664273394,0.041014990402666096,0.22227728534442653
random_baseline,948,0.06904496148206968,27.279296057402753,0.2614416635633706,0.26382171066175875,0.15384955853199908,0.82101154,10.389992,0.39539912,0.40065783,0.19587244,30393,0.7519665817918562,16.889304297148847,0.13395745986688146,0.13683612196076933,0.04202288240218213
random_baseline,947,0.29630902789956787,19.984482560247994,0.21234177962846604,0.21467175788402873,0.21052715674239011,0.9804085,8.046389,0.27094376,0.35258675,0.7262613,70753,0.6840994618045642,11.93809393414936,0.05860198124342117,0.13791498833179158,0.5157341609875599
random_baseline,951,0.013654418653172825,27.63653792663474,0.19791300454679683,0.20398315020322794,0.25555992800133276,0.27722174,27.01156,0.75704265,0.7580726,0.1266458,14927,0.2635673206389719,0.6249774865712645,0.5591296418612842,0.5540894644665719,0.12891412454979467
random_baseline,954,0.9681980318256427,7.667811548605741,0.2079239641410975,0.24543934098638448,0.6126089542121619,0.17678416,23.257652,0.25689152,0.26303113,0.26592356,110804,0.791413874072652,15.589840734109103,0.04896755469015554,0.01759178408228007,0.34668539454648195
random_baseline,952,0.8589928414819058,15.225246427754534,0.2259879166082742,0.2416648487170323,0.471383247621798,0.7258901,19.339994,0.18591307,0.19534288,0.36535096,66599,0.13310274147961698,4.114748002787458,0.040074845571935386,0.046321965249358055,0.10603228593661734
random_baseline,956,0.8591152268278471,20.116085628821462,0.22340457187577042,0.23826281493925214,0.37446202266142686,0.89216834,17.034542,0.3264587,0.33026856,0.22967462,116110,0.033053116239322056,3.081543545081228,0.10305412067488876,0.09200574690080524,0.1447874002449306
random_baseline,957,0.9132300910074086,12.023494638474986,0.23864909636994358,0.25234202673340433,0.3888718704448723,0.8737547,10.102742,0.36118668,0.38821444,0.33712333,112198,0.03947541085070083,1.9207524433455916,0.12253758680800442,0.13587241242026693,0.05174853603706592
random_baseline,953,0.07719175631067958,25.929342950966216,0.22804840912324598,0.23660247450157218,0.3530955222209565,0.13044788,28.727377,0.28851244,0.28985053,0.14224637,35027,0.05325612312295232,2.798033986899995,0.06046402941244433,0.05324805850700326,0.21084915667377635
random_baseline,955,0.8561885681518904,11.69607574552073,0.2423071780950228,0.25497817547084795,0.3351073231445896,0.106921494,25.175964,0.23720576,0.25686738,0.43085557,20639,0.7492670741447798,13.47988860994802,0.005101419404188762,0.0018892034792710732,0.09574824907907376
random_baseline,960,0.5452624240432923,18.552464827782067,0.24752192867710965,0.24983811730449215,0.16479584804587058,0.8562495,13.823387,0.25637937,0.279719,0.53630334,129166,0.31098708719862056,4.729077681785974,0.00885743724391086,0.029880877789807164,0.37150749334283184
random_baseline,961,0.6410387257346049,17.424373251905855,0.3209550464501413,0.3240082710170906,0.213107435554274,0.8766431,15.198413,0.22010013,0.223847,0.2641178,63964,0.23560439550791834,2.2259603567032187,0.10085491183901152,0.10016126922609025,0.051010371595613085
random_baseline,963,0.921868715095907,16.947165942222682,0.2670377237475417,0.26960244320953153,0.20290789650991128,0.0506878,24.407324,0.20697156,0.21413006,0.32013997,91338,0.8711809140030439,7.460157895057591,0.060066167799284254,0.05547238432491086,0.11723207784578635
random_baseline,964,0.1470332916130409,27.083986119259002,0.5577070442996993,0.5815418736204383,0.35642824343225354,0.5530839,26.548082,0.42476973,0.42730507,0.19291241,125504,0.406050605023922,0.5359037675744318,0.13293731492386007,0.15423680107443305,0.163515828762263
random_baseline,958,0.16318539009155292,20.548239656381153,0.4265285905308415,0.43161011053091275,0.18569778624443375,0.6247369,24.078648,0.48511598,0.48675308,0.1612137,3641,0.4615515150064085,3.530407957144238,0.058587384610683746,0.0551429657840134,0.02448409024147355
random_baseline,966,0.306488706996587,22.685775281301495,0.32745775632955426,0.33343513260254526,0.23777072365177065,0.53785443,25.54105,0.5453327,0.54644996,0.1428948,37554,0.2313657260631054,2.855274675973895,0.21787491388223773,0.21301482667556143,0.094875919174079
random_baseline,959,0.9530813544876553,11.540054004409157,0.33902841383600746,0.34313630384338073,0.20562785410127457,0.7837815,19.704144,0.4285409,0.4333179,0.24493283,97943,0.1692998260147549,8.164089519760765,0.08951247161244835,0.09018159586059876,0.039304976232435146
random_baseline,962,0.746798464698196,19.52899012526602,0.4380841338501902,0.4478808868454352,0.3956248380987631,0.86947787,15.917178,0.21835071,0.22345679,0.2697422,55122,0.12267940338194316,3.611811971274321,0.21973342536554052,0.22442410176261812,0.12588264726090298
random_baseline,971,0.9595611143034599,9.93106948203971,0.2645731541301958,0.270748140047207,0.267639911757971,0.29423884,27.709335,0.30042893,0.3032192,0.17075296,63676,0.6653222787302635,17.778265845108727,0.03585577281453689,0.03247105913339604,0.09688695429470656
random_baseline,968,0.6616062615628043,18.643669234221935,0.23245297795351438,0.2801389617613744,0.7089181749273226,0.7613112,19.206514,0.27873358,0.29800326,0.44611934,13892,0.09970491187622155,0.5628451242985726,0.04628060335103579,0.01786429455957894,0.2627988366533205
random_baseline,965,0.0823880195657813,21.097801825716942,0.22329789923014626,0.228064406791751,0.23719709562620875,0.9210695,16.164253,0.30663526,0.3092137,0.20700629,7024,0.838681483264724,4.933548590853661,0.08333736135182396,0.08114929111855784,0.030190805071208443
random_baseline,967,0.9912137070866898,2.4590797532671047,0.44088293681933227,0.509197347677607,0.5337334472516772,0.8292622,17.561625,0.20040555,0.21771908,0.5097958,36100,0.1619515100690201,15.102544773710434,0.24047738383604828,0.2914782696136422,0.023937662301420803
random_baseline,970,0.9444436786807776,15.700950380245175,0.21645455874226052,0.22746921666231937,0.3880474389737888,0.16355546,26.235617,0.29262534,0.29364786,0.11724969,34601,0.7808882204927207,10.534666303714786,0.07617077909686606,0.06617863885792905,0.27079774897754627
random_baseline,969,0.33952785386943957,27.78588522495535,0.33461562794133826,0.34589063300532574,0.30688745254352,0.06924335,24.13663,0.22386958,0.26898915,0.65000165,121660,0.27028450473451754,3.649256120341093,0.11074605089112921,0.07690148724955792,0.3431141925446758
random_baseline,976,0.7747416371738448,13.555376303600006,0.2685871947326783,0.296201901237356,0.374279992171213,0.7302237,18.54206,0.1977592,0.22062029,0.46663278,27429,0.04451792186851644,4.986684548450775,0.07082799857045446,0.07558161179243261,0.09235279124172036
random_baseline,973,0.983081201329525,10.384276424731802,0.30900345315828237,0.32012942791112076,0.44253298404739594,0.89209133,18.385166,0.47311878,0.48095503,0.2848858,88392,0.09098986746340565,8.000889743481089,0.16411532888517466,0.16082560658327927,0.15764719012306427
random_baseline,978,0.562840389381368,24.3446612902531,0.35694907150054206,0.3619910174287089,0.2432293335453231,0.7479091,19.241869,0.19327994,0.25706863,0.90497833,2819,0.18506873928455603,5.10279231747478,0.16366913459086646,0.1049223833955058,0.661749001358394
random_baseline,974,0.29607079373530104,25.027630865215524,0.24226892993226498,0.28655141719879945,0.5225334865201954,0.178642,27.147287,0.93290675,0.93363845,0.088856325,23861,0.11742878900698378,2.1196565035588897,0.6906378169320538,0.647087036284782,0.4336771619667057
random_baseline,975,0.8523986499891396,12.3588647571041,0.3023036816560934,0.3191795705501771,0.3632389992759087,0.99204063,7.0438666,0.17539856,0.2104582,0.7355865,102119,0.13964198416613383,5.314998122735204,0.1269051232778738,0.1087213663999772,0.3723475247337959
random_baseline,972,0.9665815017961702,3.5458289770738247,0.242760757252132,0.3147757425482554,0.7729572765230618,0.9782174,3.4259353,0.28566405,0.31918043,0.3905963,118505,0.011635921166018526,0.11989370867172511,0.04290329451903194,0.004404686433525595,0.38236097615952114
random_baseline,977,0.9566984034058795,12.862890387561627,0.2128451091635198,0.24865840154429894,0.653059544521318,0.39733192,27.27248,0.48501095,0.49722373,0.32870194,72920,0.5593664801594959,14.4095896234247,0.2721658425939112,0.24856533331135292,0.3243576013622146
random_baseline,981,0.12987160882278492,28.756861169291998,0.36424494993511614,0.36539919949244515,0.13965349131623497,0.9601258,5.605202,0.3749286,0.37965736,0.2405342,35042,0.8302541951246638,23.151658971263434,0.010683643700442946,0.014258158438691937,0.10088070994814644
random_baseline,980,0.5164826754909563,25.740211857981116,0.27661414826065744,0.2870584466318204,0.28128326584265767,0.726082,21.71793,0.22893505,0.23415019,0.2711679,49627,0.2095993514675093,4.022282017893225,0.047679100276534214,0.052908260450751976,0.010115361704092607
random_baseline,979,0.9046533378810779,4.240826570511139,0.29661407705381326,0.30739059509460426,0.24384779105562737,0.36181617,17.521343,0.21418272,0.22137085,0.3264155,55034,0.542837170049657,13.280516660690033,0.08243135746553354,0.08601974906150794,0.08256771792989204
random_baseline,984,0.38279984708263315,25.150364992534087,0.3289707337565446,0.35013191690652984,0.36169161985526904,0.2193006,26.643793,0.29975104,0.30524713,0.21111889,63773,0.16349924917652048,1.493428113545015,0.02921969043684247,0.044884788896733696,0.15057272802005633
random_baseline,986,0.9025452244595783,14.426703503767115,0.19628095822299982,0.21314392419380015,0.4385425449636973,0.6973837,18.714375,0.24919657,0.2569734,0.3447105,40013,0.20516152265827825,4.287671038469213,0.0529156158689115,0.043829461617051896,0.09383204591546429
random_baseline,987,0.4368178133874707,22.587827562037774,0.21136161920928032,0.22572373935279125,0.4222482326368343,0.9020502,18.782125,0.42976412,0.43459922,0.24769625,42403,0.4652323837370105,3.8057020890153126,0.21840250256157845,0.20887548139992482,0.17455198195972554
random_baseline,988,0.39370830238526433,26.305330342675056,0.5106025872343818,0.5137893768660963,0.17304241792417893,0.54142725,21.67643,0.3271299,0.33034238,0.193406,102181,0.14771895229155452,4.6289005941399,0.18347268677890693,0.18344699467348458,0.020363582809196618
random_baseline,985,0.39082026674711595,21.867056662916617,0.2973376973676525,0.30108412632812903,0.19213963976155438,0.7443527,23.100006,0.2890042,0.31640932,0.37108287,66000,0.3535324315789949,1.2329494405990076,0.008333490710242808,0.015325193311076901,0.17894323239077412
random_baseline,983,0.9590447323601698,7.52843947760573,0.2754370891008011,0.296521821172443,0.5250598237542038,0.29424864,25.666697,0.46813968,0.47378114,0.19244988,40370,0.6647960918229079,18.138257070856184,0.19270258913902127,0.17725931748608054,0.3326099411276703
random_baseline,982,0.9871050795003402,8.851210602957075,0.22095347543900912,0.24140820724021703,0.5144829846899099,0.97581416,5.2510104,0.36895105,0.38628113,0.37772638,36919,0.01129091581549524,3.600200185018842,0.14799757698828275,0.14487292545784206,0.1367566086332388
random_baseline,991,0.8033876099783717,13.612209093214688,0.2877431793920349,0.29390168362710223,0.22676719984407304,0.5414959,21.140804,0.23423591,0.25293297,0.4521782,74643,0.26189169075077157,7.528595197556797,0.053507266830618294,0.04096871787163958,0.22541101017599227
random_baseline,992,0.3080904935476529,25.48466143271369,0.2628517674873442,0.26714044902615003,0.19514081217638857,0.44150457,23.306345,0.22121704,0.2659345,0.8438313,49226,0.13341407431390412,2.1783164467517757,0.04163473124009076,0.0012059519081538128,0.6486904885590851
random_baseline,993,0.5457141391375573,21.816023388189905,0.7833018571588355,0.7847167671607566,0.11165968290629295,0.71020895,22.95563,0.41139838,0.4140401,0.22537066,85966,0.16449481328935311,1.1396059605649782,0.37190347616403874,0.3706766785071921,0.11371097751793953
random_baseline,989,0.7794073860546643,21.301307183418633,0.2999243682877599,0.31560829737323515,0.38317007779689505,0.26212144,24.331442,0.27538976,0.2804465,0.27184635,39050,0.5172859470745618,3.030134695853828,0.024534607555109167,0.0351617977871298,0.1113237237891741
random_baseline,996,0.4483294780609101,13.795847237226049,0.2479160172426878,0.25074279769717966,0.20342857107779574,0.97611487,13.621482,0.4075573,0.4137913,0.3266382,30624,0.5277853910568266,0.17436534177927143,0.15964129143117084,0.1630485011690923,0.12320962086060452
random_baseline,997,0.6828001657820221,21.30598284807665,0.21071127029155712,0.22220672156219543,0.4048188681274932,0.96010333,13.609767,0.31119263,0.31621498,0.29383358,118379,0.27730316721434634,7.696215887932606,0.10048136142993946,0.09400825713272035,0.11098528453412465
random_baseline,990,0.7736470091728122,17.95881351508764,0.19308945406845276,0.1982169220285128,0.28106817135632284,0.7193226,22.25183,0.4060398,0.40813142,0.16133983,78461,0.05432438735045497,4.293015632251226,0.21295035015174682,0.2099144985838224,0.11972833702385671
random_baseline,995,0.8928122347538625,16.429944442742197,0.3967313181989442,0.3998594713396953,0.15544921030260883,0.049119532,25.253155,0.21722645,0.25014082,0.48023608,60720,0.8436927026455556,8.823210311896474,0.17950487252404795,0.14971865536641343,0.32478687296651043
random_baseline,998,0.565236169178896,22.689012040073283,0.8669635623784184,0.8713977806286611,0.18107435690837315,0.8620118,10.020809,0.37383422,0.40889284,0.6140294,80624,0.29677562109667777,12.668202866489299,0.4931293398232579,0.4625049404816427,0.43295505059284756
random_baseline,999,0.8114668229270274,20.018119873593204,0.4623895792543916,0.4777897279451495,0.4413556949186743,0.1059202,26.758583,0.29375872,0.36184826,0.5995507,122098,0.705546619896918,6.740463195254453,0.16863085909486097,0.11594146301251707,0.1581950291108667
random_baseline,994,0.18968160443749363,27.76018756769503,0.3682867610268103,0.37271716048438425,0.20638508907056688,0.9869026,7.095591,0.20714635,0.23366755,0.49821338,71125,0.7972209901288516,20.66459649942721,0.16114041445774901,0.13904960801322336,0.2918282915046132
