method,target_id,dataset_index,neighbor_index,neighbor_context_distance,eta,target_eta,abs_err_eta,tau_transfer,target_tau_transfer,abs_err_tau_transfer,ipr,target_ipr,abs_err_ipr,purity,target_purity,abs_err_purity,c_l1,target_c_l1,abs_err_c_l1
nearest_neighbor_baseline,0,33458,5802,1.3532538414001465,0.7570713758468628,0.7584671,0.0013957241531371567,14.370298385620117,13.679777,0.6905213856201176,0.22676751017570496,0.24725586,0.020488349824295038,0.23907333612442017,0.26755,0.028476663875579844,0.40737399458885193,0.47606024,0.0686862454111481
nearest_neighbor_baseline,1,74123,18570,1.4754925966262817,0.16082249581813812,0.19029836,0.029475864181861877,30.532928466796875,29.206373,1.3265554667968757,0.6612499952316284,0.668512,0.007262004768371577,0.6628745198249817,0.67043525,0.007560730175018349,0.14959800243377686,0.12942995,0.020168052433776867
nearest_neighbor_baseline,2,57950,41876,2.1918509006500244,0.32612505555152893,0.27761433,0.04851072555152891,20.45924949645996,16.832853,3.626396496459961,0.3500417172908783,0.26614442,0.0838972972908783,0.39374300837516785,0.30238298,0.09136002837516782,0.43121492862701416,0.5041054,0.07289047137298588
nearest_neighbor_baseline,3,132514,100048,1.0139374732971191,0.8530551791191101,0.8215711,0.03148407911911011,19.32577896118164,20.109015,0.7832360388183588,0.2243964970111847,0.26017472,0.035778222988815334,0.23000967502593994,0.27023384,0.04022416497406006,0.2956467866897583,0.29238144,0.0032653466897583083
nearest_neighbor_baseline,4,16005,104619,1.2909250259399414,0.9641436338424683,0.9542749,0.009868733842468225,7.038722038269043,7.8531504,0.8144283617309567,0.2409573793411255,0.23684888,0.004108499341125477,0.2575356960296631,0.24990356,0.007632136029663089,0.44727230072021484,0.3851833,0.06208900072021484
nearest_neighbor_baseline,5,117269,75309,1.033724069595337,0.8599907755851746,0.8926104,0.032619624414825465,14.8676176071167,17.333122,2.4655043928833003,0.2589794397354126,0.20670004,0.052279399735412596,0.2722717225551605,0.21893375,0.05333797255516051,0.3922550678253174,0.43974382,0.047488752174682625
nearest_neighbor_baseline,6,79622,85330,1.281130313873291,0.8865572810173035,0.9328691,0.04631181898269654,6.692958354949951,6.2080483,0.48491005494995143,0.28452780842781067,0.2524332,0.032094608427810645,0.2946801483631134,0.26191923,0.0327609183631134,0.2930765748023987,0.3260561,0.032979525197601334
nearest_neighbor_baseline,7,3648,113830,1.1834955215454102,0.9695889949798584,0.9816332,0.012044205020141585,6.555564880371094,5.389304,1.1662608803710937,0.2059338092803955,0.2285614,0.02262759071960449,0.22125382721424103,0.24210514,0.02085131278575897,0.3577940762042999,0.4024908,0.044696723795700055
nearest_neighbor_baseline,8,71597,82023,2.000840902328491,0.975189208984375,0.99189395,0.016704741015625024,3.5563557147979736,2.958586,0.5977697147979737,0.33737730979919434,0.3242428,0.013134509799194338,0.47867023944854736,0.39422894,0.08444129944854734,0.7081085443496704,0.7152921,0.007183555650329576
nearest_neighbor_baseline,9,15184,4490,0.9185114502906799,0.9393200278282166,0.9380948,0.0012252278282165463,14.473809242248535,15.09445,0.620640757751465,0.22483088076114655,0.21274278,0.012088100761146553,0.23191365599632263,0.22207873,0.00983492599632263,0.31961560249328613,0.37097368,0.05135807750671384
nearest_neighbor_baseline,10,116513,32832,1.5586743354797363,0.29938599467277527,0.3533679,0.053981905327224744,21.789024353027344,15.903919,5.885105353027344,0.255734920501709,0.26431936,0.008584439498291019,0.2851327657699585,0.2954089,0.010276134230041478,0.521700918674469,0.5033014,0.018399518674468984
nearest_neighbor_baseline,11,72301,28299,1.2969064712524414,0.6339549422264099,0.58143514,0.05251980222640995,20.24746322631836,20.258993,0.011529773681640876,0.23455071449279785,0.23310496,0.0014457544927978516,0.25619977712631226,0.26235133,0.006151552873687738,0.46131017804145813,0.45395133,0.007358848041458144
nearest_neighbor_baseline,12,105690,89079,2.0249898433685303,0.25398504734039307,0.17833596,0.07564908734039308,26.596601486206055,27.576347,0.9797455137939437,0.8118100762367249,0.8260057,0.0141956237632751,0.812519371509552,0.82681197,0.01429259849044795,0.0972369834780693,0.10525237,0.008015386521930692
nearest_neighbor_baseline,13,8656,8587,1.6594808101654053,0.7501543760299683,0.6999377,0.050216676029968266,19.361324310302734,19.408997,0.047672689697265014,0.25361838936805725,0.30825895,0.054640560631942725,0.2926355004310608,0.37106785,0.07843234956893919,0.5945214033126831,0.69473225,0.10021084668731695
nearest_neighbor_baseline,14,56719,79749,1.4543100595474243,0.5404221415519714,0.56644064,0.026018498448028615,22.2509822845459,22.261204,0.010221715454100888,0.22293724119663239,0.2002014,0.022735841196632384,0.2495104968547821,0.22082578,0.028684716854782105,0.5218035578727722,0.4909403,0.03086325787277222
nearest_neighbor_baseline,15,6689,126810,0.9438589215278625,0.8107481002807617,0.8357882,0.025040099719238262,13.250265121459961,15.258431,2.008165878540039,0.34523144364356995,0.35309833,0.00786688635643007,0.35118013620376587,0.35740274,0.006222603796234127,0.2711348831653595,0.2472404,0.023894483165359498
nearest_neighbor_baseline,16,100831,75770,1.2418198585510254,0.9849546551704407,0.97950435,0.00545030517044065,3.6917171478271484,3.3362637,0.3554534478271485,0.2532164454460144,0.2791093,0.0258928545539856,0.2786288261413574,0.30948865,0.030859823858642554,0.5067764520645142,0.4676934,0.03908305206451418
nearest_neighbor_baseline,17,116679,17393,1.2129285335540771,0.8095232248306274,0.8213266,0.011803375169372576,21.066823959350586,20.952593,0.11423095935058569,0.4861202538013458,0.45154494,0.03457531380134582,0.49000459909439087,0.46469358,0.025311019094390874,0.21282941102981567,0.2972435,0.08441408897018432
nearest_neighbor_baseline,18,101305,30103,1.6704111099243164,0.039483021944761276,0.07165852,0.03217549805523873,27.669946670532227,30.52825,2.8583033294677733,0.44646990299224854,0.41275868,0.033711222992248546,0.45423492789268494,0.42202425,0.03221067789268495,0.24293899536132812,0.2335222,0.009416795361328112
nearest_neighbor_baseline,19,84681,85798,1.8012309074401855,0.48553702235221863,0.44525677,0.040280252352218604,24.19774055480957,25.671879,1.4741384451904302,0.31907913088798523,0.3178487,0.0012304308879852455,0.32098162174224854,0.32355633,0.002574708257751468,0.16176992654800415,0.26838478,0.10661485345199584
nearest_neighbor_baseline,20,29614,12839,1.9954081773757935,0.030101167038083076,0.11241332,0.08231215296191692,29.18102264404297,27.629997,1.5510256440429693,0.3802124261856079,0.3617695,0.01844292618560789,0.38692066073417664,0.36447397,0.022446690734176655,0.26366448402404785,0.1772296,0.08643488402404786
nearest_neighbor_baseline,21,123859,94264,1.2677885293960571,0.9694746136665344,0.90898746,0.060487153666534454,9.532187461853027,11.489827,1.9576395381469727,0.20192451775074005,0.19924553,0.0026789877507400472,0.21673399209976196,0.2113309,0.005403092099761975,0.4779858887195587,0.39048547,0.08750041871955871
nearest_neighbor_baseline,22,23074,128003,1.703582525253296,0.1049714982509613,0.14017388,0.0352023817490387,31.834074020385742,27.405123,4.4289510203857425,0.5215275287628174,0.50211406,0.019413468762817354,0.5262892842292786,0.5138985,0.012390784229278529,0.1760469675064087,0.28082356,0.10477659249359134
nearest_neighbor_baseline,23,39388,415,1.0595463514328003,0.9403792023658752,0.96750814,0.027128937634124717,12.496611595153809,10.810547,1.686064595153809,0.2124888300895691,0.21717158,0.004682749910430911,0.2430005520582199,0.2430961,9.554794178009973e-05,0.5054430365562439,0.46855432,0.03688871655624387
nearest_neighbor_baseline,24,43478,21121,1.8380869626998901,0.6421833038330078,0.57894224,0.06324106383300776,14.414936065673828,12.69378,1.7211560656738278,0.28246021270751953,0.24781907,0.03464114270751953,0.3040422797203064,0.27554154,0.028500739720306423,0.4528535008430481,0.46762252,0.01476901915695189
nearest_neighbor_baseline,25,20356,40503,1.2862416505813599,0.1896791160106659,0.14926344,0.040415676010665896,25.797582626342773,27.982382,2.1847993736572278,0.3911190927028656,0.34924078,0.04187831270286563,0.3944558799266815,0.36339417,0.031061709926681502,0.19138777256011963,0.30188543,0.11049765743988038
nearest_neighbor_baseline,26,16026,80773,1.5964679718017578,0.22320789098739624,0.17486508,0.048342810987396234,25.265377044677734,27.49588,2.2305029553222653,0.21353571116924286,0.2087741,0.004761611169242869,0.22260020673274994,0.24231182,0.019711613267250072,0.3244771361351013,0.4174216,0.09294446386489869
nearest_neighbor_baseline,27,107466,60195,2.1933939456939697,0.9030844569206238,0.83776194,0.06532251692062374,9.997442245483398,10.556422,0.5589797545166011,0.3918496072292328,0.49969897,0.10784936277076723,0.3961959779262543,0.5153278,0.11913182207374573,0.2603238523006439,0.32517964,0.06485578769935607
nearest_neighbor_baseline,28,966,122923,1.4626694917678833,0.7837175130844116,0.85911524,0.07539772691558833,18.79604148864746,20.116085,1.3200435113525408,0.2289751023054123,0.22340457,0.005570532305412296,0.23826353251934052,0.23826282,7.125193405288499e-07,0.38858622312545776,0.37446204,0.014124183125457768
nearest_neighbor_baseline,29,64630,38891,1.0713001489639282,0.941193163394928,0.95448196,0.013288796605071984,11.195320129394531,11.806327,0.6110068706054683,0.3700929284095764,0.35742295,0.012669978409576399,0.3750867545604706,0.362317,0.012769754560470581,0.20588795840740204,0.25927675,0.05338879159259796
nearest_neighbor_baseline,30,54231,93708,1.1265649795532227,0.9828067421913147,0.95581746,0.02698928219131469,9.957283020019531,7.8988957,2.0583873200195315,0.5155214667320251,0.5376967,0.02217523326797488,0.5229305028915405,0.5409289,0.01799839710845952,0.25566771626472473,0.19346185,0.06220586626472474
nearest_neighbor_baseline,31,88946,118703,1.0686283111572266,0.836621105670929,0.8265191,0.010102005670929004,17.13232421875,18.020243,0.8879187812500007,0.23970741033554077,0.25307313,0.013365719664459208,0.25044766068458557,0.26497865,0.014530989315414411,0.3693842589855194,0.3731522,0.0037679410144805803
nearest_neighbor_baseline,32,53973,107432,2.1099491119384766,0.4695414900779724,0.4251765,0.0443649900779724,24.58837890625,26.881758,2.2933790937500014,0.290108323097229,0.34101763,0.05090930690277101,0.3030123710632324,0.3654213,0.06240892893676758,0.4398801028728485,0.4346095,0.005270602872848529
nearest_neighbor_baseline,33,3780,133546,2.1168136596679688,0.2327994704246521,0.26906386,0.03626438957534789,28.59051513671875,29.479458,0.888942863281251,0.4838530421257019,0.47149256,0.0123604821257019,0.48486828804016113,0.47205588,0.01281240804016115,0.12114697694778442,0.08023107,0.04091590694778442
nearest_neighbor_baseline,34,33369,108366,0.9652579426765442,0.8479993343353271,0.7910845,0.05691483433532718,7.331169128417969,8.753873,1.4227038715820317,0.2995883822441101,0.32675344,0.0271650577558899,0.30223989486694336,0.330872,0.02863210513305664,0.1799180507659912,0.18104318,0.001125129234008787
nearest_neighbor_baseline,35,107298,77733,1.3444677591323853,0.9553124308586121,0.9604588,0.005146369141387885,9.603630065917969,10.726496,1.1228659340820304,0.3019656836986542,0.26803547,0.03393021369865418,0.31381192803382874,0.27506015,0.03875177803382873,0.3426826298236847,0.2394322,0.10325042982368468
nearest_neighbor_baseline,36,438,24388,1.2922046184539795,0.7995601296424866,0.74816424,0.051395889642486536,20.43181610107422,20.599714,0.16789789892578,0.1939416080713272,0.2153853,0.021443691928672792,0.19712381064891815,0.22379883,0.026675019351081852,0.25066256523132324,0.30053902,0.04987645476867675
nearest_neighbor_baseline,37,114877,36732,1.6291247606277466,0.6485051512718201,0.7057752,0.05727004872817998,21.482147216796875,20.88893,0.5932172167968766,0.3094068169593811,0.33743313,0.028026313040618922,0.3382105231285095,0.378856,0.040645476871490505,0.45247775316238403,0.4793313,0.026853546837615982
nearest_neighbor_baseline,38,7605,7692,0.9435895681381226,0.9391726851463318,0.9171716,0.02200108514633181,11.901802062988281,11.977125,0.07532293701171788,0.2556758224964142,0.21092434,0.0447514824964142,0.2610502541065216,0.21796142,0.04308883410652162,0.28736457228660583,0.2701651,0.017199472286605844
nearest_neighbor_baseline,39,15555,24364,1.210039734840393,0.8523374795913696,0.8091837,0.04315377959136968,17.81825828552246,16.048763,1.76949528552246,0.3673790693283081,0.35426044,0.013118629328308096,0.3700365722179413,0.35733542,0.01270115221794127,0.17153774201869965,0.22742453,0.05588678798130037
nearest_neighbor_baseline,40,79003,6958,1.4046777486801147,0.43805667757987976,0.4872733,0.04921662242012026,24.016632080078125,24.499378,0.4827459199218751,0.6198599934577942,0.6528329,0.03297290654220586,0.6240522265434265,0.65993994,0.03588771345657349,0.20211778581142426,0.2622686,0.06015081418857576
nearest_neighbor_baseline,41,21133,17732,1.8609366416931152,0.37581807374954224,0.3272198,0.04859827374954223,23.850751876831055,28.572351,4.7215991231689465,0.28011220693588257,0.2764688,0.003643406935882554,0.3028356730937958,0.29257074,0.01026493309379578,0.4079445004463196,0.33818063,0.0697638704463196
nearest_neighbor_baseline,42,13497,119011,1.5822356939315796,0.7552163600921631,0.6676844,0.08753196009216313,16.53308868408203,17.194998,0.661909315917967,0.35604411363601685,0.35203397,0.004010143636016872,0.3644455075263977,0.3696623,0.005216792473602294,0.34698906540870667,0.32533953,0.021649535408706677
nearest_neighbor_baseline,43,138175,94548,1.6407591104507446,0.2506812810897827,0.20223852,0.04844276108978271,24.97549057006836,26.457943,1.4824524299316408,0.3193955421447754,0.3336268,0.01423125785522461,0.32864466309547424,0.35060653,0.021961866904525784,0.30618247389793396,0.35357392,0.047391446102066026
nearest_neighbor_baseline,44,14756,24166,1.2179030179977417,0.688277542591095,0.71210027,0.02382272740890501,21.400875091552734,20.609009,0.791866091552734,0.20692409574985504,0.20744209,0.0005179942501449541,0.21135267615318298,0.21471155,0.0033588738468170176,0.2681792378425598,0.3618089,0.09362966215744017
nearest_neighbor_baseline,45,86386,120655,1.389326810836792,0.8824996948242188,0.92296517,0.04046547517578125,10.096946716308594,8.217064,1.8798827163085932,0.23211325705051422,0.28740525,0.05529199294948578,0.23506204783916473,0.2927139,0.05765185216083529,0.21658755838871002,0.24605627,0.02946871161128997
nearest_neighbor_baseline,46,62112,115786,1.474029541015625,0.9935517311096191,0.99411213,0.0005603988903808421,6.189131259918213,5.7093306,0.4798006599182125,0.20193800330162048,0.18793839,0.013999613301620473,0.22121772170066833,0.21306454,0.008153181700668338,0.5620834827423096,0.569427,0.007343517257690446
nearest_neighbor_baseline,47,90336,110455,1.4963650703430176,0.45905041694641113,0.39657944,0.06247097694641113,26.352720260620117,25.758356,0.594364260620118,0.2867121696472168,0.29651713,0.00980496035278322,0.2949367165565491,0.3012383,0.006301583443450942,0.3314594030380249,0.23993585,0.0915235530380249
nearest_neighbor_baseline,48,26553,81550,1.2716504335403442,0.256482869386673,0.3051758,0.04869293061332702,23.55600929260254,22.778698,0.7773112926025405,0.19926418364048004,0.20980999,0.01054580635951996,0.20746567845344543,0.21571718,0.008251501546554574,0.38355523347854614,0.2750041,0.10855113347854617
nearest_neighbor_baseline,49,71595,12438,2.40548038482666,0.24345149099826813,0.23206739,0.011384100998268115,28.702016830444336,27.365128,1.3368888304443374,0.36600351333618164,0.27865744,0.08734607333618166,0.41773730516433716,0.3234331,0.09430420516433718,0.47680312395095825,0.52623135,0.049428226049041735
nearest_neighbor_baseline,50,54029,132521,1.2169016599655151,0.9548751711845398,0.9519933,0.0028818711845397527,8.012632369995117,8.143304,0.13067163000488335,0.3490075469017029,0.39042464,0.04141709309829711,0.35677286982536316,0.4010223,0.04424943017463684,0.2742922306060791,0.33748624,0.06319400939392089
nearest_neighbor_baseline,51,126241,108650,1.4466532468795776,0.18857572972774506,0.15314956,0.035426169727745066,26.747028350830078,25.967892,0.779136350830079,0.3073399066925049,0.29575887,0.011581036692504876,0.32051438093185425,0.309474,0.011040380931854221,0.3761414587497711,0.3785461,0.0024046412502288783
nearest_neighbor_baseline,52,48181,136046,1.5867234468460083,0.7073859572410583,0.6138185,0.0935674572410583,20.645370483398438,23.328236,2.682865516601563,0.30293580889701843,0.32066396,0.017728151102981593,0.3666124939918518,0.370717,0.004104506008148212,0.5610668659210205,0.6176781,0.0566112340789795
nearest_neighbor_baseline,53,118408,70144,0.9271109700202942,0.9226617217063904,0.9128947,0.009767021706390433,14.84362506866455,15.74081,0.897184931335449,0.24684053659439087,0.22438486,0.022455676594390878,0.28030264377593994,0.25013077,0.03017187377593994,0.4938429296016693,0.50879335,0.014950420398330722
nearest_neighbor_baseline,54,132888,126381,1.041667103767395,0.9332585334777832,0.9406932,0.007434666522216804,13.005220413208008,12.716965,0.28825541320800774,0.26746973395347595,0.27513498,0.007665246046524021,0.28499090671539307,0.29039907,0.005408163284606915,0.46950310468673706,0.5042295,0.03472639531326294
nearest_neighbor_baseline,55,77211,41274,1.5840742588043213,0.12313259392976761,0.1713736,0.04824100607023238,24.53085708618164,24.089294,0.44156308618164175,0.356147438287735,0.33033255,0.025814888287734983,0.35791832208633423,0.33302355,0.024894772086334227,0.16891171038150787,0.22643408,0.057522369618492136
nearest_neighbor_baseline,56,24993,14132,1.3315823078155518,0.9263685345649719,0.928411,0.0020424654350280624,14.273284912109375,12.686552,1.5867329121093743,0.24756595492362976,0.2703113,0.022745345076370216,0.28096362948417664,0.30094028,0.01997665051582337,0.5739702582359314,0.54258186,0.031388398235931425
nearest_neighbor_baseline,57,89584,67255,1.5418533086776733,0.10760956257581711,0.08381365,0.023795912575817105,28.849227905273438,29.16065,0.3114220947265629,0.28390952944755554,0.30132908,0.017419550552444485,0.2870703339576721,0.3048634,0.017793066042327887,0.21225541830062866,0.21369682,0.0014414016993713474
nearest_neighbor_baseline,58,21287,109180,1.0201300382614136,0.8188514709472656,0.81023276,0.008618710947265629,16.732484817504883,16.308239,0.42424581750488244,0.2562297582626343,0.25414038,0.0020893782626342783,0.2652321457862854,0.26776546,0.0025333142137146103,0.32671597599983215,0.35070863,0.023992654000167868
nearest_neighbor_baseline,59,87885,127885,1.5090972185134888,0.23900526762008667,0.24107951,0.002074242379913327,24.825590133666992,26.234648,1.4090578663330078,0.9089305400848389,0.86947674,0.0394538000848389,0.9100373983383179,0.87010956,0.03992783833831792,0.09763631969690323,0.08143045,0.016205869696903227
nearest_neighbor_baseline,60,123520,63945,1.7571288347244263,0.5823991894721985,0.6373154,0.05491621052780149,22.650959014892578,22.101055,0.5499040148925793,0.22769278287887573,0.22667082,0.0010219628788757373,0.255884051322937,0.2654196,0.009535548677062966,0.5470222234725952,0.4601942,0.08682802347259522
nearest_neighbor_baseline,61,92683,46542,1.268059253692627,0.8064860701560974,0.7488985,0.05758757015609739,20.847585678100586,22.824816,1.9772303218994125,0.514882504940033,0.4855495,0.029333004940032936,0.5279533267021179,0.49909177,0.02886155670211793,0.3741268217563629,0.39332604,0.019199218243637073
nearest_neighbor_baseline,62,62402,7799,1.4428430795669556,0.8621600270271301,0.9635143,0.10135427297286992,11.909272193908691,12.703297,0.7940248060913078,0.37959396839141846,0.3846223,0.0050283316085815155,0.39816203713417053,0.41405958,0.01589754286582945,0.33656245470046997,0.43764108,0.10107862529953004
nearest_neighbor_baseline,63,107660,116911,2.007983684539795,0.10758895426988602,0.120743476,0.013154521730113986,30.515199661254883,30.155148,0.3600516612548823,0.24669720232486725,0.22219725,0.024499952324867236,0.24800920486450195,0.22367024,0.02433896486450196,0.13607507944107056,0.14986375,0.013788670558929433
nearest_neighbor_baseline,64,114838,74722,1.348662257194519,0.6063089370727539,0.69193363,0.08562469292724606,25.331375122070312,23.776144,1.5552311220703139,0.3044171929359436,0.3273452,0.0229280070640564,0.31055939197540283,0.3301339,0.019574508024597148,0.25527432560920715,0.2449256,0.01034872560920716
nearest_neighbor_baseline,65,129419,69479,1.2714141607284546,0.9099851846694946,0.9033592,0.0066259846694946,18.167373657226562,16.808657,1.3587166572265623,0.35299545526504517,0.3665114,0.013515944734954821,0.3576524555683136,0.37366894,0.016016484431686406,0.26871389150619507,0.33575636,0.06704246849380491
nearest_neighbor_baseline,66,104180,104476,1.4290038347244263,0.9673542380332947,0.9810648,0.013710561966705281,10.1944580078125,6.784301,3.4101570078125,0.20912817120552063,0.1867344,0.022393771205520635,0.25259140133857727,0.22869974,0.023891661338577258,0.623376727104187,0.6699938,0.04661707289581296
nearest_neighbor_baseline,67,45584,24756,1.0382845401763916,0.8836745619773865,0.9050931,0.02141853802261351,12.029135704040527,10.385718,1.6434177040405267,0.22693349421024323,0.27195257,0.04501907578975678,0.23331858217716217,0.2771916,0.04387301782283781,0.29721778631210327,0.25640616,0.04081162631210328
nearest_neighbor_baseline,68,107511,53315,1.7637635469436646,0.9671888947486877,0.95060927,0.016579624748687793,5.449767112731934,3.6110168,1.8387503127319338,0.2555824816226959,0.26646313,0.01088064837730407,0.26568278670310974,0.27673438,0.01105159329689026,0.3165411949157715,0.27322555,0.0433156449157715
nearest_neighbor_baseline,69,130638,70754,1.1490259170532227,0.9930620193481445,0.9828951,0.01016691934814451,6.053533554077148,6.010696,0.04283755407714818,0.2693946063518524,0.25168145,0.017713156351852444,0.28544914722442627,0.2906723,0.005223152775573725,0.48240846395492554,0.45278525,0.029623213954925565
nearest_neighbor_baseline,70,84389,36663,1.4532171487808228,0.12125327438116074,0.16552414,0.04427086561883925,26.043258666992188,26.884502,0.8412433330078137,0.7483932971954346,0.81300145,0.06460815280456544,0.752979576587677,0.8157679,0.06278832341232299,0.1702210158109665,0.14969918,0.020521835810966504
nearest_neighbor_baseline,71,77346,108009,0.907983660697937,0.9739099144935608,0.98331374,0.009403825506439256,4.128404140472412,4.9777174,0.8493132595275883,0.396480917930603,0.3490426,0.04743831793060305,0.401260107755661,0.35605392,0.04520618775566099,0.21167556941509247,0.28701532,0.07533975058490755
nearest_neighbor_baseline,72,132543,71294,1.653356671333313,0.9608271718025208,0.95227647,0.00855070180252071,7.018715858459473,9.029182,2.010466141540528,0.5644663572311401,0.63416433,0.06969797276885992,0.5751119256019592,0.64924705,0.07413512439804082,0.29929041862487793,0.24559991,0.053690508624877925
nearest_neighbor_baseline,73,34829,6023,1.4624300003051758,0.439217209815979,0.4156221,0.02359510981597901,21.81793212890625,21.96439,0.14645787109375163,0.29472020268440247,0.25565356,0.039066642684402464,0.3150137662887573,0.2694603,0.04555346628875734,0.5093485713005066,0.43903217,0.07031640130050659
nearest_neighbor_baseline,74,16447,42152,1.5120214223861694,0.5928957462310791,0.50898254,0.08391320623107912,22.3714656829834,22.379879,0.00841331701660053,0.3255399465560913,0.32197392,0.003566026556091284,0.3294365108013153,0.33196816,0.0025316491986847045,0.20580342411994934,0.23478936,0.02898593588005066
nearest_neighbor_baseline,75,41036,113936,1.8448777198791504,0.3088313639163971,0.18796815,0.1208632139163971,23.288619995117188,24.718775,1.4301550048828133,0.3224489092826843,0.33605602,0.013607110717315685,0.32491612434387207,0.33791295,0.01299682565612792,0.1704539805650711,0.14140126,0.029052720565071105
nearest_neighbor_baseline,76,95966,90026,1.1208691596984863,0.8179716467857361,0.7675487,0.05042294678573611,15.486587524414062,16.072035,0.5854474755859371,0.22924606502056122,0.23194991,0.002703844979438791,0.23629562556743622,0.23660281,0.0003071844325637785,0.3302147388458252,0.28200436,0.048210378845825186
nearest_neighbor_baseline,77,8251,43445,1.0424877405166626,0.9581048488616943,0.96104586,0.0029410111383056936,12.905308723449707,13.033727,0.1284182765502937,0.19219927489757538,0.18100923,0.011190044897575385,0.2153775542974472,0.20873229,0.006645264297447218,0.6784233450889587,0.61596453,0.062458815088958786
nearest_neighbor_baseline,78,18874,19594,1.384615421295166,0.33643481135368347,0.35552377,0.019088958646316545,26.866369247436523,27.470287,0.6039177525634756,0.7814808487892151,0.7829671,0.001486251210784939,0.7827094197273254,0.7839013,0.0011918802726745836,0.1393689513206482,0.0946497,0.04471925132064819
nearest_neighbor_baseline,79,75139,52316,0.9259438514709473,0.9634546637535095,0.9606615,0.0027931637535095755,14.564289093017578,14.723011,0.1587219069824215,0.3256421685218811,0.3858661,0.060223931478118886,0.3316671550273895,0.39102417,0.05935701497261048,0.3192867338657379,0.2935697,0.025717033865737926
nearest_neighbor_baseline,80,131370,55668,1.075477957725525,0.571140706539154,0.57568127,0.00454056346084597,21.382904052734375,21.917786,0.5348819472656245,0.3113800287246704,0.2784825,0.03289752872467039,0.3369755744934082,0.28892547,0.048050104493408186,0.35445740818977356,0.32041407,0.034043338189773564
nearest_neighbor_baseline,81,115990,16899,1.4056203365325928,0.9721581935882568,0.9504329,0.02172529358825681,8.688506126403809,7.114172,1.5743341264038087,0.3104300796985626,0.31666517,0.006235090301437374,0.31608980894088745,0.3219526,0.0058627910591125265,0.23795703053474426,0.24728559,0.009328559465255737
nearest_neighbor_baseline,82,109934,120780,1.6414517164230347,0.3804711103439331,0.4137369,0.03326578965606691,27.275962829589844,24.832193,2.4437698295898436,0.3922121226787567,0.46234486,0.07013273732124331,0.39617082476615906,0.4684225,0.07225167523384096,0.2056957334280014,0.24307573,0.037379996571998586
nearest_neighbor_baseline,83,48295,68226,2.546389102935791,0.1623835563659668,0.25834417,0.09596061363403319,27.492074966430664,28.8861,1.394025033569335,0.36963826417922974,0.3619847,0.007653564179229744,0.3811061382293701,0.40253738,0.021431241770629883,0.32196590304374695,0.45567232,0.13370641695625307
nearest_neighbor_baseline,84,70309,69138,1.1363515853881836,0.4688721001148224,0.4281423,0.04072980011482241,22.479473114013672,23.391497,0.9120238859863292,0.2443641871213913,0.26030293,0.01593874287860869,0.2555837035179138,0.29315227,0.037568566482086174,0.33744919300079346,0.39063296,0.053183766999206517
nearest_neighbor_baseline,85,64679,99806,1.125731110572815,0.8267220258712769,0.84018725,0.013465224128723197,11.391199111938477,10.883569,0.507630111938477,0.22658537328243256,0.21391621,0.01266916328243256,0.23215578496456146,0.21809272,0.014063064964561472,0.24209800362586975,0.22822689,0.013871113625869763
nearest_neighbor_baseline,86,4107,51140,1.0445185899734497,0.6584190130233765,0.6466955,0.011723513023376486,23.168684005737305,23.988289,0.8196049942626971,0.25150641798973083,0.27970874,0.028202322010269176,0.2663092315196991,0.28765595,0.021346718480300897,0.35510537028312683,0.32606697,0.02903840028312682
nearest_neighbor_baseline,87,13073,99655,1.7937610149383545,0.4550653100013733,0.50196135,0.04689603999862668,24.892316818237305,22.163916,2.7284008182373043,0.2524566948413849,0.2749696,0.022512905158615093,0.26196807622909546,0.28339043,0.021422353770904567,0.26672473549842834,0.2803597,0.013634964501571645
nearest_neighbor_baseline,88,90441,138405,1.5928977727890015,0.5060219764709473,0.48985597,0.01616600647094729,20.505699157714844,22.574947,2.069247842285158,0.6401877403259277,0.6303898,0.009797940325927734,0.6421515941619873,0.63209766,0.010053934161987299,0.1615932285785675,0.13119675,0.030396478578567504
nearest_neighbor_baseline,89,84205,87273,1.2175897359848022,0.4020608067512512,0.38836735,0.01369345675125122,25.21775245666504,27.611963,2.3942105433349603,0.27710220217704773,0.26168185,0.015420352177047736,0.2814915180206299,0.26483282,0.01665869802062986,0.22355185449123383,0.21164095,0.011910904491233831
nearest_neighbor_baseline,90,68647,138661,1.2445769309997559,0.7218616604804993,0.62825906,0.09360260048049929,21.233972549438477,21.258476,0.024503450561525142,0.24419155716896057,0.2420109,0.0021806571689605703,0.2505909502506256,0.25033903,0.0002519202506255924,0.37768739461898804,0.34484452,0.03284287461898805
nearest_neighbor_baseline,91,87033,126446,1.2586249113082886,0.7956988215446472,0.7754382,0.02026062154464725,12.850885391235352,13.57105,0.720164608764648,0.26547443866729736,0.24259923,0.022875208667297364,0.27184489369392395,0.25187498,0.019969913693923924,0.248330220580101,0.23061833,0.017711890580101003
nearest_neighbor_baseline,92,107365,63811,1.21388840675354,0.6356292963027954,0.67514026,0.03951096369720464,16.435903549194336,14.355022,2.080881549194336,0.2934426963329315,0.2481612,0.04528149633293152,0.2975878119468689,0.25377217,0.04381564194686888,0.201415553689003,0.2566046,0.055189046310997025
nearest_neighbor_baseline,93,40735,116297,1.491962194442749,0.9873954057693481,0.9862209,0.0011745057693481886,4.213028907775879,4.992883,0.779854092224121,0.34788772463798523,0.3819591,0.034071375362014766,0.3631230592727661,0.38894114,0.025818080727233905,0.33958566188812256,0.26344714,0.07613852188812253
nearest_neighbor_baseline,94,3418,30392,1.5373687744140625,0.9693488478660583,0.95812285,0.01122599786605838,11.054061889648438,8.599814,2.454247889648437,0.3512910008430481,0.39020193,0.03891092915695188,0.3663141429424286,0.39981133,0.03349718705757143,0.4023064970970154,0.30177665,0.1005298470970154
nearest_neighbor_baseline,95,5376,79210,1.817451000213623,0.1780431568622589,0.19651225,0.01846909313774109,30.533496856689453,26.84561,3.6878868566894525,0.23506958782672882,0.2628127,0.02774311217327119,0.2548643946647644,0.2727467,0.017882305335235604,0.3857663571834564,0.2764581,0.10930825718345644
nearest_neighbor_baseline,96,85534,18161,1.0600793361663818,0.4210524260997772,0.45572323,0.03467080390022276,23.379695892333984,22.520437,0.8592588923339832,0.22340525686740875,0.22139704,0.002008216867408763,0.22837994992733002,0.2307772,0.002397250072669971,0.27799028158187866,0.32520247,0.04721218841812136
nearest_neighbor_baseline,97,87802,131393,1.0333049297332764,0.887740433216095,0.8888163,0.0010758667839050329,13.921504020690918,14.852062,0.9305579793090821,0.29917824268341064,0.30021733,0.00103908731658936,0.3023488521575928,0.30192927,0.0004195821575927461,0.1761597841978073,0.17083138,0.005328404197807307
nearest_neighbor_baseline,98,19714,62346,0.8160668015480042,0.8944008946418762,0.85772574,0.036675154641876206,16.32852554321289,16.761538,0.433012456787111,0.17317752540111542,0.18706726,0.013889734598884595,0.1875535249710083,0.19379604,0.006242515028991702,0.4157882630825043,0.34753338,0.06825488308250427
nearest_neighbor_baseline,99,112128,42187,1.3401216268539429,0.5280793905258179,0.4667186,0.06136079052581789,21.678979873657227,22.163942,0.48496212634277214,0.24658609926700592,0.2250121,0.021573999267005928,0.26105400919914246,0.23329534,0.027758669199142466,0.3924689292907715,0.41175765,0.01928872070922849
nearest_neighbor_baseline,100,128721,60131,1.6184176206588745,0.4353786110877991,0.448897,0.013518388912200918,26.87645721435547,24.891273,1.985184214355467,0.35224318504333496,0.34677616,0.005467025043334961,0.3543058931827545,0.3497091,0.004596793182754522,0.1716638207435608,0.18294977,0.01128594925643922
nearest_neighbor_baseline,101,41700,93373,1.4996542930603027,0.22059237957000732,0.18957847,0.031013909570007325,27.071815490722656,27.44778,0.37596450927734537,0.2578347623348236,0.26025674,0.002421977665176378,0.26172056794166565,0.26997843,0.008257862058334342,0.2431885302066803,0.32319087,0.08000233979331972
nearest_neighbor_baseline,102,111415,19001,2.1409103870391846,0.24315939843654633,0.2560727,0.01291330156345366,26.212934494018555,27.185375,0.9724405059814458,0.2699849009513855,0.30448842,0.034503519048614484,0.30183079838752747,0.30994168,0.008110881612472531,0.35580524802207947,0.29291958,0.06288566802207946
nearest_neighbor_baseline,103,41846,128680,1.3355000019073486,0.4448555111885071,0.41071266,0.03414285118850707,25.906606674194336,28.079338,2.172731325805664,0.2844035029411316,0.3259311,0.04152759705886838,0.28569838404655457,0.32747525,0.04177686595344543,0.1471257358789444,0.12081507,0.0263106658789444
nearest_neighbor_baseline,104,88985,84645,0.9295393824577332,0.6215384602546692,0.6528381,0.03129963974533079,20.256776809692383,21.131826,0.8750491903076174,0.25309157371520996,0.23231246,0.020779113715209963,0.26442447304725647,0.24861024,0.01581423304725646,0.4523407816886902,0.4301315,0.022209281688690186
nearest_neighbor_baseline,105,61083,74994,1.5606822967529297,0.17223107814788818,0.19462454,0.02239346185211183,23.300168991088867,24.111979,0.8118100089111344,0.2729271650314331,0.29124674,0.0183195749685669,0.279581755399704,0.29981074,0.02022898460029604,0.2793963849544525,0.36894187,0.08954548504554749
nearest_neighbor_baseline,106,2507,39812,1.9763213396072388,0.24477913975715637,0.17344321,0.07133592975715639,28.52752685546875,28.497353,0.030173855468749622,0.7171527147293091,0.67832756,0.03882515472930903,0.7185786962509155,0.6789487,0.03962999625091557,0.1467965990304947,0.10123794,0.04555865903049469
nearest_neighbor_baseline,107,88701,2808,1.7697988748550415,0.059867825359106064,0.07984919,0.019981364640893937,24.44622230529785,23.431452,1.0147703052978514,0.21965861320495605,0.22278814,0.003129526795043941,0.23149511218070984,0.24091251,0.009417397819290158,0.3869900703430176,0.47333917,0.0863490996569824
nearest_neighbor_baseline,108,20233,31250,2.359722137451172,0.13954654335975647,0.19782972,0.05828317664024352,23.96640396118164,27.096684,3.130280038818359,0.25963878631591797,0.30239072,0.04275193368408203,0.264579713344574,0.3105972,0.04601748665542604,0.2719237506389618,0.23516855,0.03675520063896179
nearest_neighbor_baseline,109,65784,74248,1.201489806175232,0.9389510154724121,0.96223354,0.023282524527587944,11.506003379821777,10.65801,0.8479933798217765,0.23928241431713104,0.17620383,0.06307858431713104,0.24728642404079437,0.18585497,0.061431454040794364,0.34281083941459656,0.35803276,0.015221920585403448
nearest_neighbor_baseline,110,77021,138097,1.1575766801834106,0.7098491191864014,0.67912954,0.030719579186401336,21.055980682373047,22.619465,1.5634843176269548,0.3095225393772125,0.33696523,0.02744269062278748,0.3146935701370239,0.33971024,0.02501666986297607,0.282354474067688,0.20639324,0.07596123406768798
nearest_neighbor_baseline,111,91847,22634,1.334140419960022,0.8466510772705078,0.8104544,0.03619667727050779,12.28104305267334,10.749181,1.5318620526733397,0.28795769810676575,0.26448187,0.02347582810676574,0.2940901517868042,0.2722839,0.021806251786804176,0.27586254477500916,0.34195542,0.06609287522499085
nearest_neighbor_baseline,112,134768,96714,2.176626443862915,0.10604943335056305,0.11953876,0.013489326649436945,24.22499656677246,23.177954,1.0470425667724612,0.6987870931625366,0.66743,0.03135709316253665,0.7010635733604431,0.67032707,0.03073650336044309,0.15309366583824158,0.19682221,0.04372854416175842
nearest_neighbor_baseline,113,1618,11836,2.3083181381225586,0.9666042923927307,0.91650623,0.050098062392730736,4.892615795135498,7.1120553,2.2194395048645017,0.4769863188266754,0.46790993,0.009076388826675441,0.4862686097621918,0.47189492,0.014373689762191777,0.2652372419834137,0.1981455,0.0670917419834137
nearest_neighbor_baseline,114,102678,37376,1.5295013189315796,0.6218836903572083,0.5597202,0.06216349035720825,21.942726135253906,22.602724,0.6599978647460922,0.24189680814743042,0.27822566,0.036328851852569566,0.3191796541213989,0.35036916,0.031189505878601087,0.6105705499649048,0.5864679,0.024102649964904743
nearest_neighbor_baseline,115,100814,93416,1.3726937770843506,0.9355209469795227,0.95395523,0.018434283020477338,12.035601615905762,15.153366,3.1177643840942384,0.27581506967544556,0.29831457,0.022499500324554444,0.33754897117614746,0.32274783,0.014801141176147448,0.536785900592804,0.49964646,0.03713944059280394
nearest_neighbor_baseline,116,127274,63998,1.207219123840332,0.924656867980957,0.9485913,0.023934432019042995,12.074076652526855,11.611339,0.4627376525268563,0.24115465581417084,0.22809029,0.013064365814170836,0.2784169912338257,0.24676704,0.03164995123382569,0.49216142296791077,0.5080616,0.015900177032089235
nearest_neighbor_baseline,117,24292,2504,0.898474395275116,0.8923958539962769,0.8512997,0.04109615399627686,17.233755111694336,17.14421,0.08954511169433488,0.22525224089622498,0.23024854,0.004996299103775026,0.23037461936473846,0.2371178,0.006743180635261525,0.31087443232536316,0.30796364,0.0029107923253631762
nearest_neighbor_baseline,118,124114,66113,0.9394475817680359,0.9635439515113831,0.95481944,0.008724511511383093,8.875391006469727,9.069697,0.1943059935302731,0.20818863809108734,0.18998358,0.01820505809108733,0.21925665438175201,0.20126101,0.017995644381752024,0.34966883063316345,0.3852934,0.035624569366836556
nearest_neighbor_baseline,119,68315,114716,1.3456974029541016,0.8130040168762207,0.7292272,0.08377681687622074,14.40478515625,15.352625,0.9478398437499997,0.29979977011680603,0.33287448,0.03307470988319394,0.31959083676338196,0.34990236,0.030311523236618065,0.45411232113838196,0.45254073,0.0015715911383819559
nearest_neighbor_baseline,120,98069,83168,1.3618266582489014,0.6612065434455872,0.6859267,0.024720156554412842,23.607601165771484,22.776274,0.8313271657714836,0.48731547594070435,0.46233478,0.024980695940704345,0.48952582478523254,0.46717453,0.022351294785232567,0.20983247458934784,0.18751529,0.022317184589347838
nearest_neighbor_baseline,121,67798,123865,1.4170552492141724,0.9839295744895935,0.99406284,0.010133265510406497,6.4277825355529785,5.2553906,1.1723919355529784,0.20225416123867035,0.20289335,0.000639188761329651,0.24693918228149414,0.23949708,0.0074421022814941395,0.7272164225578308,0.6908754,0.03634102255783078
nearest_neighbor_baseline,122,91722,52286,1.5596925020217896,0.6752154231071472,0.5330355,0.14217992310714722,24.485748291015625,24.512684,0.02693570898437514,0.5754773020744324,0.58080995,0.005332647925567646,0.5775922536849976,0.5824037,0.00481144631500241,0.2029017210006714,0.1626165,0.04028522100067139
nearest_neighbor_baseline,123,88491,24738,1.5093237161636353,0.8609569668769836,0.8638806,0.002923633123016356,15.30963134765625,14.797662,0.5119693476562492,0.26938769221305847,0.2344146,0.03497309221305847,0.2886899411678314,0.24700767,0.04168227116783141,0.3925246000289917,0.3999716,0.0074469999710082835
nearest_neighbor_baseline,124,128377,116218,1.783628225326538,0.5747065544128418,0.5930979,0.01839134558715816,19.436397552490234,19.38417,0.052227552490233364,0.31774893403053284,0.37228206,0.05453312596946719,0.38584211468696594,0.47810468,0.09226256531303406,0.4912550747394562,0.57866937,0.08741429526054378
nearest_neighbor_baseline,125,66005,92921,2.1869640350341797,0.12996868789196014,0.11936989,0.010598797891960138,24.378705978393555,25.506084,1.1273780216064466,0.19021156430244446,0.20436344,0.01415187569755555,0.2179834246635437,0.25969046,0.04170703533645631,0.614761471748352,0.628498,0.01373652825164795
nearest_neighbor_baseline,126,60871,77332,1.1526851654052734,0.8725413084030151,0.91243213,0.03989082159698487,16.370508193969727,16.227629,0.14287919396972626,0.22670860588550568,0.26331612,0.03660751411449431,0.233047217130661,0.27107987,0.03803265286933899,0.2933370769023895,0.32694593,0.03360885309761047
nearest_neighbor_baseline,127,3661,67358,1.0533907413482666,0.8240537643432617,0.815457,0.008596764343261731,19.27939796447754,19.4621,0.18270203552246045,0.2518254518508911,0.25892687,0.007101418149108862,0.26129475235939026,0.2634544,0.0021596476406097187,0.33989232778549194,0.26724717,0.07264515778549197
nearest_neighbor_baseline,128,5254,94567,1.6856462955474854,0.21213220059871674,0.16135001,0.05078219059871675,29.668487548828125,28.301107,1.3673805488281268,0.39437636733055115,0.37974232,0.014634047330551125,0.3990243077278137,0.3824067,0.016617607727813732,0.24150805175304413,0.2346681,0.006839951753044138
nearest_neighbor_baseline,129,103048,26382,1.3875538110733032,0.7798383831977844,0.79903287,0.019194486802215582,18.753952026367188,14.983558,3.770394026367187,0.20111379027366638,0.27745393,0.07634013972633363,0.20386558771133423,0.28180128,0.07793569228866576,0.20251065492630005,0.2387503,0.03623964507369995
nearest_neighbor_baseline,130,41610,44917,1.2835099697113037,0.9930291771888733,0.9764666,0.01656257718887333,5.79287052154541,8.969985,3.1771144784545893,0.18739742040634155,0.17663778,0.010759640406341558,0.21557532250881195,0.22192945,0.00635412749118805,0.64690101146698,0.6562025,0.009301488533020041
nearest_neighbor_baseline,131,43739,9101,1.2745925188064575,0.48357954621315,0.49949542,0.01591587378685,18.6893367767334,18.65179,0.03754677673340012,0.20480358600616455,0.21536367,0.010560083993835456,0.22758330404758453,0.2405355,0.01295219595241548,0.46961715817451477,0.49498078,0.02536362182548524
nearest_neighbor_baseline,132,106331,24070,1.736909031867981,0.9374786019325256,0.9611297,0.02365109806747434,3.23237681388855,4.2591558,1.0267789861114505,0.3229457437992096,0.32463923,0.0016934862007904061,0.35605597496032715,0.33303913,0.023016844960327132,0.3752959966659546,0.2031044,0.1721915966659546
nearest_neighbor_baseline,133,99376,76672,1.054329752922058,0.6549367308616638,0.66716266,0.0122259291383362,22.720468521118164,21.724648,0.9958205211181657,0.26229363679885864,0.23176423,0.030529406798858655,0.28170138597488403,0.24029805,0.04140333597488402,0.4050232768058777,0.35671666,0.04830661680587767
nearest_neighbor_baseline,134,17825,58825,1.3274940252304077,0.8993881940841675,0.9083497,0.008961505915832557,12.580109596252441,9.554885,3.025224596252441,0.30611154437065125,0.26990777,0.036203774370651254,0.3143162131309509,0.28174427,0.03257194313095091,0.3484419882297516,0.3503315,0.001889511770248431
nearest_neighbor_baseline,135,104515,41999,1.3298110961914062,0.7101598978042603,0.6736085,0.0365513978042602,23.47325325012207,23.783697,0.3104437498779298,0.5092611908912659,0.5372027,0.027941509108734164,0.513443112373352,0.54148954,0.028046427626647996,0.23154111206531525,0.21574281,0.01579830206531524
nearest_neighbor_baseline,136,48891,124812,0.9800857305526733,0.7917611598968506,0.7665359,0.025225259896850538,19.02191162109375,19.221857,0.19994537890624997,0.1997079998254776,0.20338193,0.0036739301745223885,0.2268606573343277,0.2209849,0.005875757334327686,0.5206845998764038,0.49562517,0.025059429876403805
nearest_neighbor_baseline,137,29684,11751,1.1368647813796997,0.8519947528839111,0.87290853,0.020913777116088883,20.204452514648438,18.840435,1.3640175146484381,0.1843150407075882,0.17920546,0.005109580707588185,0.21489393711090088,0.20985526,0.005038677110900891,0.4952382445335388,0.48163995,0.013598294533538835
nearest_neighbor_baseline,138,25533,48523,1.5251601934432983,0.10615383088588715,0.09075033,0.015403500885887142,27.811656951904297,26.818455,0.9932019519042967,0.2768906354904175,0.26332998,0.013560655490417461,0.2804040312767029,0.26608127,0.0143227612767029,0.19108542799949646,0.18700095,0.004084477999496461
nearest_neighbor_baseline,139,20962,98154,2.290311098098755,0.8303178548812866,0.7681416,0.06217625488128664,18.49862289428711,18.334352,0.16427089428711028,0.7169856429100037,0.8197346,0.10274895708999632,0.7195794582366943,0.8252538,0.1056743417633057,0.1875690519809723,0.1902688,0.002699748019027698
nearest_neighbor_baseline,140,119733,137318,2.103991985321045,0.2887827754020691,0.34637225,0.0575894745979309,28.71634864807129,28.02469,0.6916586480712894,0.2974061667919159,0.2612827,0.036123466791915915,0.30214735865592957,0.2771357,0.02501165865592958,0.2305934876203537,0.29447126,0.06387777237964631
nearest_neighbor_baseline,141,55846,5166,2.3682355880737305,0.4942486882209778,0.3930655,0.10118318822097777,24.165176391601562,25.216278,1.0511016083984366,0.3188161253929138,0.33799875,0.019182624607086196,0.3345922827720642,0.35717443,0.022582147227935778,0.40510138869285583,0.4834872,0.07838581130714417
nearest_neighbor_baseline,142,42954,134172,2.1428110599517822,0.18048246204853058,0.13220209,0.048280372048530584,28.366207122802734,27.442757,0.9234501228027341,0.2819540798664093,0.3016329,0.01967882013359068,0.3065969944000244,0.3157956,0.009198605599975596,0.43136730790138245,0.36197683,0.06939047790138242
nearest_neighbor_baseline,143,113506,66674,1.0332670211791992,0.5442975759506226,0.52073383,0.023563745950622605,20.850807189941406,22.369987,1.519179810058592,0.17705577611923218,0.18364699,0.006591213880767832,0.20268110930919647,0.20918016,0.006499050690803532,0.5908750891685486,0.5864407,0.004434389168548547
nearest_neighbor_baseline,144,44350,45283,1.6189970970153809,0.09955167770385742,0.157177,0.05762532229614259,27.589370727539062,29.427174,1.8378032724609383,0.39554405212402344,0.32874823,0.06679582212402346,0.40783050656318665,0.33604646,0.07178404656318665,0.30425339937210083,0.3037447,0.0005086993721008515
nearest_neighbor_baseline,145,51254,114361,1.2686059474945068,0.9570667743682861,0.9027792,0.05428757436828613,8.887121200561523,8.970675,0.08355379943847652,0.2702905833721161,0.25184458,0.018446003372116104,0.2989692687988281,0.278499,0.02047026879882813,0.39876189827919006,0.4988706,0.10010870172080993
nearest_neighbor_baseline,146,18035,62693,1.271591305732727,0.5133286118507385,0.50012565,0.013202961850738548,15.56238842010498,16.461933,0.8995445798950179,0.22328324615955353,0.23202096,0.00873771384044647,0.2390146404504776,0.23934329,0.00032864954952238623,0.268084853887558,0.28994894,0.021864086112442005
nearest_neighbor_baseline,147,57139,7014,1.2379810810089111,0.4834403395652771,0.53644776,0.05300742043472295,22.55248260498047,21.155361,1.3971216049804696,0.23782402276992798,0.22251806,0.015305962769927989,0.25190839171409607,0.23083885,0.021069541714096057,0.41874200105667114,0.38375568,0.034986321056671155
nearest_neighbor_baseline,148,288,103804,1.210503339767456,0.7145346999168396,0.6634564,0.05107829991683965,18.820104598999023,18.851463,0.03135840100097553,0.2612723410129547,0.2600071,0.001265241012954721,0.26458728313446045,0.26329082,0.0012964631344604682,0.20755909383296967,0.23805518,0.03049608616703034
nearest_neighbor_baseline,149,54183,30577,1.1101740598678589,0.8507413268089294,0.79485834,0.05588298680892945,13.666726112365723,15.779094,2.112367887634278,0.23609326779842377,0.2263196,0.009773667798423757,0.26027917861938477,0.23980963,0.02046954861938477,0.39751169085502625,0.39517897,0.002332720855026227
nearest_neighbor_baseline,150,17827,60149,1.608521819114685,0.060256894677877426,0.070121095,0.009864200322122568,27.765562057495117,27.556084,0.20947805749511872,0.9741998910903931,0.96538943,0.008810461090393074,0.9748105406761169,0.96554184,0.009268700676116959,0.06626706570386887,0.038153097,0.02811396870386887
nearest_neighbor_baseline,151,42200,76905,0.9767105579376221,0.45004892349243164,0.4973401,0.04729117650756837,27.431230545043945,27.58751,0.15627945495605644,0.5216919779777527,0.5062406,0.015451377977752645,0.5230058431625366,0.5076567,0.01534914316253666,0.13727004826068878,0.15230675,0.015036701739311209
nearest_neighbor_baseline,152,50369,6906,2.2012875080108643,0.21780072152614594,0.17702001,0.04078071152614593,28.14748764038086,28.349092,0.20160435961913947,0.27272212505340576,0.28710875,0.014386624946594262,0.2751678228378296,0.28924185,0.014074027162170433,0.18944355845451355,0.1408743,0.04856925845451354
nearest_neighbor_baseline,153,119874,124512,1.480055809020996,0.6696954965591431,0.7470299,0.07733440344085696,19.151676177978516,19.496372,0.3446958220214853,0.21938884258270264,0.22233842,0.002949577417297372,0.24007464945316315,0.24333227,0.0032576205468368424,0.44131091237068176,0.50226736,0.06095644762931829
nearest_neighbor_baseline,154,110298,18683,1.2132667303085327,0.17368844151496887,0.2259466,0.052258158485031125,25.648908615112305,22.633484,3.0154246151123054,0.2156122922897339,0.22624949,0.01063719771026611,0.21865202486515045,0.23233566,0.013683635134849548,0.2199353128671646,0.24709448,0.027159167132835393
nearest_neighbor_baseline,155,1539,60144,1.0693600177764893,0.8590832948684692,0.85445946,0.00462383486846929,19.406278610229492,18.22089,1.1853886102294915,0.24177183210849762,0.25985387,0.018082037891502367,0.25225353240966797,0.30349293,0.051239397590332025,0.45148470997810364,0.42551678,0.025967929978103654
nearest_neighbor_baseline,156,52379,111870,1.4327192306518555,0.8056848645210266,0.84594667,0.0402618054789734,13.784493446350098,15.744453,1.9599595536499024,0.3779279291629791,0.39838147,0.02045354083702089,0.42057064175605774,0.42650217,0.0059315282439422745,0.5248199105262756,0.5314537,0.006633789473724394
nearest_neighbor_baseline,157,68642,64622,1.5003753900527954,0.8086815476417542,0.77376485,0.0349166976417542,17.067514419555664,15.272466,1.7950484195556644,0.3224262297153473,0.4046297,0.08220347028465269,0.34109699726104736,0.41623184,0.07513484273895266,0.37972888350486755,0.3413217,0.03840718350486755
nearest_neighbor_baseline,158,139498,96701,2.032128095626831,0.12392549961805344,0.1847325,0.06080700038194656,25.6348876953125,24.587997,1.0468906953124986,0.30814579129219055,0.29889354,0.009252251292190539,0.3359932005405426,0.31951642,0.01647678054054258,0.3829059898853302,0.38287804,2.7949885330225133e-05
nearest_neighbor_baseline,159,1502,118809,1.2504794597625732,0.9280474185943604,0.8747653,0.053282118594360384,8.046964645385742,5.966621,2.0803436453857422,0.26053154468536377,0.23841435,0.022117194685363772,0.2677823603153229,0.24276061,0.025021750315322888,0.2974766492843628,0.26273558,0.03474106928436277
nearest_neighbor_baseline,160,127469,62783,2.758791923522949,0.17308130860328674,0.16614236,0.006938948603286754,24.940832138061523,25.79963,0.8587978619384771,0.5836966037750244,0.49021357,0.09348303377502443,0.5946193933486938,0.5076604,0.08695899334869384,0.29219678044319153,0.3123826,0.020185819556808482
nearest_neighbor_baseline,161,43268,75107,0.9289460778236389,0.95152348279953,0.9592159,0.007692417200469981,6.572695255279541,5.5796895,0.9930057552795413,0.27071499824523926,0.26853508,0.0021799182452392762,0.27966779470443726,0.27953848,0.00012931470443727777,0.3297962248325348,0.30148184,0.02831438483253479
nearest_neighbor_baseline,162,42803,27929,1.0969654321670532,0.8937324285507202,0.9084822,0.014749771449279803,18.553464889526367,17.564554,0.9889108895263661,0.22329853475093842,0.24044713,0.017148595249061593,0.22947165369987488,0.24926578,0.019794126300125114,0.32559633255004883,0.3240329,0.0015634325500488155
nearest_neighbor_baseline,163,1459,136675,2.628509521484375,0.2405024617910385,0.31125742,0.0707549582089615,23.386964797973633,22.369558,1.0174067979736314,0.2810724079608917,0.26200303,0.019069377960891698,0.3361070156097412,0.36804664,0.03193962439025877,0.6751843690872192,0.71938926,0.04420489091278079
nearest_neighbor_baseline,164,68069,18419,1.0732955932617188,0.4046471416950226,0.4174658,0.012818658304977415,19.742938995361328,19.837389,0.09445000463867359,0.21044209599494934,0.21155006,0.0011079640050506712,0.2148999720811844,0.21506488,0.0001649079188156266,0.2394779622554779,0.22330345,0.01617451225547792
nearest_neighbor_baseline,165,46663,95,1.6390293836593628,0.6595140695571899,0.6306602,0.028853869557189937,13.944899559020996,12.79828,1.146619559020996,0.26347607374191284,0.32826695,0.06479087625808716,0.27499958872795105,0.34460637,0.06960678127204895,0.3333789110183716,0.3558489,0.02246998898162844
nearest_neighbor_baseline,166,102649,21551,1.175117015838623,0.9205889701843262,0.87527996,0.045309010184326204,12.152251243591309,14.113092,1.9608407564086914,0.2604481875896454,0.21014732,0.05030086758964539,0.2735973000526428,0.23421419,0.039383110052642833,0.4064860939979553,0.47727737,0.07079127600204466
nearest_neighbor_baseline,167,23918,18929,2.0129411220550537,0.12050358951091766,0.055500045,0.06500354451091767,27.88869285583496,26.757128,1.1315648558349594,0.392600953578949,0.36788923,0.024711723578948963,0.40296831727027893,0.3722383,0.03073001727027891,0.26078319549560547,0.20740405,0.05337914549560546
nearest_neighbor_baseline,168,129278,128127,0.9615299105644226,0.947110116481781,0.9634831,0.01637298351821903,9.266056060791016,9.824373,0.558316939208984,0.2459886521100998,0.22221565,0.023773002110099806,0.26489177346229553,0.23145387,0.033437903462295526,0.34379756450653076,0.34987503,0.006077465493469214
nearest_neighbor_baseline,169,88135,47191,1.3573733568191528,0.9648280143737793,0.9512185,0.01360951437377933,7.212469577789307,5.435145,1.7773245777893063,0.24234040081501007,0.31485316,0.07251275918498995,0.2656267285346985,0.35973653,0.09410980146530151,0.43601229786872864,0.40417278,0.03183951786872863
nearest_neighbor_baseline,170,83412,96156,1.963592529296875,0.14092835783958435,0.17418015,0.033251792160415655,25.51697540283203,27.298477,1.781501597167967,0.3862135112285614,0.34834108,0.037872431228561376,0.39123237133026123,0.3515214,0.03971097133026125,0.23518402874469757,0.19718997,0.03799405874469758
nearest_neighbor_baseline,171,95843,97209,1.957450270652771,0.20495925843715668,0.26585367,0.06089441156284331,28.869068145751953,28.249697,0.619371145751952,0.424222856760025,0.40244472,0.021778136760025046,0.45069029927253723,0.4884497,0.037759400727462755,0.44656902551651,0.5374531,0.09088407448349001
nearest_neighbor_baseline,172,127898,85176,1.2799993753433228,0.6870722770690918,0.6105009,0.07657137706909178,23.330944061279297,23.13431,0.1966340612792976,0.5102161765098572,0.55489653,0.04468035349014288,0.5120195150375366,0.56111866,0.04909914496246337,0.15415041148662567,0.22003186,0.06588144851337432
nearest_neighbor_baseline,173,131660,38777,1.399715781211853,0.6839015483856201,0.6201903,0.06371124838562015,23.0423526763916,22.282326,0.7600266763916004,0.25138041377067566,0.27630904,0.024928626229324347,0.26265791058540344,0.28633088,0.023672969414596567,0.37615370750427246,0.39370427,0.017550562495727562
nearest_neighbor_baseline,174,116898,52122,1.0159285068511963,0.8882390856742859,0.920569,0.03232991432571408,7.021270751953125,5.976424,1.0448467519531253,0.4542270600795746,0.45569226,0.0014651999204254307,0.457319051027298,0.46005416,0.002735108972702016,0.16649813950061798,0.15364957,0.012848569500617968
nearest_neighbor_baseline,175,62291,60962,2.3429136276245117,0.39947474002838135,0.4368854,0.03741065997161863,25.663755416870117,27.196178,1.5324225831298826,0.36701804399490356,0.28598428,0.08103376399490358,0.4071514308452606,0.30417836,0.10297307084526064,0.408509761095047,0.3518146,0.05669516109504702
nearest_neighbor_baseline,176,59051,79413,1.3273050785064697,0.9162630438804626,0.9371833,0.020920256119537406,4.490848541259766,4.2727866,0.21806194125976575,0.36069580912590027,0.37492657,0.014230760874099746,0.3856563866138458,0.3836945,0.0019618866138458313,0.3567774295806885,0.28719553,0.0695818995806885
nearest_neighbor_baseline,177,11502,79817,1.1020267009735107,0.41365501284599304,0.3774842,0.03617081284599305,25.19748306274414,25.969688,0.7722049372558608,0.8096053004264832,0.8260946,0.016489299573516858,0.8120823502540588,0.82788026,0.015797909745941197,0.15952062606811523,0.13646677,0.023053856068115247
nearest_neighbor_baseline,178,42254,77974,1.622376799583435,0.17556624114513397,0.15072244,0.02484380114513396,26.355323791503906,28.104229,1.7489052084960939,0.23769086599349976,0.29563823,0.057947364006500246,0.2419717013835907,0.3006917,0.05871999861640931,0.2355230748653412,0.21228768,0.02323539486534118
nearest_neighbor_baseline,179,46132,124349,1.3220144510269165,0.9682940244674683,0.9381767,0.030117324467468287,2.6215336322784424,2.7796597,0.15812606772155746,0.3282333314418793,0.34425157,0.016018238558120734,0.35459503531455994,0.36166787,0.007072834685440066,0.3344970643520355,0.32354036,0.010956704352035496
nearest_neighbor_baseline,180,51618,37458,1.533278465270996,0.40942832827568054,0.37032053,0.03910779827568056,26.826820373535156,26.036715,0.7901053735351553,0.33793917298316956,0.31001493,0.027924242983169534,0.3417800962924957,0.32229596,0.019484136292495735,0.2667742371559143,0.3179883,0.051214062844085695
nearest_neighbor_baseline,181,67014,43257,1.1658684015274048,0.9799644351005554,0.9761339,0.003830535100555421,11.330781936645508,12.398172,1.0673900633544928,0.279840886592865,0.26405317,0.015787716592864987,0.2868300676345825,0.26692203,0.019908037634582543,0.3158203065395355,0.19055498,0.1252653265395355
nearest_neighbor_baseline,182,99602,7336,0.798231303691864,0.9696170687675476,0.98323125,0.013614181232452394,9.461292266845703,7.293705,2.167587266845703,0.20778585970401764,0.18892466,0.018861199704017645,0.22102274000644684,0.20418373,0.01683901000644683,0.41221410036087036,0.38552797,0.026686130360870364
nearest_neighbor_baseline,183,67695,102997,0.9825395941734314,0.951496422290802,0.97444177,0.022945347709197983,10.321773529052734,9.519079,0.8026945290527348,0.20169098675251007,0.24165972,0.039968733247489924,0.2266617864370346,0.26373178,0.03706999356296542,0.5524045825004578,0.49248752,0.05991706250045775
nearest_neighbor_baseline,184,41623,58560,1.4700058698654175,0.7635399103164673,0.67017376,0.09336615031646733,21.96696662902832,21.726582,0.2403846290283198,0.45918652415275574,0.42676258,0.032423944152755735,0.46149852871894836,0.42880788,0.03269064871894839,0.18966130912303925,0.18695776,0.002703549123039245
nearest_neighbor_baseline,185,67410,121687,2.337646722793579,0.13530169427394867,0.17347693,0.03817523572605133,23.979713439941406,23.181128,0.7985854399414052,0.21128889918327332,0.24559449,0.03430559081672668,0.25895383954048157,0.3122152,0.05326136045951846,0.6368080973625183,0.71904093,0.08223283263748171
nearest_neighbor_baseline,186,57821,71240,1.066653847694397,0.47407153248786926,0.40926892,0.06480261248786928,22.82666015625,23.096407,0.26974684374999924,0.2247244119644165,0.22079779,0.00392662196441651,0.23902945220470428,0.23269965,0.006329802204704277,0.46259376406669617,0.39379376,0.06880000406669617
nearest_neighbor_baseline,187,5920,121860,0.9113154411315918,0.8355811834335327,0.87789935,0.04231816656646725,11.311083793640137,11.328646,0.017562206359864163,0.2593984603881836,0.2570406,0.002357860388183586,0.26339057087898254,0.25945377,0.0039368008789825715,0.21214701235294342,0.17801166,0.03413535235294343
nearest_neighbor_baseline,188,70264,130863,1.2826433181762695,0.3692924976348877,0.4099868,0.04069430236511229,25.87555694580078,25.91455,0.03899305419921717,0.5002956390380859,0.54621243,0.045916790961914034,0.5010603666305542,0.5467785,0.045718133369445746,0.11038407683372498,0.09397277,0.01641130683372498
nearest_neighbor_baseline,189,122404,116733,1.3772013187408447,0.6958268284797668,0.6421041,0.05372272847976689,25.14594268798828,24.806776,0.339166687988282,0.3934709429740906,0.38167205,0.011798892974090591,0.40020468831062317,0.3842057,0.015998988310623186,0.29312583804130554,0.19629765,0.09682818804130555
nearest_neighbor_baseline,190,125615,86089,0.93466717004776,0.40137115120887756,0.42721227,0.02584111879112244,27.125255584716797,25.1097,2.0155555847167967,0.7612732648849487,0.76693326,0.0056599951150512195,0.7629749774932861,0.7684736,0.005498622506713846,0.15035249292850494,0.11646682,0.033885672928504945
nearest_neighbor_baseline,191,61615,14861,1.5501068830490112,0.12808318436145782,0.09353386,0.03454932436145783,22.419296264648438,23.870848,1.4515517353515612,0.2215639352798462,0.21282002,0.008743915279846193,0.23345716297626495,0.22480519,0.008651972976264966,0.38411709666252136,0.39727622,0.013159123337478651
nearest_neighbor_baseline,192,4980,59731,0.9080572724342346,0.9367085099220276,0.91231287,0.024395639922027534,11.190773963928223,12.093957,0.903183036071777,0.22970199584960938,0.23634078,0.006638784150390625,0.24252599477767944,0.2517658,0.00923980522232054,0.46119052171707153,0.3823296,0.07886092171707154
nearest_neighbor_baseline,193,100008,17052,1.2267118692398071,0.9530898928642273,0.9666059,0.013516007135772723,12.271759033203125,11.439846,0.8319130332031257,0.39527472853660583,0.36922804,0.026046688536605855,0.40799230337142944,0.3845366,0.023455703371429437,0.3607606589794159,0.4353785,0.07461784102058411
nearest_neighbor_baseline,194,49295,16105,1.5028700828552246,0.19306015968322754,0.21902457,0.025964410316772463,26.832183837890625,28.33867,1.5064861621093755,0.8686745762825012,0.8564889,0.012185676282501223,0.8691885471343994,0.85750955,0.01167899713439946,0.07343422621488571,0.09974089,0.026306663785114287
nearest_neighbor_baseline,195,82382,15489,1.3131141662597656,0.9241945743560791,0.95940125,0.03520667564392088,16.414506912231445,16.17942,0.23508691223144496,0.31656497716903687,0.33367944,0.01711446283096313,0.31919601559638977,0.33721516,0.018019144403610243,0.20547574758529663,0.24706848,0.041592732414703376
nearest_neighbor_baseline,196,24276,45785,1.35127592086792,0.4573161005973816,0.5333079,0.07599179940261835,26.515419006347656,24.617947,1.8974720063476553,0.30123627185821533,0.33726513,0.03602885814178469,0.3048724830150604,0.3399275,0.03505501698493957,0.20086334645748138,0.19957608,0.0012872664574813952
nearest_neighbor_baseline,197,53983,29775,1.9810420274734497,0.1854272484779358,0.18479988,0.0006273684779357913,26.405113220214844,24.577337,1.8277762202148438,0.6249575018882751,0.6083756,0.01658190188827513,0.6304364204406738,0.6118201,0.01861632044067385,0.2892964780330658,0.20934775,0.0799487280330658
nearest_neighbor_baseline,198,92812,14651,1.392624855041504,0.5507663488388062,0.5756875,0.024921151161193866,24.650005340576172,24.135557,0.5144483405761733,0.30738967657089233,0.27257717,0.034812506570892354,0.3106986880302429,0.2769333,0.03376538803024293,0.1700311303138733,0.21184646,0.041815329686126695
nearest_neighbor_baseline,199,136517,103642,1.0154855251312256,0.7507351636886597,0.7944265,0.04369133631134037,17.736501693725586,16.446856,1.2896456937255856,0.25674018263816833,0.2887997,0.03205951736183166,0.2674912214279175,0.30435038,0.036859158572082495,0.34590944647789,0.35470855,0.008799103522109997
nearest_neighbor_baseline,200,76666,24640,1.3983615636825562,0.9215846657752991,0.91785604,0.003728625775299088,3.9975311756134033,4.7940564,0.7965252243865963,0.2861793637275696,0.28115964,0.005019723727569592,0.2924346625804901,0.2912199,0.0012147625804901363,0.266277015209198,0.3271654,0.060888384790802
nearest_neighbor_baseline,201,79555,41508,2.2547643184661865,0.1166018694639206,0.031251553,0.08535031646392059,23.376482009887695,24.826643,1.4501609901123054,0.25209832191467285,0.29425612,0.04215779808532716,0.25686442852020264,0.3056174,0.04875297147979735,0.2503131628036499,0.28451583,0.03420266719635012
nearest_neighbor_baseline,202,117461,89692,1.1951497793197632,0.2622257471084595,0.28820732,0.025981572891540516,16.82450294494629,19.60513,2.78062705505371,0.22391872107982635,0.2335871,0.009668378920173637,0.23196768760681152,0.23656078,0.004593092393188475,0.26271453499794006,0.22775514,0.03495939499794007
nearest_neighbor_baseline,203,73404,5365,0.9196228981018066,0.8228289484977722,0.84077525,0.017946301502227757,13.698830604553223,14.30075,0.6019193954467781,0.20744597911834717,0.21515587,0.007709890881652831,0.21383808553218842,0.22222431,0.008386224467811593,0.2634994685649872,0.30185437,0.0383549014350128
nearest_neighbor_baseline,204,93290,17065,2.456709384918213,0.3859693109989166,0.38218084,0.0037884709989166043,22.97462272644043,19.519865,3.4547577264404303,0.40691816806793213,0.4165194,0.009601231932067855,0.43141859769821167,0.46556637,0.03414777230178834,0.4290983974933624,0.37398532,0.05511307749336242
nearest_neighbor_baseline,205,60388,42988,1.2989130020141602,0.5565372109413147,0.4991929,0.0573443109413147,17.287195205688477,19.237764,1.950568794311522,0.39355045557022095,0.42686492,0.033314464429779034,0.39533546566963196,0.42910475,0.03376928433036802,0.15190856158733368,0.15040667,0.0015018915873336869
nearest_neighbor_baseline,206,138453,79924,1.5700041055679321,0.6129528880119324,0.5038399,0.10911298801193237,18.025775909423828,15.150395,2.8753809094238285,0.29702454805374146,0.34107965,0.04405510194625856,0.3006204664707184,0.3478903,0.0472698335292816,0.23254358768463135,0.26401186,0.03146827231536864
nearest_neighbor_baseline,207,137789,106407,1.3080698251724243,0.7167369723320007,0.6337114,0.0830255723320007,19.71183967590332,18.721075,0.9907646759033213,0.4939260184764862,0.5062929,0.01236688152351384,0.4957588315010071,0.5074835,0.011724668498992896,0.15563827753067017,0.11481538,0.04082289753067017
nearest_neighbor_baseline,208,73576,139273,1.6084468364715576,0.5568792819976807,0.5218997,0.0349795819976807,23.728511810302734,24.327305,0.5987931896972647,0.23137407004833221,0.22080491,0.010569160048332221,0.23738902807235718,0.23131151,0.00607751807235718,0.3258607089519501,0.3985246,0.07266389104804993
nearest_neighbor_baseline,209,65699,102099,1.303627610206604,0.958599865436554,0.96925884,0.010658974563446,13.475593566894531,9.788651,3.6869425668945315,0.21931813657283783,0.29172635,0.0724082134271622,0.24040940403938293,0.30962852,0.06921911596061708,0.3666093051433563,0.3831538,0.016544494856643666
nearest_neighbor_baseline,210,131957,127606,1.815397024154663,0.1514175981283188,0.09494855,0.05646904812831878,26.612733840942383,25.680159,0.9325748409423831,0.2813429534435272,0.2657775,0.015565453443527222,0.2882433831691742,0.2686766,0.019566783169174207,0.23135486245155334,0.18744282,0.043912042451553335
nearest_neighbor_baseline,211,56838,43030,1.6465188264846802,0.08498980849981308,0.09700054,0.012010731500186916,32.31724166870117,29.897211,2.4200306687011732,0.4834500849246979,0.5346303,0.05118021507530213,0.4860948920249939,0.5360146,0.04991970797500611,0.15097573399543762,0.13757811,0.013397623995437619
nearest_neighbor_baseline,212,74392,98093,1.128953456878662,0.9349828362464905,0.922102,0.012880836246490501,12.154274940490723,12.47795,0.3236750595092772,0.27197837829589844,0.25534257,0.016635808295898447,0.28062704205513,0.26792622,0.012700822055130012,0.30297571420669556,0.3647414,0.06176568579330444
nearest_neighbor_baseline,213,27582,10229,1.5356229543685913,0.9254817962646484,0.9525448,0.027063003735351532,10.825154304504395,9.497598,1.3275563045043945,0.6236396431922913,0.669496,0.04585635680770872,0.6337371468544006,0.6802452,0.04650805314559936,0.2173345386981964,0.2390646,0.021730061301803577
nearest_neighbor_baseline,214,39616,15838,2.3241517543792725,0.0919145941734314,0.022575999,0.0693385951734314,26.757970809936523,26.11699,0.6409808099365222,0.21209730207920074,0.28480977,0.07271246792079927,0.2168109118938446,0.29009497,0.0732840581061554,0.2576812207698822,0.22421275,0.033468470769882214
nearest_neighbor_baseline,215,118498,125267,2.0531911849975586,0.9662544131278992,0.98219115,0.015936736872100843,4.687283992767334,6.200924,1.5136400072326657,0.5874233841896057,0.6923044,0.10488101581039433,0.5967351794242859,0.7000263,0.1032911205757141,0.24747055768966675,0.18214685,0.06532370768966675
nearest_neighbor_baseline,216,3750,58480,1.0045661926269531,0.9182654023170471,0.89664364,0.021621762317047155,17.86029815673828,15.457788,2.4025101567382805,0.42302727699279785,0.41100755,0.012019726992797852,0.4259856343269348,0.41481394,0.011171694326934822,0.20844976603984833,0.19530971,0.01314005603984833
nearest_neighbor_baseline,217,124660,59473,1.4586665630340576,0.42098644375801086,0.31246853,0.10851791375801084,19.827587127685547,18.686245,1.1413421276855473,0.21914535760879517,0.22260462,0.003459262391204837,0.22868181765079498,0.23056856,0.0018867423492050228,0.2908681035041809,0.30568507,0.014816966495819095
nearest_neighbor_baseline,218,58244,56111,1.4296809434890747,0.6429203748703003,0.6954102,0.052489825129699685,23.150096893310547,23.035995,0.1141018933105471,0.6224452257156372,0.61984855,0.0025966757156371534,0.6281452775001526,0.6221708,0.005974477500152564,0.2629695534706116,0.18806607,0.07490348347061157
nearest_neighbor_baseline,219,22477,137023,1.3555392026901245,0.648756206035614,0.66224164,0.013485433964385951,23.589637756347656,24.630816,1.0411782436523431,0.2994318902492523,0.29796034,0.0014715502492523291,0.3087470829486847,0.30647868,0.002268402948684689,0.3012571334838867,0.33943483,0.0381776965161133
nearest_neighbor_baseline,220,22625,124878,2.1609420776367188,0.4297780394554138,0.33128765,0.09849038945541383,19.035911560058594,20.73046,1.694548439941407,0.27904874086380005,0.29129928,0.012250539136199945,0.33387264609336853,0.33917317,0.0053005239066314935,0.5512587428092957,0.49903515,0.05222359280929567
nearest_neighbor_baseline,221,35316,12855,1.7093499898910522,0.25455790758132935,0.22036391,0.03419399758132935,24.57559585571289,28.427147,3.851551144287111,0.2464759349822998,0.23846011,0.008015824982299802,0.250270277261734,0.2458106,0.004459677261734019,0.2310304343700409,0.26518774,0.03415730562995911
nearest_neighbor_baseline,222,51030,108663,1.7531757354736328,0.4254416823387146,0.47545728,0.05001559766128538,18.169496536254883,19.119091,0.9495944637451181,0.3718529939651489,0.3490778,0.022775193965148932,0.37332525849342346,0.35220948,0.021115778493423443,0.13531412184238434,0.17081214,0.03549801815761566
nearest_neighbor_baseline,223,1072,136254,1.1899186372756958,0.9426459074020386,0.9441092,0.0014632925979614075,6.765899658203125,7.9127345,1.146834841796875,0.24385102093219757,0.2731104,0.029259379067802405,0.26433444023132324,0.30915132,0.044816879768676765,0.4435679316520691,0.4763951,0.032827168347930924
nearest_neighbor_baseline,224,43252,17948,1.1162891387939453,0.8453420400619507,0.83115256,0.014189480061950643,17.668106079101562,17.963335,0.2952289208984382,0.290855348110199,0.24856496,0.04229038811019897,0.3129456043243408,0.2796273,0.0333183043243408,0.5603333711624146,0.6282146,0.0678812288375854
nearest_neighbor_baseline,225,122611,137949,1.142877221107483,0.8060480356216431,0.7710879,0.03496013562164302,12.630013465881348,11.999344,0.630669465881347,0.2489713877439499,0.26896265,0.019991262256050135,0.2566351890563965,0.28558514,0.02894995094360353,0.3249909579753876,0.39653227,0.07154131202461245
nearest_neighbor_baseline,226,100627,120442,1.5569992065429688,0.09968418627977371,0.08373386,0.01595032627977372,22.29448127746582,21.750286,0.5441952774658212,0.2670653462409973,0.23191199,0.0351533562409973,0.2740861475467682,0.23914018,0.03494596754676818,0.30870357155799866,0.2567246,0.05197897155799863
nearest_neighbor_baseline,227,2721,93974,1.5754672288894653,0.3706282079219818,0.39124614,0.02061793207801821,25.3913631439209,25.54052,0.14915685607910234,0.592674732208252,0.59793234,0.005257607791747998,0.5963541865348816,0.60088986,0.004535673465118406,0.1776685267686844,0.16352816,0.014140366768684381
nearest_neighbor_baseline,228,24569,17952,2.0624911785125732,0.12817658483982086,0.07997736,0.048199224839820864,23.45474624633789,25.063278,1.6085317536621098,0.34428080916404724,0.37589064,0.03160983083595276,0.3495969772338867,0.37932542,0.029728442766113305,0.21771299839019775,0.18083556,0.03687743839019775
nearest_neighbor_baseline,229,41521,109478,1.9819540977478027,0.003838365199044347,0.07289079,0.06905242480095565,31.36345863342285,28.077456,3.28600263342285,0.37942883372306824,0.38031256,0.0008837262769317844,0.3840329945087433,0.3924869,0.008453905491256741,0.22391285002231598,0.29339442,0.06948156997768401
nearest_neighbor_baseline,230,62517,3450,1.9430925846099854,0.17081134021282196,0.13931303,0.031498310212821956,25.09146499633789,23.992552,1.0989129963378907,0.26923927664756775,0.290519,0.021279723352432278,0.2909494638442993,0.299823,0.00887353615570069,0.458804726600647,0.2844439,0.17436082660064695
nearest_neighbor_baseline,231,17066,104490,1.090433955192566,0.6770784258842468,0.6362742,0.040804225884246814,20.6450138092041,20.406773,0.2382408092041004,0.24544167518615723,0.261379,0.015937324813842746,0.25068676471710205,0.2719739,0.02128713528289794,0.281553715467453,0.33112547,0.049571754532546974
nearest_neighbor_baseline,232,91418,97239,1.6302049160003662,0.3378693759441376,0.29394087,0.04392850594413755,23.478843688964844,21.852108,1.6267356889648426,0.2282087206840515,0.2483825,0.020173779315948492,0.23733384907245636,0.25417295,0.01683910092754365,0.2693607211112976,0.24930929,0.02005143111129762
nearest_neighbor_baseline,233,32688,70087,1.955036997795105,0.20525403320789337,0.16406295,0.04119108320789336,29.25372886657715,30.972347,1.7186181334228507,0.3919818103313446,0.4185848,0.026602989668655375,0.3933219313621521,0.42051584,0.027193908637847874,0.1287250816822052,0.16478589,0.03606080831779479
nearest_neighbor_baseline,234,91789,59010,1.5627696514129639,0.5143330693244934,0.4917091,0.022623969324493398,26.017683029174805,27.438684,1.4210009708251938,0.40005773305892944,0.42513898,0.025081246941070556,0.4036281406879425,0.42835578,0.024727639312057514,0.2584933340549469,0.24036537,0.018127964054946905
nearest_neighbor_baseline,235,13028,47036,1.247605562210083,0.8399932980537415,0.91147655,0.0714832519462586,16.72794532775879,15.363368,1.3645773277587896,0.20814882218837738,0.19837642,0.009772402188377383,0.27444103360176086,0.24767542,0.026765613601760857,0.7472447752952576,0.8043472,0.05710242470474247
nearest_neighbor_baseline,236,70948,79286,1.7522691488265991,0.1605110466480255,0.044724163,0.11578688364802552,21.682193756103516,23.031775,1.349581243896484,0.20531412959098816,0.21503708,0.009722950409011832,0.20816932618618011,0.22414741,0.015978083813819877,0.21583369374275208,0.28810146,0.0722677662572479
nearest_neighbor_baseline,237,28223,53698,1.3789541721343994,0.5644990801811218,0.5405529,0.023946180181121823,22.942352294921875,22.52343,0.41892229492187383,0.3978060483932495,0.34466538,0.05314066839324949,0.4058496952056885,0.38059124,0.02525845520568848,0.3190000355243683,0.35471535,0.0357153144756317
nearest_neighbor_baseline,238,78181,14421,1.6010719537734985,0.10548948496580124,0.14918949,0.04370000503419877,25.83477210998535,25.68636,0.14841210998535104,0.2397148460149765,0.2929502,0.05323535398502349,0.25961756706237793,0.30875295,0.049135382937622096,0.46977993845939636,0.43659955,0.03318038845939636
nearest_neighbor_baseline,239,105157,88616,1.2658288478851318,0.362822026014328,0.44862574,0.08580371398567199,26.99063491821289,26.42577,0.5648649182128906,0.6176826357841492,0.6325838,0.01490116421585086,0.624481737613678,0.6380062,0.01352446238632199,0.24501396715641022,0.24677007,0.0017561028435897907
nearest_neighbor_baseline,240,108248,5912,1.4296069145202637,0.11966154724359512,0.079751275,0.03991027224359513,23.12008285522461,24.599041,1.4789581447753903,0.2135874480009079,0.22688648,0.013299031999092104,0.21699444949626923,0.22869721,0.011702760503730786,0.21096956729888916,0.17098586,0.03998370729888917
nearest_neighbor_baseline,241,103589,67233,1.1050100326538086,0.930513322353363,0.9245767,0.005936622353363008,11.945894241333008,9.835166,2.1107282413330086,0.3194456696510315,0.29755396,0.021891709651031488,0.3345573842525482,0.32644728,0.008110104252548211,0.3734196126461029,0.38868377,0.015264157353897079
nearest_neighbor_baseline,242,8463,42553,1.6228556632995605,0.6416434049606323,0.5976879,0.043955504960632275,19.813398361206055,22.338085,2.524686638793945,0.2787420451641083,0.2626575,0.016084545164108288,0.32716384530067444,0.3146407,0.012523145300674443,0.5784012675285339,0.52752966,0.050871607528533924
nearest_neighbor_baseline,243,100731,123828,1.274657964706421,0.9633401036262512,0.9736238,0.010283696373748819,11.5271577835083,12.105621,0.5784632164916985,0.2284170538187027,0.29644313,0.0680260761812973,0.2500104606151581,0.31168774,0.06167727938484191,0.5525499582290649,0.4676204,0.08492955822906495
nearest_neighbor_baseline,244,16512,122100,1.1711443662643433,0.9880145192146301,0.97604,0.011974519214630108,4.467947006225586,4.076639,0.3913080062255858,0.21625252068042755,0.2797953,0.06354277931957247,0.25344863533973694,0.32368872,0.07024008466026305,0.6042022705078125,0.56989783,0.03430444050781245
nearest_neighbor_baseline,245,125001,115273,0.9617452621459961,0.9773364067077637,0.96457726,0.01275914670776368,10.36487102508545,11.064753,0.6998819749145504,0.2013349086046219,0.20988674,0.008551831395378101,0.22403733432292938,0.22788495,0.0038476156770706205,0.5571891665458679,0.4876974,0.06949176654586792
nearest_neighbor_baseline,246,99304,16974,0.9886032938957214,0.819642961025238,0.81628245,0.0033605110252380443,17.556325912475586,17.2654,0.2909259124755863,0.1679372787475586,0.1774206,0.009483321252441418,0.18653012812137604,0.19805776,0.011527631878623962,0.5443511009216309,0.61438125,0.07003014907836913
nearest_neighbor_baseline,247,59368,98834,1.4601815938949585,0.8950040936470032,0.8557076,0.03929649364700316,15.445110321044922,14.390379,1.0547313210449225,0.2726794183254242,0.30840245,0.0357230316745758,0.3043588101863861,0.37506026,0.07070144981361387,0.4596441090106964,0.5678094,0.10816529098930361
nearest_neighbor_baseline,248,135254,62576,1.317090630531311,0.5307944416999817,0.5286346,0.002159841699981735,21.969709396362305,21.211502,0.7582073963623053,0.2375824898481369,0.22244284,0.015139649848136899,0.26354506611824036,0.25232762,0.011217446118240382,0.6042070984840393,0.56189287,0.04231422848403932
nearest_neighbor_baseline,249,31376,73054,2.0090670585632324,0.35937148332595825,0.34231502,0.017056463325958227,25.705663681030273,25.90376,0.1980963189697249,0.2539100646972656,0.25250646,0.0014036046972656369,0.2622128129005432,0.2626259,0.0004130870994568103,0.37957698106765747,0.3366831,0.04289388106765746
nearest_neighbor_baseline,250,43095,16838,1.0535343885421753,0.6267586350440979,0.59944224,0.027316395044097885,22.546884536743164,22.630375,0.08349046325683673,0.1995910406112671,0.2234351,0.023844059388732908,0.21163992583751678,0.23458858,0.022948654162483206,0.4055614173412323,0.3840917,0.02146971734123232
nearest_neighbor_baseline,251,94578,37042,1.0783307552337646,0.5423523187637329,0.503693,0.038659318763732964,23.959924697875977,22.85769,1.102234697875975,0.274715393781662,0.29215786,0.017442466218338004,0.27839627861976624,0.295182,0.016785721380233765,0.21353867650032043,0.21559742,0.0020587434996795773
nearest_neighbor_baseline,252,54985,67844,1.3072617053985596,0.9105069041252136,0.8442917,0.06621520412521364,12.440189361572266,12.085671,0.354518361572266,0.29873040318489075,0.24455297,0.05417743318489074,0.31377801299095154,0.26482847,0.048949542990951556,0.3605535328388214,0.3846271,0.02407356716117859
nearest_neighbor_baseline,253,13421,105875,1.3621125221252441,0.7158985733985901,0.72779435,0.011895776601409946,18.616666793823242,16.673859,1.942807793823242,0.3278341293334961,0.25857168,0.06926244933349607,0.33814847469329834,0.26630026,0.07184821469329833,0.3462508022785187,0.3865754,0.04032459772148134
nearest_neighbor_baseline,254,14240,43165,1.4683607816696167,0.7996929287910461,0.7968547,0.0028382287910461157,20.024221420288086,18.645573,1.378648420288087,0.43368637561798096,0.49175027,0.05806389438201903,0.4392819404602051,0.4992052,0.05992325953979494,0.28094038367271423,0.25957227,0.02136811367271424
nearest_neighbor_baseline,255,48132,107705,1.176002860069275,0.7429144382476807,0.7083659,0.03454853824768067,19.935741424560547,18.70371,1.232031424560546,0.23454780876636505,0.24550048,0.010952671233634942,0.25078096985816956,0.26725075,0.016469780141830426,0.5321772694587708,0.51385146,0.018325809458770714
nearest_neighbor_baseline,256,57668,26252,1.0432735681533813,0.891648530960083,0.9134295,0.021780969039916998,14.537009239196777,13.021815,1.5151942391967772,0.20917892456054688,0.21295598,0.003777055439453114,0.2767767012119293,0.23470072,0.04207598121192932,0.5549461841583252,0.5485922,0.006353984158325221
nearest_neighbor_baseline,257,36940,129177,1.4083616733551025,0.5117636322975159,0.5782253,0.06646166770248418,21.332468032836914,22.619211,1.286742967163086,0.27445322275161743,0.30117878,0.026725557248382548,0.2785676121711731,0.30450645,0.02593883782882689,0.24886250495910645,0.2280414,0.02082110495910644
nearest_neighbor_baseline,258,33477,75097,1.1220121383666992,0.9781086444854736,0.9824236,0.00431495551452632,10.358532905578613,9.724348,0.6341849055786124,0.19044829905033112,0.21044233,0.019994030949668895,0.20816409587860107,0.23029381,0.022129714121398913,0.5073365569114685,0.51846653,0.011129973088531475
nearest_neighbor_baseline,259,52426,2474,1.7319079637527466,0.9524940252304077,0.9172222,0.03527182523040773,15.262078285217285,11.376332,3.8857462852172855,0.2256660908460617,0.21989527,0.005770820846061703,0.2744714319705963,0.29873827,0.02426683802940366,0.7252386212348938,0.8243051,0.09906647876510621
nearest_neighbor_baseline,260,38779,109799,1.2300673723220825,0.6132272481918335,0.5971405,0.016086748191833533,25.08067512512207,24.50838,0.5722951251220714,0.33530357480049133,0.32135475,0.01394882480049131,0.33941376209259033,0.32503062,0.01438314209259034,0.2288915365934372,0.2820252,0.05313366340656278
nearest_neighbor_baseline,261,91841,92725,1.1843430995941162,0.8401565551757812,0.8585684,0.01841184482421876,14.332850456237793,14.2007885,0.13206195623779315,0.2387721687555313,0.25513637,0.01636420124446869,0.26429250836372375,0.29645187,0.03215936163627625,0.5091025829315186,0.52818686,0.01908427706848148
nearest_neighbor_baseline,262,24873,66631,1.4714186191558838,0.028589772060513496,0.020702537,0.007887235060513496,28.95104217529297,28.997772,0.046729824707032463,0.7584160566329956,0.7701232,0.011707143367004402,0.75994873046875,0.7711211,0.011172369531250004,0.16166307032108307,0.13712277,0.024540300321083064
nearest_neighbor_baseline,263,51934,124647,0.9408577084541321,0.9414956569671631,0.8966085,0.044887156967163055,14.106842994689941,12.671608,1.4352349946899405,0.39574694633483887,0.39034554,0.005401406334838876,0.40983742475509644,0.4013261,0.008511324755096417,0.3393617272377014,0.36303815,0.023676422762298588
nearest_neighbor_baseline,264,39532,106181,1.8261584043502808,0.08326628059148788,0.052459534,0.030806746591487882,28.016197204589844,28.339094,0.3228967954101556,0.304090291261673,0.3252173,0.021127008738327013,0.308577299118042,0.33479056,0.026213260881958023,0.2836875319480896,0.25707704,0.02661049194808962
nearest_neighbor_baseline,265,31062,138789,1.3126031160354614,0.8615401387214661,0.87256724,0.011027101278533902,11.421038627624512,11.510583,0.08954437237548873,0.23521843552589417,0.26516834,0.029949904474105837,0.2402036488056183,0.28399855,0.04379490119438173,0.23175165057182312,0.28436866,0.052617009428176875
nearest_neighbor_baseline,266,50183,20978,1.8684420585632324,0.3014727532863617,0.29948872,0.0019840332863617083,26.265727996826172,24.913795,1.3519329968261715,0.4123781621456146,0.44163948,0.02926131785438535,0.415578693151474,0.4461289,0.030550206848525996,0.2122334986925125,0.2384472,0.026213701307487486
nearest_neighbor_baseline,267,36167,139936,1.4949007034301758,0.7087459564208984,0.7044345,0.004311456420898474,20.970714569091797,22.294357,1.3236424309082047,0.25715047121047974,0.26164585,0.004495378789520277,0.2612418830394745,0.26541677,0.004174886960525537,0.243158757686615,0.22317527,0.01998348768661498
nearest_neighbor_baseline,268,8665,2514,1.065852403640747,0.7045513391494751,0.6832746,0.021276739149475143,18.222347259521484,17.090548,1.131799259521486,0.2690601646900177,0.26792148,0.0011386846900177106,0.2742185592651367,0.2834196,0.009201040734863275,0.3106231689453125,0.40337574,0.09275257105468748
nearest_neighbor_baseline,269,76263,82161,1.8534265756607056,0.20133671164512634,0.17031556,0.031021151645126338,24.99882698059082,21.382309,3.616517980590821,0.21347838640213013,0.22443794,0.010959553597869875,0.22258532047271729,0.25195977,0.029374449527282742,0.327783465385437,0.3877402,0.05995673461456297
nearest_neighbor_baseline,270,35307,120970,1.0532797574996948,0.9887624979019165,0.9905427,0.0017802020980834943,9.243590354919434,8.425476,0.8181143549194339,0.2169392853975296,0.24991564,0.03297635460247039,0.23027412593364716,0.26711765,0.03684352406635283,0.44285088777542114,0.4856078,0.042756912224578836
nearest_neighbor_baseline,271,3600,29887,0.7532945275306702,0.9729058742523193,0.9666776,0.00622827425231931,10.567540168762207,11.373203,0.8056628312377931,0.1916934847831726,0.18051122,0.011182264783172607,0.20067249238491058,0.19229783,0.00837466238491058,0.4072873890399933,0.42983165,0.022544260960006723
nearest_neighbor_baseline,272,22106,17065,3.002936363220215,0.3859693109989166,0.34110647,0.04486284099891663,22.97462272644043,26.640862,3.666239273559569,0.40691816806793213,0.27078304,0.13613512806793215,0.43141859769821167,0.32109302,0.11032557769821166,0.4290983974933624,0.48733088,0.058232482506637595
nearest_neighbor_baseline,273,4726,31598,1.639487862586975,0.44075652956962585,0.4112961,0.029460429569625857,27.045528411865234,26.475035,0.570493411865236,0.43980270624160767,0.37116262,0.06864008624160767,0.4425547420978546,0.3724164,0.07013834209785463,0.16397714614868164,0.13212761,0.031849536148681634
nearest_neighbor_baseline,274,40472,71864,1.3266856670379639,0.9922969937324524,0.98767126,0.004625733732452342,3.9779417514801025,4.3296614,0.35171964851989745,0.2401537150144577,0.2382341,0.0019196150144576984,0.2693488895893097,0.27962372,0.010274830410690328,0.6041290163993835,0.5912923,0.012836716399383552
nearest_neighbor_baseline,275,75375,40980,1.2182741165161133,0.4960295259952545,0.50767136,0.0116418340047455,21.468875885009766,22.754032,1.285156114990233,0.2386273741722107,0.21536247,0.023264904172210693,0.256989449262619,0.23122686,0.025762589262619012,0.42505207657814026,0.39781028,0.027241796578140243
nearest_neighbor_baseline,276,72147,52738,1.684720516204834,0.8675559759140015,0.87499845,0.007442474085998518,8.474811553955078,7.6722603,0.8025512539550785,0.26190969347953796,0.26142305,0.0004866434795379737,0.2863202691078186,0.29634565,0.010025380892181412,0.5098348259925842,0.42765832,0.08217650599258425
nearest_neighbor_baseline,277,63301,104603,1.2585889101028442,0.728589653968811,0.7035127,0.025076953968811044,20.578947067260742,19.36888,1.2100670672607414,0.2298087775707245,0.22432528,0.005483497570724499,0.2353276163339615,0.23307046,0.0022571563339614797,0.30847999453544617,0.37396392,0.06548392546455384
nearest_neighbor_baseline,278,54225,4180,1.8523637056350708,0.40511956810951233,0.3403389,0.06478066810951233,24.36759376525879,24.13241,0.23518376525878892,0.22505411505699158,0.24628319,0.021229074943008436,0.24776910245418549,0.26130217,0.013533067545814514,0.43116289377212524,0.47656867,0.04540577622787478
nearest_neighbor_baseline,279,113564,57173,0.8161015510559082,0.8378027081489563,0.87947303,0.04167032185104369,20.85877227783203,20.354042,0.5047302778320315,0.4188621938228607,0.41001642,0.008845773822860725,0.42074090242385864,0.41278175,0.00795915242385864,0.2057144045829773,0.20789205,0.0021776454170227
nearest_neighbor_baseline,280,81275,80084,1.9937896728515625,0.05778294801712036,0.053582173,0.0042007750171203645,26.65238380432129,27.387335,0.7349511956787111,0.32996535301208496,0.38918698,0.059221626987915055,0.3394021987915039,0.3955653,0.0561631012084961,0.2732528746128082,0.2267816,0.04647127461280823
nearest_neighbor_baseline,281,33040,135554,1.6829861402511597,0.9588841795921326,0.9785827,0.01969852040786746,7.251164436340332,6.7831244,0.46804003634033187,0.2516663074493408,0.31473753,0.06307122255065917,0.28712332248687744,0.3415968,0.05447347751312254,0.6109201908111572,0.48362392,0.12729627081115724
nearest_neighbor_baseline,282,10154,81332,1.691702127456665,0.1261490285396576,0.098473705,0.027675323539657598,29.13920783996582,27.787012,1.3521958399658196,0.8140376210212708,0.7885107,0.025526921021270743,0.8166881799697876,0.7911142,0.025573979969787608,0.143926739692688,0.14258045,0.0013462896926879908
nearest_neighbor_baseline,283,28013,138908,1.3528151512145996,0.9239427447319031,0.9169395,0.007003244731903058,3.68183970451355,4.2195415,0.5377017954864503,0.2578500211238861,0.29325196,0.03540193887611387,0.2766481637954712,0.32434544,0.04769727620452879,0.4107568860054016,0.4232211,0.012464213994598405
nearest_neighbor_baseline,284,64595,138809,0.9794746041297913,0.9564561247825623,0.94863003,0.007826094782562243,3.0534584522247314,3.9497595,0.8963010477752684,0.37814998626708984,0.38458106,0.006431073732910131,0.38716134428977966,0.39139143,0.0042300857102203215,0.19774606823921204,0.23233356,0.03458749176078796
nearest_neighbor_baseline,285,101396,131177,1.282989501953125,0.5343207716941833,0.5383165,0.003995728305816626,25.241825103759766,25.504929,0.263103896240235,0.2797897756099701,0.25300983,0.0267799456099701,0.28273433446884155,0.25603256,0.026701774468841533,0.16900216042995453,0.21325514,0.04425297957004548
nearest_neighbor_baseline,286,76265,34694,2.071634292602539,0.25160613656044006,0.13756576,0.11404037656044005,22.134119033813477,25.181318,3.0471989661865244,0.28164228796958923,0.28689077,0.005248482030410784,0.29010799527168274,0.29042092,0.00031292472831728757,0.2736355662345886,0.19157448,0.08206108623458863
nearest_neighbor_baseline,287,75669,300,0.7508313059806824,0.9704240560531616,0.9724585,0.0020344439468383824,11.271296501159668,11.131249,0.14004750115966758,0.18311463296413422,0.19539723,0.012282597035865789,0.1936202496290207,0.21733171,0.02371146037097932,0.4524020850658417,0.51052403,0.05812194493415834
nearest_neighbor_baseline,288,137408,132428,1.2308926582336426,0.7925544381141663,0.8090895,0.016535061885833757,10.336138725280762,9.103118,1.2330207252807615,0.2454952448606491,0.27225062,0.02675537513935089,0.25028765201568604,0.28069246,0.030404807984313942,0.21887123584747314,0.251169,0.03229776415252683
nearest_neighbor_baseline,289,103445,123465,1.4367218017578125,0.39092203974723816,0.37279156,0.018130479747238137,18.85565757751465,19.20243,0.34677242248535123,0.2643210291862488,0.28224108,0.017920050813751198,0.2663182020187378,0.28331393,0.0169957279812622,0.16296862065792084,0.1267166,0.036252020657920825
nearest_neighbor_baseline,290,92865,105473,1.2005161046981812,0.9736021757125854,0.9592784,0.014323775712585474,12.863815307617188,12.128454,0.7353613076171879,0.3255956470966339,0.34557536,0.019979712903366087,0.3282628655433655,0.3493677,0.021104834456634525,0.21320156753063202,0.22845373,0.015252162469367975
nearest_neighbor_baseline,291,46257,99043,1.1317460536956787,0.4488976001739502,0.44090167,0.007995930173950172,24.571922302246094,25.284513,0.7125906977539067,0.2813431918621063,0.25462192,0.02672127186210632,0.2833194434642792,0.25806665,0.025252793464279166,0.1743466705083847,0.22859465,0.054247979491615306
nearest_neighbor_baseline,292,41425,75476,1.6062649488449097,0.8926076292991638,0.95820147,0.06559384070083618,11.031820297241211,10.146467,0.8853532972412115,0.2063141018152237,0.23355508,0.027240978184776304,0.22586068511009216,0.24389672,0.018036034889907848,0.4806918203830719,0.41561747,0.06507435038307191
nearest_neighbor_baseline,293,54336,91413,1.6274211406707764,0.7172073721885681,0.6343021,0.08290527218856814,21.92376136779785,22.703932,0.7801706322021467,0.3219238519668579,0.38604996,0.06412610803314212,0.43564584851264954,0.50838137,0.07273552148735052,0.7326574325561523,0.7699292,0.037271767443847637
nearest_neighbor_baseline,294,68603,89146,0.9740285873413086,0.8186840415000916,0.83460915,0.01592510849990847,15.596759796142578,15.194866,0.4018937961425788,0.2627946138381958,0.2382669,0.024527713838195797,0.26803871989250183,0.24308197,0.024956749892501823,0.2523080110549927,0.25055584,0.0017521710549927016
nearest_neighbor_baseline,295,172,47900,1.1692522764205933,0.19850535690784454,0.20137583,0.002870473092155462,23.252946853637695,22.813358,0.4395888536376944,0.21808812022209167,0.2420166,0.023928479777908324,0.22432193160057068,0.24741398,0.023092048399429327,0.29334506392478943,0.25468296,0.038662103924789415
nearest_neighbor_baseline,296,123016,62068,1.8231559991836548,0.9759466648101807,0.9812167,0.005270035189819389,2.974669933319092,4.9363704,1.9617004666809086,0.3018462359905243,0.24906309,0.052783145990524305,0.341378390789032,0.28835976,0.05301863078903196,0.4998154044151306,0.54516137,0.04534596558486936
nearest_neighbor_baseline,297,41918,70081,1.1190472841262817,0.6169689893722534,0.6875048,0.07053581062774661,23.053245544433594,23.04109,0.012155544433593235,0.615105926990509,0.56519747,0.049908456990509054,0.6193298697471619,0.5686443,0.050685569747161874,0.21967945992946625,0.22414039,0.004460930070533747
nearest_neighbor_baseline,298,116501,74705,1.2606263160705566,0.9877106547355652,0.961938,0.025772654735565226,9.415300369262695,11.166701,1.7514006307373045,0.30008915066719055,0.29986548,0.0002236706671905342,0.308584064245224,0.3183474,0.009763335754776004,0.3650212287902832,0.4789732,0.11395197120971678
nearest_neighbor_baseline,299,83289,55826,1.7283399105072021,0.06684329360723495,0.10203388,0.03519058639276504,26.778175354003906,26.510551,0.2676243540039067,0.3176979422569275,0.33324665,0.015548707743072487,0.33724337816238403,0.33710477,0.00013860816238403517,0.337698757648468,0.1958459,0.14185285764846803
nearest_neighbor_baseline,300,81192,72861,1.6785248517990112,0.5548968315124512,0.490944,0.06395283151245118,21.7657527923584,23.12739,1.3616372076416,0.22962909936904907,0.25164253,0.022013430630950903,0.2570863962173462,0.3019152,0.0448288037826538,0.5335763692855835,0.6454462,0.11186983071441647
nearest_neighbor_baseline,301,98843,28951,1.3540301322937012,0.9059268832206726,0.923299,0.017372116779327373,13.747138023376465,14.699223,0.9520849766235351,0.29274246096611023,0.30026478,0.007522319033889779,0.343005895614624,0.3555695,0.01256360438537596,0.5105026364326477,0.6123233,0.10182066356735231
nearest_neighbor_baseline,302,118308,54713,1.2800002098083496,0.6406211853027344,0.5867815,0.05383968530273442,18.418067932128906,19.040152,0.6220840678710928,0.21089021861553192,0.26382,0.05292978138446808,0.2182772159576416,0.2698244,0.05154718404235842,0.3004956841468811,0.2739238,0.02657188414688111
nearest_neighbor_baseline,303,39536,36617,1.9047514200210571,0.15344993770122528,0.14542727,0.008022667701225283,27.422508239746094,24.447695,2.9748132397460942,0.39531993865966797,0.36044312,0.03487681865966796,0.39592981338500977,0.36110398,0.034825833385009775,0.10579925775527954,0.09438489,0.011414367755279542
nearest_neighbor_baseline,304,14631,6401,1.0069355964660645,0.9455457925796509,0.90485644,0.040689352579650895,11.141120910644531,12.909215,1.7680940893554684,0.2627756893634796,0.2646462,0.0018705106365203839,0.27848684787750244,0.2729385,0.005548347877502469,0.41889292001724243,0.37923038,0.039662540017242454
nearest_neighbor_baseline,305,73046,119818,1.573551058769226,0.4342256486415863,0.3854943,0.04873134864158629,20.557525634765625,21.239113,0.6815873652343747,0.24589471518993378,0.25528932,0.00939460481006621,0.28038662672042847,0.28744483,0.007058203279571518,0.5020963549613953,0.48869804,0.013398314961395263
nearest_neighbor_baseline,306,92435,88664,1.6659544706344604,0.8907380700111389,0.9186843,0.027946229988861093,4.402328014373779,2.886876,1.5154520143737793,0.2565203309059143,0.279381,0.022860669094085684,0.28575021028518677,0.3340104,0.04826018971481322,0.4456629455089569,0.44246468,0.00319826550895691
nearest_neighbor_baseline,307,33698,108273,0.9838913679122925,0.9476664066314697,0.9102682,0.037398206631469755,9.16817569732666,8.709953,0.45822269732665966,0.2674545645713806,0.25203067,0.015423894571380603,0.272288054227829,0.26211572,0.010172334227828983,0.24547848105430603,0.29503158,0.049553098945693985
nearest_neighbor_baseline,308,39362,135200,2.244148015975952,0.30090826749801636,0.4348035,0.13389523250198365,24.68761444091797,21.646608,3.0410064409179682,0.20915205776691437,0.211076,0.001923942233085646,0.28507155179977417,0.29017657,0.005105018200225853,0.9223677515983582,0.8920513,0.030316451598358163
nearest_neighbor_baseline,309,71514,35968,1.286769151687622,0.9710559844970703,0.9647048,0.0063511844970702835,7.249780654907227,7.9841905,0.7344098450927738,0.2393673062324524,0.19930682,0.0400604862324524,0.25236549973487854,0.20805982,0.044305679734878534,0.37164145708084106,0.37749887,0.005857412919158922
nearest_neighbor_baseline,310,117528,50940,1.6687300205230713,0.3387322723865509,0.30567494,0.0330573323865509,27.795764923095703,27.366968,0.42879692309570316,0.5433241724967957,0.5179925,0.025331672496795687,0.5448746681213379,0.51924,0.025634668121337856,0.1589406579732895,0.13638976,0.02255089797328949
nearest_neighbor_baseline,311,131305,60748,1.9725797176361084,0.34611067175865173,0.25995806,0.08615261175865174,24.347076416015625,18.83032,5.516756416015625,0.2396681010723114,0.21972083,0.019947271072311396,0.2792988717556,0.24762735,0.03167152175559998,0.49712467193603516,0.5050828,0.007958128063964898
nearest_neighbor_baseline,312,36270,25295,1.0920672416687012,0.9354450106620789,0.92470616,0.010738850662078803,8.271910667419434,8.289946,0.018035332580566887,0.3572640120983124,0.41474327,0.05747925790168762,0.3621983230113983,0.4221024,0.05990407698860167,0.18944665789604187,0.2142116,0.024764942103958132
nearest_neighbor_baseline,313,126305,98922,1.2921370267868042,0.673093318939209,0.66858584,0.0045074789392089976,24.61256980895996,24.711943,0.09937319104004061,0.3131197690963745,0.30780885,0.005310919096374489,0.3159502148628235,0.31068867,0.005261544862823486,0.20256395637989044,0.20432056,0.0017566036201095703
nearest_neighbor_baseline,314,19407,106684,1.2412166595458984,0.6616690754890442,0.657395,0.004274075489044238,22.773536682128906,22.130531,0.643005682128905,0.5216307640075684,0.5336939,0.012063135992431695,0.5375099182128906,0.5518591,0.014349181787109422,0.42260658740997314,0.41703588,0.005570707409973119
nearest_neighbor_baseline,315,57889,116082,2.5667805671691895,0.23358488082885742,0.23976566,0.00618077917114257,27.534286499023438,25.276556,2.257730499023438,0.4311319589614868,0.44294608,0.011814121038513203,0.44299545884132385,0.4741078,0.03111234115867617,0.2999807894229889,0.37475488,0.07477409057701112
nearest_neighbor_baseline,316,106156,65786,1.8129926919937134,0.11415094137191772,0.23105118,0.11690023862808227,29.940502166748047,28.889288,1.0512141667480464,0.5492633581161499,0.557855,0.008591641883850087,0.5517672896385193,0.5610712,0.009303910361480705,0.19333094358444214,0.16851021,0.024820733584442145
nearest_neighbor_baseline,317,125247,99295,1.8963119983673096,0.3391781151294708,0.45700952,0.11783140487052918,24.225181579589844,24.155535,0.06964657958984333,0.330349326133728,0.26423794,0.06611138613372802,0.33327847719192505,0.2692116,0.06406687719192505,0.21636708080768585,0.28750113,0.07113404919231414
nearest_neighbor_baseline,318,92795,72996,1.1546952724456787,0.656269907951355,0.7394128,0.083142892048645,17.431655883789062,17.904608,0.47295211621093713,0.2737232446670532,0.23486462,0.038858624667053226,0.28324660658836365,0.25301483,0.030231776588363624,0.30639293789863586,0.3827207,0.07632776210136416
nearest_neighbor_baseline,319,6400,108146,1.554598331451416,0.93068927526474,0.89365727,0.03703200526474004,13.633420944213867,16.786804,3.153383055786133,0.26698973774909973,0.32529032,0.05830058225090029,0.28305715322494507,0.3571512,0.07409404677505493,0.4526752531528473,0.44236517,0.010310083152847316
nearest_neighbor_baseline,320,43454,55739,1.577009677886963,0.2978679835796356,0.32275113,0.024883146420364377,26.385860443115234,28.142456,1.7565955568847649,0.28854143619537354,0.28867918,0.00013774380462644453,0.295245498418808,0.29126674,0.0039787584188079594,0.2449629306793213,0.22427547,0.020687460679321285
nearest_neighbor_baseline,321,24302,44347,1.1009904146194458,0.9299654364585876,0.9050683,0.0248971364585876,11.083245277404785,11.274244,0.19099872259521433,0.37257641553878784,0.3446026,0.02797381553878786,0.3757176101207733,0.34796268,0.02775493012077329,0.20748035609722137,0.1711779,0.03630245609722138
nearest_neighbor_baseline,322,134431,47460,1.6057926416397095,0.9334840178489685,0.94564897,0.012164952151031527,14.814133644104004,13.800077,1.014056644104004,0.23044347763061523,0.1814734,0.04897007763061523,0.30838271975517273,0.2639116,0.044471119755172706,0.9631390571594238,1.0787532,0.11561414284057614
nearest_neighbor_baseline,323,89991,90320,0.9997816681861877,0.8220500349998474,0.8050401,0.017009934999847376,15.230627059936523,14.9229355,0.307691559936524,0.24994048476219177,0.22444968,0.02549080476219176,0.25642409920692444,0.23672551,0.01969858920692444,0.32275816798210144,0.36564004,0.04288187201789856
nearest_neighbor_baseline,324,58068,6595,1.3490221500396729,0.626007616519928,0.6402763,0.014268683480072042,25.15158462524414,23.677908,1.473676625244142,0.5072046518325806,0.4627116,0.044493051832580566,0.5088428854942322,0.46429175,0.044551135494232175,0.15513035655021667,0.15736014,0.0022297834497833346
nearest_neighbor_baseline,325,8442,12659,1.5087729692459106,0.32836997509002686,0.30077958,0.027590395090026865,25.628067016601562,25.690079,0.062011983398438275,0.5538923740386963,0.5367874,0.017104974038696263,0.5576960444450378,0.5396353,0.018060744445037802,0.15472440421581268,0.13487516,0.01984924421581269
nearest_neighbor_baseline,326,88077,54515,1.3855485916137695,0.7913967370986938,0.7691884,0.022208337098693853,17.838409423828125,18.937822,1.0994125761718756,0.2490428388118744,0.26469985,0.015657011188125625,0.2613125443458557,0.2769085,0.015595955654144289,0.3897445797920227,0.3884387,0.0013058797920226795
nearest_neighbor_baseline,327,107582,120643,1.1293505430221558,0.728389322757721,0.732066,0.0036766772422790472,12.754764556884766,14.123938,1.3691734431152351,0.22023048996925354,0.24891457,0.02868408003074646,0.2266085296869278,0.26345873,0.03685020031307218,0.27694201469421387,0.29674077,0.01979875530578612
nearest_neighbor_baseline,328,104320,105431,1.6000549793243408,0.8654404878616333,0.9191997,0.05375921213836665,16.23984146118164,13.772166,2.4676754611816403,0.38586318492889404,0.4102315,0.024368315071105984,0.4000479578971863,0.42607796,0.0260300021028137,0.39999920129776,0.3466368,0.05336240129775999
nearest_neighbor_baseline,329,137267,1388,1.5635530948638916,0.4720136225223541,0.41259184,0.05942178252235414,25.656490325927734,27.475092,1.8186016740722657,0.44614437222480774,0.44638544,0.00024106777519228295,0.4487311542034149,0.45441663,0.005685475796585071,0.18727552890777588,0.2732255,0.08594997109222413
nearest_neighbor_baseline,330,4810,48317,1.465566873550415,0.9862949252128601,0.9717661,0.014528825212860141,9.849610328674316,12.911549,3.0619386713256844,0.22141773998737335,0.22539449,0.003976750012626651,0.23968297243118286,0.24735048,0.00766750756881715,0.4737820625305176,0.52861905,0.0548369874694824
nearest_neighbor_baseline,331,110343,115718,1.3779656887054443,0.8736782670021057,0.8560561,0.017622167002105726,15.179991722106934,15.76437,0.584378277893066,0.2627992630004883,0.29652497,0.03372570699951172,0.2663510739803314,0.30799785,0.0416467760196686,0.21657298505306244,0.25539446,0.03882147494693755
nearest_neighbor_baseline,332,49176,47046,0.9517311453819275,0.9301486015319824,0.93799037,0.00784176846801754,10.448454856872559,11.271418,0.822963143127442,0.26266682147979736,0.24299385,0.019672971479797352,0.26903384923934937,0.24889544,0.02013840923934937,0.2663003206253052,0.28999135,0.023691029374694805
nearest_neighbor_baseline,333,41159,94889,1.0497325658798218,0.8163153529167175,0.8681791,0.05186374708328245,17.18968391418457,18.227242,1.03755808581543,0.24401047825813293,0.22086164,0.023148838258132937,0.2752533257007599,0.24349432,0.0317590057007599,0.4946686625480652,0.50858754,0.013918877451934764
nearest_neighbor_baseline,334,10270,86808,0.9906740784645081,0.30884674191474915,0.330599,0.02175225808525083,23.925073623657227,23.561222,0.3638516236572258,0.2524438798427582,0.23971626,0.012727619842758192,0.25770750641822815,0.24284868,0.014858826418228138,0.20101609826087952,0.21254627,0.011530171739120493
nearest_neighbor_baseline,335,121837,86955,0.9778311252593994,0.989020586013794,0.97456056,0.014460026013793925,8.087930679321289,8.709268,0.6213373206787107,0.19126614928245544,0.19734758,0.00608143071754455,0.1999339908361435,0.2071362,0.007202209163856499,0.37095141410827637,0.3424488,0.02850261410827637
nearest_neighbor_baseline,336,30030,122343,2.0853588581085205,0.1130586788058281,0.027540525,0.0855181538058281,24.86421775817871,24.195015,0.6692027581787094,0.727933943271637,0.702881,0.025052943271636985,0.7291907668113708,0.70330316,0.02588760681137081,0.12413525581359863,0.07366444,0.050470815813598635
nearest_neighbor_baseline,337,60972,10667,1.201337456703186,0.513716995716095,0.5943585,0.08064150428390504,21.211050033569336,22.772343,1.5612929664306634,0.38260945677757263,0.3816662,0.0009432567775726208,0.3884679973125458,0.38638133,0.0020866673125457535,0.2688582241535187,0.21377258,0.05508564415351869
nearest_neighbor_baseline,338,75095,46613,1.9528069496154785,0.3215722143650055,0.36463356,0.04306134563499453,26.8539981842041,27.009958,0.15595981579589946,0.3757418096065521,0.31489873,0.06084307960655211,0.37676674127578735,0.3163603,0.06040644127578737,0.1274641901254654,0.15160444,0.024140249874534614
nearest_neighbor_baseline,339,5749,57631,1.0271635055541992,0.8106070160865784,0.74119526,0.06941175608657835,16.601638793945312,15.460986,1.1406527939453124,0.24804648756980896,0.2534969,0.005450412430191065,0.2606378495693207,0.25991252,0.0007253295693206985,0.2899512052536011,0.26770148,0.022249725253601083
nearest_neighbor_baseline,340,63652,88114,1.244124174118042,0.8295674324035645,0.85701734,0.027449907596435508,8.086509704589844,8.216132,0.12962229541015624,0.27101850509643555,0.2765919,0.005573394903564455,0.2755589783191681,0.28981075,0.014251771680831915,0.25596049427986145,0.31186992,0.05590942572013857
nearest_neighbor_baseline,341,80826,115267,1.1733574867248535,0.8937311768531799,0.9050151,0.01128392314682003,17.711109161376953,18.699442,0.9883328386230481,0.40660518407821655,0.42024383,0.013638645921783432,0.4127251207828522,0.42450008,0.011774959217147829,0.2915855050086975,0.24924581,0.0423396950086975
nearest_neighbor_baseline,342,1331,114454,1.1675316095352173,0.8101282715797424,0.8546216,0.04449332842025755,17.048696517944336,17.806498,0.7578014820556653,0.2675991654396057,0.29050747,0.022908304560394277,0.2723040282726288,0.30768958,0.035385551727371234,0.27408498525619507,0.33445007,0.06036508474380492
nearest_neighbor_baseline,343,92981,1322,1.329257607460022,0.7414945960044861,0.7034151,0.038079496004486124,17.796018600463867,19.68113,1.8851113995361324,0.3272666931152344,0.33106682,0.003800126884765609,0.4173337519168854,0.38792288,0.02941087191688535,0.5767934918403625,0.6058313,0.029037808159637413
nearest_neighbor_baseline,344,25673,112388,1.8684473037719727,0.6322199702262878,0.50458926,0.1276307102262878,22.982873916625977,23.130035,0.1471610833740229,0.2371341437101364,0.25564048,0.01850633628986359,0.25159382820129395,0.2622711,0.010677271798706034,0.336790531873703,0.291332,0.04545853187370302
nearest_neighbor_baseline,345,32015,100054,1.8338346481323242,0.40212282538414,0.30130863,0.10081419538413999,22.411365509033203,25.175379,2.7640134909667964,0.20703944563865662,0.19328962,0.013749825638656621,0.22125433385372162,0.2053981,0.01585623385372162,0.48158755898475647,0.4114699,0.07011765898475647
nearest_neighbor_baseline,346,46005,38926,1.510857105255127,0.768123209476471,0.7752736,0.00715039052352906,19.67605209350586,19.406694,0.2693580935058577,0.43676942586898804,0.4986808,0.06191137413101194,0.43870872259140015,0.50538456,0.06667583740859984,0.18670082092285156,0.24310313,0.05640230907714844
nearest_neighbor_baseline,347,74040,18389,1.1503633260726929,0.643144428730011,0.58710676,0.05603766873001104,19.01947784423828,21.892153,2.872675155761719,0.19759869575500488,0.21306601,0.015467314244995117,0.21446450054645538,0.22027192,0.005807419453544627,0.4033929109573364,0.3254593,0.07793361095733642
nearest_neighbor_baseline,348,50131,89433,1.3301470279693604,0.6034408807754517,0.5409324,0.06250848077545168,22.796730041503906,21.753227,1.0435030415039073,0.3555598855018616,0.38500348,0.029443594498138437,0.3569299280643463,0.38675088,0.029820951935653706,0.13131403923034668,0.1553964,0.02408236076965331
nearest_neighbor_baseline,349,52836,80270,1.0046279430389404,0.9370387196540833,0.93265074,0.004387979654083218,8.95179271697998,7.4492674,1.5025253169799804,0.2625577449798584,0.30763975,0.04508200502014159,0.26742279529571533,0.31141207,0.04398927470428465,0.23594112694263458,0.2108651,0.025076026942634583
nearest_neighbor_baseline,350,10853,85436,1.149166226387024,0.8783390522003174,0.9066476,0.028308547799682615,9.779926300048828,9.459951,0.3199753000488279,0.23826226592063904,0.24396086,0.0056985940793609635,0.24807266891002655,0.25258455,0.0045118810899734685,0.30089059472084045,0.28588873,0.015001864720840474
nearest_neighbor_baseline,351,29405,69054,1.0838959217071533,0.6597080826759338,0.6695798,0.00987171732406611,19.815956115722656,21.5644,1.7484438842773429,0.21300660073757172,0.2356383,0.02263169926242828,0.2171081155538559,0.23902915,0.0219210344461441,0.2384381890296936,0.1832147,0.055223489029693595
nearest_neighbor_baseline,352,83794,25732,1.7159314155578613,0.5770389437675476,0.4784927,0.09854624376754761,20.699398040771484,20.775179,0.07578095922851702,0.6545006036758423,0.68206495,0.027564346324157718,0.6569231748580933,0.69098955,0.03406637514190669,0.14036355912685394,0.2314612,0.09109764087314606
nearest_neighbor_baseline,353,76415,129375,1.3438769578933716,0.4794522225856781,0.508977,0.029524777414321912,24.642702102661133,24.81757,0.1748678973388671,0.6157379150390625,0.57029223,0.045445685039062544,0.6172444820404053,0.57133555,0.04590893204040525,0.1424880474805832,0.1462439,0.003755852519416819
nearest_neighbor_baseline,354,136889,88700,1.041459560394287,0.6940756440162659,0.69928706,0.005211415983734091,21.69984245300293,21.260862,0.4389804530029302,0.2591439187526703,0.23150632,0.0276375987526703,0.2792286276817322,0.2393943,0.03983432768173217,0.3559640944004059,0.3283905,0.02757359440040591
nearest_neighbor_baseline,355,39837,44771,1.489065170288086,0.8647295832633972,0.82905596,0.03567362326339718,15.233269691467285,15.367041,0.13377130853271524,0.19649215042591095,0.20931473,0.012822579574089055,0.21683549880981445,0.22283678,0.006001281190185559,0.5497731566429138,0.45504782,0.09472533664291383
nearest_neighbor_baseline,356,76996,9299,2.108950614929199,0.3627825975418091,0.27781293,0.08496966754180907,26.302377700805664,27.503887,1.2015092991943348,0.22904181480407715,0.23664585,0.0076040351959228425,0.23292602598667145,0.2400437,0.007117674013328551,0.2117289900779724,0.18906361,0.02266538007797242
nearest_neighbor_baseline,357,86257,32456,1.680543065071106,0.795944333076477,0.86240333,0.06645899692352297,18.052949905395508,16.007492,2.0454579053955086,0.3414759635925293,0.36390293,0.022426966407470716,0.3451524078845978,0.36720103,0.022048622115402206,0.2311815470457077,0.22759818,0.0035833670457076916
nearest_neighbor_baseline,358,61418,118434,1.2371450662612915,0.580876886844635,0.6073094,0.02643251315536499,21.525373458862305,22.492666,0.9672925411376951,0.2209538370370865,0.24542265,0.024468812962913505,0.22809384763240814,0.248188,0.02009415236759185,0.31074753403663635,0.22020233,0.09054520403663635
nearest_neighbor_baseline,359,105897,62576,1.357073187828064,0.5307944416999817,0.44597816,0.08481628169998168,21.969709396362305,22.952667,0.982957603637697,0.2375824898481369,0.237915,0.00033251015186308575,0.26354506611824036,0.25834075,0.0052043161182403486,0.6042070984840393,0.5683225,0.035884598484039354
nearest_neighbor_baseline,360,22583,92076,1.3177566528320312,0.5360494256019592,0.5793359,0.043286474398040786,19.880470275878906,17.706892,2.1735782758789064,0.2754848003387451,0.2956425,0.020157699661254858,0.27969440817832947,0.2972913,0.017596891821670513,0.1882222294807434,0.1402211,0.04800112948074342
nearest_neighbor_baseline,361,120835,118668,1.5040839910507202,0.9920247197151184,0.98255837,0.009466349715118394,6.22257137298584,7.8438067,1.6212353270141602,0.19365160167217255,0.18648213,0.0071694716721725504,0.239302858710289,0.24216722,0.002864361289710987,0.754057765007019,0.7846514,0.030593634992980956
nearest_neighbor_baseline,362,56385,114887,1.8967632055282593,0.49717530608177185,0.46006468,0.03711062608177185,22.482982635498047,21.037758,1.4452246354980467,0.6754998564720154,0.65144384,0.024056016472015385,0.67816561460495,0.65235484,0.02581077460494996,0.16353349387645721,0.09922745,0.06430604387645722
nearest_neighbor_baseline,363,48010,114768,1.2266082763671875,0.9788305163383484,0.9875173,0.008686783661651654,8.828693389892578,8.657264,0.1714293898925785,0.34919437766075134,0.34454933,0.004645047660751356,0.3571116328239441,0.35175616,0.005355472823944107,0.27235281467437744,0.30301982,0.030667005325622554
nearest_neighbor_baseline,364,108455,40714,1.2654696702957153,0.9749947786331177,0.9755411,0.0005463213668823741,2.6393935680389404,2.7574332,0.11803963196105949,0.3912437856197357,0.2956459,0.0955978856197357,0.43583428859710693,0.34374234,0.09209194859710695,0.48858699202537537,0.49602807,0.007441077974624621
nearest_neighbor_baseline,365,16621,54441,0.9614627361297607,0.7767237424850464,0.8077846,0.031060857514953577,20.496902465820312,20.378887,0.11801546582031364,0.5937563180923462,0.5749483,0.018808018092346224,0.5952312350273132,0.57677805,0.01845318502731319,0.14348618686199188,0.14658864,0.00310245313800811
nearest_neighbor_baseline,366,108201,58966,0.975587785243988,0.9356975555419922,0.93529975,0.0003978055419922022,12.68932056427002,12.992382,0.3030614357299797,0.21702149510383606,0.24704927,0.030027774896163928,0.2295074313879013,0.25915724,0.029649808612098705,0.40114930272102356,0.42993608,0.02878677727897644
nearest_neighbor_baseline,367,133681,26644,1.073485255241394,0.9573635458946228,0.92506063,0.03230291589462275,13.9738130569458,13.249135,0.7246780569458,0.2861096262931824,0.25135317,0.03475645629318236,0.29838481545448303,0.26898745,0.029397365454483015,0.4340391457080841,0.38612136,0.04791778570808408
nearest_neighbor_baseline,368,11630,28280,1.2971655130386353,0.627712607383728,0.6203297,0.0073829073837280434,16.64446449279785,18.492188,1.8477235072021472,0.245644673705101,0.28353617,0.03789149629489896,0.25654053688049316,0.2937061,0.03716556311950686,0.3439486622810364,0.35993224,0.015983577718963637
nearest_neighbor_baseline,369,130214,123019,1.6066696643829346,0.8635407090187073,0.8571819,0.006358809018707223,12.55582046508789,12.492165,0.06365546508789066,0.23642168939113617,0.31600344,0.07958175060886385,0.2423233687877655,0.32022804,0.07790467121223449,0.2686137557029724,0.21154135,0.05707240570297242
nearest_neighbor_baseline,370,106179,94445,1.383571982383728,0.9374198317527771,0.9339273,0.003492531752777084,18.067655563354492,17.456198,0.6114575633544916,0.4464723765850067,0.42965928,0.016813096585006737,0.45243769884109497,0.43965527,0.012782428841094984,0.30496731400489807,0.32727706,0.022309745995101937
nearest_neighbor_baseline,371,8272,105294,1.5656441450119019,0.3097841739654541,0.2407927,0.0689914739654541,26.82058334350586,26.25108,0.5695033435058576,0.3545967638492584,0.3181193,0.03647746384925843,0.36044684052467346,0.32604605,0.034400790524673486,0.2808307707309723,0.24647482,0.03435595073097228
nearest_neighbor_baseline,372,133477,77743,1.0743296146392822,0.7317588925361633,0.8176798,0.08592090746383663,22.60477066040039,19.57138,3.0333906604003893,0.39380595088005066,0.3682184,0.025587550880050658,0.39523667097091675,0.3701209,0.025115770970916773,0.17085716128349304,0.20028445,0.02942728871650696
nearest_neighbor_baseline,373,126941,110090,1.350013256072998,0.9822965264320374,0.987361,0.005064473567962691,6.525639057159424,7.2971435,0.771504442840576,0.22530335187911987,0.21352538,0.011777971879119886,0.2553541958332062,0.24780773,0.007546465833206173,0.574225127696991,0.5999285,0.02570337230300901
nearest_neighbor_baseline,374,71400,9369,1.0537925958633423,0.9768333435058594,0.9808278,0.003994456494140652,8.479506492614746,7.200929,1.2785774926147457,0.19145503640174866,0.20095976,0.00950472359825133,0.21333344280719757,0.22564816,0.012314717192802416,0.5220319628715515,0.54885876,0.026826797128448487
nearest_neighbor_baseline,375,8588,44819,1.3038818836212158,0.5725774168968201,0.59236413,0.01978671310317992,25.12241554260254,23.570591,1.5518245426025388,0.21926572918891907,0.21439296,0.004872769188919074,0.2226199507713318,0.21860562,0.004014330771331787,0.19311650097370148,0.21576987,0.022653369026298525
nearest_neighbor_baseline,376,58924,69006,0.821029543876648,0.9214791059494019,0.9458337,0.024354594050598144,10.315143585205078,11.176071,0.8609274147949222,0.2507155239582062,0.27157214,0.02085661604179384,0.26673129200935364,0.28455418,0.017822887990646352,0.37070992588996887,0.38199484,0.01128491411003113
nearest_neighbor_baseline,377,118268,16544,2.021045207977295,0.11641224473714828,0.14953674,0.033124495262851716,29.98209571838379,26.999628,2.9824677183837878,0.280272901058197,0.3190921,0.03881919894180297,0.2876557409763336,0.32509002,0.03743427902366636,0.25049230456352234,0.2537565,0.003264195436477657
nearest_neighbor_baseline,378,69853,131457,1.7171629667282104,0.375957190990448,0.4083557,0.03239850900955199,28.03199577331543,27.730673,0.3013227733154302,0.6520474553108215,0.62580574,0.026241715310821534,0.6529766321182251,0.6269689,0.026007732118225046,0.1231057420372963,0.1202478,0.0028579420372962933
nearest_neighbor_baseline,379,60645,112232,1.3558909893035889,0.7345719337463379,0.6601562,0.07441573374633792,17.334924697875977,17.456558,0.12163330212402457,0.3381342887878418,0.30393577,0.0341985187878418,0.3466738164424896,0.3102106,0.03646321644248962,0.32160788774490356,0.3070319,0.01457598774490354
nearest_neighbor_baseline,380,95234,94476,1.1244901418685913,0.8935365080833435,0.9271995,0.03366299191665645,17.844085693359375,15.929985,1.9141006933593747,0.18647199869155884,0.1846433,0.0018286986915588277,0.19540756940841675,0.20985167,0.014444100591583242,0.39538899064064026,0.47504967,0.07966067935935972
nearest_neighbor_baseline,381,63921,20315,1.1640617847442627,0.9434174299240112,0.9513495,0.007932070075988729,12.624418258666992,11.320383,1.3040352586669925,0.20230744779109955,0.20829318,0.005985732208900446,0.2320147007703781,0.23389399,0.0018792892296218833,0.6587517857551575,0.65823007,0.0005217157551574703
nearest_neighbor_baseline,382,70346,16593,0.8992531895637512,0.8638680577278137,0.8447194,0.01914865772781371,19.990915298461914,18.86852,1.1223952984619139,0.21997639536857605,0.21774314,0.002233255368576048,0.22861383855342865,0.22505257,0.0035612685534286426,0.2931312620639801,0.26045832,0.03267294206398008
nearest_neighbor_baseline,383,35981,32738,1.3181812763214111,0.25525549054145813,0.24552983,0.009725660541458125,24.27743911743164,25.506907,1.2294678825683611,0.196390762925148,0.21609637,0.019705607074852,0.21304583549499512,0.22993435,0.016888514505004892,0.3544412851333618,0.42299077,0.0685494848666382
nearest_neighbor_baseline,384,40051,113577,1.5461491346359253,0.6113523840904236,0.5492954,0.062056984090423595,21.114395141601562,23.574694,2.4602988583984384,0.3797522783279419,0.33636335,0.04338892832794189,0.38865694403648376,0.34518835,0.04346859403648379,0.29235708713531494,0.3267265,0.034369412864685034
nearest_neighbor_baseline,385,13204,41454,0.8710974454879761,0.8284116387367249,0.8622392,0.03382756126327513,12.619285583496094,14.423808,1.8045224165039055,0.25562983751296997,0.21883625,0.03679358751296996,0.26381170749664307,0.22360179,0.04020991749664307,0.27401185035705566,0.25654277,0.01746908035705569
nearest_neighbor_baseline,386,75824,114384,1.1427521705627441,0.9779516458511353,0.9674413,0.010510345851135305,12.681246757507324,12.634002,0.0472447575073236,0.36611148715019226,0.37697485,0.010863362849807712,0.373630553483963,0.3875173,0.013886746516036996,0.30476805567741394,0.42318583,0.11841777432258604
nearest_neighbor_baseline,387,20307,118864,1.8147499561309814,0.05262218043208122,0.097547434,0.04492525356791878,32.7100715637207,29.821735,2.888336563720703,0.5925831198692322,0.620935,0.028351880130767837,0.5939370393753052,0.6225348,0.02859776062469488,0.12002410739660263,0.12945186,0.009427752603397371
nearest_neighbor_baseline,388,110524,21024,1.0044336318969727,0.816733717918396,0.81373644,0.0029972779183959908,20.39718246459961,21.91906,1.5218775354003924,0.2243083119392395,0.23652063,0.012212318060760508,0.22915799915790558,0.24086946,0.011711460842094429,0.3228164613246918,0.23290618,0.08991028132469178
nearest_neighbor_baseline,389,119881,112924,1.1831858158111572,0.697390615940094,0.69142824,0.005962375940093967,20.819686889648438,22.646313,1.8266261103515617,0.33686313033103943,0.3010357,0.03582743033103941,0.34150171279907227,0.3124578,0.029043912799072258,0.21512019634246826,0.27880985,0.06368965365753176
nearest_neighbor_baseline,390,77427,173,2.032317876815796,0.27742013335227966,0.21227527,0.06514486335227967,22.591243743896484,23.496109,0.9048652561035162,0.3957999050617218,0.35338318,0.04241672506172178,0.4043598175048828,0.36563972,0.03872009750488281,0.2947949469089508,0.32119486,0.02639991309104922
nearest_neighbor_baseline,391,107529,46475,1.2842358350753784,0.6503651142120361,0.609456,0.040909114212036135,19.25301742553711,19.936169,0.6831515744628902,0.2274135947227478,0.2263238,0.001089794722747811,0.2381293624639511,0.23711468,0.0010146824639511165,0.35000649094581604,0.2691413,0.08086519094581601
nearest_neighbor_baseline,392,68428,38300,1.157686471939087,0.8775345683097839,0.8510731,0.02646146830978391,17.41708755493164,15.85611,1.5609775549316414,0.27667343616485596,0.24815091,0.028522526164855955,0.2934888005256653,0.27998236,0.013506440525665298,0.48434168100357056,0.51524407,0.030902388996429497
nearest_neighbor_baseline,393,120665,35589,1.355020523071289,0.9727129936218262,0.98240215,0.009689156378173802,6.501804351806641,5.504512,0.9972923518066406,0.27772200107574463,0.22059989,0.057122111075744636,0.29320716857910156,0.23708025,0.05612691857910157,0.38411352038383484,0.4140505,0.02993697961616515
nearest_neighbor_baseline,394,97373,106961,1.386978268623352,0.5653793811798096,0.5896801,0.02430071882019047,17.81198501586914,16.736021,1.0759640158691397,0.202365443110466,0.23207158,0.029706136889533996,0.21014989912509918,0.25690183,0.046751930874900816,0.32492202520370483,0.40174028,0.07681825479629517
nearest_neighbor_baseline,395,8208,34305,1.2160186767578125,0.8770499229431152,0.88869727,0.01164734705688475,17.393991470336914,17.067566,0.3264254703369147,0.2865598797798157,0.29308587,0.006525990220184352,0.29671478271484375,0.3328983,0.03618351728515623,0.3409847021102905,0.4433532,0.10236849788970948
nearest_neighbor_baseline,396,102313,80206,1.197001338005066,0.9422092437744141,0.9302492,0.011960043774414064,11.563898086547852,14.864946,3.301047913452148,0.3013559877872467,0.32705274,0.025696752212753304,0.31813549995422363,0.33495492,0.016819420045776357,0.3314301073551178,0.29526386,0.03616624735511781
nearest_neighbor_baseline,397,86117,33633,1.4863862991333008,0.11047888547182083,0.096419446,0.014059439471820825,24.38995933532715,23.234922,1.1550373353271475,0.228277325630188,0.21608031,0.01219701563018799,0.2554531991481781,0.24044994,0.0150032591481781,0.45017266273498535,0.41493818,0.03523448273498536
nearest_neighbor_baseline,398,82604,119169,1.0977288484573364,0.7032262682914734,0.6928712,0.010355068291473368,22.959135055541992,20.031834,2.9273010555419923,0.2667141258716583,0.26634645,0.00036767587165831284,0.2738371193408966,0.2728888,0.0009483193408966195,0.27359139919281006,0.28505608,0.011464680807189931
nearest_neighbor_baseline,399,25424,78621,1.7108216285705566,0.1906697005033493,0.14974362,0.04092608050334931,22.035919189453125,25.273773,3.2378538105468735,0.2977865934371948,0.3341477,0.03636110656280517,0.3021908700466156,0.3377355,0.03554462995338442,0.20338331162929535,0.17705144,0.026331871629295345
nearest_neighbor_baseline,400,118671,21939,1.5268652439117432,0.5690401196479797,0.55196285,0.01707726964797973,21.02715301513672,22.751373,1.7242199848632822,0.21299347281455994,0.205083,0.007910472814559949,0.2723446488380432,0.27379757,0.0014529211619567772,0.7174710631370544,0.6702842,0.04718686313705445
nearest_neighbor_baseline,401,84745,12711,0.9920726418495178,0.9002543687820435,0.8926292,0.0076251687820434455,8.0604248046875,8.369392,0.3089671953124995,0.22690512239933014,0.23620242,0.009297297600669857,0.23183000087738037,0.24258825,0.010758249122619634,0.2608853876590729,0.25611493,0.004770457659072858
nearest_neighbor_baseline,402,63618,99837,1.5665816068649292,0.376497745513916,0.3703981,0.006099645513916008,17.016172409057617,16.534481,0.48169140905761765,0.23563022911548615,0.25760466,0.02197443088451384,0.24199773371219635,0.26832104,0.02632330628780366,0.24553370475769043,0.32386884,0.07833513524230956
nearest_neighbor_baseline,403,33526,63299,1.479252815246582,0.46047186851501465,0.5058872,0.04541533148498533,18.9561710357666,15.117291,3.8388800357666018,0.31489646434783936,0.2760435,0.03885296434783936,0.33419129252433777,0.2921941,0.041997192524337756,0.3538609743118286,0.34754685,0.006314124311828595
nearest_neighbor_baseline,404,70761,138825,1.3802387714385986,0.16112929582595825,0.22564398,0.06451468417404174,26.994094848632812,26.173058,0.8210368486328115,0.42650753259658813,0.39538223,0.031125302596588134,0.4290013611316681,0.39713076,0.031870601131668064,0.18435759842395782,0.16294678,0.02141081842395781
nearest_neighbor_baseline,405,71767,112435,2.083561897277832,0.07502675801515579,0.025165962,0.04986079601515579,23.729707717895508,25.53785,1.808142282104491,0.22240805625915527,0.20723885,0.015169206259155271,0.33553823828697205,0.26105285,0.07448538828697204,0.776326060295105,0.8069689,0.03064283970489501
nearest_neighbor_baseline,406,80302,56960,1.5890350341796875,0.08712077885866165,0.060419187,0.026701591858661652,23.668317794799805,25.594225,1.9259072052001969,0.19337905943393707,0.23516266,0.04178360056606292,0.2039637267589569,0.24057095,0.036607223241043096,0.3674892783164978,0.25462127,0.11286800831649779
nearest_neighbor_baseline,407,2546,70125,0.7867516875267029,0.8416402339935303,0.7942341,0.04740613399353022,18.66773223876953,20.027014,1.35928176123047,0.22846928238868713,0.24218825,0.01371896761131286,0.24174149334430695,0.26746652,0.02572502665569304,0.37654855847358704,0.41629732,0.03974876152641299
nearest_neighbor_baseline,408,93339,98707,1.3991925716400146,0.8964780569076538,0.87701637,0.01946168690765382,7.8826470375061035,11.215318,3.3326709624938964,0.2726120054721832,0.20359962,0.06901238547218322,0.2854559123516083,0.21175574,0.07370017235160828,0.3476743996143341,0.32320172,0.02447267961433408
nearest_neighbor_baseline,409,85142,134654,1.8944813013076782,0.5669054388999939,0.660475,0.09356956110000614,22.597015380859375,22.539038,0.05797738085937354,0.8518761396408081,0.78928775,0.06258838964080815,0.8586615324020386,0.7919403,0.06672123240203853,0.22965793311595917,0.14180689,0.08785104311595918
nearest_neighbor_baseline,410,29771,100848,1.9458292722702026,0.10021080821752548,0.093164235,0.007046573217525484,28.796424865722656,32.212555,3.4161301342773456,0.34552767872810364,0.3261667,0.01936097872810366,0.3494475185871124,0.32947475,0.019972768587112444,0.2076212614774704,0.1435537,0.06406756147747039
nearest_neighbor_baseline,411,96187,85043,1.5113933086395264,0.7207030653953552,0.6870739,0.03362916539535521,17.276941299438477,17.462496,0.185554700561525,0.30343419313430786,0.35679868,0.05336448686569212,0.30814552307128906,0.36313614,0.054990616928710934,0.232503741979599,0.23593065,0.0034269080204009927
nearest_neighbor_baseline,412,15985,119349,1.5254311561584473,0.943584680557251,0.93979496,0.0037897205572510195,14.123746871948242,14.546271,0.42252412805175865,0.4466598927974701,0.4555793,0.008919407202529928,0.45208948850631714,0.46029684,0.008207351493682846,0.24493326246738434,0.21690576,0.028027502467384335
nearest_neighbor_baseline,413,70015,135121,0.9600415825843811,0.9595882892608643,0.96610206,0.006513770739135727,10.238253593444824,10.955995,0.7177414065551755,0.30580630898475647,0.29586053,0.00994577898475646,0.31276601552963257,0.3035099,0.00925611552963257,0.33898332715034485,0.32777035,0.01121297715034486
nearest_neighbor_baseline,414,15545,25181,1.3906981945037842,0.4961283802986145,0.4475488,0.04857958029861448,20.856651306152344,21.256071,0.39941969384765486,0.21633104979991913,0.2223608,0.006029750200080869,0.22300656139850616,0.23887521,0.01586864860149384,0.30942001938819885,0.3126221,0.0032020806118011613
nearest_neighbor_baseline,415,118759,85559,1.3521201610565186,0.9764228463172913,0.9736429,0.002779946317291282,2.173741579055786,2.072812,0.10092957905578626,0.46729594469070435,0.4496887,0.01760724469070435,0.49037882685661316,0.47154343,0.018835396856613174,0.32089459896087646,0.30519414,0.015700458960876462
nearest_neighbor_baseline,416,53776,9978,2.405111074447632,0.15038315951824188,0.25168735,0.1013041904817581,23.74601173400879,17.494328,6.25168373400879,0.24408245086669922,0.22433883,0.01974362086669923,0.26379355788230896,0.24548428,0.01830927788230896,0.5010862946510315,0.4572499,0.04383639465103151
nearest_neighbor_baseline,417,105268,17633,1.8617044687271118,0.3223104476928711,0.3014636,0.020846847692871096,23.4522705078125,19.404078,4.048192507812502,0.25360792875289917,0.28241053,0.028802601247100823,0.26422229409217834,0.29699707,0.03277477590782163,0.3400287628173828,0.32189697,0.018131792817382808
nearest_neighbor_baseline,418,399,107251,0.7081535458564758,0.8437212705612183,0.85204136,0.008320089438781708,14.439886093139648,15.314283,0.8743969068603512,0.23920539021492004,0.20758916,0.03161623021492005,0.24335645139217377,0.2106899,0.032666551392173754,0.2571338713169098,0.21691096,0.040222911316909776
nearest_neighbor_baseline,419,10504,37765,1.0986465215682983,0.716744601726532,0.74112934,0.024384738273467987,19.83687400817871,20.859688,1.0228139918212875,0.27543437480926514,0.24638127,0.029053104809265123,0.30143824219703674,0.2663435,0.03509474219703673,0.5336295366287231,0.494652,0.038977536628723164
nearest_neighbor_baseline,420,2064,121194,1.3952757120132446,0.47093215584754944,0.48315126,0.012219104152450588,25.836816787719727,26.02192,0.18510321228027493,0.29517027735710144,0.23358752,0.06158275735710145,0.3042060136795044,0.23651955,0.0676864636795044,0.2713230550289154,0.22982325,0.0414998050289154
nearest_neighbor_baseline,421,101804,13880,2.2204270362854004,0.3967192769050598,0.36313397,0.03358530690505984,24.882829666137695,26.42509,1.5422603338623055,0.3712631165981293,0.4244968,0.053233683401870735,0.4217882454395294,0.51612735,0.09433910456047057,0.534968376159668,0.54545176,0.010483383840331983
nearest_neighbor_baseline,422,78183,83932,1.0369353294372559,0.9837064146995544,0.97241265,0.011293764699554454,10.70832347869873,10.355257,0.35306647869873053,0.39326584339141846,0.38947734,0.003788503391418452,0.40165022015571594,0.3976851,0.003965120155715929,0.34353581070899963,0.29418844,0.04934737070899964
nearest_neighbor_baseline,423,1379,62490,1.2772059440612793,0.5785682797431946,0.59867984,0.020111560256805383,22.13399314880371,23.300983,1.1669898511962877,0.2847181260585785,0.2653468,0.019371326058578497,0.29961127042770386,0.30563372,0.00602244957229614,0.39222973585128784,0.45186168,0.059631944148712146
nearest_neighbor_baseline,424,104686,97626,1.5868021249771118,0.25202032923698425,0.33428624,0.08226591076301576,25.959585189819336,25.671724,0.28786118981933484,0.22418002784252167,0.2252977,0.0011176721574783222,0.22855988144874573,0.23285809,0.004298208551254262,0.21436114609241486,0.29209477,0.07773362390758515
nearest_neighbor_baseline,425,74551,113358,1.0803542137145996,0.9637379050254822,0.9640703,0.0003323949745178689,10.297507286071777,8.061404,2.2361032860717778,0.28735002875328064,0.3266203,0.039270271246719335,0.30277687311172485,0.33938453,0.036607656888275164,0.38418933749198914,0.32232115,0.061868187491989135
nearest_neighbor_baseline,426,71017,100312,0.9030153751373291,0.8803045749664307,0.855834,0.02447057496643068,18.9532470703125,18.255991,0.6972560703124984,0.34632259607315063,0.33403835,0.012284246073150651,0.34950223565101624,0.33785176,0.011650475651016234,0.2185562551021576,0.2351786,0.016622344897842395
nearest_neighbor_baseline,427,137398,33073,1.5478169918060303,0.29318782687187195,0.31972533,0.026537503128128026,28.597562789916992,25.776886,2.820676789916991,0.23114325106143951,0.22954065,0.0016026010614395014,0.23764371871948242,0.23410827,0.0035354487194824147,0.2687731683254242,0.20473331,0.06403985832542419
nearest_neighbor_baseline,428,102077,135820,1.6293843984603882,0.5255832672119141,0.60189754,0.07631427278808589,22.368173599243164,18.60164,3.7665335992431643,0.5041270852088928,0.48617184,0.0179552452088928,0.506230354309082,0.4875026,0.018727754309082023,0.16097024083137512,0.11828915,0.042681090831375126
nearest_neighbor_baseline,429,135278,21839,0.9005177021026611,0.9430659413337708,0.93709314,0.005972801333770761,15.453079223632812,14.612816,0.840263223632812,0.27962416410446167,0.25041947,0.029204694104461693,0.2879963517189026,0.2710377,0.016958651718902595,0.3960530161857605,0.38893855,0.007114466185760504
nearest_neighbor_baseline,430,47049,31374,2.3343417644500732,0.5757834911346436,0.68625176,0.11046826886535643,21.198200225830078,21.581131,0.38293077416992105,0.299161434173584,0.30810326,0.008941825826416006,0.4510048031806946,0.42385277,0.02715203318069459,0.7266572117805481,0.87158567,0.14492845821945188
nearest_neighbor_baseline,431,117119,98634,1.4397611618041992,0.34689193964004517,0.4168812,0.06998926035995484,26.062231063842773,25.275162,0.7870690638427718,0.23793171346187592,0.21883665,0.019095063461875922,0.24275478720664978,0.22762202,0.015132767206649772,0.2414175122976303,0.2679944,0.02657688770236971
nearest_neighbor_baseline,432,84365,34134,1.0673296451568604,0.9693564176559448,0.9435291,0.025827317655944815,9.007136344909668,11.115973,2.1088366550903324,0.19854971766471863,0.20686091,0.008311192335281381,0.2215685248374939,0.22173175,0.00016322516250610875,0.47223901748657227,0.47151893,0.0007200874865722628
nearest_neighbor_baseline,433,13915,133621,1.5510646104812622,0.8910781741142273,0.90928966,0.018211485885772705,13.694252967834473,14.92835,1.2340970321655274,0.32103604078292847,0.3106316,0.010404440782928459,0.33835625648498535,0.3218303,0.016525956484985338,0.3910100758075714,0.35969543,0.03131464580757143
nearest_neighbor_baseline,434,95322,108347,1.5993717908859253,0.6353661417961121,0.71406585,0.07869970820388794,22.64142608642578,21.631275,1.0101510864257826,0.4019138813018799,0.4288585,0.026944618698120093,0.40960827469825745,0.4460244,0.03641612530174254,0.29116252064704895,0.38872296,0.09756043935295106
nearest_neighbor_baseline,435,113633,113675,1.9219329357147217,0.16771800816059113,0.07876922,0.08894878816059112,27.46693229675293,27.292582,0.17435029675293023,0.3013095557689667,0.30663913,0.005329574231033307,0.32388848066329956,0.3197184,0.004170080663299547,0.3782648742198944,0.26566666,0.11259821421989441
nearest_neighbor_baseline,436,102066,54567,1.5141878128051758,0.5035693049430847,0.5586218,0.05505249505691523,23.14669418334961,23.580378,0.43368381665039024,0.26393669843673706,0.2578641,0.0060725984367370756,0.27000364661216736,0.27516028,0.005156633387832621,0.30744701623916626,0.35782245,0.050375433760833754
nearest_neighbor_baseline,437,106077,73003,1.228360652923584,0.8353973627090454,0.7690482,0.06634916270904545,18.9180965423584,18.016954,0.9011425423584001,0.2922152280807495,0.2792818,0.012933428080749487,0.30488672852516174,0.32162344,0.01673671147483824,0.4436167776584625,0.51135635,0.06773957234153749
nearest_neighbor_baseline,438,46341,39469,1.441677212715149,0.5316802263259888,0.62897617,0.09729594367401118,20.335453033447266,19.251526,1.0839270334472673,0.40770423412323,0.35030138,0.057402854123229985,0.41047054529190063,0.35636353,0.05410701529190065,0.2167292833328247,0.26995966,0.05323037666717528
nearest_neighbor_baseline,439,16037,95634,0.9957060217857361,0.8922220468521118,0.89046806,0.0017539868521118107,16.192487716674805,17.426674,1.2341862833251938,0.25052735209465027,0.2705322,0.020004847905349732,0.2661115527153015,0.28827265,0.022161097284698505,0.4197169244289398,0.37918258,0.04053434442893983
nearest_neighbor_baseline,440,39875,119023,1.1218361854553223,0.9765129685401917,0.969594,0.0069189685401916945,6.627243995666504,9.881126,3.253882004333496,0.2965339124202728,0.25358987,0.04294404242027283,0.3023422062397003,0.2587054,0.04363680623970034,0.2689916789531708,0.25548974,0.013501938953170756
nearest_neighbor_baseline,441,69920,2103,1.9440667629241943,0.67880779504776,0.6708246,0.007983195047760017,24.049833297729492,23.49503,0.5548032977294923,0.6619365811347961,0.6468565,0.015080081134796197,0.6638107895851135,0.6485633,0.015247489585113572,0.15175338089466095,0.17294164,0.021188259105339058
nearest_neighbor_baseline,442,111315,137853,1.5226058959960938,0.7295824885368347,0.8016627,0.07208021146316523,21.824947357177734,19.986227,1.8387203571777349,0.47565391659736633,0.4438819,0.03177201659736634,0.4874747097492218,0.4502332,0.0372415097492218,0.3887676000595093,0.32970843,0.05905917005950928
nearest_neighbor_baseline,443,16068,74421,1.2341065406799316,0.8331760764122009,0.791598,0.041578076412200904,13.275120735168457,13.676237,0.4011162648315434,0.26297077536582947,0.25744924,0.005521535365829444,0.27072128653526306,0.26838863,0.0023326565352630446,0.26857203245162964,0.26368243,0.0048896024516296155
nearest_neighbor_baseline,444,104964,117966,0.8931236267089844,0.9616591930389404,0.9706099,0.008950706961059596,9.533459663391113,10.290705,0.7572453366088876,0.28464922308921814,0.2600145,0.024634723089218158,0.2934380769729614,0.27200693,0.021431146972961446,0.3905154764652252,0.41036358,0.019848103534774786
nearest_neighbor_baseline,445,57652,60237,1.7081286907196045,0.4624212980270386,0.48900244,0.02658114197296141,20.164703369140625,21.435978,1.2712746308593736,0.2474210262298584,0.25333387,0.005912843770141618,0.26362144947052,0.2627498,0.0008716494705200417,0.35274797677993774,0.35750073,0.004752753220062245
nearest_neighbor_baseline,446,52960,7088,1.548208475112915,0.3689442574977875,0.35469022,0.014254037497787475,24.143524169921875,23.876146,0.26737816992187646,0.2347785383462906,0.26085445,0.026075911653709427,0.2428349107503891,0.2810055,0.03817058924961092,0.3831731379032135,0.44404155,0.060868412096786506
nearest_neighbor_baseline,447,22311,115407,1.6492481231689453,0.9460711479187012,0.86890393,0.07716721791870118,8.168993949890137,5.2734604,2.8955335498901364,0.42788323760032654,0.48190168,0.05401844239967346,0.4407252073287964,0.49637008,0.055644872671203605,0.3289894163608551,0.25977257,0.06921684636085512
nearest_neighbor_baseline,448,105304,94670,1.4165462255477905,0.635098934173584,0.66965634,0.03455740582641598,19.95343780517578,21.440884,1.4874461948242192,0.31148049235343933,0.31923956,0.007759067646560647,0.31400570273399353,0.32258534,0.008579637266006468,0.21547077596187592,0.22870527,0.013234494038124073
nearest_neighbor_baseline,449,35061,78072,1.1976230144500732,0.8746694326400757,0.85199964,0.022669792640075737,10.683518409729004,10.282875,0.40064340972900325,0.2998722493648529,0.33762363,0.0377513806351471,0.31101876497268677,0.34471473,0.03369596502731326,0.2573164701461792,0.24079955,0.016516920146179198
nearest_neighbor_baseline,450,16182,90664,1.419740080833435,0.567211925983429,0.57321054,0.005998614016571091,15.916611671447754,15.980522,0.06391032855224665,0.3056979775428772,0.30753973,0.0018417524571228139,0.3180001676082611,0.33023635,0.012236182391738903,0.35483884811401367,0.41290957,0.05807072188598633
nearest_neighbor_baseline,451,1662,14404,1.5015512704849243,0.018395867198705673,0.015325507,0.003070360198705673,20.344520568847656,16.445606,3.8989145688476547,0.2111910730600357,0.23911263,0.027921556939964287,0.21755348145961761,0.24526525,0.027711768540382375,0.30364730954170227,0.23326856,0.07037874954170226
nearest_neighbor_baseline,452,90083,17109,1.3431384563446045,0.6129692792892456,0.61277336,0.0001959192892455608,21.412466049194336,20.114727,1.2977390491943375,0.22691048681735992,0.22514631,0.001764176817359936,0.24229905009269714,0.23401982,0.008279230092697154,0.4239788353443146,0.37312427,0.050854565344314595
nearest_neighbor_baseline,453,70281,17953,2.0679187774658203,0.20499703288078308,0.10011466,0.10488237288078309,28.52577781677246,30.22186,1.6960821832275386,0.41795313358306885,0.39037156,0.02758157358306884,0.4221344292163849,0.39583242,0.02630200921638487,0.22545242309570312,0.17524615,0.050206273095703136
nearest_neighbor_baseline,454,33665,73844,1.0277820825576782,0.748775839805603,0.6619706,0.08680523980560306,18.612518310546875,20.114,1.5014816894531258,0.22839151322841644,0.251009,0.02261748677158354,0.23300406336784363,0.25614774,0.023143676632156385,0.27504268288612366,0.26009503,0.014947652886123652
nearest_neighbor_baseline,455,102212,48442,1.330122947692871,0.865553617477417,0.8647998,0.0007538174774169848,9.928834915161133,8.874828,1.054006915161132,0.289528489112854,0.32233503,0.03280654088714602,0.2956368625164032,0.32824504,0.03260817748359679,0.25575515627861023,0.2880843,0.032329143721389786
nearest_neighbor_baseline,456,40612,70130,1.3249120712280273,0.40105196833610535,0.36501986,0.03603210833610537,17.650541305541992,19.7475,2.0969586944580065,0.22589203715324402,0.26429716,0.03840512284675596,0.23012535274028778,0.2701042,0.039978847259712236,0.23822970688343048,0.25007695,0.011847243116569539
nearest_neighbor_baseline,457,103700,35700,1.3568816184997559,0.9610639810562134,0.97857314,0.017509158943786574,6.214572429656982,8.012368,1.797795570343018,0.21937638521194458,0.22568129,0.0063049047880554265,0.2449079155921936,0.24334335,0.0015645655921935897,0.4820970594882965,0.5032514,0.021154340511703507
nearest_neighbor_baseline,458,48622,12047,1.8880090713500977,0.06133301183581352,0.04867287,0.012660141835813522,30.9417724609375,32.28031,1.3385375390625,0.8145275712013245,0.80906403,0.005463541201324418,0.8190950155258179,0.81249875,0.006596265525817824,0.15628467500209808,0.17129473,0.015010054997901923
nearest_neighbor_baseline,459,130470,70728,0.9679491519927979,0.8150439858436584,0.82274085,0.007696864156341521,16.545215606689453,16.94025,0.3950343933105458,0.23409052193164825,0.23337804,0.0007124819316482456,0.24572929739952087,0.24175075,0.0039785473995208875,0.3468734920024872,0.34210002,0.004773472002487178
nearest_neighbor_baseline,460,58811,43474,1.5021783113479614,0.39526239037513733,0.31947726,0.07578513037513734,17.856971740722656,22.775103,4.918131259277345,0.22407715022563934,0.21885704,0.005220110225639341,0.2691711187362671,0.2390014,0.030169718736267087,0.5511248707771301,0.54421633,0.006908540777130101
nearest_neighbor_baseline,461,83443,100229,1.5091859102249146,0.7218734622001648,0.7337999,0.011926437799835155,20.829368591308594,20.56803,0.2613385913085935,0.19218766689300537,0.2604,0.06821233310699465,0.2247050553560257,0.2886654,0.06396034464397432,0.520611047744751,0.5359168,0.015305752255248994
nearest_neighbor_baseline,462,121868,125619,1.3355451822280884,0.6838183403015137,0.65869087,0.025127470301513632,23.587556838989258,22.659275,0.9282818389892569,0.28665754199028015,0.28444415,0.0022133919902801447,0.2921474277973175,0.29000148,0.0021459477973175267,0.2078370749950409,0.24691032,0.039073245004959095
nearest_neighbor_baseline,463,83272,41719,0.9898136258125305,0.8963284492492676,0.86973745,0.026590999249267555,17.377578735351562,19.233873,1.8562942646484366,0.24347136914730072,0.23482433,0.008647039147300722,0.254265695810318,0.24548665,0.008779045810317992,0.3893893361091614,0.39032185,0.0009325138908386488
nearest_neighbor_baseline,464,118179,94300,0.9941183924674988,0.9412195086479187,0.9426444,0.0014248913520813478,9.501389503479004,10.715453,1.2140634965209962,0.27751559019088745,0.24870545,0.028810140190887457,0.2862962782382965,0.25611576,0.030180518238296483,0.27912017703056335,0.28264108,0.0035209029694366345
nearest_neighbor_baseline,465,24382,52364,1.5454037189483643,0.9378906488418579,0.949273,0.011382351158142123,9.4923095703125,8.3491955,1.1431140703124996,0.2649456262588501,0.2618289,0.003116726258850122,0.2980726659297943,0.30587384,0.007801174070205696,0.5191885828971863,0.5935135,0.07432491710281375
nearest_neighbor_baseline,466,6267,40620,2.058434009552002,0.1965913027524948,0.19839948,0.0018081772475051772,28.205015182495117,29.703096,1.4980808175048814,0.36041295528411865,0.37819213,0.017779174715881363,0.36622533202171326,0.38099542,0.014770087978286717,0.22211338579654694,0.22007759,0.0020357957965469464
nearest_neighbor_baseline,467,121344,7895,1.073751449584961,0.8629595041275024,0.84843093,0.014528574127502414,11.2197904586792,12.07403,0.8542395413208013,0.3721865117549896,0.38128123,0.009094718245010402,0.37588268518447876,0.38418144,0.008298754815521225,0.20745959877967834,0.19278978,0.01466981877967835
nearest_neighbor_baseline,468,128366,79445,1.9713729619979858,0.28578463196754456,0.31194627,0.02616163803245547,24.43913459777832,20.057972,4.381162597778321,0.39386385679244995,0.46503207,0.07116821320755007,0.39652884006500244,0.4673155,0.07078665993499755,0.16116610169410706,0.14357163,0.01759447169410705
nearest_neighbor_baseline,469,98349,137377,1.4488238096237183,0.5691829323768616,0.5140788,0.055104132376861625,24.887353897094727,25.174053,0.2866991029052741,0.2286003828048706,0.25718194,0.028581557195129392,0.23530340194702148,0.26548454,0.030181138052978507,0.2556692063808441,0.29700541,0.04133620361915591
nearest_neighbor_baseline,470,3557,81344,2.4569857120513916,0.2921951711177826,0.1910429,0.1011522711177826,29.669815063476562,30.054562,0.38474693652343817,0.510635495185852,0.48884574,0.021789755185852078,0.5169787406921387,0.49314195,0.023836790692138676,0.2702230215072632,0.2738882,0.0036651784927368425
nearest_neighbor_baseline,471,78673,138382,1.097723364830017,0.8928897976875305,0.8353903,0.05749949768753049,12.598074913024902,11.830295,0.7677799130249028,0.38292720913887024,0.34254083,0.04038637913887022,0.3886081576347351,0.3448896,0.04371855763473509,0.24747146666049957,0.17432255,0.07314891666049958
nearest_neighbor_baseline,472,67036,111576,1.3037254810333252,0.25262442231178284,0.25232223,0.0003021923117828562,21.5177059173584,20.028503,1.4892029173583978,0.22428281605243683,0.24326368,0.01898086394756318,0.22972561419010162,0.25040963,0.02068401580989837,0.26184526085853577,0.25297165,0.008873610858535774
nearest_neighbor_baseline,473,90314,95351,1.7115648984909058,0.6584503650665283,0.59844345,0.06000691506652833,18.909921646118164,18.507324,0.4025976461181635,0.2832992672920227,0.3182068,0.03490753270797731,0.330098420381546,0.39481357,0.06471514961845398,0.5430120825767517,0.6019837,0.0589716174232483
nearest_neighbor_baseline,474,940,101446,0.9238890409469604,0.935813844203949,0.9155832,0.020230644203948933,16.016395568847656,15.432462,0.583933568847657,0.269217848777771,0.2557515,0.013466348777770976,0.27697205543518066,0.26055193,0.016420125435180677,0.32744428515434265,0.2894064,0.03803788515434264
nearest_neighbor_baseline,475,60928,114184,1.7221301794052124,0.18249118328094482,0.1662858,0.016205383280944813,23.67932891845703,21.128765,2.55056391845703,0.3285326659679413,0.294074,0.03445866596794128,0.3414275646209717,0.3030115,0.03841606462097169,0.3430817723274231,0.28033528,0.06274649232742308
nearest_neighbor_baseline,476,113164,56958,1.1887389421463013,0.3232542872428894,0.33617508,0.01292079275711061,21.734067916870117,21.141315,0.5927529168701184,0.23759007453918457,0.23916873,0.0015786554608154257,0.2502415180206299,0.25264388,0.0024023619793701045,0.3533523380756378,0.43631202,0.0829596819243622
nearest_neighbor_baseline,477,84492,103169,1.5248258113861084,0.4736862778663635,0.49052718,0.01684090213363648,22.33368682861328,20.457476,1.8762108286132815,0.3473287522792816,0.37951455,0.03218579772071839,0.35028210282325745,0.3818304,0.03154829717674257,0.2114524394273758,0.16833334,0.043119099427375795
nearest_neighbor_baseline,478,12666,15385,1.7913607358932495,0.3860872983932495,0.45570648,0.06961918160675051,24.177093505859375,20.047976,4.1291175058593765,0.36011454463005066,0.3654662,0.00535165536994936,0.36272212862968445,0.36740986,0.004687731370315529,0.19095955789089203,0.18089235,0.010067207890892022
nearest_neighbor_baseline,479,105631,51336,2.047276496887207,0.9865785241127014,0.98829424,0.0017157158872985745,2.830301523208618,2.354413,0.4758885232086181,0.40155959129333496,0.3601907,0.041368891293334986,0.5379307270050049,0.47650057,0.06143015700500487,0.6201762557029724,0.633335,0.01315874429702757
nearest_neighbor_baseline,480,6080,18334,1.652576208114624,0.1666620373725891,0.1844303,0.01776826262741088,25.65949249267578,26.261986,0.602493507324219,0.20808908343315125,0.19996451,0.008124573433151233,0.21791568398475647,0.2109612,0.006954483984756482,0.33116447925567627,0.34405375,0.012889270744323722
nearest_neighbor_baseline,481,112172,15009,0.8429818749427795,0.9759134650230408,0.9841253,0.00821183497695921,10.043208122253418,10.221961,0.17875287774658233,0.18379174172878265,0.1778399,0.005951841728782659,0.20443861186504364,0.20346832,0.0009702918650436321,0.523648738861084,0.5767278,0.05307906113891603
nearest_neighbor_baseline,482,138859,39971,1.7407251596450806,0.14476661384105682,0.1520367,0.007270086158943173,24.493244171142578,24.452404,0.040840171142576764,0.21188393235206604,0.20982838,0.0020555523520660313,0.25585848093032837,0.23539537,0.020463110930328376,0.6835165023803711,0.53203994,0.1514765623803711
nearest_neighbor_baseline,483,74622,25576,1.6981056928634644,0.43191957473754883,0.4767871,0.04486752526245119,18.83751106262207,16.993988,1.8435230626220687,0.44802480936050415,0.4260383,0.02198650936050417,0.4499489367008209,0.4275707,0.022378236700820897,0.141034334897995,0.15325525,0.012220915102005014
nearest_neighbor_baseline,484,139914,19231,1.6154911518096924,0.572591245174408,0.60125834,0.028667094825592043,17.12798309326172,16.958212,0.16977109326171913,0.3551774322986603,0.4294457,0.07426826770133971,0.3573000133037567,0.4326774,0.07537738669624328,0.16519340872764587,0.2092386,0.04404519127235412
nearest_neighbor_baseline,485,83547,107769,1.3930916786193848,0.5558342337608337,0.5442518,0.011582433760833788,22.53287696838379,23.89097,1.3580930316162103,0.26933133602142334,0.2776508,0.008319463978576636,0.2850795090198517,0.29399607,0.008916560980148314,0.38606172800064087,0.35163072,0.03443100800064086
nearest_neighbor_baseline,486,131164,116903,1.1080577373504639,0.9137635827064514,0.91872776,0.004964177293548588,16.202722549438477,17.807226,1.6045034505615234,0.26728102564811707,0.28880164,0.02152061435188296,0.28024527430534363,0.29349345,0.013248175694656361,0.3286535441875458,0.3012433,0.027410244187545785
nearest_neighbor_baseline,487,9691,88873,1.3378515243530273,0.01686224900186062,0.028795075,0.011932825998139381,21.181774139404297,22.918543,1.7367688605957028,0.23111405968666077,0.21407782,0.017036239686660765,0.2333676666021347,0.21675098,0.016616686602134695,0.17042958736419678,0.19131288,0.020883292635803213
nearest_neighbor_baseline,488,28543,44759,1.424756646156311,0.6626557111740112,0.5932763,0.06937941117401125,23.80364990234375,24.09589,0.2922400976562507,0.7104054689407349,0.72097486,0.010569391059265132,0.7121112942695618,0.72391874,0.011807445730438237,0.1602223515510559,0.20189045,0.04166809844894409
nearest_neighbor_baseline,489,125136,32163,1.5746749639511108,0.9100865125656128,0.8260569,0.08402961256561281,13.857903480529785,14.227068,0.369164519470214,0.23272891342639923,0.24131638,0.008587466573600766,0.27470943331718445,0.25510925,0.01960018331718444,0.6036921143531799,0.5063876,0.09730451435317988
nearest_neighbor_baseline,490,131652,103395,1.2176029682159424,0.7929441928863525,0.7878926,0.005051592886352485,13.546735763549805,13.793733,0.2469972364501949,0.2675206661224365,0.25734174,0.010178926122436538,0.2826881408691406,0.26478523,0.017902910869140642,0.41233620047569275,0.30030662,0.11202958047569272
nearest_neighbor_baseline,491,108996,133261,1.1171165704727173,0.7245139479637146,0.6463978,0.07811614796371458,16.879756927490234,18.433767,1.5540100725097652,0.2200459986925125,0.22445075,0.004404751307487492,0.22883670032024384,0.23514926,0.006312559679756163,0.311682790517807,0.33046016,0.018777369482192996
nearest_neighbor_baseline,492,29005,40800,1.6261820793151855,0.21684065461158752,0.20532067,0.011519984611587514,25.33810043334961,23.252842,2.0852584333496083,0.2538599669933319,0.29176506,0.03790509300666811,0.2651059925556183,0.30648866,0.04138266744438174,0.25367677211761475,0.26212054,0.008443767882385267
nearest_neighbor_baseline,493,101393,77913,1.1847494840621948,0.9723278284072876,0.97677594,0.0044481115927124115,10.314311981201172,8.158229,2.1560829812011715,0.24840986728668213,0.21904571,0.029364157286682124,0.2665942907333374,0.23619747,0.03039682073333741,0.4659280776977539,0.42445773,0.04147034769775393
nearest_neighbor_baseline,494,122704,9359,1.1192861795425415,0.9817245602607727,0.9644431,0.017281460260772707,5.623190879821777,7.3163295,1.6931386201782228,0.2876935601234436,0.28776467,7.110987655639667e-05,0.29496005177497864,0.29492864,3.141177497861802e-05,0.2964123785495758,0.30807558,0.01166320145042421
nearest_neighbor_baseline,495,125106,57220,1.073331594467163,0.8858903646469116,0.8992788,0.013388435353088424,12.938509941101074,10.887625,2.0508849411010743,0.28950774669647217,0.27677312,0.012734626696472184,0.2963252067565918,0.28129256,0.015032646756591772,0.2905348241329193,0.2487881,0.0417467241329193
nearest_neighbor_baseline,496,75960,121111,2.3398892879486084,0.44097623229026794,0.46906823,0.02809199770973203,20.819618225097656,21.150536,0.33091777490234264,0.2356429547071457,0.27265495,0.037011995292854316,0.35201340913772583,0.40545577,0.05344236086227416,0.9264863729476929,1.0028958,0.07640942705230702
nearest_neighbor_baseline,497,36206,58162,1.1265918016433716,0.9133832454681396,0.900502,0.012881245468139624,16.022859573364258,16.006483,0.016376573364258462,0.2836329936981201,0.24003118,0.04360181369812011,0.28665637969970703,0.24343659,0.04321978969970702,0.21056486666202545,0.21117835,0.0006134833379745352
nearest_neighbor_baseline,498,44081,136513,1.1435480117797852,0.46142521500587463,0.48291755,0.02149233499412534,25.73138427734375,24.859468,0.8719162773437503,0.30633682012557983,0.2694692,0.036867620125579814,0.32474076747894287,0.3057245,0.01901626747894286,0.4437846839427948,0.40265882,0.04112586394279483
nearest_neighbor_baseline,499,66888,129812,1.721492052078247,0.38880008459091187,0.5534485,0.16464841540908814,21.261425018310547,19.648323,1.6131020183105456,0.25435394048690796,0.26681364,0.01245969951309206,0.2631734311580658,0.27396747,0.010794038841934195,0.2252904623746872,0.2470171,0.021726637625312795
nearest_neighbor_baseline,500,90965,39474,1.773192048072815,0.3660399615764618,0.36743867,0.0013987084235382308,25.99457359313965,25.060791,0.9337825931396502,0.35020872950553894,0.3160509,0.03415782950553892,0.36092743277549744,0.31791618,0.043011252775497444,0.26922017335891724,0.16680965,0.10241052335891723
nearest_neighbor_baseline,501,61270,112293,1.7758643627166748,0.15265855193138123,0.11254361,0.04011494193138122,27.81522560119629,29.078642,1.2634163988037095,0.2571268081665039,0.26134795,0.004221141833496089,0.28077396750450134,0.28369623,0.002922262495498651,0.3758224844932556,0.4011888,0.025366315506744397
nearest_neighbor_baseline,502,77429,139339,0.9709627628326416,0.7654003500938416,0.7996153,0.034214949906158476,10.3350191116333,12.152144,1.817124888366699,0.4034736752510071,0.37087217,0.03260150525100708,0.4053325951099396,0.37332782,0.0320047751099396,0.12272428721189499,0.17462762,0.05190333278810502
nearest_neighbor_baseline,503,124891,59184,1.384261131286621,0.852975070476532,0.83551836,0.017456710476531967,6.080471992492676,7.239979,1.1595070075073242,0.2655186951160431,0.24240625,0.0231124451160431,0.27415791153907776,0.26068288,0.013475031539077753,0.2743695080280304,0.3919754,0.11760589197196958
nearest_neighbor_baseline,504,21114,33646,1.2655831575393677,0.35390326380729675,0.36025137,0.006348106192703262,24.127641677856445,25.309942,1.1823003221435542,0.23579585552215576,0.23134136,0.004454495522155766,0.2471468448638916,0.23905241,0.008094434863891609,0.37589484453201294,0.3311226,0.04477224453201295
nearest_neighbor_baseline,505,12097,39827,1.367919921875,0.38734501600265503,0.3092958,0.07804921600265502,26.60396385192871,27.611074,1.0071101480712876,0.40952369570732117,0.3988728,0.01065089570732114,0.41074851155281067,0.4002728,0.010475711552810685,0.13680484890937805,0.13831599,0.001511141090621948
nearest_neighbor_baseline,506,89472,92343,1.5990527868270874,0.43787074089050293,0.57669336,0.13882261910949711,13.685647010803223,12.65129,1.0343570108032232,0.27669286727905273,0.32000378,0.04331091272094728,0.28115564584732056,0.3225815,0.041425854152679464,0.23712803423404694,0.16992757,0.06720046423404694
nearest_neighbor_baseline,507,77221,44566,1.570099949836731,0.38041314482688904,0.518526,0.138112855173111,20.516088485717773,19.97889,0.5371984857177736,0.5512327551841736,0.6216082,0.07037544481582647,0.5538490414619446,0.6240617,0.07021265853805547,0.17200584709644318,0.16482972,0.007176127096443163
nearest_neighbor_baseline,508,95413,46482,0.967751681804657,0.7408488392829895,0.72394794,0.016900899282989545,19.294301986694336,20.154459,0.8601570133056633,0.19072788953781128,0.20893359,0.018205700462188723,0.20136936008930206,0.21862468,0.017255319910697925,0.43455222249031067,0.4458563,0.011304077509689314
nearest_neighbor_baseline,509,100996,5796,1.276903748512268,0.9789252877235413,0.9564389,0.02248638772354128,8.026633262634277,9.109828,1.083194737365723,0.3016881048679352,0.27242395,0.029264154867935155,0.32004716992378235,0.30015045,0.019896719923782336,0.41034916043281555,0.43811324,0.027764079567184463
nearest_neighbor_baseline,510,17485,73948,1.158011555671692,0.6762874126434326,0.6937274,0.017439987356567377,22.49713706970215,22.9943,0.49716293029785064,0.28362220525741577,0.3045525,0.020930294742584232,0.2879905700683594,0.31103653,0.023045959931640603,0.20602697134017944,0.26827884,0.062251868659820575
nearest_neighbor_baseline,511,3401,92109,1.7370728254318237,0.8545607924461365,0.8913892,0.03682840755386352,12.177477836608887,12.079499,0.09797883660888651,0.38049301505088806,0.37830257,0.002190445050888057,0.38803431391716003,0.383051,0.004983313917160059,0.30121466517448425,0.26912144,0.03209322517448426
nearest_neighbor_baseline,512,60254,119020,1.6221938133239746,0.5254673361778259,0.56460273,0.039135393822174125,24.19580078125,22.896826,1.2989747812499992,0.42733055353164673,0.51076835,0.08343779646835325,0.4292847812175751,0.5120907,0.08280591878242494,0.17373643815517426,0.147964,0.025772438155174243
nearest_neighbor_baseline,513,136754,47963,1.381389856338501,0.9323952794075012,0.96642226,0.03402698059249876,5.030440330505371,6.505414,1.474973669494629,0.3170537054538727,0.3261024,0.009048694546127334,0.3279595971107483,0.35012406,0.022164462889251724,0.30548402667045593,0.34620205,0.04071802332954405
nearest_neighbor_baseline,514,53545,125071,1.665460228919983,0.10932549834251404,0.04299533,0.06633016834251404,26.0526123046875,28.241432,2.1888196953124996,0.410116046667099,0.43329823,0.023182183332901007,0.4292353689670563,0.43676203,0.007526661032943749,0.314139187335968,0.18029302,0.13384616733596802
nearest_neighbor_baseline,515,113601,28770,1.5360333919525146,0.6011181473731995,0.71697736,0.11585921262680055,22.706480026245117,22.600525,0.1059550262451161,0.34655195474624634,0.34604067,0.0005112847462463432,0.4534415602684021,0.4576096,0.004168039731597906,0.5949869155883789,0.6331878,0.03820088441162106
nearest_neighbor_baseline,516,53116,4814,1.4949846267700195,0.6005334854125977,0.6291179,0.02858441458740235,22.04692268371582,23.407984,1.3610613162841787,0.27614277601242065,0.270446,0.005696776012420635,0.29009780287742615,0.28097823,0.009119572877426152,0.40526363253593445,0.38807705,0.01718658253593447
nearest_neighbor_baseline,517,119683,114616,1.630515456199646,0.1468760222196579,0.127303,0.0195730222196579,27.698625564575195,26.036758,1.6618675645751964,0.20774304866790771,0.21456872,0.006825671332092276,0.22165676951408386,0.2284461,0.006789330485916151,0.316959023475647,0.3563548,0.039395776524353054
nearest_neighbor_baseline,518,25525,126052,1.5329301357269287,0.1209627240896225,0.20740697,0.0864442459103775,27.53038215637207,25.58758,1.9428021563720712,0.2945144474506378,0.291301,0.0032134474506378408,0.29734960198402405,0.29386115,0.0034884519840240324,0.19392484426498413,0.15171261,0.04221223426498413
nearest_neighbor_baseline,519,74800,18619,0.9289329648017883,0.9911822080612183,0.99078375,0.00039845806121829863,8.24686336517334,8.451201,0.20433763482665945,0.22164133191108704,0.22205076,0.00040942808891297755,0.231632262468338,0.24228019,0.010647927531661994,0.3955589532852173,0.4494483,0.05388934671478274
nearest_neighbor_baseline,520,113879,34683,1.144484281539917,0.6324276924133301,0.6274624,0.004965292413330102,22.34228515625,23.354504,1.0122188437499986,0.20859107375144958,0.24172638,0.033135306248550406,0.21632437407970428,0.25170487,0.03538049592029574,0.3324822783470154,0.2714628,0.06101947834701538
nearest_neighbor_baseline,521,69146,86544,1.8893771171569824,0.2773282825946808,0.20115994,0.07616834259468078,29.39178466796875,29.14764,0.2441446679687509,0.4766199588775635,0.46051162,0.016108338877563466,0.47835397720336914,0.46329418,0.01505979720336914,0.17295131087303162,0.20273778,0.02978646912696839
nearest_neighbor_baseline,522,88632,27927,1.074058175086975,0.7552081942558289,0.75980604,0.004597845744171103,12.864644050598145,14.048605,1.1839609494018557,0.22447523474693298,0.25357798,0.029102745253066997,0.23380504548549652,0.25748354,0.02367849451450349,0.2940209209918976,0.23213936,0.061881560991897594
nearest_neighbor_baseline,523,37447,42529,1.2114027738571167,0.838275134563446,0.8724896,0.03421446543655393,18.44530487060547,20.812439,2.3671341293945325,0.3581395745277405,0.36634177,0.008202195472259532,0.3603822588920593,0.36842424,0.008041981107940688,0.19736430048942566,0.19080688,0.006557420489425647
nearest_neighbor_baseline,524,43816,114165,1.432661533355713,0.20625925064086914,0.2899978,0.08373854935913083,27.844202041625977,28.369846,0.5256439583740224,0.6034809947013855,0.58686805,0.016612944701385524,0.6064860224723816,0.5926722,0.01381382247238161,0.1906987875699997,0.26539946,0.07470067243000028
nearest_neighbor_baseline,525,100272,115344,2.0958564281463623,0.14826174080371857,0.097351626,0.05091011480371857,25.03670883178711,24.46244,0.5742688317871085,0.21391414105892181,0.28402218,0.0701080389410782,0.27706095576286316,0.30884877,0.031787814237136836,0.5707048773765564,0.5081417,0.06256317737655637
nearest_neighbor_baseline,526,76662,16553,1.8360470533370972,0.2638949155807495,0.22519776,0.038697155580749515,24.384519577026367,25.94654,1.5620204229736316,0.21574169397354126,0.20812334,0.00761835397354127,0.22908653318881989,0.235612,0.006525466811180103,0.4359031319618225,0.4375678,0.001664668038177497
nearest_neighbor_baseline,527,34621,120568,1.1015609502792358,0.990513026714325,0.99415547,0.00364244328567509,3.649304151535034,4.384458,0.7351538484649662,0.27939537167549133,0.25930282,0.020092551675491344,0.3186523914337158,0.3013697,0.017282691433715802,0.6352118253707886,0.58215326,0.05305856537078857
nearest_neighbor_baseline,528,64552,123964,2.3048324584960938,0.98662930727005,0.99255604,0.005926732729949924,2.146358013153076,1.8965497,0.24980831315307617,0.440334290266037,0.511681,0.07134670973396307,0.6289851069450378,0.76698846,0.13800335305496214,0.8220957517623901,0.7937462,0.02834955176239018
nearest_neighbor_baseline,529,4130,60211,1.6754430532455444,0.43440869450569153,0.45041785,0.01600915549430848,25.992794036865234,26.10022,0.10742596313476582,0.3411368727684021,0.33895403,0.0021828427684020824,0.3435593545436859,0.34417996,0.0006206054563140939,0.18862178921699524,0.21740223,0.028780440783004763
nearest_neighbor_baseline,530,100772,15193,1.332177758216858,0.8106035590171814,0.82990533,0.0193017709828186,18.461448669433594,18.61961,0.1581613305664078,0.18353156745433807,0.2094308,0.025899232545661927,0.19858136773109436,0.24673145,0.04815008226890563,0.5322474241256714,0.59679496,0.0645475358743286
nearest_neighbor_baseline,531,37382,39519,1.5935554504394531,0.6235224604606628,0.6015729,0.021949560460662876,21.72679328918457,21.649431,0.07736228918457044,0.3203652501106262,0.3594494,0.039084149889373754,0.3322773277759552,0.3744892,0.04221187222404482,0.31654125452041626,0.317012,0.00047074547958375623
nearest_neighbor_baseline,532,135707,137620,1.5529471635818481,0.9334152936935425,0.8989567,0.03445859369354243,6.204599857330322,8.576449,2.371849142669678,0.29067933559417725,0.25781804,0.03286129559417722,0.3142220079898834,0.27081344,0.043408567989883406,0.4338066279888153,0.41956142,0.01424520798881529
nearest_neighbor_baseline,533,14776,5695,1.0197700262069702,0.9538361430168152,0.97416437,0.020328226983184816,6.110383033752441,6.6567287,0.546345666247559,0.29869046807289124,0.33006704,0.03137657192710874,0.31153586506843567,0.33978084,0.028244974931564304,0.3521791398525238,0.37641975,0.024240610147476194
nearest_neighbor_baseline,534,52567,99420,2.3234517574310303,0.22443024814128876,0.2479822,0.023551951858711256,29.275068283081055,28.440626,0.834442283081053,0.29936158657073975,0.21846165,0.08089993657073974,0.3038576543331146,0.22998716,0.07387049433311463,0.23202826082706451,0.33792156,0.1058932991729355
nearest_neighbor_baseline,535,51687,25406,1.4716858863830566,0.9413631558418274,0.97036743,0.029004274158172638,13.919861793518066,12.073354,1.8465077935180663,0.20056524872779846,0.18807729,0.012487958727798454,0.22820140421390533,0.22315034,0.005051064213905332,0.6959182620048523,0.7935803,0.09766203799514772
nearest_neighbor_baseline,536,37153,54323,2.094656229019165,0.5532888770103455,0.4918897,0.061399177010345474,26.92011833190918,25.352304,1.5678143319091795,0.4339102804660797,0.38324153,0.050668750466079715,0.4383455216884613,0.39241588,0.04592964168846131,0.257062166929245,0.3144274,0.05736523307075503
nearest_neighbor_baseline,537,1655,23595,1.8978363275527954,0.24716567993164062,0.23385225,0.013313429931640614,29.406017303466797,29.57408,0.16806269653320172,0.7129303216934204,0.7288262,0.01589587830657957,0.7141989469528198,0.729597,0.015398053047180227,0.13727091252803802,0.1049654,0.032305512528038025
nearest_neighbor_baseline,538,107023,12561,1.579095482826233,0.3393738865852356,0.36633575,0.02696186341476442,23.245285034179688,23.410688,0.16540296582031289,0.5822290182113647,0.60417295,0.021943931788635296,0.5850905179977417,0.6083877,0.023297182002258277,0.17936734855175018,0.20875104,0.029383691448249816
nearest_neighbor_baseline,539,83835,119765,1.478124737739563,0.910576581954956,0.92047703,0.009900448045043975,8.54183578491211,8.371471,0.1703647849121097,0.2333015352487564,0.23864922,0.0053476847512435866,0.24766021966934204,0.2550316,0.007371380330657984,0.3717217743396759,0.4254453,0.05372352566032412
nearest_neighbor_baseline,540,110879,135081,1.5196980237960815,0.8723588585853577,0.84024227,0.03211658858535771,12.202141761779785,14.098247,1.8961052382202155,0.2923829257488251,0.412862,0.12047907425117493,0.3177456259727478,0.4345449,0.11679927402725221,0.40472114086151123,0.42084295,0.016121809138488763
nearest_neighbor_baseline,541,129267,23642,1.572927713394165,0.5125881433486938,0.5088033,0.0037848433486938893,23.54587745666504,21.498247,2.04763045666504,0.30218443274497986,0.27294868,0.02923575274497986,0.3244727551937103,0.28468412,0.03978863519371034,0.4666915535926819,0.369901,0.0967905535926819
nearest_neighbor_baseline,542,80496,1868,1.7469837665557861,0.07097655534744263,0.034575075,0.03640148034744263,32.137298583984375,29.888807,2.248491583984375,0.7033114433288574,0.70585346,0.0025420166711426218,0.7049688696861267,0.7071043,0.00213543031387331,0.15934164822101593,0.11547966,0.04386198822101593
nearest_neighbor_baseline,543,20174,23939,1.285352349281311,0.8589901924133301,0.8334814,0.02550879241333004,12.456812858581543,13.234088,0.7772751414184569,0.2583356201648712,0.280433,0.022097379835128772,0.26279324293136597,0.28704214,0.024248897068634034,0.27387216687202454,0.25779453,0.016077636872024514
nearest_neighbor_baseline,544,31774,24640,1.362889289855957,0.9215846657752991,0.939248,0.0176633342247009,3.9975311756134033,4.6200237,0.6224925243865966,0.2861793637275696,0.27246633,0.013713033727569601,0.2924346625804901,0.27961096,0.012823702580490093,0.266277015209198,0.26598975,0.00028726520919797327
nearest_neighbor_baseline,545,2806,2936,1.7035285234451294,0.4145389795303345,0.40796944,0.006569539530334456,22.931781768798828,21.9051,1.0266817687988272,0.2013643980026245,0.22408827,0.022723871997375494,0.22749213874340057,0.29959115,0.0720990112565994,0.6839328408241272,0.75054085,0.06660800917587284
nearest_neighbor_baseline,546,79908,390,1.2052968740463257,0.22655034065246582,0.20663439,0.01991595065246582,26.780244827270508,26.539753,0.24049182727050677,0.9252167344093323,0.9282647,0.0030479655906677783,0.9260768890380859,0.92886984,0.002792950961914009,0.09107404202222824,0.075227804,0.015846238022228246
nearest_neighbor_baseline,547,29620,85092,1.1432465314865112,0.8248941898345947,0.815775,0.009119189834594699,15.281888008117676,15.545132,0.26324399188232483,0.2487778514623642,0.28129026,0.03251240853763582,0.2685251533985138,0.3031637,0.034638546601486186,0.4528478682041168,0.41173542,0.0411124482041168
nearest_neighbor_baseline,548,50703,111291,1.0773104429244995,0.7681905031204224,0.7266238,0.04156670312042232,19.509950637817383,20.732729,1.2227783621826163,0.22139126062393188,0.22863391,0.007242649376068111,0.23476511240005493,0.23594843,0.0011833175999450551,0.43068668246269226,0.4044834,0.026203282462692268
nearest_neighbor_baseline,549,108487,93218,1.1256026029586792,0.7934999465942383,0.8360564,0.04255645340576175,17.76364517211914,17.863283,0.09963782788085851,0.3356955647468567,0.36408868,0.02839311525314331,0.3450623154640198,0.37812954,0.03306722453598021,0.3584299683570862,0.40307897,0.0446490016429138
nearest_neighbor_baseline,550,137915,36201,1.3574128150939941,0.2690807282924652,0.24724793,0.021832798292465205,27.49998664855957,26.48304,1.0169466485595713,0.302049845457077,0.33372656,0.03167671454292298,0.31624844670295715,0.36532095,0.049072503297042824,0.3753071129322052,0.48030734,0.10500022706779483
nearest_neighbor_baseline,551,58438,76260,0.9866080284118652,0.9905712008476257,0.98803884,0.0025323608476257586,6.031909942626953,6.116672,0.0847620573730472,0.1986812800168991,0.22070016,0.022018879983100897,0.22117209434509277,0.23958364,0.018411545654907213,0.5250335335731506,0.44861326,0.07642027357315062
nearest_neighbor_baseline,552,21143,73003,1.2733123302459717,0.8353973627090454,0.7788192,0.056578162709045365,18.9180965423584,18.200243,0.717853542358398,0.2922152280807495,0.29903224,0.006817011919250493,0.30488672852516174,0.31870311,0.013816381474838269,0.4436167776584625,0.43272537,0.010891407658462526
nearest_neighbor_baseline,553,49832,83007,0.7086271047592163,0.9420251846313477,0.930598,0.01142718463134762,13.812124252319336,14.218661,0.40653674768066494,0.17859740555286407,0.18666604,0.00806863444713593,0.19939513504505157,0.2013833,0.0019881649549484126,0.5601739287376404,0.5146873,0.04548662873764042
nearest_neighbor_baseline,554,9621,92516,1.267304539680481,0.4060545861721039,0.4122784,0.0062238138278961075,21.018661499023438,19.964928,1.053733499023437,0.2587757110595703,0.22994068,0.028835031059570304,0.2823449969291687,0.25961086,0.022734136929168702,0.3749401271343231,0.41013217,0.0351920428656769
nearest_neighbor_baseline,555,90382,103914,1.8158087730407715,0.43701621890068054,0.36652547,0.07049074890068052,21.64892578125,25.000937,3.3520112187500004,0.30788281559944153,0.33578712,0.027904304400558466,0.314213365316391,0.34686038,0.03264701468360903,0.23381805419921875,0.26807517,0.034257115800781224
nearest_neighbor_baseline,556,104374,81525,1.6768686771392822,0.6169322729110718,0.5745502,0.042382072911071766,19.988338470458984,22.54313,2.554791529541017,0.39877814054489136,0.4191703,0.020392159455108638,0.4017184376716614,0.42043617,0.01871773232833862,0.19747552275657654,0.15435867,0.043116852756576535
nearest_neighbor_baseline,557,102897,109964,1.5002175569534302,0.579166054725647,0.48853737,0.09062868472564695,18.244548797607422,18.768845,0.524296202392577,0.20829366147518158,0.23619995,0.027906288524818412,0.22295168042182922,0.25528818,0.03233649957817075,0.34623631834983826,0.31242603,0.033810288349838236
nearest_neighbor_baseline,558,54633,87239,1.9403802156448364,0.1639910191297531,0.1699406,0.005949580870246884,29.338729858398438,28.404053,0.9346768583984364,0.537597119808197,0.545037,0.007439880191802972,0.539178192615509,0.5469396,0.007761407384490937,0.1362229585647583,0.13961226,0.0033893014352416873
nearest_neighbor_baseline,559,70060,69085,1.191687822341919,0.7372264862060547,0.6315362,0.1056902862060547,19.48047637939453,20.097155,0.6166786206054695,0.3696790039539337,0.38572633,0.01604732604606629,0.37474897503852844,0.3903929,0.015643924961471545,0.25971928238868713,0.23717067,0.022548612388687134
nearest_neighbor_baseline,560,102016,82304,1.1973470449447632,0.9686823487281799,0.92987037,0.038811978728179986,14.409252166748047,15.045594,0.6363418332519526,0.3478090763092041,0.37743837,0.02962929369079592,0.3542513847351074,0.38207573,0.02782434526489258,0.3231137692928314,0.24619722,0.07691654929283143
nearest_neighbor_baseline,561,49983,7430,1.1611404418945312,0.7776083946228027,0.7942748,0.016666405377197213,19.223892211914062,17.296724,1.9271682119140614,0.27632585167884827,0.28271684,0.006390988321151758,0.2833422124385834,0.29130936,0.007967147561416643,0.31925883889198303,0.33616364,0.016904801108016954
nearest_neighbor_baseline,562,46417,45018,1.0611916780471802,0.8510565757751465,0.8300228,0.021033775775146535,17.878814697265625,18.867785,0.9889703027343764,0.3184771239757538,0.30040523,0.01807189397575376,0.3238379657268524,0.30494532,0.018892645726852397,0.279671311378479,0.28056476,0.0008934486215210202
nearest_neighbor_baseline,563,103676,56371,1.2570356130599976,0.5160316228866577,0.53584135,0.01980972711334228,23.3746280670166,23.69682,0.3221919329833973,0.3284147381782532,0.28008547,0.04832926817825317,0.331289142370224,0.28281537,0.04847377237022399,0.18255041539669037,0.20950103,0.026950614603309636
nearest_neighbor_baseline,564,104307,123675,1.37312912940979,0.8674466609954834,0.82662374,0.04082292099548335,16.61484146118164,17.281738,0.6668965388183601,0.2423856556415558,0.2485447,0.006159044358444221,0.25440487265586853,0.26954558,0.015140707344131477,0.3855073153972626,0.40305954,0.01755222460273742
nearest_neighbor_baseline,565,91888,53510,1.2320106029510498,0.5147787928581238,0.556569,0.0417902071418762,19.903154373168945,21.1384,1.2352456268310554,0.3208504319190979,0.24153994,0.07931049191909789,0.32305532693862915,0.24434067,0.07871465693862914,0.15846654772758484,0.19871552,0.04024897227241517
nearest_neighbor_baseline,566,129660,95809,1.1330320835113525,0.9512187242507935,0.99202263,0.04080390574920656,6.422601699829102,5.4880505,0.9345511998291016,0.28094926476478577,0.25867078,0.022278484764785778,0.2953774929046631,0.2673578,0.028019692904663107,0.32905450463294983,0.37014934,0.041094835367050164
nearest_neighbor_baseline,567,68192,131663,1.581059455871582,0.41507068276405334,0.36798972,0.047080962764053325,24.526676177978516,24.716265,0.1895888220214843,0.2540895342826843,0.26536438,0.011274845717315685,0.28080102801322937,0.2838323,0.0030312719867706117,0.3927086591720581,0.36910075,0.023607909172058128
nearest_neighbor_baseline,568,12639,20471,1.7243279218673706,0.14561277627944946,0.15887499,0.01326221372055053,23.04224967956543,26.643608,3.6013583204345707,0.35542377829551697,0.33000398,0.025419798295516993,0.35940781235694885,0.33297437,0.026433442356948833,0.20316143333911896,0.21469231,0.01153087666088104
nearest_neighbor_baseline,569,100153,99778,1.650878667831421,0.3433505594730377,0.24419552,0.09915503947303772,23.186813354492188,24.24337,1.0565566455078113,0.31647050380706787,0.2576526,0.05881790380706786,0.33306634426116943,0.27031475,0.06275159426116944,0.35734274983406067,0.35851282,0.0011700701659393409
nearest_neighbor_baseline,570,70656,32173,1.1427185535430908,0.9007973074913025,0.91865546,0.01785815250869749,12.49853801727295,12.471125,0.027413017272948537,0.34902676939964294,0.35718575,0.00815898060035708,0.35626256465911865,0.36350662,0.00724405534088135,0.30583834648132324,0.2668871,0.038951246481323254
nearest_neighbor_baseline,571,123777,62266,1.6584688425064087,0.4399052560329437,0.43275505,0.007150206032943751,22.492727279663086,23.107105,0.6143777203369147,0.2347782552242279,0.25684872,0.02207046477577207,0.2418772578239441,0.26370314,0.02182588217605591,0.35629773139953613,0.27922386,0.07707387139953614
nearest_neighbor_baseline,572,79970,12611,1.10071861743927,0.7869672775268555,0.7686641,0.018303177526855507,20.95881462097168,21.870243,0.9114283790283189,0.46673864126205444,0.43748,0.029258641262054463,0.47117915749549866,0.44281736,0.028361797495498664,0.25678491592407227,0.27633426,0.019549344075927733
nearest_neighbor_baseline,573,83530,7955,1.5306205749511719,0.4472515881061554,0.44586882,0.0013827681061553965,23.76108741760254,22.929441,0.8316464176025384,0.3167203664779663,0.31668133,3.903647796632548e-05,0.33593112230300903,0.33990926,0.003978137696990958,0.3741435408592224,0.3637202,0.010423340859222419
nearest_neighbor_baseline,574,50999,30363,1.464146614074707,0.9905893802642822,0.99352896,0.00293957973571779,6.368329048156738,5.4803944,0.8879346481567385,0.21494629979133606,0.19955805,0.015388249791336073,0.25310391187667847,0.24271014,0.010393771876678476,0.68202805519104,0.7340186,0.051990544808959926
nearest_neighbor_baseline,575,125945,78365,1.5292000770568848,0.5921544432640076,0.62766373,0.03550928673599241,22.620389938354492,21.978476,0.6419139383544916,0.2156030386686325,0.20862669,0.006976348668632504,0.2359430491924286,0.22099835,0.014944699192428579,0.5143029689788818,0.48816904,0.026133928978881837
nearest_neighbor_baseline,576,27314,101288,2.0461909770965576,0.18700909614562988,0.17537346,0.011635636145629874,26.428001403808594,23.672255,2.755746403808594,0.2533896565437317,0.27379435,0.02040469345626833,0.2724722623825073,0.31168753,0.039215267617492666,0.4284448027610779,0.5252819,0.09683709723892209
nearest_neighbor_baseline,577,69269,2487,1.1179627180099487,0.8128352165222168,0.8555595,0.04272428347778323,14.645586967468262,12.950553,1.6950339674682624,0.21456439793109894,0.2405056,0.025941202068901076,0.22026650607585907,0.25330868,0.03304217392414094,0.30647242069244385,0.34123018,0.034757759307556146
nearest_neighbor_baseline,578,108908,40230,1.8693386316299438,0.17139875888824463,0.25485057,0.08345181111175537,29.93733024597168,27.649908,2.2874222459716798,0.4398588538169861,0.45685756,0.016998706183013912,0.44654330611228943,0.46346062,0.01691731388771056,0.22070690989494324,0.21556951,0.005137399894943245
nearest_neighbor_baseline,579,139818,20212,1.1975682973861694,0.8809923529624939,0.8427517,0.038240652962493904,12.371330261230469,12.5081,0.1367697387695319,0.24982459843158722,0.26804525,0.018220651568412793,0.260590523481369,0.2852381,0.024647576518630976,0.3621137738227844,0.436076,0.0739622261772156
nearest_neighbor_baseline,580,98508,59236,1.2083059549331665,0.5727964043617249,0.63105476,0.058258355638275194,25.312068939208984,24.87715,0.43491893920898406,0.2982269823551178,0.29275542,0.005471562355117809,0.30196964740753174,0.2964441,0.00552554740753175,0.2552046775817871,0.26472098,0.009516302418212885
nearest_neighbor_baseline,581,59867,14992,1.0307508707046509,0.7233813405036926,0.78773725,0.06435590949630743,22.478660583496094,19.940672,2.5379885834960945,0.3760754466056824,0.39074472,0.014669273394317617,0.37898144125938416,0.39235625,0.013374808740615862,0.21649932861328125,0.18346275,0.03303657861328124
nearest_neighbor_baseline,582,107960,92221,1.2732422351837158,0.9841096997261047,0.9533724,0.030737299726104728,7.184765815734863,9.861614,2.676848184265136,0.2381151020526886,0.23027451,0.00784059205268861,0.27074331045150757,0.25247434,0.01826897045150755,0.6149076819419861,0.56449246,0.05041522194198611
nearest_neighbor_baseline,583,113742,71523,2.2355666160583496,0.22345730662345886,0.26744822,0.04399091337654115,28.915143966674805,29.145437,0.23029303332519646,0.5286601185798645,0.534603,0.005942881420135548,0.5302122235298157,0.5358465,0.0056342764701843295,0.16723985970020294,0.11039409,0.05684576970020294
nearest_neighbor_baseline,584,40824,74502,1.081978678703308,0.9767976999282837,0.95122933,0.025568369928283707,10.457348823547363,10.09479,0.3625588235473636,0.31117525696754456,0.29022178,0.02095347696754457,0.31521981954574585,0.29607192,0.01914789954574586,0.25413385033607483,0.26129594,0.007162089663925175
nearest_neighbor_baseline,585,134630,105870,2.1829543113708496,0.38130971789360046,0.41190627,0.030596552106399555,25.889522552490234,22.834793,3.054729552490233,0.3591896891593933,0.32805955,0.031130139159393333,0.36155152320861816,0.33040127,0.03115025320861814,0.20447523891925812,0.16550323,0.038972008919258116
nearest_neighbor_baseline,586,78969,90596,1.0571492910385132,0.9673062562942505,0.9363359,0.03097035629425049,8.780716896057129,11.504751,2.7240341039428717,0.2658255398273468,0.27798116,0.012155620172653203,0.27759820222854614,0.29334202,0.01574381777145384,0.3339497745037079,0.35795787,0.024008095496292126
nearest_neighbor_baseline,587,68142,12099,1.4687867164611816,0.8865919709205627,0.8009974,0.08559457092056277,12.285139083862305,13.38691,1.1017709161376956,0.27837949991226196,0.33836082,0.059981320087738044,0.2854292392730713,0.3412181,0.055788860726928735,0.24130557477474213,0.18231064,0.05899493477474213
nearest_neighbor_baseline,588,111405,121806,1.5874971151351929,0.5209183692932129,0.47696835,0.043950019293212905,26.446184158325195,25.903982,0.5422021583251961,0.5688716173171997,0.5846743,0.015802682682800273,0.5779984593391418,0.59656215,0.018563690660858168,0.3590433597564697,0.34771103,0.01133232975646975
nearest_neighbor_baseline,589,2797,128137,1.1994132995605469,0.8755592703819275,0.90631706,0.030757789618072517,16.142454147338867,14.551181,1.5912731473388675,0.3305155634880066,0.25665516,0.0738604034880066,0.35513341426849365,0.28955525,0.06557816426849367,0.4942363500595093,0.47952405,0.014712300059509298
nearest_neighbor_baseline,590,83146,10501,1.2346128225326538,0.3561348617076874,0.32539976,0.030735101707687396,25.93185043334961,26.988537,1.0566865666503915,0.8008608222007751,0.77491575,0.025945072200775132,0.8031915426254272,0.77859867,0.024592872625427198,0.1662037968635559,0.21702033,0.0508165331364441
nearest_neighbor_baseline,591,91207,44354,1.76682448387146,0.2804913818836212,0.33455402,0.05406263811637879,24.3984317779541,22.401274,1.9971577779541008,0.30171823501586914,0.2727487,0.02896953501586913,0.3154946267604828,0.27979276,0.035701866760482814,0.3465419411659241,0.3171873,0.029354641165924067
nearest_neighbor_baseline,592,9929,21776,1.3880459070205688,0.7850518226623535,0.7346471,0.05040472266235352,12.93272876739502,12.456335,0.47639376739502026,0.2807323932647705,0.31691405,0.036181656735229495,0.2837364673614502,0.32659796,0.042861492638549825,0.2208898514509201,0.26441398,0.04352412854907989
nearest_neighbor_baseline,593,87728,65051,1.480039358139038,0.5269100069999695,0.6582459,0.13133589300003057,23.444944381713867,23.619196,0.17425161828613156,0.28492873907089233,0.2640903,0.020838439070892334,0.29904118180274963,0.2720891,0.02695208180274966,0.31754183769226074,0.2966313,0.020910537692260756
nearest_neighbor_baseline,594,12919,91127,1.9472482204437256,0.2602853775024414,0.32047957,0.060194192497558585,29.35230255126953,28.294926,1.057376551269531,0.6510190367698669,0.63296336,0.01805567676986697,0.6534717082977295,0.63457644,0.018895268297729473,0.1836719959974289,0.1587935,0.02487849599742889
nearest_neighbor_baseline,595,130288,125620,1.3771499395370483,0.8977383375167847,0.8896298,0.008108537516784642,19.012250900268555,19.973223,0.9609720997314461,0.35164880752563477,0.3568901,0.005241292474365222,0.36060723662376404,0.36138672,0.0007794833762359565,0.295600026845932,0.2740659,0.021534126845932033
nearest_neighbor_baseline,596,37943,29817,1.0856069326400757,0.892295241355896,0.8334441,0.058851141355895975,16.714601516723633,17.898413,1.1838114832763686,0.3937232196331024,0.39724222,0.0035190003668975622,0.40222421288490295,0.40248412,0.00025990711509704667,0.28805363178253174,0.28895807,0.000904438217468273
nearest_neighbor_baseline,597,89595,127495,1.341171145439148,0.6825506091117859,0.7024166,0.019865990888214058,23.77007293701172,22.61972,1.1503529370117178,0.57711261510849,0.5739068,0.00320581510848994,0.5860403776168823,0.5819679,0.004072477616882342,0.29003071784973145,0.261467,0.02856371784973144
nearest_neighbor_baseline,598,123810,4847,1.530900239944458,0.24017150700092316,0.2892659,0.049094392999076863,19.818761825561523,20.376766,0.5580041744384765,0.19604536890983582,0.24822108,0.052175711090164195,0.20787948369979858,0.2643944,0.05651491630020139,0.36816373467445374,0.3343902,0.03377353467445371
nearest_neighbor_baseline,599,35838,32653,1.0149763822555542,0.8810937404632568,0.8969147,0.015820959536743118,17.435977935791016,14.729623,2.7063549357910155,0.2734396159648895,0.26725742,0.006182195964889503,0.2799036204814911,0.27222648,0.007677140481491096,0.2703191936016083,0.24398555,0.02633364360160828
nearest_neighbor_baseline,600,77590,401,1.1859683990478516,0.7567707896232605,0.68587065,0.07090013962326047,16.1479549407959,16.724934,0.5769790592041026,0.25306791067123413,0.2235358,0.029532110671234124,0.25940078496932983,0.23076867,0.028632114969329825,0.3101087510585785,0.31767005,0.00756129894142149
nearest_neighbor_baseline,601,30470,108565,2.684532403945923,0.23892894387245178,0.1463244,0.09260454387245179,24.604509353637695,24.497746,0.10676335363769596,0.28790774941444397,0.29790226,0.009994510585556005,0.31613028049468994,0.32059744,0.00446715950531007,0.33486735820770264,0.3295305,0.005336858207702633
nearest_neighbor_baseline,602,27360,18833,1.1960079669952393,0.9581213593482971,0.9592805,0.0011591406517028613,11.740825653076172,12.925335,1.1845093469238286,0.2251775711774826,0.22379889,0.0013786811774826047,0.24210450053215027,0.24815561,0.00605110946784973,0.43129754066467285,0.546064,0.11476645933532714
nearest_neighbor_baseline,603,115410,57408,1.3966342210769653,0.3174973428249359,0.30424413,0.013253212824935912,20.874652862548828,21.371769,0.49711613745117234,0.3305659294128418,0.3089149,0.021651029412841805,0.3399967551231384,0.31567028,0.024326475123138402,0.25565123558044434,0.22173005,0.033921185580444324
nearest_neighbor_baseline,604,128538,96832,1.3478797674179077,0.7942236065864563,0.7971967,0.0029730934135436815,15.414946556091309,15.311357,0.10358955609130938,0.2898620665073395,0.30972338,0.019861313492660515,0.29639768600463867,0.31354976,0.01715207399536134,0.28401342034339905,0.20261912,0.08139430034339903
nearest_neighbor_baseline,605,50502,114728,1.7847623825073242,0.11540737748146057,0.062754646,0.052652731481460574,28.44866943359375,27.072792,1.3758774335937503,0.4820767641067505,0.45650977,0.025566994106750507,0.5101454854011536,0.48401707,0.02612841540115357,0.32054683566093445,0.3588983,0.038351464339065555
nearest_neighbor_baseline,606,100812,108216,1.6023398637771606,0.6336067318916321,0.6605614,0.026954668108367885,9.64904499053955,11.977976,2.328931009460449,0.24010932445526123,0.25165686,0.011547535544738752,0.2427440881729126,0.25589105,0.013146961827087411,0.19138988852500916,0.20482118,0.013431291474990836
nearest_neighbor_baseline,607,121745,85304,1.4567240476608276,0.30797991156578064,0.2617722,0.04620771156578063,23.653034210205078,22.352373,1.300661210205078,0.25073495507240295,0.28599292,0.03525796492759703,0.25448986887931824,0.28818053,0.03369066112068175,0.22095412015914917,0.19848569,0.022468430159149178
nearest_neighbor_baseline,608,90430,125140,1.3014109134674072,0.9703027009963989,0.95601225,0.014290450996398918,10.561423301696777,11.907859,1.3464356983032228,0.1821206510066986,0.19964951,0.017528858993301394,0.20078352093696594,0.2385509,0.03776737906303407,0.5632900595664978,0.57430327,0.01101321043350223
nearest_neighbor_baseline,609,113420,74838,1.7664685249328613,0.04676135256886482,0.0067370525,0.04002430006886482,30.4918155670166,29.635548,0.8562675670166016,0.27030813694000244,0.30677193,0.036463793059997585,0.27260658144950867,0.30984873,0.03724214855049135,0.16952162981033325,0.17768624,0.008164610189666743
nearest_neighbor_baseline,610,97861,6007,1.3168823719024658,0.5039574503898621,0.41429013,0.08966732038986208,21.03529930114746,21.78199,0.7466906988525395,0.23799999058246613,0.26912236,0.03112236941753388,0.24321523308753967,0.28383508,0.040619846912460345,0.24977387487888336,0.30641672,0.056642845121116614
nearest_neighbor_baseline,611,127102,37192,1.1479586362838745,0.6927414536476135,0.75914407,0.06640261635238642,21.27375030517578,19.163265,2.110485305175782,0.3020583689212799,0.27024958,0.03180878892127992,0.3108265995979309,0.27579156,0.03503503959793092,0.2772041857242584,0.2775482,0.0003440142757415998
nearest_neighbor_baseline,612,19167,23258,0.9345692992210388,0.8889631032943726,0.94115186,0.05218875670562739,14.125740051269531,14.36936,0.2436199487304691,0.2519223988056183,0.23768744,0.014234958805618286,0.26352396607398987,0.24619175,0.01733221607398988,0.35908567905426025,0.34416538,0.014920299054260233
nearest_neighbor_baseline,613,55245,11487,1.3059842586517334,0.44825616478919983,0.428266,0.01999016478919985,25.653295516967773,26.549637,0.8963414830322272,0.6933954954147339,0.7042726,0.01087710458526614,0.6981218457221985,0.7059732,0.007851354277801481,0.1956849992275238,0.1516048,0.04408019922752379
nearest_neighbor_baseline,614,48338,853,1.2599185705184937,0.98092120885849,0.97351927,0.007401938858489943,3.0892317295074463,4.7573614,1.6681296704925535,0.2890441417694092,0.31469178,0.025647638230590797,0.30922815203666687,0.34727067,0.03804251796333313,0.3638594448566437,0.37109524,0.007235795143356316
nearest_neighbor_baseline,615,125492,55584,1.431213617324829,0.7919877171516418,0.7796087,0.012379017151641802,8.636075019836426,8.582299,0.05377601983642499,0.2792520821094513,0.31954214,0.04029005789054868,0.28594252467155457,0.32732004,0.04137751532844541,0.28239893913269043,0.27324918,0.00914975913269045
nearest_neighbor_baseline,616,70463,89890,1.5532658100128174,0.5114784836769104,0.4757294,0.035749083676910376,24.493762969970703,25.9048,1.4110370300292985,0.28580859303474426,0.27964148,0.006167113034744265,0.2872285544872284,0.281631,0.005597554487228373,0.1561584770679474,0.149555,0.006603477067947394
nearest_neighbor_baseline,617,78246,95941,1.5505229234695435,0.1386914849281311,0.062054276,0.07663720892813111,29.15386390686035,31.767565,2.6137010931396496,0.6238712668418884,0.57117265,0.05269861684188848,0.6246894001960754,0.5760272,0.04866220019607548,0.10874443501234055,0.17619276,0.06744832498765946
nearest_neighbor_baseline,618,2696,23085,1.320569634437561,0.06673113256692886,0.05178229,0.014948842566928862,29.64775848388672,30.338377,0.6906185161132825,0.9355906844139099,0.93121284,0.0043778444139098704,0.9362971782684326,0.9315458,0.004751378268432638,0.08518671989440918,0.046954427,0.03823229289440918
nearest_neighbor_baseline,619,111402,22420,1.879303216934204,0.38206836581230164,0.3673673,0.014701065812301628,24.25893211364746,23.782982,0.4759501136474604,0.22127118706703186,0.242593,0.021321812932968143,0.2827492356300354,0.3091599,0.026410664369964587,0.6387719511985779,0.71257186,0.07379990880142206
nearest_neighbor_baseline,620,11879,135896,1.2618430852890015,0.8197287321090698,0.8497569,0.030028167890930213,17.881561279296875,19.334507,1.4529457207031236,0.23404847085475922,0.19922595,0.034822520854759204,0.24521176517009735,0.22343221,0.02177955517009736,0.46831071376800537,0.47987142,0.011560706231994622
nearest_neighbor_baseline,621,84596,86723,1.4197746515274048,0.5686426758766174,0.56735057,0.0012921058766174331,22.229291915893555,21.497921,0.7313709158935531,0.40471354126930237,0.4731077,0.06839415873069765,0.4077215790748596,0.47618183,0.06846025092514035,0.2040621042251587,0.20162503,0.0024370742251586808
nearest_neighbor_baseline,622,68689,89890,1.3927420377731323,0.5114784836769104,0.46995777,0.041520713676910403,24.493762969970703,24.662842,0.16907903002929814,0.28580859303474426,0.3164217,0.03061310696525571,0.2872285544872284,0.3183237,0.031095145512771594,0.1561584770679474,0.16049322,0.004334742932052604
nearest_neighbor_baseline,623,46126,31222,1.4046083688735962,0.25985023379325867,0.30118528,0.04133504620674133,24.30194091796875,22.472153,1.8297879179687513,0.25380003452301025,0.26837012,0.014570085476989736,0.26188620924949646,0.27313685,0.011250640750503527,0.27920615673065186,0.24924564,0.029960516730651865
nearest_neighbor_baseline,624,107742,129262,2.1029937267303467,0.08666209876537323,0.07225859,0.014403508765373232,27.608497619628906,27.3179,0.2905976196289046,0.3747202157974243,0.3942051,0.01948488420257566,0.412776380777359,0.42144302,0.008666639222640993,0.39184099435806274,0.39558935,0.003748355641937262
nearest_neighbor_baseline,625,25060,83338,1.8601034879684448,0.05482420697808266,0.04066832,0.014155886978082656,30.124032974243164,29.331545,0.7924879742431656,0.6252264380455017,0.56394607,0.06128036804550174,0.6260402798652649,0.56808996,0.05795031986526489,0.0910971611738205,0.18306577,0.0919686088261795
nearest_neighbor_baseline,626,39402,52044,1.2842211723327637,0.4060508608818054,0.36496246,0.04108840088180543,23.774444580078125,23.868633,0.0941884199218741,0.28174301981925964,0.27883738,0.00290563981925962,0.2878609597682953,0.28412932,0.0037316397682952696,0.2754330039024353,0.27350235,0.0019306539024352976
nearest_neighbor_baseline,627,61296,38784,1.1848077774047852,0.2648082971572876,0.19365644,0.07115185715728758,23.18409538269043,23.961311,0.7772156173095688,0.19575068354606628,0.20566729,0.009916606453933718,0.2017953246831894,0.21187723,0.010081905316810608,0.2469761222600937,0.28184748,0.034871357739906295
nearest_neighbor_baseline,628,75973,112684,2.0990216732025146,0.38370826840400696,0.21893464,0.16477362840400694,22.765193939208984,25.505432,2.7402380607910146,0.3168768882751465,0.2872557,0.02962118827514648,0.3330613076686859,0.3031009,0.029960407668685907,0.31035521626472473,0.3264603,0.01610508373527525
nearest_neighbor_baseline,629,53509,89140,1.5314416885375977,0.9694002270698547,0.9739017,0.004501472930145245,12.650675773620605,11.372887,1.277788773620605,0.2159167230129242,0.22634445,0.010427726987075808,0.29677605628967285,0.2731191,0.023656956289672848,0.8890345096588135,0.83081764,0.05821686965881345
nearest_neighbor_baseline,630,39250,127476,1.3992263078689575,0.6137852668762207,0.6010825,0.012702766876220739,22.741666793823242,22.482584,0.25908279382324295,0.24641838669776917,0.23166527,0.014753116697769159,0.2529603838920593,0.24494222,0.008018163892059338,0.3147098422050476,0.34047782,0.02576797779495238
nearest_neighbor_baseline,631,25624,82421,0.9024068117141724,0.7246707677841187,0.7535858,0.02891503221588132,20.35344123840332,20.614689,0.2612477615966782,0.21113021671772003,0.19494088,0.01618933671772002,0.22298350930213928,0.20822044,0.014763069302139276,0.37992456555366516,0.40048322,0.020558654446334812
nearest_neighbor_baseline,632,103645,93246,0.9886434078216553,0.8667131066322327,0.86698025,0.0002671433677673418,20.138513565063477,19.450756,0.6877575650634782,0.38636302947998047,0.41552997,0.029166940520019558,0.3875361680984497,0.41746053,0.02992436190155029,0.13190187513828278,0.16887243,0.036970554861717214
nearest_neighbor_baseline,633,128371,64677,1.0787854194641113,0.8419402837753296,0.8654767,0.023536416224670398,17.649362564086914,16.102531,1.546831564086915,0.2521875202655792,0.26276374,0.0105762197344208,0.27118200063705444,0.28100514,0.009823139362945543,0.48123350739479065,0.43802258,0.043210927394790655
nearest_neighbor_baseline,634,2650,1320,1.7057950496673584,0.9838477969169617,0.9855545,0.00170670308303833,4.01751708984375,4.388352,0.37083491015625025,0.33822572231292725,0.26869288,0.06953284231292722,0.3559831976890564,0.29079586,0.06518733768905638,0.3688659071922302,0.4193577,0.050491792807769775
nearest_neighbor_baseline,635,137164,31212,2.508812189102173,0.15788987278938293,0.12343894,0.03445093278938294,21.42266082763672,17.995314,3.4273468276367183,0.20707178115844727,0.25462866,0.04755687884155274,0.20980095863342285,0.2616309,0.05182994136657715,0.20140567421913147,0.21330401,0.011898335780868519
nearest_neighbor_baseline,636,31437,44532,1.378912091255188,0.8680095672607422,0.86187357,0.00613599726074221,9.33541488647461,10.900923,1.5655081135253912,0.21652288734912872,0.25419953,0.037676642650871284,0.23358865082263947,0.26405042,0.030461769177360543,0.35381555557250977,0.31313014,0.040685415572509764
nearest_neighbor_baseline,637,101233,88565,1.5765541791915894,0.9695039987564087,0.96857846,0.0009255387564086615,10.552334785461426,9.450259,1.102075785461425,0.19720961153507233,0.24510393,0.04789431846492767,0.22228044271469116,0.28640524,0.06412479728530884,0.5286215543746948,0.52477336,0.0038481943746948577
nearest_neighbor_baseline,638,3963,84435,1.2919028997421265,0.47102653980255127,0.5628802,0.09185366019744878,22.712129592895508,20.709646,2.0024835928955085,0.22365806996822357,0.21782602,0.005832049968223563,0.23356781899929047,0.22205868,0.011509138999290458,0.3258264660835266,0.30619943,0.019627036083526617
nearest_neighbor_baseline,639,53892,129435,1.7267158031463623,0.12054333835840225,0.15930204,0.038758701641597754,24.74748420715332,22.646526,2.100958207153319,0.21458058059215546,0.23189345,0.017312869407844544,0.22694744169712067,0.24530265,0.018355208302879344,0.38874924182891846,0.2915048,0.09724444182891845
nearest_neighbor_baseline,640,117653,36200,2.0603301525115967,0.106302410364151,0.14187954,0.035577129635849,29.330608367919922,30.089148,0.7585396320800797,0.35308557748794556,0.3123196,0.04076597748794558,0.3563598692417145,0.31520227,0.04115759924171447,0.217223659157753,0.21212779,0.00509586915775298
nearest_neighbor_baseline,641,131891,103720,0.7454496026039124,0.923036515712738,0.93264836,0.009611844287261917,16.979053497314453,16.124361,0.8546924973144527,0.3129730522632599,0.2681512,0.04482185226325991,0.3172897696495056,0.2715137,0.04577606964950559,0.23333704471588135,0.23229906,0.001037984715881346
nearest_neighbor_baseline,642,12908,47648,1.4233561754226685,0.5967262387275696,0.64984494,0.05311870127243046,20.909099578857422,21.96659,1.0574904211425782,0.2579285204410553,0.22937779,0.0285507304410553,0.2633662223815918,0.2668561,0.003489877618408188,0.31886208057403564,0.3946374,0.07577531942596438
nearest_neighbor_baseline,643,53915,14055,1.332033395767212,0.8074666261672974,0.86029714,0.05283051383270265,17.223730087280273,16.484114,0.7396160872802717,0.2688404321670532,0.29549626,0.026655827832946788,0.2751685082912445,0.30289778,0.0277292717087555,0.2810927927494049,0.339715,0.05862220725059508
nearest_neighbor_baseline,644,73861,79790,2.012835741043091,0.1142437681555748,0.17102456,0.056780791844425194,26.26587677001953,24.165997,2.0998797700195304,0.5491982102394104,0.5994839,0.05028568976058956,0.5503168106079102,0.6005712,0.050254389392089815,0.1348702758550644,0.124235734,0.010634541855064392
nearest_neighbor_baseline,645,44613,25346,1.637284517288208,0.6941503882408142,0.5905001,0.10365028824081424,21.687667846679688,23.315342,1.6276741533203136,0.828275203704834,0.7941955,0.03407970370483393,0.8303279280662537,0.8007459,0.02958202806625365,0.1778232306241989,0.26402217,0.08619893937580109
nearest_neighbor_baseline,646,988,78842,1.5804277658462524,0.6056865453720093,0.5628404,0.04284614537200926,21.48619842529297,24.344662,2.858463574707031,0.3221099376678467,0.3569491,0.03483916233215334,0.32951146364212036,0.36199102,0.032479556357879635,0.2613130211830139,0.24322933,0.018083691183013922
nearest_neighbor_baseline,647,110286,54194,1.0771992206573486,0.9719177484512329,0.94953763,0.02238011845123289,10.985650062561035,11.079328,0.09367793743896513,0.2279914915561676,0.23485743,0.006865938443832403,0.2335505485534668,0.24263023,0.009079681446533205,0.27813172340393066,0.24975216,0.028379563403930663
nearest_neighbor_baseline,648,45176,55723,1.5478177070617676,0.11069049686193466,0.182499,0.07180850313806533,24.76820182800293,23.083523,1.6846788280029301,0.21858510375022888,0.21311751,0.005467593750228872,0.2241419106721878,0.21978803,0.00435388067218781,0.2938515245914459,0.26806578,0.025785744591445947
nearest_neighbor_baseline,649,24962,20486,1.0583254098892212,0.7691706418991089,0.79918003,0.030009388100891154,18.874197006225586,19.814804,0.9406069937744128,0.33941733837127686,0.3575659,0.018148561628723137,0.34262815117836,0.36507872,0.022450568821640038,0.21658626198768616,0.27241305,0.05582678801231383
nearest_neighbor_baseline,650,98676,39995,0.7321683764457703,0.8822847008705139,0.8602925,0.0219922008705139,14.195735931396484,16.143923,1.9481870686035165,0.19707974791526794,0.19769433,0.0006145820847320571,0.20559673011302948,0.2019675,0.0036292301130294857,0.2867925763130188,0.26977336,0.01701921631301878
nearest_neighbor_baseline,651,34672,123710,2.3909778594970703,0.39185482263565063,0.27085182,0.12100300263565061,24.212932586669922,25.037786,0.8248534133300787,0.2372400462627411,0.29450196,0.05726191373725892,0.2673591673374176,0.32795072,0.06059155266258237,0.6223357915878296,0.48865393,0.13368186158782958
nearest_neighbor_baseline,652,114589,52642,1.6156491041183472,0.14367440342903137,0.17427784,0.030603436570968617,25.074289321899414,25.842402,0.7681126781005858,0.2239270657300949,0.21001062,0.0139164457300949,0.23464685678482056,0.22250748,0.01213937678482055,0.31511878967285156,0.3726597,0.05754091032714842
nearest_neighbor_baseline,653,58694,36121,0.9079071283340454,0.7494860291481018,0.7473209,0.002165129148101852,18.457170486450195,18.637589,0.1804185135498031,0.2837027609348297,0.2889062,0.00520343906517029,0.2907540500164032,0.2992221,0.008468049983596793,0.30361899733543396,0.37170115,0.06808215266456602
nearest_neighbor_baseline,654,32067,52767,1.1614620685577393,0.6876494288444519,0.6587219,0.028927528844451933,22.38389015197754,22.447256,0.06336584802246037,0.2599737346172333,0.29350454,0.033530805382766704,0.2721642553806305,0.30304283,0.030878574619369492,0.4120718836784363,0.35430518,0.05776670367843628
nearest_neighbor_baseline,655,1302,105175,0.93087238073349,0.919984757900238,0.92100173,0.0010169720997619258,7.253519058227539,7.612123,0.35860394177246135,0.27595895528793335,0.27558297,0.00037598528793336694,0.28182452917099,0.28205022,0.0002256908290100279,0.2503308057785034,0.27791792,0.027587114221496567
nearest_neighbor_baseline,656,911,86077,1.2533519268035889,0.8577640056610107,0.8053286,0.05243540566101079,11.998220443725586,11.973825,0.02439544372558622,0.3174201250076294,0.36332873,0.045908604992370594,0.3246752917766571,0.36690575,0.04223045822334287,0.23344476521015167,0.19399132,0.03945344521015168
nearest_neighbor_baseline,657,18919,45582,1.0986768007278442,0.7738426923751831,0.78544974,0.011607047624816902,19.87372398376465,19.110508,0.763215983764649,0.24651113152503967,0.2503496,0.0038384684749603326,0.2614103853702545,0.264695,0.003284614629745497,0.37445229291915894,0.40212587,0.02767357708084106
nearest_neighbor_baseline,658,90950,56094,1.55118727684021,0.7059888243675232,0.61314756,0.09284126436752316,18.46161651611328,20.604382,2.14276548388672,0.5478695034980774,0.54873514,0.0008656365019226175,0.5539183020591736,0.55470836,0.0007900579408264274,0.2572975754737854,0.27629018,0.018992604526214596
nearest_neighbor_baseline,659,45949,131868,1.4577956199645996,0.17450577020645142,0.17349294,0.0010128302064514039,24.448993682861328,25.114897,0.665903317138671,0.8018214106559753,0.7663895,0.035431910655975396,0.8025292158126831,0.7693599,0.03316931581268312,0.08506328612565994,0.16830127,0.08323798387434006
nearest_neighbor_baseline,660,19061,92387,1.6265008449554443,0.62050861120224,0.6613964,0.040887788797760005,24.5958194732666,24.007174,0.5886454732666024,0.5661032795906067,0.53431284,0.03179043959060668,0.5674667358398438,0.5361736,0.03129313583984372,0.1334141492843628,0.1349038,0.0014896507156371974
nearest_neighbor_baseline,661,30409,25218,1.0316601991653442,0.9069968461990356,0.9350634,0.028066553800964344,12.079071998596191,14.210244,2.131172001403808,0.2840414345264435,0.29717025,0.013128815473556543,0.2958860993385315,0.30693743,0.011051330661468517,0.3185550570487976,0.35884506,0.040290002951202386
nearest_neighbor_baseline,662,16536,36580,1.3500421047210693,0.95814049243927,0.9727905,0.014650007560729983,8.023463249206543,8.580047,0.5565837507934575,0.22284339368343353,0.18281254,0.04003085368343354,0.23822630941867828,0.19683442,0.041391889418678274,0.35996949672698975,0.42691994,0.06695044327301025
nearest_neighbor_baseline,663,29288,138063,1.4520173072814941,0.4585611820220947,0.57834965,0.11978846797790532,22.881757736206055,23.053211,0.17145326379394632,0.2727856934070587,0.25177988,0.021005813407058704,0.27971068024635315,0.26047269,0.019237990246353143,0.3419451415538788,0.3380977,0.003847441553878783
nearest_neighbor_baseline,664,57615,86966,1.0246003866195679,0.9639427661895752,0.93306065,0.03088211618957515,10.68734359741211,9.761845,0.9254985974121102,0.28425759077072144,0.30969554,0.025437949229278556,0.28925958275794983,0.31368032,0.024420737242050183,0.24323506653308868,0.23431548,0.008919586533088691
nearest_neighbor_baseline,665,69016,134851,1.211351990699768,0.13700978457927704,0.14738007,0.010370285420722963,28.27878761291504,28.482708,0.20392038708495974,0.8920785784721375,0.91278386,0.02070528152786255,0.8925852179527283,0.9132182,0.02063298204727171,0.07012142986059189,0.07558972,0.005468290139408111
nearest_neighbor_baseline,666,10763,55351,1.432859182357788,0.44784635305404663,0.42430085,0.023545503054046624,27.69523048400879,25.802114,1.8931164840087895,0.44718337059020996,0.40080956,0.04637381059020995,0.45781224966049194,0.40602532,0.05178692966049192,0.30944734811782837,0.30922204,0.00022530811782839333
nearest_neighbor_baseline,667,40434,98915,1.4686720371246338,0.22963671386241913,0.22231221,0.007324503862419118,22.805204391479492,24.781895,1.9766906085205065,0.621607780456543,0.58880574,0.032802040456543,0.6248705387115479,0.5920002,0.032870338711547875,0.19468806684017181,0.19048919,0.004198876840171811
nearest_neighbor_baseline,668,123941,28282,1.415408968925476,0.3047334551811218,0.28896764,0.0157658151811218,25.980775833129883,27.589819,1.6090431668701157,0.37037667632102966,0.43257973,0.06220305367897033,0.374977171421051,0.4363762,0.061399028578948966,0.2611129879951477,0.22045971,0.0406532779951477
nearest_neighbor_baseline,669,123298,29480,1.8496695756912231,0.47464483976364136,0.40734175,0.06730308976364135,23.73431968688965,23.834337,0.100017313110353,0.35682764649391174,0.39806083,0.04123318350608823,0.3822774291038513,0.44932052,0.06704309089614868,0.48614466190338135,0.5413495,0.05520483809661869
nearest_neighbor_baseline,670,30053,32007,0.7012695670127869,0.8343297243118286,0.8074876,0.02684212431182864,16.433021545410156,17.271378,0.8383564545898423,0.2580910623073578,0.27987647,0.0217854076926422,0.2629459798336029,0.28294185,0.01999587016639709,0.26596200466156006,0.25962916,0.006332844661560033
nearest_neighbor_baseline,671,58728,57193,1.6708364486694336,0.530060887336731,0.6053704,0.07530951266326902,20.45189666748047,21.312756,0.8608593325195315,0.47269561886787415,0.5044568,0.03176118113212589,0.4795098602771759,0.5186435,0.03913363972282413,0.2839306890964508,0.33066615,0.046735460903549186
nearest_neighbor_baseline,672,66456,26901,1.0523322820663452,0.8061525225639343,0.7761057,0.030046822563934317,18.829593658447266,20.365795,1.536201341552733,0.22153246402740479,0.19952007,0.02201239402740479,0.23162652552127838,0.21180972,0.019816805521278374,0.3280366063117981,0.37084657,0.04280996368820189
nearest_neighbor_baseline,673,41579,136193,1.3175363540649414,0.9630786180496216,0.9705888,0.007510181950378447,10.242217063903809,10.343152,0.10093493609619131,0.3018079102039337,0.29648733,0.0053205802039337224,0.32015809416770935,0.3202598,0.00010170583229063279,0.4639219641685486,0.45691204,0.007009924168548565
nearest_neighbor_baseline,674,64745,52534,1.172863245010376,0.8776402473449707,0.9485041,0.07086385265502926,14.803971290588379,14.108398,0.6955732905883796,0.23576153814792633,0.2231568,0.012604738147926342,0.26533186435699463,0.2464392,0.018892664356994632,0.4264174699783325,0.49283993,0.06642246002166746
nearest_neighbor_baseline,675,137958,117310,1.567812204360962,0.19424864649772644,0.19525152,0.0010028735022735713,29.774572372436523,30.35674,0.5821676275634751,0.5689343214035034,0.55621165,0.012722671403503472,0.5746004581451416,0.55973035,0.014870108145141558,0.23848392069339752,0.25542262,0.016938699306602467
nearest_neighbor_baseline,676,48932,133489,1.4178040027618408,0.0726642981171608,0.06893155,0.003732748117160803,28.589006423950195,28.784948,0.19594157604980467,0.2782003581523895,0.2980198,0.019819441847610475,0.2825557291507721,0.29936898,0.016813250849227912,0.2270096391439438,0.17686048,0.0501491591439438
nearest_neighbor_baseline,677,49647,34840,1.1184688806533813,0.9760903120040894,0.99077934,0.014689027995910653,10.518132209777832,8.270407,2.2477252097778315,0.21013779938220978,0.19196244,0.018175359382209766,0.22402630746364594,0.20209584,0.021930467463645936,0.3990586996078491,0.36545885,0.03359984960784912
nearest_neighbor_baseline,678,15236,31249,1.201783299446106,0.9055209159851074,0.79923725,0.10628366598510741,16.596879959106445,18.130651,1.533771040893555,0.3945257365703583,0.35333124,0.041194496570358285,0.39875471591949463,0.3601387,0.03861601591949465,0.2340722680091858,0.24270606,0.00863379199081421
nearest_neighbor_baseline,679,65673,15577,1.4711060523986816,0.9415394067764282,0.93396425,0.007575156776428171,10.491193771362305,10.034842,0.4563517713623053,0.26221776008605957,0.2970408,0.03482303991394042,0.2720867991447449,0.30247214,0.030385340855255127,0.36675024032592773,0.30064937,0.06610087032592771
nearest_neighbor_baseline,680,57688,39820,1.4608302116394043,0.956078052520752,0.9609867,0.004908647479248018,13.438037872314453,12.847464,0.5905738723144527,0.4084627032279968,0.48307595,0.07461324677200315,0.4138994812965393,0.4869006,0.07300111870346071,0.27486562728881836,0.22947106,0.045394567288818355
nearest_neighbor_baseline,681,137202,12266,1.8671425580978394,0.39900749921798706,0.36801112,0.030996379217987036,24.893230438232422,23.78781,1.1054204382324215,0.3025612235069275,0.26816574,0.034395483506927504,0.3087247312068939,0.2833294,0.025395331206893912,0.31142011284828186,0.43842283,0.12700271715171813
nearest_neighbor_baseline,682,61185,11564,1.018671989440918,0.6846030354499817,0.71494704,0.03034400455001829,17.070777893066406,17.858223,0.7874451069335926,0.21604879200458527,0.23654655,0.020497757995414728,0.22284992039203644,0.25577214,0.03292221960796354,0.3122882544994354,0.37258565,0.060297395500564566
nearest_neighbor_baseline,683,43300,80172,1.2583751678466797,0.9946443438529968,0.9915586,0.0030857438529968695,4.935756206512451,7.006035,2.0702787934875486,0.22273582220077515,0.1929311,0.029804722200775152,0.24622507393360138,0.22572498,0.020500093933601388,0.6012511849403381,0.639522,0.0382708150596619
nearest_neighbor_baseline,684,129982,101697,1.5546029806137085,0.5575566291809082,0.57920337,0.021646740819091792,24.6082763671875,23.377485,1.2307913671875,0.33295994997024536,0.37148663,0.03852668002975462,0.33970627188682556,0.38123122,0.04152494811317442,0.34755468368530273,0.38092202,0.03336733631469724
nearest_neighbor_baseline,685,126889,57022,1.8759455680847168,0.8233094215393066,0.8116477,0.011661721539306669,11.572836875915527,13.875265,2.3024281240844733,0.296619176864624,0.26519343,0.031425746864624016,0.30161383748054504,0.2828263,0.01878753748054507,0.27958521246910095,0.36613455,0.08654933753089905
nearest_neighbor_baseline,686,12773,21698,1.7537493705749512,0.1594136357307434,0.09511676,0.06429687573074341,24.42424201965332,22.461796,1.9624460196533207,0.35453858971595764,0.40238678,0.04784819028404236,0.35628342628479004,0.40461972,0.04833629371520998,0.1398143619298935,0.12943128,0.010383081929893484
nearest_neighbor_baseline,687,100606,69022,1.3144760131835938,0.4230981767177582,0.3960004,0.027097776717758204,24.0902099609375,25.777498,1.6872880390625014,0.30919283628463745,0.29386696,0.01532587628463744,0.3211873471736908,0.3013947,0.01979264717369078,0.28775522112846375,0.30281806,0.015062838871536255
nearest_neighbor_baseline,688,69929,81870,1.1914972066879272,0.5046436786651611,0.4796985,0.024945178665161105,25.020008087158203,24.73689,0.2831180871582042,0.5435662865638733,0.55573946,0.012173173436126672,0.5511475801467896,0.567465,0.016317419853210446,0.23488762974739075,0.28139156,0.04650393025260924
nearest_neighbor_baseline,689,137309,13226,0.8899043202400208,0.7951517105102539,0.80910057,0.013948859489746113,18.66446304321289,18.508072,0.1563910432128921,0.23594363033771515,0.20964913,0.02629450033771516,0.25160685181617737,0.21808238,0.033524471816177376,0.3440699875354767,0.38087255,0.03680256246452329
nearest_neighbor_baseline,690,21863,45353,1.4130558967590332,0.48173555731773376,0.496637,0.01490144268226623,25.660442352294922,24.24041,1.4200323522949212,0.5116661190986633,0.5056748,0.00599131909866335,0.5129223465919495,0.5106752,0.002247146591949467,0.14816385507583618,0.24811354,0.09994968492416381
nearest_neighbor_baseline,691,125720,134958,0.872464120388031,0.825385570526123,0.76095283,0.06443274052612302,17.787487030029297,18.804876,1.0173889699707033,0.20087097585201263,0.20807086,0.007199884147987362,0.2067863941192627,0.21804179,0.011255395880737318,0.32590097188949585,0.33175653,0.005855558110504144
nearest_neighbor_baseline,692,114621,26324,1.076049566268921,0.6140857338905334,0.64581686,0.0317311261094666,15.802114486694336,15.556148,0.24596648669433563,0.23026825487613678,0.25686237,0.026594115123863227,0.2342967391014099,0.26566476,0.03136802089859009,0.22152380645275116,0.26571038,0.044186573547248864
nearest_neighbor_baseline,693,14305,87855,0.7982972264289856,0.8745164275169373,0.9151379,0.04062147248306269,11.774839401245117,12.926447,1.1516075987548824,0.210963636636734,0.1997188,0.011244836636734007,0.21932843327522278,0.2055792,0.013749233275222789,0.29154542088508606,0.2844627,0.007082720885086047
nearest_neighbor_baseline,694,125196,13579,1.4637598991394043,0.49819424748420715,0.37801126,0.12018298748420714,25.758394241333008,26.988708,1.2303137586669912,0.2428361177444458,0.23655222,0.006283897744445793,0.2460380345582962,0.2396197,0.006418334558296213,0.2307625114917755,0.19094047,0.03982204149177551
nearest_neighbor_baseline,695,37242,136988,1.0005733966827393,0.8904086351394653,0.91282207,0.02241343486053471,15.617801666259766,16.717255,1.099453333740236,0.23902367055416107,0.24728583,0.00826215944583894,0.2431398630142212,0.2502825,0.0071426369857788274,0.2711937129497528,0.21766427,0.053529442949752815
nearest_neighbor_baseline,696,60535,30912,1.48145592212677,0.18655908107757568,0.27616337,0.08960428892242434,23.816085815429688,23.65038,0.1657058154296891,0.19791388511657715,0.19031784,0.00759604511657716,0.20847588777542114,0.21620676,0.007730872224578855,0.45501482486724854,0.5380394,0.08302457513275141
nearest_neighbor_baseline,697,85628,83898,1.4138410091400146,0.6212882995605469,0.59593415,0.025354149560546824,14.306876182556152,15.550814,1.2439378174438485,0.2229451686143875,0.28072625,0.0577810813856125,0.2386312633752823,0.28918037,0.05054910662471773,0.3344123065471649,0.28936926,0.0450430465471649
nearest_neighbor_baseline,698,98426,132344,0.8777874708175659,0.9798442721366882,0.96355516,0.016289112136688266,10.503972053527832,12.096337,1.592364946472168,0.22531431913375854,0.23516595,0.009851630866241468,0.2320127785205841,0.24711229,0.015099511479415906,0.3501400053501129,0.37640205,0.026262044649887073
nearest_neighbor_baseline,699,56792,62098,1.0385130643844604,0.9712724089622498,0.98085135,0.009578941037750255,6.328414440155029,5.747394,0.5810204401550294,0.22542491555213928,0.19508187,0.03034304555213929,0.23567494750022888,0.20745306,0.028221887500228887,0.3286915421485901,0.31964758,0.009043962148590101
nearest_neighbor_baseline,700,58449,26527,1.2680726051330566,0.3839210569858551,0.4680798,0.08415874301414489,26.81884765625,24.749275,2.069572656249999,0.3780769407749176,0.40795985,0.02988290922508241,0.38260820508003235,0.41045117,0.027842964919967628,0.24761097133159637,0.20566677,0.041944201331596376
nearest_neighbor_baseline,701,118897,87166,1.048937201499939,0.7247945070266724,0.71889484,0.005899667026672328,21.99631690979004,22.051268,0.05495109020996125,0.46524345874786377,0.48240465,0.01716119125213622,0.46742212772369385,0.4856448,0.01822267227630614,0.19223880767822266,0.20729472,0.015055912321777332
nearest_neighbor_baseline,702,24381,51105,2.1071088314056396,0.18200795352458954,0.22795749,0.045949536475410474,27.885967254638672,25.877628,2.0083392546386705,0.569682776927948,0.5139555,0.05572727692794799,0.5706018209457397,0.5145583,0.05604352094573972,0.11319385468959808,0.09249924,0.020694614689598087
nearest_neighbor_baseline,703,124366,86766,1.4702790975570679,0.9364339113235474,0.90570945,0.030724461323547336,12.121532440185547,9.296479,2.825053440185547,0.4529685378074646,0.43487218,0.018096357807464603,0.4564576745033264,0.44293344,0.013524234503326404,0.21829429268836975,0.27423662,0.055942327311630236
nearest_neighbor_baseline,704,104545,83899,1.5233381986618042,0.2092583179473877,0.18210131,0.027157007947387707,29.6284122467041,29.992968,0.3645557532958996,0.5100314021110535,0.56518316,0.05515175788894655,0.5114536285400391,0.56629306,0.05483943145996095,0.16580042243003845,0.14215466,0.023645762430038464
nearest_neighbor_baseline,705,19482,120988,0.9733655452728271,0.8453758955001831,0.8495493,0.004173404499816846,16.361040115356445,16.616158,0.25511788464355334,0.3227842450141907,0.27957463,0.04320961501419068,0.3322988748550415,0.28391567,0.048383204855041495,0.30953526496887207,0.25588733,0.053647934968872046
nearest_neighbor_baseline,706,69482,33804,1.2448821067810059,0.9428659677505493,0.9215299,0.021336067750549303,2.681302785873413,5.713529,3.032226214126587,0.33744674921035767,0.2643134,0.07313334921035769,0.34641188383102417,0.2739288,0.0724830838310242,0.3251863121986389,0.2955867,0.029599612198638936
nearest_neighbor_baseline,707,109697,17642,1.610552191734314,0.2772585451602936,0.27573404,0.0015245051602935655,23.39255714416504,23.011116,0.3814411441650378,0.6837168335914612,0.6560122,0.027704633591461136,0.685045063495636,0.6591758,0.025869263495636008,0.11887042969465256,0.16336855,0.044498120305347444
nearest_neighbor_baseline,708,13163,34125,1.3895530700683594,0.8745420575141907,0.8622685,0.01227355751419068,8.630331039428711,8.519239,0.11109203942871027,0.27060961723327637,0.28420258,0.013592962766723615,0.274310827255249,0.2892603,0.014949472744751002,0.17462819814682007,0.20997639,0.035348191853179944
nearest_neighbor_baseline,709,21756,13108,1.5852524042129517,0.2653696537017822,0.19886526,0.06650439370178224,23.738683700561523,25.066118,1.327434299438476,0.1980278193950653,0.19675383,0.001273989395065317,0.23336906731128693,0.21666636,0.016702707311286924,0.6077889800071716,0.5491437,0.05864528000717162
nearest_neighbor_baseline,710,55855,94150,1.395864486694336,0.9810358881950378,0.9755264,0.005509488195037826,5.174354553222656,6.7030206,1.528666046777344,0.19477351009845734,0.20579168,0.011018169901542668,0.20709039270877838,0.21268742,0.005597027291221607,0.3896820843219757,0.30410117,0.08558091432197573
nearest_neighbor_baseline,711,71436,88428,2.729480743408203,0.07770798355340958,0.03093618,0.046771803553409576,31.245603561401367,27.015682,4.229921561401365,0.518886387348175,0.4052048,0.11368158734817507,0.5223697423934937,0.41503423,0.10733551239349365,0.19774261116981506,0.28771064,0.08996802883018495
nearest_neighbor_baseline,712,3488,88753,1.772446870803833,0.2277231067419052,0.25663862,0.02891551325809477,26.207107543945312,24.073792,2.1333155439453115,0.4281640648841858,0.48857486,0.06041079511581421,0.43428608775138855,0.4938723,0.059586212248611437,0.27341127395629883,0.27663612,0.0032248460437011572
nearest_neighbor_baseline,713,88527,95360,1.5400279760360718,0.3444017469882965,0.37551528,0.031113533011703498,23.881412506103516,23.664787,0.21662550610351516,0.5744510889053345,0.48969874,0.08475234890533445,0.5845070481300354,0.49680102,0.08770602813003542,0.27233195304870605,0.2632934,0.009038553048706044
nearest_neighbor_baseline,714,97067,136049,1.3400866985321045,0.4707672595977783,0.44112176,0.029645499597778346,17.988271713256836,20.933249,2.944977286743164,0.27160072326660156,0.28293812,0.011337396733398453,0.2759714424610138,0.28689262,0.010921177538986193,0.22905786335468292,0.24546087,0.016403006645317075
nearest_neighbor_baseline,715,76062,7902,2.032514810562134,0.09426473826169968,0.0660849,0.028179838261699675,29.437767028808594,29.342728,0.09503902880859272,0.2708337604999542,0.31974488,0.048911119500045785,0.28047752380371094,0.3270311,0.04655357619628908,0.32309556007385254,0.28220826,0.04088730007385255
nearest_neighbor_baseline,716,45199,131225,1.5089192390441895,0.6185882687568665,0.6305837,0.011995431243133514,24.629026412963867,24.962725,0.33369858703613176,0.34837138652801514,0.40436742,0.05599603347198484,0.35031455755233765,0.4105566,0.06024204244766235,0.1688404381275177,0.22126126,0.05242082187248229
nearest_neighbor_baseline,717,64676,57617,1.1518203020095825,0.9829027056694031,0.9460164,0.0368863056694031,3.905416250228882,5.712701,1.8072847497711182,0.28620854020118713,0.26232114,0.023887400201187126,0.30519163608551025,0.27754635,0.027645286085510257,0.4075234830379486,0.35810623,0.04941725303794858
nearest_neighbor_baseline,718,129728,119978,1.2117120027542114,0.1422504186630249,0.122711554,0.019538864663024902,26.10044288635254,27.602333,1.5018901136474625,0.28591006994247437,0.29656005,0.010649980057525654,0.2895527780056,0.303002,0.013449221994400018,0.20876765251159668,0.22309849,0.01433083748840333
nearest_neighbor_baseline,719,67282,85655,1.5085506439208984,0.20582368969917297,0.21347836,0.007654670300827032,29.60570526123047,30.154163,0.5484577387695317,0.632429838180542,0.6193803,0.013049538180541997,0.6340163946151733,0.6209859,0.01303049461517336,0.1369379609823227,0.15370548,0.016767519017677313
nearest_neighbor_baseline,720,139772,137903,1.358952283859253,0.846305251121521,0.7837793,0.06252595112152104,17.278270721435547,17.974567,0.6962962785644535,0.47211018204689026,0.39782348,0.07428670204689025,0.4736192524433136,0.39956695,0.07405230244331362,0.14596477150917053,0.16181608,0.01585130849082947
nearest_neighbor_baseline,721,128213,27477,1.6798421144485474,0.25509053468704224,0.22988173,0.02520880468704223,25.970905303955078,26.720173,0.7492676960449209,0.2181544005870819,0.22409628,0.0059418794129181,0.2330966293811798,0.23886372,0.005767090618820192,0.42618289589881897,0.36112475,0.06505814589881898
nearest_neighbor_baseline,722,97773,100358,1.449790120124817,0.3526940643787384,0.33215523,0.02053883437873838,23.907960891723633,23.907267,0.0006938917236318787,0.22146786749362946,0.23452787,0.013060002506370544,0.2233676165342331,0.23566322,0.012295603465766913,0.16344361007213593,0.14522482,0.01821879007213592
nearest_neighbor_baseline,723,27442,13812,1.0935924053192139,0.9086683988571167,0.8791462,0.02952219885711671,7.753686904907227,5.8812275,1.872459404907227,0.29413166642189026,0.27350503,0.020626636421890276,0.3008885979652405,0.28128216,0.019606437965240475,0.2628099322319031,0.30898508,0.04617514776809695
nearest_neighbor_baseline,724,91024,118482,1.2421354055404663,0.9919331669807434,0.9512979,0.04063526698074338,4.688002586364746,7.557986,2.8699834136352536,0.2579095959663391,0.2735986,0.015689004033660914,0.3018006682395935,0.32613438,0.024333711760406496,0.638248085975647,0.65719795,0.018949864024353058
nearest_neighbor_baseline,725,130877,103849,1.4582022428512573,0.2831422984600067,0.36439523,0.0812529315399933,24.946474075317383,23.138187,1.8082870753173843,0.25404611229896545,0.27518603,0.021139917701034572,0.26246845722198486,0.2855157,0.02304724277801512,0.3362717926502228,0.27424112,0.06203067265022277
nearest_neighbor_baseline,726,136110,130978,1.6866297721862793,0.5575159788131714,0.5353737,0.022142278813171434,26.599870681762695,25.961458,0.638412681762695,0.48890843987464905,0.42238605,0.06652238987464903,0.49064478278160095,0.42528588,0.06535890278160095,0.17651407420635223,0.19260523,0.016091155793647755
nearest_neighbor_baseline,727,112895,89589,1.6511178016662598,0.38313421607017517,0.329764,0.05337021607017517,24.95267105102539,27.615551,2.6628799489746093,0.29552945494651794,0.3461752,0.05064574505348207,0.30810779333114624,0.37103602,0.06292822666885378,0.3361019492149353,0.3405027,0.004400750785064689
nearest_neighbor_baseline,728,122922,97275,1.8890501260757446,0.32360488176345825,0.3461275,0.022522618236541725,26.282501220703125,25.014786,1.2677152207031241,0.564696729183197,0.4804868,0.08420992918319703,0.5794367790222168,0.48979822,0.08963855902221679,0.3375677168369293,0.28969485,0.04787286683692932
nearest_neighbor_baseline,729,107929,37112,1.7956321239471436,0.11931248754262924,0.15579304,0.03648055245737075,24.721515655517578,25.512444,0.7909283444824204,0.1901441067457199,0.21662425,0.02648014325428008,0.19328302145004272,0.21849175,0.025208728549957288,0.24200822412967682,0.20467652,0.03733170412967682
nearest_neighbor_baseline,730,113637,70462,1.5717555284500122,0.9716031551361084,0.96207917,0.009523985136108415,10.439873695373535,10.52854,0.08866630462646441,0.21831755340099335,0.19534951,0.022968043400993343,0.26972490549087524,0.24053334,0.029191565490875232,0.7301038503646851,0.7246744,0.005429450364685007
nearest_neighbor_baseline,731,96930,11674,1.5554641485214233,0.8471468091011047,0.92533064,0.07818383089889525,19.37841796875,17.275572,2.1028459687499996,0.5595585107803345,0.51255894,0.046999570780334454,0.5638597011566162,0.5192822,0.044577501156616184,0.2339291274547577,0.263426,0.029496872545242303
nearest_neighbor_baseline,732,93972,77200,1.30117666721344,0.6528405547142029,0.63458794,0.01825261471420292,18.701019287109375,20.49717,1.7961507128906256,0.21150588989257812,0.23320682,0.021700930107421884,0.25386133790016174,0.2853689,0.03150756209983824,0.5472550988197327,0.5536647,0.006409601180267344
nearest_neighbor_baseline,733,56965,43640,1.350446343421936,0.2667519748210907,0.28102356,0.014271585178909307,26.87607192993164,26.616869,0.2592029299316394,0.47242650389671326,0.47735384,0.004927336103286717,0.47826695442199707,0.48087215,0.002605195578002928,0.22247855365276337,0.21912508,0.003353473652763367
nearest_neighbor_baseline,734,31551,47099,1.0867069959640503,0.858319878578186,0.8584845,0.00016462142181394857,17.17193603515625,17.545712,0.37377596484375175,0.27399376034736633,0.25552782,0.018465940347366316,0.2931944727897644,0.30308685,0.009892377210235614,0.5614946484565735,0.5390641,0.02243054845657344
nearest_neighbor_baseline,735,41957,93856,0.6189550161361694,0.9454115629196167,0.94056726,0.004844302919616683,13.473965644836426,12.368313,1.1056526448364252,0.1985142081975937,0.20894487,0.010430661802406316,0.2303185611963272,0.2385528,0.0082342388036728,0.6779032349586487,0.64497226,0.03293097495864872
nearest_neighbor_baseline,736,89703,131559,1.3841675519943237,0.6565396189689636,0.6789212,0.02238158103103638,19.636154174804688,20.249977,0.6138228251953137,0.4332863688468933,0.44709453,0.01380816115310668,0.4383774697780609,0.449261,0.010883530221939108,0.2289133369922638,0.16402584,0.06488749699226379
nearest_neighbor_baseline,737,62692,100441,1.1469042301177979,0.9387853145599365,0.9492476,0.010462285440063446,14.096266746520996,13.88194,0.21432674652099593,0.2207338958978653,0.19837923,0.022354665897865306,0.24433563649654388,0.2452453,0.0009096635034561151,0.564310610294342,0.6697798,0.105469189705658
nearest_neighbor_baseline,738,133095,85190,1.8540526628494263,0.11805819720029831,0.042134393,0.07592380420029832,28.26077651977539,28.519365,0.2585884802246099,0.4315395653247833,0.41700473,0.014534835324783335,0.4357045888900757,0.4188601,0.01684448889007567,0.2020748257637024,0.16348727,0.0385875557637024
nearest_neighbor_baseline,739,38025,19180,1.0340443849563599,0.7136293053627014,0.66399384,0.04963546536270147,16.49993133544922,18.517868,2.0179366645507812,0.2561325430870056,0.27633017,0.02019762691299437,0.2599281966686249,0.28149956,0.021571363331375104,0.2280501127243042,0.23333858,0.005288467275695791
nearest_neighbor_baseline,740,120024,39374,1.8033527135849,0.31898772716522217,0.31443456,0.004553167165222194,26.626638412475586,27.897131,1.2704925875244157,0.3415631651878357,0.35374594,0.012182774812164288,0.365451842546463,0.3999178,0.03446595745353698,0.40512561798095703,0.47618893,0.07106331201904298
nearest_neighbor_baseline,741,117063,138400,1.967369794845581,0.12225433439016342,0.11566569,0.00658864439016342,24.80480194091797,25.263535,0.4587330590820322,0.2680264413356781,0.27474204,0.00671559866432192,0.27707263827323914,0.28992954,0.01285690172676085,0.3225817084312439,0.41867027,0.09608856156875611
nearest_neighbor_baseline,742,9469,25503,1.0313630104064941,0.3059614896774292,0.28424543,0.021716059677429178,28.335124969482422,28.624516,0.289391030517578,0.6064502596855164,0.5841926,0.022257659685516407,0.6083720922470093,0.5871004,0.02127169224700931,0.17241354286670685,0.1786869,0.0062733571332931615
nearest_neighbor_baseline,743,69116,31652,1.4375083446502686,0.6110026836395264,0.624487,0.013484316360473647,20.8591365814209,23.049679,2.1905424185791027,0.21465004980564117,0.26250497,0.04785492019435883,0.220485121011734,0.27551338,0.055028258988265966,0.3153846263885498,0.3556491,0.04026447361145019
nearest_neighbor_baseline,744,54054,8747,1.2454630136489868,0.9799832105636597,0.9867491,0.006765889436340378,7.953174591064453,6.256563,1.6966115910644533,0.2738684415817261,0.25242615,0.02144229158172606,0.2830299735069275,0.26772958,0.015300393506927468,0.3540935218334198,0.48691654,0.1328230181665802
nearest_neighbor_baseline,745,110875,28995,1.221378207206726,0.9644187688827515,0.96383125,0.0005875188827514366,6.157068252563477,3.6828706,2.4741976525634763,0.22197890281677246,0.2757874,0.053808497183227555,0.2275330126285553,0.282905,0.05537198737144472,0.279965341091156,0.2231898,0.05677554109115601
nearest_neighbor_baseline,746,38872,128283,1.602695345878601,0.6359090805053711,0.63223654,0.0036725405053711357,17.101123809814453,14.575602,2.525521809814453,0.2903903126716614,0.26232326,0.028067052671661374,0.29638272523880005,0.2658193,0.030563425238800068,0.25765934586524963,0.23566844,0.021990905865249627
nearest_neighbor_baseline,747,83664,58182,1.581407070159912,0.3551155626773834,0.32402557,0.031089992677383438,24.773067474365234,25.24644,0.4733725256347654,0.46484053134918213,0.4600338,0.004806731349182136,0.46944111585617065,0.47161618,0.0021750641438293417,0.19962400197982788,0.27236578,0.07274177802017212
nearest_neighbor_baseline,748,51150,87044,0.9625179171562195,0.9396525621414185,0.92891383,0.010738732141418406,13.529025077819824,11.326196,2.2028290778198247,0.3970024585723877,0.40738854,0.010386081427612326,0.40066975355148315,0.41093522,0.010265466448516836,0.23973076045513153,0.18929538,0.05043538045513152
nearest_neighbor_baseline,749,12280,15117,1.5289157629013062,0.7162659168243408,0.62068605,0.09557986682434083,22.32389259338379,22.319551,0.004341593383788478,0.30334407091140747,0.35467276,0.051328689088592505,0.3133937418460846,0.35942963,0.046035888153915405,0.33155354857444763,0.2729082,0.05864534857444764
nearest_neighbor_baseline,750,108089,14107,1.1573221683502197,0.5904296040534973,0.51407087,0.07635873405349736,15.610827445983887,18.037323,2.426495554016114,0.28160014748573303,0.3022026,0.020602452514266956,0.2848156988620758,0.30379167,0.018975971137924208,0.20468991994857788,0.16269009,0.04199982994857787
nearest_neighbor_baseline,751,8144,13405,1.1278183460235596,0.8758300542831421,0.8272738,0.04855625428314214,18.012252807617188,17.09672,0.9155328076171863,0.18594998121261597,0.19333977,0.007389788787384027,0.19277554750442505,0.20690589,0.01413034249557496,0.32400575280189514,0.32910386,0.005098107198104884
nearest_neighbor_baseline,752,83737,36685,0.9859225153923035,0.9314890503883362,0.9386853,0.007196249611663763,14.6582612991333,12.858724,1.7995372991333003,0.2765055000782013,0.2613711,0.015134400078201271,0.28502294421195984,0.26773545,0.017287494211959853,0.33176183700561523,0.259314,0.07244783700561525
nearest_neighbor_baseline,753,2565,126056,1.2671843767166138,0.6948199272155762,0.7206576,0.025837672784423837,18.325145721435547,18.339954,0.014808278564451882,0.29711058735847473,0.2757548,0.02135578735847471,0.31162723898887634,0.28168714,0.02994009898887634,0.3024286925792694,0.2787962,0.023632492579269415
nearest_neighbor_baseline,754,1796,133022,1.8763008117675781,0.22493363916873932,0.2297464,0.004812760831260671,27.002195358276367,26.58047,0.4217253582763689,0.2927432060241699,0.27985048,0.01289272602416991,0.296032577753067,0.28195795,0.014074627753067004,0.17399078607559204,0.1630385,0.010952286075592038
nearest_neighbor_baseline,755,54159,127185,1.4878759384155273,0.7451691627502441,0.7052057,0.039963462750244094,20.003721237182617,20.965828,0.9621067628173812,0.24816294014453888,0.3057663,0.05760335985546111,0.25184497237205505,0.30781746,0.055972487627944933,0.2237006276845932,0.15573308,0.0679675476845932
nearest_neighbor_baseline,756,83809,6558,0.7300466299057007,0.9183029532432556,0.9179486,0.0003543532432556118,15.939544677734375,15.312695,0.6268496777343753,0.2515723407268524,0.26894796,0.01737561927314757,0.2578926384449005,0.27347046,0.015577821555099514,0.26353076100349426,0.24368086,0.019849901003494264
nearest_neighbor_baseline,757,36966,11764,1.4781112670898438,0.6431890726089478,0.7188212,0.0756321273910523,23.921056747436523,23.282179,0.6388777474365241,0.2826901376247406,0.26146644,0.02122369762474058,0.288846880197525,0.27154002,0.01730686019752503,0.2862880825996399,0.28852347,0.0022353874003601115
nearest_neighbor_baseline,758,85630,56925,1.4865341186523438,0.6458432078361511,0.561989,0.08385420783615116,19.42662811279297,23.860765,4.434136887207032,0.3302527666091919,0.31856877,0.011683996609191893,0.33568137884140015,0.3219168,0.013764578841400144,0.282017320394516,0.23131114,0.05070618039451599
nearest_neighbor_baseline,759,71935,789,1.4381799697875977,0.3389732241630554,0.34047797,0.0015047458369445987,24.587242126464844,23.237242,1.3500001264648454,0.22746028006076813,0.21820621,0.009254070060768116,0.23065322637557983,0.22101076,0.009642466375579833,0.21883559226989746,0.20919298,0.00964261226989746
nearest_neighbor_baseline,760,36591,63830,1.7014394998550415,0.9785490036010742,0.9386763,0.0398727036010742,5.377898216247559,8.173751,2.7958527837524407,0.25159865617752075,0.25781628,0.006217623822479257,0.2976967990398407,0.31843534,0.020738540960159313,0.5745825171470642,0.66513956,0.09055704285293575
nearest_neighbor_baseline,761,73724,36681,1.5776331424713135,0.1709897220134735,0.18791723,0.01692750798652648,30.209243774414062,28.928452,1.2807917744140624,0.5069989562034607,0.46270692,0.04429203620346067,0.5104993581771851,0.46781167,0.042687688177185046,0.19923526048660278,0.23167673,0.032441469513397214
nearest_neighbor_baseline,762,32123,99993,1.4035979509353638,0.9891091585159302,0.9812449,0.0078642585159302,5.598535537719727,5.1715565,0.42697903771972623,0.20363552868366241,0.23413822,0.030502691316337593,0.2142614871263504,0.24592929,0.03166780287364959,0.4149892032146454,0.36784026,0.04714894321464541
nearest_neighbor_baseline,763,46898,84756,1.5324532985687256,0.8627538681030273,0.8288601,0.033893768103027355,8.39621639251709,6.4539657,1.9422506925170895,0.2840830385684967,0.2535195,0.030563538568496695,0.307526171207428,0.2769209,0.030605271207427953,0.43937766551971436,0.4444916,0.005113934480285631
nearest_neighbor_baseline,764,22971,135975,2.0671303272247314,0.04475049674510956,0.030538395,0.014212101745109559,30.090835571289062,27.569656,2.521179571289064,0.24752496182918549,0.24240702,0.005117941829185485,0.25870829820632935,0.281182,0.022473701793670642,0.2730405926704407,0.43246186,0.1594212673295593
nearest_neighbor_baseline,765,112596,74676,1.709368109703064,0.08045180886983871,0.11710492,0.03665311113016129,24.69303321838379,23.78434,0.9086932183837888,0.2807520031929016,0.2717382,0.009013803192901626,0.30336517095565796,0.29609716,0.007268010955657933,0.41755011677742004,0.3858561,0.031694016777420064
nearest_neighbor_baseline,766,102892,125070,1.5517991781234741,0.7304100394248962,0.6824019,0.048008139424896235,21.926528930664062,21.66604,0.26048893066406364,0.4460667371749878,0.4960711,0.050004362825012194,0.47301653027534485,0.5092071,0.036190569724655175,0.36134782433509827,0.32594162,0.03540620433509828
nearest_neighbor_baseline,767,129342,131994,1.6639173030853271,0.09497839212417603,0.058273792,0.03670460012417603,25.711637496948242,25.544632,0.16700549694824218,0.2194020301103592,0.2265509,0.007148869889640808,0.2212463915348053,0.22845492,0.007208528465194708,0.1552334725856781,0.15778206,0.002548587414321901
nearest_neighbor_baseline,768,97793,32042,1.3341050148010254,0.6346842646598816,0.60164493,0.033039334659881625,15.088481903076172,18.015358,2.926876096923827,0.28590813279151917,0.29304653,0.007138397208480862,0.2965121567249298,0.29804865,0.0015364932750702165,0.2682913839817047,0.22421816,0.04407322398170471
nearest_neighbor_baseline,769,39591,120781,1.4570624828338623,0.8922476172447205,0.88633156,0.005916057244720441,6.467653274536133,6.357116,0.11053727453613238,0.2414800226688385,0.24697702,0.005496997331161491,0.2574329972267151,0.26263988,0.005206882773284904,0.45713257789611816,0.41662005,0.040512527896118145
nearest_neighbor_baseline,770,117298,99107,1.3261215686798096,0.6497532725334167,0.6133823,0.0363709725334167,21.31850242614746,21.855005,0.5365025738525375,0.3556636571884155,0.34501153,0.010652127188415517,0.3649233281612396,0.3616968,0.003226528161239639,0.34805870056152344,0.31182456,0.036234140561523465
nearest_neighbor_baseline,771,117812,97049,1.5698379278182983,0.40255600214004517,0.3678344,0.03472160214004516,23.990663528442383,26.228338,2.237674471557618,0.20364142954349518,0.20010921,0.0035322195434951686,0.20906251668930054,0.20996815,0.0009056333106994552,0.2840418219566345,0.38456494,0.1005231180433655
nearest_neighbor_baseline,772,103496,28626,1.29599928855896,0.7852972149848938,0.78991586,0.004618645015106226,20.9172420501709,21.76208,0.8448379498291025,0.4090539515018463,0.41703415,0.007980198498153679,0.4106004238128662,0.42052573,0.009925306187133776,0.14730612933635712,0.2053714,0.05806527066364289
nearest_neighbor_baseline,773,119873,8728,1.7847421169281006,0.4444888234138489,0.52076787,0.07627904658615114,23.69646453857422,24.395554,0.6990894614257819,0.3186088502407074,0.34825858,0.029649729759292587,0.351735383272171,0.3773273,0.025591916727828956,0.4406082034111023,0.46659917,0.025990966588897713
nearest_neighbor_baseline,774,34710,60125,1.6365399360656738,0.20456981658935547,0.20612553,0.0015557134106445325,22.624216079711914,24.561184,1.9369679202880867,0.3344481587409973,0.34922385,0.014775691259002688,0.3574836552143097,0.3544411,0.0030425552143096835,0.2815028727054596,0.27720395,0.004298922705459618
nearest_neighbor_baseline,775,87102,22527,1.5527336597442627,0.6880860924720764,0.7558086,0.06772250752792364,23.158462524414062,21.024445,2.1340175244140624,0.22120168805122375,0.19105119,0.030150498051223745,0.24077577888965607,0.20548974,0.03528603888965606,0.4557080566883087,0.40307555,0.05263250668830871
nearest_neighbor_baseline,776,39745,113122,0.914404571056366,0.9802954196929932,0.9797903,0.0005051196929931612,9.225793838500977,9.041464,0.18432983850097706,0.2200605869293213,0.25412706,0.03406647307067873,0.2304908186197281,0.27075157,0.04026075138027191,0.4202299416065216,0.44774666,0.027516718393478412
nearest_neighbor_baseline,777,112312,1888,1.3372513055801392,0.6747109293937683,0.6189152,0.05579572939376831,22.37521743774414,21.972467,0.4027504377441389,0.4069884717464447,0.44038516,0.033396688253555296,0.419344961643219,0.45807207,0.038727108356781004,0.34604984521865845,0.39580497,0.04975512478134153
nearest_neighbor_baseline,778,8528,54738,1.2876828908920288,0.9661865830421448,0.947948,0.018238583042144763,3.043116807937622,3.591769,0.5486521920623781,0.3406851589679718,0.29131505,0.04937010896797178,0.35162246227264404,0.29871163,0.05291083227264404,0.23415344953536987,0.22402523,0.010128219535369881
nearest_neighbor_baseline,779,139865,89099,1.7628910541534424,0.1930275857448578,0.15414824,0.038879345744857796,24.938867568969727,22.994436,1.9444315689697262,0.2255690097808838,0.29066956,0.0651005502191162,0.24461910128593445,0.30404016,0.059421058714065556,0.3896655738353729,0.29651284,0.09315273383537293
nearest_neighbor_baseline,780,9519,36718,1.0610888004302979,0.7125349044799805,0.6398945,0.07264040447998044,20.365711212158203,22.05278,1.6870687878417954,0.8813470005989075,0.8401244,0.04122260059890748,0.8831092119216919,0.84324545,0.03986376192169194,0.13289661705493927,0.13910647,0.00620985294506074
nearest_neighbor_baseline,781,117984,45968,0.9029577970504761,0.8490300178527832,0.8524211,0.0033910821472168395,20.301719665527344,20.508192,0.20647233447265734,0.5275113582611084,0.51523894,0.012272418261108364,0.5332444906234741,0.5205988,0.012645690623474093,0.2842040956020355,0.23249274,0.05171135560203552
nearest_neighbor_baseline,782,43991,94192,1.430543303489685,0.5802692770957947,0.55218023,0.028089047095794628,23.906707763671875,24.239046,0.3323382363281233,0.31755897402763367,0.3381311,0.02057212597236635,0.3249182105064392,0.3438967,0.01897848949356079,0.2494213730096817,0.24177964,0.0076417330096817115
nearest_neighbor_baseline,783,50769,35043,1.8205621242523193,0.1061897724866867,0.109907046,0.003717273513313288,26.608016967773438,27.197996,0.5899790322265623,0.22663341462612152,0.2489474,0.022313985373878492,0.23638278245925903,0.25129956,0.014916777540740944,0.2630384862422943,0.22078718,0.04225130624229431
nearest_neighbor_baseline,784,131704,122937,0.9104983806610107,0.9700274467468262,0.98097515,0.010947703253173846,4.187126159667969,3.5607574,0.6263687596679688,0.2667290270328522,0.30584252,0.039113492967147834,0.29201701283454895,0.33464316,0.042626147165451045,0.40973353385925293,0.4137086,0.003975066140747052
nearest_neighbor_baseline,785,13949,136769,0.994630753993988,0.8452939391136169,0.8632484,0.017954460886383083,18.570804595947266,16.21423,2.356574595947265,0.24020421504974365,0.2375223,0.0026819150497436606,0.24735014140605927,0.2494248,0.002074658593940737,0.2902523875236511,0.3468818,0.056629412476348895
nearest_neighbor_baseline,786,25115,9342,0.8235878944396973,0.8386762738227844,0.8162877,0.022388573822784474,17.479324340820312,18.553108,1.0737836591796892,0.28039151430130005,0.26423275,0.016158764301300033,0.28961360454559326,0.27976727,0.00984633454559325,0.32715630531311035,0.36892626,0.041769954686889654
nearest_neighbor_baseline,787,9668,41931,1.1890008449554443,0.883358359336853,0.8281579,0.055200459336853025,11.690860748291016,13.349785,1.658924251708985,0.24659954011440277,0.23719877,0.009400770114402768,0.2542129158973694,0.24403088,0.01018203589736938,0.2637728452682495,0.28638783,0.022614984731750498
nearest_neighbor_baseline,788,118781,50447,1.3925236463546753,0.48938027024269104,0.46817136,0.02120891024269106,25.738767623901367,26.198893,0.4601253760986346,0.7448249459266663,0.7820694,0.037244454073333766,0.7456414103507996,0.7839202,0.038278789649200395,0.11043467372655869,0.1551131,0.04467842627344132
nearest_neighbor_baseline,789,138363,120824,2.14909291267395,0.3814963698387146,0.20286459,0.1786317798387146,23.666471481323242,24.783894,1.117422518676758,0.24864570796489716,0.25130647,0.0026607620351028483,0.2527759373188019,0.25439805,0.0016221126811981068,0.25523945689201355,0.22871582,0.026523636892013563
nearest_neighbor_baseline,790,51574,47386,1.1922063827514648,0.8159269094467163,0.8458292,0.02990229055328364,10.611284255981445,10.793976,0.18269174401855537,0.2651243805885315,0.2341862,0.030938180588531483,0.2813449501991272,0.26530603,0.01603892019912717,0.44357621669769287,0.4764667,0.03289048330230715
nearest_neighbor_baseline,791,98863,39203,1.3076715469360352,0.5332362651824951,0.59946287,0.06622660481750486,19.29673194885254,18.974316,0.3224159488525373,0.32968875765800476,0.33837765,0.008688892341995214,0.3337347209453583,0.3460698,0.012335079054641707,0.23570717871189117,0.216998,0.018709178711891178
nearest_neighbor_baseline,792,13655,89552,1.3715139627456665,0.9308176636695862,0.9373911,0.006573436330413851,12.88722038269043,16.300276,3.4130556173095705,0.2561001479625702,0.2874041,0.031303952037429805,0.27480989694595337,0.32877862,0.05396872305404665,0.5225890278816223,0.4868762,0.03571282788162233
nearest_neighbor_baseline,793,54571,87082,1.3284046649932861,0.9168859124183655,0.8987009,0.018185012418365454,19.114059448242188,18.045307,1.0687524482421864,0.3468073904514313,0.34844077,0.0016333795485687364,0.35639017820358276,0.36515146,0.00876128179641722,0.3567395806312561,0.39374682,0.037007239368743894
nearest_neighbor_baseline,794,42628,135537,1.0591585636138916,0.22426429390907288,0.2328298,0.008565506090927127,28.746095657348633,30.245413,1.4993173426513664,0.7232030630111694,0.72353137,0.0003283069888305734,0.7247835397720337,0.7243967,0.0003868397720336869,0.11833133548498154,0.09887269,0.019458645484981538
nearest_neighbor_baseline,795,103339,59300,1.688036561012268,0.17165260016918182,0.16896933,0.002683270169181823,27.997644424438477,29.494652,1.497007575561522,0.762904703617096,0.79489785,0.03199314638290407,0.7645344734191895,0.79545385,0.030919376580810565,0.12438251823186874,0.08396156,0.04042095823186874
nearest_neighbor_baseline,796,12017,26338,0.81292724609375,0.9437103271484375,0.9247539,0.018956427148437482,12.440628051757812,13.45453,1.0139019482421876,0.18595677614212036,0.17261249,0.013344286142120354,0.19565385580062866,0.18057151,0.015082345800628671,0.37035825848579407,0.39268345,0.022325191514205922
nearest_neighbor_baseline,797,81184,83501,1.130703091621399,0.831368625164032,0.8935061,0.06213747483596799,12.825139045715332,11.393676,1.4314630457153328,0.21960555016994476,0.25939396,0.039788409830055216,0.228473961353302,0.27400625,0.045532288646698005,0.3691422641277313,0.3454277,0.02371456412773132
nearest_neighbor_baseline,798,33584,84955,1.2241599559783936,0.9271834492683411,0.8867507,0.04043274926834106,13.341089248657227,14.301664,0.960574751342774,0.2792262136936188,0.30862877,0.029402556306381222,0.28651073575019836,0.3150049,0.028494164249801612,0.3034265637397766,0.27876002,0.024666543739776614
nearest_neighbor_baseline,799,98409,122777,1.6491914987564087,0.6179907917976379,0.5463082,0.07168259179763792,23.358503341674805,22.130613,1.2278903416748044,0.23464535176753998,0.26028532,0.02563996823246001,0.2596493661403656,0.2919428,0.0322934338596344,0.5565282106399536,0.5216134,0.03491481063995361
nearest_neighbor_baseline,800,19140,117952,1.0346990823745728,0.7655395269393921,0.7600074,0.00553212693939209,19.495119094848633,21.52298,2.0278609051513676,0.3526422083377838,0.3435528,0.009089408337783822,0.3678285777568817,0.36944008,0.0016115022431182902,0.4275415539741516,0.43983027,0.012288716025848412
nearest_neighbor_baseline,801,36901,127819,1.5579077005386353,0.7659488916397095,0.7560368,0.00991209163970952,19.020814895629883,21.14094,2.1201251043701177,0.2050563544034958,0.20551921,0.00046285559650421915,0.23591242730617523,0.2449898,0.009077372693824776,0.600862979888916,0.6957994,0.09493642011108394
nearest_neighbor_baseline,802,69549,32392,2.2923765182495117,0.07523003220558167,0.043909617,0.03132041520558167,30.3041934967041,26.439438,3.8647554967041025,0.731735110282898,0.7142151,0.017520010282897958,0.733083188533783,0.7172091,0.015874088533782915,0.13409730792045593,0.19399683,0.059899522079544076
nearest_neighbor_baseline,803,50737,116057,1.327244758605957,0.8709654808044434,0.7745928,0.09637268080444339,16.30326271057129,18.071827,1.76856428942871,0.27259740233421326,0.28031263,0.00771522766578675,0.28393542766571045,0.28804195,0.004106522334289542,0.34549954533576965,0.28805438,0.057445165335769655
nearest_neighbor_baseline,804,45792,46353,1.394384503364563,0.35289445519447327,0.34329212,0.009602335194473288,23.145145416259766,23.436014,0.2908685837402345,0.18540047109127045,0.22104931,0.03564883890872955,0.21260042488574982,0.24408455,0.031484125114250194,0.4655922055244446,0.38102192,0.08457028552444457
nearest_neighbor_baseline,805,94805,127335,1.127202033996582,0.8673505187034607,0.84442824,0.02292227870346064,15.903552055358887,13.998455,1.9050970553588868,0.29305699467658997,0.2684468,0.02461019467658998,0.3017907440662384,0.28938195,0.012408794066238404,0.323193222284317,0.38597345,0.06278022771568298
nearest_neighbor_baseline,806,107666,94684,0.9088526964187622,0.9839603900909424,0.9756968,0.008263590090942352,4.168349266052246,4.10861,0.05973926605224644,0.2329620122909546,0.23732993,0.004367917709045405,0.2629614770412445,0.26804554,0.00508406295875552,0.4043145179748535,0.44013456,0.03582004202514649
nearest_neighbor_baseline,807,25569,26210,1.7466747760772705,0.12243608385324478,0.12962247,0.007186386146755208,24.406005859375,23.602514,0.8034918593750007,0.2603732943534851,0.21902262,0.041350674353485106,0.2774980068206787,0.2332851,0.044212906820678716,0.40420058369636536,0.41558295,0.01138236630363465
nearest_neighbor_baseline,808,69523,118573,1.9492099285125732,0.27783289551734924,0.3101753,0.032342404482650744,22.35535430908203,23.487408,1.1320536909179673,0.2248554527759552,0.2575705,0.03271504722404478,0.22924453020095825,0.26371363,0.034469099799041725,0.21561503410339355,0.24062292,0.025007885896606435
nearest_neighbor_baseline,809,22608,136343,1.2925254106521606,0.8449590802192688,0.87900984,0.03405075978073124,14.46190357208252,9.316039,5.14586457208252,0.29494428634643555,0.31491244,0.01996815365356447,0.3041890859603882,0.3329897,0.028800614039611816,0.2588143050670624,0.29915458,0.040340274932937625
nearest_neighbor_baseline,810,85613,15991,1.5594319105148315,0.051616303622722626,0.064878836,0.01326253237727737,30.123693466186523,31.469406,1.3457125338134759,0.7195495367050171,0.75907326,0.03952372329498288,0.7207938432693481,0.7605523,0.039758456730651814,0.13304942846298218,0.11988958,0.013159848462982182
nearest_neighbor_baseline,811,87981,21598,0.5431472063064575,0.9007587432861328,0.8943548,0.006403943286132807,14.463973045349121,13.768606,0.695367045349121,0.21069921553134918,0.20110166,0.009597555531349194,0.21739333868026733,0.20826755,0.009125788680267338,0.3682321608066559,0.33838266,0.029849500806655882
nearest_neighbor_baseline,812,24963,8481,1.9965925216674805,0.3275546729564667,0.26506937,0.06248530295646665,20.23607063293457,22.355143,2.1190723670654315,0.4334632158279419,0.41623527,0.017227945827941904,0.4389537274837494,0.42139706,0.0175566674837494,0.250052273273468,0.22063069,0.029421583273468027
nearest_neighbor_baseline,813,97900,15704,1.1541391611099243,0.624393880367279,0.72885317,0.104459289632721,22.803308486938477,22.412672,0.39063648693847597,0.36144107580184937,0.40898433,0.04754325419815064,0.3638193905353546,0.41206267,0.048243279464645406,0.22834019362926483,0.23607117,0.007730976370735165
nearest_neighbor_baseline,814,117651,2640,1.5144219398498535,0.9409520030021667,0.9248006,0.016151403002166775,13.83996868133545,11.521874,2.318094681335449,0.29344895482063293,0.29261085,0.0008381048206329567,0.3000175952911377,0.29581004,0.004207555291137699,0.2704544961452484,0.20646437,0.0639901261452484
nearest_neighbor_baseline,815,105978,124666,2.1134836673736572,0.9675562381744385,0.96879435,0.0012381118255615498,8.031813621520996,6.4071527,1.624660921520996,0.6592916250228882,0.54232293,0.1169686950228882,0.7125112414360046,0.56144506,0.1510661814360046,0.43422192335128784,0.40083265,0.03338927335128783
nearest_neighbor_baseline,816,108480,93208,1.2251265048980713,0.9302181005477905,0.9064004,0.023817700547790532,8.374059677124023,6.6817904,1.6922692771240238,0.31886497139930725,0.32303593,0.004170958600692776,0.3249487578868866,0.3412825,0.016333742113113392,0.25268790125846863,0.34834883,0.09566092874153137
nearest_neighbor_baseline,817,2985,80402,1.1647123098373413,0.7654116153717041,0.7450477,0.020363915371704122,19.196245193481445,18.427143,0.7691021934814444,0.24135416746139526,0.23142125,0.009932917461395269,0.24870187044143677,0.24416064,0.0045412304414367555,0.32046863436698914,0.3697407,0.04927206563301084
nearest_neighbor_baseline,818,5034,102421,1.668708324432373,0.35769838094711304,0.2996049,0.05809348094711303,25.774810791015625,27.161652,1.3868412089843751,0.7630707025527954,0.73299915,0.030071552552795366,0.7680187225341797,0.7363239,0.031694822534179656,0.2007247805595398,0.19998428,0.0007405005595398084
nearest_neighbor_baseline,819,1950,73741,1.2139334678649902,0.5350009202957153,0.5337102,0.0012907202957153086,23.17719841003418,21.072554,2.1046444100341795,0.22328197956085205,0.22283942,0.0004425595608520405,0.23499396443367004,0.23162706,0.003366904433670048,0.32939010858535767,0.3489993,0.019609191414642346
nearest_neighbor_baseline,820,139307,93369,1.1620012521743774,0.863105297088623,0.84841263,0.014692667088623046,14.02632999420166,13.781755,0.24457499420165973,0.3866840600967407,0.3362932,0.05039086009674071,0.3950251340866089,0.3413659,0.05365923408660889,0.3020080029964447,0.24940942,0.05259858299644471
nearest_neighbor_baseline,821,117909,96440,1.3079378604888916,0.8995274305343628,0.919111,0.01958356946563722,15.47728157043457,13.938296,1.538985570434571,0.18710055947303772,0.19545211,0.008351550526962292,0.2160234898328781,0.2457786,0.0297551101671219,0.6476899981498718,0.6171891,0.03050089814987178
nearest_neighbor_baseline,822,82603,124976,1.6882219314575195,0.6009323000907898,0.60842764,0.007495339909210252,19.85977554321289,19.9278,0.06802445678711067,0.3355897068977356,0.4346861,0.09909639310226442,0.3406336307525635,0.4449064,0.1042727692474365,0.25244489312171936,0.31795454,0.06550964687828065
nearest_neighbor_baseline,823,18814,46847,2.3880062103271484,0.05774364247918129,0.06856524,0.01082159752081871,25.00534439086914,20.088528,4.9168163908691405,0.19767449796199799,0.28423795,0.08656345203800203,0.2207677960395813,0.3512373,0.13046950396041868,0.5702375769615173,0.6128073,0.04256972303848272
nearest_neighbor_baseline,824,73442,84882,0.7809939980506897,0.8252579569816589,0.82145,0.003807956981658922,11.22087287902832,13.168421,1.94754812097168,0.24124452471733093,0.23924363,0.00200089471733092,0.24809879064559937,0.24505822,0.003040570645599372,0.2842307388782501,0.28763178,0.0034010411217498815
nearest_neighbor_baseline,825,115953,42997,1.4312639236450195,0.6336667537689209,0.72168005,0.08801329623107912,24.99553871154785,23.357052,1.638486711547852,0.5011522769927979,0.4865143,0.014637976992797841,0.5090640783309937,0.4933935,0.015670578330993667,0.3283867835998535,0.28989962,0.03848716359985349
nearest_neighbor_baseline,826,86856,19248,0.9174825549125671,0.8599877953529358,0.8763121,0.016324304647064247,18.857755661010742,17.15946,1.698295661010743,0.30117958784103394,0.2852684,0.015911187841033958,0.30964815616607666,0.300304,0.009344156166076645,0.2992517054080963,0.3220501,0.022798394591903692
nearest_neighbor_baseline,827,48519,5107,1.4029196500778198,0.6700843572616577,0.6343188,0.035765557261657754,14.768548011779785,13.472824,1.295724011779786,0.3303295373916626,0.3594784,0.029148862608337378,0.34814560413360596,0.37016496,0.02201935586639403,0.33402249217033386,0.27907407,0.054948422170333855
nearest_neighbor_baseline,828,51313,12686,2.191804885864258,0.8621363043785095,0.74386096,0.1182753443785095,17.742809295654297,19.002542,1.2597327043457014,0.437682181596756,0.38118413,0.05649805159675597,0.44318556785583496,0.3949169,0.048268667855834946,0.29773005843162537,0.32633984,0.028609781568374626
nearest_neighbor_baseline,829,108208,104040,2.2656610012054443,0.07780088484287262,0.116037734,0.038236849157127384,27.124948501586914,27.270483,0.14553449841308463,0.2763848900794983,0.28377485,0.007389959920501732,0.2811335027217865,0.31920922,0.03807571727821352,0.19611749053001404,0.36089602,0.16477852946998595
nearest_neighbor_baseline,830,12744,68706,1.5777969360351562,0.535006046295166,0.45608962,0.07891642629516604,25.12548065185547,26.069906,0.9444253481445308,0.25361666083335876,0.31231514,0.058698479166641226,0.27724289894104004,0.32281986,0.045576961058959975,0.38913795351982117,0.29118606,0.09795189351982114
nearest_neighbor_baseline,831,100377,111850,1.0346482992172241,0.8795052170753479,0.870743,0.008762217075347856,9.869024276733398,11.789667,1.9206427232666012,0.2419007271528244,0.24569067,0.003789942847175598,0.24891315400600433,0.2562788,0.00736564599399564,0.28574591875076294,0.30571386,0.019967941249237064
nearest_neighbor_baseline,832,59088,36123,1.722516655921936,0.2664428651332855,0.2752073,0.008764434866714466,24.057456970214844,20.45429,3.6031669702148434,0.35369184613227844,0.35408905,0.0003972038677215739,0.35863688588142395,0.35837314,0.00026374588142397126,0.19398441910743713,0.23320015,0.03921573089256286
nearest_neighbor_baseline,833,133311,9620,1.3242385387420654,0.7914763689041138,0.74618495,0.04529141890411381,18.82184600830078,20.360664,1.5388179916992186,0.3197389543056488,0.34408638,0.02434742569435122,0.3321089744567871,0.36722383,0.035114855543212864,0.33229562640190125,0.29013935,0.04215627640190123
nearest_neighbor_baseline,834,112773,59667,1.515541434288025,0.9065971970558167,0.85356927,0.053027927055816604,6.872002124786377,7.755493,0.8834908752136235,0.4239998757839203,0.33613673,0.0878631457839203,0.43790197372436523,0.35637242,0.08152955372436521,0.28411000967025757,0.39742056,0.11331055032974241
nearest_neighbor_baseline,835,93535,14551,0.8426036238670349,0.9777193665504456,0.95762324,0.02009612655044557,8.46880054473877,8.153419,0.31538154473877,0.3048427999019623,0.26627958,0.038563219901962265,0.31402626633644104,0.27977383,0.03425243633644104,0.30085238814353943,0.33879477,0.037942381856460594
nearest_neighbor_baseline,836,132823,22004,1.2058815956115723,0.7610134482383728,0.75669754,0.004315908238372801,21.033096313476562,21.335297,0.3022006865234381,0.3195986747741699,0.30074644,0.018852234774169918,0.3256412744522095,0.30775917,0.017882104452209446,0.31238850951194763,0.33883518,0.026446670488052382
nearest_neighbor_baseline,837,17221,23881,1.9964568614959717,0.1152554601430893,0.023099452,0.0921560081430893,23.6826229095459,24.851406,1.1687830904541023,0.22566011548042297,0.22580238,0.00014226451957702335,0.24857786297798157,0.25124463,0.002666767022018457,0.4500890076160431,0.48452547,0.03443646238395692
nearest_neighbor_baseline,838,96556,96921,1.9649009704589844,0.2049720138311386,0.24263473,0.03766271616886138,27.94122886657715,29.519373,1.5781441334228532,0.40922364592552185,0.3755339,0.033689745925521875,0.41372281312942505,0.38105866,0.032664153129425055,0.2208370417356491,0.24563609,0.024799048264350892
nearest_neighbor_baseline,839,112066,83175,1.9935857057571411,0.2576000988483429,0.2578966,0.00029650115165708035,29.281187057495117,29.48286,0.20167294250488155,0.40640154480934143,0.46107107,0.0546695251906586,0.41662460565567017,0.4671623,0.05053769434432981,0.31348446011543274,0.29477265,0.018711810115432714
nearest_neighbor_baseline,840,94153,105006,0.8194513320922852,0.8578513860702515,0.85459596,0.0032554260702514215,14.725884437561035,12.818325,1.9075594375610354,0.20871971547603607,0.24743383,0.03871411452396392,0.21810683608055115,0.25743693,0.03933009391944886,0.3399260640144348,0.3455627,0.005636635985565186
nearest_neighbor_baseline,841,75512,90389,1.0962930917739868,0.9098906517028809,0.9403198,0.03042914829711918,10.775544166564941,11.392002,0.6164578334350583,0.2311268150806427,0.20249899,0.02862782508064271,0.2560022473335266,0.22068693,0.03531531733352661,0.4242108166217804,0.38673308,0.03747773662178039
nearest_neighbor_baseline,842,76472,33918,1.6714918613433838,0.48093381524086,0.42115393,0.059779885240859976,24.111360549926758,24.108818,0.0025425499267583973,0.2914799153804779,0.26678827,0.02469164538047791,0.29388660192489624,0.26968887,0.024197731924896215,0.2033270001411438,0.19147865,0.011848350141143799
nearest_neighbor_baseline,843,68485,26032,2.03566837310791,0.1690867692232132,0.08487059,0.0842161792232132,25.119312286376953,26.376263,1.2569507136230484,0.2163328230381012,0.23114471,0.014811886961898807,0.22364410758018494,0.24115999,0.017515882419815054,0.33979976177215576,0.3760051,0.03620533822784422
nearest_neighbor_baseline,844,105476,3425,1.4282854795455933,0.9732649922370911,0.9100607,0.06320429223709112,10.395140647888184,10.393353,0.0017876478881841962,0.2205008715391159,0.286794,0.06629312846088409,0.2584376335144043,0.30920726,0.05076962648559569,0.4220588207244873,0.3957936,0.02626522072448728
nearest_neighbor_baseline,845,9679,46386,0.9946274161338806,0.9669142961502075,0.97957665,0.01266235384979253,11.974081993103027,11.570315,0.40376699310302655,0.22922106087207794,0.23809479,0.008873729127922059,0.24176189303398132,0.24375604,0.001994146966018684,0.3420342206954956,0.32002947,0.022004750695495623
nearest_neighbor_baseline,846,67264,92678,1.0282268524169922,0.8697162866592407,0.8340922,0.03562408665924077,14.092131614685059,14.111992,0.019860385314942164,0.24181966483592987,0.24512175,0.0033020851640701288,0.24733223021030426,0.25166106,0.004328829789695732,0.23897400498390198,0.23655048,0.00242352498390197
nearest_neighbor_baseline,847,763,63419,1.2560145854949951,0.8839858770370483,0.8719783,0.012007577037048356,14.795329093933105,16.817831,2.0225019060668963,0.4068716764450073,0.40870753,0.0018358535549926613,0.41004490852355957,0.41162083,0.0015759214764404228,0.19919024407863617,0.17925122,0.01993902407863618
nearest_neighbor_baseline,848,98085,46711,1.6289933919906616,0.938387393951416,0.9689312,0.030543806048583977,5.076234817504883,6.4305224,1.3542875824951173,0.23526783287525177,0.21282059,0.022447242875251766,0.28471413254737854,0.24809673,0.03661740254737855,0.5019255876541138,0.4241049,0.07782068765411376
nearest_neighbor_baseline,849,24340,119547,1.4827293157577515,0.605114758014679,0.49768242,0.10743233801467894,21.55362319946289,21.569908,0.01628480053711101,0.3700180649757385,0.3615298,0.008488264975738513,0.37142640352249146,0.36397612,0.007450283522491441,0.15910054743289948,0.18985586,0.030755312567100512
nearest_neighbor_baseline,850,25487,74306,1.8733946084976196,0.032104551792144775,0.047785092,0.015680540207855226,25.305593490600586,20.421333,4.884260490600585,0.245905339717865,0.2386911,0.007214239717865001,0.24945566058158875,0.24166697,0.007788690581588736,0.20572587847709656,0.18106031,0.024665568477096556
nearest_neighbor_baseline,851,38153,27312,1.3358491659164429,0.5435754656791687,0.5376436,0.005931865679168702,23.004215240478516,22.182491,0.8217242404785168,0.34146448969841003,0.31847245,0.022992039698410016,0.3518751859664917,0.32773072,0.024144465966491724,0.3201904296875,0.32324842,0.0030579903124999808
nearest_neighbor_baseline,852,84489,59927,1.143218994140625,0.8667310476303101,0.8715715,0.004840452369689996,17.171781539916992,19.498686,2.326904460083007,0.32747671008110046,0.2766986,0.05077811008110045,0.3300866484642029,0.27976802,0.050318628464202875,0.18623310327529907,0.20913611,0.022903006724700914
nearest_neighbor_baseline,853,103868,17032,1.4826738834381104,0.6155937314033508,0.65079284,0.03519910859664921,20.287052154541016,16.507944,3.7791081545410172,0.3101453185081482,0.32262996,0.0124846414918518,0.31329092383384705,0.32648203,0.013191106166152933,0.19031532108783722,0.21391085,0.023595528912162794
nearest_neighbor_baseline,854,115659,36980,1.3171361684799194,0.8645751476287842,0.8876563,0.023081152371215774,11.508623123168945,10.761479,0.7471441231689457,0.27525338530540466,0.28764525,0.012391864694595356,0.2899026870727539,0.34105346,0.05115077292724607,0.4235324561595917,0.48721147,0.0636790138404083
nearest_neighbor_baseline,855,106438,54207,1.6110957860946655,0.9879311323165894,0.9745138,0.01341733231658937,9.134559631347656,11.792207,2.657647368652343,0.22241461277008057,0.1928191,0.029595512770080573,0.2718479633331299,0.23915985,0.032688113333129876,0.7123275399208069,0.859066,0.1467384600791931
nearest_neighbor_baseline,856,80368,122419,1.596422553062439,0.8659960031509399,0.8733641,0.007368096849060035,13.981060028076172,16.79779,2.8167299719238272,0.33122995495796204,0.35745344,0.026223485042037975,0.335811048746109,0.3625271,0.026716051253890982,0.22429712116718292,0.236621,0.012323878832817076
nearest_neighbor_baseline,857,109773,91915,1.3146460056304932,0.7513439059257507,0.78526163,0.03391772407424931,20.11687660217285,21.334183,1.217306397827148,0.2892366945743561,0.25739732,0.031839374574356094,0.336755633354187,0.29212683,0.04462880335418701,0.5290187001228333,0.4256872,0.10333150012283326
nearest_neighbor_baseline,858,91162,56206,1.4823157787322998,0.16902174055576324,0.16059752,0.008424220555763251,26.618358612060547,27.687346,1.0689873879394547,0.23306125402450562,0.26097617,0.027914915975494392,0.23532558977603912,0.26410007,0.028774480223960897,0.18871699273586273,0.20385943,0.015142437264137276
nearest_neighbor_baseline,859,72703,100251,1.0664582252502441,0.5844614505767822,0.5559053,0.02855615057678218,23.23637580871582,23.325321,0.08894519128417855,0.2301894724369049,0.23602277,0.005833297563095086,0.23430363833904266,0.24346922,0.009165581660957323,0.26972001791000366,0.26402178,0.005698237910003678
nearest_neighbor_baseline,860,65042,72193,1.3247160911560059,0.5286034345626831,0.5321997,0.003596265437316948,21.781156539916992,21.54472,0.23643653991699054,0.23870022594928741,0.2217561,0.016944125949287403,0.2531340718269348,0.24355926,0.009574811826934815,0.4407496750354767,0.5441949,0.10344522496452335
nearest_neighbor_baseline,861,26042,117785,1.3865283727645874,0.6472841501235962,0.63611805,0.011166100123596201,16.693017959594727,16.0313,0.6617179595947249,0.33169686794281006,0.33280832,0.0011114520571899322,0.33423247933387756,0.33821538,0.003982900666122446,0.19050414860248566,0.24677224,0.05626809139751435
nearest_neighbor_baseline,862,1760,107826,0.9533741474151611,0.9477025270462036,0.96783715,0.02013462295379642,6.711962699890137,5.3407044,1.3712582998901368,0.3069765865802765,0.34122813,0.03425154341972353,0.31608089804649353,0.35134906,0.03526816195350646,0.3167075514793396,0.26815268,0.04855487147933962
nearest_neighbor_baseline,863,53442,53766,1.4846880435943604,0.8421005010604858,0.745625,0.09647550106048586,11.002464294433594,12.435984,1.4335197055664057,0.30142074823379517,0.27666467,0.024756078233795165,0.31825774908065796,0.28635707,0.03190067908065797,0.381649911403656,0.37367424,0.007975671403656015
nearest_neighbor_baseline,864,40212,95017,1.9249153137207031,0.4502274990081787,0.577371,0.12714350099182126,25.026288986206055,23.826012,1.200276986206056,0.43231889605522156,0.49060604,0.05828714394477846,0.4365502893924713,0.4929011,0.05635081060752867,0.2337556779384613,0.1822986,0.0514570779384613
nearest_neighbor_baseline,865,53188,89302,1.2636226415634155,0.9437205791473389,0.89458567,0.04913490914733887,13.135278701782227,10.572203,2.5630757017822265,0.24208486080169678,0.2187717,0.023313160801696764,0.24739128351211548,0.22154397,0.025847313512115472,0.22634832561016083,0.18599872,0.04034960561016082
nearest_neighbor_baseline,866,53352,46281,1.9591132402420044,0.14366823434829712,0.09639364,0.047274594348297116,24.023794174194336,21.741287,2.282507174194336,0.2792185842990875,0.29655087,0.017332285700912498,0.3132469952106476,0.33723298,0.023985984789352433,0.49482622742652893,0.46968248,0.025143747426528917
nearest_neighbor_baseline,867,128051,95490,2.027050256729126,0.5506086349487305,0.5189391,0.03166953494873048,21.702659606933594,21.543842,0.15881760693359226,0.2443113923072815,0.21915656,0.025154832307281494,0.2850596010684967,0.27205864,0.013000961068496686,0.6020894050598145,0.7483968,0.14630739494018552
nearest_neighbor_baseline,868,92641,8677,1.3179025650024414,0.7763878703117371,0.6977721,0.07861577031173705,18.504837036132812,17.757969,0.7468680361328133,0.2534400522708893,0.28206044,0.02862038772911074,0.25853461027145386,0.309761,0.05122638972854615,0.25548863410949707,0.33477402,0.07928538589050294
nearest_neighbor_baseline,869,115293,91853,1.9233371019363403,0.04412945359945297,0.053153414,0.00902396040054703,31.888044357299805,31.729973,0.1580713572998036,0.7114607095718384,0.7333999,0.021939190428161615,0.7127699851989746,0.733961,0.021191014801025365,0.09789470583200455,0.07738414,0.020510565832004543
nearest_neighbor_baseline,870,103587,42784,1.8648239374160767,0.1521943211555481,0.23206744,0.07987311884445192,22.763202667236328,19.466583,3.296619667236328,0.20527932047843933,0.23896624,0.033686919521560665,0.23768189549446106,0.2526363,0.01495440450553892,0.3578997850418091,0.34351712,0.014382665041809073
nearest_neighbor_baseline,871,2051,19472,1.2127312421798706,0.8267735838890076,0.90638757,0.07961398611099246,16.649402618408203,16.068407,0.5809956184082026,0.3438577651977539,0.3106837,0.0331740651977539,0.3486841917037964,0.318732,0.02995219170379637,0.3124208450317383,0.33904532,0.026624474968261702
nearest_neighbor_baseline,872,24942,18738,1.6043732166290283,0.5255535244941711,0.5073852,0.018168324494171162,18.443723678588867,13.901996,4.541727678588867,0.26979830861091614,0.2419418,0.027856508610916125,0.28069692850112915,0.24626032,0.034436608501129146,0.330068975687027,0.23392703,0.09614194568702697
nearest_neighbor_baseline,873,134292,40120,1.2715809345245361,0.9876168966293335,0.99382055,0.006203653370666529,5.65692663192749,3.8106523,1.8462743319274901,0.24799196422100067,0.26952228,0.02153031577899933,0.2770678400993347,0.29201302,0.014945179900665295,0.5881628394126892,0.48818466,0.09997817941268922
nearest_neighbor_baseline,874,76273,4376,1.046613097190857,0.8457344770431519,0.85354733,0.007812852956848193,19.88623809814453,19.06421,0.822028098144532,0.5005913376808167,0.4626057,0.03798563768081664,0.5045739412307739,0.46555114,0.03902280123077395,0.24304324388504028,0.19158868,0.05145456388504027
nearest_neighbor_baseline,875,73112,45096,1.333609700202942,0.7431942820549011,0.650819,0.09237528205490109,20.146686553955078,20.257727,0.11104044604492103,0.4829801321029663,0.4958973,0.012917167897033677,0.48630955815315247,0.50141823,0.015108671846847499,0.22255748510360718,0.24661198,0.02405449489639283
nearest_neighbor_baseline,876,26521,81739,1.154322624206543,0.7255814075469971,0.6937452,0.03183620754699712,20.112438201904297,22.419998,2.3075597980957028,0.2696895897388458,0.2567039,0.01298568973884584,0.2755097448825836,0.26568314,0.009826604882583634,0.2786777913570404,0.27450764,0.004170151357040408
nearest_neighbor_baseline,877,115365,15293,1.5380457639694214,0.43865740299224854,0.342903,0.09575440299224852,25.993284225463867,26.628868,0.6355837745361335,0.3999801278114319,0.39753038,0.0024497478114318683,0.4057268500328064,0.40638548,0.0006586299671936247,0.269235223531723,0.25310308,0.016132143531723042
nearest_neighbor_baseline,878,102324,8815,1.3125503063201904,0.35430029034614563,0.27372476,0.08057553034614562,22.64841079711914,24.000326,1.3519152028808605,0.20485639572143555,0.20137854,0.003477855721435552,0.21898974478244781,0.21115078,0.007838964782447805,0.39441293478012085,0.39044908,0.003963854780120846
nearest_neighbor_baseline,879,77374,34586,1.7285815477371216,0.0761575847864151,0.061811052,0.014346532786415102,30.407726287841797,29.63626,0.7714662878417968,0.6790478229522705,0.6677872,0.011260622952270483,0.6853321194648743,0.67281103,0.012521089464874291,0.23336482048034668,0.25139996,0.018035139519653298
nearest_neighbor_baseline,880,52668,91315,1.1661268472671509,0.7423578500747681,0.6515215,0.09083635007476809,21.812744140625,21.068537,0.7442071406250008,0.2766360640525818,0.32093278,0.044296715947418186,0.27995961904525757,0.32567686,0.045717240954742444,0.18162663280963898,0.2018101,0.020183467190361015
nearest_neighbor_baseline,881,19298,80266,1.1192504167556763,0.8662815093994141,0.8444077,0.02187380939941408,7.410789489746094,8.516929,1.1061395102539056,0.250540554523468,0.24276932,0.007771234523468007,0.26351165771484375,0.26099914,0.0025125177148437317,0.36446109414100647,0.34991148,0.014549614141006473
nearest_neighbor_baseline,882,62663,120256,0.9648419618606567,0.8850657343864441,0.9206972,0.0356314656135559,13.073686599731445,12.252737,0.8209495997314455,0.29507195949554443,0.29845813,0.0033861705044555546,0.30568408966064453,0.30658802,0.0009039303393554854,0.32308724522590637,0.27705142,0.04603582522590638
nearest_neighbor_baseline,883,67472,30062,1.576095461845398,0.4801160395145416,0.42081887,0.059297169514541614,25.4886531829834,26.239532,0.7508788170166021,0.2498827427625656,0.23760197,0.012280772762565617,0.25266391038894653,0.24084072,0.011823190388946525,0.1890670508146286,0.20013571,0.011068659185371393
nearest_neighbor_baseline,884,52898,29456,2.0395846366882324,0.02921629138290882,0.017825283,0.01139100838290882,28.02389907836914,26.125927,1.8979720783691398,0.2327681928873062,0.22655857,0.0062096228873062265,0.24312177300453186,0.2361176,0.0070041730045318495,0.3209039568901062,0.2730388,0.047865156890106175
nearest_neighbor_baseline,885,84999,86209,0.8951651453971863,0.9439347386360168,0.9488196,0.0048848613639831395,5.462656497955322,4.9630165,0.4996399979553221,0.2464221715927124,0.24212018,0.004301991592712412,0.25002264976501465,0.24945453,0.0005681197650146408,0.21760369837284088,0.25098795,0.033384251627159134
nearest_neighbor_baseline,886,101521,44699,1.7586040496826172,0.3445288836956024,0.350924,0.006395116304397597,23.125375747680664,24.36004,1.2346642523193374,0.2326076477766037,0.23318832,0.0005806722233963058,0.25978463888168335,0.28073177,0.020947131118316642,0.5047762989997864,0.5937065,0.08893020100021365
nearest_neighbor_baseline,887,92906,132150,1.96346116065979,0.14855000376701355,0.19161612,0.04306611623298645,30.01097297668457,26.645922,3.3650509766845715,0.25993281602859497,0.21861313,0.04131968602859498,0.2623274624347687,0.22262764,0.03969982243476869,0.17951443791389465,0.22896549,0.04945105208610534
nearest_neighbor_baseline,888,61784,42736,1.452454924583435,0.6872655749320984,0.7331022,0.04583662506790165,15.312721252441406,15.036664,0.2760572524414062,0.42179951071739197,0.409893,0.01190651071739196,0.4237312078475952,0.41562188,0.008109327847595216,0.15496200323104858,0.29244965,0.13748764676895142
nearest_neighbor_baseline,889,54182,132640,1.076185941696167,0.9869183897972107,0.9641086,0.02280978979721071,8.158873558044434,8.87326,0.7143864419555666,0.2796034514904022,0.24907732,0.03052613149040223,0.28922128677368164,0.26304534,0.026175946773681624,0.3770395815372467,0.33602992,0.04100966153724672
nearest_neighbor_baseline,890,93721,62703,1.431523323059082,0.37756577134132385,0.4862936,0.10872782865867614,19.797061920166016,18.252342,1.544719920166017,0.2962759733200073,0.33568993,0.0394139566799927,0.3001875579357147,0.33775452,0.03756696206428528,0.1652623862028122,0.17704211,0.011779723797187808
nearest_neighbor_baseline,891,136587,109136,1.6662367582321167,0.4920673966407776,0.42245373,0.06961366664077756,26.127042770385742,27.07853,0.9514872296142585,0.3448970317840576,0.3918988,0.047001768215942374,0.3524201214313507,0.39852232,0.04610219856864928,0.30653151869773865,0.27256495,0.033966568697738675
nearest_neighbor_baseline,892,44451,21898,1.6860718727111816,0.5508512258529663,0.48899835,0.06185287585296628,24.378528594970703,24.991411,0.6128824050292963,0.7743343710899353,0.80181074,0.027476368910064664,0.7761526107788086,0.8022883,0.02613568922119136,0.12090393155813217,0.0826577,0.03824623155813217
nearest_neighbor_baseline,893,102203,68884,1.1977993249893188,0.6400240063667297,0.6609482,0.02092419363327025,21.279264450073242,21.936636,0.6573715499267578,0.2245897352695465,0.19643714,0.0281525952695465,0.25356325507164,0.2357703,0.017792955071640026,0.5786162614822388,0.6441909,0.06557463851776124
nearest_neighbor_baseline,894,50398,31255,1.692833423614502,0.3344818353652954,0.2633009,0.0711809353652954,24.174821853637695,24.253426,0.07860414636230573,0.20874682068824768,0.19633445,0.012412370688247687,0.2476305216550827,0.23374833,0.013882191655082698,0.5803748369216919,0.6281728,0.04779796307830808
nearest_neighbor_baseline,895,89024,77300,1.5844323635101318,0.09429211169481277,0.1413921,0.04709998830518722,24.76714515686035,24.822742,0.055596843139650076,0.2200513333082199,0.21169795,0.008353383308219914,0.2443234771490097,0.23587182,0.008451657149009695,0.5119165778160095,0.5546853,0.042768722183990526
nearest_neighbor_baseline,896,130104,123005,1.0728994607925415,0.9491866827011108,0.9502686,0.001081917298889179,9.268877029418945,8.629272,0.639605029418945,0.2365266978740692,0.2138359,0.02269079787406922,0.24397628009319305,0.22741826,0.016558020093193043,0.3207325041294098,0.41195667,0.09122416587059023
nearest_neighbor_baseline,897,2777,93362,1.6342105865478516,0.15843211114406586,0.12520073,0.03323138114406585,25.60593605041504,27.29738,1.6914439495849614,0.280764639377594,0.3038398,0.023075160622406,0.2900710999965668,0.334308,0.04423690000343322,0.3246687054634094,0.34787557,0.0232068645365906
nearest_neighbor_baseline,898,41400,130667,1.5720701217651367,0.20403751730918884,0.26709038,0.06305286269081117,27.408390045166016,26.192656,1.2157340451660161,0.3781210482120514,0.39399448,0.01587343178794859,0.3826570510864258,0.40058836,0.017931308913574195,0.23076213896274567,0.23450056,0.0037384210372543303
nearest_neighbor_baseline,899,124523,91873,2.814194917678833,0.24047335982322693,0.319169,0.07869564017677305,25.294279098510742,25.13501,0.159269098510741,0.3606679439544678,0.3804939,0.019825956045532223,0.3631227910518646,0.38441417,0.021291378948135375,0.18999949097633362,0.27467406,0.08467456902366638
nearest_neighbor_baseline,900,52511,9794,1.2603778839111328,0.7825916409492493,0.7316212,0.050970440949249296,19.360187530517578,19.277857,0.08233053051757722,0.647763192653656,0.6905189,0.04275570734634404,0.6502319574356079,0.6919804,0.04174844256439214,0.14306366443634033,0.1038763,0.03918736443634033
nearest_neighbor_baseline,901,100861,59656,1.4806690216064453,0.6755919456481934,0.64228195,0.03330999564819337,17.041027069091797,14.925413,2.115614069091796,0.2573147416114807,0.2727037,0.01538895838851928,0.294325053691864,0.2867194,0.0076056536918640005,0.484945148229599,0.40805823,0.07688691822959898
nearest_neighbor_baseline,902,60811,23061,0.9562810659408569,0.9371669292449951,0.92528313,0.011883799244995163,8.994284629821777,10.389412,1.3951273701782227,0.23299454152584076,0.26914302,0.03614847847415925,0.24288305640220642,0.2810756,0.03819254359779356,0.358124703168869,0.33944628,0.01867842316886903
nearest_neighbor_baseline,903,133936,2981,1.329296588897705,0.7437570095062256,0.7650523,0.021295290493774433,20.85717010498047,20.311796,0.5453741049804677,0.43710097670555115,0.44187534,0.004774363294448858,0.4597790539264679,0.45800036,0.0017786939264679003,0.4745458960533142,0.43461862,0.0399272760533142
nearest_neighbor_baseline,904,10666,69799,1.1322237253189087,0.4441033899784088,0.48038563,0.036282240021591194,22.26044273376465,22.155483,0.10495973376464818,0.1787777841091156,0.19206777,0.013289985890884398,0.19255319237709045,0.21685629,0.024303097622909553,0.49412891268730164,0.5104086,0.016279687312698354
nearest_neighbor_baseline,905,44605,98517,1.2756774425506592,0.7204787135124207,0.69967145,0.02080726351242068,20.114168167114258,22.643763,2.529594832885742,0.5767325162887573,0.5616817,0.015050816288757374,0.5817903280258179,0.5639726,0.017817728025817825,0.2334313988685608,0.14573354,0.0876978588685608
nearest_neighbor_baseline,906,126199,116812,1.645904541015625,0.844841718673706,0.7914802,0.05336151867370609,18.13587760925293,17.64273,0.49314760925292944,0.24409203231334686,0.2691887,0.02509666768665314,0.31060248613357544,0.30782408,0.0027784061335754395,0.7043827176094055,0.6656633,0.03871941760940556
nearest_neighbor_baseline,907,63436,33940,1.9782540798187256,0.16668817400932312,0.30423313,0.1375449559906769,23.730758666992188,21.457003,2.2737556669921872,0.21073272824287415,0.19765507,0.013077658242874157,0.24434541165828705,0.22261463,0.02173078165828704,0.6054902672767639,0.5138273,0.09166296727676393
nearest_neighbor_baseline,908,52149,46589,1.2990045547485352,0.9538242220878601,0.937046,0.016778222087860062,10.129926681518555,13.042496,2.912569318481445,0.23814505338668823,0.25015235,0.012007296613311791,0.25311800837516785,0.27515495,0.022036941624832163,0.40771782398223877,0.4343688,0.02665097601776123
nearest_neighbor_baseline,909,762,58162,1.1303720474243164,0.9133832454681396,0.9067012,0.0066820454681396635,16.022859573364258,14.220901,1.8019585733642582,0.2836329936981201,0.22612058,0.05751241369812013,0.28665637969970703,0.2293623,0.05729407969970704,0.21056486666202545,0.21165399,0.0010891233379745346
nearest_neighbor_baseline,910,39285,135063,1.6009340286254883,0.4103885293006897,0.36828646,0.042102069300689715,23.794954299926758,21.711596,2.0833582999267577,0.3159850835800171,0.30979657,0.0061885135800170965,0.31838440895080566,0.31346068,0.0049237289508056725,0.17473573982715607,0.17294703,0.0017887098271560653
nearest_neighbor_baseline,911,59237,10003,1.210682988166809,0.9285970330238342,0.9524215,0.023824466976165803,12.575140953063965,13.368615,0.7934740469360353,0.22306963801383972,0.23082398,0.00775434198616029,0.23492655158042908,0.25026196,0.015335408419570928,0.3425391614437103,0.38930023,0.0467610685562897
nearest_neighbor_baseline,912,118467,44050,1.0705102682113647,0.5281806588172913,0.5643141,0.03613344118270878,23.8244686126709,22.478079,1.3463896126708974,0.27411893010139465,0.26913533,0.004983600101394647,0.2856290638446808,0.28150517,0.004123893844680759,0.4090172350406647,0.42108068,0.012063444959335312
nearest_neighbor_baseline,913,133559,118519,1.0837187767028809,0.682985782623291,0.6933662,0.010380417376709028,20.13402557373047,20.204279,0.0702534262695309,0.25888267159461975,0.2957316,0.03684892840538023,0.26169469952583313,0.29875898,0.03706428047416688,0.2081233412027359,0.20201619,0.006107151202735889
nearest_neighbor_baseline,914,69483,19222,1.50877046585083,0.32449862360954285,0.27560154,0.04889708360954287,25.8573055267334,27.171581,1.3142754732666013,0.3132686913013458,0.28137264,0.03189605130134582,0.3187878429889679,0.292628,0.026159842988967896,0.23666639626026154,0.311852,0.07518560373973848
nearest_neighbor_baseline,915,138145,48268,1.2404330968856812,0.813751757144928,0.79990005,0.013851707144928005,19.84596824645996,19.064789,0.7811792464599598,0.20529372990131378,0.24423046,0.03893673009868623,0.221719428896904,0.263869,0.04214957110309603,0.4587576985359192,0.46965408,0.010896381464080784
nearest_neighbor_baseline,916,38619,52358,0.9177784323692322,0.9697415828704834,0.9726848,0.0029432171295166176,7.700434684753418,8.115215,0.4147803152465812,0.22772781550884247,0.21439141,0.013336405508842464,0.2512452006340027,0.2296534,0.021591800634002678,0.49011722207069397,0.46081564,0.029301582070693943
nearest_neighbor_baseline,917,72648,31979,1.0332298278808594,0.9777976870536804,0.98416114,0.00636345294631957,6.123224258422852,6.6782737,0.5550494415771485,0.24362286925315857,0.23772535,0.005897519253158567,0.2706091105937958,0.25999463,0.010614480593795772,0.4561719298362732,0.5395078,0.08333587016372679
nearest_neighbor_baseline,918,43340,1958,1.0923538208007812,0.8373522758483887,0.89234406,0.05499178415161132,14.808794021606445,14.094269,0.7145250216064447,0.25548070669174194,0.23430258,0.021178126691741933,0.2820601761341095,0.2724958,0.009564376134109487,0.5193724632263184,0.5058347,0.013537763226318389
nearest_neighbor_baseline,919,51180,128115,2.3203024864196777,0.6321372389793396,0.55046326,0.08167397897933959,20.382522583007812,21.28202,0.8994974169921868,0.2423185557126999,0.25466776,0.01234920428730013,0.3487158417701721,0.3815084,0.032792558229827906,0.8020737171173096,0.77048755,0.03158616711730955
nearest_neighbor_baseline,920,57088,80209,1.3702021837234497,0.3436525762081146,0.34522092,0.0015683437918853627,19.580514907836914,19.425344,0.155170907836915,0.2974497675895691,0.2902765,0.007173267589569099,0.307536244392395,0.3118679,0.004331655607604956,0.33492350578308105,0.37322077,0.038297264216918925
nearest_neighbor_baseline,921,79504,139730,0.9104406833648682,0.9693904519081116,0.95348847,0.01590198190811154,9.847826957702637,9.310511,0.5373159577026367,0.27558958530426025,0.26995516,0.005634425304260227,0.281812846660614,0.27849934,0.0033135066606140295,0.3175585865974426,0.33283037,0.01527178340255736
nearest_neighbor_baseline,922,40239,81455,2.0226852893829346,0.4832136332988739,0.36817273,0.1150409032988739,27.07792854309082,28.30994,1.2320114569091807,0.5731444954872131,0.54987913,0.02326536548721314,0.5743092894554138,0.5559186,0.018390689455413778,0.13270880281925201,0.22626477,0.09355596718074799
nearest_neighbor_baseline,923,29896,102363,0.9012086391448975,0.9411653280258179,0.9584068,0.017241471974182132,12.160140991210938,12.775544,0.6154030087890625,0.2553340196609497,0.22926243,0.026071589660949718,0.26763713359832764,0.2377723,0.029864833598327645,0.39202210307121277,0.34893048,0.04309162307121278
nearest_neighbor_baseline,924,138967,70054,1.292697787284851,0.8280124664306641,0.7681941,0.05981836643066407,18.08194351196289,19.173077,1.0911334880371086,0.30724039673805237,0.34699196,0.03975156326194762,0.3252870738506317,0.3536294,0.02834232614936827,0.4150829613208771,0.34229916,0.07278380132087708
nearest_neighbor_baseline,925,117608,110543,2.042849063873291,0.2582041323184967,0.2922149,0.034010767681503296,30.387741088867188,29.64516,0.7425810888671869,0.6118078827857971,0.5304479,0.08135998278579715,0.6153090000152588,0.53441167,0.08089733001525878,0.21138378977775574,0.2168727,0.005488910222244264
nearest_neighbor_baseline,926,112163,57027,2.3731229305267334,0.3112397789955139,0.29377827,0.017461508995513908,25.674745559692383,22.710182,2.964563559692383,0.5490846633911133,0.6261268,0.0770421366088867,0.5509687066078186,0.627213,0.07624429339218142,0.15249963104724884,0.11448529,0.03801434104724884
nearest_neighbor_baseline,927,122448,117326,1.0343432426452637,0.652736246585846,0.6032759,0.04946034658584597,17.362459182739258,17.84656,0.4841008172607424,0.19801998138427734,0.19881113,0.0007911486157226588,0.20355018973350525,0.20207034,0.0014798497335052618,0.25400540232658386,0.21257631,0.04142909232658387
nearest_neighbor_baseline,928,70155,68721,1.538980484008789,0.9700827598571777,0.9796422,0.009559440142822284,6.492796421051025,5.790053,0.702743421051025,0.26424694061279297,0.2850356,0.02078865938720703,0.3067151606082916,0.3373104,0.030595239391708384,0.49022480845451355,0.57048786,0.08026305154548641
nearest_neighbor_baseline,929,40510,85388,2.2389471530914307,0.3623865842819214,0.42345348,0.061066895718078607,23.23186683654785,21.559727,1.6721398365478528,0.36917194724082947,0.3755888,0.006416852759170533,0.581950843334198,0.618945,0.03699415666580197,0.8520152568817139,0.8331574,0.01885785688171382
nearest_neighbor_baseline,930,138672,128340,1.0540690422058105,0.9514099359512329,0.96003556,0.0086256240487671,9.151823997497559,9.013746,0.13807799749755922,0.26738759875297546,0.2769589,0.009571301247024544,0.27341413497924805,0.2871578,0.013743665020751972,0.24770516157150269,0.3111648,0.06345963842849733
nearest_neighbor_baseline,931,111728,66964,1.4800163507461548,0.5897842645645142,0.5821299,0.007654364564514182,20.867185592651367,22.811275,1.9440894073486312,0.2778896391391754,0.2210041,0.056885539139175406,0.28391116857528687,0.22572014,0.05819102857528685,0.2672349810600281,0.24069737,0.026537611060028082
nearest_neighbor_baseline,932,81374,75340,1.465878963470459,0.5559634566307068,0.6481691,0.09220564336929327,19.58153533935547,18.81404,0.7674953393554702,0.35108041763305664,0.2956493,0.05543111763305664,0.3579343259334564,0.30428904,0.05364528593345641,0.28744977712631226,0.30844465,0.02099487287368773
nearest_neighbor_baseline,933,22533,6023,1.8541626930236816,0.439217209815979,0.39827037,0.04094683981597902,21.81793212890625,19.743946,2.073986128906249,0.29472020268440247,0.25387603,0.04084417268440249,0.3150137662887573,0.30252802,0.012485746288757316,0.5093485713005066,0.56595707,0.05660849869949336
nearest_neighbor_baseline,934,78734,60463,1.240254282951355,0.9426758289337158,0.9595471,0.016871271066284166,10.828451156616211,9.739053,1.0893981566162108,0.3353862166404724,0.3211356,0.014250616640472391,0.3433775007724762,0.32575026,0.017627240772476183,0.3262147903442383,0.22983202,0.09638277034423828
nearest_neighbor_baseline,935,95851,120088,1.183658480644226,0.9249356389045715,0.90963435,0.015301288904571497,14.637248992919922,14.774024,0.13677500708007884,0.3825419843196869,0.39075086,0.008208875680313088,0.3855273425579071,0.39853978,0.013012437442092906,0.18934164941310883,0.22460996,0.03526831058689117
nearest_neighbor_baseline,936,114564,81172,1.3804078102111816,0.7797626256942749,0.7122578,0.06750482569427485,14.477574348449707,16.15376,1.6761856515502913,0.29004770517349243,0.32974997,0.03970226482650757,0.3154369294643402,0.3358979,0.020460970535659817,0.41706526279449463,0.30678007,0.11028519279449461
nearest_neighbor_baseline,937,20756,60670,1.4160622358322144,0.5056679844856262,0.4935942,0.012073784485626238,22.468713760375977,20.449076,2.019637760375975,0.2760549783706665,0.27239332,0.0036616583706665096,0.2779170572757721,0.27420944,0.0037076172757720682,0.1764863282442093,0.17110798,0.005378348244209297
nearest_neighbor_baseline,938,31889,88427,1.192775011062622,0.5932158827781677,0.54899615,0.04421973277816771,21.795028686523438,22.752865,0.9578363134765624,0.25007498264312744,0.25121728,0.0011422973568725459,0.27275538444519043,0.26598427,0.006771114445190407,0.45417022705078125,0.38069707,0.07347315705078122
nearest_neighbor_baseline,939,60156,17646,1.1740343570709229,0.7781394124031067,0.7475401,0.03059931240310665,20.121706008911133,17.135298,2.986408008911134,0.23081113398075104,0.23057887,0.00023226398075104626,0.2391035407781601,0.23787525,0.001228290778160085,0.31193411350250244,0.29825774,0.013676373502502448
nearest_neighbor_baseline,940,100972,81637,2.148094892501831,0.05828643962740898,0.034491178,0.023795261627408984,23.147449493408203,21.069416,2.0780334934082028,0.3726777136325836,0.3197381,0.05293961363258359,0.3798169791698456,0.34318835,0.036628629169845606,0.24136263132095337,0.31456754,0.07320490867904661
nearest_neighbor_baseline,941,4612,111118,1.1204264163970947,0.7252777814865112,0.69275993,0.03251785148651121,13.798983573913574,11.825057,1.973926573913575,0.30582958459854126,0.31477907,0.008949485401458734,0.3109966218471527,0.32326886,0.012272238152847281,0.24042871594429016,0.23546235,0.004966365944290174
nearest_neighbor_baseline,942,33462,133374,1.6161338090896606,0.14031852781772614,0.17161937,0.03130084218227386,26.068397521972656,27.450245,1.3818474780273426,0.31708255410194397,0.30578044,0.011302114101943983,0.31903570890426636,0.30876613,0.01026957890426633,0.161260187625885,0.16015938,0.0011008076258850197
nearest_neighbor_baseline,943,33123,126286,1.3966115713119507,0.9054379463195801,0.97834504,0.07290709368041992,11.607888221740723,11.321638,0.28625022174072257,0.3330875337123871,0.3334958,0.00040826628761292394,0.3411279022693634,0.34195074,0.000822837730636572,0.28107887506484985,0.30408514,0.023006264935150122
nearest_neighbor_baseline,944,63373,139832,1.4459933042526245,0.34472087025642395,0.38895562,0.04423474974357605,21.743972778320312,22.45186,0.7078872216796874,0.35141658782958984,0.33418542,0.017231167829589833,0.35654327273368835,0.3394896,0.017053672733688352,0.23044946789741516,0.24024624,0.009796772102584839
nearest_neighbor_baseline,945,67724,136534,1.6711498498916626,0.9893601536750793,0.9815074,0.007852753675079316,6.274554252624512,6.5414824,0.26692814737548787,0.22021637856960297,0.22938833,0.009171951430397035,0.2627675533294678,0.2766466,0.013879046670532247,0.686194896697998,0.6662839,0.019910996697998007
nearest_neighbor_baseline,946,70399,30247,1.8461605310440063,0.3357767164707184,0.25230572,0.08347099647071837,23.894855499267578,22.778788,1.1160674992675794,0.2407672107219696,0.28079793,0.04003071927803037,0.2730458676815033,0.30474338,0.03169751231849671,0.46757301688194275,0.4330975,0.034475516881942725
nearest_neighbor_baseline,947,70753,99188,1.7321909666061401,0.9434325098991394,0.9804085,0.03697599010086061,7.452106952667236,8.046389,0.5942820473327632,0.26641470193862915,0.27094376,0.0045290580613708276,0.3396132290363312,0.35258675,0.012973520963668828,0.6301785707473755,0.7262613,0.09608272925262451
nearest_neighbor_baseline,948,30393,11019,1.2777470350265503,0.8633700609207153,0.82101154,0.04235852092071535,10.875866889953613,10.389992,0.48587488995361383,0.442654013633728,0.39539912,0.047254893633728035,0.45024701952934265,0.40065783,0.04958918952934266,0.22587056457996368,0.19587244,0.029998124579963675
nearest_neighbor_baseline,949,21079,85031,1.361697793006897,0.849811851978302,0.8047017,0.04511015197830204,20.280086517333984,19.57317,0.7069165173339833,0.42960870265960693,0.40438575,0.025222952659606945,0.43495553731918335,0.40835792,0.026597617319183364,0.26187342405319214,0.2711665,0.009293075946807838
nearest_neighbor_baseline,950,83613,43680,0.9504390358924866,0.8551310896873474,0.8506357,0.0044953896873474175,17.270402908325195,17.036924,0.23347890832519624,0.2470981329679489,0.24177907,0.005319062967948901,0.2554529905319214,0.26218128,0.00672828946807863,0.38769787549972534,0.4030643,0.015366424500274645
nearest_neighbor_baseline,951,14927,59185,1.4875768423080444,0.2667364478111267,0.27722174,0.010485292188873285,29.191198348999023,27.01156,2.179638348999024,0.7119261026382446,0.75704265,0.04511654736175541,0.7132738828659058,0.7580726,0.044798717134094224,0.16239547729492188,0.1266458,0.03574967729492187
nearest_neighbor_baseline,952,66599,56226,1.034913182258606,0.7004077434539795,0.7258901,0.02548235654602049,19.897659301757812,19.339994,0.5576653017578117,0.22306767106056213,0.18591307,0.03715460106056212,0.23112429678440094,0.19534288,0.03578141678440094,0.2958334982395172,0.36535096,0.06951746176048279
nearest_neighbor_baseline,953,35027,127361,2.076836585998535,0.07943689078092575,0.13044788,0.05101098921907424,29.622451782226562,28.727377,0.8950747822265619,0.324189692735672,0.28851244,0.035677252735672016,0.3258388638496399,0.28985053,0.0359883338496399,0.16012009978294373,0.14224637,0.017873729782943715
nearest_neighbor_baseline,954,110804,5283,1.7960834503173828,0.12359181046485901,0.17678416,0.05319234953514099,23.948007583618164,23.257652,0.6903555836181638,0.23727643489837646,0.25689152,0.01961508510162352,0.24323411285877228,0.26303113,0.019797017141227724,0.2788740396499634,0.26592356,0.012950479649963376
nearest_neighbor_baseline,955,20639,86819,2.476724863052368,0.04457086697220802,0.106921494,0.06235062702779198,23.075603485107422,25.175964,2.1003605148925786,0.2140468955039978,0.23720576,0.023158864496002185,0.2401197999715805,0.25686738,0.016747580028419473,0.4330650269985199,0.43085557,0.0022094569985198764
nearest_neighbor_baseline,956,116110,68086,1.1332826614379883,0.8952048420906067,0.89216834,0.0030365020906066853,14.50462818145752,17.034542,2.5299138185424788,0.29954615235328674,0.3264587,0.026912547646713247,0.3053857982158661,0.33026856,0.0248827617841339,0.27727508544921875,0.22967462,0.047600465449218754
nearest_neighbor_baseline,957,112198,46168,1.2238274812698364,0.9260846972465515,0.8737547,0.05232999724655152,8.673660278320312,10.102742,1.4290817216796867,0.4070570170879364,0.36118668,0.04587033708793642,0.43264496326446533,0.38821444,0.04443052326446534,0.3609369695186615,0.33712333,0.0238136395186615
nearest_neighbor_baseline,958,3641,76449,1.4930310249328613,0.6406603455543518,0.6247369,0.015923445554351767,25.22618865966797,24.078648,1.1475406596679676,0.47435614466667175,0.48511598,0.01075983533332825,0.4763738512992859,0.48675308,0.010379228700714116,0.1816844493150711,0.1612137,0.02047074931507112
nearest_neighbor_baseline,959,97943,70322,1.3414766788482666,0.8132719993591309,0.7837815,0.02949049935913084,18.460254669189453,19.704144,1.2438893308105463,0.4643869400024414,0.4285409,0.035846040002441404,0.4677165746688843,0.4333179,0.0343986746688843,0.21807394921779633,0.24493283,0.026858880782203665
nearest_neighbor_baseline,960,129166,41983,1.2966746091842651,0.8808954954147339,0.8562495,0.02464599541473389,14.663492202758789,13.823387,0.8401052027587887,0.2467249631881714,0.25637937,0.009654406811828609,0.2968217134475708,0.279719,0.017102713447570805,0.6720983386039734,0.53630334,0.13579499860397337
nearest_neighbor_baseline,961,63964,69173,0.7172739505767822,0.8665284514427185,0.8766431,0.010114648557281503,17.01693344116211,15.198413,1.818520441162109,0.2081737518310547,0.22010013,0.011926378168945317,0.2124578058719635,0.223847,0.01138919412803649,0.2744535803794861,0.2641178,0.01033578037948607
nearest_neighbor_baseline,962,55122,114712,0.7870879769325256,0.8362411856651306,0.86947787,0.03323668433486937,16.543880462646484,15.917178,0.6267024626464845,0.2428945004940033,0.21835071,0.024543790494003292,0.24929717183113098,0.22345679,0.025840381831130993,0.27782610058784485,0.2697422,0.008083900587844861
nearest_neighbor_baseline,963,91338,82864,1.674852967262268,0.06737430393695831,0.0506878,0.016686503936958315,22.662094116210938,24.407324,1.7452298837890616,0.21814081072807312,0.20697156,0.011169250728073121,0.23131410777568817,0.21413006,0.01718404777568816,0.3804720938205719,0.32013997,0.060332123820571903
nearest_neighbor_baseline,964,125504,76895,1.3171844482421875,0.6024435758590698,0.5530839,0.04935967585906986,26.144481658935547,26.548082,0.40360034106445397,0.48183950781822205,0.42476973,0.057069777818222034,0.4862554669380188,0.42730507,0.05895039693801879,0.2481454759836197,0.19291241,0.055233065983619684
nearest_neighbor_baseline,965,7024,39451,1.2959645986557007,0.889729380607605,0.9210695,0.031340119392395005,13.357091903686523,16.164253,2.807161096313475,0.26205626130104065,0.30663526,0.04457899869895937,0.27043935656547546,0.3092137,0.038774343434524516,0.2685908377170563,0.20700629,0.061584547717056265
nearest_neighbor_baseline,966,37554,40960,1.397791862487793,0.5413320064544678,0.53785443,0.003477576454467779,23.902070999145508,25.54105,1.6389790008544907,0.5393298268318176,0.5453327,0.006002873168182377,0.5414714217185974,0.54644996,0.0049785382814026,0.15959064662456512,0.1428948,0.016695846624565136
nearest_neighbor_baseline,967,36100,47296,0.8765199780464172,0.7961356043815613,0.8292622,0.03312659561843867,18.692031860351562,17.561625,1.1304068603515631,0.19663028419017792,0.20040555,0.0037752658098220704,0.216597318649292,0.21771908,0.001121761350708017,0.5333966016769409,0.5097958,0.023600801676940897
nearest_neighbor_baseline,968,13892,65695,1.0758767127990723,0.7552973628044128,0.7613112,0.006013837195587124,18.927738189697266,19.206514,0.2787758103027329,0.27829304337501526,0.27873358,0.000440536624984722,0.31220319867134094,0.29800326,0.01419993867134095,0.5363021492958069,0.44611934,0.09018280929580691
nearest_neighbor_baseline,969,121660,138193,2.5880608558654785,0.05188382789492607,0.06924335,0.017359522105073924,26.75180435180664,24.13663,2.6151743518066404,0.27747657895088196,0.22386958,0.053606998950881946,0.3041704595088959,0.26898915,0.035181309508895864,0.5024051666259766,0.65000165,0.14759648337402342
nearest_neighbor_baseline,970,34601,38722,2.4111452102661133,0.22840826213359833,0.16355546,0.06485280213359831,26.991106033325195,26.235617,0.755489033325194,0.28090399503707886,0.29262534,0.011721344962921154,0.2873471975326538,0.29364786,0.006300662467346174,0.21406802535057068,0.11724969,0.09681833535057068
nearest_neighbor_baseline,971,63676,42115,1.46170973777771,0.2225750982761383,0.29423884,0.0716637417238617,27.337326049804688,27.709335,0.3720089501953119,0.24310971796512604,0.30042893,0.057319212034873945,0.24510300159454346,0.3032192,0.058116198405456565,0.17364126443862915,0.17075296,0.002888304438629141
nearest_neighbor_baseline,972,118505,107490,1.2152429819107056,0.985932469367981,0.9782174,0.007715069367980942,4.033502578735352,3.4259353,0.6075672787353517,0.2618403434753418,0.28566405,0.023823706524658206,0.2741902470588684,0.31918043,0.04499018294113161,0.3155321776866913,0.3905963,0.07506412231330872
nearest_neighbor_baseline,973,88392,54917,1.3957619667053223,0.8400031924247742,0.89209133,0.05208813757522579,19.34242057800293,18.385166,0.957254578002928,0.4890053868293762,0.47311878,0.015886606829376204,0.49557289481163025,0.48095503,0.014617864811630243,0.2835808992385864,0.2848858,0.0013049007614135966
nearest_neighbor_baseline,974,23861,132167,1.4345149993896484,0.16122688353061676,0.178642,0.017415116469383235,27.92059326171875,27.147287,0.7733062617187514,0.927976667881012,0.93290675,0.004930082118988044,0.9286156892776489,0.93363845,0.005022760722351083,0.08668521046638489,0.088856325,0.002171114533615112
nearest_neighbor_baseline,975,102119,74848,1.1426464319229126,0.9793856143951416,0.99204063,0.012655015604858377,9.810205459594727,7.0438666,2.7663388595947263,0.19779765605926514,0.17539856,0.022399096059265128,0.23248489201068878,0.2104582,0.02202669201068877,0.6835881471633911,0.7355865,0.05199835283660892
nearest_neighbor_baseline,976,27429,112385,1.045714020729065,0.7365427017211914,0.7302237,0.006319001721191375,19.128236770629883,18.54206,0.5861767706298835,0.1810273975133896,0.1977592,0.01673180248661041,0.19713135063648224,0.22062029,0.023488939363517758,0.4518970549106598,0.46663278,0.014735725089340235
nearest_neighbor_baseline,977,72920,75413,1.202109456062317,0.456188827753067,0.39733192,0.05885690775306701,25.64768409729004,27.27248,1.6247959027099625,0.4400573670864105,0.48501095,0.044953582913589474,0.45540374517440796,0.49722373,0.041819984825592016,0.4011481702327728,0.32870194,0.0724462302327728
nearest_neighbor_baseline,978,2819,32311,1.3724445104599,0.7912573218345642,0.7479091,0.043348221834564216,17.89919090270996,19.241869,1.3426780972900403,0.18734672665596008,0.19327994,0.005933213344039928,0.24666059017181396,0.25706863,0.010408039828186055,0.9021406173706055,0.90497833,0.0028377126293945842
nearest_neighbor_baseline,979,55034,49589,1.0277363061904907,0.3724248707294464,0.36181617,0.010608700729446419,15.852563858032227,17.521343,1.668779141967775,0.23487983644008636,0.21418272,0.02069711644008637,0.2398788183927536,0.22137085,0.018507968392753593,0.26975348591804504,0.3264155,0.05666201408195498
nearest_neighbor_baseline,980,49627,106314,1.2129682302474976,0.6911107897758484,0.726082,0.034971210224151617,21.176057815551758,21.71793,0.5418721844482413,0.20106682181358337,0.22893505,0.027868228186416627,0.2097412794828415,0.23415019,0.024408910517158516,0.3481343984603882,0.2711679,0.07696649846038817
nearest_neighbor_baseline,981,35042,127849,1.2933586835861206,0.9881274700164795,0.9601258,0.028001670016479463,4.8816423416137695,5.605202,0.7235596583862307,0.32455089688301086,0.3749286,0.050377703116989137,0.3314763307571411,0.37965736,0.048181029242858886,0.2546321451663971,0.2405342,0.014097945166397091
nearest_neighbor_baseline,982,36919,105774,1.1974910497665405,0.986548900604248,0.97581416,0.010734740604248061,4.487756252288818,5.2510104,0.7632541477111818,0.29361650347709656,0.36895105,0.07533454652290344,0.3070496618747711,0.38628113,0.07923146812522885,0.38309621810913086,0.37772638,0.005369838109130887
nearest_neighbor_baseline,983,40370,37607,1.9309698343276978,0.24388696253299713,0.29424864,0.050361677467002874,25.862442016601562,25.666697,0.1957450166015633,0.5129625201225281,0.46813968,0.044822840122528074,0.5168468952178955,0.47378114,0.04306575521789552,0.20562022924423218,0.19244988,0.013170349244232188
nearest_neighbor_baseline,984,63773,20412,1.4968007802963257,0.3050060570240021,0.2193006,0.08570545702400206,25.772769927978516,26.643793,0.8710230720214831,0.2582418918609619,0.29975104,0.04150914813903811,0.26183226704597473,0.30524713,0.043414862954025246,0.23204928636550903,0.21111889,0.02093039636550903
nearest_neighbor_baseline,985,66000,85226,1.2616870403289795,0.7567019462585449,0.7443527,0.012349246258544944,22.89266586303711,23.100006,0.2073401369628911,0.3442637324333191,0.2890042,0.0552595324333191,0.3525600731372833,0.31640932,0.03615075313728333,0.35027098655700684,0.37108287,0.020811883442993173
nearest_neighbor_baseline,986,40013,26193,1.2878901958465576,0.6996572613716125,0.6973837,0.002273561371612498,20.000316619873047,18.714375,1.2859416198730464,0.2105507105588913,0.24919657,0.03864585944110871,0.2191307544708252,0.2569734,0.03784264552917482,0.42609941959381104,0.3447105,0.08138891959381106
nearest_neighbor_baseline,987,42403,137659,1.0422884225845337,0.8976545929908752,0.9020502,0.00439560700912478,20.009910583496094,18.782125,1.2277855834960931,0.45355433225631714,0.42976412,0.02379021225631711,0.45784854888916016,0.43459922,0.023249328889160148,0.2951454222202301,0.24769625,0.047449172220230096
nearest_neighbor_baseline,988,102181,95643,1.6805484294891357,0.4273519814014435,0.54142725,0.11407526859855655,24.383155822753906,21.67643,2.7067258227539064,0.35252946615219116,0.3271299,0.02539956615219119,0.3569713830947876,0.33034238,0.026629003094787607,0.17873866856098175,0.193406,0.014667331439018244
nearest_neighbor_baseline,989,39050,116228,1.4935780763626099,0.23405680060386658,0.26212144,0.028064639396133406,23.45728874206543,24.331442,0.8741532579345694,0.30512893199920654,0.27538976,0.02973917199920656,0.30969515442848206,0.2804465,0.029248654428482068,0.23041200637817383,0.27184635,0.041434343621826186
nearest_neighbor_baseline,990,78461,121105,1.2255018949508667,0.7403687834739685,0.7193226,0.02104618347396847,22.24669647216797,22.25183,0.005133527832033025,0.4095121920108795,0.4060398,0.0034723920108795103,0.4147607088088989,0.40813142,0.006629288808898903,0.2613663971424103,0.16133983,0.10002656714241029
nearest_neighbor_baseline,991,74643,26361,1.4923839569091797,0.5280098915100098,0.5414959,0.013486008489990264,20.45363426208496,21.140804,0.6871697379150383,0.229671910405159,0.23423591,0.004563999594840995,0.2587607502937317,0.25293297,0.00582778029373171,0.5258771777153015,0.4521782,0.07369897771530154
nearest_neighbor_baseline,992,49226,131912,1.9126063585281372,0.4287413954734802,0.44150457,0.01276317452651976,23.045928955078125,23.306345,0.2604160449218753,0.20953810214996338,0.22121704,0.011678937850036625,0.251935213804245,0.2659345,0.013999286195755023,0.7294925451278687,0.8438313,0.1143387548721313
nearest_neighbor_baseline,993,85966,56058,1.5052909851074219,0.6813368201255798,0.71020895,0.028872129874420116,22.44249725341797,22.95563,0.5131327465820306,0.3361690044403076,0.41139838,0.07522937555969239,0.3403773605823517,0.4140401,0.07366273941764834,0.20844309031963348,0.22537066,0.016927569680366517
nearest_neighbor_baseline,994,71125,82487,1.3003625869750977,0.973423182964325,0.9869026,0.013479417035675012,8.790717124938965,7.095591,1.695126124938965,0.22949448227882385,0.20714635,0.022348132278823846,0.23936054110527039,0.23366755,0.005692991105270384,0.3774300217628479,0.49821338,0.12078335823715208
nearest_neighbor_baseline,995,60720,81618,2.0184428691864014,0.03761504963040352,0.049119532,0.011504482369596482,25.214853286743164,25.253155,0.03830171325683551,0.22510839998722076,0.21722645,0.007881949987220777,0.25980186462402344,0.25014082,0.009661044624023452,0.5698788166046143,0.48023608,0.08964273660461425
nearest_neighbor_baseline,996,30624,3002,1.079284906387329,0.9823533296585083,0.97611487,0.006238459658508333,11.333015441894531,13.621482,2.288466558105469,0.41392263770103455,0.4075573,0.006365337701034535,0.41970095038414,0.4137913,0.005909650384140042,0.2610364854335785,0.3266382,0.0656017145664215
nearest_neighbor_baseline,997,118379,24876,0.6922722458839417,0.9594200253486633,0.96010333,0.0006833046513367025,12.425902366638184,13.609767,1.1838646333618161,0.30991849303245544,0.31119263,0.0012741369675445813,0.31695157289505005,0.31621498,0.00073659289505007,0.3250267505645752,0.29383358,0.031193170564575212
nearest_neighbor_baseline,998,80624,32332,1.8594952821731567,0.8931428790092468,0.8620118,0.03113107900924683,11.501434326171875,10.020809,1.4806253261718751,0.27967533469200134,0.37383422,0.09415888530799865,0.3110169768333435,0.40889284,0.09787586316665647,0.5639919638633728,0.6140294,0.050037436136627145
nearest_neighbor_baseline,999,122098,112902,2.515526056289673,0.11958139389753342,0.1059202,0.01366119389753341,22.328643798828125,26.758583,4.429939201171877,0.25734806060791016,0.29375872,0.03641065939208982,0.2790888845920563,0.36184826,0.0827593754079437,0.47569525241851807,0.5995507,0.12385544758148193
