method,target_id,eta,tau_transfer,ipr,purity,c_l1,target_eta,target_tau_transfer,target_ipr,target_purity,target_c_l1,dataset_index,abs_err_eta,abs_err_tau_transfer,abs_err_ipr,abs_err_purity,abs_err_c_l1
model,1,0.19488091034869837,30.377806465346428,0.5652613965112879,0.5660310437065769,0.1236250145975615,0.19029836,29.206373,0.668512,0.67043525,0.12942995,74123,0.004582546782299746,1.171433250624748,0.10325059022119498,0.10440420609887358,0.00580493671259627
model,0,0.7396937629112654,14.776485558355951,0.23460399451942335,0.2513155085822015,0.42074397858661344,0.7584671,13.679777,0.24725586,0.26755,0.47606024,33458,0.01877331529765791,1.0967084129702087,0.012651867239762443,0.01623448302546454,0.05531626287418673
model,6,0.9322728191059769,7.635050879662764,0.23432305911609896,0.2384763358960273,0.24868878555580498,0.9328691,6.2080483,0.2524332,0.26191923,0.3260561,79622,0.0005962576228438765,1.4270025360043164,0.01811015149524442,0.023442894326674735,0.07736730742171882
model,7,0.9745909601498232,4.721079063291519,0.24870102347532372,0.26703429916858973,0.4952788457516626,0.9816332,5.389304,0.2285614,0.24210514,0.4024908,3648,0.007042226190508871,0.6682250977802582,0.020139622108136218,0.024929157886508124,0.0927880510930017
model,2,0.16101209503842276,19.701741611558006,0.2484528294310499,0.2740043226742272,0.48008209389368295,0.27761433,16.832853,0.26614442,0.30238298,0.5041054,57950,0.11660223024653513,2.868888294297264,0.017691595245845237,0.028378653142499488,0.02402329522451163
model,4,0.9472015424013799,9.706912407175317,0.27798758361141385,0.283707566506433,0.2563543071061874,0.9542749,7.8531504,0.23684888,0.24990356,0.3851833,16005,0.007073350405626955,1.8537620394385002,0.04113870773117245,0.033804006821679555,0.12882899744207615
model,3,0.8124897975238855,19.767586507979523,0.22486244479815756,0.23195367200496336,0.33254358622956426,0.8215711,20.109015,0.26017472,0.27023384,0.29238144,132514,0.009081314155191644,0.34142800312887545,0.03531227668125833,0.038280167745326554,0.04016215059685857
model,9,0.9345136650928642,12.047333842927905,0.21572939424656432,0.227235322638032,0.3698387949822641,0.9380948,15.09445,0.21274278,0.22207873,0.37097368,15184,0.003581129657349469,3.047116154020337,0.002986618567929672,0.005156596942421959,0.0011348814608359015
model,5,0.8236977189576562,20.319923202568354,0.3086184278278251,0.31812331547088735,0.396276333886014,0.8926104,17.333122,0.20670004,0.21893375,0.43974382,117269,0.06891265215516729,2.9868009491503855,0.10191838593768077,0.09918956925220601,0.04346748296655556
model,10,0.3392661608620175,17.682963720857025,0.2548922938876602,0.27342092979644134,0.48277845440511846,0.3533679,15.903919,0.26431936,0.2954089,0.5033014,116513,0.014101734025906698,1.7790445008863216,0.009427066368534853,0.02198797475601838,0.020522927659700874
model,11,0.5741010226295453,20.179370634767345,0.2671132943237545,0.2856244183709462,0.48345042898325763,0.58143514,20.258993,0.23310496,0.26235133,0.45395133,72301,0.007334121318055997,0.079622514036366,0.034008335193467354,0.02327308427594499,0.029499099990414
model,14,0.5520176715912983,21.838790065878698,0.21905782547364167,0.23162838916110845,0.4584362557564651,0.56644064,22.261204,0.2002014,0.22082578,0.4909403,56719,0.01442297028873707,0.4224136999904431,0.01885641839871338,0.01080261270332189,0.03250404685393221
model,13,0.7216534109882984,19.961196458977874,0.27460905714025524,0.3184531738770283,0.5400481373604585,0.6999377,19.408997,0.30825895,0.37106785,0.69473225,8656,0.02171570976301762,0.5521998769466236,0.03364989357004139,0.052614677904816776,0.15468411142265304
model,15,0.9165521777689054,12.595442948861304,0.35171146257978203,0.35742839158837353,0.267544201898872,0.8357882,15.258431,0.35309833,0.35740274,0.2472404,6689,0.08076398740406776,2.662988485770043,0.0013868703021454598,2.5649679346428922e-05,0.020303807545005437
model,8,0.9891888773227532,3.5916873042930746,0.2915245521532188,0.35112357154849655,0.714936131504097,0.99189395,2.958586,0.3242428,0.39422894,0.7152921,71597,0.0027050698017280217,0.6331013267387533,0.03271824832094805,0.04310536369320267,0.00035596463390352717
model,18,0.06073215128448891,29.589646003226598,0.47932946798476417,0.49071188695395873,0.251418515568262,0.07165852,30.52825,0.41275868,0.42202425,0.2335222,101305,0.010926370606151349,0.9386037373739882,0.06657078978690345,0.06868763692344115,0.017896309023385903
model,17,0.8342540208430034,20.016992160183893,0.5309253199634785,0.5406847600605252,0.2891205614797936,0.8213266,20.952593,0.45154494,0.46469358,0.2972435,116679,0.012927407416794878,0.9356006895475524,0.0793803794918293,0.07599118396303683,0.00812294423653026
model,19,0.6521783756414484,20.395651931583995,0.27991167868437855,0.28930293781781824,0.33078805252601406,0.44525677,25.671879,0.3178487,0.32355633,0.26838478,84681,0.20692160598431342,5.276226883113271,0.03793703352150829,0.034253395962470456,0.062403268065946316
model,12,0.3134043735891792,27.063310223447093,0.830239427981405,0.8318566313793219,0.16173658779597652,0.17833596,27.576347,0.8260057,0.82681197,0.10525237,105690,0.1350684089094612,0.5130371276271255,0.004233730731038832,0.005044662099078945,0.056484217557672384
model,16,0.9562905071374643,4.986870102800154,0.3127464521066939,0.3216402998447705,0.32204952850493584,0.97950435,3.3362637,0.2791093,0.30948865,0.4676934,100831,0.02321383971006985,1.650606446183943,0.03363715292380204,0.01215164570811278,0.1456438599571308
model,24,0.610367027985636,14.199490102059606,0.265699363859582,0.30380087646890713,0.6309491864867105,0.57894224,12.69378,0.24781907,0.27554154,0.46762252,43478,0.03142478870112064,1.5057101566860709,0.017880297811913526,0.028259332508335844,0.1633266679472818
model,23,0.8828085181577687,13.27369456538301,0.23418455383468945,0.2599662921292871,0.44291026121664845,0.96750814,10.810547,0.21717158,0.2430961,0.46855432,39388,0.08469961906833601,2.4631476903830105,0.017012974235308953,0.016870193825492263,0.025644056734553944
model,22,0.07338614050712222,26.06681049087415,0.3811601910556883,0.3833800672814233,0.1790170314132789,0.14017388,27.405123,0.50211406,0.5138985,0.28082356,23074,0.06678774173889523,1.3383122660838573,0.12095386648520523,0.13051842457801272,0.10180652715567556
model,21,0.9366369761424309,11.642093868328438,0.19152991748676917,0.20020423955488398,0.40979595685061576,0.90898746,11.489827,0.19924553,0.2113309,0.39048547,123859,0.027649513621831545,0.1522667122615431,0.00771560989989617,0.011126666001794794,0.01931049132403495
model,26,0.12192333763494341,27.24104646077417,0.21049953688087678,0.23665480024839589,0.4148703956062881,0.17486508,27.49588,0.2087741,0.24231182,0.4174216,16026,0.052941744271375255,0.2548336661789534,0.0017254321664831596,0.005657020139444385,0.0025512135569962235
model,20,0.2131700186653662,28.027049766999447,0.42120219803787584,0.42376658193967265,0.16298771899295533,0.11241332,27.629997,0.3617695,0.36447397,0.1772296,29614,0.10075670170026305,0.3970525135814782,0.059432700643314074,0.059292613195394694,0.014241879171603078
model,30,0.9554007647528873,7.434568347872201,0.5989425759848429,0.6033808545329026,0.18273194977080356,0.95581746,7.8988957,0.5376967,0.5409289,0.19346185,54231,0.00041669626090667933,0.4643273926368323,0.06124585681522621,0.06245195429105077,0.010729900514726526
model,27,0.9155110361937471,10.882585942969968,0.3647317046846164,0.37934868469962085,0.38206333741118936,0.83776194,10.556422,0.49969897,0.5153278,0.32517964,107466,0.07774909762181714,0.32616370938842465,0.13496726205694548,0.13597912654152905,0.05688370093276529
model,29,0.8364069763496227,16.91357006089779,0.3709467730136465,0.37414913931832505,0.22155383489323224,0.95448196,11.806327,0.35742295,0.362317,0.25927675,64630,0.11807498299333385,5.107243194747888,0.013523825130040523,0.011832143459178934,0.03772291281032
model,25,0.2061548680546046,25.50060611537071,0.34318076163592515,0.35513876449429793,0.30041039865589775,0.14926344,27.982382,0.34924078,0.36339417,0.30188543,20356,0.056891426491952,2.4817757053079994,0.006060018240783838,0.008255406505229046,0.0014750273885663634
model,33,0.4197703012329477,27.781085341302138,0.4388625012945444,0.44026318557171706,0.1507774671695317,0.26906386,29.479458,0.47149256,0.47205588,0.08023107,3780,0.1507064410549539,1.6983725139224717,0.032630057423183256,0.031792696643782814,0.07054639665103804
model,34,0.8615298289940447,10.005138543871006,0.317861814221061,0.32247992598283587,0.1927029321072786,0.7910845,8.753873,0.32675344,0.330872,0.18104318,33369,0.07044530102468438,1.2512656724720799,0.008891623298012463,0.008392073280927559,0.011659754264184724
model,31,0.9173823176262146,12.549752638380262,0.26451466932484147,0.2733773145605524,0.35557528782979414,0.8265191,18.020243,0.25307313,0.26497865,0.3731522,88946,0.09086324557039793,5.470490052659777,0.01144154324718949,0.008398667328496756,0.017576908577523975
model,28,0.8733619729057774,18.847539507294147,0.21366007970751688,0.22813909210204497,0.3945911931845807,0.85911524,20.116085,0.22340457,0.23826282,0.37446204,966,0.014246729947708592,1.268545545196087,0.009744491706476954,0.010123725161558239,0.02012915490600098
model,32,0.7146445563190349,25.973861425468897,0.3740303802177891,0.38168842111535106,0.30120575219160184,0.4251765,26.881758,0.34101763,0.3654213,0.4346095,53973,0.289468055044926,0.9078963107371578,0.033012746541260185,0.016267125949335437,0.13340375036233798
model,38,0.9103098320370867,13.028320443770646,0.2128319133960731,0.21941793512740435,0.28358685261578204,0.9171716,11.977125,0.21092434,0.21796142,0.2701651,7605,0.006861765443687218,1.0511952759239662,0.00190757112140727,0.0014565194789439573,0.013421766823240533
model,39,0.8957707997077172,16.92147677074044,0.3652235379222515,0.3682446670936469,0.23312462203420264,0.8091837,16.048763,0.35426044,0.35733542,0.22742453,15555,0.08658708293373041,0.8727134955939562,0.010963093281138203,0.010909248630893598,0.005700089859138557
model,36,0.8900080454170558,17.678977194474577,0.22687178335359545,0.23386524060494862,0.31557831952740084,0.74816424,20.599714,0.2153853,0.22379883,0.30053902,438,0.14184380887149306,2.920737084700228,0.011486480452327447,0.010066414268087964,0.015039302803768029
model,41,0.31859503579848114,28.07225728920928,0.2707052030316232,0.279158597556326,0.3129225765982374,0.3272198,28.572351,0.2764688,0.29257074,0.33818063,21133,0.00862477826363739,0.5000941664791974,0.005763610387718832,0.013412142428186336,0.02525805480091725
model,43,0.21422303823701855,25.429693965841178,0.3255038487997357,0.3421208238056606,0.40055661386073044,0.20223852,26.457943,0.3336268,0.35060653,0.35357392,138175,0.011984523217601739,1.0282489968053063,0.008122957936256725,0.008485707099109285,0.046982695518140105
model,35,0.9621238411046568,13.168617919551153,0.26333109603291344,0.2709606902398799,0.2914348815011297,0.9604588,10.726496,0.26803547,0.27506015,0.2394322,107298,0.001665026006847925,2.4421221767533012,0.004704375406448136,0.004099456807162949,0.05200268071167807
model,42,0.31589555415417736,23.794964503352443,0.28623804068284403,0.29806086790171654,0.30544788799193834,0.6676844,17.194998,0.35203397,0.3696623,0.32533953,13497,0.35178882208559925,6.599966715876857,0.06579593205732931,0.07160144675168006,0.01989163794609572
model,40,0.46330861710756577,26.174925676548714,0.573051849868789,0.5791964704502708,0.2278876323501105,0.4872733,24.499378,0.6528329,0.65993994,0.2622686,79003,0.02396468854695999,1.6755474722030108,0.07978107545088264,0.08074347429383932,0.034380970497942476
model,44,0.897280192058436,15.330679387048889,0.19583610447774413,0.19950184065123455,0.2780910696154084,0.71210027,20.609009,0.20744209,0.21471155,0.3618089,14756,0.1851799246481577,5.278329402013611,0.01160598543753144,0.015209706246653631,0.08371782644934989
model,45,0.9383735805638515,7.994371645858166,0.29367034283422877,0.29950593344982124,0.26178862216181736,0.92296517,8.217064,0.28740525,0.2927139,0.24605627,86386,0.015408411610909556,0.22269225795042757,0.006265090377563731,0.00679202310855842,0.01573234858221989
model,37,0.42199168701349676,25.52205528189245,0.3616598325655057,0.39646425600571206,0.3912481537991806,0.7057752,20.88893,0.33743313,0.378856,0.4793313,114877,0.28378351430715143,4.633125914827019,0.024226703016479223,0.01760825272125771,0.08808316076457062
model,47,0.2945332740047068,23.713864272083192,0.305429570667742,0.3088066246367449,0.22107646213861237,0.39657944,25.758356,0.29651713,0.3012383,0.23993585,90336,0.10204617040370995,2.044491822277159,0.008912436954973457,0.007568326220607213,0.018859382998030083
model,46,0.9909990056579904,6.578247944166549,0.20035840325606394,0.2200981816120611,0.5748852143963721,0.99411213,5.7093306,0.18793839,0.21306454,0.569427,62112,0.0031131283218069905,0.8689173853896932,0.01242001109374094,0.007033645159767704,0.005458200999155283
model,50,0.9602458214259905,7.512340273225142,0.4443561767925813,0.45419508339197945,0.2833512232081556,0.9519933,8.143304,0.39042464,0.4010223,0.33748624,54029,0.008252534816340806,0.6309635979296431,0.0539315378059938,0.053172798168972246,0.05413501407936577
model,52,0.3916715619293253,25.721159366108463,0.3684960062517106,0.423417897233898,0.44560584310517376,0.6138185,23.328236,0.32066396,0.370717,0.6176781,48181,0.2221469643386801,2.3929237398877596,0.04783204746379249,0.052700908193523244,0.17207226272597248
model,53,0.8975573906039229,15.378781392356679,0.19425621066793475,0.2219709808596325,0.6681549731465538,0.9128947,15.74081,0.22438486,0.25013077,0.50879335,118408,0.015337335195637625,0.36202900193043064,0.03012864853635755,0.02815979173100472,0.15936161911212998
model,55,0.1354385201711509,25.725967244087787,0.32585430772959434,0.33540379987678137,0.28160498749664037,0.1713736,24.089294,0.33033255,0.33302355,0.22643408,77211,0.03593508555699851,1.6366728104940371,0.004478239696629416,0.002380251750560669,0.05517090570380895
model,56,0.9391336672849088,12.037648981104269,0.26474640102474056,0.30663156365463523,0.5615946415016626,0.928411,12.686552,0.2703113,0.30094028,0.54258186,24993,0.010722660357418534,0.6489030666252233,0.005564894961434974,0.005691288462374489,0.019012785250899666
model,49,0.3715396571562719,25.199979122445566,0.26348681140486,0.29367831887822127,0.38373881167947876,0.23206739,27.365128,0.27865744,0.3234331,0.52623135,71595,0.13947226587991235,2.165148441030997,0.015170624965989588,0.02975478229899431,0.14249253683507812
model,48,0.3133198317821677,22.33354765101988,0.21376467354515727,0.220077150042279,0.27522835404170654,0.3051758,22.778698,0.20980999,0.21571718,0.2750041,26553,0.008144020729845325,0.44515031650941594,0.003954684808050946,0.004359968478901632,0.0002242651630749437
model,51,0.07272551451923337,24.80473022028245,0.3034433574822581,0.3386363061703747,0.4516513517250645,0.15314956,25.967892,0.29575887,0.309474,0.3785461,126241,0.08042404557464633,1.1631614728327833,0.007684484257999669,0.029162314776331744,0.07310526279111978
model,54,0.9284639915418375,11.555768539816043,0.3341042669040652,0.3459941439476024,0.3944331783683224,0.9406932,12.716965,0.27513498,0.29039907,0.5042295,132888,0.01222920809271455,1.1611961818636445,0.058969286225506845,0.05559506939315906,0.10979630762029452
model,59,0.2154414390357499,26.236927644168997,0.8288359989422796,0.8294633498866952,0.09318344453002537,0.24107951,26.234648,0.86947674,0.87010956,0.08143045,87885,0.025638070222520376,0.002279893314504733,0.04064073664960888,0.040646208218773516,0.011752994448200119
model,61,0.6513661883153804,24.489788667348073,0.5021688607336632,0.510592426478288,0.3174705750180446,0.7488985,22.824816,0.4855495,0.49909177,0.39332604,92683,0.09753231784917038,1.6649729172260024,0.016619351208364108,0.011500652253052968,0.075855469064597
model,60,0.8750794101423931,17.077016305230536,0.2652231254980302,0.27744521087969104,0.3799265113899316,0.6373154,22.101055,0.22667082,0.2654196,0.4601942,123520,0.23776401764819144,5.0240388400331355,0.0385523089573121,0.012025608485587036,0.08026768888739688
model,63,0.21898507036424347,27.864725466696168,0.2206002227903165,0.22371124465406828,0.17387704624933253,0.120743476,30.155148,0.22219725,0.22367024,0.14986375,107660,0.09824159450984665,2.2904220857940665,0.0015970267414294192,4.1000437149329994e-05,0.0240132965068246
model,57,0.09047070598838713,26.297304123584556,0.30205528068995413,0.3041815539301445,0.1908737208460427,0.08381365,29.16065,0.30132908,0.3048634,0.21369682,89584,0.006657053592185047,2.863346129711342,0.0007262043998235157,0.0006818393765876674,0.022823101678028035
model,64,0.6052409294318696,24.806198650692068,0.3616177432096292,0.3659459442429108,0.25638081831877246,0.69193363,23.776144,0.3273452,0.3301339,0.2449256,114838,0.08669270246510308,1.0300546229821066,0.03427255077722563,0.03581205909772345,0.011455215048241763
model,58,0.5567008759966343,21.08293254425956,0.24302481844097695,0.26158683449735387,0.3927265590074763,0.81023276,16.308239,0.25414038,0.26776546,0.35070863,21287,0.2535318825253994,4.774693561105263,0.011115558603700781,0.006178627901175182,0.04201792534620613
model,67,0.8330970144542365,7.111932042139273,0.34737580527468653,0.3547689764413061,0.2743125210981081,0.9050931,10.385718,0.27195257,0.2771916,0.25640616,45584,0.07199605939067322,3.273786303502817,0.07542323578997584,0.0775773672970953,0.017906362889261063
model,69,0.9701790214349648,4.699175443874573,0.3228781416158489,0.37642239966871205,0.4582000732947754,0.9828951,6.010696,0.25168145,0.2906723,0.45278525,130638,0.01271605483990701,1.3115204904210813,0.07119669458673511,0.0857500974226183,0.005414819769995138
model,65,0.9586055947262464,12.756540491254576,0.3115187074949579,0.3202270728809059,0.38641950856160956,0.9033592,16.808657,0.3665114,0.37366894,0.33575636,129419,0.05524641999785285,4.052116201250307,0.05499269701935483,0.05344186599429246,0.05066314707708197
model,62,0.9948313678780013,5.0867661184556425,0.18974903417653766,0.2156797305743511,0.5974863384074219,0.9635143,12.703297,0.3846223,0.41405958,0.43764108,62402,0.03131703987507162,7.616530542921311,0.19487327145509992,0.1983798487980549,0.15984525421323859
model,71,0.9712470540062774,4.544230503682925,0.3560874101731026,0.3656057905157809,0.3297053343815158,0.98331374,4.9777174,0.3490426,0.35605392,0.28701532,77346,0.012066685293496748,0.4334868959142426,0.00704481574027177,0.009551871915698507,0.042690015510971346
model,70,0.20326025096493033,25.37450911078091,0.8595243507848527,0.8640595009064489,0.14849356090026217,0.16552414,26.884502,0.81300145,0.8157679,0.14969918,84389,0.03773611096458701,1.5099933001077623,0.046522896908357314,0.04829161665199333,0.001205620418020914
model,72,0.8877730220479096,15.323356557005269,0.7073944051707511,0.7153134047778845,0.22400407488382706,0.95227647,9.029182,0.63416433,0.64924705,0.24559991,132543,0.0645034462290679,6.294174122923238,0.07323007182724528,0.06606635449254517,0.02159583573304763
model,68,0.9599462737051659,3.9957985985450293,0.26058902846630755,0.27042570787138404,0.2637629238579613,0.95060927,3.6110168,0.26646313,0.27673438,0.27322555,107511,0.009337006947200854,0.3847818482093359,0.005874102246201607,0.006308674042754758,0.009462622025217415
model,66,0.985266820348039,7.054511586923141,0.1820038117185558,0.23289106575072596,0.9275842066183168,0.9810648,6.784301,0.1867344,0.22869974,0.6699938,104180,0.004202023900285123,0.27021078278495736,0.004730581520465488,0.00419132200301478,0.25759038881207286
model,74,0.3746543139690849,22.805762805150138,0.27520112806464675,0.2834351297338832,0.21221246820935324,0.50898254,22.379879,0.32197392,0.33196816,0.23478936,16447,0.13432822520785603,0.42588380734740383,0.04677279180382249,0.048533028749622065,0.022576888379964077
model,73,0.47154764095049817,21.335371920336065,0.2638905607513807,0.2828196221420459,0.5084724075005246,0.4156221,21.96439,0.25565356,0.2694603,0.43903217,34829,0.05592555561762769,0.6290178806893252,0.0082370005897901,0.013359331471651026,0.06944024030425078
model,76,0.4489158558730123,20.260695026306834,0.2385654308966388,0.24202449620795946,0.23825309076725104,0.7675487,16.072035,0.23194991,0.23660281,0.28200436,95966,0.31863282443246865,4.1886601904914045,0.0066155203751315506,0.005421683202512073,0.0437512656170263
model,79,0.9298469302917013,13.188510566039426,0.40749295402766844,0.41398103635262035,0.3124197776137701,0.9606615,14.723011,0.3858661,0.39102417,0.2935697,75139,0.030814540598343876,1.5345004508062772,0.021626848471180404,0.022956864046559555,0.018850063782822224
model,80,0.5842311122775047,21.535676555081654,0.29695861972900245,0.30879302462216085,0.35702951299432245,0.57568127,21.917786,0.2784825,0.28892547,0.32041407,131370,0.008549843108650923,0.382109089449596,0.01847612299056861,0.019867555700499473,0.036615446679625185
model,81,0.948491575214475,6.133700576483932,0.3401208344355396,0.34576557217995463,0.23723748520424792,0.9504329,7.114172,0.31666517,0.3219526,0.24728559,115990,0.0019413213995996825,0.9804714053275916,0.02345566185863529,0.02381296097199259,0.010048104371519595
model,78,0.22844412439403972,28.979455331256755,0.697633506681685,0.6980540786441451,0.07601795980671364,0.35552377,27.470287,0.7829671,0.7839013,0.0946497,18874,0.12707964069308797,1.5091680082587082,0.08533358392500445,0.085847195560109,0.018631742503848497
model,84,0.24535167190436832,24.675885478181538,0.2168314287853822,0.24167404025310035,0.3948779816883228,0.4281423,23.391497,0.26030293,0.29315227,0.39063296,70309,0.18279063728447445,1.2843888198563427,0.04347150228494556,0.051478232448163075,0.004245024468245262
model,75,0.24743903105200335,27.204440120287938,0.30032173954641117,0.3014299079875,0.13432260514232627,0.18796815,24.718775,0.33605602,0.33791295,0.14140126,41036,0.05947088127077624,2.4856653247557112,0.035734284289724694,0.03648303895196836,0.007078655948906026
model,83,0.5066516051529311,26.99378866111187,0.36754224275954805,0.40284877996645213,0.45515803536376886,0.25834417,28.8861,0.3619847,0.40253738,0.45567232,48295,0.24830743172153458,1.8923121079310974,0.005557542795024739,0.0003114042778992743,0.0005142883399970044
model,82,0.7685741787576071,22.695042761466055,0.41808450575307116,0.424327435949218,0.2558098709325034,0.4137369,24.832193,0.46234486,0.4684225,0.24307573,109934,0.3548372691296927,2.1371506131677336,0.04426034931704298,0.044095066330063604,0.012734142516060531
model,85,0.8222761189627709,12.443148943072359,0.21260042986850178,0.21908866751968997,0.2789865589343383,0.84018725,10.883569,0.21391621,0.21809272,0.22822689,64679,0.017911132605069713,1.5595801793394486,0.0013157824518259809,0.0009959428387893987,0.05075967373479151
model,77,0.9764756665931467,11.379611780383598,0.17962236604698412,0.19478034922153437,0.47792877865630956,0.96104586,13.033727,0.18100923,0.20873229,0.61596453,8251,0.015429805348945003,1.6541149118161087,0.0013868669509101705,0.013951942834549313,0.13803575324218897
model,88,0.7023373138030843,20.437047379017628,0.5251373482977149,0.5271072157129991,0.15725263716269458,0.48985597,22.574947,0.6303898,0.63209766,0.13119675,90441,0.21248133889044085,2.1378999781601067,0.10525246131074462,0.10499044578220962,0.026055884972104676
model,89,0.25388670411137976,26.73114290207137,0.2449863374894371,0.24814372180215968,0.2141268139342609,0.38836735,27.611963,0.26168185,0.26483282,0.21164095,84205,0.13448065075846277,0.8808203700233577,0.016695517235446933,0.016689102666452987,0.00248585991662173
model,91,0.6718083225254327,16.098572220481977,0.2484273262506071,0.2602763547317475,0.2917491807892768,0.7754382,13.57105,0.24259923,0.25187498,0.23061833,87033,0.1036298669810981,2.5275225302353945,0.00582809226565989,0.00840137142104802,0.061130852933212965
model,92,0.6964551931047662,14.898793659594567,0.2396822954448539,0.24218839096528313,0.21459237438142645,0.67514026,14.355022,0.2481612,0.25377217,0.2566046,107365,0.021314931454680774,0.543771229174645,0.008478901263825306,0.011583778386294624,0.04201223749220026
model,90,0.6493871284972041,21.829922041680977,0.29180309977000024,0.30624706282146114,0.32828310971639596,0.62825906,21.258476,0.2420109,0.25033903,0.34484452,68647,0.02112806573017534,0.571445784356758,0.04979219343130853,0.055908031601978714,0.016561410375614538
model,86,0.7338308679297539,21.20705244194801,0.26160660994242,0.2670425123876355,0.2772482124081351,0.6466955,23.988289,0.27970874,0.28765595,0.32606697,4107,0.0871353732779595,2.7812364374465197,0.01810213315297793,0.020613437204954843,0.04881875841706024
model,87,0.3324654999088932,23.427242102289075,0.27431688588348396,0.2934998750293542,0.4141670955616338,0.50196135,22.163916,0.2749696,0.28339043,0.2803597,13073,0.16949585053208582,1.2633264681338012,0.0006527217081450654,0.010109442433147542,0.1338074101406438
model,96,0.310945816100176,23.33549062131646,0.2397215713245437,0.24255784994422253,0.22268533015252184,0.45572323,22.520437,0.22139704,0.2307772,0.32520247,85534,0.14477740997022803,0.8150533807158737,0.018324529050068594,0.011780645907509879,0.1025171349048512
model,97,0.9053362985676334,19.32838315569137,0.3178991264859434,0.32033390952110014,0.22232021216111145,0.8888163,14.852062,0.30021733,0.30192927,0.17083138,87802,0.016520001513342653,4.476320930349573,0.017681796030163344,0.018404644260403724,0.05148882988648376
model,98,0.7741793654018323,20.717111445597016,0.20254033963111662,0.2074865156871147,0.3306016533861868,0.85772574,16.761538,0.18706726,0.19379604,0.34753338,19714,0.08354637407723264,3.9555738937171334,0.015473084253347147,0.013690477059490197,0.016931721638608732
model,99,0.26895742880047485,23.278292055649924,0.26128247208006694,0.2660646056717974,0.25933041981212673,0.4667186,22.163942,0.2250121,0.23329534,0.41175765,112128,0.19776118530093506,1.1143497186137914,0.036270378297642014,0.03276926930609764,0.1524272281790537
model,94,0.9570241824065364,9.841893412383406,0.4045019595883937,0.41840085969795254,0.3322928357577322,0.95812285,8.599814,0.39020193,0.39981133,0.30177665,3418,0.0010986670578800872,1.242078997405379,0.014300033357009412,0.018589532240524564,0.030516188189983195
model,93,0.9846033986473077,4.469127464574235,0.3841094602914243,0.39037387900377396,0.2457450304639214,0.9862209,4.992883,0.3819591,0.38894114,0.26344714,40735,0.0016174975967413463,0.523755740839583,0.0021503497929959425,0.0014327400210011332,0.017702105222952985
model,100,0.33863029552434876,25.539375692921585,0.2916424243987841,0.2938636761136777,0.14211942623335452,0.448897,24.891273,0.34677616,0.3497091,0.18294977,128721,0.11026670860315368,0.6481021943864285,0.0551337332187849,0.05584541745703153,0.04083034028333096
model,95,0.10607772161185536,27.200854862757993,0.27981833441143455,0.29783283304179076,0.3971694782824819,0.19651225,26.84561,0.2628127,0.2727467,0.2764581,5376,0.09043453048050609,0.3552451978410005,0.017005630563549423,0.025086121072415146,0.12071136389687703
model,102,0.3386886074674424,25.124082122081184,0.30362544641784467,0.30673779284576336,0.25245653475211743,0.2560727,27.185375,0.30448842,0.30994168,0.29291958,111415,0.08261590744379127,2.061293091541863,0.0008629740686055265,0.003203886393509714,0.04046304141594287
model,104,0.5454141426450997,22.912809688103863,0.2507461611384162,0.2798558422386218,0.6606338839717142,0.6528381,21.131826,0.23231246,0.24861024,0.4301315,88985,0.1074239682786674,1.780983287347027,0.018433705365062614,0.031245599037366012,0.2305023889727823
model,101,0.30527355438153103,27.749167373524106,0.25151918707868987,0.2588858245199793,0.283921961181288,0.18957847,27.44778,0.26025674,0.26997843,0.32319087,41700,0.11569508081356839,0.3013867643932464,0.008737550391936966,0.011092609327448044,0.039268906719560404
model,108,0.3519251810367497,27.22515889649638,0.311803123171349,0.3150489331821447,0.21822188088882616,0.19782972,27.096684,0.30239072,0.3105972,0.23516855,20233,0.1540954576785954,0.12847539429911592,0.00941239875080152,0.004451722059631902,0.016946665549391005
model,103,0.34231306401883693,29.88111904978302,0.3781646046818331,0.37919390989119484,0.12611625141577024,0.41071266,28.079338,0.3259311,0.32747525,0.12081507,41846,0.06839959534014134,1.8017809760525516,0.052233502644403296,0.05171866012389137,0.005301182932417575
model,106,0.20371894006284208,29.915524415367603,0.6979852550705922,0.6991160007342844,0.1278417667475703,0.17344321,28.497353,0.67832756,0.6789487,0.10123794,2507,0.03027572695764036,1.4181718152699467,0.019657694645787482,0.020167300306275338,0.026603828939533503
model,105,0.21099899311497325,26.070121711402688,0.3181094357996441,0.32716555448632817,0.4056495773439287,0.19462454,24.111979,0.29124674,0.29981074,0.36894187,61083,0.016374449924970808,1.9581431805188991,0.026862693789527547,0.027354817114883467,0.03670770403193224
model,109,0.9313189765936116,13.505444123849081,0.17457156834485202,0.1878288951807528,0.4195382543088997,0.96223354,10.65801,0.17620383,0.18585497,0.35803276,65784,0.03091456680238447,2.8474345947353115,0.0016322636854443073,0.001973923771908803,0.061505491304596704
model,112,0.11608603321395122,24.6641253744407,0.6085152897546976,0.6124313386636104,0.22092778996772547,0.11953876,23.177954,0.66743,0.67032707,0.19682221,134768,0.0034527284614065956,1.4861716543479275,0.05891469386117765,0.05789572871157267,0.024105578821370793
model,110,0.6467358065043511,22.68791795014819,0.3591512314313686,0.3618491318109714,0.2060300856701404,0.67912954,22.619465,0.33696523,0.33971024,0.20639324,77021,0.03239373441590643,0.06845307588061189,0.02218599834382895,0.022138896215268267,0.00036315621218382943
model,107,0.06669533644906481,24.04613928615098,0.25545359722722427,0.26612893146913486,0.34122587899563933,0.07984919,23.431452,0.22278814,0.24091251,0.47333917,88701,0.013153854560933514,0.6146874886656271,0.032665457049497526,0.025216419524364042,0.1321132912218747
model,114,0.6957671328918418,18.949869045457614,0.23700375400631,0.2800788339133235,0.48323015417099024,0.5597202,22.602724,0.27822566,0.35036916,0.5864679,102678,0.13604691471023167,3.6528550298597686,0.04122190631778669,0.0702903214936284,0.10323776756286596
model,111,0.926671451123235,6.958898855812876,0.26253034082360777,0.2691479670852903,0.2840035237528436,0.8104544,10.749181,0.26448187,0.2722839,0.34195542,91847,0.11621702292728164,3.790281937949331,0.0019515314965674047,0.0031359446197267715,0.05795189960225894
model,118,0.8873280388840586,15.419194940363624,0.17926544659061036,0.20281833721796347,0.5415263117347884,0.95481944,9.069697,0.18998358,0.20126101,0.3852934,124114,0.06749140195761616,6.349497560297706,0.010718129945568228,0.0015573234717018714,0.15623291740762468
model,116,0.8607330480175777,10.190952152361362,0.24915349712922338,0.2684121994288872,0.44852515328324083,0.9485913,11.611339,0.22809029,0.24676704,0.5080616,127274,0.0878582438868718,1.4203864630561185,0.02106321087434057,0.02164515536150441,0.05953643452727553
model,113,0.9615758959820588,5.140390577724794,0.5081655917744197,0.5123928721945726,0.21075506354059137,0.91650623,7.1120553,0.46790993,0.47189492,0.1981455,1618,0.0450696651509126,1.9716647239414655,0.04025565963788402,0.0404979523222887,0.012609569675578247
model,115,0.8913702070325114,18.751847712455888,0.31494218287186343,0.3364048048897197,0.5129814949846047,0.95395523,15.153366,0.29831457,0.32274783,0.49964646,100814,0.06258502606456506,3.5984816235887003,0.016627611491248195,0.013656978313486778,0.013335039935089887
model,123,0.9014038611433101,12.918254102797334,0.25409257230116367,0.2620005468366963,0.32748775186683743,0.8638806,14.797662,0.2344146,0.24700767,0.3999716,88491,0.037523286440093506,1.8794076785137008,0.01967796501471042,0.01499287881835526,0.07248385248039158
model,117,0.8578581074904426,16.194724421789218,0.22659013198551536,0.2339391120804766,0.3645295012850467,0.8512997,17.14421,0.23024854,0.2371178,0.30796364,24292,0.0065584043692572536,0.9494863936404698,0.0036584086543619554,0.0031786850558301605,0.05656586178728973
model,122,0.4741832345945165,24.7424334511508,0.49667197334470836,0.500389037425082,0.19759060560719752,0.5330355,24.512684,0.58080995,0.5824037,0.1626165,91722,0.0588522821443751,0.2297495827425955,0.08413797748384388,0.08201468200011941,0.0349740993882873
model,120,0.593815846024466,23.496908284742982,0.42353171982666166,0.42879133734130326,0.21310623779774482,0.6859267,22.776274,0.46233478,0.46717453,0.18751529,98069,0.09211082977204277,0.7206345573259902,0.03880306205848544,0.03838319268799362,0.02559094920635993
model,119,0.6979967854118952,17.624264600505306,0.3107886972333364,0.3511424621184242,0.6918413895642549,0.7292272,15.352625,0.33287448,0.34990236,0.45254073,68315,0.031230399837433365,2.2716397073168295,0.022085779676301043,0.0012401004870307708,0.23930066409466566
model,126,0.8541747245204299,21.129535895232557,0.29617874455469556,0.30221803287081234,0.34651769402315974,0.91243213,16.227629,0.26331612,0.27107987,0.32694593,60871,0.05825740963102888,4.901907187346815,0.03286261987703748,0.031138164792580525,0.01957176330378413
model,128,0.2338097170885185,27.999573301262846,0.3133179643529431,0.3183600528428423,0.3129171103065086,0.16135001,28.301107,0.37974232,0.3824067,0.2346681,5254,0.07245970526295697,0.30153410535336533,0.06642435999932128,0.06404665873552684,0.07824900446582561
model,121,0.9942958660495452,5.097905029932988,0.23508963845005929,0.2578100507659188,0.5917531756595544,0.99406284,5.2553906,0.20289335,0.23949708,0.6908754,67798,0.0002330251109771142,0.1574856141404979,0.03219629190197884,0.018312970320629174,0.09912223537407594
model,129,0.6613435092203199,19.341129600145262,0.2534261004110992,0.2575435239143846,0.26406009040138945,0.79903287,14.983558,0.27745393,0.28180128,0.2387503,103048,0.13768935773448354,4.357571899034422,0.024027828774768112,0.024257759445142968,0.025309796550490704
model,127,0.7828016330672732,19.67582369886508,0.27368750941704534,0.2775181913169932,0.24115089021735991,0.815457,19.4621,0.25892687,0.2634544,0.26724717,3661,0.03265535336003389,0.21372462354769795,0.014760640978324635,0.014063783863456192,0.02609627999252473
model,124,0.7646424338429969,18.154610105550564,0.36750002829772854,0.4499467213312877,0.5431081066164302,0.5930979,19.38417,0.37228206,0.47810468,0.57866937,128377,0.17154450865683968,1.2295604266759987,0.004782029702836033,0.028157959445308356,0.03556126260430348
model,130,0.945449284721383,13.134617647991384,0.1877276919604107,0.21675855642824657,0.6068308976624468,0.9764666,8.969985,0.17663778,0.22192945,0.6562025,41610,0.031017311405173387,4.1646326397516376,0.01108990831382714,0.005170889434523512,0.049371597435667214
model,131,0.700180414423947,15.250696602387244,0.2555719079225637,0.2768052734760089,0.5045846994974215,0.49949542,18.65179,0.21536367,0.2405355,0.49498078,43739,0.20068499754429303,3.4010940165092407,0.04020824150734914,0.036269775810603644,0.009603917226989944
model,125,0.2873181269000354,23.633747247057325,0.22980339096463084,0.2392395897219352,0.35204091367702994,0.11936989,25.506084,0.20436344,0.25969046,0.628498,66005,0.16794824008448744,1.8723371950813466,0.025439955457810165,0.020450873821003024,0.2764571041109034
model,132,0.9610343487562281,4.224441860466847,0.29738103552705386,0.3043961964004856,0.20933121723196785,0.9611297,4.2591558,0.32463923,0.33303913,0.2031044,106331,9.537622317257188e-05,0.03471388980781143,0.027258195439514132,0.02864293834034387,0.006226810636737745
model,136,0.30665080679203965,25.096770023349308,0.20015867095224896,0.2098132926514272,0.39602827291713183,0.7665359,19.221857,0.20338193,0.2209849,0.49562517,48891,0.45988507138941787,5.874912952426456,0.003223254869055364,0.011171613306748457,0.09959689516796644
model,135,0.6671775363636994,21.63597443565736,0.5134794991646773,0.515512004098643,0.19286240112064248,0.6736085,23.783697,0.5372027,0.54148954,0.21574281,104515,0.006430945520303322,2.1477226926385384,0.023723216709040984,0.02597753743196618,0.022880410439988313
model,137,0.940232253429266,14.482172914774068,0.1730552865806676,0.17999012353245072,0.2806335099812365,0.87290853,18.840435,0.17920546,0.20985526,0.48163995,29684,0.06732372080978966,4.358262113302104,0.006150175755872622,0.029865134932362508,0.20100644148627755
model,133,0.584153524528263,22.199223146453708,0.29427518903458916,0.300777814642871,0.31433416192713515,0.66716266,21.724648,0.23176423,0.24029805,0.35671666,99376,0.08300913225579465,0.4745756244810515,0.06251096188271843,0.0604797669810897,0.04238250071820482
model,134,0.8719719494288399,11.35377056029241,0.29602468982746605,0.3054309211665866,0.3036441466992213,0.9083497,9.554885,0.26990777,0.28174427,0.3503315,17825,0.036377743392662754,1.7988856497089145,0.026116917286419905,0.023686649649786673,0.04668733857223256
model,140,0.40385334040241405,25.1577256753921,0.2502526599537549,0.2637802244427927,0.33646466178892914,0.34637225,28.02469,0.2612827,0.2771357,0.29447126,119733,0.057481093660165516,2.8669649526596572,0.011030052267390733,0.0133554755446188,0.041993397903431096
model,142,0.24364412294616486,29.787241669312145,0.31960459747394515,0.33220981523974963,0.3357603188190365,0.13220209,27.442757,0.3016329,0.3157956,0.36197683,42954,0.11144203411330963,2.344485016480114,0.017971686507071982,0.016414214825473505,0.026216513332376457
model,143,0.671532471789903,20.206699612063446,0.18416106234190802,0.19280081530780893,0.40910007776347346,0.52073383,22.369987,0.18364699,0.20918016,0.5864407,113506,0.15079863847691477,2.163287875729523,0.0005140704929623985,0.016379346049117033,0.1773406046477204
model,138,0.23790539590208837,26.94493604177628,0.2678906907411466,0.27034947967441486,0.16574625986132918,0.09075033,26.818455,0.26332998,0.26608127,0.18700095,25533,0.14715506670563527,0.1264812993446398,0.004560707983578216,0.004268206118659246,0.021254685349127667
model,144,0.21526323322743943,28.310255438335115,0.32161913021324945,0.33062885223414806,0.3168707981625372,0.157177,29.427174,0.32874823,0.33604646,0.3037447,44350,0.058086231989570164,1.1169181761668376,0.007129095952522035,0.005417605056501351,0.013126094631271956
model,146,0.47949480368409125,16.764310496991094,0.241871314008182,0.24735031731413543,0.25904811092289853,0.50012565,16.461933,0.23202096,0.23934329,0.28994894,18035,0.02063084290709527,0.30237736100476553,0.009850354750102458,0.008007031753527516,0.030900829354201076
model,145,0.9104504275588092,15.12084119961201,0.21422815305258627,0.23557991892818533,0.5891335053380939,0.9027792,8.970675,0.25184458,0.278499,0.4988706,51254,0.007671206024080224,6.150165731167185,0.03761643188927774,0.04291908829685129,0.09026289414729805
model,139,0.8597054260924555,17.414251914847547,0.6616553646145331,0.6639330502618468,0.16043536458010174,0.7681416,18.334352,0.8197346,0.8252538,0.1902688,20962,0.09156379878074894,0.9201005784385856,0.1580792087497247,0.16132073439467787,0.029833435082488285
model,141,0.37280343456041554,27.1672611867098,0.31777381523965714,0.3286664100630638,0.37231684732851694,0.3930655,25.216278,0.33799875,0.35717443,0.4834872,55846,0.020262077619912833,1.9509831105379263,0.020224932585965416,0.02850801625415117,0.11117034148755361
model,150,0.021110420899099785,30.60344039544727,0.9673988899456878,0.9677616549749045,0.06383277176943851,0.070121095,27.556084,0.96538943,0.96554184,0.038153097,17827,0.04901067368536524,3.04735671624805,0.0020094594227690887,0.002219815375295142,0.025679674735937838
model,148,0.74876088562073,15.717710826209554,0.28189963671281415,0.28673635924778584,0.2445779356018901,0.6634564,18.851463,0.2600071,0.26329082,0.23805518,288,0.0853045052534509,3.1337524916615394,0.021892523494506655,0.023445536741834916,0.006522751118361952
model,151,0.4088231317626039,28.58846346424635,0.4932493523645014,0.49581458367397374,0.1980244182819963,0.4973401,27.58751,0.5062406,0.5076567,0.15230675,42200,0.08851698116197193,1.0009543089729114,0.012991253943481995,0.011842109784583388,0.04571766786524062
model,147,0.40045118941495433,24.81895744994306,0.20591674233834084,0.21778097540232863,0.39232313716479894,0.53644776,21.155361,0.22251806,0.23083885,0.38375568,57139,0.13599657402803883,3.6635962744059505,0.016601314292747416,0.013057874738242964,0.00856745326587316
model,152,0.120869804939019,28.64596908523789,0.27865569485926917,0.28018334590149035,0.13644199164986992,0.17702001,28.349092,0.28710875,0.28924185,0.1408743,50369,0.056150208393347945,0.2968766017173827,0.008453054291960693,0.009058504474638795,0.004432304776903151
model,155,0.9287157243375993,15.541784075295531,0.242803175234829,0.25042070472859673,0.30287407868323313,0.85445946,18.22089,0.25985387,0.30349293,0.42551678,1539,0.07425625978758099,2.679105969870484,0.017050694441760966,0.053072228783137276,0.12264270550789846
model,156,0.9064706356920992,12.383322688645542,0.37721960383911907,0.41194319108258626,0.5946638659865071,0.84594667,15.744453,0.39838147,0.42650217,0.5314537,52379,0.060523966113546934,3.361130741530239,0.021161867794792066,0.014558977095972092,0.06321013731066483
model,149,0.6899933906475907,18.008353366356506,0.2299050941154784,0.24460202096057362,0.4709169879328824,0.79485834,15.779094,0.2263196,0.23980963,0.39517897,54183,0.10486494580107875,2.2292596239859,0.0035854979440993195,0.004792388659243058,0.07573801425810822
model,157,0.9178455000858197,9.461966057401668,0.37029811359477,0.3822802115095106,0.3660729900426188,0.77376485,15.272466,0.4046297,0.41623184,0.3413217,68642,0.14408065137671322,5.810499648469914,0.034331593741655786,0.03395162933941215,0.0247512832707682
model,153,0.683606784228719,19.67267342234648,0.23186844178045773,0.25887408831382197,0.5381785996920179,0.7470299,19.496372,0.22233842,0.24333227,0.50226736,119874,0.06342311632212327,0.17630119944609035,0.009530018647561311,0.015541821506265818,0.03591123900476201
model,158,0.2995182028206077,21.039516273536332,0.24056675248182607,0.2449712794825274,0.22699995295417585,0.1847325,24.587997,0.29889354,0.31951642,0.38287804,139498,0.11478570608217387,3.5484811629871054,0.05832678861581492,0.07454514088185249,0.1558780823527547
model,162,0.9293838305613618,16.305913151926454,0.2502665248718937,0.25692990023078194,0.3456945189555116,0.9084822,17.564554,0.24044713,0.24926578,0.3240329,42803,0.020901636614523378,1.258641062551085,0.009819391092367957,0.0076641251462863935,0.02166161623792129
model,154,0.03304443494905563,24.973686193189906,0.22739186244106477,0.23399075625053187,0.24732417521389638,0.2259466,22.633484,0.22624949,0.23233566,0.24709448,110298,0.19290217025648027,2.3402023064711557,0.001142376233102732,0.0016550993691994698,0.00022969303043995914
model,160,0.12510195466484117,24.998734579267907,0.5044528241296425,0.513788540801443,0.30672414149518595,0.16614236,25.79963,0.49021357,0.5076604,0.3123826,127469,0.041040404711112505,0.800894632157874,0.014239251150669152,0.00612815185490978,0.005658467156928915
model,163,0.6610933373951122,23.47205628628508,0.2408186748211763,0.2705423488766937,0.41972974512497163,0.31125742,22.369558,0.26200303,0.36804664,0.71938926,1459,0.3498359154247448,1.1024979519344953,0.02118435953207992,0.09750429247309877,0.29965951469024443
model,159,0.9095824996415579,6.437263891521738,0.2870108572438645,0.2981052744472067,0.3140952799652896,0.8747653,5.966621,0.23841435,0.24276061,0.26273558,1502,0.034817222732683395,0.4706429694331149,0.048596510072081045,0.05534466088653012,0.0513597045277438
model,161,0.9585134909070998,5.24196288982067,0.2689179445952954,0.27582247195982684,0.21918858966619992,0.9592159,5.5796895,0.26853508,0.27953848,0.30148184,43268,0.0007023885332078095,0.33772661289539485,0.0003828670234264919,0.0037160104677702033,0.08229325332849002
model,166,0.8263168404190321,15.320695010552022,0.2243558716625437,0.23678509137067202,0.39382714661631607,0.87527996,14.113092,0.21014732,0.23421419,0.47727737,102649,0.048963122597477926,1.2076025880666705,0.014208550438331052,0.002570904702276028,0.08345022169079758
model,165,0.6210897785042049,13.841994966579158,0.3062291899434849,0.3161476354973186,0.337455040075171,0.6306602,12.79828,0.32826695,0.34460637,0.3558489,46663,0.009570397772955763,1.0437152043110913,0.02203775851804768,0.02845873423649181,0.01839386834920642
model,168,0.9721880090769838,8.171172336462718,0.2359527548440441,0.24747769108423776,0.373450816138674,0.9634831,9.824373,0.22221565,0.23145387,0.34987503,129278,0.00870491390791639,1.6532009087765402,0.013737102378223787,0.016023825317712487,0.023575783236910064
model,169,0.9515726468498098,6.307627221097327,0.29491234647280606,0.33215218176761924,0.4254580010646013,0.9512185,5.435145,0.31485316,0.35973653,0.40417278,88135,0.0003541610175954446,0.8724823198216924,0.01994081510060397,0.027584350205265895,0.021285222935023662
model,164,0.37065444485842536,22.87442116199472,0.19950863776210442,0.20580300692252704,0.3197451986237815,0.4174658,19.837389,0.21155006,0.21506488,0.22330345,68069,0.046811361148959896,3.037032169685151,0.012041419172252266,0.009261876309589662,0.0964417464896491
model,171,0.33196167509531993,26.02369335125755,0.39021615787987063,0.45336665539371385,0.558043808472736,0.26585367,28.249697,0.40244472,0.4884497,0.5374531,95843,0.06610800187563914,2.226003380309834,0.012228562388378883,0.03508303733242141,0.02059069348631637
model,172,0.5955485013977606,23.071199852811116,0.47830700272041876,0.483224285862369,0.2594992134451535,0.6105009,23.13431,0.55489653,0.56111866,0.22003186,127898,0.014952370737401743,0.06310991586564185,0.07658953076880853,0.07789437649496134,0.039467355954613925
model,174,0.924065209131626,6.611547545470451,0.45297914538156225,0.45569557483019557,0.1323212127689056,0.920569,5.976424,0.45569226,0.46005416,0.15364957,116898,0.003496206503299626,0.6351233282463298,0.0027131160758809836,0.00435858433423314,0.02132835578883366
model,167,0.056133331666106304,26.435491924664706,0.35740414408466387,0.3620176758578579,0.23732179381482815,0.055500045,26.757128,0.36788923,0.3722383,0.20740405,23918,0.0006332862473669848,0.3216358371761139,0.010485081398276808,0.01022063233344156,0.029917746564080472
model,170,0.12538767774571052,29.02886076381514,0.33059442377053905,0.3321828850104633,0.16169066348160607,0.17418015,27.298477,0.34834108,0.3515214,0.19718997,83412,0.04879247228633293,1.7303835909635765,0.017746653795607803,0.019338517586964088,0.03549930832301276
model,177,0.27188404259810883,27.803184512343993,0.8338543803363146,0.8348661119554766,0.09168892163253192,0.3774842,25.969688,0.8260946,0.82788026,0.13646677,11502,0.1056001597868399,1.8334960968166492,0.007759752955943555,0.006985848626924307,0.044777849731680114
model,176,0.966181888119213,5.229915267947966,0.3743756342222994,0.3890359722035633,0.32847741607174774,0.9371833,4.2727866,0.37492657,0.3836945,0.28719553,59051,0.028998567596904667,0.9571286506689134,0.000550932855337305,0.005341472472499442,0.041281882557724914
model,173,0.5832267316188433,22.415991431917263,0.319988145916197,0.3377528297308985,0.46312445750007514,0.6201903,22.282326,0.27630904,0.28633088,0.39370427,131660,0.036963590780296096,0.1336656872883566,0.0436791027471754,0.05142195099630986,0.0694201921440113
model,180,0.2484941498537175,25.2909680686333,0.3061657496722757,0.3240745850231084,0.37306077754241507,0.37032053,26.036715,0.31001493,0.32229596,0.3179883,51618,0.12182637889193373,0.7457464851997067,0.0038491836754263042,0.0017786212589177008,0.05507247125846426
model,182,0.9926063031328838,5.8612782174523375,0.18557995016166037,0.1970728913469307,0.41317136037597085,0.98323125,7.293705,0.18892466,0.20418373,0.38552797,99602,0.009375056661478753,1.4324267691199282,0.00334470515659982,0.0071108361558921696,0.027643391969293607
model,178,0.21134990128046566,25.884081891337733,0.270552121844802,0.27220825696666934,0.17776094025835457,0.15072244,28.104229,0.29563823,0.3006917,0.21228768,42254,0.06062745722300106,2.2201470820509392,0.025086111578431047,0.028483437054555638,0.034526739056258776
model,179,0.9510894251652209,4.064549215484021,0.37734990293537657,0.40252799520737254,0.3478772378087751,0.9381767,2.7796597,0.34425157,0.36166787,0.32354036,46132,0.012912733633085871,1.2848894674066287,0.03309832984959166,0.04086012373215281,0.024336878073286217
model,184,0.6418594831016426,21.97875601187586,0.5026236197961285,0.504411662153696,0.1482151403824997,0.67017376,21.726582,0.42676258,0.42880788,0.18695776,41623,0.028314281127178154,0.252174438389531,0.07586103892454643,0.07560377769896887,0.038742621262817384
model,175,0.26121040380394267,26.53345283037551,0.24060584803874566,0.2602271024728307,0.4172215967794493,0.4368854,27.196178,0.28598428,0.30417836,0.3518146,62291,0.1756749829014559,0.6627256059037876,0.04537842968647407,0.043951254651497906,0.0654069989343718
model,187,0.9357745544392959,10.150936964045961,0.30273853720955163,0.30630044603631634,0.20293763073344925,0.87789935,11.328646,0.2570406,0.25945377,0.17801166,5920,0.05787520570348659,1.1777087421307968,0.045697947161715324,0.04684667253778119,0.024925974925954136
model,183,0.8671509113673183,19.311401031597125,0.2795160549596609,0.31550419716463657,0.5391927041430467,0.97444177,9.519079,0.24165972,0.26373178,0.49248752,67695,0.10729085537157335,9.792321823223102,0.03785633918798581,0.0517724194966373,0.046705184163569724
model,185,0.14016899099917626,21.50113714340547,0.2718340783630048,0.33362929571042815,0.691013667343871,0.17347693,23.181128,0.24559449,0.3122152,0.71904093,67410,0.033307943433807136,1.6799904048123047,0.026239591768804693,0.02141408670316497,0.02802726292727764
model,181,0.9563529938639104,10.007572682604888,0.316855637414515,0.32150952789035436,0.253356877103066,0.9761339,12.398172,0.26405317,0.26692203,0.19055498,67014,0.019780889135509794,2.390599695935151,0.05280247150188683,0.054587501017719475,0.06280190063974811
model,190,0.24996584463093724,25.850944612844135,0.6778729469915983,0.6786468503632654,0.10120816033917333,0.42721227,25.1097,0.76693326,0.7684736,0.11646682,125615,0.17724642348315273,0.7412453635765566,0.08906031535657677,0.08982677481984003,0.015258659900847418
model,186,0.3410919066007165,23.78582143034574,0.27939328359774224,0.2925517767649836,0.4231472360400012,0.40926892,23.096407,0.22079779,0.23269965,0.39379376,57821,0.06817700905251228,0.6894144937002338,0.05859549152067772,0.0598521292191691,0.029353474309807115
model,189,0.523591402726264,26.046769700705973,0.4038876229096815,0.4056390161375011,0.17989955544698386,0.6421041,24.806776,0.38167205,0.3842057,0.19629765,122404,0.11851268653383729,1.239993653953043,0.022215568380491435,0.021433317170521105,0.0163980901218638
model,194,0.061438111883348204,29.09843355047344,0.7921317285490153,0.7930874869763131,0.09916742980508599,0.21902457,28.33867,0.8564889,0.85750955,0.09974089,49295,0.15758645691280965,0.7597628198826207,0.06435715494631555,0.06442206645615145,0.000573462843610914
model,188,0.47700603534653213,27.67036571815222,0.5121346762644035,0.5125551362096744,0.0968058209477256,0.4099868,25.91455,0.54621243,0.5467785,0.09397277,70264,0.06701924135162857,1.755814936902219,0.0340777585042733,0.03422336387043423,0.0028330485878775707
model,196,0.2713536345738891,27.636139418635924,0.34692809012854164,0.34870001806433604,0.16298228178274063,0.5333079,24.617947,0.33726513,0.3399275,0.19957608,24276,0.261954275391626,3.018192793880065,0.009662956270814593,0.008772523538426613,0.03659379806268784
model,193,0.9854772331527406,8.796807453589011,0.30967323803016433,0.3255793191945204,0.45039889202370925,0.9666059,11.439846,0.36922804,0.3845366,0.4353785,100008,0.018871331434600958,2.6430385852293483,0.05955479718139878,0.058957274957930184,0.01502040014519973
model,197,0.22336634037322833,26.55887094053554,0.5667542454829445,0.5686977261950721,0.1631034571240837,0.18479988,24.577337,0.6083756,0.6118201,0.20934775,53983,0.03856646058387592,1.9815336755208932,0.04162136343810652,0.04312237554290399,0.046244297592789474
model,192,0.95421741444678,9.48500628418536,0.23283602325038238,0.2502120994754003,0.4212476695640983,0.91231287,12.093957,0.23634078,0.2517658,0.3823296,4980,0.041904549189516804,2.6089506631413,0.003504752835471192,0.0015536881260706514,0.03891805659374614
model,191,0.11489987539239876,22.32984157959608,0.20598218098259072,0.21255089022977966,0.3484442314643031,0.09353386,23.870848,0.21282002,0.22480519,0.39727622,61615,0.021366016735515525,1.5410061224302858,0.006837842315672832,0.012254300929468692,0.048831991241537975
model,195,0.8993296196902488,20.199816259377506,0.3327908392964234,0.3378177502423956,0.25708588602897636,0.95940125,16.17942,0.33367944,0.33721516,0.24706848,82382,0.060071630195310255,4.0203957881861,0.0008885983409057108,0.0006025948793126901,0.010017406371803206
model,200,0.9126862360506688,4.158838226922207,0.2869946970597095,0.29542961972815407,0.33641613769472173,0.91785604,4.7940564,0.28115964,0.2912199,0.3271654,76666,0.00516980156606095,0.6352181886356547,0.005835057701188973,0.0042097296105088056,0.00925074267328313
model,201,0.08234625453028321,30.88659645327127,0.32405086437344766,0.33729464278968035,0.3098569385291529,0.031251553,24.826643,0.29425612,0.3056174,0.28451583,79555,0.051094701084228755,6.0599534631589655,0.02979474345326638,0.031677250726539485,0.0253411106349421
model,198,0.4262537759320549,23.480561312221912,0.32980885935250553,0.335953814079235,0.21234216796173788,0.5756875,24.135557,0.27257717,0.2769333,0.21184646,92812,0.1494337517245003,0.6549958624607051,0.05723169279519352,0.059020501663158365,0.0004957120300743689
model,203,0.8554810130965338,14.715078803956587,0.21522822510829445,0.21999767979178966,0.26077933609695075,0.84077525,14.30075,0.21515587,0.22222431,0.30185437,73404,0.014705761707983989,0.41432902520902815,7.235538592811896e-05,0.002226630248684275,0.04107503592758538
model,199,0.8418687074305048,17.284313608139044,0.2954028842543021,0.3639671973506101,0.5813223139340191,0.7944265,16.446856,0.2887997,0.30435038,0.35470855,136517,0.047442206633233064,0.8374580630950987,0.006603181133116809,0.059616821221459726,0.22661376157348445
model,202,0.4067520551968383,20.40822081587307,0.3751993090624932,0.37841612381610656,0.17653242132604186,0.28820732,19.60513,0.2335871,0.23656078,0.22775514,117461,0.11854473283775324,0.8030915739297093,0.1416122079606179,0.14185534698638702,0.05122272291243013
model,204,0.6142120138859253,20.950735010969886,0.38828947415432336,0.40867988206558026,0.35614776974524837,0.38218084,19.519865,0.4165194,0.46556637,0.37398532,93290,0.23203117410893248,1.430869974959144,0.028229929303318246,0.05688648484535419,0.017837550584417772
model,205,0.5322587029629456,19.514738811288847,0.591106701942462,0.5934836038137113,0.13888426719012426,0.4991929,19.237764,0.42686492,0.42910475,0.15040667,60388,0.033065809457849205,0.2769744527683393,0.16424177989580058,0.16437885842568034,0.011522406360481519
model,208,0.7515779413473574,20.205700159922063,0.20733648710573008,0.2212918341739835,0.4509434095142445,0.5218997,24.327305,0.22080491,0.23131151,0.3985246,73576,0.22967824118256253,4.121604680165827,0.013468427726385096,0.010019680799656955,0.052418797325905264
model,207,0.5422787257418561,20.01342266215511,0.5290367875274211,0.5309438864904774,0.14623662997616602,0.6337114,18.721075,0.5062929,0.5074835,0.11481538,137789,0.09143267190600157,1.292347604171713,0.0227439079459697,0.02346040412963757,0.03142125327719522
model,206,0.5128439579629895,16.00152627386744,0.3433755048298905,0.3496346404936938,0.24367271205534302,0.5038399,15.150395,0.34107965,0.3478903,0.26401186,138453,0.009004047932624548,0.8511308804958588,0.002295852520472763,0.0017443528559832333,0.020339147838455807
model,212,0.9557087209757071,10.349948747588172,0.24648744099647424,0.2601753654380135,0.4133604274679137,0.922102,12.47795,0.25534257,0.26792622,0.3647414,74392,0.03360674648840245,2.128001348542199,0.008855131931000737,0.007750850687474775,0.04861901268252855
model,209,0.9755163922908675,9.046932857242375,0.31756940238071446,0.3318582533243344,0.37637723037774784,0.96925884,9.788651,0.29172635,0.30962852,0.3831538,65699,0.006257547438419997,0.7417186091272541,0.025843051596412703,0.022229736888711216,0.006776565818236047
model,213,0.9754301780958714,8.127296312706655,0.5672588292617881,0.5708319450018616,0.19587154792167377,0.9525448,9.497598,0.669496,0.6802452,0.2390646,27582,0.022885369708115055,1.370301381690318,0.10223717055129178,0.1094132756593017,0.0431930561222868
model,210,0.235862349928576,24.213965369939956,0.2800408681834423,0.28345516563646855,0.19829890090126565,0.09494855,25.680159,0.2657775,0.2686766,0.18744282,131957,0.14091379737969065,1.4661932451723487,0.014263369699784478,0.014778556835580492,0.010856076656766439
model,211,0.14137034398581233,29.649250714219118,0.572343608530953,0.5739714159731882,0.13537590566912652,0.09700054,29.897211,0.5346303,0.5360146,0.13757811,56838,0.0443698046829864,0.2479603606099836,0.037713309916451054,0.03795679948377784,0.0022022091980838654
model,214,0.022306995111144423,24.330788741085165,0.29344570990511476,0.2979563497139755,0.21302327471379684,0.022575999,26.11699,0.28480977,0.29009497,0.22421275,39616,0.0002690035676590208,1.7862003946570226,0.008635941705194106,0.007861378057176183,0.011189476078706517
model,217,0.35342698253697713,19.605850027795668,0.21840075795010355,0.2238123061578646,0.2924512199048037,0.31246853,18.686245,0.22260462,0.23056856,0.30568507,124660,0.040958453789418536,0.9196050631960588,0.0042038595263597656,0.006756251819811793,0.013233853232479609
model,216,0.8697020066362307,15.318752728112727,0.4440145907365398,0.4465575390694357,0.1628927774384617,0.89664364,15.457788,0.41100755,0.41481394,0.19530971,3750,0.026941631974609193,0.1390357392944992,0.0330070373975353,0.03174360331275233,0.03241693604439505
model,218,0.8305163052182866,20.202518857335857,0.6120189926482263,0.6139547341513729,0.19859801461041687,0.6954102,23.035995,0.61984855,0.6221708,0.18806607,58244,0.1351061132054997,2.8334766260625806,0.007829556717770969,0.008216071779718392,0.010531949298984988
model,223,0.50876709456189,22.259527765469073,0.3531300222156901,0.4219589610110841,0.577243045660425,0.9441092,7.9127345,0.2731104,0.30915132,0.4763951,1072,0.43534210686938446,14.346793256954669,0.08001963250621746,0.11280763936153271,0.10084794530527663
model,222,0.5652815097419285,21.39145432607689,0.36457361920521725,0.36728319657071945,0.18596718697015804,0.47545728,19.119091,0.3490778,0.35220948,0.17081214,51030,0.08982422886767616,2.2723632921413426,0.015495828229646569,0.015073717954004973,0.015155042094631616
model,221,0.26465129207332505,28.654891571585427,0.2540418690860434,0.26014164125772704,0.2576728695682067,0.22036391,28.427147,0.23846011,0.2458106,0.26518774,35316,0.0442873771067418,0.22774465996433335,0.015581760448233672,0.014331043122732534,0.007514870757721059
model,219,0.40688690532417554,25.93954447203848,0.29659849779689723,0.30424995036650065,0.28529370749754707,0.66224164,24.630816,0.29796034,0.30647868,0.33943483,22477,0.25535473238258105,1.3087289660570356,0.0013618431798178565,0.0022287288136446093,0.054141124836971366
model,215,0.9535749268668597,7.430340955913415,0.6009949670941903,0.6092692035747991,0.25868742847614634,0.98219115,6.200924,0.6923044,0.7000263,0.18214685,118498,0.028616218553214723,1.2294170362356809,0.09130940569328527,0.09075707015261791,0.07654058122806895
model,224,0.913488001128181,15.257954810265836,0.23572935262770622,0.26283357562863385,0.7197779428647346,0.83115256,17.963335,0.24856496,0.2796273,0.6282146,43252,0.08233544280145977,2.705380226965609,0.012835605944681472,0.016793717719678525,0.09156334516270825
model,226,0.06618876425763358,21.949585584965625,0.2124337700488569,0.21702916866176325,0.20554967171786068,0.08373386,21.750286,0.23191199,0.23914018,0.2567246,100627,0.017545092420375455,0.1992994826707033,0.01947821701741201,0.022111014071772517,0.05117492430569889
model,220,0.17869053005819824,26.680366012661374,0.3068439667111028,0.3211593468733876,0.36531335946344023,0.33128765,20.73046,0.29129928,0.33917317,0.49903515,22625,0.15259712219590638,5.949906799404538,0.015544683206616727,0.01801382107056687,0.13372179034925813
model,229,0.06985290125316362,32.477787146296436,0.38504275889577594,0.39940683477801375,0.3125473605994029,0.07289079,28.077456,0.38031256,0.3924869,0.29339442,41521,0.0030378870635630606,4.400331625666553,0.004730196906945372,0.006919934686842488,0.01915294402873946
model,227,0.9805203436528853,3.347645470293628,0.3272337914791189,0.3887780589961773,0.4487223815761896,0.39124614,25.54052,0.59793234,0.60088986,0.16352816,2721,0.589274203649681,22.19287424406184,0.2706985472354807,0.21211180258753243,0.2851942223154398
model,230,0.10151266206425698,26.26914524646875,0.27453177111985894,0.2804799765834008,0.2643405758337285,0.13931303,23.992552,0.290519,0.299823,0.2844439,62517,0.037800365198430705,2.276593442879882,0.01598722797987251,0.019343009542545253,0.02010333905656081
model,225,0.8676145181091539,9.119376614916725,0.260766785060553,0.2715536775272644,0.3590554010903308,0.7710879,11.999344,0.26896265,0.28558514,0.39653227,122611,0.09652663320619981,2.879967257153588,0.008195866430612153,0.014031457694216931,0.03747686624174623
model,233,0.11179198967999754,27.45006542846209,0.3622569380236525,0.3638388744482226,0.15405623889678427,0.16406295,30.972347,0.4185848,0.42051584,0.16478589,32688,0.05227095735483828,3.522281831059395,0.05632785578242355,0.05667696083696416,0.010729652874532258
model,228,0.08688976694411199,25.98426942610309,0.35699347202087783,0.3590855685208917,0.18362842962894763,0.07997736,25.063278,0.37589064,0.37932542,0.18083556,24569,0.006912403596104788,0.9209912278609025,0.01889717038367844,0.02023985114349125,0.002792869664767633
model,231,0.6311315912043091,21.4272544247507,0.3170769011508733,0.3253910924279998,0.2725164461597406,0.6362742,20.406773,0.261379,0.2719739,0.33112547,17066,0.005142627354956075,1.0204818112253093,0.05569789762609301,0.05341718448045951,0.0586090218559302
model,234,0.7945201546657928,22.30895167491587,0.43786810832347367,0.44369927488880023,0.3368178161219689,0.4917091,27.438684,0.42513898,0.42835578,0.24036537,91789,0.30281104154476013,5.129732788585105,0.012729128173250892,0.015343491664694398,0.09645244501391381
model,235,0.9303735199015521,13.958852957643117,0.19713834210196848,0.23906120663729016,0.6676461819056143,0.91147655,15.363368,0.19837642,0.24767542,0.8043472,13028,0.01889696741513247,1.404515076719676,0.0012380750580656963,0.008614212216469602,0.13670103517736298
model,236,0.059394480578600806,21.60089028935297,0.20618578302160226,0.21328229299992477,0.2726013532809882,0.044724163,23.031775,0.21503708,0.22414741,0.28810146,70948,0.014670317910611075,1.430884231521052,0.00885129464372672,0.010865116200743569,0.015500111228975766
model,239,0.1888689812230315,27.782265315511765,0.8643956225087668,0.8661034813699681,0.12885070769666848,0.44862574,26.42577,0.6325838,0.6380062,0.24677007,105157,0.2597567621660981,1.3564955096035618,0.23181182553076995,0.22809727104281963,0.11791936130643668
model,240,0.07353427458178763,24.383606689840008,0.2307453169028347,0.23243988505896454,0.17097611461452128,0.079751275,24.599041,0.22688648,0.22869721,0.17098586,108248,0.00621700089800592,0.2154342952674142,0.003858835856158066,0.003742674508656313,9.747998203024633e-06
model,238,0.12052067138142734,24.660736455820167,0.2699548027616029,0.28510875801846464,0.4548238933046978,0.14918949,25.68636,0.2929502,0.30875295,0.43659955,78181,0.028668815718220178,1.0256229496974107,0.022995410193871968,0.023644195987730432,0.018224340673319628
model,237,0.5420985467228295,21.487078962200734,0.39173395026473984,0.41921873021344125,0.34679068403430935,0.5405529,22.52343,0.34466538,0.38059124,0.35471535,28223,0.0015456325802208903,1.036350908404735,0.04706857193260178,0.03862748670796334,0.007924663255729714
model,232,0.3003675057460147,18.43282608139569,0.269832880192633,0.2777156346236825,0.27050858489138574,0.29394087,21.852108,0.2483825,0.25417295,0.24930929,91418,0.00642663379205044,3.4192819203132956,0.021450386339063987,0.023542683640634998,0.02119929841620416
model,244,0.986720660075289,4.767000131928505,0.2513489192799952,0.2804203095836049,0.46114247116484575,0.97604,4.076639,0.2797953,0.32368872,0.56989783,16512,0.010680654391390099,0.6903609565134659,0.02844636975961662,0.04326840611272992,0.10875535932145186
model,243,0.9507734526836961,13.577334427704088,0.26045308092565683,0.2769543070735949,0.45932320533726384,0.9736238,12.105621,0.29644313,0.31168774,0.4676204,100731,0.022850359514942853,1.4717130898134627,0.035990053620623075,0.034733430629728446,0.008297197237275344
model,245,0.9681517981593115,10.441113281308866,0.2177262405212311,0.23490652506325588,0.5176843067083071,0.96457726,11.064753,0.20988674,0.22788495,0.4876974,125001,0.003574540526102288,0.6236392974264859,0.007839495902815269,0.007021576809624286,0.029986914006204457
model,249,0.22427981641777275,28.31932774516586,0.2603309991168431,0.2746797928047179,0.38360163774479417,0.34231502,25.90376,0.25250646,0.2626259,0.3366831,31376,0.11803520175925972,2.4155668351316812,0.00782453439707076,0.012053889913558824,0.046918543243298805
model,248,0.49152027343468346,21.931261354231,0.24023218563966942,0.26876380300773045,0.4982034647703827,0.5286346,21.211502,0.22244284,0.25232762,0.56189287,135254,0.03711433435721717,0.7197592790356886,0.0177893500702877,0.01643618202460667,0.06368940231793518
model,241,0.9474835143301988,8.54903500153555,0.45721302366396405,0.5230556232809364,0.615453770779226,0.9245767,9.835166,0.29755396,0.32644728,0.38868377,103589,0.02290681459646471,1.286130975942477,0.15965906715532757,0.19660834501975166,0.22677000465259334
model,246,0.5616850312833845,20.864219757075784,0.17942052316388393,0.20202233245209897,0.5979060923476378,0.81628245,17.2654,0.1774206,0.19805776,0.61438125,99304,0.254597419869417,3.5988198242144556,0.0019999219151427827,0.003964576624195221,0.016475161371692026
model,250,0.5426303835462012,22.17510657215819,0.23296978588709136,0.24651001395511532,0.4287903477824249,0.59944224,22.630375,0.2234351,0.23458858,0.3840917,43095,0.056811860029848615,0.4552683362890768,0.009534681993811328,0.011921435611723902,0.04469864269857787
model,242,0.5037902024555326,26.277760638075318,0.27469910334890685,0.333368964945361,0.5244333706758507,0.5976879,22.338085,0.2626575,0.3146407,0.52752966,8463,0.0938976976108431,3.939675463514771,0.012041609996016833,0.018728264128252847,0.003096286211203725
model,247,0.6976493362438789,20.625627818215328,0.27751553699939807,0.338229641224014,0.6020724588035972,0.8557076,14.390379,0.30840245,0.37506026,0.5678094,59368,0.15805824956773606,6.235248866188961,0.030886911893195312,0.03683061907185392,0.034263055860939695
model,251,0.4771454273036682,23.754569098825637,0.2953223700691905,0.2969110751168012,0.17943786766894662,0.503693,22.85769,0.29215786,0.295182,0.21559742,94578,0.02654755727732544,0.8968782876684109,0.003164511459037289,0.0017290854470013994,0.036159553261915806
model,254,0.9169444274462941,10.390666625633202,0.38197274610076776,0.3912792605248494,0.3201183260701862,0.7968547,18.645573,0.49175027,0.4992052,0.25957227,14240,0.12008975263016253,8.254906036720314,0.10977752402748236,0.10792594133939315,0.060546058537837566
model,258,0.9256959828004728,16.074671646880915,0.21610213564137648,0.22952620636379834,0.43389409353507785,0.9824236,9.724348,0.21044233,0.23029381,0.51846653,33477,0.05672762073422566,6.350323578643611,0.005659801227848038,0.0007676040037858933,0.08457243869529935
model,252,0.8228325035841859,13.041325354411171,0.2427754557030219,0.2512925846019233,0.3149374210087203,0.8442917,12.085671,0.24455297,0.26482847,0.3846271,54985,0.021459183427532835,0.9556539295454485,0.0017775142295342605,0.013535888727620793,0.0696896827968217
model,253,0.8812305466023368,13.25250138464903,0.26026538125635323,0.2761966500926456,0.4480037940369614,0.72779435,16.673859,0.25857168,0.26630026,0.3865754,13421,0.1534361974087638,3.4213572579290954,0.001693696895849084,0.009896389071985201,0.061428393207646204
model,257,0.6274239613137753,25.087052306396544,0.28565193734274963,0.29030178334833484,0.24794650415813935,0.5782253,22.619211,0.30117878,0.30450645,0.2280414,36940,0.04919864669661833,2.4678411094971295,0.015526845835579839,0.01420466754315991,0.01990510861313355
model,255,0.5867930496409133,21.115918047340752,0.2538475680706329,0.27110533946070486,0.41028496285413285,0.7083659,18.70371,0.24550048,0.26725075,0.51385146,48132,0.12157286756489727,2.412207491310479,0.008347092902404762,0.003854592972133697,0.1035665009405754
model,256,0.7030157839704434,18.35285101124367,0.2145678028779806,0.23136867983287107,0.5335519921480687,0.9134295,13.021815,0.21295598,0.23470072,0.5485922,57668,0.21041371470204195,5.3310357112558755,0.001611821384984391,0.0033320446496652445,0.015040217667910305
model,260,0.628042844192332,26.11412293772255,0.3429484768910592,0.3458281793788452,0.2626712089716473,0.5971405,24.50838,0.32135475,0.32503062,0.2820252,38779,0.030902353183573483,1.6057420478299704,0.021593730072516693,0.020797554512359595,0.019353979235979035
model,262,0.042150290020128496,25.679011691003776,0.6232118222016017,0.6253866027093754,0.1756519853839691,0.020702537,28.997772,0.7701232,0.7711211,0.13712277,24873,0.021447752870937593,3.318760525793099,0.14691136152566275,0.1457344819807186,0.0385292202005203
model,263,0.8895777048321456,12.458553796123084,0.303438854380891,0.3195210525706489,0.4124283384248532,0.8966085,12.671608,0.39034554,0.4013261,0.36303815,51934,0.007030767038276764,0.21305417506832214,0.08690668924207956,0.08180503752677848,0.049390185968569644
model,259,0.8000944063171156,18.183864569671297,0.21751835822894597,0.24004185313349716,0.5445659822582043,0.9172222,11.376332,0.21989527,0.29873827,0.8243051,52426,0.11712779550707264,6.807532286651277,0.002376915218090775,0.05869641786450394,0.27973913487207525
model,265,0.8595574351364115,14.582254046033327,0.2772245057280562,0.2909504960940937,0.2813172232693899,0.87256724,11.510583,0.26516834,0.28399855,0.28436866,31062,0.013009801287080958,3.071671122144167,0.012056166714002836,0.006951947109566092,0.0030514407568704716
model,266,0.2834415171662528,25.514130695006525,0.525812887191459,0.5336468059050127,0.2098849198436562,0.29948872,24.913795,0.44163948,0.4461289,0.2384472,50183,0.016047206111792833,0.6003352238151187,0.08417340421645292,0.08751790108552415,0.028562284388559678
model,264,0.0683540067701904,29.246755538969033,0.49447126839617866,0.4966546666664447,0.16063716631260813,0.052459534,28.339094,0.3252173,0.33479056,0.25707704,39532,0.01589447251254003,0.9076613769817286,0.16925396178225655,0.16186410904353515,0.09643987197550832
model,268,0.8297200277924488,13.671112155737696,0.27435666205287473,0.29097388533213425,0.43575787047468867,0.6832746,17.090548,0.26792148,0.2834196,0.40337574,8665,0.14644540106057624,3.4194354059078123,0.006435184496646096,0.0075542762623100335,0.032382125655047556
model,269,0.4542683335285894,20.824157052884818,0.2415167011049843,0.2558732662401962,0.34025626747547105,0.17031556,21.382309,0.22443794,0.25195977,0.3877402,76263,0.28395276984984796,0.5581519070761196,0.017078763964519517,0.003913495322303728,0.04748392732204482
model,261,0.9304124089350967,11.033789165473095,0.22661511881789648,0.25766592298222163,0.4589449526169815,0.8585684,14.2007885,0.25513637,0.29645187,0.52818686,91841,0.07184403859284205,3.1669993324517094,0.028521251840978035,0.03878594364451787,0.06924190508336642
model,267,0.30916329980813134,28.989435094005128,0.333567847822184,0.3370879302007095,0.18394074338558009,0.7044345,22.294357,0.26164585,0.26541677,0.22317527,36167,0.395271214237584,6.69507779420044,0.07192199430274432,0.07167115902723231,0.03923452895996282
model,270,0.9866452100021179,10.162487028283465,0.27222866716232486,0.27996535779165893,0.3339510387758079,0.9905427,8.425476,0.24991564,0.26711765,0.4856078,35307,0.003897499825305184,1.737010954064715,0.022313022635843227,0.012847708474871211,0.1516567640920815
model,271,0.899761345550478,16.16114540628587,0.18676942260173637,0.19751384124417765,0.40249972164832637,0.9666776,11.373203,0.18051122,0.19229783,0.42983165,3600,0.0669162605553264,4.787942128697978,0.006258201312101669,0.005216010066466159,0.027331932185062913
model,273,0.6524473557374143,24.272197608101614,0.4428699672016269,0.44550459875635584,0.19616007936562865,0.4112961,26.475035,0.37116262,0.3724164,0.13212761,4726,0.24115125631305212,2.2028371056435034,0.07170734403458895,0.07308819188646754,0.06403246653642028
model,277,0.7132698343817738,18.91012487585888,0.2272625840001435,0.23984800267140485,0.4088458447252807,0.7035127,19.36888,0.22432528,0.23307046,0.37396392,63301,0.00975710616750991,0.45875444237842444,0.0029372996383042194,0.00677753972928144,0.03488192246308891
model,275,0.6618895050239694,20.907826946877027,0.21798868050989426,0.2306335035428528,0.43038235676336645,0.50767136,22.754032,0.21536247,0.23122686,0.39781028,75375,0.1542181488227975,1.846205188132739,0.002626206187575225,0.0005933579340453854,0.03257207644033788
model,280,0.07558345456936971,26.461707475858343,0.3878450740659844,0.39408929849054297,0.23166876498170866,0.053582173,27.387335,0.38918698,0.3955653,0.2267816,81275,0.02200128172853605,0.925627347750055,0.0013419042741645293,0.0014760026893428924,0.004887158307514322
model,274,0.9906205951863535,3.7837162033317924,0.2556396422792267,0.3008574440228433,0.7059738531701744,0.98767126,4.3296614,0.2382341,0.27962372,0.5912923,40472,0.0029493391209848285,0.5459451659919381,0.01740553955324403,0.021233726953217458,0.11468153148819804
model,279,0.8886993600041107,19.99569641170383,0.431655393670065,0.43405338574179103,0.2056797988236487,0.87947303,20.354042,0.41001642,0.41278175,0.20789205,113564,0.00922632943694146,0.3583456415188273,0.021638976166708068,0.021271640546402237,0.0022122465550362957
model,272,0.5134277740146461,24.273977704222908,0.26292085232213075,0.2778604330217771,0.4931178513133895,0.34110647,26.640862,0.27078304,0.32109302,0.48733088,22106,0.17232129961507947,2.366883807007561,0.007862184625119617,0.04323258980155664,0.005786967572010693
model,276,0.8587514138152843,8.132073917698818,0.26643281009376213,0.27731177912114663,0.3597296588730569,0.87499845,7.6722603,0.26142305,0.29634565,0.42765832,72147,0.016247036463951536,0.45981363327499025,0.005009758736492842,0.019033872028603127,0.06792866060020969
model,282,0.15175160916314626,28.652090573427635,0.6941202343782512,0.696247952190334,0.17763284537502666,0.098473705,27.787012,0.7885107,0.7911142,0.14258045,10154,0.053277903811793564,0.8650784732079089,0.09439044582041822,0.09486625889212452,0.03505239579388042
model,281,0.9808230864360379,6.8626745899842945,0.3143421283036659,0.3553854283538832,0.5965132624368448,0.9785827,6.7831244,0.31473753,0.3415968,0.48362392,33040,0.0022404062106655687,0.07955014311539799,0.0003954002588798522,0.013788616344071802,0.11288934056565947
model,287,0.9599110296219892,10.44839678313891,0.18856335117953818,0.20980638968977963,0.5045362175849956,0.9724585,11.131249,0.19539723,0.21733171,0.51052403,75669,0.0125474521666461,0.6828526446564993,0.006833876823010038,0.007525317787789948,0.005987816915126509
model,278,0.6812830729774876,21.39190161639741,0.24247447375974732,0.27422417379013636,0.5188513955052145,0.3403389,24.13241,0.24628319,0.26130217,0.47656867,54225,0.3409441871933384,2.740508433041068,0.0038087147025100687,0.012922000652471566,0.04228272642448028
model,284,0.9519781741113172,2.5521378702496307,0.40266640080535887,0.4089363306480071,0.19816583541878036,0.94863003,3.9497595,0.38458106,0.39139143,0.23233356,64595,0.0033481391877637767,1.3976216130877717,0.018085341587905868,0.017544904323162747,0.03416772039882371
model,283,0.9214792661046277,3.137619258514661,0.3271393701699011,0.3404907500837386,0.38403511742644975,0.9169395,4.2195415,0.29325196,0.32434544,0.4232211,28013,0.00453976911060916,1.081922291167956,0.03388740870025081,0.016145310411268488,0.039185993871157676
model,285,0.6270124058774832,24.30174330422169,0.25293032256043946,0.25665744714241046,0.2560111917324499,0.5383165,25.504929,0.25300983,0.25603256,0.21325514,101396,0.08869591761149198,1.203185284645496,7.950338446105487e-05,0.0006248908470155579,0.042756054527326004
model,289,0.35004691591556725,19.482552760237287,0.2783786606267693,0.28062225232934107,0.1677676221656106,0.37279156,19.20243,0.28224108,0.28331393,0.1267166,103445,0.022744642588537367,0.2801220351396303,0.0038624156042335045,0.0026916777052963803,0.04105102329724056
model,286,0.2039392079611691,27.051204820667984,0.34432248973430757,0.3501281755711475,0.23384367810837536,0.13756576,25.181318,0.28689077,0.29042092,0.19157448,76265,0.06637344615658841,1.869886537586929,0.057431714769021314,0.059707255914393964,0.04226919399849682
model,290,0.9912986521615207,7.969803884280616,0.3759021895883424,0.38416846567184315,0.3096335067401126,0.9592784,12.128454,0.34557536,0.3493677,0.22845373,92865,0.032020247448843686,4.158650324093408,0.030326827144418422,0.03480075770408497,0.08117978116371183
model,292,0.9425627081648424,10.788979219794001,0.24381676656260368,0.2512510605337245,0.3594653453852209,0.95820147,10.146467,0.23355508,0.24389672,0.41561747,41425,0.0156387598260328,0.6425120109316964,0.01026168805613395,0.007354337740145378,0.05615212058767949
model,291,0.4945618961925566,25.434808828483593,0.2570953738548463,0.2604349385467108,0.23168559090495736,0.44090167,25.284513,0.25462192,0.25806665,0.22859465,46257,0.05366022931290265,0.15029535497285096,0.0024734508850282055,0.002368284341388527,0.0030909450471463817
model,296,0.9846849579965983,4.644016418357317,0.24108281671365134,0.27320434976279995,0.5636947032132081,0.9812167,4.9363704,0.24906309,0.28835976,0.54516137,123016,0.0034682293093118988,0.2923539544148994,0.00798027277628549,0.015155411475298197,0.018533336750500617
model,288,0.8357595909035126,9.794825404727327,0.29539964384964096,0.3040678413694346,0.28035485764962714,0.8090895,9.103118,0.27225062,0.28069246,0.251169,137408,0.02667010907291567,0.6917074619172681,0.023149021338730924,0.023375383216663603,0.029185861553969794
model,297,0.7272082465754762,22.170621881124184,0.656301541388817,0.6597511692798047,0.24338438438377305,0.6875048,23.04109,0.56519747,0.5686443,0.22414039,41918,0.03970341859924942,0.8704681304724957,0.09110407358486194,0.09110688407777834,0.019243993630027018
model,293,0.6797315644362862,22.88877669534218,0.44009487643697315,0.51469152687879,0.6862589526747597,0.6343021,22.703932,0.38604996,0.50838137,0.7699292,54336,0.04542948475870445,0.1848448868705006,0.05404492035367542,0.006310160149053723,0.08367021793376084
model,294,0.5768004130610962,20.098342901556936,0.23206471349887456,0.23657187109285263,0.25400919838978875,0.83460915,15.194866,0.2382669,0.24308197,0.25055584,68603,0.25780873782543945,4.9034767211370145,0.006202186682895766,0.006510100910130462,0.003453355274935843
model,299,0.11350386236104565,28.27222920643872,0.3268182033472055,0.33184237047641435,0.22371859385432988,0.10203388,26.510551,0.33324665,0.33710477,0.1958459,83289,0.011469979027839472,1.761677753802001,0.006428444964409474,0.005262397084544512,0.027872691888234907
model,295,0.28295514908171704,22.229313251415626,0.2536428970325563,0.26160132430789274,0.26438171066957866,0.20137583,22.813358,0.2420166,0.24741398,0.25468296,172,0.08157932188845685,0.5840450554691401,0.011626298450288564,0.014187346327279027,0.009698752543510547
model,302,0.4627568647275041,23.17352784868004,0.2546948142916973,0.26092994351710547,0.2943999759494725,0.5867815,19.040152,0.26382,0.2698244,0.2739238,118308,0.12402463704251543,4.133376252610702,0.009125178250569521,0.008894442125899904,0.02047616165275007
model,304,0.9101694767492888,14.277057860801236,0.2285687892831832,0.23559673860175004,0.3721714949973204,0.90485644,12.909215,0.2646462,0.2729385,0.37923038,14631,0.005313033344137463,1.3678428873515287,0.03607741304263773,0.03734175131219039,0.00705888506096819
model,298,0.9595628473505681,9.280787798713916,0.2866320159119087,0.2958447167112341,0.4222666638034401,0.961938,11.166701,0.29986548,0.3183474,0.4789732,116501,0.002375176216631636,1.8859135181195796,0.013233468325762221,0.022502677755166067,0.056706546054500595
model,303,0.1974842129092747,24.159692244135403,0.40183583705994297,0.40251977862382093,0.10426789282188466,0.14542727,24.447695,0.36044312,0.36110398,0.09438489,39536,0.05205694118552745,0.28800253430697964,0.04139272182556797,0.04141579689049879,0.009883006497478988
model,300,0.36693867473051067,23.053138950593862,0.2540066833749945,0.3421685902769953,0.8943926590745434,0.490944,23.12739,0.25164253,0.3019152,0.6454462,81192,0.12400532336786274,0.07425095724305208,0.0023641581789190513,0.04025339171246589,0.2489464777772411
model,301,0.8826240599089802,15.923993877494084,0.2951031822170447,0.36944025559716054,0.6436263394773538,0.923299,14.699223,0.30026478,0.3555695,0.6123233,98843,0.04067495465934867,1.2247713127968183,0.005161593535976561,0.01387074394516774,0.03130305532818389
model,305,0.23831539326970963,25.37867438722948,0.2513539053917481,0.2678020943718379,0.4329190606118937,0.3854943,21.239113,0.25528932,0.28744483,0.48869804,73046,0.14717889851266952,4.139561533225574,0.0039354107856200415,0.019642735568958014,0.055778974866698194
model,310,0.23298896491919488,27.952344220406346,0.4810586084499879,0.48162524232530224,0.10822659520873583,0.30567494,27.366968,0.5179925,0.51924,0.13638976,117528,0.07268597542847663,0.5853760654991191,0.03693388804049064,0.0376147793803252,0.028163166954426402
model,307,0.8735580449242323,12.799519784686701,0.2449169565888585,0.25510216840674055,0.2988656782436961,0.9102682,8.709953,0.25203067,0.26211572,0.29503158,33698,0.036710142598655904,4.089566476581233,0.0071137140539942745,0.007013548527463553,0.0038341008949869804
model,308,0.5602079750785138,18.95837457531369,0.3524386575095161,0.35999427771842246,0.3334479522088002,0.4348035,21.646608,0.211076,0.29017657,0.8920513,39362,0.1254044892081525,2.688233777347442,0.14136265121621927,0.06981770730292564,0.5586033273360301
model,311,0.2307296647112167,21.033126941525452,0.22987218411136898,0.2608021964970888,0.4752399814023329,0.25995806,18.83032,0.21972083,0.24762735,0.5050828,131305,0.02922839388444065,2.2028065832490853,0.010151358558428608,0.013174848789340388,0.029842804680888513
model,312,0.9559123427130471,8.038468532886384,0.45607822600995024,0.46538217040351876,0.2953375167132906,0.92470616,8.289946,0.41474327,0.4221024,0.2142116,36270,0.031206181690860868,0.25147706953060833,0.041334951559648114,0.04327977868370064,0.08112591867461721
model,306,0.9282356295677873,2.615425907495826,0.31854686853215297,0.3332884506931197,0.35700250127768196,0.9186843,2.886876,0.279381,0.3340104,0.44246468,92435,0.009551325807258704,0.2714501987663809,0.03916586157605251,0.0007219417343247714,0.08546217820191704
model,313,0.40847983096690443,28.417757740582488,0.29513197158753374,0.2977758566176965,0.20019498200624264,0.66858584,24.711943,0.30780885,0.31068867,0.20432056,126305,0.2601060059204552,3.7058150678529955,0.012676874647741532,0.012912817832224144,0.00412558285982334
model,316,0.17006051493857796,30.017132300211607,0.5735839064837652,0.5759045443697726,0.13961721445506023,0.23105118,28.889288,0.557855,0.5610712,0.16851021,106156,0.06099066184784477,1.1278443516032084,0.015728896451111418,0.014833327309683453,0.028892999039240613
model,317,0.4268267252934135,24.11838327710189,0.24726337385558872,0.2532230806752541,0.3389379320719596,0.45700952,24.155535,0.26423794,0.2692116,0.28750113,125247,0.030182798813565892,0.037151467160803975,0.016974566455843165,0.01598850961481546,0.05143680554417335
model,318,0.6981129477671046,18.177714319702584,0.22445140902627703,0.23204416941496064,0.33601939211623016,0.7394128,17.904608,0.23486462,0.25301483,0.3827207,92795,0.041299836809311374,0.2731065468754359,0.01041321332823042,0.020970663320101002,0.046701316730815734
model,315,0.10262720454296108,27.255725625715876,0.4051565366099497,0.4314887389394221,0.3280706075748313,0.23976566,25.276556,0.44294608,0.4741078,0.37475488,57889,0.13713845443168643,1.979169610701227,0.03778953978317773,0.04261906297479301,0.0466842683235299
model,309,0.9703563456867034,8.248953800401644,0.22790568122901367,0.23841826118263787,0.357680758398171,0.9647048,7.9841905,0.19930682,0.20805982,0.37749887,71514,0.005651534113674805,0.26476333638186844,0.02859886536635803,0.03035844363007134,0.019818106729392493
model,314,0.5910593970013389,21.980697130866773,0.44285457501864156,0.46050058246854964,0.4157033151374441,0.657395,22.130531,0.5336939,0.5518591,0.41703588,19407,0.06633560822479634,0.14983418016838357,0.090839334626439,0.09135849832292375,0.0013325625671762875
model,320,0.4543208719039452,24.104253055448883,0.3173969830381077,0.3193759617277259,0.18107667235896907,0.32275113,28.142456,0.28867918,0.29126674,0.22427547,43454,0.13156973726992727,4.038202999238617,0.028717800508658242,0.0281092223592872,0.04319879742099919
model,324,0.4422261509509159,21.5844727384259,0.4968425190424646,0.49841618056203996,0.13962722338716674,0.6402763,23.677908,0.4627116,0.46429175,0.15736014,58068,0.19805016187714808,2.0934352052996843,0.03413091659304751,0.03412442917730485,0.017732913121774913
model,323,0.8771026359411762,13.350034545390372,0.23035117285953252,0.24093006931075883,0.38956647573393344,0.8050401,14.9229355,0.22444968,0.23672551,0.36564004,89991,0.072062514862685,1.5729009404494718,0.005901493604046987,0.004204560144041303,0.02392643152159213
model,322,0.8393510227608774,17.789610511493812,0.19168022449079397,0.25198304589428033,1.0317361476242901,0.94564897,13.800077,0.1814734,0.2639116,1.0787532,134431,0.10629794545887972,3.98953307313932,0.01020682032171133,0.011928558987006288,0.047017085331642505
model,325,0.3692161785681324,27.461805293725217,0.4894298819409884,0.49171532492261116,0.14204550683822206,0.30077958,25.690079,0.5367874,0.5396353,0.13487516,8442,0.06843659749818609,1.7717265583736541,0.04735750876793493,0.04791997571368034,0.007170343402286089
model,326,0.6978783879575746,20.39975676279459,0.28680091479527015,0.3014189146868573,0.4533009380197459,0.7691884,18.937822,0.26469985,0.2769085,0.3884387,88077,0.07131001612567733,1.461934420875643,0.02210106828915137,0.024510427605329566,0.06486223639010724
model,328,0.9146790981503972,9.661425404393647,0.3285200427699718,0.33897536456818056,0.28110578146066745,0.9191997,13.772166,0.4102315,0.42607796,0.3466368,104320,0.004520606973504204,4.1107408477425835,0.08171145809405711,0.08710259735351134,0.06553102049741666
model,321,0.9061445200062606,10.847243888908473,0.3861566658147782,0.39015491413510045,0.18703435514137393,0.9050683,11.274244,0.3446026,0.34796268,0.1711779,24302,0.001076241693577451,0.4270004195632069,0.041554051173588624,0.04219223665631017,0.015856461264344507
model,330,0.9625423792865306,13.637456090231517,0.21639303433657175,0.2327724337243977,0.4591109085931508,0.9717661,12.911549,0.22539449,0.24735048,0.52861905,4810,0.00922373494839368,0.7259074757295636,0.00900145304440969,0.014578050408369014,0.06950814238646347
model,332,0.9659263835614924,11.006620260505358,0.2753920541508753,0.280593244471568,0.29634064793695336,0.93799037,11.271418,0.24299385,0.24889544,0.28999135,49176,0.02793601614892527,0.264797357292494,0.03239820761519263,0.03169780794622318,0.006349298955096061
model,319,0.4426275765128031,25.662756954407175,0.3850792866054921,0.40668874218896844,0.404447421896837,0.89365727,16.786804,0.32529032,0.3571512,0.44236517,6400,0.45102969058085535,8.875952755188425,0.05978896430172015,0.04953753188089349,0.03791774762830946
model,329,0.5437374619580426,23.940191378238453,0.36247318687153,0.3654565847441142,0.23186431625736478,0.41259184,27.475092,0.44638544,0.45441663,0.2732255,137267,0.13114561716090822,3.534900555965649,0.08391225633907179,0.08896004790816853,0.04136117002116915
model,334,0.3443551718124037,28.87569147758876,0.23869200970261903,0.2414793773025447,0.17007216836593064,0.330599,23.561222,0.23971626,0.24284868,0.21254627,10270,0.013756161821711577,5.314469401172744,0.001024251922670888,0.0013693021207875078,0.04247410570004073
model,335,0.9693395508515171,8.456162474175024,0.21730806075964956,0.2241978342544462,0.2971141316952164,0.97456056,8.709268,0.19734758,0.2071362,0.3424488,121837,0.005221007944411826,0.253105142096949,0.0199604793730834,0.01706163537615793,0.04533466910701445
model,327,0.8053266695295973,12.91343783134095,0.2406335347298286,0.2603678665980819,0.37626483845841796,0.732066,14.123938,0.24891457,0.26345873,0.29674077,107582,0.07326069386355116,1.2104997754705735,0.008281034886489153,0.0030908621922012824,0.07952406811845214
model,333,0.8853185219853275,15.482046542943245,0.20093343149872273,0.2153740749578229,0.447422399765095,0.8681791,18.227242,0.22086164,0.24349432,0.50858754,41159,0.017139439114844057,2.7451949731700367,0.019928212054057426,0.028120241977716343,0.06116513943091939
model,340,0.7925637107322008,5.613398511122959,0.3596374358469323,0.36409023164503235,0.21393180008330606,0.85701734,8.216132,0.2765919,0.28981075,0.31186992,63652,0.06445362754370865,2.6027336528785057,0.08304553883612908,0.07427948473684448,0.09793811921677328
model,331,0.8763901350521699,12.771930018527762,0.272489058378837,0.2834812874954715,0.2608517730055321,0.8560561,15.76437,0.29652497,0.30799785,0.25539446,110343,0.020334040882553195,2.9924399460718476,0.024035913344719495,0.02451656506838651,0.005457314234780131
model,336,0.03803792343255496,24.831398056854322,0.7197177089740066,0.7202516610498706,0.08015086037853489,0.027540525,24.195015,0.702881,0.70330316,0.07366444,30030,0.010497398011054752,0.636383103241041,0.016836730389717003,0.016948502766636953,0.006486418673784827
model,337,0.6329851366900928,20.99100512098509,0.44677261056528156,0.4536109348027239,0.23762256938947285,0.5943585,22.772343,0.3816662,0.38638133,0.21377258,60972,0.03862663287158086,1.7813375608996758,0.06510639729127948,0.0672296066967974,0.023849989361892587
model,341,0.6775543193175833,21.977826712195927,0.35993918368547245,0.36431182324619177,0.2483125568901508,0.9050151,18.699442,0.42024383,0.42450008,0.24924581,80826,0.2274607916519602,3.2783848024058884,0.06030464580328182,0.0601882547166836,0.0009332506383449846
model,338,0.271891088632757,26.841078721350993,0.3403229148425744,0.3419671322032669,0.16416469671648995,0.36463356,27.009958,0.31489873,0.3163603,0.15160444,75095,0.09274247154790705,0.16887954586092135,0.025424185518233555,0.025606837384388736,0.012560252927961507
model,339,0.5803085550785023,19.29844661455207,0.24404498523294302,0.2484112071059327,0.2683796875774073,0.74119526,15.460986,0.2534969,0.25991252,0.26770148,5749,0.16088670639992175,3.837460477161933,0.0094519000667396,0.011501313541116248,0.0006782107650446512
model,345,0.2356782198761139,24.85576269411823,0.21237205270323573,0.22917814597337594,0.5109430860723679,0.30130863,25.175379,0.19328962,0.2053981,0.4114699,32015,0.06563041202085876,0.31961610532024665,0.019082430038784126,0.023780048339060444,0.09947317950384071
model,347,0.5119854537030872,24.596098803261764,0.22760289794237795,0.23551759783426204,0.3559204891856345,0.58710676,21.892153,0.21306601,0.22027192,0.3254593,74040,0.0751213106134716,2.7039460170068814,0.014536886275126365,0.015245682636889607,0.03046118771392431
model,348,0.3095842359673058,26.59841593489003,0.3751337375706604,0.37604246191925395,0.11148596533877547,0.5409324,21.753227,0.38500348,0.38675088,0.1553964,50131,0.23134818094858778,4.845188701003313,0.009869739764315821,0.01070841498427999,0.04391043654339616
model,342,0.6469833185842143,23.585835711023556,0.3437106908383109,0.37482587064451717,0.40883963940235085,0.8546216,17.806498,0.29050747,0.30768958,0.33445007,1331,0.20763827059959306,5.779338137171017,0.0532032252373435,0.06713629330343746,0.07438957331272072
model,343,0.6151480698443194,18.7446078180508,0.27872292878492155,0.3099971319645769,0.5308050147683958,0.7034151,19.68113,0.33106682,0.38792288,0.6058313,92981,0.08826702596180247,0.9365216375156074,0.05234388826029024,0.07792575106917554,0.07502631028577289
model,344,0.5721992816394754,22.69988665360698,0.2458578755358847,0.2515227756433131,0.2879211118908152,0.50458926,23.130035,0.25564048,0.2622711,0.291332,25673,0.06761002201499422,0.4301487467836438,0.009782601406177677,0.010748330599820444,0.0034108945636525667
model,346,0.7516631006101051,19.1911238341951,0.5366778959989776,0.540286304665913,0.19820693003855078,0.7752736,19.406694,0.4986808,0.50538456,0.24310313,46005,0.023610520472200802,0.2155705780363455,0.03799709579946897,0.03490174026619375,0.04489620161332758
model,352,0.4607373347887575,21.197317073351197,0.695729411966034,0.7025294398476165,0.2250142748003713,0.4784927,20.775179,0.68206495,0.69098955,0.2314612,83794,0.01775537222532636,0.42213816404943927,0.013664461499877989,0.011539885919241266,0.0064469223374613305
model,350,0.9247495506466156,7.805607674858294,0.2990484900480046,0.30823285335935724,0.27197976484634034,0.9066476,9.459951,0.24396086,0.25258455,0.28588873,10853,0.01810192806131894,1.654343725898542,0.05508763265664718,0.05564830655492914,0.013908966633304432
model,354,0.5346548955540521,23.545388419357796,0.24574140199852518,0.2569329800758622,0.42978354242481465,0.69928706,21.260862,0.23150632,0.2393943,0.3283905,136889,0.1646321613688605,2.2845260688939284,0.014235084144597565,0.01753867293932654,0.10139303353466267
model,349,0.9349386419923288,5.409220747175667,0.3536777745271994,0.3603866833009235,0.24913125095725364,0.93265074,7.4492674,0.30763975,0.31141207,0.2108651,52836,0.0022878970773202445,2.04004664021447,0.04603802666915191,0.04897461707968631,0.03826615569949454
model,356,0.2581610636606659,27.80908906654801,0.22746641039543392,0.2309467508883093,0.1895460604742434,0.27781293,27.503887,0.23664585,0.2400437,0.18906361,76996,0.019651864300683608,0.30520189003433984,0.009179437163541304,0.009096948853054232,0.0004824518278505885
model,358,0.608532932863975,21.337738383984192,0.23959805320658603,0.24270753207558912,0.23702523472850262,0.6073094,22.492666,0.24542265,0.248188,0.22020233,61418,0.0012235318286661911,1.154927860522644,0.005824593196726652,0.005480471822077809,0.016822907953905453
model,351,0.4862867117188462,23.792922568679586,0.27348739539191497,0.2800429183359648,0.26150007643785195,0.6695798,21.5644,0.2356383,0.23902915,0.1832147,29405,0.18329309222478785,2.2285228494413047,0.037849089847061756,0.04101376415448438,0.07828538217630104
model,353,0.5727997767163425,24.520551667335205,0.586633778553222,0.5881401861661083,0.14885719276306206,0.508977,24.81757,0.57029223,0.57133555,0.1462439,76415,0.06382278077136572,0.29701806533081054,0.016341544132445596,0.0168046320431835,0.0026132927024083707
model,359,0.1419230744183152,25.378161500941406,0.23541628758666708,0.2495357377309959,0.5056976218564074,0.44597816,22.952667,0.237915,0.25834075,0.5683225,105897,0.30405509025453636,2.425494264613281,0.0024987067723493406,0.00880500843332599,0.0626248578684766
model,362,0.4195751854128221,21.446837233848495,0.7128528173404327,0.7157453293368253,0.14872604165064912,0.46006468,21.037758,0.65144384,0.65235484,0.09922745,56385,0.04048949397140944,0.40907936031333847,0.06140897826725156,0.06339049287289711,0.049498590862628034
model,361,0.975432384581268,7.3769128773751405,0.19321939302645247,0.2508654898239114,0.9121973488050871,0.98255837,7.8438067,0.18648213,0.24216722,0.7846514,120835,0.007125985055267625,0.4668938662466857,0.006737261545281814,0.008698270304296207,0.12754595014633463
model,360,0.5362135037573715,17.40617072990166,0.27427707008057695,0.2761647613692401,0.1599169843077487,0.5793359,17.706892,0.2956425,0.2972913,0.1402211,22583,0.0431224242058853,0.3007212836481443,0.021365425074757527,0.021126547272193597,0.01969588028190794
model,357,0.7968937265286321,21.1973159796702,0.37748553152450287,0.37986433863394176,0.21617710171162205,0.86240333,16.007492,0.36390293,0.36720103,0.22759818,86257,0.06550960665847116,5.189823914240513,0.013582605079495547,0.012663308379577742,0.011421073694833944
model,364,0.9802494263046834,3.682761647456381,0.26435304767395523,0.29706345261681294,0.4720886533264372,0.9755411,2.7574332,0.2956459,0.34374234,0.49602807,108455,0.004708311497554463,0.9253284714157317,0.03129284494613144,0.04667888818633342,0.02393941235502034
model,355,0.8546859043732277,11.56486135020451,0.26184264392325374,0.2816837692534271,0.48871888621524423,0.82905596,15.367041,0.20931473,0.22283678,0.45504782,39837,0.02562993942648084,3.802179283950764,0.052527910179586135,0.05884699168556362,0.033671070177112516
model,365,0.7673818133999493,22.09177370115989,0.6107466041211381,0.6125644367106705,0.15872891910554127,0.8077846,20.378887,0.5749483,0.57677805,0.14658864,16621,0.04040280354722481,1.712886524646219,0.035798293269087345,0.03578638247330479,0.012140280680667914
model,368,0.6402546002855004,18.806101521102413,0.2537047959058274,0.26861743948208855,0.3946497220189054,0.6203297,18.492188,0.28353617,0.2937061,0.35993224,11630,0.01992492222687614,0.31391402110241273,0.0298313700468551,0.02508864977610542,0.034717478194900286
model,366,0.9073337886406133,13.299232736454336,0.262108907710512,0.2718612683554152,0.35626628176269953,0.93529975,12.992382,0.24704927,0.25915724,0.42993608,108201,0.027965965502147916,0.3068506868937888,0.015059635650117698,0.012704027964637599,0.07366979940833623
model,363,0.9898378705443096,8.307683303729476,0.341698304715942,0.34682212860428324,0.24097093786352156,0.9875173,8.657264,0.34454933,0.35175616,0.30301982,48010,0.0023205732763957876,0.3495804520688637,0.0028510233728183954,0.004934026886592002,0.06204888378030779
model,371,0.21328061323036934,28.866439244434208,0.31772575548163956,0.32590813867207835,0.27219165288817965,0.2407927,26.25108,0.3181193,0.32604605,0.24647482,8272,0.027512093378402935,2.615359685108036,0.0003935320092051664,0.00013791092280079909,0.02571683549296938
model,372,0.4369138793111424,20.27381154233334,0.39171065802748867,0.393157758435242,0.1543181841284266,0.8176798,19.57138,0.3682184,0.3701209,0.20028445,133477,0.3807659431337734,0.7024309270989662,0.0234922658937759,0.023036845644943515,0.045966267117835
model,367,0.7953367759873695,18.263056838068177,0.26045433517877964,0.29246085544726735,0.5215798253596127,0.92506063,13.249135,0.25135317,0.26898745,0.38612136,133681,0.129723853857296,5.013921820673158,0.009101160730766333,0.02347340842387563,0.13545846291187402
model,375,0.6166340443707058,24.25499032728642,0.22839878785289688,0.2303844344449865,0.1773182924161205,0.59236413,23.570591,0.21439296,0.21860562,0.21576987,8588,0.0242699119663784,0.6843993543860307,0.014005827781333163,0.011778811795793681,0.03845157965323834
model,370,0.9488088791648212,16.543962061213612,0.3767387852188732,0.38344502155265003,0.3626882535150915,0.9339273,17.456198,0.42965928,0.43965527,0.32727706,106179,0.014881581572658065,0.9122356774338485,0.052920491981825635,0.0562102526001057,0.03541118919166619
model,369,0.7821529956873778,18.405562721693123,0.38614855430805417,0.39101798630903134,0.19031665626112476,0.8571819,12.492165,0.31600344,0.32022804,0.21154135,130214,0.07502891101275644,5.9133981098767165,0.07014511249744626,0.07078994609067807,0.02122469839509472
model,377,0.23899253147012217,28.587601441642676,0.32659229363964487,0.32840982316856926,0.1860366036044345,0.14953674,26.999628,0.3190921,0.32509002,0.2537565,118268,0.08945578771001322,1.587973374626074,0.007500198741420994,0.003319802273564987,0.06771988972556733
model,373,0.9923685318264416,4.81557425080576,0.2021345184677311,0.2340261368245108,0.6610413648813077,0.987361,7.2971435,0.21352538,0.24780773,0.5999285,126941,0.005007517937128836,2.4815692085143084,0.011390866196804433,0.01378158943948915,0.06111286661318027
model,376,0.948407774899609,9.373247452638175,0.255923530283065,0.2762456529314405,0.44865299530418795,0.9458337,11.176071,0.27157214,0.28455418,0.38199484,58924,0.0025740918856930195,1.8028237143540125,0.015648612556366737,0.00830853055168329,0.06665815182121676
model,380,0.8095986343105362,19.331556526062432,0.2404618018702454,0.2515785630609077,0.430298281225494,0.9271995,15.929985,0.1846433,0.20985167,0.47504967,95234,0.1176008486072494,3.401571479675713,0.05581850348271794,0.041726895775942185,0.044751393285461794
model,378,0.31351457876936206,29.418485195586296,0.5538587724385065,0.5559805432266383,0.13919366989728282,0.4083557,27.730673,0.62580574,0.6269689,0.1202478,69853,0.09484113412126294,1.687812359282585,0.07194696314956728,0.07098837700422722,0.018945866268838152
model,381,0.9477063060455027,11.681085786934311,0.21837617224858233,0.2354146311045632,0.532587757283935,0.9513495,11.320383,0.20829318,0.23389399,0.65823007,63921,0.0036431907959280085,0.3607027150348969,0.010082987610558952,0.0015206405879006069,0.12564230901550344
model,382,0.7444277497514048,22.198212045696987,0.2886744953964237,0.30026346693938555,0.27819241244989046,0.8447194,18.86852,0.21774314,0.22505257,0.26045832,70346,0.10029166019122215,3.3296913090026514,0.0709313519571308,0.07521090160315813,0.017734092070633256
model,374,0.9871701177938381,7.5345306689377125,0.18749020340236888,0.20070613590406508,0.5006581628164606,0.9808278,7.200929,0.20095976,0.22564816,0.54885876,71400,0.006342309413711167,0.3336015040512379,0.013469553568036696,0.024942028845080427,0.04820059897095397
model,379,0.7137301445676733,18.35870517176517,0.29369044252166104,0.2995969863373147,0.2594064901167077,0.6601562,17.456558,0.30393577,0.3102106,0.3070319,60645,0.05357395417231803,0.9021469442261072,0.01024532369843173,0.01061359925686256,0.04762540957392036
model,383,0.22634153396716714,25.843926364973488,0.2167531946977989,0.22697362347819433,0.3932418827780005,0.24552983,25.506907,0.21609637,0.22993435,0.42299077,35981,0.019188296488612894,0.33701985557407355,0.0006568232855216904,0.002960726177910711,0.02974888636987244
model,388,0.7831604084999523,20.962495324377873,0.2461785903427891,0.24978563341746982,0.18621734180865893,0.81373644,21.91906,0.23652063,0.24086946,0.23290618,110524,0.030576030251268427,0.9565644290400961,0.009657957241325787,0.008916170927388029,0.04668883583130232
model,386,0.888577899630609,18.897516558560586,0.47152562165055334,0.4822450171380384,0.36591110742426103,0.9674413,12.634002,0.37697485,0.3875173,0.42318583,75824,0.07886342078870257,6.263514826688027,0.09455077075753271,0.09472771390966012,0.05727471792363936
model,390,0.24388658320274068,27.233046392611715,0.3131038027612629,0.31774264872296565,0.2753704514525146,0.21227527,23.496109,0.35338318,0.36563972,0.32119486,77427,0.03161131655540181,3.736937383822653,0.04027938071804621,0.047897067663829396,0.0458244059064179
model,387,0.09001253998483259,31.404134814458505,0.6829201953211317,0.6836935078978069,0.11815499387863648,0.097547434,29.821735,0.620935,0.6225348,0.12945186,20307,0.0075348942855493345,1.582399432378427,0.06198517249016855,0.0611586964010723,0.011296862138476249
model,389,0.8862287444403625,18.619342811731865,0.3085521377752119,0.3128530949851849,0.22722162742448038,0.69142824,22.646313,0.3010357,0.3124578,0.27880985,119881,0.19480050032644036,4.0269699018911815,0.007516435546665756,0.0003952950736858529,0.051588218023059906
model,384,0.6402320417188071,21.809723369396718,0.3277374781616088,0.3366039503915975,0.32374218494531637,0.5492954,23.574694,0.33636335,0.34518835,0.3267265,40051,0.09093661630376804,1.7649703104128527,0.00862586722298897,0.008584399093799822,0.0029843112743186406
model,385,0.7090474570919144,16.627221860822843,0.22207666256937303,0.22607655502456217,0.24679781355498745,0.8622392,14.423808,0.21883625,0.22360179,0.25654277,13204,0.15319172490347743,2.2034137629834873,0.0032404146483830387,0.002474766742167761,0.009744958499684792
model,394,0.42746127017735225,23.49263934555089,0.23443749823711418,0.24054839137545608,0.3302192215821912,0.5896801,16.736021,0.23207158,0.25690183,0.40174028,97373,0.16221880546809453,6.756618303680774,0.0023659197344591543,0.01635343905934311,0.07152106119178037
model,391,0.6210109958630108,17.44090767438481,0.21932280861486825,0.25601713761303047,0.372458706916998,0.609456,19.936169,0.2263238,0.23711468,0.2691413,107529,0.011554993150761028,2.4952609962694865,0.007000989683967507,0.018902454819413217,0.103317420305441
model,393,0.9818890470781502,4.516036384656161,0.2051620716517621,0.22519552812771484,0.44429170396994505,0.98240215,5.504512,0.22059989,0.23708025,0.4140505,120665,0.0005130987844291779,0.9884754485347571,0.015437818103486933,0.011884718082383422,0.030241214305867292
model,398,0.7461426462115294,20.384634964128978,0.3096806350263661,0.3117459540489013,0.19617872958839905,0.6928712,20.031834,0.26634645,0.2728888,0.28505608,82604,0.05327143325223982,0.35280131544733706,0.043334180406004785,0.03885714460638118,0.08887735480605591
model,396,0.961059622244019,12.187289943045442,0.33354948396052836,0.3439065845594203,0.2764591313615682,0.9302492,14.864946,0.32705274,0.33495492,0.29526386,102313,0.030810408071655693,2.677656422311003,0.006496741717715249,0.008951667128542617,0.018804725287830615
model,397,0.0856513830306222,24.27847577579214,0.22413594635882766,0.24627789253830035,0.38500213919819554,0.096419446,23.234922,0.21608031,0.24044994,0.41493818,86117,0.01076806313970785,1.0435533667345211,0.00805563839831741,0.005827957340470147,0.029936042440522115
model,395,0.843089163808894,18.89257603620285,0.3233643602642545,0.38602223850252243,0.4955694203502855,0.88869727,17.067566,0.29308587,0.3328983,0.4433532,8208,0.045608102769780334,1.8250101182341005,0.030278487137270882,0.05312394953729721,0.05221621443101976
model,392,0.9478118896919424,13.22109683465628,0.24043445542902536,0.27236696240878294,0.5871952123258093,0.8510731,15.85611,0.24815091,0.27998236,0.51524407,68428,0.09673880343019314,2.6350127844843456,0.007716459478430082,0.007615395808456438,0.07195114561056881
model,402,0.1744179124492328,23.154454863087718,0.2495338001321649,0.25620815242776873,0.3065019564436673,0.3703981,16.534481,0.25760466,0.26832104,0.32386884,63618,0.19598019174159362,6.619973814503734,0.008070858471503323,0.012112884864711737,0.01736688448917878
model,399,0.18649075205791515,24.00877248495233,0.35865223124668777,0.3629439231280288,0.20854775581829024,0.14974362,25.273773,0.3341477,0.3377355,0.17705144,25424,0.03674713547695202,1.2650007084070438,0.0245045395200032,0.025208419216056765,0.031496315936965474
model,405,0.03464752432370297,25.282044604104108,0.20651531582823415,0.24850582633999155,0.787266988485621,0.025165962,25.53785,0.20723885,0.26105285,0.8069689,71767,0.009481562268377465,0.2558048221654232,0.0007235371495185328,0.012547020568577788,0.019701938897801807
model,400,0.5149568241051439,22.78473273793013,0.19257494168384312,0.21788129152443073,0.5130605285064667,0.55196285,22.751373,0.205083,0.27379757,0.6702842,118671,0.03700602837288347,0.03335944691450621,0.012508055995867268,0.05591628013465741,0.15722368312912294
model,401,0.8943475919878096,8.77110937134136,0.24426470280230386,0.2582359545717344,0.359426249243,0.8926292,8.369392,0.23620242,0.24258825,0.25611493,84745,0.001718385807237044,0.4017169763218291,0.008062283998135161,0.01564770274258709,0.1033113193285255
model,404,0.29236095911261323,25.79053426105041,0.4315870989116022,0.43299164688950686,0.1605962326521819,0.22564398,26.173058,0.39538223,0.39713076,0.16294678,70761,0.06671698158976319,0.38252329510193306,0.03620487339814393,0.03586088931924014,0.0023505429034287595
model,403,0.37428071443086075,16.981044777285916,0.24221023965618177,0.2472589720912141,0.3014278632348285,0.5058872,15.117291,0.2760435,0.2921941,0.34754685,33526,0.13160649593824936,1.863753326785428,0.03383326482036547,0.04493512614296252,0.04611898243968626
model,409,0.5234249073384921,24.25325661221058,0.821663417025477,0.8224252585621479,0.09475436641655434,0.660475,22.539038,0.78928775,0.7919403,0.14180689,85142,0.13705010830176667,1.7142189077428078,0.03237567107287076,0.03048498670774724,0.04705251918353569
model,408,0.8616286604208641,11.416698452369701,0.20334009783841583,0.20874993509450218,0.3059808037523358,0.87701637,11.215318,0.20359962,0.21175574,0.32320172,93339,0.015387705107242633,0.20138072623444714,0.0002595190467694075,0.0030058025678131872,0.017220912193861737
model,407,0.8714348771846944,19.338559074953068,0.2547303914151605,0.2920945308221106,0.43442848788468036,0.7942341,20.027014,0.24218825,0.26746652,0.41629732,2546,0.0772007801807576,0.6884547037334556,0.012542146357100825,0.02462801551945254,0.018131171333471863
model,406,0.07336981455263464,25.489473366882105,0.24026063225532776,0.24528963377861818,0.26108188827295964,0.060419187,25.594225,0.23516266,0.24057095,0.25462127,80302,0.012950627602904718,0.1047515629274649,0.005097971775782167,0.00471868625073274,0.006460620954234053
model,410,0.049736843487987625,26.238332519189825,0.38110281600450524,0.3848233698190125,0.15150834667940902,0.093164235,32.212555,0.3261667,0.32947475,0.1435537,29771,0.04342739186548222,5.9742224124508,0.0549361266086007,0.055348622638073774,0.007954642656047811
model,414,0.4019734847535883,21.50107715482521,0.2227744569739203,0.236426687822581,0.33514664151460255,0.4475488,21.256071,0.2223608,0.23887521,0.3126221,15545,0.045575321913739586,0.24500606412696868,0.0004136522969107048,0.0024485224626057678,0.022524541399780162
model,415,0.9668949579528089,2.02626643252259,0.4241835045518517,0.5248851593790883,0.5376550148432077,0.9736429,2.072812,0.4496887,0.47154343,0.30519414,118759,0.006747927732158154,0.046545647860710915,0.025505198269879847,0.05334172809704485,0.23246087536261684
model,411,0.9369574357117605,13.897843277831441,0.37491047163339986,0.3782421009108518,0.22230042547969842,0.6870739,17.462496,0.35679868,0.36313614,0.23593065,96187,0.24988354931725976,3.5646525260015665,0.018111792996848952,0.015105958418557497,0.013630225946616892
model,412,0.9496028068542756,14.65859741109388,0.43204924286591234,0.4385857784725074,0.31320301728281025,0.93979496,14.546271,0.4555793,0.46029684,0.21690576,15985,0.009807849216488695,0.11232608693616442,0.02353006778968153,0.02171106100312431,0.0962972594979668
model,413,0.9758029638753778,11.353966644873424,0.3009003460712746,0.3135727907301695,0.4189019191889271,0.96610206,10.955995,0.29586053,0.3035099,0.32777035,70015,0.009700900219524522,0.39797203885535737,0.005039817125351731,0.010062899696996919,0.09113156682534068
model,417,0.3326517492378016,20.04984683598033,0.3647895181911625,0.3743972484804789,0.305090771227723,0.3014636,19.404078,0.28241053,0.29699707,0.32189697,105268,0.031188145264412936,0.6457693060731025,0.08237898595506327,0.0774001781679789,0.01680619904434122
model,419,0.6414816043026255,20.83109792977064,0.24623667262394466,0.2702126100676726,0.6066703421698517,0.74112934,20.859688,0.24638127,0.2663435,0.494652,10504,0.09964773443867703,0.02858987540514235,0.00014459528129062704,0.003869105877227663,0.11201833912000125
model,420,0.42936538703152527,24.663831872002785,0.23143365952205425,0.234380896555869,0.22850644669045522,0.48315126,26.02192,0.23358752,0.23651955,0.22982325,2064,0.053785870006591185,1.3580873784854965,0.002153858812334486,0.002138648760827172,0.0013167999077884907
model,418,0.4378375704873444,21.333076396511977,0.1968090933118296,0.19883304581004155,0.17769473723409307,0.85204136,15.314283,0.20758916,0.2106899,0.21691096,399,0.4142037932287811,6.0187930255402975,0.010780071064429242,0.01185685649556148,0.03921622105600703
model,424,0.2833027934611936,26.355697219960003,0.2315245903869939,0.23520187175384882,0.2883824626634662,0.33428624,25.671724,0.2252977,0.23285809,0.29209477,104686,0.050983449262271385,0.6839729005019954,0.006226886047966507,0.002343780161060127,0.0037123044301922703
model,421,0.482944331847942,25.77850498186761,0.4044575783494705,0.45945473884272275,0.4483989940127216,0.36313397,26.42509,0.4244968,0.51612735,0.54545176,101804,0.11981036492518199,0.6465858079273126,0.020039221357942227,0.05667260910344424,0.09705276627933163
model,426,0.7917173815881752,21.00734220435632,0.33092562330161546,0.3371072329990467,0.26096506037086153,0.855834,18.255991,0.33403835,0.33785176,0.2351786,71017,0.06411662567500842,2.7513512223006558,0.0031127237042286593,0.0007445297725597322,0.025786455648838524
model,427,0.43265081250715726,22.979160196489737,0.2837162539251059,0.2870504499970309,0.17488081553372894,0.31972533,25.776886,0.22954065,0.23410827,0.20473331,137398,0.11292547786283963,2.7977257898383883,0.05417560784890352,0.05294218078240076,0.02985249659624542
model,422,0.9861362586112727,6.015111035665029,0.3980393026349736,0.4037254138644778,0.2302200731862526,0.97241265,10.355257,0.38947734,0.3976851,0.29418844,78183,0.013723612794469764,4.340145998636729,0.008561960267801372,0.006040303295477556,0.06396836665978622
model,429,0.8720697564171837,18.52052623845448,0.2600266467985105,0.27726361000168964,0.4257738745943424,0.93709314,14.612816,0.25041947,0.2710377,0.38893855,135278,0.06502338227757953,3.907710381520886,0.009607179110903696,0.0062259122096364194,0.03683532841361731
model,416,0.18180406638835125,18.81675647757859,0.22984031938158242,0.25920250672173223,0.6024304390756182,0.25168735,17.494328,0.22433883,0.24548428,0.4572499,53776,0.06988328150059528,1.3224289324125742,0.005501489864217918,0.013718229115721792,0.1451805294362597
model,423,0.1502213361743559,27.803272271396608,0.2813933031426908,0.3040925571349611,0.4244917004509281,0.59867984,23.300983,0.2653468,0.30563372,0.45186168,1379,0.4484585043903719,4.50228884244153,0.016046507822179923,0.0015411666008482428,0.027369979103057496
model,425,0.9472785430551978,9.487588839351893,0.3328801673327684,0.345672814881501,0.26365518836036067,0.9640703,8.061404,0.3266203,0.33938453,0.32232115,74551,0.016791777074196768,1.4261846111414442,0.006259856787800722,0.006288288867172975,0.058665958366247606
model,428,0.5504197538981305,18.840720769974197,0.47524438843832284,0.4772573144938922,0.15100247924903384,0.60189754,18.60164,0.48617184,0.4875026,0.11828915,102077,0.051477783810152,0.2390800686802521,0.010927453183076086,0.010245290229084492,0.03271332895139209
model,434,0.6771944924201106,23.806572858654906,0.4098142741922158,0.4262339260079098,0.3765148050094648,0.71406585,21.631275,0.4288585,0.4460244,0.38872296,95322,0.03687135736092573,2.1752976816529532,0.019044214605925702,0.019790462066965053,0.012208151171107684
model,431,0.35706067037675454,27.44415941820771,0.20611786887058342,0.21329888680331632,0.2686835765938731,0.4168812,25.275162,0.21883665,0.22762202,0.2679944,117119,0.05982053327467368,2.1689976750436486,0.012718781381758804,0.014323130461049827,0.0006891727547617688
model,430,0.33279350157491255,21.078082968148156,0.248622825400389,0.2838592580305853,0.4361075869177189,0.68625176,21.581131,0.30810326,0.42385277,0.87158567,47049,0.3534582579542012,0.5030480132971569,0.05948043797775432,0.1399935134900293,0.4354780802156124
model,432,0.9498647648289612,10.088992005395092,0.20084492608660093,0.21545142647155688,0.4590862914205266,0.9435291,11.115973,0.20686091,0.22173175,0.47151893,84365,0.006335635800640893,1.0269814672001232,0.0060159887397922,0.006280325685654425,0.012432642352514178
model,436,0.6092808420413863,22.246570805844602,0.24142371771925702,0.2716000250758168,0.439005334682213,0.5586218,23.580378,0.2578641,0.27516028,0.35782245,102066,0.05065901825369712,1.3338067728907497,0.016440370100796076,0.003560257774448683,0.08118288666699996
model,433,0.8676157068912895,16.178803444109583,0.3275766145927072,0.33891478749994847,0.42510868205718033,0.90928966,14.92835,0.3106316,0.3218303,0.35969543,13915,0.04167395117832107,1.2504529955011847,0.016945011590158987,0.017084485023065532,0.06541324748686783
model,438,0.5945549181599875,23.080089606418408,0.3440596876280455,0.3476154303334568,0.23105731460912854,0.62897617,19.251526,0.35030138,0.35636353,0.26995966,46341,0.03442124808833402,3.828563727512158,0.006241697297796778,0.008748104593911343,0.03890234377519458
model,439,0.8953044469727782,17.626750286223462,0.27505753843889347,0.29608880624415873,0.4109630596046858,0.89046806,17.426674,0.2705322,0.28827265,0.37918258,16037,0.004836386002471826,0.20007639706330593,0.004525347639180333,0.00781615719439982,0.03178048247150711
model,435,0.08849469386700365,27.946928268865754,0.29815862743526417,0.31295658668052007,0.2856346420084913,0.07876922,27.292582,0.30663913,0.3197184,0.26566666,113633,0.009725471965110033,0.6543467106382153,0.008480507448616448,0.006761804022681228,0.019967978361793315
model,442,0.8017563940722996,19.88799864876452,0.3603174788214729,0.37455067985764756,0.4187723142421241,0.8016627,19.986227,0.4438819,0.4502332,0.32970843,111315,9.371058536111754e-05,0.09822838675794188,0.08356442029695055,0.0756825113941072,0.08906388705134344
model,443,0.8624931797977855,9.202652818018905,0.2707320290636491,0.296101762761985,0.42076813276293645,0.791598,13.676237,0.25744924,0.26838863,0.26368243,16068,0.07089515781368516,4.4735842883043375,0.013282789571232745,0.02771313380232926,0.1570857077408112
model,444,0.9629900936566554,11.739196368535048,0.2928944824586627,0.3039301311564659,0.36901177228515686,0.9706099,10.290705,0.2600145,0.27200693,0.41036358,104964,0.007619809678915845,1.448491641362196,0.03287997826440303,0.03192320223572004,0.04135181247169434
model,437,0.749546144462917,21.788297601231633,0.3100902774694288,0.34414012062960836,0.5088598835961553,0.7690482,18.016954,0.2792818,0.32162344,0.51135635,106077,0.019502069495823227,3.771343179234563,0.030808482444556973,0.022516676072418418,0.0024964701636103204
model,440,0.9853014451772865,6.611071631751379,0.28250660813224815,0.29061753255591455,0.31196047572772956,0.969594,9.881126,0.25358987,0.2587054,0.25548974,39875,0.01570744340726693,3.2700547720572146,0.028916739586715923,0.03191212517485681,0.05647073893230414
model,441,0.5634710192510807,23.547907463710544,0.8338324673070329,0.8355502944713461,0.12573909890415635,0.6708246,23.49503,0.6468565,0.6485633,0.17294164,69920,0.10735356809404262,0.05287801424765348,0.1869759805097001,0.18698696906622525,0.047202541115260455
model,447,0.8909545260393409,5.328221221295486,0.380077523601679,0.39560922484585315,0.3356581532974626,0.86890393,5.2734604,0.48190168,0.49637008,0.25977257,22311,0.022050591083743964,0.05476083311189228,0.10182415186104377,0.10076085228732556,0.07588558435634629
model,446,0.211536635245509,26.310824335639985,0.28753630217124837,0.3001777124588652,0.347692235528354,0.35469022,23.876146,0.26085445,0.2810055,0.44404155,52960,0.14315358868675723,2.434678019111665,0.026681849322813922,0.01917221071173386,0.09634931463110036
model,451,0.013978222327765072,16.68172818942584,0.26158895221154266,0.26352246554867953,0.1563116509077006,0.015325507,16.445606,0.23911263,0.24526525,0.23326856,1662,0.0013472848213352314,0.2361219577363869,0.022476321725054316,0.01825722011105746,0.07695690807133382
model,450,0.5607022378827353,17.061602463440586,0.30568576170917433,0.31670231635148327,0.33163498212580966,0.57321054,15.980522,0.30753973,0.33023635,0.41290957,16182,0.012508299550888946,1.0810803076788673,0.0018539695549400492,0.013534029178073004,0.08127458523029996
model,445,0.4762077278072471,24.58062459657659,0.23935385884683175,0.2477588431704723,0.3188498274814473,0.48900244,21.435978,0.25333387,0.2627498,0.35750073,57652,0.012794708592212711,3.1446466607855754,0.013980007749390178,0.014990947974852398,0.03865090446359054
model,452,0.710601003319767,18.257191991935752,0.22956198419817606,0.2526338686819727,0.45470349720058945,0.61277336,20.114727,0.22514631,0.23401982,0.37312427,90083,0.09782764449789816,1.85753502832792,0.004415675656878143,0.018614052760189237,0.0815792255693486
model,448,0.5530259531617836,23.734126407807295,0.28887755246421243,0.2922190576383041,0.2494378737439351,0.66965634,21.440884,0.31923956,0.32258534,0.22870527,105304,0.11663038314574203,2.293242771332686,0.030362004325185765,0.030366286676271115,0.020732601665421013
model,449,0.8557413750842371,11.863506900323458,0.3157136835246216,0.32050627178829516,0.22918432347316028,0.85199964,10.282875,0.33762363,0.34471473,0.24079955,35061,0.0037417346194543732,1.5806318392883014,0.021909942469107047,0.024208459189716924,0.01161522276859997
model,455,0.8784941968185526,8.492092695575622,0.28482077394114347,0.2909509395558584,0.2716546953782946,0.8647998,8.874828,0.32233503,0.32824504,0.2880843,102212,0.013694399283609937,0.38273564304742536,0.037514260667697474,0.03729410419871926,0.016429602993974057
model,456,0.24166207149922553,17.508183141055277,0.2935334370411129,0.2994484856396601,0.25087632604110954,0.36501986,19.7475,0.26429716,0.2701042,0.25007695,40612,0.12335778638422784,2.239316324887106,0.029236279515096664,0.029344285991756647,0.0007993764447045137
model,460,0.3902495296426891,23.40926793197586,0.22255574834942005,0.24177518012061028,0.48150597871598344,0.31947726,22.775103,0.21885704,0.2390014,0.54421633,58811,0.07077226952992666,0.6341653166194163,0.0036987133085646384,0.0027737868024340084,0.06271035610381026
model,453,0.2329266588294402,29.495522188403744,0.38485830788262076,0.3890670136034596,0.1809380923397384,0.10011466,30.22186,0.39037156,0.39583242,0.17524615,70281,0.132812000354518,0.7263386972163737,0.005513253167794274,0.0067654057919872,0.005691943038209468
model,454,0.7829423270227037,18.02260663711118,0.24134228380236525,0.2455580557443704,0.25845188595575425,0.6619706,20.114,0.251009,0.25614774,0.26009503,33665,0.12097171163574083,2.091393683323389,0.009666703624392564,0.010589686527052944,0.0016431441135969505
model,463,0.28220710857099784,23.833927701836906,0.21043853271101806,0.2182052110921863,0.3601483800538126,0.86973745,19.233873,0.23482433,0.24548665,0.39032185,83272,0.5875303377371381,4.600054334527336,0.02438579690362122,0.027281435798453962,0.030173470722859752
model,457,0.9759272645403451,9.123960039247095,0.20184449574188362,0.21727148790738535,0.45722762869399375,0.97857314,8.012368,0.22568129,0.24334335,0.5032514,103700,0.002645878941863189,1.111591837037622,0.02383679428859581,0.02607186536409903,0.046023745073859035
model,459,0.7275496442659027,20.41376234328685,0.20056482504310397,0.21164626897683214,0.3623732921703745,0.82274085,16.94025,0.23337804,0.24175075,0.34210002,130470,0.09519120856689145,3.473511946558336,0.032813212767221656,0.030104477988576184,0.02027326794704687
model,458,0.12458572132974607,30.55103292879312,0.8512725456563797,0.8533494969309882,0.14826174450383103,0.04867287,32.28031,0.80906403,0.81249875,0.17129473,48622,0.07591285152822477,1.7292786556795363,0.04220851500910183,0.040850748628528444,0.023032989378119345
model,464,0.9424605815010633,7.784637109275359,0.26054588692071273,0.2653236015488641,0.23358852671466088,0.9426444,10.715453,0.24870545,0.25611576,0.28264108,118179,0.00018383578485592356,2.930816038612825,0.011840440200589442,0.009207837169362743,0.04905255628742958
model,462,0.35456112511049614,27.366869721952757,0.36456658901441613,0.3698053825621533,0.24699065542109144,0.65869087,22.659275,0.28444415,0.29000148,0.24691032,121868,0.3041297446977009,4.707594667021116,0.08012243570554772,0.07980390079068417,8.033668882978517e-05
model,467,0.8445779581806367,11.495874054526212,0.4772126994129733,0.47980981521935057,0.1852641196874946,0.84843093,12.07403,0.38128123,0.38418144,0.19278978,121344,0.0038529733875090066,0.5781558679591399,0.09593147253957546,0.09562837534279417,0.007525658425870579
model,469,0.31392453714510904,22.954434156052475,0.2877135230530287,0.29814088604772215,0.28014301923119717,0.5140788,25.174053,0.25718194,0.26548454,0.29700541,98349,0.20015425876477255,2.219619036086197,0.030531580590107577,0.03265634439313536,0.01686239573157139
model,465,0.947920518306181,9.836417392672566,0.2605358613960061,0.2883338295519206,0.4569958999286761,0.949273,8.3491955,0.2618289,0.30587384,0.5935135,24382,0.0013524719205646463,1.4872219123258859,0.0012930379875388254,0.01754001149536638,0.13651758884085513
model,466,0.21431803953316308,29.18157430997188,0.4124140305432379,0.4147195280351695,0.1806305334845315,0.19839948,29.703096,0.37819213,0.38099542,0.22007759,6267,0.01591855537560083,0.5215220797986291,0.03422190379229184,0.03372410543346965,0.03944705566971196
model,461,0.5785246637135582,21.966980301795207,0.2821748525088412,0.2978803922485679,0.4750296724648584,0.7337999,20.56803,0.2604,0.2886654,0.5359168,83443,0.1552752110690041,1.3989508981086836,0.02177485527449674,0.009214978392061535,0.060887132802475596
model,470,0.2708803803027159,28.37438295088159,0.38163533512204667,0.38733756225052157,0.32938939507327086,0.1910429,30.054562,0.48884574,0.49314195,0.2738882,3557,0.07983748021726667,1.6801786641086451,0.10721040066629867,0.10580438692626676,0.05550119455180175
model,474,0.8538986672626363,16.21109381976784,0.24497699282471208,0.2502048239872267,0.27440265411653175,0.9155832,15.432462,0.2557515,0.26055193,0.2894064,940,0.06168452603951824,0.7786320811814136,0.010774497768244462,0.010347105486650243,0.015003734881499864
model,472,0.29986507410181495,20.48840487277814,0.25567813457529154,0.26189943700297846,0.29512820993679917,0.25232223,20.028503,0.24326368,0.25040963,0.25297165,67036,0.04754284733904335,0.4599014548093905,0.012414457812710666,0.011489804081759591,0.042156560766877293
model,468,0.353431265286762,22.584514341680254,0.40970744220271454,0.4122073903131497,0.17161316738386456,0.31194627,20.057972,0.46503207,0.4673155,0.14357163,128366,0.041484992436725376,2.526542387334551,0.0553246286724533,0.055108104701040994,0.028041537263587157
model,471,0.8470574216602872,14.16430244128069,0.31607909078661806,0.31966241720648514,0.20350417070163895,0.8353903,11.830295,0.34254083,0.3448896,0.17432255,78673,0.011667092299325277,2.3340078322108653,0.026461739587145983,0.025227193799297942,0.029181625173227088
model,475,0.0983264247000586,21.897076935591908,0.2175668873679587,0.2211810648741872,0.2279822618294356,0.1662858,21.128765,0.294074,0.3030115,0.28033528,60928,0.06795937325354705,0.7683118293907363,0.07650711156011136,0.08183044192169597,0.05235301548951887
model,478,0.4665719504882632,22.182275886349668,0.3921358592629027,0.3941306788880039,0.16452195436732012,0.45570648,20.047976,0.3654662,0.36740986,0.18089235,12666,0.010865473323041053,2.1343003461885353,0.026669651997048793,0.02672082376066931,0.01637039392216963
model,477,0.4925053611941153,22.196027833629852,0.5509150295467586,0.5519946093832924,0.13028505058463902,0.49052718,20.457476,0.37951455,0.3818304,0.16833334,84492,0.0019781783766562033,1.738552171398407,0.1714004843445034,0.17016421511525648,0.03804828612629085
model,473,0.5858959843271857,19.49534882717054,0.31384701986672986,0.34729165862091194,0.486206711555965,0.59844345,18.507324,0.3182068,0.39481357,0.6019837,90314,0.01254746421636288,0.9880246084205417,0.004359767242645141,0.0475219087790667,0.11577701446866268
model,479,0.9880058689740782,2.2449999367451596,0.4226255352755284,0.4992418008520936,0.4957006159814935,0.98829424,2.354413,0.3601907,0.47650057,0.633335,105631,0.0002883748384828744,0.10941309578657865,0.062434845711777154,0.022741230078015207,0.13763437833460757
model,476,0.5526858184963332,16.51080310678057,0.2584234246327788,0.26687606761918226,0.3955775078760423,0.33617508,21.141315,0.23916873,0.25264388,0.43631202,113164,0.21651073438225854,4.630512353424507,0.019254691274395608,0.014232184390880254,0.0407345119489394
model,482,0.14479937209209737,24.03295662324562,0.20383058939228169,0.21450509118344982,0.44159136408056193,0.1520367,24.452404,0.20982838,0.23539537,0.53203994,138859,0.007237324580342208,0.419447398971176,0.005997787377737845,0.020890280730460092,0.09044857627664632
model,483,0.538314148113332,19.738498511966867,0.37235019530111874,0.37390321826491374,0.15002842371035927,0.4767871,16.993988,0.4260383,0.4275707,0.15325525,74622,0.06152705781181833,2.744510474857492,0.053688099729475136,0.05366748238053304,0.0032268303198683956
model,481,0.9877590692892879,8.635279963511252,0.16732341129569717,0.18810675292476398,0.6251230313164707,0.9841253,10.221961,0.1778399,0.20346832,0.5767278,112172,0.003633753146252028,1.586681057912088,0.010516493727877663,0.015361569829142274,0.048395223794650666
model,486,0.962170440904529,15.179534090182145,0.30870076943827174,0.31354336648609377,0.3104583439577435,0.91872776,17.807226,0.28880164,0.29349345,0.3012433,131164,0.04344268535795914,2.6276920908481287,0.019899129166131235,0.020049916798136003,0.009215038751444693
model,480,0.14851461604120578,24.537671868503043,0.2019572954499127,0.20841575553168065,0.3146073784849929,0.1844303,26.261986,0.19996451,0.2109612,0.34405375,6080,0.03591568514821683,1.7243139103055505,0.0019927870356442057,0.0025454373146175657,0.02944636678478252
model,484,0.5831658951881792,17.76353989570243,0.48411544586995764,0.4877166627741786,0.19418149904770743,0.60125834,16.958212,0.4294457,0.4326774,0.2092386,139914,0.018092442309531998,0.8053279968987184,0.05466973211148901,0.05503927458295543,0.015057104663420806
model,485,0.5536021475095764,23.098572857249508,0.287185924014394,0.3060893262446414,0.3608582753922654,0.5442518,23.89097,0.2776508,0.29399607,0.35163072,83547,0.009350347926141311,0.7923973728530314,0.009535120686833598,0.012093260389615168,0.009227557876319958
model,491,0.42617801796112065,25.244739197918424,0.2343261715747943,0.24392444027292828,0.2961591851312559,0.6463978,18.433767,0.22445075,0.23514926,0.33046016,108996,0.22021981109466549,6.810971879192838,0.009875419435702804,0.00877517593729596,0.03430097583943198
model,487,0.007373174312781573,21.27015550058454,0.21927818498069962,0.22148902994494762,0.15647615096774123,0.028795075,22.918543,0.21407782,0.21675098,0.19131288,9691,0.021421900358725307,1.6483873613539366,0.005200369567224583,0.004738050521424675,0.03483672835621812
model,488,0.4680811696494048,25.31492550852827,0.8334939331062384,0.8355108372836417,0.1453478127190654,0.5932763,24.09589,0.72097486,0.72391874,0.20189045,28543,0.12519515223856514,1.2190354633622533,0.11251907053070742,0.11159210130265418,0.056542640977185504
model,489,0.48997429707061785,17.97580018293202,0.2520715595769393,0.2637806344689818,0.3740152190189425,0.8260569,14.227068,0.24131638,0.25510925,0.5063876,125136,0.3360826005696104,3.748732235544324,0.010755181460331609,0.008671383923480103,0.132372372343057
model,495,0.9076571996302751,11.099209680623787,0.2658756908961699,0.27057549851677565,0.22250394023010908,0.8992788,10.887625,0.27677312,0.28129256,0.2487881,125106,0.008378380069270497,0.21158494002320083,0.010897434037072884,0.010717059199593981,0.026284163231156482
model,496,0.27155423405891205,22.86405545437534,0.25265912314656463,0.2868041353901249,0.5898533638180943,0.46906823,21.150536,0.27265495,0.40545577,1.0028958,75960,0.19751399513954376,1.7135198708792458,0.01999582747217926,0.11865163271824303,0.4130424682436733
model,494,0.9283998881992415,12.947661257107256,0.2880724959542454,0.2971409254373986,0.2563950607481472,0.9644431,7.3163295,0.28776467,0.29492864,0.30807558,122704,0.03604319937857836,5.631331777889727,0.0003078274895847444,0.0022122853102166107,0.05168051627249792
model,490,0.810417492576367,12.809421749286116,0.25471468890777677,0.2623558885899805,0.29191402682434253,0.7878926,13.793733,0.25734174,0.26478523,0.30030662,131652,0.02252491254401834,0.9843108938413252,0.0026270536077871998,0.002429341569779031,0.008392591389311033
model,497,0.9105839381045732,14.50258221554207,0.2584127629508812,0.26107229346713,0.2009443906410273,0.900502,16.006483,0.24003118,0.24343659,0.21117835,36206,0.01008191202348796,1.5039008624608599,0.018381580184920532,0.017635703630055732,0.010233956827348872
model,493,0.9625451246846736,7.850322272082323,0.2398483516256182,0.25056483324581147,0.35900755306402155,0.97677594,8.158229,0.21904571,0.23619747,0.42445773,101393,0.014230819548267104,0.30790660212421983,0.020802638081726305,0.014367361627159125,0.0654501757987409
model,492,0.2150687282563324,24.33628638151633,0.30965977025563285,0.318461403131661,0.22784699644181777,0.20532067,23.252842,0.29176506,0.30648866,0.26212054,29005,0.009748057055580128,1.0834444320534402,0.017894706254549475,0.01197274017351585,0.034273548468613135
model,498,0.7177793186934476,22.027670946684466,0.2646965999520705,0.29738984798477797,0.3901022826812255,0.48291755,24.859468,0.2694692,0.3057245,0.40265882,44081,0.23486177146749543,2.8317975133985414,0.004772601612718308,0.00833465362502428,0.012556537471057228
model,502,0.7474183314822667,13.96596194296125,0.38696366952231037,0.3891266232016682,0.16654674645825318,0.7996153,12.152144,0.37087217,0.37332782,0.17462762,77429,0.05219699206128192,1.8138175108933794,0.016091499789262886,0.015798801708519383,0.008080870543280327
model,499,0.3740542341851919,24.277396761843118,0.286507594418185,0.2994041966365307,0.29310957220599737,0.5534485,19.648323,0.26681364,0.27396747,0.2470171,66888,0.17939426406386205,4.629073702761087,0.01969395859207418,0.025436721937510287,0.0460924717526206
model,505,0.24745655425564553,27.66726725387853,0.4220002027247927,0.42343869928069217,0.16626678833595362,0.3092958,27.611074,0.3988728,0.4002728,0.13831599,12097,0.06183924905284141,0.056192806246695426,0.02312741000399804,0.023165912663413113,0.02795079776874629
model,500,0.44422028550248566,26.531675936578257,0.3295822192229641,0.3313017923280933,0.15161425992808952,0.36743867,25.060791,0.3160509,0.31791618,0.16680965,90965,0.07678161152940216,1.4708849209532566,0.01353133211511498,0.013385607664320731,0.015195388347285843
model,506,0.5823081079049313,14.374324072501622,0.3320748150240003,0.33436680619103387,0.17155988808949235,0.57669336,12.65129,0.32000378,0.3225815,0.16992757,89472,0.005614751867791368,1.723034132621251,0.01207103728161446,0.01178530637604669,0.0016323208459163019
model,507,0.5714794045551466,20.597527510957775,0.7166023497814286,0.7183013828381325,0.11685726751486475,0.518526,19.97889,0.6216082,0.6240617,0.16482972,77221,0.05295338688928353,0.6186380456257439,0.09499415209237216,0.0942396791561867,0.047972448571522885
model,504,0.26197314049097337,26.507096299496972,0.23668668007495908,0.24288092942335535,0.2854585737126551,0.36025137,25.309942,0.23134136,0.23905241,0.3311226,21114,0.0982782266011592,1.1971540540135734,0.005345318075447358,0.0038285145292513423,0.04566403328006646
model,510,0.7614460781311169,19.78397135080342,0.2665981043121517,0.27145586144851896,0.2293484347470808,0.6937274,22.9943,0.3045525,0.31103653,0.26827884,17485,0.0677187040542736,3.210329491481737,0.037954391167432044,0.03958066570831087,0.03893040245689869
model,501,0.2445783121258488,28.63679675363564,0.21732716915126518,0.24873750211309836,0.4352448972684346,0.11254361,29.078642,0.26134795,0.28369623,0.4011888,61270,0.13203469940726664,0.4418451378438526,0.04402078035358711,0.03495873211312844,0.03405610647024737
model,503,0.8419155832801278,8.919822141465268,0.23547672888404542,0.25159602314056745,0.40346959176325986,0.83551836,7.239979,0.24240625,0.26068288,0.3919754,124891,0.00639722314218838,1.6798433511820647,0.006929520162280267,0.009086857737881038,0.01149418893122861
model,511,0.5779931860546488,24.7948301989216,0.4055844885037787,0.4081446669061132,0.188046561813276,0.8913892,12.079499,0.37830257,0.383051,0.26912144,3401,0.3133960050960165,12.715330954231657,0.027281914346063862,0.025093658920044448,0.0810748764515708
model,512,0.49619672856304337,25.074765882331832,0.5667353020060504,0.5680044932249818,0.13716072962974493,0.56460273,22.896826,0.51076835,0.5120907,0.147964,60254,0.06840600409534286,2.1779400919265584,0.05596694806699398,0.05591381024158337,0.010803271072159365
model,508,0.3620237755345478,23.94964088461765,0.21605793473502843,0.23384634148735653,0.496277789214106,0.72394794,20.154459,0.20893359,0.21862468,0.4458563,95413,0.3619241667223797,3.7951818849838617,0.007124342892377067,0.015221660252996788,0.050421486237497704
model,516,0.6253874352084596,22.504869292797828,0.2423465315786607,0.25456499088430956,0.4589521845742738,0.6291179,23.407984,0.270446,0.28097823,0.38807705,53116,0.003730470885137782,0.9031144871093986,0.028099470904707213,0.026413241737837045,0.07087513412680979
model,515,0.4860283259451566,25.217891578245155,0.4079081051421001,0.49387772415721004,0.5137069930121151,0.71697736,22.600525,0.34604067,0.4576096,0.6331878,113601,0.23094903191922328,2.6173666759014047,0.06186743903873704,0.036268130288954425,0.11948077783139077
model,509,0.9284535665437427,10.16226708562602,0.26598954304959455,0.31088069664561896,0.6552993399686251,0.9564389,9.109828,0.27242395,0.30015045,0.43811324,100996,0.027985332496479498,1.052439090325727,0.0064344097683223245,0.010730242601276918,0.2171860975808535
model,514,0.049179854579861404,27.7486688445032,0.4481476634935245,0.4533714508649434,0.21369651519296196,0.04299533,28.241432,0.43329823,0.43676203,0.18029302,53545,0.006184524633581878,0.4927633454382061,0.01484943332232086,0.016609415971907515,0.03340349160668876
model,517,0.17389324776899995,27.267402926786314,0.22549807374645936,0.2438685976472244,0.30684828354542865,0.127303,26.036758,0.21456872,0.2284461,0.3563548,119683,0.046590243504168405,1.2306445039347516,0.010929354478614206,0.015422501465354899,0.04950651930147992
model,513,0.9623302453401771,7.1207423820903415,0.34353461096893795,0.36589050517102356,0.34216371239181126,0.96642226,6.505414,0.3261024,0.35012406,0.34620205,136754,0.004092014467409588,0.6153283729961032,0.017432205182423666,0.015766444063388063,0.004038333287281148
model,519,0.986993886319253,9.608956660535164,0.25310323091506803,0.2668501732949867,0.47311365352132423,0.99078375,8.451201,0.22205076,0.24228019,0.4494483,74800,0.0037898646916417755,1.157755221631355,0.03105247469901884,0.024569988072360993,0.0236653660342942
model,521,0.23005260238735406,29.904873022926868,0.5267882464516982,0.5309339110398086,0.2293469164990292,0.20115994,29.14764,0.46051162,0.46329418,0.20273778,69146,0.028892663217470332,0.7572327946553834,0.06627662163861836,0.0676397327923568,0.026609138073812516
model,518,0.2599843385490741,27.79558846581822,0.28363502078209185,0.2863641796163278,0.16977351866119283,0.20740697,25.58758,0.291301,0.29386115,0.15171261,25525,0.052577370670732426,2.2080087386453684,0.007665991257092719,0.00749697112524933,0.018060907343558252
model,523,0.8563820865227834,20.877176603237114,0.41357925600344464,0.41487108206755946,0.15017981960583446,0.8724896,20.812439,0.36634177,0.36842424,0.19080688,37447,0.01610748504856674,0.064737638393364,0.04723748630816266,0.04644684529311488,0.04062706098746541
model,520,0.5165312531217527,22.947248787833015,0.26581604084753685,0.29019091755433707,0.4000235511635115,0.6274624,23.354504,0.24172638,0.25170487,0.2714628,113879,0.1109311339632082,0.40725484375878196,0.024089657280680465,0.03848604589982657,0.1285607530449202
model,527,0.9914841800679349,4.319083221068979,0.25196381280849467,0.30466523466199497,0.7429155131113306,0.99415547,4.384458,0.25930282,0.3013697,0.58215326,34621,0.002671286488614144,0.06537484396397986,0.00733901192714681,0.003295537806449922,0.16076225240347541
model,522,0.644329569157923,13.903430558901256,0.2543152813324475,0.2576780032678856,0.21720880594780997,0.75980604,14.048605,0.25357798,0.25748354,0.23213936,88632,0.11547646779123466,0.14517440630870482,0.000737303913547982,0.00019446130240097226,0.014930557937115868
model,524,0.3169299825659363,29.042990833136358,0.4636549218535381,0.46742801100734865,0.24570454536372016,0.2899978,28.369846,0.58686805,0.5926722,0.26539946,43816,0.026932196282443255,0.6731444891422171,0.12321312586069527,0.12524421780582273,0.01969491066044976
model,531,0.637979074598693,20.85593644634504,0.3428042420895906,0.3574716968470138,0.32404157169786185,0.6015729,21.649431,0.3594494,0.3744892,0.317012,37382,0.036406203390502045,0.7934947822926546,0.016645144507089094,0.017017491347261104,0.007029559693009557
model,525,0.07922059285187102,25.44046095114064,0.30030609988683066,0.3260170813183495,0.5231303283153069,0.097351626,24.46244,0.28402218,0.30884877,0.5081417,100272,0.018131032709843148,0.9780204604179836,0.016283917660649627,0.01716831284567799,0.014988631862212443
model,528,0.9930157822401443,1.9709756159928347,0.4977891275769372,0.6179024328874586,0.5470309632506047,0.99255604,1.8965497,0.511681,0.76698846,0.7937462,64552,0.0004597467214980666,0.07442591430216083,0.01389189268291996,0.14908602336177845,0.24671521013120068
model,533,0.9679909559794119,8.459087488349077,0.36912279124406105,0.38127362684497035,0.3929515998096589,0.97416437,6.6567287,0.33006704,0.33978084,0.37641975,14776,0.006173410742695062,1.802358743842241,0.03905575270798928,0.04149278954753077,0.016531846973431463
model,530,0.6481123811646512,19.12599834693446,0.2052146300101525,0.22433485658963007,0.45679721225488495,0.82990533,18.61961,0.2094308,0.24673145,0.59679496,100772,0.18179294997014495,0.5063885141707871,0.004216168878053983,0.022396588603660644,0.13999775062811065
model,526,0.3644063490180195,25.432278325880013,0.22356370858379643,0.26001330600056494,0.5111163482725897,0.22519776,25.94654,0.20812334,0.235612,0.4375678,76662,0.13920858676711922,0.5142625066395183,0.015440367381060527,0.024401301005218867,0.07354854798915766
model,529,0.2367276955872482,27.967179346262704,0.3494097285272625,0.3519636603766248,0.19001883975892644,0.45041785,26.10022,0.33895403,0.34417996,0.21740223,4130,0.2136901508540207,1.8669596197002036,0.010455697059824742,0.007783702271537518,0.027383394914573617
model,535,0.9700833116866867,12.141892607716251,0.2789250849425385,0.2933845569113839,0.4606880839055382,0.97036743,12.073354,0.18807729,0.22315034,0.7935803,51687,0.0002841199539382888,0.06853884032123148,0.09084779905672763,0.07023421420851828,0.3328922097498573
model,536,0.48349363641467646,24.216190795030275,0.5270670678872597,0.5294607491103416,0.18551404029875365,0.4918897,25.352304,0.38324153,0.39241588,0.3144274,37153,0.008396048977703297,1.1361136635878886,0.1438255336541664,0.1370448679534202,0.12891336529702577
model,532,0.9184840031225431,4.643713080614468,0.24788329290171435,0.2690268790005289,0.4033468582447194,0.8989567,8.576449,0.25781804,0.27081344,0.41956142,135707,0.019527287061904652,3.9327363136116062,0.009934750330249764,0.0017865563155569086,0.01621455766600144
model,538,0.40288573469381966,26.813314515825954,0.5352064914181969,0.5372167655850819,0.1855984718529126,0.36633575,23.410688,0.60417295,0.6083877,0.20875104,107023,0.036549985067659996,3.4026261155574,0.06896645360438614,0.07117094307885852,0.02315256586395295
model,534,0.26104521350903737,24.005802078565207,0.2434639072938437,0.24818469449649053,0.2648472535476924,0.2479822,28.440626,0.21846165,0.22998716,0.33792156,52567,0.013063009548618665,4.434824065843973,0.025002259664105853,0.01819753512511449,0.07307430626294603
model,539,0.9363915034488857,7.337476527695266,0.23712138477534522,0.24798315928916306,0.3246586177199394,0.92047703,8.371471,0.23864922,0.2550316,0.4254453,83835,0.015914470787447677,1.033994877334031,0.001527834499175651,0.007048426404196312,0.10078667069978409
model,540,0.9578380454550924,9.249600823888251,0.3731815159674777,0.39539833118142986,0.44220071165811,0.84024227,14.098247,0.412862,0.4345449,0.42084295,110879,0.11759577880012417,4.8486457505136045,0.039680486882101185,0.03914655993757343,0.021357766082395868
model,537,0.28160160338862367,28.646791360717916,0.823307606368439,0.823780253627122,0.07892956937041153,0.23385225,29.57408,0.7288262,0.729597,0.1049654,1655,0.04774935102446504,0.9272881528318884,0.09448138156451447,0.0941832811616069,0.026035834305621494
model,541,0.7147962290029168,20.21818808462888,0.25564208293034785,0.2737168339158095,0.4615244556402702,0.5088033,21.498247,0.27294868,0.28468412,0.369901,129267,0.20599292099281552,1.280059061977564,0.017306599377849174,0.010967287692924654,0.09162345418687057
model,542,0.009241146206443554,29.580781931875833,0.8722537577116796,0.872565624526304,0.06397213214925912,0.034575075,29.888807,0.70585346,0.7071043,0.11547966,80496,0.025333928704674,0.3080253648770963,0.16640029549244129,0.1654612992318094,0.051507530865152806
model,543,0.7187408857616369,18.379040763648867,0.2775744976932208,0.28301885375861563,0.24031089552975363,0.8334814,13.234088,0.280433,0.28704214,0.25779453,20174,0.11474048564110362,5.144952819618105,0.002858501440842931,0.00402328720207773,0.017483633669846593
model,546,0.1080006487854647,27.33223078354344,0.9515129753265789,0.9518043805966336,0.05785763989533779,0.20663439,26.539753,0.9282647,0.92886984,0.075227804,79908,0.09863373858845956,0.7924778233383627,0.023248297802012208,0.022934537113662445,0.017370164586645392
model,549,0.8737594360225172,12.846278595794523,0.4091280795104029,0.42566352316873596,0.3593452979988977,0.8360564,17.863283,0.36408868,0.37812954,0.40307897,108487,0.03770302475619025,5.01700456155411,0.04503939518995309,0.04753398129480407,0.04373367529440675
model,548,0.7595871076687231,20.638029597489183,0.23051312417025602,0.24704795260583365,0.4431955866141012,0.7266238,20.732729,0.22863391,0.23594843,0.4044834,50703,0.03296333409389396,0.09469936064069984,0.0018792137526992547,0.01109952409421408,0.038712178878276604
model,544,0.9668504072431048,3.569647636824847,0.3105695330694887,0.32003818747373186,0.26244136739484325,0.939248,4.6200237,0.27246633,0.27961096,0.26598975,31774,0.0276023818257769,1.0503760905921453,0.03810320134913653,0.04042722579808794,0.0035483832288597528
model,550,0.23489243237379312,25.961680633179988,0.2835953689166161,0.3036487652924963,0.4165056352521093,0.24724793,26.48304,0.33372656,0.36532095,0.48030734,137915,0.012355501967637544,0.5213592227770434,0.05013118619240797,0.06167218545403996,0.06380170536983892
model,545,0.5672177154406295,20.75073238681975,0.21930820677192756,0.2741433814978974,0.5900549592165782,0.40796944,21.9051,0.22408827,0.29959115,0.75054085,2806,0.1592482704504714,1.1543674819546652,0.004780059719962398,0.025447772362194754,0.16048589333011365
model,552,0.7786944004208232,18.326305435547,0.30466318516968577,0.3276699420493852,0.5217013887985946,0.7788192,18.200243,0.29903224,0.31870311,0.43272537,21143,0.00012480295594685664,0.12606243933117867,0.005630944063652443,0.008966827062965532,0.08897601886832729
model,547,0.6950068497223086,19.205027601339587,0.24897647244329438,0.26169483642992253,0.4089375259580259,0.815775,15.545132,0.28129026,0.3031637,0.41173542,29620,0.1207681274848752,3.659895917989978,0.0323137904942514,0.04146887082639461,0.0027978895006532944
model,551,0.9632058339058107,4.73907912732556,0.2617730368080222,0.2798942091259766,0.4441538798465816,0.98803884,6.116672,0.22070016,0.23958364,0.44861326,58438,0.02483300400388777,1.3775929117064223,0.041072877139099795,0.04031056783531195,0.0044593763694675825
model,554,0.4591847787428575,22.67592561263451,0.23269748396555984,0.25661503457401436,0.5081584995731587,0.4122784,19.964928,0.22994068,0.25961086,0.41013217,9621,0.046906364970274506,2.7109979392946677,0.0027568013159474103,0.0029958269658263426,0.09802632984964799
model,557,0.4387127796358781,20.17957359970392,0.24547379390326532,0.26624692644697706,0.3626089564853322,0.48853737,18.768845,0.23619995,0.25528818,0.31242603,102897,0.04982459152272173,1.4107289952117341,0.009273848691854797,0.01095874275785963,0.05018292584949846
model,559,0.8313383348168822,18.395789326882284,0.3404388554953799,0.34593914117597924,0.2813484096968179,0.6315362,20.097155,0.38572633,0.3903929,0.23717067,70060,0.19980214907545768,1.7013652904272867,0.04528747716910986,0.04445375833726539,0.04417774324059537
model,555,0.41822270522967003,25.408181678293914,0.3673500546575327,0.3796164543962193,0.2804630126783531,0.36652547,25.000937,0.33578712,0.34686038,0.26807517,90382,0.0516972340191903,0.40724517011520334,0.03156293717630099,0.03275607541558273,0.012387844545571125
model,553,0.9137665645035904,15.550543064035736,0.19299601529576205,0.2045352908264286,0.4884427172605113,0.930598,14.218661,0.18666604,0.2013833,0.5146873,49832,0.016831456049998472,1.3318817557471618,0.006329973683136925,0.00315199815141029,0.02624458246788225
model,556,0.6637767104829926,23.556758696063095,0.4630404984945249,0.4639848428877083,0.1371880732777343,0.5745502,22.54313,0.4191703,0.42043617,0.15435867,104374,0.08922649905339664,1.0136278214293064,0.043870208262820176,0.043548669210263846,0.017170596837736585
model,561,0.6279450406173722,20.407617725747556,0.2826369304020923,0.28916876751919673,0.2914394700906907,0.7942748,17.296724,0.28271684,0.29130936,0.33616364,49983,0.16632976635894614,3.1108934062895486,7.991010350766325e-05,0.0021405891702563906,0.04472416993158712
model,563,0.7672244415126944,21.83432244575481,0.2688595015400958,0.2721258350054038,0.2569100349361933,0.53584135,23.69682,0.28008547,0.28281537,0.20950103,103676,0.23138309572564608,1.8624968596651108,0.011225972712605004,0.01068953197800987,0.04740900687528021
model,558,0.2098185904582924,27.37459477072921,0.4684787661665856,0.4690098741279318,0.08062006423611243,0.1699406,28.404053,0.545037,0.5469396,0.13961226,54633,0.03987798469867174,1.0294579636457897,0.07655820540247565,0.0779297373070047,0.05899219324450891
model,560,0.944884508038454,13.570188272509697,0.3575577569909724,0.3645723675999395,0.3073206270347101,0.92987037,15.045594,0.37743837,0.38207573,0.24619722,102016,0.015014140988283131,1.47540594288337,0.019880609422144035,0.0175033593859919,0.06112340337138
model,564,0.9196545591617858,16.663947442349034,0.24487239779935324,0.26310752995620407,0.4256132722229918,0.82662374,17.281738,0.2485447,0.26954558,0.40305954,104307,0.09303082134974361,0.6177908389009659,0.0036722951938108206,0.006438054960864414,0.022553730043884113
model,567,0.34071513889137517,25.540639094554255,0.2911718625089006,0.3172838459459469,0.4254149573465834,0.36798972,24.716265,0.26536438,0.2838323,0.36910075,68192,0.027274580022656814,0.8243743698228094,0.025807483818180987,0.03345153431569786,0.05631420785393815
model,568,0.09157066247092693,26.715076108249125,0.3397312298986158,0.34158170343135497,0.16727112036228822,0.15887499,26.643608,0.33000398,0.33297437,0.21469231,12639,0.06730432608498127,0.07146801498740629,0.009727253076716402,0.00860732913707396,0.047421189136498704
model,569,0.19245916439388136,25.063910638082355,0.24068415645698854,0.25418061716657436,0.38779276508686344,0.24419552,24.24337,0.2576526,0.27031475,0.35851282,100153,0.051736356483956775,0.8205405819300111,0.016968454083401474,0.016134135888998147,0.02927994627353947
model,565,0.4103724708071657,25.810365361006856,0.24385313933677827,0.24536609209245128,0.14469067233606955,0.556569,21.1384,0.24153994,0.24434067,0.19871552,91888,0.14619650940981427,4.671966236861348,0.002313199098779306,0.001025419003423872,0.05402485054925302
model,562,0.9216575131517774,15.95084301604728,0.3356453817868773,0.34084526742856414,0.3175457084558397,0.8300228,18.867785,0.30040523,0.30494532,0.28056476,46417,0.09163470126212891,2.9169414840747905,0.03524014768844286,0.035899947537588184,0.03698095325449996
model,570,0.9263527135353572,11.101314385254042,0.33346259761549557,0.33786702948325037,0.2391092428585507,0.91865546,12.471125,0.35718575,0.36350662,0.2668871,70656,0.007697258422899922,1.3698102637938092,0.02372315358422672,0.025639585678645382,0.027777855692245806
model,572,0.7839279827549462,20.52383249854606,0.45590658631130765,0.45809856213734523,0.19538063460281826,0.7686641,21.870243,0.43748,0.44281736,0.27633426,79970,0.015263861127138623,1.3464105739637056,0.018426583669629792,0.015281201974610248,0.08095362133094333
model,573,0.2910913740932182,25.778273874211898,0.3417827367390337,0.36602478462291055,0.31652193578443794,0.44586882,22.929441,0.31668133,0.33990926,0.3637202,83530,0.15477744585879288,2.848832422185531,0.02510141130339527,0.026115529118302394,0.04719827262201043
model,566,0.9884719086398936,6.000460876001341,0.2567975508950071,0.2666628113858766,0.3902783336423593,0.99202263,5.4880505,0.25867078,0.2673578,0.37014934,129660,0.0035507249126576212,0.5124104151859115,0.0018732261874361278,0.0006949850447111605,0.020128989436502986
model,576,0.19595295509934532,21.413107610277645,0.2653562223598476,0.28878320741688657,0.41980626322527276,0.17537346,23.672255,0.27379435,0.31168753,0.5252819,27314,0.020579490276576157,2.2591469521002843,0.008438130648422637,0.022904321670180083,0.10547564290265693
model,574,0.9510235031506981,8.438437433394753,0.22741408536035093,0.24765934969217712,0.5346459840220324,0.99352896,5.4803944,0.19955805,0.24271014,0.7340186,50999,0.042505458984616884,2.958043069991433,0.02785603591996702,0.004949206364464109,0.1993726398068555
model,571,0.3991418961772399,25.051648331203857,0.318956169452339,0.33266409171930994,0.30572900605064207,0.43275505,23.107105,0.25684872,0.26370314,0.27922386,123777,0.03361315686612559,1.9445430760769042,0.06210744675603469,0.06896095408312525,0.026505146740491925
model,578,0.18451838416605867,26.30264171853808,0.4062782442785823,0.41137993099457804,0.22470010535675683,0.25485057,27.649908,0.45685756,0.46346062,0.21556951,108908,0.07033218222111784,1.3472663472578184,0.05057931778654223,0.052080693223409025,0.00913059430081048
model,575,0.48345555457051664,23.611401617280364,0.20586559582285197,0.2175476056647998,0.4512256467134779,0.62766373,21.978476,0.20862669,0.22099835,0.48816904,125945,0.14420817700449556,1.6329260466016535,0.0027610917038509153,0.0034507411407727062,0.036943397542732404
model,580,0.6402927043577785,24.20688953010719,0.2845792877105963,0.28833021019787114,0.2695033718689894,0.63105476,24.87715,0.29275542,0.2964441,0.26472098,98508,0.009237945332204789,0.6702600518019892,0.008176137265752559,0.008113878022725174,0.004782395516297777
model,577,0.8783512817934,11.826040829498766,0.254148049727759,0.26461364916014257,0.37058428715336456,0.8555595,12.950553,0.2405056,0.25330868,0.34123018,69269,0.02279175391940713,1.1245121108698868,0.013642443791708592,0.011304965526338251,0.029354103313566582
model,583,0.4821927360904444,27.93180181232112,0.588328437354563,0.5895450379512309,0.10920405108984227,0.26744822,29.145437,0.534603,0.5358465,0.11039409,113742,0.21474451941373235,1.213635428279467,0.05372543766736815,0.0536985661647319,0.0011900393242049723
model,584,0.925894925084212,9.2128663074025,0.3183501617662904,0.32323225128692523,0.26088108756780465,0.95122933,10.09479,0.29022178,0.29607192,0.26129594,40824,0.02533440879335147,0.8819241512766993,0.028128381227731425,0.027160334468306457,0.00041485688448111846
model,579,0.922627198731331,7.468496448204313,0.2946127027779328,0.30696671035835427,0.4356373580881495,0.8427517,12.5081,0.26804525,0.2852381,0.436076,139818,0.07987551692667405,5.0396031077649255,0.02656745617682804,0.021728623181077655,0.0004386273435216248
model,586,0.9602506525018618,9.016438241568586,0.27861870652564014,0.29379317810877875,0.3492610604270653,0.9363359,11.504751,0.27798116,0.29334202,0.35795787,78969,0.02391473121432519,2.4883129638757495,0.0006375444544121089,0.00045115402087286816,0.008696809341077416
model,587,0.6594505119966128,18.788702623183074,0.3017249123804345,0.3047872101792613,0.19061466077296965,0.8009974,13.38691,0.33836082,0.3412181,0.18231064,68142,0.1415468644453428,5.401792184645476,0.036635903859876195,0.036430903719969654,0.008304019961049486
model,581,0.6428671430770294,21.398853785918153,0.43800981265173955,0.4398367560485168,0.17288373579328356,0.78773725,19.940672,0.39074472,0.39235625,0.18346275,59867,0.14487010725103455,1.4581818651417855,0.04726509672270818,0.04748050933869319,0.010579018098661325
model,588,0.4234495631665354,26.225068030261582,0.48274098528902065,0.49422317377405095,0.36449691936560363,0.47696835,25.903982,0.5846743,0.59656215,0.34771103,111405,0.05351878485974021,0.321085867785996,0.1019333134742545,0.10233897336645198,0.01678589269705505
model,590,0.25921074876983,29.42710999313218,0.7633435835058581,0.7653055494440624,0.159474575298595,0.32539976,26.988537,0.77491575,0.77859867,0.21702033,83146,0.06618900766174957,2.438573158415384,0.011572171289216393,0.013293116747038702,0.05754575751466795
model,589,0.8883872500829801,16.31043594254941,0.26877995947801014,0.3080820272609589,0.695741516241909,0.90631706,14.551181,0.25665516,0.28955525,0.47952405,2797,0.017929805142392174,1.7592551030108368,0.012124802865613904,0.018526775662600747,0.2162174700592766
model,591,0.20386029341702708,26.687198769704302,0.2996222596428528,0.3078066887094829,0.3049622987697809,0.33455402,22.401274,0.2727487,0.27979276,0.3171873,91207,0.13069372317309133,4.28592504228731,0.026873550917877187,0.02801393286727405,0.012225010495355793
model,582,0.9188869368229166,11.856671332504177,0.24636041621132967,0.264875957091353,0.4939328425942051,0.9533724,9.861614,0.23027451,0.25247434,0.56449246,107960,0.03448548205754609,1.9950571052092556,0.01608590284749148,0.012401619275114573,0.07055962147134665
model,585,0.3488234136663908,19.688576810515965,0.348141400359968,0.34983752675879537,0.1362885082821687,0.41190627,22.834793,0.32805955,0.33040127,0.16550323,134630,0.06308285850653705,3.1462162803043476,0.02008184625993137,0.01943625517714559,0.029214725389019647
model,596,0.7281098507819426,19.137703532091564,0.35247423449351006,0.35609140761419883,0.23148688737316025,0.8334441,17.898413,0.39724222,0.40248412,0.28895807,37943,0.10533426771781329,1.2392908276237904,0.04476798376248664,0.046392711324247216,0.05747118528919326
model,592,0.71969416784178,10.858951976352998,0.303810496436238,0.3075843837266032,0.22110113554874258,0.7346471,12.456335,0.31691405,0.32659796,0.26441398,9929,0.014952927361619683,1.5973830913960256,0.013103555334925965,0.019013575076573697,0.04331284708103342
model,597,0.5785031157165959,24.06694731651671,0.5682661074240508,0.575761516942198,0.22147376904079652,0.7024166,22.61972,0.5739068,0.5819679,0.261467,89595,0.12391348308024863,1.4472268575323355,0.005640671865194791,0.006206373320405745,0.03999324074199462
model,599,0.8638549632538414,13.873937414347715,0.23811878467597036,0.24306031914335388,0.2558955244105908,0.8969147,14.729623,0.26725742,0.27222648,0.24398555,35838,0.03305975728143695,0.8556854265336327,0.029138637532815648,0.02916616348642212,0.011909975795135197
model,593,0.3049882039036383,24.32990340130567,0.2919275845735684,0.30701655152455976,0.4226056016504156,0.6582459,23.619196,0.2640903,0.2720891,0.2966313,87728,0.35325771723131044,0.7107074631953196,0.027837284967245135,0.03492745760099103,0.1259742952405798
model,595,0.9122111546584336,18.70395510216281,0.4156320158321712,0.4196575765127792,0.27819652076535545,0.8896298,19.973223,0.3568901,0.36138672,0.2740659,130288,0.022581373412248307,1.2692676303811368,0.058741903670534834,0.058270860146964976,0.004130608995488505
model,594,0.1715732446314189,29.734049580645447,0.8258703694750591,0.8264510473914796,0.08608286284477983,0.32047957,28.294926,0.63296336,0.63457644,0.1587935,12919,0.14890632718788652,1.4391238909481814,0.19290701011913258,0.19187460753399666,0.07271063126055922
model,600,0.8241980285132097,13.66177364357295,0.2530034453953127,0.2649338582798592,0.42367789155714475,0.68587065,16.724934,0.2235358,0.23076867,0.31767005,77590,0.13832738108278975,3.0631599806946284,0.02946763945468467,0.03416519260851064,0.10600784427397214
model,601,0.22904068830064406,24.111226704649656,0.29889093860735283,0.30895717611203577,0.34712514844457276,0.1463244,24.497746,0.29790226,0.32059744,0.3295305,30470,0.0827162921672212,0.3865188092663594,0.0009886823569713599,0.011640263892312985,0.017594641118446663
model,605,0.01749694285672777,31.63213233021144,0.40726860781422447,0.44503064241255724,0.37947867862901247,0.062754646,27.072792,0.45650977,0.48401707,0.3588983,50502,0.04525770308691389,4.5593402769887845,0.04924116114863564,0.03898643169556654,0.020580366775603653
model,598,0.4689511137565879,19.701882549736265,0.2655652821286621,0.2856862354678155,0.38841915440593083,0.2892659,20.376766,0.24822108,0.2643944,0.3343902,123810,0.17968521290629186,0.6748836550977195,0.01734419765314482,0.021291832963848234,0.054028961181977586
model,607,0.16532568345944176,21.68488433535603,0.2784734297642307,0.28191902266215446,0.19171859918823073,0.2617722,22.352373,0.28599292,0.28818053,0.19848569,121745,0.09644650210459937,0.6674887878129141,0.007519490634481485,0.006261507409104083,0.0067670881868379384
model,606,0.6649842762646576,10.712066097791478,0.25516752114936364,0.2581982888114611,0.1578067895391139,0.6605614,11.977976,0.25165686,0.25589105,0.20482118,100812,0.004422893494119284,1.265909747545436,0.00351066103621972,0.0023072339427629984,0.04701439473842059
model,608,0.7774851964041755,20.46917962730371,0.22103528684417859,0.257406701519967,0.57518119796533,0.95601225,11.907859,0.19964951,0.2385509,0.57430327,90430,0.17852705258874446,8.561320778731933,0.021385774076386838,0.018855800107003107,0.0008779285790384561
model,602,0.705708215712128,20.77300972868373,0.22719514859596276,0.24199530658439955,0.4649840453919698,0.9592805,12.925335,0.22379889,0.24815561,0.546064,27360,0.2535722751631161,7.847674798263807,0.0033962626544573327,0.0061603021888319565,0.08107997381121623
model,604,0.8763160082462357,13.14422313752965,0.3354387672970862,0.33927671091332634,0.22155435628576486,0.7971967,15.311357,0.30972338,0.31354976,0.20261912,128538,0.0791193219783829,2.167133406964979,0.025715390069303012,0.02572695390954216,0.018935235807134798
model,611,0.6915521139775481,17.869628953057884,0.2529012973042722,0.2597755424107076,0.33464574529776847,0.75914407,19.163265,0.27024958,0.27579156,0.2775482,127102,0.0675919537867341,1.2936362752136006,0.017348278072238432,0.01601601323237406,0.05709755136618888
model,603,0.31777627540998443,20.770925584956235,0.2949316281183108,0.3005650459342564,0.19497213433942243,0.30424413,21.371769,0.3089149,0.31567028,0.22173005,115410,0.013532144560146175,0.600843366459781,0.013983271707738998,0.015105235714379439,0.02675791908541278
model,612,0.9601522463963074,13.754757812427066,0.27323533567762365,0.28337748741115054,0.4328246019861285,0.94115186,14.36936,0.23768744,0.24619175,0.34416538,19167,0.01900038902020873,0.6146021576657077,0.03554789695119848,0.037185732473978605,0.08865921721668879
model,616,0.4056123046420638,21.793759993203974,0.2983780279382898,0.3003010097841336,0.14268816209391905,0.4757294,25.9048,0.27964148,0.281631,0.149555,70463,0.07011710123791054,4.111040421835089,0.018736548684520904,0.018670016894729302,0.006866835588652365
model,613,0.7981675259808949,21.65350337342043,0.5339301918165207,0.5380028157240148,0.2332401465009039,0.428266,26.549637,0.7042726,0.7059732,0.1516048,55245,0.3699015371541432,4.896133467399881,0.1703424360139847,0.16797039222657728,0.08163534508450682
model,610,0.717557422599984,15.867825450946896,0.31719144361783186,0.3239954774192256,0.2550098538658574,0.41429013,21.78199,0.26912236,0.28383508,0.30641672,97861,0.3032672924615868,5.914164600322636,0.04806908148099104,0.040160394172994496,0.05140686628604385
model,609,0.0164912854721528,29.06383965523863,0.3351049419180872,0.33705922317544207,0.16053474831095202,0.0067370525,29.635548,0.30677193,0.30984873,0.17768624,113420,0.009754233009157749,0.571707982700822,0.02833300788564702,0.02721049737969622,0.017151495938391853
model,617,0.10606916111487973,30.927472807511997,0.4335879421937317,0.43588675560110335,0.17642399407949733,0.062054276,31.767565,0.57117265,0.5760272,0.17619276,78246,0.0440148846485101,0.8400919660475736,0.13758471243502196,0.14014045892602678,0.00023123361196802916
model,618,0.05053283429759782,30.620630129855147,0.913800581705975,0.9139414776848345,0.04688100202647025,0.05178229,30.338377,0.93121284,0.9315458,0.046954427,2696,0.0012494570849533732,0.28225313095378013,0.01741226075847202,0.017604316325327884,7.342488798325886e-05
model,620,0.8898941400985363,18.336123797953935,0.1868948757862384,0.217966287939201,0.6409285346075012,0.8497569,19.334507,0.19922595,0.22343221,0.47987142,11879,0.0401372436027172,0.998383190571456,0.012331071474618233,0.0054659251288074195,0.1610571125551178
model,615,0.7883180333221489,11.867351280481223,0.3157322109231052,0.32505379454417926,0.3001880698874975,0.7796087,8.582299,0.31954214,0.32732004,0.27324918,125492,0.008709306820684048,3.285052047998313,0.0038099288454952474,0.0022662447281290854,0.02693889076266537
model,614,0.9613757196472696,4.633104255469917,0.2834992012334579,0.31582302761663905,0.4172097425698757,0.97351927,4.7573614,0.31469178,0.34727067,0.37109524,48338,0.012143546004433237,0.12425715657842318,0.031192580764222766,0.031447639936308946,0.04611450245375631
model,621,0.5801956115700693,20.465273910559628,0.4170022509689067,0.419762317369817,0.20528879258750687,0.56735057,21.497921,0.4731077,0.47618183,0.20162503,84596,0.012845045182892756,1.0326470794306069,0.05610544461062211,0.05641951756632496,0.003663758374440773
model,622,0.39644208830403604,25.97965696771039,0.2730339855258691,0.2738624502168427,0.12431212981702622,0.46995777,24.662842,0.3164217,0.3183237,0.16049322,68689,0.0735156806130477,1.3168151708353903,0.04338770207712772,0.04446125140325924,0.03618109504221145
model,623,0.47039803014194237,25.357959722507015,0.29530107402243766,0.29982915086998485,0.24697958768636896,0.30118528,22.472153,0.26837012,0.27313685,0.24924564,46126,0.16921275005733238,2.8858070125460777,0.026930952304984657,0.02669229669823192,0.002266055929353694
model,626,0.28996567854481786,23.885844035317476,0.25226316048474623,0.2577826887275629,0.2600358081341376,0.36496246,23.868633,0.27883738,0.28412932,0.27350235,39402,0.0749967800657168,0.01721076505380381,0.026574222308680284,0.026346632847601914,0.013466541719378
model,625,0.11770945101100957,30.04807909742897,0.40413939662444276,0.40943930990238586,0.2741307312372136,0.04066832,29.331545,0.56394607,0.56808996,0.18306577,25060,0.07704113110024488,0.7165342213303383,0.159806671662453,0.15865065210322937,0.09106495918063401
model,619,0.09824089748109233,25.779888141582383,0.21490470177990006,0.2840031658649676,0.758902919719486,0.3673673,23.782982,0.242593,0.3091599,0.71257186,111402,0.26912639992987264,1.996906269023789,0.02768830351966811,0.02515673885343145,0.04633106035974477
model,631,0.6529601486988612,21.311795678824073,0.18529394603047558,0.19814594273955968,0.4275376039996452,0.7535858,20.614689,0.19494088,0.20822044,0.40048322,25624,0.10062566673082629,0.6971068055330569,0.009646933910511052,0.01007449442951533,0.02705438318398662
model,629,0.9644189482337884,12.30374480311545,0.2104494069627385,0.27157454267250425,1.0036530067377922,0.9739017,11.372887,0.22634445,0.2731191,0.83081764,53509,0.009482740818793411,0.930858145400606,0.01589504434551192,0.0015445493151056144,0.17283536691006396
model,632,0.7737790283545952,23.61449143787117,0.3689383575594993,0.369986006760677,0.14965407950727908,0.86698025,19.450756,0.41552997,0.41746053,0.16887243,103645,0.09320122629552074,4.163735364873123,0.04659160879487084,0.04747452423564563,0.019218351413321816
model,628,0.3010590926900302,24.667102330359715,0.3174020035484428,0.33927465959059666,0.38444639465530256,0.21893464,25.505432,0.2872557,0.3031009,0.3264603,75973,0.0821244524016772,0.8383297985465354,0.030146299145519195,0.036173745827550396,0.057986092779234444
model,627,0.2083532943848236,21.17610638432106,0.208802411713677,0.2136532160588506,0.27902690133222635,0.19365644,23.961311,0.20566729,0.21187723,0.28184748,61296,0.014696849835263065,2.785204956010972,0.003135124602394651,0.0017759892293217894,0.0028205756270021642
model,630,0.6060199474078942,22.870419241108326,0.2179024160214732,0.23280879312877098,0.3542153380745285,0.6010825,22.482584,0.23166527,0.24494222,0.34047782,39250,0.004937443612270442,0.3878352414745372,0.013762852518909185,0.01213342493649086,0.01373751386340788
model,633,0.9373049466989376,14.857704762427517,0.27825093553604846,0.3010804903711295,0.47995680897495374,0.8654767,16.102531,0.26276374,0.28100514,0.43802258,128371,0.07182821921328086,1.244826670677952,0.015487196903846312,0.0200753462518668,0.041934225251885504
model,624,0.0711718406468624,29.672942254678198,0.3746046733433774,0.40090525619571266,0.35789338943851856,0.07225859,27.3179,0.3942051,0.42144302,0.39558935,107742,0.0010867510050541068,2.3550425506987054,0.01960042004041168,0.0205377591412777,0.03769596221553417
model,635,0.1707600915662311,17.93525651842303,0.248464509808834,0.2502360696733875,0.16492308822360788,0.12343894,17.995314,0.25462866,0.2616309,0.21330401,137164,0.04732115211405977,0.06005712598614821,0.0061641484858437345,0.011394823080213556,0.048380924790231844
model,638,0.8837002045413003,14.19570858846241,0.2202013671304476,0.22583801300594203,0.31510316851412257,0.5628802,20.709646,0.21782602,0.22205868,0.30619943,3963,0.32081998651227805,6.513937636513177,0.0023753434325945177,0.0037793293721377075,0.008903737094750008
model,634,0.9816138787461418,4.183665293098592,0.28114868337082105,0.30052013512975506,0.3771572713667841,0.9855545,4.388352,0.26869288,0.29079586,0.4193577,2650,0.003940637569318395,0.20468662416825367,0.012455802501909308,0.009724272455041927,0.04220041586809442
model,637,0.9573677291159146,9.504171800877977,0.2420110474227912,0.26477402190788135,0.4501503539553432,0.96857846,9.450259,0.24510393,0.28640524,0.52477336,101233,0.011210728716421814,0.05391259219877753,0.0030928780437462777,0.02163121362106457,0.07462300534336286
model,640,0.11927073078664745,29.266344212484967,0.3096297338892918,0.31234474489686526,0.218332855808404,0.14187954,30.089148,0.3123196,0.31520227,0.21212779,117653,0.02260881287542378,0.8228033552640568,0.0026898726532954553,0.002857521080994241,0.006205065953400646
model,642,0.36613949305004956,24.457375595637934,0.21715110483038655,0.2328283127770844,0.34751764535008045,0.64984494,21.96659,0.22937779,0.2668561,0.3946374,12908,0.28370545142703174,2.490784714290278,0.012226686455128283,0.0340277913584289,0.04711976052226452
model,643,0.8241929930431112,18.34227923248838,0.29759513529589066,0.31067672370106275,0.42726620134506577,0.86029714,16.484114,0.29549626,0.30289778,0.339715,53915,0.03610415041620885,1.8581655392510754,0.002098880136512604,0.007778942567411018,0.08755119737778061
model,646,0.49119390848168826,27.428277448754198,0.38471006140532965,0.38826549700069474,0.2280753387698897,0.5628404,24.344662,0.3569491,0.36199102,0.24322933,988,0.071646493644624,3.0836157361077134,0.02776097044768805,0.02627447894382523,0.015153990816139357
model,639,0.13737393981349028,23.606422367846697,0.21321029646486536,0.2231995018096496,0.2755684427481766,0.15930204,22.646526,0.23189345,0.24530265,0.2915048,53892,0.021928101121072407,0.9598960311767755,0.018683153556878412,0.022103145542569036,0.01593635757149503
model,636,0.8095115182812672,15.259663424547199,0.2206729053771893,0.23202394995317077,0.3645940631402629,0.86187357,10.900923,0.25419953,0.26405042,0.31313014,31437,0.05236204882307238,4.358740649278644,0.033526629277428,0.032026474145797734,0.05146392283569745
model,641,0.8278838095401347,19.917130625552502,0.2899774652215997,0.2931233160640062,0.2276722616748322,0.93264836,16.124361,0.2681512,0.2715137,0.23229906,131891,0.10476455118908279,3.7927695873444947,0.02182627136440668,0.02160961557877672,0.004626797954608103
model,645,0.6922542636705487,21.613489601238445,0.7535186412939279,0.7634665548947885,0.32710610199578455,0.5905001,23.315342,0.7941955,0.8007459,0.26402217,44613,0.10175414732228205,1.7018523482244454,0.04067683190019444,0.03727934955085965,0.06308393049843958
model,649,0.6911014201203162,21.604733278174137,0.3430759596478835,0.35003857012922385,0.2653604624314312,0.79918003,19.814804,0.3575659,0.36507872,0.27241305,24962,0.10807861070243774,1.7899292010257,0.014489949976216221,0.01504014734094522,0.007052582736491786
model,647,0.9303506263835161,16.700245774831558,0.32161811504686383,0.3285368124104414,0.30536874188535174,0.94953763,11.079328,0.23485743,0.24263023,0.24975216,110286,0.019187008466032274,5.6209181915185695,0.08676068995321301,0.085906584010211,0.05561657799832781
model,644,0.16309548322850548,26.200003987354183,0.565427575304847,0.5669605200505963,0.1557336911709368,0.17102456,24.165997,0.5994839,0.6005712,0.124235734,73861,0.007929077699839249,2.034007435840511,0.034056331917900806,0.033610695102144206,0.03149795682740805
model,652,0.15678928119962957,28.819434344279948,0.2542999294904639,0.26876214084775935,0.37368438135039894,0.17427784,25.842402,0.21001062,0.22250748,0.3726597,114589,0.017488560845200757,2.9770328397633463,0.04428931151904364,0.04625466404111872,0.0010246683205374918
model,654,0.44132792257211184,22.79341759152557,0.3044659299602085,0.313685780825781,0.3328383200807855,0.6587219,22.447256,0.29350454,0.30304283,0.35430518,32067,0.21739400125601316,0.3461615032687355,0.010961393808322506,0.010642951789068378,0.0214668578462317
model,655,0.9274505296572978,6.157830388488584,0.310067166623957,0.31742165428101504,0.26223593031784986,0.92100173,7.612123,0.27558297,0.28205022,0.27791792,1302,0.006448797307902043,1.4542926240541405,0.03448419743526682,0.035371432122583035,0.015681991225271474
model,650,0.9048003608382428,14.576423595990605,0.19730445880901654,0.20373034948613658,0.3378870266214163,0.8602925,16.143923,0.19769433,0.2019675,0.26977336,98676,0.04450786654121519,1.5674992097955283,0.00038987259853046075,0.0017628567865134726,0.06811366255433865
model,648,0.21368948801974483,24.42793629725102,0.23234826198036385,0.2449577560432723,0.39089507815668517,0.182499,23.083523,0.21311751,0.21978803,0.26806578,45176,0.031190481629173233,1.3444135006201599,0.01923075190002632,0.02516972625334768,0.12282929775545531
model,658,0.37343509204827313,25.686591375577276,0.5797724809780687,0.5851682656432949,0.25789023549689466,0.61314756,20.604382,0.54873514,0.55470836,0.27629018,90950,0.23971246473349567,5.082209814297979,0.03103733922391827,0.03045990401762355,0.018399942802055536
model,651,0.1929127375050811,24.181471396684323,0.271467775790737,0.2967145722319005,0.5368230990528295,0.27085182,25.037786,0.29450196,0.32795072,0.48865393,34672,0.07793908320224008,0.8563150870803256,0.023034184486820375,0.03123614378677625,0.048169171011371414
model,657,0.8781888951613679,18.158311930660798,0.23408938799511808,0.2425636940948301,0.37052153765720797,0.78544974,19.110508,0.2503496,0.264695,0.40212587,18919,0.09273915189049386,0.952196034427093,0.016260223048811973,0.022131294632739468,0.03160432756381559
model,653,0.7963426087307723,18.264824266098415,0.2945538114060499,0.30238399700068413,0.3245287135310181,0.7473209,18.637589,0.2889062,0.2992221,0.37170115,58694,0.0490217183041366,0.37276423487814725,0.0056476245869733765,0.003161885298718803,0.04717243760156553
model,656,0.854151769525245,13.841829554165223,0.40107742371539146,0.40686575667251174,0.21280471143663374,0.8053286,11.973825,0.36332873,0.36690575,0.19399132,911,0.04882316196604086,1.8680040994533087,0.03774869861582786,0.03996000782836501,0.01881339309156385
model,661,0.9721240505946908,9.958067726986165,0.2637431950403769,0.2777704662622378,0.42872467702934836,0.9350634,14.210244,0.29717025,0.30693743,0.35884506,30409,0.03706062886846395,4.252176451785807,0.03342705656751799,0.029166960066421277,0.06987962192604635
model,664,0.9055072033576675,11.46963576375547,0.2981834015133878,0.3007847698487823,0.1874115650420082,0.93306065,9.761845,0.30969554,0.31368032,0.23431548,57615,0.02755344269946136,1.7077911287457042,0.011512140345285304,0.012895551129382399,0.04690391972018357
model,659,0.25834091596226466,25.28264023164914,0.7952650403638998,0.7969803820819822,0.1317028558029323,0.17349294,25.114897,0.7663895,0.7693599,0.16830127,45949,0.08484797768215907,0.16774345735714746,0.028875551190010618,0.027620495435711434,0.0365984136091084
model,663,0.8549386653783757,17.068862148258788,0.2645933235414945,0.2774085722881713,0.4259028947768122,0.57834965,23.053211,0.25177988,0.26047269,0.3380977,29288,0.27658901547221726,5.9843490638994155,0.01281343944153418,0.016935887189523213,0.0878052032408625
model,665,0.12783671428497836,27.187336099629206,0.9520775346251149,0.9523081963330887,0.0546127420864026,0.14738007,28.482708,0.91278386,0.9132182,0.07558972,69016,0.019543354613222624,1.2953718776657155,0.03929367346483659,0.03908999612633213,0.02097697434807616
model,667,0.21735598891788974,24.22038131337814,0.6915982133045058,0.6946936687259097,0.2091912656475436,0.22231221,24.781895,0.58880574,0.5920002,0.19048919,40434,0.004956223072466709,0.5615133704597497,0.1027924781932692,0.1026934822825808,0.018702077810896556
model,660,0.4623999801250862,26.143989464360256,0.5079937094463538,0.5091921692593293,0.14850066567502482,0.6613964,24.007174,0.53431284,0.5361736,0.1349038,19061,0.19899640411411057,2.1368159261522486,0.02631913483007442,0.02698141281769706,0.013596862207274268
model,666,0.4481002286244681,24.8661160457457,0.3671809069326503,0.3709370484289923,0.25935762504690746,0.42430085,25.802114,0.40080956,0.40602532,0.30922204,10763,0.023799379186754455,0.9359984409486373,0.033628649313153514,0.03508827186252689,0.049864417513669934
model,662,0.9835492569764169,7.905608996652909,0.18652378361568495,0.20068185428830793,0.45558516129625176,0.9727905,8.580047,0.18281254,0.19683442,0.42691994,16536,0.01075877731638275,0.67443765709465,0.0037112418924336033,0.0038474390909354894,0.0286652241624627
model,669,0.2864298702802758,25.8518335575504,0.4363822312498836,0.4815788612779274,0.527779563921281,0.40734175,23.834337,0.39806083,0.44932052,0.5413495,123298,0.12091187819575266,2.0174963230533294,0.038321402802541704,0.03225833634697339,0.01356990669410596
model,672,0.7757744899337466,22.954139851686573,0.20634376386938738,0.20946955345711962,0.22464533316905286,0.7761057,20.365795,0.19952007,0.21180972,0.37084657,66456,0.00033121198962371423,2.5883447161885265,0.0068236974888865876,0.002340171112201056,0.1462012363690636
model,673,0.9670884141747548,9.478794364008046,0.2844099805622115,0.3006974570585142,0.3657886661676513,0.9705888,10.343152,0.29648733,0.3202598,0.45691204,41579,0.0035003891165660272,0.8643576821955676,0.012077350828169353,0.01956235243550436,0.0911233745427979
model,674,0.9188772985411902,16.371304633547936,0.22499861988697345,0.24759298816458278,0.48895459735019725,0.9485041,14.108398,0.2231568,0.2464392,0.49283993,64745,0.02962679176795291,2.262906196047936,0.0018418249813109133,0.0011537845446258077,0.003885335091514175
model,675,0.27024331037678806,28.507377635637702,0.3636982695638976,0.3841031081494676,0.46868215312992717,0.19525152,30.35674,0.55621165,0.55973035,0.25542262,137958,0.07499178592839328,1.8493633159003835,0.1925133808076539,0.17562724282175435,0.21325953116451885
model,668,0.3974531193610012,28.392774553777436,0.43071984427597415,0.4337105907786239,0.21222262504811445,0.28896764,27.589819,0.43257973,0.4363762,0.22045971,123941,0.10848548015316123,0.8029555993096622,0.0018598817047845162,0.0026656232487808906,0.008237089483784044
model,671,0.9132953691722261,17.371120660568884,0.30900586561075355,0.3197515193196437,0.39578031276625636,0.6053704,21.312756,0.5044568,0.5186435,0.33066615,58728,0.3079249668361055,3.9416349241479125,0.19545095249303673,0.19889197910107165,0.06511415814322474
model,670,0.5323325588135928,22.603567018802107,0.25192793530477964,0.2553594058229764,0.2516582044220551,0.8074876,17.271378,0.27987647,0.28294185,0.25962916,30053,0.27515504818866554,5.332189455325544,0.02794853526101626,0.027582442216650682,0.007970955743731634
model,679,0.8990122772992908,10.386102590634387,0.34430959868795236,0.35080286189281856,0.27092486887660033,0.93396425,10.034842,0.2970408,0.30247214,0.30064937,65673,0.03495197517263304,0.35126105315880096,0.04726880836850961,0.048330717527507894,0.029724505846834115
model,676,0.08272814891889521,30.975909029633158,0.3159013056519874,0.3169483435959253,0.1533174395010435,0.06893155,28.784948,0.2980198,0.29936898,0.17686048,48932,0.013796599131373849,2.1909606806341344,0.017881509042108834,0.01757936604923338,0.0235430419995821
model,681,0.5209417062833762,22.65667068710898,0.23455007255149596,0.24556733341718723,0.42581679323154636,0.36801112,23.78781,0.26816574,0.2833294,0.43842283,137202,0.15293058930186987,1.1311386848392608,0.03361566483902223,0.03776206402276944,0.012606035681188621
model,678,0.6813865803468492,17.786898884850558,0.3317664791108881,0.33649615096332736,0.175868953915739,0.79923725,18.130651,0.35333124,0.3601387,0.24270606,15236,0.1178506709348891,0.3437525891484654,0.02156475892049925,0.023642563350179724,0.06683710649380689
model,677,0.9596142133482943,11.973808976191606,0.23565633954679718,0.24709003459446038,0.389210843025714,0.99077934,8.270407,0.19196244,0.20209584,0.36545885,49647,0.031165126918887065,3.703402253169145,0.04369390370523682,0.044994198193474666,0.023751996933489894
model,682,0.7924377146551634,15.503162060368233,0.22206483701402016,0.23862520289242928,0.3887193973178511,0.71494704,17.858223,0.23654655,0.25577214,0.37258565,61185,0.07749066980576769,2.3550609010575485,0.014481709206759258,0.017146940709941938,0.016133743059123073
model,684,0.5713311272070225,24.28336331081095,0.40209536567982257,0.4181141829259163,0.43434355564825977,0.57920337,23.377485,0.37148663,0.38123122,0.38092202,129982,0.007872240026253863,0.905878035542397,0.030608731663785582,0.036882964349485015,0.053421536166600836
model,687,0.333586541625874,25.826403627215424,0.2805408808195876,0.28831801935548074,0.2958393794050117,0.3960004,25.777498,0.29386696,0.3013947,0.30281806,100606,0.06241384365854985,0.048905381976165785,0.013326081374855137,0.013076681648547583,0.006978680516252944
model,680,0.9103966757563032,11.206309850807983,0.381597964870108,0.38828294864024837,0.25604322221165693,0.9609867,12.847464,0.48307595,0.4869006,0.22947106,57688,0.050589998075636466,1.6411537569801027,0.10147798169933475,0.09861764917049687,0.026572164558229805
model,688,0.365895383366372,25.811468439500462,0.6833263311153881,0.6921300157035012,0.23967153095429525,0.4796985,24.73689,0.55573946,0.567465,0.28139156,69929,0.11380312561151801,1.0745776466537826,0.12758686873974723,0.12466500839835593,0.041720030077046305
model,686,0.1872270191766736,26.701862921474593,0.3988508878887744,0.4006623418239125,0.11626740356687272,0.09511676,22.461796,0.40238678,0.40461972,0.12943128,12773,0.09211026232023209,4.240067114589827,0.0035358966647534573,0.003957381734513377,0.013163873946631308
model,691,0.8301835896173659,15.385462537118585,0.2051388199483984,0.21321372260505847,0.30741824707596677,0.76095283,18.804876,0.20807086,0.21804179,0.33175653,125720,0.0692307593027297,3.4194137903960637,0.002932039364612782,0.0048280699068815325,0.02433828511626346
model,683,0.9543363006005477,13.092291691557016,0.2047497393984986,0.2512308624255875,0.8361953976973615,0.9915586,7.006035,0.1929311,0.22572498,0.639522,43300,0.037222310792427105,6.086256840482797,0.011818638672370985,0.025505882190487716,0.1966733816489301
model,692,0.5323742341213671,16.650810071535574,0.23311142225825077,0.24004156030147553,0.26237313290140535,0.64581686,15.556148,0.25686237,0.26566476,0.26571038,114621,0.11344262846179332,1.0946624961571558,0.02375094990170712,0.02562319599658966,0.003337250752235399
model,690,0.5708008561776974,26.021896041284748,0.5741683486450863,0.5778519087597375,0.20688702888625207,0.496637,24.24041,0.5056748,0.5106752,0.24811354,21863,0.07416386944521447,1.7814861902105292,0.06849356922995564,0.067176716880465,0.0412265139089292
model,694,0.4724370369772255,24.96882555450371,0.22667079912444976,0.2283929556334495,0.19860916386239005,0.37801126,26.988708,0.23655222,0.2396197,0.19094047,125196,0.09442578052085038,2.0198829415900406,0.009881424438744513,0.011226746467304288,0.0076686943589873435
model,685,0.9718506527547145,7.125820530603207,0.33155807217813055,0.3774249437251099,0.6564908626201647,0.8116477,13.875265,0.26519343,0.2828263,0.36613455,126889,0.1602029395703578,6.749444590856754,0.06636463960862676,0.0945986392893799,0.2903563084724443
model,696,0.42950897303959495,23.21712638603247,0.19224531042661433,0.20153216954745415,0.387239521999977,0.27616337,23.65038,0.19031784,0.21620676,0.5380394,60535,0.1533456036224044,0.43325279487573454,0.0019274710425353503,0.014674589666947097,0.1507998642724534
model,689,0.5112134579721805,23.54803389628184,0.22158478643850207,0.23293591473186245,0.3707753005459473,0.80910057,18.508072,0.20964913,0.21808238,0.38087255,137309,0.2978871103223446,5.039961996867778,0.011935655736483336,0.01485353145683041,0.010097247080548044
model,697,0.29942112281328426,22.317987397774456,0.2717649348334965,0.27655357529335073,0.23999259064532838,0.59593415,15.550814,0.28072625,0.28918037,0.28936926,85628,0.29651302978986516,6.767173722847698,0.008961319152862135,0.012626792891692606,0.04937666465900817
model,698,0.9386735252682997,13.952705940159383,0.2239708530499582,0.23183335987944373,0.33535097656897356,0.96355516,12.096337,0.23516595,0.24711229,0.37640205,98426,0.024881631916301106,1.856368621738973,0.011195100586211232,0.01527892919163934,0.04105107368775557
model,695,0.951562555146552,12.628852505499253,0.24960460387099612,0.25449057896557586,0.2819892766289807,0.91282207,16.717255,0.24728583,0.2502825,0.21766427,37242,0.038740487408972624,4.088402133172622,0.002318775876649498,0.0042080827516629005,0.06432500503588684
model,693,0.896691590122222,11.809726580814008,0.20760163936586082,0.21560998764113998,0.33916859159355367,0.9151379,12.926447,0.1997188,0.2055792,0.2844627,14305,0.018446296878815605,1.1167203338588436,0.007882836198517679,0.010030781293674462,0.054705901240160115
model,704,0.2842969347722867,27.81488974561281,0.4973824741637354,0.49847761688480324,0.13986459268154974,0.18210131,29.992968,0.56518316,0.56629306,0.14215466,104545,0.10219562547281769,2.1780778599780106,0.0678006885254736,0.06781544389476829,0.002290071119643494
model,700,0.3750198896785486,24.963354587263325,0.6616420435723226,0.6624401398141815,0.10791278267164439,0.4680798,24.749275,0.40795985,0.41045117,0.20566677,58449,0.0930599156955969,0.21407937974379365,0.25368219492997335,0.25198896603183285,0.09775398289899617
model,699,0.9741941161830007,6.604562826147159,0.20060521492447253,0.21136469885239015,0.37872314693277387,0.98085135,5.747394,0.19508187,0.20745306,0.31964758,56792,0.006657236031812563,0.8571687412167392,0.00552334019626971,0.003911641682475903,0.05907556654756574
model,701,0.3028069091500478,27.915113147248846,0.7385684150223698,0.7400052347600087,0.15514998092124443,0.71889484,22.051268,0.48240465,0.4856448,0.20729472,118897,0.4160879301367564,5.863845523347479,0.2561637657647099,0.25436044721003614,0.052144736509823986
model,702,0.20393980985612525,25.05447608537539,0.5450553540152175,0.546065739182647,0.1238240601212447,0.22795749,25.877628,0.5139555,0.5145583,0.09249924,24381,0.02401767725019799,0.8231522410406242,0.031099880115376233,0.031507423905547394,0.031324818888372685
model,707,0.32499672802290885,23.01746907734636,0.5267778656469113,0.529842447454035,0.16702432682217205,0.27573404,23.011116,0.6560122,0.6591758,0.16336855,109697,0.04926269086203544,0.00635304951432758,0.12923431182043488,0.12933336574405463,0.0036557738989695387
model,703,0.9185861245170103,11.38035597156398,0.40125281447097655,0.40296879930160096,0.14928943107557313,0.90570945,9.296479,0.43487218,0.44293344,0.27423662,124366,0.01287667904047829,2.083876746405288,0.03361936575248842,0.039964640906834104,0.12494718839693053
model,705,0.507402637976397,20.484443488163755,0.30097439113062546,0.306065226461957,0.22941098347246988,0.8495493,16.616158,0.27957463,0.28391567,0.25588733,19482,0.34214665554166945,3.868285956425474,0.021399758485972142,0.02214955773598959,0.026476346105929777
model,709,0.21313345144039078,24.26321769245268,0.19556067569189114,0.21356256248011246,0.4791631086938797,0.19886526,25.066118,0.19675383,0.21666636,0.5491437,21756,0.014268186786231235,0.8029005479037643,0.0011931540257449635,0.0031037932489906273,0.06998056329556124
model,710,0.976517756141813,5.2408176200751555,0.23474025204305868,0.24168324496839688,0.30517740966306833,0.9755264,6.7030206,0.20579168,0.21268742,0.30410117,55855,0.0009913636819436356,1.462202952587198,0.02894857003813009,0.028995827103597382,0.0010762405537238506
model,711,0.026982797701645536,29.47255456182002,0.3828462297675846,0.3866790885041389,0.2327140142705605,0.03093618,27.015682,0.4052048,0.41503423,0.28771064,71436,0.003953381980966883,2.4568723413610343,0.02235857298395655,0.028355146019634292,0.054996622583611265
model,712,0.28024508969536405,23.84237926214035,0.5385531831852701,0.5410869656106932,0.19491306602862352,0.25663862,24.073792,0.48857486,0.4938723,0.27663612,3488,0.023606473371892978,0.23141224176589859,0.04997832070510655,0.04721465091914967,0.08172305762860305
model,706,0.9112131959171398,6.839327537239754,0.2632247503608768,0.2721014085082647,0.3014179012649053,0.9215299,5.713529,0.2643134,0.2739288,0.2955867,69482,0.010316693189610704,1.12579842728492,0.001088649430840749,0.00182738277629646,0.005831196057080601
model,708,0.8945766950623818,6.684796637962158,0.31276196936106865,0.31978423819125046,0.24922523746772818,0.8622685,8.519239,0.28420258,0.2892603,0.20997639,13163,0.03230818758176046,1.8344427876970215,0.028559393677474898,0.030523940177563325,0.03924884746357016
model,716,0.6199824932787273,27.170342762000114,0.45330298325013374,0.45494040657265183,0.1644879811074616,0.6305837,24.962725,0.40436742,0.4105566,0.22126126,45199,0.010601210239186476,2.207618076331169,0.048935566153042065,0.044383792173695535,0.05677328178621516
model,715,0.024103526718977284,32.938479401142274,0.5474141355743259,0.5506991858026933,0.20381646706597972,0.0660849,29.342728,0.31974488,0.3270311,0.28220826,76062,0.0419813722892968,3.5957517400094616,0.227669250606522,0.22366808004593364,0.07839179680807423
model,713,0.49378866528252624,22.718502478739175,0.41524520250602304,0.42218959960355706,0.30528333851253264,0.37551528,23.664787,0.48969874,0.49680102,0.2632934,88527,0.11827338312844299,0.9462848137412934,0.07445353535370292,0.07461141911134772,0.04198995300685637
model,714,0.6236317053661092,18.132703219623505,0.3305600705868028,0.335249442617198,0.22598578681811995,0.44112176,20.933249,0.28293812,0.28689262,0.24546087,97067,0.18250994833562217,2.8005453002739564,0.0476219478374742,0.04835681990792373,0.019475081063654948
model,718,0.12615686201881732,28.298551716183326,0.41126967178031903,0.4195537865071109,0.21963785142331824,0.122711554,27.602333,0.29656005,0.303002,0.22309849,129728,0.003445307849162471,0.6962186473356695,0.1147096227233122,0.11655178665206939,0.003460635238592774
model,720,0.8436710646537551,16.2387894076612,0.4048261751802287,0.40604774460979615,0.12837221889220016,0.7837793,17.974567,0.39782348,0.39956695,0.16181608,139772,0.059891741552711375,1.7357780056688767,0.007002692428382362,0.006480796195947269,0.03344385655202134
model,717,0.9647608202514166,5.068090062280987,0.3218681568263609,0.34558255372754637,0.4755826966355994,0.9460164,5.712701,0.26232114,0.27754635,0.35810623,64676,0.01874444900126404,0.6446107815300479,0.0595470124839384,0.06803620753995482,0.11747647090661073
model,719,0.3787310846410204,27.56537296516841,0.565098255216902,0.5662901218675933,0.15536986106492917,0.21347836,30.154163,0.6193803,0.6209859,0.15370548,67282,0.16525272804121266,2.588790395427292,0.0542820400597398,0.05469580333000801,0.001664383350390597
model,721,0.2226269900082897,25.186164948895538,0.22641679825722685,0.23125472640576575,0.24569593559959205,0.22988173,26.720173,0.22409628,0.23886372,0.36112475,128213,0.007254743647639866,1.5340079331845402,0.0023205149406146097,0.007608995084140563,0.11542881835243432
model,726,0.5413124722410516,26.0633968690729,0.5326066409406796,0.535594990494087,0.2033611180700596,0.5353737,25.961458,0.42238605,0.42528588,0.19260523,136110,0.005938784496910987,0.10193866289614206,0.11022059071637536,0.11030911469681526,0.010755890838080234
model,722,0.3778323743130792,21.653986631576696,0.23332335580236382,0.23473401471090571,0.1480729609063539,0.33215523,23.907267,0.23452787,0.23566322,0.14522482,97773,0.04567714665194639,2.2532799852445926,0.0012045152103238588,0.0009292055754636097,0.002848136358586273
model,728,0.6139116394404963,23.408395729559004,0.5190795609474105,0.5349200954134963,0.4056299041859997,0.3461275,25.014786,0.4804868,0.48979822,0.28969485,122922,0.26778412936969553,1.6063900370425586,0.038592750740043535,0.0451218774016402,0.11593505850957758
model,727,0.6827303433295884,23.862403469159542,0.29548006050944114,0.3180314489209837,0.40621490464564924,0.329764,27.615551,0.3461752,0.37103602,0.3405027,112895,0.3529663348075547,3.753147525713505,0.05069513327717995,0.05300457398055136,0.06571219549533491
model,723,0.9098646891031552,4.960661172506242,0.30561552140778137,0.31328801326976635,0.25690831557149296,0.8791462,5.8812275,0.27350503,0.28128216,0.30898508,27442,0.030718470803289488,0.9205663207798906,0.03211048934525085,0.03200585656391003,0.052076768723779865
model,729,0.12658414006087196,28.321199420004074,0.2051781356685327,0.20748715699927714,0.18982499380747833,0.15579304,25.512444,0.21662425,0.21849175,0.20467652,107929,0.02920890092995751,2.8087558775236054,0.011446109379036562,0.011004590976072287,0.01485152999718628
model,731,0.975962553901671,13.38112074142699,0.3295166726493847,0.34377367141414017,0.4453881231498865,0.92533064,17.275572,0.51255894,0.5192822,0.263426,96930,0.050631915016172924,3.894451081693127,0.18304226442336918,0.17550855037998825,0.181962117309585
model,732,0.7262239179938474,19.835003917498845,0.20946844458914346,0.2476718094266508,0.5956411008633101,0.63458794,20.49717,0.23320682,0.2853689,0.5536647,93972,0.09163597443992288,0.662165577130061,0.023738378879064853,0.037697080143585415,0.04197641656765583
model,724,0.9730776508485514,10.443305049833107,0.23124361917374045,0.2563393755961407,0.6339960125890625,0.9512979,7.557986,0.2735986,0.32613438,0.65719795,91024,0.02177977162949618,2.885319267209816,0.04235499218108743,0.0697950080822956,0.02320193968144535
model,725,0.501655899053306,20.742435722501117,0.2649054706368436,0.2718448588516448,0.2695925775392536,0.36439523,23.138187,0.27518603,0.2855157,0.27424112,130877,0.13726066804477632,2.3957516859461485,0.010280561419964862,0.013670836958673216,0.004648542083930618
model,733,0.5238712598917741,24.708210522384313,0.44593244525337966,0.4507025830621564,0.27153179788526294,0.28102356,26.616869,0.47735384,0.48087215,0.21912508,56965,0.24284769793727579,1.9086584503940074,0.03142139581298081,0.030169571173683463,0.0524067207568526
model,730,0.9530338941891985,12.200893187688415,0.2142783994235384,0.2449467882834305,0.6713208959577717,0.96207917,10.52854,0.19534951,0.24053334,0.7246744,113637,0.00904527317682935,1.6723535300956414,0.01892888493913289,0.004413451286398334,0.05335350770967828
model,737,0.9530615494470955,13.677225105789972,0.17779576311838316,0.20366827934694168,0.6080903778390934,0.9492476,13.88194,0.19837923,0.2452453,0.6697798,62692,0.003813950799024246,0.20471478221051598,0.020583470361116657,0.04157701343584183,0.0616893996877621
model,736,0.5461371924981688,20.936722626781258,0.4006584038697766,0.4028999407399799,0.16987027609252228,0.6789212,20.249977,0.44709453,0.449261,0.16402584,89703,0.13278403018859875,0.6867455149648514,0.04643612599739566,0.04636106895316583,0.005844432949059147
model,739,0.5682155920597888,21.768327418223436,0.24919368117104526,0.25417825824149315,0.2622567306344169,0.66399384,18.517868,0.27633017,0.28149956,0.23333858,38025,0.09577824338942997,3.250459376231248,0.02713649184454922,0.02732130640618141,0.028918151098932587
model,734,0.9101106894166272,15.576747693974042,0.25424496274060404,0.28968102156060216,0.41828502955184615,0.8584845,17.545712,0.25552782,0.30308685,0.5390641,31551,0.05162618280957154,1.9689638233599425,0.0012828614228328483,0.013405825506277114,0.12077907977356278
model,735,0.9459355630373794,14.26593174663713,0.20028703148645427,0.223557165389957,0.6099666991568016,0.94056726,12.368313,0.20894487,0.2385528,0.64497226,41957,0.005368308017237755,1.8976189109437698,0.00865784053522084,0.014995628470478473,0.03500556560989154
model,743,0.4790518332408735,25.766357370199717,0.30671885904506324,0.3298080284806116,0.3897425330830101,0.624487,23.049679,0.26250497,0.27551338,0.3556491,69116,0.1454351495815447,2.716678567709483,0.04421389397815345,0.054294647714696664,0.03409341942791977
model,744,0.9855253717833412,8.397138404613557,0.2811418206954916,0.29632374169628944,0.45502533311912213,0.9867491,6.256563,0.25242615,0.26772958,0.48691654,54054,0.0012237408227073754,2.140575217968049,0.028715673234554095,0.028594161293915177,0.03189120893410052
model,738,0.030523583046361803,28.83503186851153,0.3573433685749775,0.3587246394797281,0.1545177144590217,0.042134393,28.519365,0.41700473,0.4188601,0.16348727,133095,0.011610809960201383,0.315666557842583,0.059661365702747715,0.06013546818056548,0.008969556015412189
model,742,0.5518435535020376,25.22938033421288,0.5263076238551306,0.5284384954567535,0.2002113989883291,0.28424543,28.624516,0.5841926,0.5871004,0.1786869,9469,0.26759812207885036,3.3951351992343852,0.057884950169069804,0.058661891162814395,0.021524497061334774
model,740,0.26756718603455054,27.928598912357398,0.3356046036929596,0.39626952408847826,0.5308512992694228,0.31443456,27.897131,0.35374594,0.3999178,0.47618893,120024,0.046867372118601924,0.03146794617087423,0.01814133365445253,0.0036482870668409495,0.05466237138055252
model,741,0.04193040766293421,25.331725902988715,0.27761884074957865,0.29674840357933285,0.48983521427868537,0.11566569,25.263535,0.27474204,0.28992954,0.41867027,117063,0.07373528144782171,0.0681913570902779,0.002876803691702068,0.006818864614107634,0.07116494741200141
model,749,0.6539705745070518,24.643530682558485,0.481696403710643,0.4841885462897266,0.20059248305339622,0.62068605,22.319551,0.35467276,0.35942963,0.2729082,12280,0.03328452027731543,2.3239792146629767,0.12702364393929594,0.12475891863278993,0.07231572770099831
model,748,0.8913288584503891,11.755695766448504,0.40105437855655773,0.4031628169263138,0.1614386679607321,0.92891383,11.326196,0.40738854,0.41093522,0.18929538,51150,0.03758497326042631,0.42950004959059385,0.0063341595656193905,0.007772406176255797,0.027856713346869816
model,750,0.4238838461417854,17.425747656733684,0.30307109069423377,0.3044256186409324,0.12024046430799003,0.51407087,18.037323,0.3022026,0.30379167,0.16269009,108089,0.09018702235034104,0.6115753413131912,0.0008684785325974165,0.0006339466495841606,0.04244962384489541
model,752,0.9611308171126035,11.37454730304625,0.25329844735752516,0.26273178298579597,0.30084458949575077,0.9386853,12.858724,0.2613711,0.26773545,0.259314,83737,0.02244551914660009,1.4841763373956454,0.008072658551822376,0.005003668474088674,0.041530588889213904
model,747,0.49987940436583644,24.97472294142397,0.4284942609412896,0.4400611770947252,0.24799640528407826,0.32402557,25.24644,0.4600338,0.47161618,0.27236578,83664,0.17585383301955348,0.2717179460272021,0.0315395432369483,0.031555001656266624,0.024369373400537825
model,745,0.9591598574639774,3.8491053037888108,0.2723841744688282,0.27878799817608113,0.21936887870371477,0.96383125,3.6828706,0.2757874,0.282905,0.2231898,110875,0.004671388435223078,0.1662346773392258,0.003403238651441598,0.004117014193074753,0.003820922273992139
model,754,0.32745129147200014,24.902829257861388,0.2792517303167459,0.2863438506954951,0.27808421116464804,0.2297464,26.58047,0.27985048,0.28195795,0.1630385,1796,0.0977048901620331,1.6776398736083387,0.000598752623927945,0.004385896527175415,0.11504570406072806
model,746,0.6433855361643681,13.880151608672335,0.2761182999502873,0.2801747132215733,0.2357025677893798,0.63223654,14.575602,0.26232326,0.2658193,0.23566844,38872,0.01114899584683271,0.6954499690864537,0.013795039642975293,0.014355402079605506,3.4132096592642824e-05
model,751,0.811861702443303,16.3877785583745,0.18541891319029274,0.19227774500393777,0.2910087484921765,0.8272738,17.09672,0.19333977,0.20690589,0.32910386,8144,0.015412083624659623,0.7089411834467896,0.007920851881576152,0.014628141526938393,0.03809510878664735
model,757,0.7346437092430789,24.259055866890886,0.24798242847963184,0.2558193727612372,0.33121321674640103,0.7188212,23.282179,0.26146644,0.27154002,0.28852347,36966,0.015822481692572277,0.9768769881067065,0.013484015059033932,0.015720643174660653,0.042689751351427274
model,756,0.8394488398111483,18.717232806479977,0.3935898571837465,0.39933308477850765,0.21410015807913887,0.9179486,15.312695,0.26894796,0.27347046,0.24368086,83809,0.07849976381891766,3.4045382569194302,0.12464189823751848,0.12586262340994686,0.02958070649338615
model,759,0.18837941530432054,27.512106539023875,0.23237790515915444,0.2358252280009612,0.22395455946828524,0.34047797,23.237242,0.21820621,0.22101076,0.20919298,71935,0.152098557918412,4.274864794028758,0.014171693234601518,0.014814468528114216,0.014761583112732568
model,755,0.6345759993284719,21.497656811505237,0.3258460926229136,0.32838493388007595,0.17265490419040413,0.7052057,20.965828,0.3057663,0.30781746,0.15573308,54159,0.07062967961134747,0.5318288696107061,0.020079778354801403,0.020567474773630634,0.01692182547221871
model,753,0.7475290145861775,18.399781913250788,0.2721451301053516,0.2758363068339425,0.25934056070337846,0.7206576,18.339954,0.2757548,0.28168714,0.2787962,2565,0.026871427534785886,0.0598275370300847,0.003609679274226063,0.005850833630840213,0.019455635280508254
model,760,0.760621337330063,16.308890755769546,0.24509406930521546,0.3034029038775647,0.79661523392631,0.9386763,8.173751,0.25781628,0.31843534,0.66513956,36591,0.17805496033457935,8.135139878389175,0.012722215589727776,0.015032437242201546,0.13147567799521864
model,762,0.9889895347873247,4.6618947129075465,0.221681204109635,0.2348913609010102,0.39594472446007295,0.9812449,5.1715565,0.23413822,0.24592929,0.36784026,32123,0.007744613103059517,0.5096617598707738,0.012457016438994772,0.011037924982893299,0.02810446419281526
model,761,0.10861768987683781,28.874297498377242,0.6348659679156732,0.6395880144787226,0.18874571225599704,0.18791723,28.928452,0.46270692,0.46781167,0.23167673,73724,0.07929954263658992,0.05415403970869548,0.17215904443087093,0.1717763405990992,0.042931015277343415
model,758,0.6378993376751101,21.83152122234431,0.3285401930811024,0.33174164693818115,0.22074585000279467,0.561989,23.860765,0.31856877,0.3219168,0.23131114,85630,0.07591032829476951,2.02924423480901,0.009971426964006436,0.009824858121729119,0.010565292441815921
model,764,0.057626044834794055,27.642151294812145,0.23987314509062233,0.28568751215466937,0.5664021047287359,0.030538395,27.569656,0.24240702,0.281182,0.43246186,22971,0.02708764978760625,0.07249492274183211,0.0025338788160854386,0.004505521054358086,0.13394024693302053
model,769,0.8811154557619684,6.281045558438386,0.24440660880708764,0.259979883340577,0.48958038489938593,0.88633156,6.357116,0.24697702,0.26263988,0.41662005,39591,0.005216102465570693,0.07607066394320583,0.0025704075226776757,0.0026599968397819085,0.07296033899904109
model,763,0.8459389942429185,6.744694555158667,0.2668638520756805,0.2827931904163135,0.384396282568976,0.8288601,6.4539657,0.2535195,0.2769209,0.4444916,46898,0.017078890158903626,0.29072889124875445,0.013344346813305596,0.005872275766350132,0.06009531246085492
model,767,0.06099186619438638,29.781286407890843,0.2644895204222434,0.2666170750309169,0.1533578169036635,0.058273792,25.544632,0.2265509,0.22845492,0.15778206,129342,0.0027180739275406776,4.23665444988303,0.0379386135256522,0.03816215736162065,0.004424245984481934
model,766,0.8476257791031839,18.084822427533435,0.3796331331568219,0.39129529434048493,0.3310971954185891,0.6824019,21.66604,0.4960711,0.5092071,0.32594162,102892,0.16522388358011264,3.5812179929987913,0.11643796707816345,0.11791183513796966,0.005155573161356453
model,768,0.5780334272387286,18.017201771016254,0.3090447985079013,0.31833200472495354,0.3017348135013858,0.60164493,18.015358,0.29304653,0.29804865,0.22421816,97793,0.02361150598499573,0.0018437998248472809,0.0159982644464694,0.020283359467003714,0.07751665358736909
model,765,0.3165314512042834,21.894041315236308,0.2588080571194259,0.28389007782192766,0.3749408819631628,0.11710492,23.78434,0.2717382,0.29609716,0.3858561,112596,0.1994265334396197,1.8902985895488484,0.012930144260350107,0.012207081563753497,0.010915210013002996
model,772,0.8898966226164136,16.623890298982644,0.322944630547785,0.32887943817648413,0.2892370892208139,0.78991586,21.76208,0.41703415,0.42052573,0.2053714,103496,0.09998076291716429,5.138188939908957,0.09408951862213688,0.09164629147973535,0.08386569446735781
model,773,0.6200982446176458,23.59165649313108,0.2797499111547656,0.2965028811857754,0.4162567943343347,0.52076787,24.395554,0.34825858,0.3773273,0.46659917,119873,0.09933037705249081,0.803897095736108,0.0685086735830121,0.08082441197180212,0.05034237205894532
model,777,0.6097775088229916,22.71621806039077,0.37058624869864487,0.3874985916934433,0.45573814143729546,0.6189152,21.972467,0.44038516,0.45807207,0.39580497,112312,0.00913769141046783,0.7437506379054177,0.06979891413170791,0.07057347461362456,0.05993316998076775
model,770,0.275292931866986,24.69717941728594,0.3933258759641455,0.41310869800806416,0.2977592961912786,0.6133823,21.855005,0.34501153,0.3616968,0.31182456,117298,0.3380893480059083,2.8421741530037146,0.048314343657474335,0.05141188847780598,0.014065263974126663
model,776,0.928574143527761,14.412777628228007,0.27028688842259546,0.286515384794394,0.41293227616644546,0.9797903,9.041464,0.25412706,0.27075157,0.44774666,39745,0.05121612680076071,5.371313776299296,0.016159833016025027,0.01576381909958502,0.034814388119214335
model,774,0.22654472618064359,23.40024760702662,0.3065380968027645,0.3118234256108548,0.2760330054462242,0.20612553,24.561184,0.34922385,0.3544411,0.27720395,34710,0.020419198560328033,1.1609363224167382,0.04268575535482827,0.04261768070857269,0.001170941859455099
model,771,0.36083735756668045,24.540213378003568,0.1827921870327586,0.19421508011798905,0.3908447906887411,0.3678344,26.228338,0.20010921,0.20996815,0.38456494,117812,0.006997031643066864,1.6881248635735808,0.017317026557863352,0.015753069544028775,0.006279854527699857
model,779,0.21752989320597185,24.157595380793826,0.27813950473570015,0.29864481325687814,0.39566902695363004,0.15414824,22.994436,0.29066956,0.30404016,0.29651284,139865,0.06338165728888048,1.1631591167557396,0.012530055696733933,0.005395350498538731,0.09915618477528532
model,778,0.9397405372438438,3.9934646284128874,0.27944824426679,0.28496898083832767,0.1883629135545356,0.947948,3.591769,0.29131505,0.29871163,0.22402523,8528,0.008207441729544906,0.4016956483866423,0.011866804666239184,0.013742646883458831,0.03566232102550437
model,775,0.7428992968023124,20.954669290460977,0.18062796630719924,0.1876641520621604,0.3587658075261286,0.7558086,21.024445,0.19105119,0.20548974,0.40307555,87102,0.012909295040338997,0.06977528961714796,0.010423218823873759,0.017825587713497265,0.04430973850010128
model,785,0.7836827661959817,17.308005479121327,0.23906210410660977,0.2454216478246784,0.30692968507807417,0.8632484,16.21423,0.2375223,0.2494248,0.3468818,13949,0.07956564164474711,1.0937758953810928,0.0015398000485348229,0.004003152452077885,0.039952121772359184
model,783,0.11624500422015467,25.525311000715075,0.24464899844725693,0.24664955117252585,0.195814501949509,0.109907046,27.197996,0.2489474,0.25129956,0.22078718,50769,0.006337958259728341,1.6726851388112927,0.004298398427170863,0.004650008897511992,0.024972680500785494
model,780,0.591386700290789,22.64013758708288,0.8020294522987539,0.8038180540333311,0.11037018504421144,0.6398945,22.05278,0.8401244,0.84324545,0.13910647,9519,0.04850778518284382,0.5873574357156919,0.03809497597349343,0.039427392648645254,0.02873628232200713
model,781,0.6739621260934382,23.680106188935376,0.6837504726209688,0.690297401023374,0.2836254509361822,0.8524211,20.508192,0.51523894,0.5205988,0.23249274,117984,0.1784589788145513,3.1719141265574464,0.16851153190517898,0.16969857223080198,0.05113270601354425
model,786,0.4649016749392675,24.359878819618086,0.3127198980909175,0.3308075964880081,0.38851381789909367,0.8162877,18.553108,0.26423275,0.27976727,0.36892626,25115,0.35138602142227426,5.806770604286054,0.048487143383581066,0.05104032163144073,0.019587561004028364
model,784,0.9862584274676437,3.9285682396360784,0.2801319999692579,0.3018922640410698,0.3750037647119015,0.98097515,3.5607574,0.30584252,0.33464316,0.4137086,131704,0.005283276405631976,0.3678108410307317,0.025710518837199603,0.032750891295310225,0.03870483270974462
model,782,0.52898564282349,25.20436399903006,0.3223999986090274,0.3271152903148222,0.25575869662333,0.55218023,24.239046,0.3381311,0.3438967,0.24177964,43991,0.02319458779403316,0.9653179022283034,0.01573110133031891,0.01678139671597001,0.01397905630636681
model,788,0.459973510766455,25.61380686499466,0.781791292039148,0.7874642985446696,0.19622302744526487,0.46817136,26.198893,0.7820694,0.7839202,0.1551131,118781,0.008197847342065523,0.585085728389128,0.00027809301257930574,0.0035440700633768696,0.041109926439710676
model,792,0.9654734734969743,13.915748358228313,0.3153308551914677,0.39228320457407684,0.6040891894333209,0.9373911,16.300276,0.2874041,0.32877862,0.4868762,13655,0.02808237118297896,2.3845274443839912,0.027926765025375777,0.0635045800394699,0.11721299972461119
model,790,0.7480792182487284,10.992949184470014,0.2194329691375519,0.22914885985945954,0.4335451462776798,0.8458292,10.793976,0.2341862,0.26530603,0.4764667,51574,0.09774997057497159,0.1989733543918888,0.014753233150122058,0.036157165884024955,0.042921539255843744
model,794,0.10669574636293498,29.693817614749708,0.6645695634134025,0.6665364853721512,0.14985913823774866,0.2328298,30.245413,0.72353137,0.7243967,0.09887269,42628,0.12613404792474658,0.5515952117883778,0.05896180198118983,0.05786022025529025,0.0509864468448501
model,789,0.23057880703603678,24.118483106721015,0.2656959018065113,0.26773934774392394,0.1774181361020069,0.20286459,24.783894,0.25130647,0.25439805,0.22871582,138363,0.027714219729060463,0.6654104784840627,0.014389427597679527,0.01334129981988219,0.051297685998632436
model,795,0.08609774169090739,30.84173092086247,0.8062001428694455,0.8068960240517429,0.08090036311571501,0.16896933,29.494652,0.79489785,0.79545385,0.08396156,103339,0.08287159148093709,1.347079126428877,0.011302288541290006,0.011442177597122516,0.0030611982064972093
model,787,0.8974888029645324,13.725394656313398,0.2516495891223185,0.25950601584356303,0.2924500151249658,0.8281579,13.349785,0.23719877,0.24403088,0.28638783,9668,0.06933090120061636,0.3756098052391792,0.014450819076084365,0.01547513789575572,0.006062184152294314
model,791,0.43942128429740973,26.029594294395643,0.3556233925875898,0.3691436798062196,0.26394435435443786,0.59946287,18.974316,0.33837765,0.3460698,0.216998,98863,0.16004158248573236,7.055278651085096,0.017245738035130076,0.02307386703156139,0.0469463583818045
model,797,0.8940537402044634,11.386974842794196,0.24717851387898787,0.2637507113554493,0.38210073002769585,0.8935061,11.393676,0.25939396,0.27400625,0.3454277,81184,0.0005476304899553197,0.006700961343987899,0.01221544635851518,0.01025553616499747,0.036673038091202925
model,793,0.7946890306571618,21.102117940060335,0.6740481137401336,0.6767394990537484,0.1828895620972931,0.8987009,18.045307,0.34844077,0.36515146,0.39374682,54571,0.10401186226810066,3.056810780636507,0.32560734740559993,0.311588034114631,0.21085726097514038
model,800,0.848438618698666,17.05276157570674,0.3232869914290131,0.34524901262433066,0.35757333054390067,0.7600074,21.52298,0.3435528,0.36944008,0.43983027,19140,0.08843123725945701,4.4702181606213856,0.020265806603747494,0.024191066111020898,0.08225694284591561
model,798,0.8358589184877694,18.943775803638754,0.3470404561427041,0.35298163405265914,0.30760937543703387,0.8867507,14.301664,0.30862877,0.3150049,0.27876002,33584,0.05089177960183022,4.642111451221762,0.03841168841389858,0.03797674885597335,0.028849359472525815
model,802,0.04129410323196157,25.87262902482639,0.7859504836718874,0.7873283505147489,0.12246236728530799,0.043909617,26.439438,0.7142151,0.7172091,0.19399683,69549,0.0026155135363985713,0.566808841384546,0.0717353838603334,0.07011924979148232,0.07153446448940362
model,804,0.1667796213666823,23.48626277048145,0.23369529343918008,0.26169209787181635,0.3550063523360229,0.34329212,23.436014,0.22104931,0.24408455,0.38102192,45792,0.17651249575215314,0.05024859506641022,0.01264598466232461,0.017607545941388802,0.02601556453027959
model,796,0.9538527470414487,11.743540856056796,0.16952436506262747,0.1821351678772986,0.46895928867451864,0.9247539,13.45453,0.17261249,0.18057151,0.39268345,12017,0.029098842698797367,1.71098890621127,0.0030881232071784392,0.0015636564894735971,0.07627584226720052
model,799,0.3773584881653076,23.53099055223158,0.2568060472021898,0.2856488105341798,0.5013093322866075,0.5463082,22.130613,0.26028532,0.2919428,0.5216134,98409,0.16894973126752322,1.4003772252052116,0.0034792706956068287,0.006293994517623802,0.020304086769331264
model,801,0.3546704690613782,24.843343826060924,0.2505553307299336,0.30319797461639975,0.7618985016919251,0.7560368,21.14094,0.20551921,0.2449898,0.6957994,36901,0.4013663489661181,3.7024041135365096,0.045036116457434494,0.05820817714344595,0.06609909134875491
model,805,0.8270166453487485,13.67973012449147,0.3184180035608686,0.3449612671236302,0.5620584878593561,0.84442824,13.998455,0.2684468,0.28938195,0.38597345,94805,0.017411595904150645,0.31872492311595124,0.049971200467912036,0.05557931602995647,0.17608503433762757
model,806,0.9752774943334923,4.247266768363488,0.2259904962496521,0.2437347135740125,0.41705436817424624,0.9756968,4.10861,0.23732993,0.26804554,0.44013456,107666,0.00041930780578991467,0.13865661516524597,0.011339433817410288,0.024310831050316117,0.023080186927148416
model,810,0.08629831720858853,32.11767599329838,0.8434192727100907,0.844265793324113,0.09839987103905627,0.064878836,31.469406,0.75907326,0.7605523,0.11988958,85613,0.0214194809344415,0.6482698653686896,0.08434601526380159,0.0837135062223674,0.021489708674288302
model,803,0.9146613979663633,9.68656328156083,0.32152026165859765,0.33207639869635885,0.32218247403597894,0.7745928,18.071827,0.28031263,0.28804195,0.28805438,50737,0.14006858113668186,8.385263653253624,0.04120763410465783,0.04403444942420309,0.03412809719538751
model,809,0.8539873590721621,11.387871391958342,0.30254603041264005,0.32209465124035275,0.37788159509849734,0.87900984,9.316039,0.31491244,0.3329897,0.29915458,22608,0.025022483800457573,2.0718323065701583,0.012366407979999106,0.010895041447635534,0.07872701545906252
model,807,0.0359636578910136,24.388994926173336,0.22422902340683046,0.25586328923608886,0.6297115771790572,0.12962247,23.602514,0.21902262,0.2332851,0.41558295,25569,0.09365881642176868,0.7864806592055622,0.005206406662789015,0.02257818996812927,0.2141286222954818
model,813,0.5287433641300977,23.908683974887772,0.6819447115870955,0.6841286157597788,0.16038101299655236,0.72885317,22.412672,0.40898433,0.41206267,0.23607117,97900,0.20010980197326533,1.4960119320410925,0.2729603783103468,0.2720659409989603,0.07569015637982093
model,808,0.32927181562591357,23.84600272521334,0.2609916596599177,0.26287155749501956,0.1860687253200015,0.3101753,23.487408,0.2575705,0.26371363,0.24062292,69523,0.01909651598144335,0.35859504088716676,0.0034211545177058045,0.0008420705586456023,0.05455419745812809
model,815,0.9304774678336137,11.289624177291032,0.36761089837489735,0.3703018127292688,0.17434630724213135,0.96879435,6.4071527,0.54232293,0.56144506,0.40083265,105978,0.038316878022099154,4.882471524550553,0.1747120352989613,0.19114324466285154,0.22648634580352295
model,811,0.8287709583444914,13.181361531884733,0.20829278993132871,0.22224988963709774,0.35081397580258455,0.8943548,13.768606,0.20110166,0.20826755,0.33838266,87981,0.0655838619069734,0.5872446540283534,0.007191129202874125,0.013982334996327783,0.012431314459963705
model,812,0.1459027260582516,21.41484433471529,0.3576467542490026,0.361246896004524,0.20992530031762222,0.26506937,22.355143,0.41623527,0.42139706,0.22063069,24963,0.1191666394431522,0.9402982586684985,0.05858851386699471,0.060150164151344554,0.010705390137814491
model,817,0.5687775643440823,21.45867664706587,0.2998804599146991,0.31644619773242805,0.36924930460260835,0.7450477,18.427143,0.23142125,0.24416064,0.3697407,2985,0.17627012414010956,3.0315335501420435,0.06845921279002715,0.07228556047294471,0.0004913901586678926
model,818,0.3006228308271801,28.175246486867618,0.790319668947442,0.7924811778381383,0.17231941473294696,0.2996049,27.161652,0.73299915,0.7363239,0.19998428,5034,0.0010179380964672191,1.0135948755394928,0.05732052296279233,0.05615728476791737,0.027664867522225772
model,820,0.8531554124401608,13.793483881560135,0.35595790436299046,0.36261987576023275,0.2599978624727187,0.84841263,13.781755,0.3362932,0.3413659,0.24940942,139307,0.0047427794979610916,0.011728434172439961,0.01966471364529332,0.021253972144281208,0.010588440194314486
model,821,0.8368774438995314,16.85504777229785,0.1878763173569148,0.20979455071452488,0.46507683184062665,0.919111,13.938296,0.19545211,0.2457786,0.6171891,117909,0.08223356951294414,2.916751454243652,0.007575791622310368,0.035984054627386436,0.1521122774847823
model,822,0.5370979586155709,18.972428829237888,0.3486520639163009,0.357487971365698,0.30946262817569464,0.60842764,19.9278,0.4346861,0.4449064,0.31795454,82603,0.07132968516036908,0.9553703956156276,0.08603403060617532,0.08741844218944728,0.008491912076990904
model,816,0.9092439547412062,6.412033851209237,0.34432656209496454,0.353446847967267,0.2590171975125395,0.9064004,6.6817904,0.32303593,0.3412825,0.34834883,108480,0.002843572222437918,0.26975650065843837,0.021290636468209778,0.012164361051678618,0.08933162865742816
model,814,0.9089447998946087,12.125622987963233,0.3574385535965837,0.3608102881808531,0.1994590662827972,0.9248006,11.521874,0.29261085,0.29581004,0.20646437,117651,0.015855774884901752,0.6037485601678227,0.06482769968613755,0.065000244369055,0.007005298841905261
model,823,0.0660184911759033,25.335395611314066,0.2333487190893023,0.25452083026508876,0.3988664368100701,0.06856524,20.088528,0.28423795,0.3512373,0.6128073,18814,0.002546750816570298,5.246867931870707,0.05088923195096565,0.09671646679301671,0.21394083705467598
model,819,0.6992104869640683,20.719861558074903,0.21911897397905458,0.23061859926886016,0.42087375108930014,0.5337102,21.072554,0.22283942,0.23162706,0.3489993,1950,0.16550030525096404,0.3526920765686512,0.0037204410943401933,0.001008462694221196,0.07187445943089865
model,827,0.6447618781925771,10.708063971891896,0.3196666611999036,0.3284306508428396,0.25571369738201183,0.6343188,13.472824,0.3594784,0.37016496,0.27907407,48519,0.01044304960981346,2.7647601247877915,0.03981175285878169,0.041734309779947854,0.02336037545581776
model,824,0.8126531754964682,13.088170164346423,0.27918621385216935,0.28558040750562025,0.26132295507582715,0.82145,13.168421,0.23924363,0.24505822,0.28763178,73442,0.00879681954442535,0.08025062727955401,0.039942587257625894,0.040522183900464304,0.026308824833306765
model,830,0.47704353234659386,27.268865981039927,0.34068053092021156,0.34357037762205406,0.2568093398513475,0.45608962,26.069906,0.31231514,0.32281986,0.29118606,12744,0.020953916524755478,1.1989597462987156,0.02836539472598243,0.020750518832610088,0.03437672463038771
model,829,0.09295298762784499,27.464019213265395,0.26667783143097956,0.2910720292077428,0.3683560976975638,0.116037734,27.270483,0.28377485,0.31920922,0.36089602,108208,0.023084746225018327,0.19353619629762164,0.017097021321705985,0.028137188817464742,0.007460076569862972
model,825,0.6120748718820849,22.531023217854294,0.4387125367213788,0.44433195514258067,0.24854128442191162,0.72168005,23.357052,0.4865143,0.4933935,0.28989962,115953,0.10960517324578378,0.8260286315109404,0.047801763386577156,0.049061555437482196,0.041358333011636356
model,826,0.8398826925839595,19.615574856524542,0.35212196664311246,0.370348067927167,0.33653914287788794,0.8763121,17.15946,0.2852684,0.300304,0.3220501,86856,0.03642938446148114,2.456114788775519,0.06685357050396756,0.07004407231788357,0.014489048273395755
model,832,0.250915055469573,21.499527297516927,0.31944323265560015,0.3244360494464757,0.25123333356964067,0.2752073,20.45429,0.35408905,0.35837314,0.23320015,59088,0.024292255445420297,1.0452369075022787,0.034645818829461494,0.03393708588181715,0.018033185821647202
model,828,0.8845275206146486,17.95083152168825,0.40573088202600016,0.42258165491567196,0.4387060992274167,0.74386096,19.002542,0.38118413,0.3949169,0.32633984,51313,0.1406665606079347,1.0517109740392883,0.024546751118941446,0.02766476286397518,0.11236625833843966
model,833,0.4530340303048631,26.54336476701194,0.3306420573299251,0.33861421647116896,0.2431388880978846,0.74618495,20.360664,0.34408638,0.36722383,0.29013935,133311,0.29315091480164324,6.182700399336159,0.01344432148286484,0.02860961255982164,0.04700045921695001
model,836,0.8891200199509001,17.07557739868983,0.22996159904846913,0.2424494836750577,0.4196480789512684,0.75669754,21.335297,0.30074644,0.30775917,0.33883518,132823,0.13242248443606852,4.2597192321695445,0.07078484183898204,0.06530968208879728,0.08081289914551276
model,831,0.8656513754423445,17.69663965726626,0.24810118158101627,0.2530779005240186,0.2524391401483604,0.870743,11.789667,0.24569067,0.2562788,0.30571386,100377,0.005091601223152331,5.906972527749659,0.002410507991309846,0.0032009123612658508,0.05327472203234945
model,837,0.032495544912655674,27.442355986919264,0.23878948482297427,0.2654724435593894,0.5034987873962733,0.023099452,24.851406,0.22580238,0.25124463,0.48452547,17221,0.009396092655499302,2.5909498895071543,0.012987107956633631,0.014227809169512107,0.01897331547053782
model,838,0.23467906257588023,30.361423585676643,0.4241005270686781,0.42642526939382447,0.2004543048260543,0.24263473,29.519373,0.3755339,0.38105866,0.24563609,96556,0.007955665975030723,0.8420506456131669,0.04856661846310256,0.04536660626401795,0.04518178581019905
model,839,0.20978512617057654,28.851699425647947,0.34296025911246786,0.35397109320977993,0.4035787084226157,0.2578966,29.48286,0.46107107,0.4671623,0.29477265,112066,0.048111475983201535,0.6311611395375998,0.11811081489647379,0.11319121786733799,0.10880605365081086
model,840,0.8365088584410599,12.73633263117081,0.2412108909622332,0.2481195832709952,0.29826477342797963,0.85459596,12.818325,0.24743383,0.25743693,0.3455627,94153,0.018087100745494022,0.08199241155379866,0.00622293536509072,0.00931734786227506,0.047297923028929545
model,834,0.8814826909571325,8.71377681794938,0.32713107361784705,0.3343381535882193,0.31117587216483195,0.85356927,7.755493,0.33613673,0.35637242,0.39742056,112773,0.027913421776834646,0.9582836538868804,0.009005654907314697,0.02203426243122042,0.08624468318833273
model,835,0.8986321923726044,11.437335566183954,0.30364103116636804,0.32081229624016383,0.3105076983839766,0.95762324,8.153419,0.26627958,0.27977383,0.33879477,93535,0.05899105095930479,3.283917025229364,0.037361452957444696,0.041038464872671154,0.028287069472621273
model,841,0.9478965196906483,13.583687511673773,0.18420640348429643,0.19273455833112746,0.36642844982257206,0.9403198,11.392002,0.20249899,0.22068693,0.38673308,75512,0.007576743155614074,2.1916854059608823,0.01829258383278884,0.02795236910665483,0.020304635094496426
model,847,0.8598356257768285,17.31888873303415,0.4044594784062075,0.40683616862123156,0.1824321445616798,0.8719783,16.817831,0.40870753,0.41162083,0.17925122,763,0.012142657151638314,0.5010576936054392,0.004248050900204248,0.0047846569078669465,0.003180920759113276
model,844,0.8752392341915112,18.48034733118266,0.24285668170303715,0.27384315408740995,0.48044502027706604,0.9100607,10.393353,0.286794,0.30920726,0.3957936,105476,0.034821469562913876,8.086993868963422,0.04393732512145626,0.03536410652126315,0.08465143330769043
model,843,0.1276173078064143,25.157459029773214,0.21609549382957077,0.22146820032723535,0.30682815824984705,0.08487059,26.376263,0.23114471,0.24115999,0.3760051,68485,0.04274671604673261,1.2188036350217075,0.015049217545665738,0.01969179010264288,0.06917695487500036
model,845,0.9708630228549809,12.801987086452954,0.24991189413916526,0.2564654787030521,0.3436576832327236,0.97957665,11.570315,0.23809479,0.24375604,0.32002947,9679,0.00871362442666579,1.2316717254300045,0.011817102369183874,0.0127094377723041,0.023628215888439552
model,842,0.37033150953524746,27.36899790084676,0.2416639225737867,0.24465304761272286,0.16440527953711803,0.42115393,24.108818,0.26678827,0.26968887,0.19147865,76472,0.05082242327458225,3.2601798466475422,0.025124351475972223,0.025035826870385663,0.027073375205122874
model,849,0.4881765661095101,22.48742544449387,0.400254567092984,0.402719153924486,0.1857175350863789,0.49768242,21.569908,0.3615298,0.36397612,0.18985586,24340,0.009505856290010772,0.9175173024040255,0.03872476977738648,0.03874303297569448,0.004138323597207227
model,851,0.3447284790867741,24.828362616005794,0.3256651651152203,0.3310382340609892,0.25994710165331325,0.5376436,22.182491,0.31847245,0.32773072,0.32324842,38153,0.1929151323443477,2.64587131351556,0.007192720104081396,0.0033075187861784094,0.06330131453206578
model,846,0.8214423376216207,10.652177754483404,0.255452334304664,0.2601005358083771,0.21613071102741133,0.8340922,14.111992,0.24512175,0.25166106,0.23655048,67264,0.012649862180778015,3.459814127840815,0.010330587049338702,0.008439473567776523,0.02041976909992327
model,852,0.5672606271719244,24.561004469698265,0.28368173133960545,0.2908441446686905,0.2588521537509003,0.8715715,19.498686,0.2766986,0.27976802,0.20913611,84489,0.3043108540559504,5.062318632906273,0.0069831420146542755,0.011076124754063443,0.049716040226463365
model,853,0.7719071096381129,15.409668689102375,0.3733217628827037,0.37499943625322224,0.16056426015043887,0.65079284,16.507944,0.32262996,0.32648203,0.21391085,103868,0.1211142724951686,1.098275417953289,0.050691804491514114,0.048517408484133495,0.053346587751859104
model,848,0.9762008728821389,5.92599415985071,0.21872859860265112,0.231986498582426,0.3979972153406966,0.9689312,6.4305224,0.21282059,0.24809673,0.4241049,98085,0.007269674762021672,0.5045282820133039,0.005908009060262204,0.016110235702928605,0.02610768382731793
model,857,0.891226059722185,18.01366577914446,0.23867569064764443,0.26866400856614303,0.4530186220480598,0.78526163,21.334183,0.25739732,0.29212683,0.4256872,109773,0.10596442871022216,3.320516960113352,0.018721633199172583,0.023462825826404576,0.027331428177515382
model,856,0.8638426702630941,18.96949771292705,0.5206881389155633,0.5234333312894737,0.22849256529913012,0.8733641,16.79779,0.35745344,0.3625271,0.236621,80368,0.009521420656400492,2.1717071855833012,0.16323470325615475,0.1609062290574943,0.008128442024134958
model,850,0.06596444786164747,18.490300938324392,0.2465518015191551,0.2507603457223613,0.20330973457592091,0.047785092,20.421333,0.2386911,0.24166697,0.18106031,25487,0.018179355716442927,1.9310323746638893,0.007860695080518315,0.009093373085184764,0.022249420397454117
model,858,0.1562882639179173,24.627948629015524,0.25091147565744054,0.2534905960896877,0.19018525196080927,0.16059752,27.687346,0.26097617,0.26410007,0.20385943,91162,0.004309254168516102,3.059396875745218,0.010064689875625255,0.010609478678378692,0.013674181570951904
model,855,0.58983200088847,22.505275747670943,0.22443880788976517,0.27818070766896097,0.7956666876916493,0.9745138,11.792207,0.1928191,0.23915985,0.859066,106438,0.38468182786595506,10.713068983449752,0.0316197042911705,0.039020855402649324,0.0633993218298351
model,854,0.9130743922338783,11.8243759266565,0.25799031645948795,0.2822162067841917,0.517129165109953,0.8876563,10.761479,0.28764525,0.34105346,0.48721147,115659,0.0254181207762062,1.0628965489099187,0.029654934099365204,0.05883724928384726,0.029917699274381704
model,859,0.3447144161098129,22.51372641759253,0.26436737383669084,0.27324993126733776,0.2655412173799287,0.5559053,23.325321,0.23602277,0.24346922,0.26402178,72703,0.2111908663875931,0.811594779917236,0.02834460343187517,0.02978070788724896,0.001519433312774765
model,865,0.8960495450928707,12.340048959396995,0.20179891585604745,0.20434138720731296,0.18791541524220004,0.89458567,10.572203,0.2187717,0.22154397,0.18599872,53188,0.0014638760521907823,1.767846276901878,0.01697278023465079,0.017202580516533478,0.0019166923313189976
model,864,0.5181511189375174,28.230816445452554,0.5528385559488533,0.5542954981376423,0.1436603950149678,0.577371,23.826012,0.49060604,0.4929011,0.1822986,40212,0.05921988230607389,4.40480478773771,0.06223251618635639,0.06139441133039136,0.038638205658707736
model,861,0.5612237010355223,18.157168072806332,0.33695366705924334,0.34272862069093457,0.2360357427378729,0.63611805,16.0313,0.33280832,0.33821538,0.24677224,26042,0.07489435335443129,2.125868481741879,0.004145351305306577,0.004513239783875855,0.01073650183476657
model,860,0.6479085069074443,20.64574321954927,0.22480117062092586,0.23729117536616867,0.4911843683024194,0.5321997,21.54472,0.2217561,0.24355926,0.5441949,65042,0.11570882610223798,0.8989764764956512,0.00304506996632381,0.006268080829853362,0.053010508845255155
model,862,0.92917944830087,5.013389760178917,0.33052824312586315,0.3368760049461352,0.232602446273895,0.96783715,5.3407044,0.34122813,0.35134906,0.26815268,1760,0.038657706564394934,0.3273146808916394,0.01069988435369007,0.01447305082092415,0.03555023769941737
model,863,0.9025599461544891,11.682553597173914,0.22860446620469288,0.2330563253427827,0.2828091059412318,0.745625,12.435984,0.27666467,0.28635707,0.37367424,53442,0.15693492708100276,0.7534300606629998,0.048060208077381095,0.05330074963318471,0.09086513774735155
model,867,0.6900660673376656,20.200816286730888,0.20580475115461963,0.23901845108276798,0.631643415959537,0.5189391,21.543842,0.21915656,0.27205864,0.7483968,128051,0.17112698948350913,1.3430260289429405,0.013351812127393309,0.03304018486732052,0.11675339790993933
model,869,0.06819494360891738,32.36425263907289,0.7721086726682541,0.7728056890082396,0.08561017727225682,0.053153414,31.729973,0.7333999,0.733961,0.07738414,115293,0.015041529329694894,0.6342797997174188,0.03870874505213473,0.03884470287084951,0.008226040655073139
model,866,0.12173109590420463,20.430100402436754,0.24786365677063749,0.2511421766390147,0.24643361994870416,0.09639364,21.741287,0.29655087,0.33723298,0.46968248,53352,0.025337458545062322,1.3111868290085589,0.04868721317107394,0.086090800512856,0.22324886491648444
model,871,0.9284873075708443,15.166034353376794,0.3156504328189364,0.3231568621073508,0.34471983044251137,0.90638757,16.068407,0.3106837,0.318732,0.33904532,2051,0.0220997400507027,0.902372705339026,0.00496673535685449,0.00442486867053743,0.005674514461600111
model,874,0.704974367072575,19.147032352660222,0.4396560364044092,0.4413677558313818,0.16460007542141936,0.85354733,19.06421,0.4626057,0.46555114,0.19158868,76273,0.14857296759844552,0.08282146093658938,0.022949678393564432,0.02418338209281251,0.02698860949507692
model,870,0.15794830554670422,23.35044605888898,0.27088451677709685,0.2850322128945099,0.4036837795721912,0.23206744,19.466583,0.23896624,0.2526363,0.34351712,103587,0.07411913043313892,3.8838628069358556,0.03191827529817687,0.03239589945609439,0.060166654919328655
model,868,0.654061201794678,18.669909033779483,0.2588190330225028,0.27574341525916773,0.3088505919979995,0.6977721,17.757969,0.28206044,0.309761,0.33477402,92641,0.04371088387197852,0.9119401311915922,0.023241411332508177,0.03401757249946874,0.02592342533598485
model,875,0.41544206111086757,19.98563960954848,0.40047244486188843,0.4056331829485984,0.23160642704156947,0.650819,20.257727,0.4958973,0.50141823,0.24661198,73112,0.23537694247113317,0.27208705976304515,0.09542484822893188,0.09578504996918724,0.01500555554243016
model,873,0.9922964723119302,4.328212557471417,0.24030423943850682,0.2611713317480133,0.518901410853214,0.99382055,3.8106523,0.26952228,0.29201302,0.48818466,134292,0.0015240757456259635,0.5175603014594543,0.029218040062454487,0.030841687575335675,0.030716750180072472
model,872,0.4134198211382441,15.88362414288894,0.2396579688081508,0.24320020817661803,0.20934814070609606,0.5073852,13.901996,0.2419418,0.24626032,0.23392703,24942,0.09396537316336112,1.9816284840144291,0.0022838259449238507,0.0030601070032068023,0.0245788856849333
model,878,0.3116864205156173,23.86242607988593,0.19327570084866352,0.2056604728575561,0.4247254544503624,0.27372476,24.000326,0.20137854,0.21115078,0.39044908,102324,0.037961655930122296,0.1379000767302827,0.00810283835593395,0.005490307462611449,0.03427637755941698
model,879,0.09363976745250652,30.59642101311881,0.6153030958745589,0.619808086180737,0.26288613927466636,0.061811052,29.63626,0.6677872,0.67281103,0.25139996,77374,0.03182871518972347,0.9601619341393182,0.05248409837745527,0.05300294516081572,0.011486175180504377
model,876,0.22914644850257262,27.92484330659605,0.29968259555996646,0.3069278478961018,0.22938410635994494,0.6937452,22.419998,0.2567039,0.26568314,0.27450764,26521,0.4645987473630585,5.504845137650737,0.04297868234814395,0.041244703565123386,0.045123535432352424
model,880,0.45693410054063854,26.11083094793791,0.40185883766559044,0.40736277268506005,0.19343227868558585,0.6515215,21.068537,0.32093278,0.32567686,0.2018101,52668,0.19458740338468494,5.042294189515058,0.08092606192973534,0.08168591425991967,0.008377827949507838
model,877,0.252598778999415,28.047833707511593,0.3254186976939857,0.33081172428596245,0.22990848856690863,0.342903,26.628868,0.39753038,0.40638548,0.25310308,115365,0.09030420919600429,1.4189656044842494,0.07211167921717765,0.07557375707161201,0.023194588844742986
model,882,0.8894897435418873,12.542669875251484,0.33527168773533017,0.3468225562004003,0.3001166375895662,0.9206972,12.252737,0.29845813,0.30658802,0.27705142,62663,0.031207468677351025,0.28993282996339786,0.03681355856777341,0.040234532299414594,0.023065218569867096
model,881,0.8814954803656296,6.504373193663007,0.253549873717596,0.2747071210837122,0.44476846258958663,0.8444077,8.516929,0.24276932,0.26099914,0.34991148,19298,0.037087802715177975,2.0125554791275206,0.010780557878782238,0.013707977960085493,0.09485698144754257
model,885,0.9561695094588952,4.006682039468679,0.26319978803483923,0.2743822831212426,0.2635812263952486,0.9488196,4.9630165,0.24212018,0.24945453,0.25098795,84999,0.007349931764956019,0.956334470541087,0.021079611481113036,0.024927755027904563,0.012593279408096514
model,883,0.4786672139963748,23.22461654656491,0.280669690645875,0.2856724900443162,0.25475734259092997,0.42081887,26.239532,0.23760197,0.24084072,0.20013571,67472,0.05784834869714994,3.014915924138215,0.04306772498005773,0.044831771894177364,0.05462163473570536
model,887,0.12122565326536301,24.432561340516244,0.21487842439222007,0.21815232360422934,0.2161576537436455,0.19161612,26.645922,0.21861313,0.22262764,0.22896549,92906,0.07039046468889114,2.213360366637076,0.003734708442214435,0.00447531616627847,0.01280783731279675
model,890,0.5057479855717585,17.69317630762753,0.3798283511098926,0.38125720958100434,0.15001205116613556,0.4862936,18.252342,0.33568993,0.33775452,0.17704211,93721,0.019454371661083436,0.5591659164935621,0.04413841900196719,0.043502691787348946,0.027030060588281862
model,884,0.025319610327225354,28.030213710543077,0.24308851440544088,0.25192323497233204,0.2849729744623528,0.017825283,26.125927,0.22655857,0.2361176,0.2730388,52898,0.0074943272170836,1.9042867391075298,0.016529948311996057,0.015805633577678724,0.0119341699312554
model,892,0.06534808709418373,27.77730361164953,0.7999830378870777,0.8017797513645826,0.09418851259493936,0.48899835,24.991411,0.80181074,0.8022883,0.0826577,44451,0.423650266387109,2.785892402543084,0.0018277035374828499,0.0005085424739184052,0.011530810327769411
model,888,0.626899566997298,16.345653001662605,0.30443396088588986,0.3092712548162973,0.23483232054465913,0.7331022,15.036664,0.409893,0.41562188,0.29244965,61784,0.10620263541816832,1.3089889925683664,0.10545904520045962,0.10635062190031647,0.05761733260399199
model,886,0.25636208803282545,26.116928002157675,0.21766823618074593,0.224741309162811,0.331875824407536,0.350924,24.36004,0.23318832,0.28073177,0.5937065,101521,0.09456189721001818,1.756887337484823,0.015520080045259621,0.05599045825318938,0.261830664201778
model,891,0.5102382691548535,25.638058861084186,0.47318013914020574,0.47564234399008315,0.2426790346863381,0.42245373,27.07853,0.3918988,0.39852232,0.27256495,136587,0.08778453785640683,1.44047049682597,0.08128132827671086,0.07712002658056777,0.029885912918794943
model,894,0.14816666060147282,24.605271166016838,0.19650749297631487,0.24505446631516287,0.8627977148818573,0.2633009,24.253426,0.19633445,0.23374833,0.6281728,50398,0.11513423508944515,0.3518455678723065,0.00017304153931840816,0.01130613464917013,0.23462490003581848
model,889,0.9701045316519032,11.178081231692587,0.22155098543280607,0.22942962527677072,0.32531084056408327,0.9641086,8.87326,0.24907732,0.26304534,0.33602992,54182,0.005995945340562914,2.304821687320029,0.02752633466607088,0.033615715499672766,0.010719076437640973
model,893,0.747259511208137,20.55671172115412,0.20322931843003275,0.22821173385473983,0.6254782181862529,0.6609482,21.936636,0.19643714,0.2357703,0.6441909,102203,0.08631129429300644,1.3799242499152164,0.006792183091249487,0.007558566175968479,0.018712689292079587
model,897,0.05205901263524928,26.483422106377223,0.2927712087529013,0.3200873853241902,0.3699232740579862,0.12520073,27.29738,0.3038398,0.334308,0.34787557,2777,0.07314172090719304,0.8139583410104727,0.011068593989103093,0.014220613094617807,0.022047708767535146
model,898,0.14078499603824263,23.879319257510186,0.45402365704697034,0.4563218481526607,0.18527647727566238,0.26709038,26.192656,0.39399448,0.40058836,0.23450056,41400,0.12630538415356035,2.313336305844306,0.06002917667549512,0.05573348474361833,0.049224079908556984
model,896,0.9211221535834894,10.350293655850365,0.21446008731054522,0.2334082918779145,0.4856167820678945,0.9502686,8.629272,0.2138359,0.22741826,0.41195667,130104,0.029146472629584363,1.7210211949128649,0.0006241922490523022,0.005990033091713032,0.07366011416780904
model,900,0.7443057875335497,18.57407553231363,0.7589583094363099,0.7611739380900505,0.1069954200507869,0.7316212,19.277857,0.6905189,0.6919804,0.1038763,52511,0.012684581726817523,0.7037812944685982,0.06843939378308117,0.06919351654692918,0.0031191198946704107
model,902,0.9488068327905766,8.908711616628302,0.24686847124725328,0.257876279302721,0.352209200453961,0.92528313,10.389412,0.26914302,0.2810756,0.33944628,60811,0.023523698806964588,1.4807003096412288,0.022274543899002214,0.023199317506666206,0.012762924027645672
model,901,0.6073015096427227,19.552046988446207,0.24841146498524855,0.25425840244613757,0.32141207443264364,0.64228195,14.925413,0.2727037,0.2867194,0.40805823,100861,0.034980439877388414,4.62663385673234,0.024292242232921618,0.03246100916541944,0.08664615167590739
model,903,0.7640260521998937,20.55686542949951,0.526035450987005,0.5407927586559828,0.3654320054308323,0.7650523,20.311796,0.44187534,0.45800036,0.43461862,133936,0.0010262663731043231,0.2450692411450177,0.08416011243262267,0.08279239673657968,0.06918661663375814
model,904,0.4048770672897289,22.934294448050018,0.18299854351441194,0.19634898263541353,0.4036352549218423,0.48038563,22.155483,0.19206777,0.21685629,0.5104086,10666,0.07550856403313183,0.7788112022004086,0.00906922863562773,0.020507303294266338,0.10677332538134982
model,905,0.675918427332197,24.253803659458338,0.543539279236979,0.5454426911706254,0.12437982132837921,0.69967145,22.643763,0.5616817,0.5639726,0.14573354,44605,0.02375301994487211,1.6100410709573616,0.018142408594899684,0.01852990118319542,0.02135371396138519
model,909,0.8902706353512109,13.366932855624647,0.2294150210317726,0.2324156064563298,0.20868293157797752,0.9067012,14.220901,0.22612058,0.2293623,0.21165399,762,0.016430571809738836,0.8539676799588491,0.003294444769298549,0.003053312378456574,0.0029710609557062617
model,895,0.14363632166659476,24.619814050619674,0.21971414406878934,0.24912608336885164,0.5487651979905134,0.1413921,24.822742,0.21169795,0.23587182,0.5546853,89024,0.0022442247894966794,0.20292841153852947,0.008016193109583708,0.013254261726929645,0.005920096637629935
model,910,0.3515528676249853,23.49870623035916,0.27758115212138146,0.28057007224818875,0.18755649739771746,0.36828646,21.711596,0.30979657,0.31346068,0.17294703,39285,0.016733593013060988,1.787110695080841,0.032215419610185925,0.03289060561397861,0.014609463157948477
model,899,0.9023338805050869,15.784641756809215,0.36168324772475485,0.3659299462226912,0.2577151256772095,0.319169,25.13501,0.3804939,0.38441417,0.27467406,124523,0.5831648658127804,9.350368008815785,0.01881066139580484,0.018484219989390704,0.016958932283300754
model,911,0.92555655249782,15.52155205809025,0.21166838696398746,0.2310516495148002,0.42071404479862573,0.9524215,13.368615,0.23082398,0.25026196,0.38930023,59237,0.02686493387989608,2.1529369076385905,0.019155591817712675,0.01921031289898764,0.03141381763340356
model,913,0.6430519725554249,22.731485873172165,0.26903380142668004,0.2743331613966145,0.24271296749231536,0.6933662,20.204279,0.2957316,0.29875898,0.20201619,133559,0.05031425697872427,2.5272069272493134,0.02669780267259364,0.024425822215446036,0.040696777797910755
model,908,0.8115345116793503,16.984770643511055,0.2320985634257076,0.2615469124452957,0.48918094574585747,0.937046,13.042496,0.25015235,0.27515495,0.4343688,52149,0.12551147974139554,3.9422749159719928,0.01805378604633831,0.013608035789262396,0.05481215654984306
model,907,0.1868236396986962,21.553734950790982,0.20659451423661643,0.21062699317630645,0.24746417012757904,0.30423313,21.457003,0.19765507,0.22261463,0.5138273,63436,0.117409494094181,0.09673231102047453,0.00893944738881522,0.01198763788047913,0.2663631537859952
model,914,0.2227846947549286,29.18376310788743,0.33455240457358154,0.34327189500023614,0.26546420822585487,0.27560154,27.171581,0.28137264,0.292628,0.311852,69483,0.05281684128060912,2.0121818395768827,0.053179768016956175,0.050643904754417046,0.04638779987846947
model,906,0.8268115978689499,15.602017036961207,0.2587649146162804,0.28051596795932127,0.5954245121797429,0.7914802,17.64273,0.2691887,0.30782408,0.6656633,126199,0.03533141426757047,2.0407136759294175,0.010423787490195457,0.027308107262694115,0.07023878976498976
model,918,0.7854019581547032,15.652172825581793,0.23004707386905376,0.26043403906761453,0.5124421543919894,0.89234406,14.094269,0.23430258,0.2724958,0.5058347,43340,0.10694209940526389,1.5579040267536683,0.004255506487544136,0.012061767149579072,0.00660745571492638
model,912,0.6953966876598452,18.65116995295225,0.2510394445934848,0.262157263561662,0.4114111590929029,0.5643141,22.478079,0.26913533,0.28150517,0.42108068,118467,0.1310825606914614,3.8269088892108343,0.01809588155359465,0.019347903922621423,0.009669519608497879
model,915,0.8714681205525479,17.902365461105454,0.22505144633830887,0.24604043129424868,0.5407607889179509,0.79990005,19.064789,0.24423046,0.263869,0.46965408,138145,0.07156806562090723,1.162423357253921,0.01917901776252884,0.017828556266023532,0.07110670566599775
model,919,0.42333243311574775,23.809756272636204,0.2563095878644048,0.28720039795174096,0.4716845190209968,0.55046326,21.28202,0.25466776,0.3815084,0.77048755,51180,0.12713082610437554,2.5277357037885473,0.0016418289227543847,0.09430801202521827,0.2988030278997796
model,916,0.9814200814910267,8.44972895763663,0.22293935900515274,0.23781407569236354,0.5063112991115224,0.9726848,8.115215,0.21439141,0.2296534,0.46081564,38619,0.008735280866179251,0.334513656122958,0.008547948654353182,0.008160672529407303,0.04549566080776568
model,922,0.4739186602267773,26.596182331786277,0.4006216865103128,0.4064754904844054,0.2862972717670966,0.36817273,28.30994,0.54987913,0.5559186,0.22626477,40239,0.10574592525096249,1.7137580063484883,0.14925744719101164,0.14944308384878552,0.06003249696774965
model,920,0.4717910868541246,19.088738836974255,0.2801896840949007,0.31545649011992377,0.4838229237135563,0.34522092,19.425344,0.2902765,0.3118679,0.37322077,57088,0.12657016343035749,0.3366056301888314,0.010086813507562076,0.003588597377766789,0.11060215216242408
model,917,0.967349134654157,5.188550163494341,0.2512327472893515,0.2643838570461492,0.3878069071588594,0.98416114,6.6782737,0.23772535,0.25999463,0.5395078,72648,0.016812003880388948,1.4897235143315868,0.013507400008849202,0.004389231000922145,0.15170089914225754
model,921,0.8956706923987485,12.687140729653478,0.25937295233612384,0.26931027074828157,0.3360260848976718,0.95348847,9.310511,0.26995516,0.27849934,0.33283037,79504,0.05781777672509181,3.376630094277502,0.010582205897518737,0.00918906430230132,0.003195715425168111
model,925,0.21781203770083243,28.401531920756607,0.3830528535092262,0.3890204334205016,0.27829198032451796,0.2922149,29.64516,0.5304479,0.53441167,0.2168727,117608,0.07440286255437081,1.2436287542922209,0.14739504678603138,0.14539123535696424,0.06141927331520247
model,926,0.28449998053474534,24.80894109818095,0.6440915460402654,0.6450438521171079,0.11159594683859275,0.29377827,22.710182,0.6261268,0.627213,0.11448529,112163,0.009278289948271623,2.0987589082395424,0.017964720230786657,0.017830850865887204,0.002889346788192526
model,927,0.6956976271403732,18.868847635652102,0.2032827207579319,0.20684156488759292,0.2275456084128315,0.6032759,17.84656,0.19881113,0.20207034,0.21257631,122448,0.09242173202165982,1.0222881111159694,0.004471592022389614,0.004771224373409877,0.01496929360589333
model,923,0.9660823224513764,13.382302187665488,0.24215130107085261,0.24953675139518142,0.27306019735889825,0.9584068,12.775544,0.22926243,0.2377723,0.34893048,29896,0.007675516459249909,0.6067580211005463,0.012888874575300552,0.011764450555757283,0.07587028073711005
model,931,0.596655286977799,23.505887818900643,0.2196191029614127,0.22284953844505873,0.1875732984296495,0.5821299,22.811275,0.2210041,0.22572014,0.24069737,111728,0.014525391290695744,0.6946123367229085,0.001384995692380625,0.002870598912653066,0.05312407054980453
model,924,0.6900907173946057,21.67569302131824,0.3420434511849978,0.3476115573166517,0.28008207071471025,0.7681941,19.173077,0.34699196,0.3536294,0.34229916,138967,0.07810336200450319,2.5026163916795667,0.004948505048980478,0.0060178529502245,0.062217092626811965
model,929,0.3648836339419325,21.168608348244113,0.29434857379823104,0.3632701179145377,0.555628185898897,0.42345348,21.559727,0.3755888,0.618945,0.8331574,40510,0.058569846063331765,0.3911183668437772,0.08124023068518266,0.25567488464130944,0.2775292342594893
model,930,0.9870089555821834,6.61024518639158,0.25166405374033335,0.2665952262493109,0.3946677933968714,0.96003556,9.013746,0.2769589,0.2871578,0.3111648,138672,0.02697339306692459,2.4035010752050994,0.02529485887067434,0.02056257752456908,0.08350299704448494
model,928,0.9750097519685289,6.1568770812221345,0.2936871695911577,0.3543621134411666,0.5941458086938022,0.9796422,5.790053,0.2850356,0.3373104,0.57048786,70155,0.004632460422370754,0.3668241904445466,0.008651559392183095,0.017051709855732622,0.02365795182887298
model,935,0.32137776216720937,24.468140272607382,0.39236780688752876,0.39426374766059696,0.1456086523245576,0.90963435,14.774024,0.39075086,0.39853978,0.22460996,95851,0.5882565895631373,9.694116262902792,0.001616951680085521,0.0042760339098376066,0.07900130382072895
model,937,0.5320983915852837,17.530428550539526,0.29184260508741516,0.29444995614362096,0.1979121286315061,0.4935942,20.449076,0.27239332,0.27420944,0.17110798,20756,0.03850419216626211,2.9186471483130134,0.019449289056912844,0.020240516389134877,0.026804151002798204
model,932,0.6733236532581481,18.592208091862187,0.29033088046165956,0.295998549775678,0.2686777199764244,0.6481691,18.81404,0.2956493,0.30428904,0.30844465,81374,0.02515455297357172,0.2218311384844931,0.00531840962317931,0.008290493173998492,0.03976692900466994
model,933,0.5987222920072884,17.709192030008943,0.2661828101790708,0.3060232479006711,0.5745438243160167,0.39827037,19.743946,0.25387603,0.30252802,0.56595707,22533,0.20045192343123863,2.0347540454305104,0.012306779733971929,0.003495224180883494,0.008586754919044037
model,941,0.6924031507997478,9.888593499599622,0.3100193125319181,0.31898142475983965,0.3258416682433638,0.69275993,11.825057,0.31477907,0.32326886,0.23546235,4612,0.0003567802877461057,1.9364635301244988,0.004759760468036112,0.004287435818697338,0.09037931560988754
model,934,0.9277879941929676,10.497064000833,0.2583967255348374,0.26233627443211277,0.20303277099051573,0.9595471,9.739053,0.3211356,0.32575026,0.22983202,78734,0.031759108258356816,0.7580112283110267,0.06273888480718837,0.0634139871130685,0.026799252391671163
model,936,0.6334813194790684,19.84051269847916,0.33000571385083943,0.34234649214757723,0.3688167309326937,0.7122578,16.15376,0.32974997,0.3358979,0.30678007,114564,0.0787764830073513,3.6867517884449796,0.00025574222265034585,0.0064485994340304775,0.062036660866241655
model,940,0.055550533532203905,22.830973089017213,0.30386982707646376,0.3110002730122222,0.30403563455534616,0.034491178,21.069416,0.3197381,0.34318835,0.31456754,100972,0.021059355883898012,1.7615570428746352,0.0158682629618358,0.03218807242005928,0.010531901560300205
model,939,0.7993049065287307,14.258568626747298,0.2542654734914642,0.25860781314797016,0.2410378492534133,0.7475401,17.135298,0.23057887,0.23787525,0.29825774,60156,0.05176479021861102,2.8767291485212567,0.023686603910241688,0.02073256018585773,0.05721988909840861
model,944,0.20899313615043302,21.07795469650754,0.34054320811078276,0.3488230025309484,0.2706353592386214,0.38895562,22.45186,0.33418542,0.3394896,0.24024624,63373,0.17996248676102022,1.3739057313489056,0.006357786643955365,0.009333393527881373,0.030389122914311117
model,946,0.1351385725914563,24.657829767626485,0.2762381244368319,0.29957732599532166,0.4441690017269357,0.25230572,22.778788,0.28079793,0.30474338,0.4330975,70399,0.11716714368471251,1.8790421547114455,0.004559804134869172,0.005166053359155265,0.0110714901970132
model,945,0.9831244462863781,4.660805891174057,0.2609554923707294,0.2826167148979809,0.5121507819096974,0.9815074,6.5414824,0.22938833,0.2766466,0.6662839,67724,0.001617025746522116,1.8806765574038238,0.03156716596425052,0.005970100823273872,0.1541331235964366
model,943,0.978945608738155,9.194848199015617,0.22523009344864336,0.24150365865868834,0.4121322480860247,0.97834504,11.321638,0.3334958,0.34195074,0.30408514,33123,0.0006005722315021167,2.126789908284188,0.10826570227813276,0.10044708573179933,0.10804711262612482
model,942,0.11849043050513929,26.83914318592912,0.31500205950772164,0.31698608871259026,0.1634238671169081,0.17161937,27.450245,0.30578044,0.30876613,0.16015938,33462,0.05312894007458026,0.6111017176353322,0.009221618938797693,0.008219962079899834,0.0032644878730573867
model,938,0.6199538914464949,20.411355583296793,0.22748440808595316,0.23573154583836214,0.3405344650503798,0.54899615,22.752865,0.25121728,0.26598427,0.38069707,31889,0.0709577409528731,2.341509254349692,0.023732867771972255,0.030252721158021523,0.04016260650189679
model,948,0.908240120956217,10.172124045396934,0.4153024368924002,0.42460228595333405,0.25034012453520876,0.82101154,10.389992,0.39539912,0.40065783,0.19587244,30393,0.0872285776822912,0.21786771485697187,0.01990331346214813,0.02394445333080597,0.05446768360102755
model,952,0.6354272622749606,21.12886483348042,0.19078053566320205,0.1968967344135328,0.36615319343171115,0.7258901,19.339994,0.18591307,0.19534288,0.36535096,66599,0.09046283772732822,1.7888704029384286,0.004867464626863244,0.0015538509458585537,0.0008022317465304907
model,953,0.18476981335007822,27.61323181350585,0.30393283055989323,0.3072432478906678,0.1575824988128277,0.13044788,28.727377,0.28851244,0.28985053,0.14224637,35027,0.054321933916446324,1.1141451243603626,0.015420392024202922,0.017392714882092375,0.015336133265647534
model,951,0.28152546090679786,27.38046857213391,0.7155501565785257,0.7170215877422421,0.1514898722673377,0.27722174,27.01156,0.75704265,0.7580726,0.1266458,14927,0.004303721614653089,0.36890813207043394,0.041492489829555335,0.04105102692755769,0.02484406881579962
model,950,0.7716498285903768,19.915942810770456,0.2308772045885954,0.2503852469580915,0.3935319698472457,0.8506357,17.036924,0.24177907,0.26218128,0.4030643,83613,0.07898587878801067,2.879018448587839,0.010901869484242432,0.01179603508536553,0.009532340703443998
model,956,0.9281168469450785,15.847256327714476,0.3994631680635072,0.4012908896476754,0.17603111959508538,0.89216834,17.034542,0.3264587,0.33026856,0.22967462,116110,0.035948503877909266,1.1872857560257586,0.073004475512848,0.07102232780761802,0.05364350282141089
model,957,0.9064678599035042,9.186572903873625,0.4060948806935595,0.4344657247328332,0.4075942748270006,0.8737547,10.102742,0.36118668,0.38821444,0.33712333,112198,0.03271317974679644,0.9161692912557697,0.04490819751561148,0.046251285579161916,0.07047094041919422
model,947,0.887545917034545,16.933942115961898,0.4033805141492415,0.4165903109076756,0.4642778368265813,0.9804085,8.046389,0.27094376,0.35258675,0.7262613,70753,0.09286257266958708,8.887553489863265,0.13243675327735427,0.06400356469185531,0.26198348090336865
model,958,0.6007045492625805,23.261364324193977,0.47460266752859215,0.47571834048614375,0.14201924124928525,0.6247369,24.078648,0.48511598,0.48675308,0.1612137,3641,0.02403235583538088,0.8172832893314137,0.01051330761293312,0.011034735828782394,0.019194454753674955
model,959,0.6859465971668458,21.679938733465292,0.47083968504871354,0.4774064313457821,0.282692175806898,0.7837815,19.704144,0.4285409,0.4333179,0.24493283,97943,0.09783493130605458,1.9757952092953701,0.04229879960025773,0.0440885316418026,0.037759345473188266
model,949,0.7886411225304256,20.310646169406137,0.3358742404540045,0.3399740803502071,0.2904134234448045,0.8047017,19.57317,0.40438575,0.40835792,0.2711665,21079,0.016060563375030923,0.7374764611541842,0.06851150507135562,0.06838383791227459,0.019246920015391633
model,954,0.2837268151504324,22.63336147801041,0.2618566460898842,0.27162438762779384,0.35027984874868634,0.17678416,23.257652,0.25689152,0.26303113,0.26592356,110804,0.10694265739744169,0.6242908047044331,0.00496512725863113,0.008593262559129289,0.08435628908300641
model,962,0.8413683348664018,14.792897506227924,0.24222995859429586,0.247633146674633,0.2685596023828824,0.86947787,15.917178,0.21835071,0.22345679,0.2697422,55122,0.028109533213737325,1.1242806477637757,0.0238792501096462,0.02417636159181591,0.0011825884549777066
model,964,0.39103862250493565,28.230993346605988,0.5395154459439634,0.541779691582304,0.19565322188413792,0.5530839,26.548082,0.42476973,0.42730507,0.19291241,125504,0.16204527413202724,1.6829109949214178,0.11474571656812416,0.11447461903629874,0.0027408072141473783
model,955,0.26973888128358503,27.541957505462676,0.2290926332533726,0.24140369008808807,0.34476375738651255,0.106921494,25.175964,0.23720576,0.25686738,0.43085557,20639,0.16281738727647443,2.365993149993926,0.008113125437461455,0.01546368886203095,0.08609181483715078
model,961,0.737190008479944,19.709448155045507,0.22424573718744475,0.22693051687794172,0.2451408059815957,0.8766431,15.198413,0.22010013,0.223847,0.2641178,63964,0.1394531127625792,4.5110352598428705,0.004145602576314994,0.003083515086941352,0.018977001168291374
model,966,0.3032059854944581,26.425486781762583,0.49676346066430627,0.4976326254730801,0.11865404325232387,0.53785443,25.54105,0.5453327,0.54644996,0.1428948,37554,0.23464844756523429,0.8844368244871923,0.048569209547485725,0.048817333805026564,0.02424076122536778
model,960,0.921261189806691,13.875124302372186,0.24391635519838833,0.26270586196578616,0.5605880755838658,0.8562495,13.823387,0.25637937,0.279719,0.53630334,129166,0.06501167856477819,0.051737156376091775,0.012463010722632173,0.017013133128513158,0.024284734195163415
model,970,0.14355243640631385,29.530879764527032,0.2852906031291824,0.2871578757243932,0.1473818208276806,0.16355546,26.235617,0.29262534,0.29364786,0.11724969,34601,0.020003021781743097,3.2952630805670715,0.007334734709944168,0.006489979795855194,0.030132130831438064
model,963,0.013583956501225729,25.060490516309475,0.2054168184312687,0.2125477746002697,0.31800034271978606,0.0506878,24.407324,0.20697156,0.21413006,0.32013997,91338,0.037103844591637354,0.6531666790292014,0.0015547375169887578,0.0015822842843509766,0.0021396316359115763
model,968,0.7733500541198117,22.591660920375322,0.28420432639766363,0.302624417949042,0.4507101063030765,0.7613112,19.206514,0.27873358,0.29800326,0.44611934,13892,0.012038880680785846,3.385146561854814,0.0054707450931134605,0.004621161628088621,0.004590768029074432
model,969,0.028064584630791093,25.373373547384396,0.23024926076473531,0.24626867331956703,0.44640315290101196,0.06924335,24.13663,0.22386958,0.26898915,0.65000165,121660,0.04117876450413094,1.2367444427701386,0.006379683714526269,0.02272047243620079,0.20359849218718384
model,965,0.6667778012722106,22.706977553807917,0.4067123443604917,0.4095842626442648,0.1978091710578219,0.9210695,16.164253,0.30663526,0.3092137,0.20700629,7024,0.2542917015582947,6.542724318944636,0.10007708377852148,0.10037056473395595,0.009197119497178413
model,967,0.8603534674291626,15.864270616658267,0.1981235611969835,0.22001294782619,0.5157567069596781,0.8292622,17.561625,0.20040555,0.21771908,0.5097958,36100,0.031091270411492955,1.697353910319272,0.002281991786300508,0.002293869762225148,0.005960922009421776
model,972,0.979237964530933,3.793364220610478,0.2782103517114899,0.2985896838288775,0.3846531177378824,0.9782174,3.4259353,0.28566405,0.31918043,0.3905963,118505,0.0010205415687443153,0.36742895220837823,0.007453700059674051,0.02059074515290349,0.005943182625658239
model,974,0.15719250161582915,28.55011975185668,0.9104117903358656,0.9113194253037729,0.07775215655181048,0.178642,27.147287,0.93290675,0.93363845,0.088856325,23861,0.02144950311248811,1.4028323830822664,0.022494956528453236,0.022319028179808686,0.01110416800167921
model,977,0.17995251523133665,27.0287236823469,0.4979470092878064,0.5089317440648811,0.3023130118074361,0.39733192,27.27248,0.48501095,0.49722373,0.32870194,72920,0.21737940801504702,0.24375632863942798,0.012936057530375356,0.011708009209229209,0.02638893135166731
model,975,0.9918886941280577,7.137166465406565,0.176257252031284,0.23820716041853449,1.0259141114900727,0.99204063,7.0438666,0.17539856,0.2104582,0.7355865,102119,0.00015194002721574673,0.09329983103766892,0.0008586936530644018,0.027748956268334596,0.29032758748036813
model,971,0.1573854857355257,24.31644937065607,0.32815723826592397,0.33168037859795724,0.214070563686797,0.29423884,27.709335,0.30042893,0.3032192,0.17075296,63676,0.13685334983767072,3.3928859564923677,0.0277283113211913,0.02846117941735421,0.043317606223532534
model,979,0.35762512249248557,14.937018064204935,0.22192019523882434,0.22710940329485033,0.2996561563886274,0.36181617,17.521343,0.21418272,0.22137085,0.3264155,55034,0.004191045338935329,2.584325166996237,0.007737475650544612,0.005738557261754013,0.026759352596891994
model,980,0.7450679264195668,21.50485303976183,0.2316148521078988,0.23607439638593414,0.29709125779619205,0.726082,21.71793,0.22893505,0.23415019,0.2711679,49627,0.018985899461101186,0.21307680032606058,0.002679804123775581,0.0019242102048657173,0.02592335365762699
model,976,0.8119815277346402,16.03493435403974,0.20377556612850567,0.21936974321356287,0.4630171149311625,0.7302237,18.54206,0.1977592,0.22062029,0.46663278,27429,0.0817578124293118,2.50712649801104,0.006016369966281854,0.0012505462313605331,0.0036156684817708618
model,982,0.9563396098351832,6.663251024304117,0.31681202926756363,0.3373592127005132,0.41808201963632735,0.97581416,5.2510104,0.36895105,0.38628113,0.37772638,36919,0.01947455384966179,1.4122406063658843,0.05213902315972824,0.04892191999754586,0.04035564357965621
model,973,0.9471039781128469,14.801713452150096,0.43300270376388683,0.43595146541560187,0.2283796684111938,0.89209133,18.385166,0.47311878,0.48095503,0.2848858,88392,0.05501264424672747,3.5834527160627943,0.0401160782795702,0.045003569078798156,0.056506125513137856
model,984,0.23458851549278198,25.4500712877287,0.25139390874889206,0.254850090265326,0.25624010385089935,0.2193006,26.643793,0.29975104,0.30524713,0.21111889,63773,0.015287917586669308,1.1937218183504008,0.04835713457081009,0.05039703774447013,0.04512121201568664
model,978,0.7026104148043216,20.500420784652608,0.21147049401361256,0.2706540956672115,0.8860852856719647,0.7479091,19.241869,0.19327994,0.25706863,0.90497833,2819,0.045298713861602447,1.2585518118742876,0.018190557103936966,0.013585461634008367,0.01889304923175239
model,986,0.6969628053367964,18.358115202600995,0.24405138322625855,0.2533277989680151,0.3691627371525793,0.6973837,18.714375,0.24919657,0.2569734,0.3447105,40013,0.0004208964645036062,0.35625933963533285,0.005145190865652766,0.0036455868428369453,0.02445223810434627
model,983,0.36324221796255646,25.91845283932916,0.5206641761340771,0.5262605708287014,0.2127394155025524,0.29424864,25.666697,0.46813968,0.47378114,0.19244988,40370,0.0689935774252945,0.25175629086724527,0.05252449789425473,0.05247943217017781,0.020289532876018895
model,987,0.8805841490545167,19.27441238912096,0.4599126492980258,0.4668913087648312,0.28002607830192483,0.9020502,18.782125,0.42976412,0.43459922,0.24769625,42403,0.02146604806996455,0.49228691609850017,0.030148527527167013,0.03229208801211514,0.032329827624816065
model,981,0.9878740806016738,4.899407045599496,0.4942787702934085,0.4979134008239938,0.18019582126152794,0.9601258,5.605202,0.3749286,0.37965736,0.2405342,35042,0.02774827665422508,0.7057951524290687,0.11935017665784942,0.11825604289285674,0.060338380002853464
model,985,0.5158089268275119,25.28074022589431,0.36753345794122044,0.4103756568253557,0.4559344671570395,0.7443527,23.100006,0.2890042,0.31640932,0.37108287,66000,0.22854377149859895,2.1807341223786842,0.07852925128381077,0.09396633718614977,0.08485159500471101
model,989,0.3073001890153746,22.681704402733715,0.28647642647398774,0.31660942386151014,0.4216058214162616,0.26212144,24.331442,0.27538976,0.2804465,0.27184635,39050,0.04517875003527205,1.6497374765387463,0.011086665741336987,0.036162924275404795,0.14975946740854063
model,991,0.4107470519348409,26.177635500762452,0.2323073502195069,0.2504840452489135,0.46724581019153333,0.5414959,21.140804,0.23423591,0.25293297,0.4521782,74643,0.1307488672927592,5.036831209990968,0.0019285623419097175,0.002448920506549157,0.01506760017146802
model,990,0.5999691828247306,24.86999604199551,0.40385330627175964,0.40532815066187683,0.16779055503505766,0.7193226,22.25183,0.4060398,0.40813142,0.16133983,78461,0.11935343899762663,2.6181668946566425,0.002186497948439947,0.002803269950458376,0.006450720702591534
model,988,0.6219071407545489,22.198098624405027,0.3240517079772838,0.32763886833386974,0.2179874954578907,0.54142725,21.67643,0.3271299,0.33034238,0.193406,102181,0.08047988607773005,0.5216688758698709,0.0030781924781910774,0.002703513858741957,0.02458149472451515
model,994,0.9864339663286773,7.804029260284651,0.22618113129408554,0.23513684703855853,0.3643826155981462,0.9869026,7.095591,0.20714635,0.23366755,0.49821338,71125,0.00046862823766791184,0.7084381920168283,0.019034784725024262,0.0014692945673976388,0.13383076497703383
model,993,0.3873503026502728,27.189881036834638,0.4371267900571901,0.43884164138155946,0.15909482906933875,0.71020895,22.95563,0.41139838,0.4140401,0.22537066,85966,0.3228586497766376,4.234251688079755,0.02572840906239332,0.024801552727995002,0.06627583135489373
model,995,0.14096965258497676,22.4249681294178,0.21842623713444886,0.24465244572255287,0.49704971562713,0.049119532,25.253155,0.21722645,0.25014082,0.48023608,60720,0.09185012047666988,2.828186625220873,0.0011997914595526238,0.0054883702507289855,0.016813632358010755
model,996,0.9887608410673373,10.180716600539562,0.3162562824351136,0.32153009389735565,0.3106639963962781,0.97611487,13.621482,0.4075573,0.4137913,0.3266382,30624,0.012645971949600487,3.440765294907216,0.09130102623874503,0.09226120496891632,0.01597419554212215
model,992,0.534543810128778,22.432919187896285,0.21765338571417608,0.23907094945285706,0.5334384479480946,0.44150457,23.306345,0.22121704,0.2659345,0.8438313,49226,0.09303924226722105,0.8734257980656288,0.003563650533077334,0.026863547665139154,0.31039285278737905
random_baseline,1,0.8775073980650758,15.54639073395078,0.2024117330918711,0.21318667176076747,0.35986961074982116,0.19029836,29.206373,0.668512,0.67043525,0.12942995,74123,0.6872090344986772,13.6599824807709,0.4661002536406118,0.457248578044683,0.23043965943966338
model,997,0.9607254592661164,13.531753645179691,0.32479434543159585,0.3287897114035492,0.2889939442783102,0.96010333,13.609767,0.31119263,0.31621498,0.29383358,118379,0.0006221262697480023,0.07801331496435182,0.013601713710099272,0.012574732708633407,0.0048396393150583195
model,998,0.7786086050524675,19.73671379112074,0.34797105502443765,0.3643813162213462,0.4043488867704172,0.8620118,10.020809,0.37383422,0.40889284,0.6140294,80624,0.08340318522310619,9.715904617536754,0.025863167530722875,0.04451152392567226,0.2096805207308035
model,999,0.1420600944666091,22.931749031100612,0.24508639777555946,0.2517761036573034,0.2999345336189605,0.1059202,26.758583,0.29375872,0.36184826,0.5995507,122098,0.036139891436499705,3.8268340377470444,0.04867232238397118,0.11007216127532904,0.2996161904105805
random_baseline,0,0.9568335379252283,4.102567745285228,0.3257691565694701,0.33334379505419853,0.25300076168750746,0.7584671,13.679777,0.24725586,0.26755,0.47606024,33458,0.19836645971630495,9.577209400100514,0.0785132948102843,0.06579380344653252,0.2230594797732927
random_baseline,5,0.29203368537829405,26.54204525511453,0.33490056512966754,0.3465281815801738,0.2787112530599226,0.8926104,17.333122,0.20670004,0.21893375,0.43974382,117269,0.6005766857345294,9.208923001696562,0.1282005232395232,0.12759443536149245,0.16103256379264697
random_baseline,3,0.6098059774788996,24.44374026991663,0.31725021119623803,0.3259299011734757,0.3395357360232732,0.8215711,20.109015,0.26017472,0.27023384,0.29238144,132514,0.2117651342001775,4.334725758808233,0.057075489716822136,0.05569606142318578,0.047154300390567505
random_baseline,8,0.13094084229629038,30.480381310068463,0.442482260200038,0.4437424727091857,0.133729849380809,0.99189395,2.958586,0.3242428,0.39422894,0.7152921,71597,0.8609531048281909,27.52179533251414,0.11823945972587113,0.04951353746748649,0.5815622467571915
random_baseline,2,0.9722165576412958,4.488418964549666,0.26124080699293634,0.28232125012436776,0.4899201914355258,0.27761433,16.832853,0.26614442,0.30238298,0.5041054,57950,0.6946022323563379,12.344434352711076,0.004903617683958805,0.020061725692358923,0.014185197682668793
random_baseline,4,0.02588862269018119,23.899096541962745,0.20872459150729208,0.21455124734529468,0.2519673591523769,0.9542749,7.8531504,0.23684888,0.24990356,0.3851833,16005,0.9283862701168256,16.04594617422593,0.02812428437294931,0.035352312339458736,0.13321594539588666
random_baseline,6,0.1146670313243033,26.197534459777124,0.6028548280536254,0.6054103183556169,0.17231674062165075,0.9328691,6.2080483,0.2524332,0.26191923,0.3260561,79622,0.8182020454045175,19.989486116118677,0.35042161744228206,0.34349108813291485,0.15373935235587305
random_baseline,11,0.9925814457850707,6.8151924236081385,0.20917680794843632,0.23899990167212778,0.6937633224618925,0.58143514,20.258993,0.23310496,0.26235133,0.45395133,72301,0.41114630183746936,13.443800725195572,0.02392815118185085,0.023351432422873436,0.2398119934690489
random_baseline,12,0.19428239463136623,24.65083052760329,0.2605372377083078,0.3245739423850542,0.514834607790316,0.17833596,27.576347,0.8260057,0.82681197,0.10525237,105690,0.015946429951648217,2.925516823470929,0.5654684595420585,0.5022380268951887,0.40958223755201184
random_baseline,10,0.8878499681560259,5.933818356390724,0.25043655560020134,0.2575607862164439,0.29260151191668843,0.3533679,15.903919,0.26431936,0.2954089,0.5033014,116513,0.5344820732681017,9.97010086357998,0.01388280465599373,0.03784811833601581,0.2106998701481309
random_baseline,7,0.9251451965560006,13.522547833164474,0.6307343501109377,0.6764819196503483,0.49404393461217583,0.9816332,5.389304,0.2285614,0.24210514,0.4024908,3648,0.05648798978433145,8.133243672092696,0.4021729487437502,0.4343767783682667,0.09155313995351494
random_baseline,9,0.4367288592158516,27.602381207877844,0.4017551460939157,0.4066447563478165,0.280919105025342,0.9380948,15.09445,0.21274278,0.22207873,0.37097368,15184,0.501365935534362,12.507931210929602,0.18901237041528107,0.18456603065220645,0.09005457141775797
random_baseline,16,0.16237651890432794,29.539488845371768,0.3028891062785905,0.3105340528922004,0.21444960669245539,0.97950435,3.3362637,0.2791093,0.30948865,0.4676934,100831,0.8171278279432063,26.203225188755557,0.023779807095698657,0.0010453987555426592,0.25324378176961126
random_baseline,13,0.902349973988668,16.30050828034223,0.29235332365581346,0.297544655648786,0.23038139624420348,0.6999377,19.408997,0.30825895,0.37106785,0.69473225,8656,0.20241227276338725,3.1084883016890217,0.015905627054483173,0.07352319613305908,0.46435085253890807
random_baseline,18,0.8360362465704205,17.391246441577692,0.20802374652726047,0.22406490732410675,0.5660630458079629,0.07165852,30.52825,0.41275868,0.42202425,0.2335222,101305,0.7643777246797803,13.137003299022894,0.20473493167060025,0.19795934270641083,0.33254083926308675
random_baseline,15,0.12253637853560216,24.06954981722112,0.6331959699200643,0.6339722170812192,0.11150893757578931,0.8357882,15.258431,0.35309833,0.35740274,0.2472404,6689,0.7132518118292355,8.811118382589772,0.28009763703813684,0.2765694751721921,0.13573145677807727
random_baseline,14,0.16823156274371717,28.447794496389275,0.27045385459730903,0.2732842156129571,0.17745419415599115,0.56644064,22.261204,0.2002014,0.22082578,0.4909403,56719,0.3982090791363182,6.186590730520134,0.07025244752238075,0.052458439155170566,0.31348610845440616
random_baseline,19,0.9067346538057907,9.856230421174168,0.2577979820371113,0.3044377530485998,0.6356737970123751,0.44525677,25.671879,0.3178487,0.32355633,0.26838478,84681,0.46147788414865565,15.815648393523098,0.060050730168775546,0.019118580731688872,0.3672890125523074
random_baseline,23,0.5793118744087213,13.116318085496758,0.23122728560587624,0.23646760657680554,0.23302380134756567,0.96750814,10.810547,0.21717158,0.2430961,0.46855432,39388,0.3881962628173834,2.305771210496758,0.01405570600649575,0.006628491726989316,0.23553051660363672
random_baseline,20,0.9701191793308138,6.344776838654717,0.4435876153197154,0.47865128857747036,0.4808783373086983,0.11241332,27.629997,0.3617695,0.36447397,0.1772296,29614,0.8577058623657107,21.285220414763252,0.08181811792515364,0.1141773198331924,0.30364873914413987
random_baseline,17,0.2879518536196495,26.374706537080765,0.2684231867016511,0.2761751267493391,0.3070262878689546,0.8213266,20.952593,0.45154494,0.46469358,0.2972435,116679,0.533374759806559,5.42211368734932,0.18312175376999806,0.18851844934814932,0.009782782152630731
random_baseline,21,0.9065991510681681,12.228781199352753,0.2392304571083737,0.2523993874830878,0.39500557400456887,0.90898746,11.489827,0.19924553,0.2113309,0.39048547,123859,0.0023883114524312354,0.7389540432858581,0.03998492972170836,0.04106848192640905,0.004520108477988061
random_baseline,24,0.6340227099189433,19.851037652611012,0.49689375743945935,0.5005715356038095,0.2188848145719622,0.57894224,12.69378,0.24781907,0.27554154,0.46762252,43478,0.05508047063442789,7.157257707237477,0.2490746913917909,0.22502999164323823,0.2487377039674665
random_baseline,28,0.1583126255211192,18.81177747174828,0.24695186702680158,0.24849912911449312,0.1432318245168931,0.85911524,20.116085,0.22340457,0.23826282,0.37446204,966,0.7008026174369497,1.3043075807419555,0.023547295612807745,0.010236311850889912,0.23123021376168662
random_baseline,30,0.1700704996497808,23.155774787023553,0.36736048171271624,0.37020568411660526,0.19612506637330748,0.95581746,7.8988957,0.5376967,0.5409289,0.19346185,54231,0.7857469613640131,15.25687904651452,0.17033623745690046,0.17072321612524655,0.0026632160877773925
random_baseline,22,0.37243491028278153,21.739248530459914,0.2319889599317345,0.28692331107971597,0.5709377136295747,0.14017388,27.405123,0.50211406,0.5138985,0.28082356,23074,0.23226102803676407,5.665874226498094,0.27012509760915904,0.22697518077972006,0.2901141550606202
random_baseline,25,0.2758740104641455,24.259725857868105,0.3353454376103258,0.34209906966944476,0.23073590579987288,0.14926344,27.982382,0.34924078,0.36339417,0.30188543,20356,0.12661056890149291,3.722655962810606,0.01389534226638317,0.021295101330082222,0.07114952024459123
random_baseline,26,0.8687299552383846,15.589997798500228,0.2435802393294994,0.24761266111752506,0.2302143204202366,0.17486508,27.49588,0.2087741,0.24231182,0.4174216,16026,0.6938648733320659,11.905882328452897,0.03480613461510579,0.005300840729684786,0.1872072887430477
random_baseline,27,0.5923328850718119,20.36770482704904,0.39701001095538363,0.40167452777639445,0.22455156349083163,0.83776194,10.556422,0.49969897,0.5153278,0.32517964,107466,0.245429053500118,9.811282593467496,0.10268895578617826,0.11365328346475545,0.10062807298759244
random_baseline,29,0.9520840779406534,10.586652015332383,0.22353176788779175,0.23888211777614526,0.42092726653113055,0.95448196,11.806327,0.35742295,0.362317,0.25927675,64630,0.002397881402303126,1.219674850817519,0.1338911799958142,0.12343487808300085,0.1616505188275783
random_baseline,34,0.9808899467196822,4.043069908964561,0.3041542502126542,0.3264094398766485,0.3915704706743996,0.7910845,8.753873,0.32675344,0.330872,0.18104318,33369,0.18980541875032186,4.710802962434364,0.0225991873064193,0.004462559387114928,0.21052729283130572
random_baseline,36,0.9731773181477902,9.226692865387264,0.1980308346942182,0.2706038720518902,1.0008942550307414,0.74816424,20.599714,0.2153853,0.22379883,0.30053902,438,0.22501308160222744,11.37302141378754,0.017354468207049806,0.046805045715029525,0.7003552383071086
random_baseline,35,0.6978502983069484,22.573078460854287,0.3278364467058772,0.36329011394253274,0.44424570055925844,0.9604588,10.726496,0.26803547,0.27506015,0.2394322,107298,0.2626085167908604,11.846582718056435,0.05980097526651562,0.0882299668954899,0.20481349976980684
random_baseline,33,0.966863912138766,7.334976216852873,0.2728053589858129,0.3342645165247495,0.5135205529593418,0.26906386,29.479458,0.47149256,0.47205588,0.08023107,3780,0.6978000519607722,22.144481638371737,0.1986871997319148,0.1377913656907504,0.4332894824408482
random_baseline,38,0.8829308615764249,14.122141942735588,0.22589415232361731,0.23165733552797166,0.292110765130698,0.9171716,11.977125,0.21092434,0.21796142,0.2701651,7605,0.03424073590434906,2.1450167748889086,0.014969810048951482,0.01369591987951127,0.0219456793381565
random_baseline,40,0.9768667227845637,11.353925689460901,0.31117085035227177,0.3253156029986141,0.38756974606022704,0.4872733,24.499378,0.6528329,0.65993994,0.2622686,79003,0.4895934171300379,13.145452514884802,0.34166207496739986,0.334624341745496,0.12530114321217406
random_baseline,31,0.873676827584945,6.185730035320724,0.2464125902777911,0.26035126303578554,0.3052327463116846,0.8265191,18.020243,0.25307313,0.26497865,0.3731522,88946,0.047157755529128376,11.834512655719315,0.006660535799860867,0.004627384196270123,0.0679194500956335
random_baseline,32,0.6150964086430454,20.567939787333202,0.17909370481310702,0.18735834561768372,0.3730205355633053,0.4251765,26.881758,0.34101763,0.3654213,0.4346095,53973,0.1899199073689365,6.3138179488728525,0.1619239288634219,0.1780629495483319,0.06158896699063454
random_baseline,42,0.9786959680284902,10.694198542795753,0.28543268726985555,0.29278851719415105,0.33053863063989564,0.6676844,17.194998,0.35203397,0.3696623,0.32533953,13497,0.3110115917887136,6.500799244679833,0.0666012854703178,0.07687379745924555,0.005199104701861579
random_baseline,37,0.8696794861243778,14.842289614882958,0.28091581219007483,0.2878986459275147,0.23650432575284622,0.7057752,20.88893,0.33743313,0.378856,0.4793313,114877,0.16390428480372965,6.046639752182472,0.05651731735895166,0.09095735735693966,0.242826988810905
random_baseline,39,0.17106591626122267,29.280433586976965,0.23449621447365088,0.24227446548772938,0.2854661515561148,0.8091837,16.048763,0.35426044,0.35733542,0.22742453,15555,0.6381178005127641,13.23167031183048,0.1197642301674624,0.11506095297502392,0.058041619381050735
random_baseline,47,0.7858935411625426,19.162252998505124,0.21553077032711487,0.2585006953890646,0.7897687283279404,0.39657944,25.758356,0.29651713,0.3012383,0.23993585,90336,0.38931409675412587,6.596103095855227,0.08098636338565368,0.04273760302707308,0.549832883191298
random_baseline,43,0.9188900267412535,14.155876952739199,0.27494373333370176,0.2873441796164385,0.33504858951603805,0.20223852,26.457943,0.3336268,0.35060653,0.35357392,138175,0.7166515117218367,12.302066009907286,0.058683073402290675,0.06326235128833141,0.01852532882655228
random_baseline,41,0.8230538167559067,19.7844458946591,0.19339812763085368,0.22823424159576744,0.44375626255860157,0.3272198,28.572351,0.2764688,0.29257074,0.33818063,21133,0.4958340026937882,8.787905561029376,0.08307068578848836,0.06433649838874489,0.1055756311594469
random_baseline,44,0.5558599298264308,23.1243745160959,0.2154898656974124,0.24334623178754455,0.4427673529750041,0.71210027,20.609009,0.20744209,0.21471155,0.3618089,14756,0.15624033758384748,2.5153657270334016,0.008047775782136835,0.02863468488965637,0.08095845691024578
random_baseline,45,0.8600228735919399,14.42410179297464,0.2821961249990901,0.2966072511162565,0.46986479930340297,0.92296517,8.217064,0.28740525,0.2927139,0.24605627,86386,0.06294229536100204,6.207037889166045,0.005209127457574958,0.0038933407749937032,0.2238085257238055
random_baseline,50,0.9443166268866052,10.93400794588188,0.267651183268612,0.286230206629638,0.45752415403143787,0.9519933,8.143304,0.39042464,0.4010223,0.33748624,54029,0.007676659723044432,2.7907040747270955,0.12277345571797554,0.1147920785933692,0.1200379167439165
random_baseline,46,0.35741366483766623,23.439486402282906,0.2493766098802625,0.2538433108391126,0.2144509778310031,0.99411213,5.7093306,0.18793839,0.21306454,0.569427,62112,0.6366984691421311,17.73015584350605,0.0614382177179395,0.040778774386819205,0.3549760355662137
random_baseline,52,0.8426617281170126,18.951852492756398,0.33718217849579857,0.34147127751720086,0.25578022949152934,0.6138185,23.328236,0.32066396,0.370717,0.6176781,48181,0.2288432018490072,4.376383133464305,0.016518219707880477,0.0292457115231739,0.3618978763396169
random_baseline,53,0.17067284006175742,29.498270601001465,0.35423582367505857,0.3606430456503457,0.2933472814010865,0.9128947,15.74081,0.22438486,0.25013077,0.50879335,118408,0.7422218857378031,13.757460206714356,0.12985096447076627,0.11051227305970851,0.21544607263333732
random_baseline,49,0.9514855551084671,14.383367087409248,0.18815591372786858,0.20720754370721936,0.5988758902429485,0.23206739,27.365128,0.27865744,0.3234331,0.52623135,71595,0.7194181638321075,12.981760476067315,0.09050152264298103,0.11622555746999622,0.07264454172839163
random_baseline,54,0.7414149715437068,17.70891425921709,0.22150578375972702,0.2378371535891362,0.4593469278489199,0.9406932,12.716965,0.27513498,0.29039907,0.5042295,132888,0.19927822809084517,4.991949537537401,0.053629196918831334,0.05256192096530715,0.04488255813969705
random_baseline,55,0.5123661327430025,22.96047968094992,0.8559718624912882,0.8578394976380934,0.1139720532958819,0.1713736,24.089294,0.33033255,0.33302355,0.22643408,77211,0.34099252701485305,1.1288147526438301,0.5256393150650644,0.5248159495118727,0.11246202849694951
random_baseline,57,0.5336975215590636,21.978381421872964,0.562731753582122,0.5668511001186063,0.21850668979945667,0.08381365,29.16065,0.30132908,0.3048634,0.21369682,89584,0.4498838691628615,7.182268831422935,0.2614026772919914,0.2619877068118741,0.004809867275385932
random_baseline,48,0.8253421544753411,13.083062216266988,0.22341245524356323,0.2327481476827214,0.32362615248645554,0.3051758,22.778698,0.20980999,0.21571718,0.2750041,26553,0.5201663434230187,9.695635751262309,0.013602466506456912,0.017030966119344015,0.04862206360782395
random_baseline,58,0.8866289745085038,11.566866966232787,0.2445627066707711,0.2554074046221586,0.37732429201791934,0.81023276,16.308239,0.25414038,0.26776546,0.35070863,21287,0.07639621598647006,4.74137201692151,0.009577670373906638,0.012358057776370446,0.026615658356649197
random_baseline,51,0.8439668613086643,16.088648364024145,0.2353145471703925,0.2644928408578036,0.4470623667868762,0.15314956,25.967892,0.29575887,0.309474,0.3785461,126241,0.6908173012147846,9.87924332909109,0.06044432605386593,0.044981150536239356,0.06851627785293152
random_baseline,61,0.889184279061914,14.234741828577683,0.21912258832900716,0.23448132081510945,0.4302631130882052,0.7488985,22.824816,0.4855495,0.49909177,0.39332604,92683,0.14028577289736321,8.590073921544388,0.2664269211962919,0.26461045341012557,0.036937069005563594
random_baseline,63,0.3212148068980353,25.170101266149,0.45246242534567926,0.45493487269644156,0.1941713480079875,0.120743476,30.155148,0.22219725,0.22367024,0.14986375,107660,0.20047133104363846,4.985046286341234,0.23026517581393335,0.23126462847952262,0.04430759826547956
random_baseline,59,0.8458460050683724,14.863847902648857,0.43149015136200314,0.4368047232052065,0.24635427501698973,0.24107951,26.234648,0.86947674,0.87010956,0.08143045,87885,0.6047664958101021,11.370799848205635,0.4379865842298853,0.4333048349002622,0.16492382493516447
random_baseline,60,0.3199109138287519,28.641107407809987,0.7225231439794997,0.7270066224661405,0.22837386285444009,0.6373154,22.101055,0.22667082,0.2654196,0.4601942,123520,0.31740447866544974,6.540052262546315,0.4958523274387816,0.46158702007203645,0.2318203374228884
random_baseline,56,0.8346641316850397,15.5819462084472,0.31782992661926907,0.32520810024673946,0.27052615789843715,0.928411,12.686552,0.2703113,0.30094028,0.54258186,24993,0.09374687524245051,2.895394160717707,0.04751863063309353,0.02426782505447872,0.2720556983523258
random_baseline,62,0.832985011498523,10.718702946885507,0.3469037188991607,0.3646668316654023,0.35876268428958386,0.9635143,12.703297,0.3846223,0.41405958,0.43764108,62402,0.1305293165044067,1.9845937144914458,0.037718586732476855,0.04939274770700369,0.0788783999045995
random_baseline,64,0.3659484404393885,23.68059155078029,0.9094862262295538,0.9109167269464057,0.08542910561396938,0.69193363,23.776144,0.3273452,0.3301339,0.2449256,114838,0.32598519145758414,0.09555247692967228,0.5821410337971502,0.5807828418012183,0.15949649765656132
random_baseline,66,0.21713177143124734,28.16966144253823,0.422310682175569,0.42390916727240946,0.1398258968936239,0.9810648,6.784301,0.1867344,0.22869974,0.6699938,104180,0.7639330250165066,21.385360638400048,0.2355762889365477,0.19520942352469828,0.53016792091262
random_baseline,65,0.5703937189685494,22.3575392317882,0.34352609360776043,0.3667140726847053,0.3527286830340397,0.9033592,16.808657,0.3665114,0.37366894,0.33575636,129419,0.33296545575984415,5.548882539283316,0.022985310906552314,0.00695486619049307,0.016972321549512115
random_baseline,67,0.5900704533077741,20.818976158696785,0.38410991089460356,0.3878332493077885,0.1984604871978208,0.9050931,10.385718,0.27195257,0.2771916,0.25640616,45584,0.3150226205371356,10.433257813054695,0.11215734140989286,0.11064164016357769,0.05794567101102624
random_baseline,70,0.41750582369995515,24.014127042831415,0.28883080877788636,0.293484176748306,0.2471051273604669,0.16552414,26.884502,0.81300145,0.8157679,0.14969918,84389,0.2519816836996118,2.870375368057257,0.524170645098609,0.5222837075061495,0.0974059460421838
random_baseline,71,0.25911618184244933,23.766869736394074,0.2372252727217881,0.2533526574982654,0.30128562522559293,0.98331374,4.9777174,0.3490426,0.35605392,0.28701532,77346,0.7241975574573248,18.789152336796906,0.11181732171104272,0.10270126110181699,0.014270306355048501
random_baseline,72,0.9095111872939995,11.691682376596482,0.2675123841306298,0.2746554077008366,0.3457868383928452,0.95227647,9.029182,0.63416433,0.64924705,0.24559991,132543,0.04276528098297805,2.662499942514451,0.3666519492128761,0.3745916425845028,0.10018692777597049
random_baseline,74,0.975807772032558,7.998368314486804,0.2977117860201626,0.30633015489686327,0.36132156995514514,0.50898254,22.379879,0.32197392,0.33196816,0.23478936,16447,0.46682523285561706,14.38151068331593,0.02426213384830661,0.025638003586641978,0.12653221336582782
random_baseline,69,0.5839114552133735,25.511953557311095,0.44208406738835254,0.44488480392031193,0.19055370955148823,0.9828951,6.010696,0.25168145,0.2906723,0.45278525,130638,0.3989836210614983,19.50125762301544,0.19040262035923877,0.15421250167421818,0.26223154397329207
random_baseline,76,0.9223367566060021,7.323333982083653,0.35158235572064384,0.3929916881242277,0.4355421628422116,0.7675487,16.072035,0.23194991,0.23660281,0.28200436,95966,0.15478807630052116,8.748700853731776,0.11963244519913657,0.1563888751187803,0.15353780645793424
random_baseline,68,0.7952578208362255,15.02384641104566,0.23401903283197106,0.27425776540823577,0.6381083458304386,0.95060927,3.6110168,0.26646313,0.27673438,0.27322555,107511,0.15535144592173955,11.412829660709967,0.03244409788053809,0.0024766165059030287,0.3648827999472599
random_baseline,73,0.8746366945419337,17.65135459853289,0.19270188618921827,0.20653644508087385,0.38363885103854767,0.4156221,21.96439,0.25565356,0.2694603,0.43903217,34829,0.45901460920906323,4.3130352024925,0.06295167397237231,0.06292384558952105,0.055393316157726136
random_baseline,80,0.9786644683428593,11.432185002348916,0.4270109830370916,0.4338807773434548,0.2961639660083551,0.57568127,21.917786,0.2784825,0.28892547,0.32041407,131370,0.4029831991740055,10.485600642182334,0.14852848629865778,0.14495530842179344,0.02425010030634217
random_baseline,79,0.5106734170511061,17.6921411176195,0.4549770198190835,0.4563699476284951,0.11510023364735048,0.9606615,14.723011,0.3858661,0.39102417,0.2935697,75139,0.44998805383893903,2.9691301007737962,0.06911091426259547,0.0653457753224343,0.1784694801835974
random_baseline,77,0.03888626508851469,31.42303433031963,0.411718831103203,0.4125277017542454,0.10743709068723696,0.96104586,13.033727,0.18100923,0.20873229,0.61596453,8251,0.922159596155687,18.389307638119924,0.23070959810530872,0.20379540969816173,0.5085274412112616
random_baseline,75,0.7186782388135923,18.38328165408443,0.21319881071026794,0.23551076169236296,0.4934029800635112,0.18796815,24.718775,0.33605602,0.33791295,0.14140126,41036,0.5307100890323652,6.335493141447795,0.12285721312586792,0.10240218524710543,0.3520017189722789
random_baseline,78,0.5126528041909675,24.289601656745614,0.2142301852994006,0.24116307855649258,0.5299352566453321,0.35552377,27.470287,0.7829671,0.7839013,0.0946497,18874,0.1571290391038398,3.180685666252433,0.5687369053072888,0.5427381956477616,0.43528555433477
random_baseline,81,0.786874701864554,18.407099975319237,0.34290999500363617,0.3566910597279122,0.38882520904159706,0.9504329,7.114172,0.31666517,0.3219526,0.24728559,115990,0.1635581947495207,11.292927993507714,0.026244822426731873,0.03473844851995017,0.14153961946582955
random_baseline,82,0.8904731926849612,14.630475967053329,0.1958381935498299,0.20787025108609344,0.4373197969962804,0.4137369,24.832193,0.46234486,0.4684225,0.24307573,109934,0.47673628305704674,10.20171740758046,0.26650666152028424,0.26055225119318814,0.1942440685798375
random_baseline,83,0.7058154657217612,18.75046221680485,0.21936361498598284,0.2427105281259032,0.6176638203684885,0.25834417,28.8861,0.3619847,0.40253738,0.45567232,48295,0.44747129229036475,10.13563855223812,0.14262108497854048,0.15982684756264964,0.16199149666472268
random_baseline,84,0.30934926751002667,25.17801685587528,0.21975839834577063,0.2260553970314541,0.23880637868232432,0.4281423,23.391497,0.26030293,0.29315227,0.39063296,70309,0.1187930416788161,1.786520197550086,0.04054453272455713,0.06709687566980932,0.1518265785377532
random_baseline,88,0.853822927689877,18.16716843295957,0.23008455120705915,0.23366869495645007,0.22768138422114334,0.48985597,22.574947,0.6303898,0.63209766,0.13119675,90441,0.36396695277723357,4.407778924218164,0.4003052584014003,0.3984289665387587,0.09648463203055344
random_baseline,85,0.7737359368685601,21.13606529293792,0.2754040348093075,0.34179741543730335,0.7477613648052374,0.84018725,10.883569,0.21391621,0.21809272,0.22822689,64679,0.06645131469928045,10.252496529205011,0.061487822488979715,0.12370469075640278,0.5195344796056905
random_baseline,90,0.9278427839319445,7.735713955199742,0.24002761201899764,0.2469694834539733,0.25992294129500504,0.62825906,21.258476,0.2420109,0.25033903,0.34484452,68647,0.2995837211649157,13.522762302124477,0.0019832943196940733,0.003369547765509129,0.08492157879700546
random_baseline,91,0.25416500846753465,28.522668451826696,0.28696704935764983,0.29144787375814774,0.20841115045117434,0.7754382,13.57105,0.24259923,0.25187498,0.23061833,87033,0.5212731810389961,14.951618761580114,0.044367815372702624,0.03957289044744827,0.022207177404889505
random_baseline,87,0.30337704740584237,21.684932934207808,0.2652535106091357,0.27707484361292073,0.3239701073905808,0.50196135,22.163916,0.2749696,0.28339043,0.2803597,13073,0.19858430303513663,0.47898269994746556,0.009716096982493316,0.006315588983285936,0.04361042196959081
random_baseline,92,0.9784118289213566,8.332300711431913,0.22747758030082466,0.23363298386527367,0.266847950286438,0.67514026,14.355022,0.2481612,0.25377217,0.2566046,107365,0.30327156727127114,6.022721718988009,0.020683616407854544,0.020139185486304084,0.010243338412811276
random_baseline,89,0.6782864216536052,14.89647368522622,0.2558260146256752,0.2652028986990513,0.24062363880292656,0.38836735,27.611963,0.26168185,0.26483282,0.21164095,84205,0.28991906678376267,12.715489586868507,0.005855840099208809,0.00037007423043861065,0.0289826847852874
random_baseline,86,0.9453909131355339,10.918670749206001,0.20967631553785027,0.217372587413038,0.29449137018231003,0.6466955,23.988289,0.27970874,0.28765595,0.32606697,4107,0.2986954184837395,13.06961813018853,0.07003242755754768,0.07028336217955233,0.03157560064288528
random_baseline,94,0.4281347659982303,26.58803384317153,0.5955192888095407,0.5995821052979975,0.19646578067290751,0.95812285,8.599814,0.39020193,0.39981133,0.30177665,3418,0.5299880834661862,17.988219428193503,0.20531736257815647,0.1997707778405695,0.10531086689484151
random_baseline,97,0.2682729173281307,26.254065157213688,0.2380769385739558,0.2468761031850308,0.3544042555664249,0.8888163,14.852062,0.30021733,0.30192927,0.17083138,87802,0.6205433797261601,11.402002931871891,0.06214039188182424,0.0550531620756656,0.18357287329179722
random_baseline,96,0.7066396704901857,20.81989673288741,0.416064008176761,0.41835297742693905,0.17968648333037898,0.45572323,22.520437,0.22139704,0.2307772,0.32520247,85534,0.25091644441978167,1.7005405077131748,0.19466696590228588,0.1875757733902264,0.14551598172699406
random_baseline,98,0.982120477674636,9.39708370040399,0.17722402887946373,0.19685383556580588,0.5431845461483492,0.85772574,16.761538,0.18706726,0.19379604,0.34753338,19714,0.12439473819557101,7.3644538514758935,0.00984322649830574,0.0030577969381813674,0.19565117112355368
random_baseline,100,0.3775346897509147,21.477538586176312,0.6154535216607492,0.6171998869466703,0.13621182028986834,0.448897,24.891273,0.34677616,0.3497091,0.18294977,128721,0.07136231437658774,3.4137349123588443,0.2686773640431802,0.26749079337596104,0.04673794622681715
random_baseline,99,0.1747506216658488,22.917601255348874,0.19011835943810723,0.21198228420734203,0.4279194969423048,0.4667186,22.163942,0.2250121,0.23329534,0.41175765,112128,0.29196799243556115,0.7536589183127411,0.034893734344317695,0.021313052158357743,0.01616184895112438
random_baseline,101,0.25231191522561847,21.976464634497212,0.2428918765295554,0.2616052444765273,0.48916989021432017,0.18957847,27.44778,0.26025674,0.26997843,0.32319087,41700,0.06273344165765582,5.471315974633647,0.017364860941071425,0.008373189370900092,0.16597902231347178
random_baseline,104,0.7618827566113283,19.66930649762756,0.30230387737936193,0.31076884403402566,0.27133769180221107,0.6528381,21.131826,0.23231246,0.24861024,0.4301315,88985,0.10904464568756123,1.4625199031292766,0.06999142160600835,0.06215860083276986,0.15879380319672082
random_baseline,103,0.7842905883934941,19.6082152722254,0.41711814132718716,0.422414958509525,0.2630420861413695,0.41071266,28.079338,0.3259311,0.32747525,0.12081507,41846,0.3735779290345158,8.471122801505068,0.09118703928975735,0.09493970874222152,0.14222701765801682
random_baseline,93,0.9102146549140353,10.471952851373587,0.22774581090868778,0.24637745143449863,0.44507473550457893,0.9862209,4.992883,0.3819591,0.38894114,0.26344714,40735,0.07600624133001377,5.479069645959768,0.15421329958974056,0.1425636875482742,0.18162759981770454
random_baseline,95,0.7014147144274893,15.887032816980074,0.22937334940249926,0.23630005362694687,0.2760112941520605,0.19651225,26.84561,0.2628127,0.2727467,0.2764581,5376,0.5049024623351278,10.958576847936918,0.03343935444538587,0.036446658342428745,0.00044682023354436495
random_baseline,106,0.07776463301812811,15.97492665729947,0.23332536589113909,0.23462316238190867,0.14530128231736025,0.17344321,28.497353,0.67832756,0.6789487,0.10123794,2507,0.09567858008707361,12.522425942798186,0.44500219453366563,0.44432553804610037,0.04406334450932345
random_baseline,107,0.6773182407360993,16.94361810311858,0.3142165684527785,0.32597734056986666,0.3422226894077126,0.07984919,23.431452,0.22278814,0.24091251,0.47333917,88701,0.5974690497261009,6.4878336943667705,0.09142842827505177,0.08506482862509585,0.13111648080980143
random_baseline,105,0.8106930638737913,10.9511414817078,0.2380674439931854,0.24947079132234787,0.31671686463432547,0.19462454,24.111979,0.29124674,0.29981074,0.36894187,61083,0.6160685206837888,13.160837049175989,0.053179298016931165,0.050339946049096834,0.05222500867767099
random_baseline,108,0.4271417285055496,26.700717942390003,0.35006817989727435,0.3537744476864882,0.23711593444103185,0.19782972,27.096684,0.30239072,0.3105972,0.23516855,20233,0.2293120051473953,0.3959655598072622,0.04767745547672686,0.043177236563975374,0.0019473880028146873
random_baseline,109,0.8727462876834201,18.136866156036096,0.3398869312325596,0.34274878465104264,0.223382059423862,0.96223354,10.65801,0.17620383,0.18585497,0.35803276,65784,0.08948725571257599,7.478856626922326,0.16368309920226326,0.15689381324219864,0.13465070358044098
random_baseline,102,0.5917920179825319,19.142166772330743,0.3076647124586483,0.32098961029635903,0.29168764240603373,0.2560727,27.185375,0.30448842,0.30994168,0.29291958,111415,0.33571931795888077,8.043208441292304,0.0031762919721980976,0.011047931057085958,0.0012319337620265713
random_baseline,112,0.2702067439948175,23.773308446741655,0.2619770223669944,0.2700064439378206,0.316761198632395,0.11953876,23.177954,0.66743,0.67032707,0.19682221,134768,0.15066798231945966,0.5953547266488819,0.40545296124888086,0.4003206234373625,0.11993898748604032
random_baseline,113,0.6862305623231008,23.00004381259147,0.5446974035664998,0.5483975522739457,0.1972446681854533,0.91650623,7.1120553,0.46790993,0.47189492,0.1981455,1618,0.23027566850804548,15.887988510925211,0.07678747142996412,0.07650263240166177,0.0009008256795598191
random_baseline,116,0.9704433674457524,10.606621818324875,0.1898253885355857,0.22446650392289633,0.4972753573836177,0.9485913,11.611339,0.22809029,0.24676704,0.5080616,127274,0.021852075541302973,1.0047167970926054,0.038264897719297114,0.022300540144486486,0.010786230426898635
random_baseline,118,0.48967329190713305,22.10580340169411,0.24936980267376785,0.25379432399461643,0.24420255902163035,0.95481944,9.069697,0.18998358,0.20126101,0.3852934,124114,0.46514614893454176,13.036106021628193,0.05938622613758926,0.052533310248354836,0.14109083530553335
random_baseline,111,0.9728213236122215,13.334167125999734,0.1793244782225322,0.19465995211026274,0.4694308804454519,0.8104544,10.749181,0.26448187,0.2722839,0.34195542,91847,0.16236689541626814,2.584986332237527,0.08515739409764297,0.07762395959475435,0.12747545709034935
random_baseline,110,0.18358537491674526,25.019516190972055,0.21930513581764954,0.2331233100370851,0.4377364849225882,0.67912954,22.619465,0.33696523,0.33971024,0.20639324,77021,0.4955441660035123,2.4000513167044772,0.11766009726989013,0.10658692555861801,0.231343243040264
random_baseline,114,0.937634330406479,10.785850751051441,0.2951054452816187,0.30473778541607055,0.2868340864595073,0.5597202,22.602724,0.27822566,0.35036916,0.5864679,102678,0.3779141122248689,11.816873324265941,0.016879784957522015,0.045631369990881354,0.2996338352743489
random_baseline,115,0.954238664304691,11.464501478159562,0.344522082710153,0.35200674148267197,0.2597302488600486,0.95395523,15.153366,0.29831457,0.32274783,0.49964646,100814,0.00028343120761453733,3.6888646107076255,0.046207511329537765,0.02925891490643906,0.23991620618946619
random_baseline,122,0.7277056506899946,15.720551721928011,0.2671820857909429,0.2726042700329653,0.24457600127926735,0.5330355,24.512684,0.58080995,0.5824037,0.1626165,91722,0.194670133951103,8.792132146480192,0.31362786503760937,0.30979944939223614,0.08195949506035713
random_baseline,121,0.4167338114990591,24.363586164000456,0.264544742419531,0.28398969503661153,0.4577355086004379,0.99406284,5.2553906,0.20289335,0.23949708,0.6908754,67798,0.577329029439509,19.10819551992697,0.061651395871450576,0.04449261459132192,0.2331399024331925
random_baseline,120,0.31002019546606374,22.413722764055027,0.2375813402795298,0.31106400558960623,0.8226050671553744,0.6859267,22.776274,0.46233478,0.46717453,0.18751529,98069,0.37590648033044505,0.362550963361965,0.2247534416056173,0.15611052443969065,0.6350897785639895
random_baseline,117,0.011933801329778363,28.15404954679467,0.3906375629866719,0.41114858877907606,0.2728944686278033,0.8512997,17.14421,0.23024854,0.2371178,0.30796364,24292,0.8393659017914069,11.009838731364983,0.16038902234679459,0.1740307916427693,0.03506917086995365
random_baseline,119,0.8380052312013462,8.146432856561084,0.4202909493944546,0.4261222461807728,0.23052366609241381,0.7292272,15.352625,0.33287448,0.34990236,0.45254073,68315,0.10877804595201757,7.206192036627392,0.08741647248481715,0.07621988454937939,0.22201705937717542
random_baseline,125,0.24145792762453175,23.04259770446264,0.25797703648439685,0.26245692963187756,0.2716768962537073,0.11936989,25.506084,0.20436344,0.25969046,0.628498,66005,0.1220880408089838,2.463486737676032,0.05361360097757617,0.0027664660889393233,0.35682112153422607
random_baseline,123,0.9143300353457283,16.127241026293298,0.30309449858801657,0.31003750652842665,0.2834857721908581,0.8638806,14.797662,0.2344146,0.24700767,0.3999716,88491,0.05044946064251177,1.3295792449822628,0.06867989130156332,0.06302983851008559,0.11648583215637093
random_baseline,124,0.2082437833071689,29.752564639456946,0.3592461545219217,0.36020877096306886,0.1262713947905041,0.5930979,19.38417,0.37228206,0.47810468,0.57866937,128377,0.38485414187898837,10.368394107230383,0.013035903478642863,0.11789590981352721,0.45239797443022955
random_baseline,127,0.3869913216874194,24.58514308973535,0.7428394858668558,0.7458356350932345,0.1853237726844775,0.815457,19.4621,0.25892687,0.2634544,0.26724717,3661,0.42846566473988773,5.123044014417967,0.4839126174281351,0.4823812276396975,0.08192339752540714
random_baseline,129,0.6871839157594918,21.515858034514313,0.3601873730725769,0.3717826942390385,0.37056850179077994,0.79903287,14.983558,0.27745393,0.28180128,0.2387503,103048,0.11184895119531169,6.532300333403473,0.08273344388670961,0.08998141087951089,0.1318182079398812
random_baseline,128,0.93264014047124,12.066201629779187,0.4954906922993585,0.502495661644683,0.25392591489431915,0.16135001,28.301107,0.37974232,0.3824067,0.2346681,5254,0.7712901286456785,16.234905776837024,0.11574836794709409,0.12008895006631382,0.019257809053636166
random_baseline,126,0.8118670981120341,20.140961949143936,0.2992356107022824,0.3547249678081444,0.5712275814703248,0.91243213,16.227629,0.26331612,0.27107987,0.32694593,60871,0.10056503603942468,3.9133332412581936,0.0359194860246243,0.08364509972991258,0.2442816507509492
random_baseline,130,0.09652458251123049,15.041094627343554,0.24205379485839654,0.2615564333693545,0.4376903212395494,0.9764666,8.969985,0.17663778,0.22192945,0.6562025,41610,0.8799420136153259,6.071109619103808,0.06541601121181298,0.03962698750658444,0.21851217385856464
random_baseline,133,0.7146832865968054,21.094112630875184,0.24171011451025576,0.29584565596782325,0.573677280219295,0.66716266,21.724648,0.23176423,0.24029805,0.35671666,99376,0.04752062981274774,0.6305348910974722,0.00994588735838503,0.05554760830604194,0.21696061757395502
random_baseline,134,0.7235557264217206,17.753230611706044,0.3463199721928868,0.3499738658414438,0.1982578812225738,0.9083497,9.554885,0.26990777,0.28174427,0.3503315,17825,0.18479396639978207,8.198345701122548,0.07641219965184065,0.06822959432464387,0.15207360404888007
random_baseline,131,0.9349061064069356,4.880912933429613,0.2866167712490921,0.3081017594757674,0.3422462767324059,0.49949542,18.65179,0.21536367,0.2405355,0.49498078,43739,0.4354106895272817,13.770877685466871,0.07125310483387753,0.06756626181036213,0.15273450553802564
random_baseline,136,0.08394572900649597,27.911560295619637,0.2409699253176167,0.24351486966793545,0.1688174638197891,0.7665359,19.221857,0.20338193,0.2209849,0.49562517,48891,0.6825901491749615,8.689703224696785,0.03758799949631239,0.022529963709759793,0.32680770426530914
random_baseline,132,0.44958131552998143,21.612687709845233,0.24839437163563732,0.25224459518552317,0.19689658725634665,0.9611297,4.2591558,0.32463923,0.33303913,0.2031044,106331,0.5115484094494192,17.353531959570574,0.07624485933093067,0.0807945395553063,0.006207819338883452
random_baseline,135,0.769633526733724,22.32821976707,0.2906134807793856,0.29352892602429215,0.17676492646251815,0.6736085,23.783697,0.5372027,0.54148954,0.21574281,104515,0.0960250448497213,1.455477361225899,0.24658923509433267,0.24796061550631698,0.03897788509811265
random_baseline,140,0.7555194730285106,16.03551107970884,0.41084106875837373,0.4123513852696341,0.1580882781278888,0.34637225,28.02469,0.2612827,0.2771357,0.29447126,119733,0.4091472262862621,11.989179548342918,0.1495583565372281,0.1352156852822226,0.13638298575760924
random_baseline,141,0.1222047201895068,25.549457443657644,0.21915201441836235,0.23092125451057227,0.38818581642556055,0.3930655,25.216278,0.33799875,0.35717443,0.4834872,55846,0.2708607919908216,0.33317936748576926,0.11884673340726021,0.1262531718066427,0.09530137239051001
random_baseline,143,0.5254309491522673,23.86119469930538,0.278971904485367,0.28292536876148655,0.22914830554750862,0.52073383,22.369987,0.18364699,0.20918016,0.5864407,113506,0.004697115839279009,1.4912072115124104,0.0953249126364214,0.07374520740456059,0.3572923768636852
random_baseline,138,0.44541980319808006,22.165476796289216,0.3418340318020778,0.3479342657218694,0.2747161281959452,0.09075033,26.818455,0.26332998,0.26608127,0.18700095,25533,0.35466947400162696,4.652977946142425,0.07850404904450942,0.0818529921661138,0.08771518298548836
random_baseline,137,0.44571255668537185,21.832489937409573,0.32694471704134836,0.3913873592862368,0.7311338142515514,0.87290853,18.840435,0.17920546,0.20985526,0.48163995,29684,0.42719597593410447,2.992054909333401,0.14773925470480814,0.18153210082142357,0.2494938627840374
random_baseline,142,0.12319518936642661,24.934559330223177,0.2100832430201186,0.21376541956812647,0.18101216540707504,0.13220209,27.442757,0.3016329,0.3157956,0.36197683,42954,0.009006899466428617,2.5081973226088543,0.09154966794675456,0.10203018084614965,0.18096466674433792
random_baseline,139,0.7987807298397174,19.684805138170834,0.37947729828281823,0.38531745488839264,0.28790881151031694,0.7681416,18.334352,0.8197346,0.8252538,0.1902688,20962,0.03063910252801083,1.350452644884701,0.4402572750814396,0.439936329768132,0.09764001184772692
random_baseline,145,0.6078942696217622,22.38188517498196,0.2892713879864937,0.30394056549409454,0.37937395292088905,0.9027792,8.970675,0.25184458,0.278499,0.4988706,51254,0.2948849519129668,13.411209706537136,0.0374268030446297,0.025441558269057918,0.11949665826990685
random_baseline,147,0.9870707986612116,9.54674933489325,0.26135383683990393,0.3238269997737738,0.8315047705093765,0.53644776,21.155361,0.22251806,0.23083885,0.38375568,57139,0.45062303521821845,11.60861184064386,0.03883578020881567,0.09298814963320223,0.44774908661045076
random_baseline,149,0.7500971653940959,20.777776423946744,0.2879766106847824,0.29182785800809796,0.22518951506227058,0.79485834,15.779094,0.2263196,0.23980963,0.39517897,54183,0.044761171054573556,4.998682681576138,0.06165701451340333,0.052018225706767396,0.16998945861250359
random_baseline,146,0.9465524093024047,3.6470244012098973,0.2758474454879618,0.2836161325450074,0.22824423767922564,0.50012565,16.461933,0.23202096,0.23934329,0.28994894,18035,0.4464267627112182,12.81490873477643,0.04382648622988228,0.04427284698439948,0.06170470259787397
random_baseline,151,0.35586220626189125,24.636817808721784,0.2711166194388609,0.2766055769828416,0.2979137765381183,0.4973401,27.58751,0.5062406,0.5076567,0.15230675,42200,0.14147790666268456,2.950691346551654,0.2351239868691225,0.23105111647571552,0.14560702612136261
random_baseline,144,0.7663070295752247,19.804942498304392,0.19869618157634641,0.20603805677996254,0.3551965549417099,0.157177,29.427174,0.32874823,0.33604646,0.3037447,44350,0.6091300283373554,9.622231116197561,0.13005204458942507,0.13000840051068688,0.051451851410444616
random_baseline,148,0.43816119849136104,17.67779062590276,0.30439022480142147,0.30746786618525157,0.19009063105727056,0.6634564,18.851463,0.2600071,0.26329082,0.23805518,288,0.22529518187591802,1.173672691968335,0.04438311158311398,0.04417704367930064,0.04796455342625758
random_baseline,153,0.9462423367334235,9.090098571113877,0.3893771468055792,0.39528633913737343,0.2239923382305443,0.7470299,19.496372,0.22233842,0.24333227,0.50226736,119874,0.19921243618258122,10.406273651786513,0.1670387236726828,0.15195407232981728,0.27827502245671154
random_baseline,150,0.8887742974368822,17.893772755419015,0.21646139123986008,0.2227896457733921,0.31330099065502826,0.070121095,27.556084,0.96538943,0.96554184,0.038153097,17827,0.8186532028524172,9.662310923780204,0.7489280392830586,0.7427521938262173,0.2751478936215276
random_baseline,156,0.755988163958931,21.967274926133555,0.6993879753483537,0.700371365119821,0.11791253651820942,0.84594667,15.744453,0.39838147,0.42650217,0.5314537,52379,0.08995850561962127,6.222821495957774,0.3010065037144426,0.27386919694126266,0.41354119215763285
random_baseline,154,0.9752834182377007,3.302503045509546,0.495532512903273,0.5280675164076988,0.33924851304819886,0.2259466,22.633484,0.22624949,0.23233566,0.24709448,110298,0.7493368130321648,19.330980841209204,0.26928302669531096,0.2957318595263664,0.09215403086474244
random_baseline,157,0.9612920418891685,6.249100844400687,0.2801522087724337,0.29139082139176387,0.3105241355815044,0.77376485,15.272466,0.4046297,0.41623184,0.3413217,68642,0.18752719318006206,9.023364861470895,0.1244774985639921,0.12484101945715886,0.030797571190346207
random_baseline,159,0.9398117831165457,7.926501610326483,0.22432782799231482,0.23358372563226976,0.3413332027901606,0.8747653,5.966621,0.23841435,0.24276061,0.26273558,1502,0.06504650620767116,1.9598806882378597,0.014086519179468626,0.009176887928406818,0.07859762735261483
random_baseline,152,0.9797627103575933,7.531242554575975,0.30190249566136146,0.32417221894889336,0.4571363806015802,0.17702001,28.349092,0.28710875,0.28924185,0.1408743,50369,0.8027426970252264,20.817849928944533,0.0147937465101316,0.034930368572764214,0.3162620841748071
random_baseline,155,0.8484302551208979,14.058691258976587,0.4257346030300144,0.43063944179402214,0.21761778740339868,0.85445946,18.22089,0.25985387,0.30349293,0.42551678,1539,0.006029209429120441,4.162198786189428,0.16588073335342446,0.12714650828228813,0.2078989967877329
random_baseline,163,0.2774201518962664,22.59124343106632,0.39579989294467566,0.4043598212628881,0.2947949544193332,0.31125742,22.369558,0.26200303,0.36804664,0.71938926,1459,0.033837270074101033,0.2216850967157349,0.13379685859141943,0.03631317991309563,0.4245943053958829
random_baseline,164,0.9748123471558151,6.450656024026593,0.31069481600999316,0.31665998770114523,0.24112445474053912,0.4174658,19.837389,0.21155006,0.21506488,0.22330345,68069,0.5573465411484299,13.386732968282978,0.09914475907563647,0.10159510446902853,0.017821002606406733
random_baseline,158,0.5440713707721948,22.170784461222787,0.3088650844001599,0.31173094054191003,0.1819454484294748,0.1847325,24.587997,0.29889354,0.31951642,0.38287804,139498,0.35933887403376097,2.41721297530065,0.009971543302518926,0.007785479822469854,0.20093258687745574
random_baseline,162,0.20137584381286638,22.813358136654127,0.24201659615484128,0.24741398160267591,0.25468295337165153,0.9084822,17.564554,0.24044713,0.24926578,0.3240329,42803,0.707106350133972,5.248803922176588,0.0015694623753155224,0.0018517934818196302,0.0693499493459388
random_baseline,165,0.5355438051683374,25.672866297187262,0.3357724871989766,0.33743546838388144,0.15164033730579818,0.6306602,12.79828,0.32826695,0.34460637,0.3558489,46663,0.0951163711088232,12.874586534919196,0.0075055387374440286,0.007170901349928982,0.20420857111857926
random_baseline,161,0.027708325486249796,25.176813317722182,0.19944696121482697,0.20244314143403702,0.21505797972239954,0.9592159,5.5796895,0.26853508,0.27953848,0.30148184,43268,0.9315075539540578,19.597123815006118,0.06908811635704193,0.07709534099356002,0.0864238632722904
random_baseline,167,0.9021028256038317,10.477099346538417,0.2886690616956381,0.3107078427929053,0.43617035247408414,0.055500045,26.757128,0.36788923,0.3722383,0.20740405,23918,0.8466027801850924,16.280028415302404,0.07922016378730257,0.06153046539839413,0.22876630522333646
random_baseline,169,0.061283787448833275,29.009541747845656,0.8490321776363399,0.8494078519718853,0.07094259737171536,0.9512185,5.435145,0.31485316,0.35973653,0.40417278,88135,0.8899346983833811,23.57439684657002,0.5341790160629298,0.48967131999900015,0.33323018075786226
random_baseline,160,0.7388849191456077,17.57214821380343,0.21840901872637675,0.24195434329276388,0.46252320549932446,0.16614236,25.79963,0.49021357,0.5076604,0.3123826,127469,0.572742559769654,8.22748099762235,0.27180455425259664,0.2657060456537693,0.1501405968472096
random_baseline,168,0.492990255957371,23.37631256394531,0.23034355029108888,0.2792982562544939,0.5345054009023568,0.9634831,9.824373,0.22221565,0.23145387,0.34987503,129278,0.4704928392116964,13.55193931870605,0.00812789782526857,0.047844390487968624,0.18463036800059285
random_baseline,166,0.908422531853295,14.884401524499388,0.1900818401422529,0.20287870085385407,0.3796990951206245,0.87527996,14.113092,0.21014732,0.23421419,0.47727737,102649,0.033142568836785014,0.7713091020140368,0.02006548108195974,0.03133548581454193,0.09757827318648915
random_baseline,172,0.48576255220940484,24.785683679397625,0.3777748577286481,0.38234702219277195,0.26576463924741495,0.6105009,23.13431,0.55489653,0.56111866,0.22003186,127898,0.12473831992575751,1.6513739107208671,0.1771216757605792,0.17877164016455838,0.045732781756875396
random_baseline,171,0.9621415720580342,11.430572712595357,0.46969560622080564,0.478081469381884,0.36391985673225985,0.26585367,28.249697,0.40244472,0.4884497,0.5374531,95843,0.6962878988383534,16.819124018972026,0.06725088595255613,0.010368223344251248,0.17353325825415983
random_baseline,170,0.9316931581539535,11.555628353842273,0.2828118453813354,0.28996506878199485,0.3398097624831219,0.17418015,27.298477,0.34834108,0.3515214,0.19718997,83412,0.75751300812191,15.74284881900929,0.06552923218481144,0.06155633381543252,0.14261979067850306
random_baseline,175,0.32535242511638773,18.679989162981407,0.2951103205937294,0.29767687279237154,0.1732589989245382,0.4368854,27.196178,0.28598428,0.30417836,0.3518146,62291,0.11153296158901083,8.51618927329789,0.009126042868509654,0.006501484331957075,0.17855559892053932
random_baseline,178,0.9480053051257741,12.37678435309089,0.24496924683546017,0.26651217771510577,0.532577176130805,0.15072244,28.104229,0.29563823,0.3006917,0.21228768,42254,0.7972828610683095,15.727444620297781,0.05066898658777286,0.034179516306119206,0.3202894968161917
random_baseline,176,0.1822967426354038,25.250111741830704,0.32081817674936347,0.3270218538230997,0.20131184162123256,0.9371833,4.2727866,0.37492657,0.3836945,0.28719553,59051,0.7548865778869045,20.97732512455165,0.05410839032827325,0.05667264590796417,0.08588369189279027
random_baseline,173,0.17556986654136866,21.762745194312846,0.2584165216983274,0.26643825345856337,0.23886170230209355,0.6201903,22.282326,0.27630904,0.28633088,0.39370427,131660,0.44462045585777077,0.5195805503160607,0.0178925214706942,0.019892625276025255,0.1548425630539703
random_baseline,180,0.4329530457035455,26.450091930797505,0.35495262062867694,0.35891199579496064,0.19989762173692033,0.37032053,26.036715,0.31001493,0.32229596,0.3179883,51618,0.06263251695789424,0.4133773769644975,0.044937687280974914,0.03661603203076996,0.11809068454703048
random_baseline,181,0.6681929238149038,23.9809999542433,0.3431229410868449,0.34444851317241254,0.15087797867696445,0.9761339,12.398172,0.26405317,0.26692203,0.19055498,67014,0.30794095918451636,11.58282757570326,0.0790697751742167,0.07752648629977765,0.03967699778635342
random_baseline,174,0.9348904441885362,4.861209559920837,0.29318614672032023,0.32700342962415596,0.446664012681952,0.920569,5.976424,0.45569226,0.46005416,0.15364957,116898,0.014321441560209758,1.1152146573032837,0.162506114737123,0.13305072954027275,0.29301444412421274
random_baseline,177,0.7997780149699413,18.127429614408953,0.3135040851597757,0.319924155456128,0.30254882054754745,0.3774842,25.969688,0.8260946,0.82788026,0.13646677,11502,0.42229381258499255,7.8422588011183905,0.5125905422205954,0.5079561078724242,0.1660820491833354
random_baseline,182,0.8908815678043411,5.7542549301116,0.34413323070900015,0.36945361180220293,0.2975508713750277,0.98323125,7.293705,0.18892466,0.20418373,0.38552797,99602,0.0923496786670639,1.539450056460666,0.15520857539073996,0.16526988429938005,0.08797709703164952
random_baseline,179,0.6002120729375998,21.244847890095286,0.24462557375363067,0.24817057892146574,0.23798251623460548,0.9381767,2.7796597,0.34425157,0.36166787,0.32354036,46132,0.3379646185945352,18.465188142017894,0.09962599933215424,0.11349729255375399,0.08555784350088341
random_baseline,185,0.395817287173826,23.55075238424465,0.2810832636774697,0.285484208909447,0.230333696241658,0.17347693,23.181128,0.24559449,0.3122152,0.71904093,67410,0.22234035274084263,0.3696248360268761,0.035488777083269585,0.026731000097816204,0.4887072340294907
random_baseline,186,0.39131056049510926,17.773777892194417,0.25205586483533676,0.2539086451276851,0.15567674369487064,0.40926892,23.096407,0.22079779,0.23269965,0.39379376,57821,0.0179583551581195,5.322629044451091,0.03125807275827225,0.02120899758187056,0.23811701803532345
random_baseline,189,0.19197091503337604,29.658493556475644,0.4718141706063641,0.477679685855429,0.24608530546117555,0.6421041,24.806776,0.38167205,0.3842057,0.19629765,122404,0.4501331742267253,4.8517175097227145,0.09014211607717404,0.09347398688844905,0.04978765989232789
random_baseline,183,0.6774065160594878,19.502470669324502,0.21375779869869768,0.24126769386647162,0.5162070754060684,0.97444177,9.519079,0.24165972,0.26373178,0.49248752,67695,0.29703525067940384,9.983391460950479,0.027901917072977428,0.022464083801527646,0.023719555426591432
random_baseline,184,0.16695336328632038,29.368866734706756,0.3076920808766035,0.3127837656109274,0.2236829579731042,0.67017376,21.726582,0.42676258,0.42880788,0.18695776,41623,0.5032204009425004,7.642285161220428,0.11907049999497854,0.11602411884379976,0.03672519632778712
random_baseline,187,0.1367693041118182,23.24236764271908,0.21527449251399444,0.22102795710706907,0.2674185176042829,0.87789935,11.328646,0.2570406,0.25945377,0.17801166,5920,0.7411300446239911,11.913721936542323,0.04176609753384186,0.03842581639146608,0.0894068617967878
random_baseline,192,0.3477673190543519,23.00465204846978,0.2609661355260707,0.2834227290979168,0.3670277356592904,0.91231287,12.093957,0.23634078,0.2517658,0.3823296,4980,0.5645455462029113,10.91069510114312,0.0246253594402171,0.03165694149644588,0.015301877311061751
random_baseline,191,0.5611287150639286,22.977921873605872,0.22625316915092245,0.24592247535711723,0.4806315689023952,0.09353386,23.870848,0.21282002,0.22480519,0.39727622,61615,0.46759485640704535,0.8929258284204948,0.013433145852658895,0.021117284197868874,0.08335534619655416
random_baseline,194,0.3884202359363378,26.13705454329295,0.29741932006948973,0.30365138605434633,0.32242464009816096,0.21902457,28.33867,0.8564889,0.85750955,0.09974089,49295,0.16939566714017995,2.2016161872978692,0.5590695634258411,0.5538581673781182,0.22268374744946406
random_baseline,190,0.22028410615427754,22.910273782627833,0.7060555106973243,0.7068833651702758,0.0941652007327042,0.42721227,25.1097,0.76693326,0.7684736,0.11646682,125615,0.20692816195981242,2.1994254666397453,0.06087775165085074,0.061590260012829634,0.02230161950731656
random_baseline,188,0.18738012446532465,25.380932904566254,0.25540520064515254,0.26273005026321206,0.2465054002590247,0.4099868,25.91455,0.54621243,0.5467785,0.09397277,70264,0.22260666952957892,0.5336178766837456,0.2908072341235242,0.2840484498168966,0.15253262789917668
random_baseline,193,0.04315304215019931,31.381411948135753,0.8341434190569448,0.8350919163254481,0.10772444230388015,0.9666059,11.439846,0.36922804,0.3845366,0.4353785,100008,0.9234528595679403,19.941565909317394,0.46491538384538167,0.45055532217299754,0.3276540495746294
random_baseline,197,0.5344605754802934,16.641160755237145,0.2310548470214482,0.26198189976453484,0.4449879016425862,0.18479988,24.577337,0.6083756,0.6118201,0.20934775,53983,0.34966069569094094,7.936176509777503,0.37732076189960284,0.34983820197344123,0.23564014692571306
random_baseline,198,0.9521961591435739,10.655946906373984,0.2102801865866953,0.22383682461390342,0.4375132735821894,0.5756875,24.135557,0.27257717,0.2769333,0.21184646,92812,0.37650863148701874,13.479610268308633,0.0622969799706167,0.05309648780217324,0.22566681765052587
random_baseline,199,0.5057986122188066,20.252302470256545,0.44902252426107236,0.4505244366171911,0.1328010169633914,0.7944265,16.446856,0.2887997,0.30435038,0.35470855,136517,0.2886278885784651,3.8054469252125998,0.16022282113988706,0.1461740604880407,0.22190753539714328
random_baseline,200,0.11215452755651598,25.873818017084442,0.22183760448883624,0.2297904994556585,0.2569863855283219,0.91785604,4.7940564,0.28115964,0.2912199,0.3271654,76666,0.8057015100602137,21.07976160152658,0.059322034869684265,0.06142939066198677,0.07017900949311667
random_baseline,203,0.3620689802771629,24.731799576268664,0.21972983552189077,0.22310107817399427,0.17709355076535002,0.84077525,14.30075,0.21515587,0.22222431,0.30185437,73404,0.4787062711113869,10.431049797521105,0.004573965799524432,0.0008767681335203337,0.12476082125918611
random_baseline,195,0.3738680906781545,22.427931233119768,0.34373618040110193,0.35225255617743956,0.22942894739928035,0.95940125,16.17942,0.33367944,0.33721516,0.24706848,82382,0.5855331592074046,6.248510761928362,0.01005674276377283,0.015037400814356672,0.017639532257892804
random_baseline,204,0.5122206363181132,24.64174123151493,0.3462775117685823,0.3479931239033351,0.14047508805789202,0.38218084,19.519865,0.4165194,0.46556637,0.37398532,93290,0.1300397965411204,5.121876195504189,0.07024189168905931,0.11757324300759936,0.23351023227177412
random_baseline,196,0.5489852023484967,25.979660768561263,0.60628062841074,0.6091604398673617,0.22843073221037827,0.5333079,24.617947,0.33726513,0.3399275,0.19957608,24276,0.015677292382981545,1.3617141438054041,0.269015494553013,0.26923294534145226,0.0288546523649498
random_baseline,205,0.8692875983066698,10.507105186112746,0.28711002581828904,0.29970049722174746,0.3421581136912655,0.4991929,19.237764,0.42686492,0.42910475,0.15040667,60388,0.37009470480157336,8.730659172407762,0.13975489622837234,0.12940424816628354,0.1917514401406597
random_baseline,206,0.9479515042408144,6.164975083713742,0.37890013438797954,0.3870146087795045,0.23983973904542769,0.5038399,15.150395,0.34107965,0.3478903,0.26401186,138453,0.44411159421044943,8.98542030965784,0.03782048207856181,0.03912432114179393,0.024172120848371142
random_baseline,207,0.9824587597494265,5.41416584355666,0.23262036788421434,0.2461032273563605,0.4014435205016368,0.6337114,18.721075,0.5062929,0.5074835,0.11481538,137789,0.34874736210156887,13.306909214426739,0.27367251169723705,0.26138025500447937,0.286628143802666
random_baseline,202,0.9765077559651286,9.359378711856536,0.280100771877664,0.2852417992758904,0.2459545408042742,0.28820732,19.60513,0.2335871,0.23656078,0.22775514,117461,0.6883004336060435,10.245750530086823,0.04651367077578872,0.04868102244617084,0.018199396565802217
random_baseline,201,0.07510494645180395,27.101541712340264,0.27822904180259855,0.2834189611339874,0.234503873644049,0.031251553,24.826643,0.29425612,0.3056174,0.28451583,79555,0.04385339300574949,2.2748987222279595,0.01602707911758272,0.022198430929153468,0.050011954250161805
random_baseline,212,0.9607216336852812,8.805716904486466,0.24827719213186805,0.26076769519834253,0.34840229307610215,0.922102,12.47795,0.25534257,0.26792622,0.3647414,74392,0.0386196591979765,3.6722331916439046,0.007065380795606924,0.007158520927145751,0.016339121709282978
random_baseline,213,0.8627844930681968,17.004617511868787,0.2104239024651958,0.2139650328743995,0.21126554871793923,0.9525448,9.497598,0.669496,0.6802452,0.2390646,27582,0.08976031531955952,7.507019817471814,0.459072097347884,0.46628018778676383,0.027799055326021338
random_baseline,209,0.9698045956889155,6.133048523343518,0.22086635334093785,0.23767194975634656,0.3457381173126562,0.96925884,9.788651,0.29172635,0.30962852,0.3831538,65699,0.0005457508364680175,3.6556029430261106,0.07085999744336391,0.0719565666792766,0.0374156788833277
random_baseline,208,0.10721197567364468,28.21807641720537,0.26459631513666476,0.28036408399930746,0.3071529343737852,0.5218997,24.327305,0.22080491,0.23131151,0.3985246,73576,0.4146877244911502,3.89077157711748,0.04379140030454959,0.049052569025667014,0.09137167781455402
random_baseline,215,0.2501456533875307,30.10531319141741,0.32705328323806004,0.3308717538186632,0.22912572531475214,0.98219115,6.200924,0.6923044,0.7000263,0.18214685,118498,0.7320454920325438,23.904389271739674,0.36525108954941554,0.3691545199087538,0.04697887806667475
random_baseline,210,0.48929723255979884,22.82830484023958,0.2543206163035881,0.2608482757166592,0.28892420899452914,0.09494855,25.680159,0.2657775,0.2686766,0.18744282,131957,0.3943486800109135,2.851853774872726,0.011456882180069738,0.007828333084228867,0.10148138475002993
random_baseline,211,0.5887530242770646,21.314919078235416,0.2297664716738692,0.24219627481643433,0.3972663628829767,0.09700054,29.897211,0.5346303,0.5360146,0.13757811,56838,0.4917524849742386,8.582291996593685,0.30486382694063274,0.29381834167297605,0.2596882480157663
random_baseline,219,0.7369126130909814,19.812165898070926,0.22746850264581447,0.2364941102637163,0.3741026957636376,0.66224164,24.630816,0.29796034,0.30647868,0.33943483,22477,0.07467097538422485,4.818649607910519,0.07049183833090061,0.06998456891642896,0.03466786342911915
random_baseline,218,0.8997828965129571,12.395857725528415,0.2532167037883881,0.26276918547361044,0.4242322140786506,0.6954102,23.035995,0.61984855,0.6221708,0.18806607,58244,0.2043727045001702,10.640137757870022,0.3666318455776092,0.35940162045748086,0.2361661487672187
random_baseline,214,0.9787581743064778,2.9726843832305363,0.328685113522754,0.36880971952832786,0.5117760553533236,0.022575999,26.11699,0.28480977,0.29009497,0.22421275,39616,0.9561821756276744,23.14430475251165,0.043875345322833326,0.07871474787152855,0.28756330456082024
random_baseline,217,0.6646559756288584,22.306615464414488,0.3357084003911137,0.34630304819904106,0.3567329742188999,0.31246853,18.686245,0.22260462,0.23056856,0.30568507,124660,0.35218744688129977,3.6203704998148787,0.1131037829146504,0.11573449022136467,0.051047901081616553
random_baseline,222,0.5104488804261602,22.788960512714446,0.7880448967312389,0.7887949477346818,0.0840356378973537,0.47545728,19.119091,0.3490778,0.35220948,0.17081214,51030,0.03499159955190789,3.6698694787788995,0.4389671057556682,0.43658546911796736,0.08677650697817273
random_baseline,216,0.978544796918033,7.603652151237661,0.2608247835627226,0.2718285602802455,0.4146395790948876,0.89664364,15.457788,0.41100755,0.41481394,0.19530971,3750,0.08190115830719313,7.854136316169566,0.15018276977628192,0.14298537547643786,0.21932986561203083
random_baseline,221,0.8474121727880238,20.730452282044762,0.22450771356425242,0.23337299186795013,0.33260510600003873,0.22036391,28.427147,0.23846011,0.2458106,0.26518774,35316,0.6270482578214406,7.696694629576331,0.013952395073557333,0.012437606267044377,0.067417365674111
random_baseline,220,0.1819638066095209,28.483802591136804,0.3370078751129766,0.34509183260129717,0.25957795913038734,0.33128765,20.73046,0.29129928,0.33917317,0.49903515,22625,0.1493238456445837,7.753343377879968,0.0457085916084905,0.005918664657342698,0.23945719068231103
random_baseline,225,0.8940924029037257,15.670130014782735,0.31913966564670965,0.32742354607637725,0.31005337041377046,0.7710879,11.999344,0.26896265,0.28558514,0.39653227,122611,0.12300451800077161,3.670786142712423,0.050177014155544486,0.041838410854895924,0.08647889691830657
random_baseline,226,0.4691555442034204,26.73851224318886,0.37811660551421733,0.38133351072664995,0.21072183579162698,0.08373386,21.750286,0.23191199,0.23914018,0.2567246,100627,0.3854216875254114,4.988226140893939,0.1462046184479484,0.14219332799311418,0.04600276023193259
random_baseline,224,0.14196657392656434,24.703644434011416,0.28535962403084114,0.2865942545582742,0.13143340359551062,0.83115256,17.963335,0.24856496,0.2796273,0.6282146,43252,0.6891859844001569,6.7403093967799705,0.036794665458453446,0.0069669612099618194,0.4967811941065158
random_baseline,230,0.32418144315604525,31.301859783838125,0.5263957008820025,0.5277739563710013,0.1173102858624306,0.13931303,23.992552,0.290519,0.299823,0.2844439,62517,0.18486841589335756,7.309307980249258,0.23587670178227105,0.22795097024505528,0.16713362902785872
random_baseline,223,0.03569162571651857,26.089775722880496,0.20426391619329207,0.24627665292412787,0.466602597011311,0.9441092,7.9127345,0.2731104,0.30915132,0.4763951,1072,0.9084175757147559,18.177041214366092,0.06884647351618059,0.06287466872542352,0.0097925033438373
random_baseline,227,0.8013699687064132,22.125326347530454,0.40648813527470906,0.40994009177780727,0.2618368677487899,0.39124614,25.54052,0.59793234,0.60088986,0.16352816,2721,0.41012382870320885,3.415193366825015,0.19144420343989055,0.19094976980590245,0.09830870848804008
random_baseline,228,0.37708795930490696,25.668625542795585,0.22006061570411722,0.23136903839147854,0.3546483294871327,0.07997736,25.063278,0.37589064,0.37932542,0.18083556,24569,0.29711059595689976,0.6053473445533974,0.15583002670043905,0.1479563812729044,0.17381276952295271
random_baseline,231,0.5076772185998437,27.12504734542171,0.5000502000764706,0.5010017566355499,0.13494389484403502,0.6362742,20.406773,0.261379,0.2719739,0.33112547,17066,0.12859699995942142,6.718274731896319,0.23867119655169033,0.22902784868800963,0.19618157317163576
random_baseline,229,0.5884438521322366,17.12860763541262,0.352566759361832,0.3594163889315472,0.3089624394646889,0.07289079,28.077456,0.38031256,0.3924869,0.29339442,41521,0.5155530638155099,10.948847885217262,0.02774580262699855,0.03307051115962406,0.015568022894025424
random_baseline,234,0.07946479981124016,26.159564018599802,0.18360096242965804,0.20581206221542217,0.5133297735518146,0.4917091,27.438684,0.42513898,0.42835578,0.24036537,91789,0.41224431330979255,1.2791204449011744,0.24153801772056474,0.22254372100868366,0.2729644024437595
random_baseline,232,0.9162617037280382,10.82770980994323,0.22948916961749516,0.2385270675143317,0.28417821906105917,0.29394087,21.852108,0.2483825,0.25417295,0.24930929,91418,0.6223208317740739,11.024398191765755,0.018893324236073872,0.015645883468715788,0.03486893258587759
random_baseline,237,0.6758696225722699,17.8378276426824,0.3090068132008923,0.3115692185696109,0.20408720625730054,0.5405529,22.52343,0.34466538,0.38059124,0.35471535,28223,0.13531670842966126,4.68560222792307,0.03565856513124577,0.06902202493586701,0.15062814103273853
random_baseline,236,0.9465473387333752,5.580040793706388,0.25222870952030074,0.26854763634378265,0.3937087780445467,0.044724163,23.031775,0.21503708,0.22414741,0.28810146,70948,0.9018231760653854,17.451733727167635,0.03719163185497176,0.04440022714311431,0.10560731353458269
random_baseline,238,0.31992118195521885,18.48802733218772,0.2109442974490599,0.21413365376086554,0.23460875635873946,0.14918949,25.68636,0.2929502,0.30875295,0.43659955,78181,0.17073169485557133,7.198332073329858,0.08200591550641495,0.09461930024532952,0.20199079627263872
random_baseline,239,0.8744744279143395,16.808869447827362,0.21169294564673213,0.21850384360485514,0.3526158252857231,0.44862574,26.42577,0.6325838,0.6380062,0.24677007,105157,0.42584868452520985,9.61690035808084,0.4208908513312647,0.4195023667222933,0.10584575628261794
random_baseline,235,0.738184526235827,14.475924678883466,0.2451716958635374,0.25040871816310273,0.25984220277867864,0.91147655,15.363368,0.19837642,0.24767542,0.8043472,13028,0.1732920262505927,0.8874433554793271,0.046795278703503224,0.0027332993093429625,0.5445050143042987
random_baseline,240,0.6538060760016907,18.36613583060861,0.2302549166933603,0.23327506243437623,0.22348813686297153,0.079751275,24.599041,0.22688648,0.22869721,0.17098586,108248,0.5740548005218972,6.2329051544988125,0.003368435646683654,0.004577851884068007,0.05250227425024723
random_baseline,242,0.33898722127056613,27.854733757949333,0.42550201476021277,0.4577391876019329,0.4148539153830234,0.5976879,22.338085,0.2626575,0.3146407,0.52752966,8463,0.2587006787958096,5.516648583388786,0.16284452140732275,0.14309848678482473,0.11267574150403104
random_baseline,233,0.9459232892732319,5.082761454163986,0.27497967455409855,0.3290366890417308,0.5957270873787652,0.16406295,30.972347,0.4185848,0.42051584,0.16478589,32688,0.7818603422383961,25.8895858053575,0.1436051192519775,0.09147914624345599,0.4309411956074487
random_baseline,243,0.7910951000889145,18.38628278776141,0.48909778386314334,0.4924172008303986,0.22607219321652722,0.9736238,12.105621,0.29644313,0.31168774,0.4676204,100731,0.18252871210972443,6.2806614498707845,0.19265464931686344,0.18072946312707522,0.24154820935801197
random_baseline,245,0.9640090598716129,6.770838054029589,0.27458683118117716,0.294316052264642,0.4332984135500384,0.96457726,11.064753,0.20988674,0.22788495,0.4876974,125001,0.0005681977615963341,4.293914524705762,0.06470008656276133,0.06643110401101043,0.054398979152064264
random_baseline,241,0.7503204477978404,11.694099336191591,0.3883104957335613,0.3986573240131117,0.2979123338531278,0.9245767,9.835166,0.29755396,0.32644728,0.38868377,103589,0.17425625193589378,1.8589333587135641,0.09075653922492483,0.07221004575192702,0.09077143227350487
random_baseline,246,0.1731302165482862,26.21560110062742,0.21237903976201888,0.21529009725172096,0.19368943696110236,0.81628245,17.2654,0.1774206,0.19805776,0.61438125,99304,0.6431522346045153,8.950201167766092,0.034958438513277734,0.017232341423817216,0.4206918167582275
random_baseline,248,0.6940450542289932,23.56201529734713,0.2274532247984047,0.2384300282739762,0.36482258276083757,0.5286346,21.211502,0.22244284,0.25232762,0.56189287,135254,0.16541044643709257,2.350513222151818,0.005010389229022999,0.013897592709147588,0.1970702843274803
random_baseline,249,0.8952489896465462,10.814813655958744,0.22841250784391973,0.2367483081517305,0.2644676074549681,0.34231502,25.90376,0.25250646,0.2626259,0.3366831,31376,0.5529339714695137,15.088947254075435,0.024093956875852612,0.02587759473942855,0.07221548704652725
random_baseline,250,0.30238423449515744,19.74523480477497,0.2793070772997693,0.2808651515115927,0.15689023422724704,0.59944224,22.630375,0.2234351,0.23458858,0.3840917,43095,0.29705800908089236,2.8851401036722955,0.05587197340648925,0.046276573168201274,0.2272014708566
random_baseline,252,0.9231148615012118,12.93858470235378,0.38462009657085433,0.3881666757440463,0.20405126506500107,0.8442917,12.085671,0.24455297,0.26482847,0.3846271,54985,0.07882317448949305,0.8529132774880566,0.14006712663829818,0.12333820241450222,0.18057583874054092
random_baseline,251,0.5927342525334626,22.461341665336455,0.22667015603073284,0.2535240743704996,0.49784967372443323,0.503693,22.85769,0.29215786,0.295182,0.21559742,94578,0.08904126795246892,0.3963491458207713,0.06548770257942035,0.041657915299300186,0.2822522527935708
random_baseline,244,0.0588311729238306,24.839282695360744,0.4143677714119275,0.42577949596511777,0.31468397604191756,0.97604,4.076639,0.2797953,0.32368872,0.56989783,16512,0.9172088327600684,20.762643519945705,0.13457248237231567,0.10209078026878293,0.25521385444438005
random_baseline,247,0.03425141138820665,29.995532815337132,0.485977639249065,0.48794994873281083,0.17054052980215859,0.8557076,14.390379,0.30840245,0.37506026,0.5678094,59368,0.8214561744234083,15.605153863310765,0.17757519035647162,0.11288968843694291,0.39726887314049886
random_baseline,253,0.4836208064860659,26.025156658679155,0.41129706909211694,0.42868664952100044,0.4116170766074998,0.72779435,16.673859,0.25857168,0.26630026,0.3865754,13421,0.24417354270750707,9.35129801610103,0.1527253847316128,0.16238638850034004,0.025041675778184613
random_baseline,255,0.37256277330707993,20.637675513622412,0.21668925150624502,0.2516824976378772,0.6221533530339041,0.7083659,18.70371,0.24550048,0.26725075,0.51385146,48132,0.3358031438987306,1.9339649575921385,0.028811223661983132,0.015568248850693966,0.10830188923919581
random_baseline,258,0.1500439912746196,17.678385285538745,0.31124698841522314,0.33131903124471435,0.35769014925769504,0.9824236,9.724348,0.21044233,0.23029381,0.51846653,33477,0.8323796122600788,7.95403721730144,0.1008046540016947,0.10102522087713012,0.16077638297268215
random_baseline,254,0.982200315749449,4.039913105003528,0.2599499049184753,0.28086398696593995,0.3504415785214356,0.7968547,18.645573,0.49175027,0.4992052,0.25957227,14240,0.1853456409333174,14.605659557349988,0.23180036520977482,0.2183412148983026,0.09086931098908696
random_baseline,259,0.12331543800747574,25.63708655335643,0.20140469994998492,0.2237526869308477,0.4501160651120869,0.9172222,11.376332,0.21989527,0.29873827,0.8243051,52426,0.7939067638167125,14.26075427033641,0.018490573497051827,0.07498558406715339,0.37418905201819264
random_baseline,256,0.9558984454009674,7.574515360688174,0.22748342524422965,0.24029025841748763,0.3888737928488511,0.9134295,13.021815,0.21295598,0.23470072,0.5485922,57668,0.042468946728482004,5.447299939299619,0.014527443751233438,0.0055895339349513185,0.1597184169671279
random_baseline,261,0.5085282183325667,23.7964153111393,0.20930221532488705,0.24791375992253667,0.574218174712649,0.8585684,14.2007885,0.25513637,0.29645187,0.52818686,91841,0.35004015200968797,9.595626813214494,0.045834155333987464,0.04853810670420283,0.04603131701230112
random_baseline,260,0.9130403190931836,12.390353239143742,0.24001564430245642,0.2454726092739582,0.2866407012628814,0.5971405,24.50838,0.32135475,0.32503062,0.2820252,38779,0.31589982808442507,12.118027650748836,0.08133910251608606,0.0795580155925274,0.004615513055255038
random_baseline,257,0.5079076309912082,24.934457474341254,0.26774700771196286,0.2806422428824206,0.3561712537199976,0.5782253,22.619211,0.30117878,0.30450645,0.2280414,36940,0.07031768362594881,2.3152462774418403,0.03343177546636661,0.023864208009074128,0.12812985817499178
random_baseline,264,0.9493729991633613,11.07599806836923,0.4402827308713561,0.46159643140426093,0.4430738292522223,0.052459534,28.339094,0.3252173,0.33479056,0.25707704,39532,0.8969134649057109,17.263096093618074,0.11506542425743399,0.12680587378135139,0.18599679096410582
random_baseline,265,0.4865988921740131,23.827066654879612,0.22063195708594643,0.22428834157868588,0.23152495225458047,0.87256724,11.510583,0.26516834,0.28399855,0.28436866,31062,0.38596834424947934,12.316483730990452,0.04453638192810691,0.05971020740584171,0.0528437117716799
random_baseline,266,0.19710535456402184,23.604964244441117,0.3196782424427681,0.3699931510026762,0.6085512377653258,0.29948872,24.913795,0.44163948,0.4461289,0.2384472,50183,0.10238336871402381,1.3088312267502893,0.121961240532238,0.07613575381681231,0.37010403353310994
random_baseline,267,0.07486897925705889,24.0467737656478,0.23499135268524365,0.2593141992973496,0.34409477317954423,0.7044345,22.294357,0.26164585,0.26541677,0.22317527,36167,0.6295655347886564,1.7524164658431118,0.026654500834196043,0.0061025718761275605,0.12091950083400133
random_baseline,271,0.1046389382425647,23.746614838539735,0.20070258118363168,0.2110381173774471,0.3265623875990001,0.9666776,11.373203,0.18051122,0.19229783,0.42983165,3600,0.8620386678632397,12.373411560951844,0.02019135989399698,0.018740286199735612,0.1032692662343892
random_baseline,262,0.7931227377243847,17.97529539437742,0.26567899379653764,0.2899371287381134,0.4242363731964829,0.020702537,28.997772,0.7701232,0.7711211,0.13712277,24873,0.7724202005751938,11.022476822419456,0.5044441899307268,0.4811839559519806,0.2871136080130341
random_baseline,268,0.9027857422363629,15.108542178016975,0.226501402780114,0.24683318563307002,0.38979184940058076,0.6832746,17.090548,0.26792148,0.2834196,0.40337574,8665,0.21951111550449032,1.9820053836285325,0.041420074776114646,0.036586423436754195,0.013583895419060354
random_baseline,263,0.4941463834316211,25.224141293496544,0.5054466852875771,0.5082408574714691,0.1827019486532358,0.8966085,12.671608,0.39034554,0.4013261,0.36303815,51934,0.40246208843880127,12.552533322305138,0.1151011416646065,0.10691476737404171,0.18033620380304777
random_baseline,269,0.8057130986776831,19.90627070586593,0.2725289693269192,0.28327834374364574,0.3538389102376813,0.17031556,21.382309,0.22443794,0.25195977,0.3877402,76263,0.6353975349989417,1.476038254095009,0.04809103218645444,0.03131857282575329,0.033901284559834544
random_baseline,275,0.36430734304589496,16.255545854592178,0.263847591122789,0.2730989764514178,0.33291486149514604,0.50767136,22.754032,0.21536247,0.23122686,0.39781028,75375,0.14336401315527691,6.498486280417588,0.04848511680046996,0.04187211497451959,0.06489541882788252
random_baseline,276,0.5497638025771414,23.623972102134157,0.30542623228624494,0.3161766250612589,0.35322124654919346,0.87499845,7.6722603,0.26142305,0.29634565,0.42765832,72147,0.3252346477020944,15.95171181771033,0.04400318092897565,0.01983097391150912,0.07443707292407314
random_baseline,270,0.47123268451141914,27.622028396302344,0.31860597924648276,0.32519582973640715,0.2650473224575272,0.9905427,8.425476,0.24991564,0.26711765,0.4856078,35307,0.5193100253160039,19.196552322083594,0.06869033472000113,0.05807818041961943,0.2205604804103622
random_baseline,273,0.8848798201492122,16.55103934425371,0.268662780261906,0.27200989290594435,0.20603250542662946,0.4112961,26.475035,0.37116262,0.3724164,0.13212761,4726,0.47358372072485,9.923995369491408,0.10249984290513198,0.10040651396394396,0.07390489259742108
random_baseline,274,0.5450421856468324,24.738356714087757,0.3741684246532105,0.38272103521282125,0.21460413421442837,0.98767126,4.3296614,0.2382341,0.27962372,0.5912923,40472,0.4426290704185363,20.408695344764027,0.13593432192722782,0.1030973181431954,0.37668818746754795
random_baseline,278,0.6634563976243719,18.85146379134645,0.2600071044919886,0.2632908098845796,0.2380551881129907,0.3403389,24.13241,0.24628319,0.26130217,0.47656867,54225,0.32311751184022275,5.280946258092026,0.01372391602973122,0.001988636746914796,0.23851348096774355
random_baseline,272,0.6374269197652074,24.4587690853535,0.22509550524518168,0.2365026395898523,0.305694659906009,0.34110647,26.640862,0.27078304,0.32109302,0.48733088,22106,0.29632044536564073,2.18209242587697,0.045687531702068684,0.08459038323348145,0.18163622383536976
random_baseline,281,0.48516051263767257,25.140384415058243,0.7758635118526618,0.7772050387769549,0.13699990979037152,0.9785827,6.7831244,0.31473753,0.3415968,0.48362392,33040,0.49342216758769974,18.357259968189346,0.461125983290116,0.4356082267671435,0.3466240120808138
random_baseline,279,0.9416369260192656,8.534890462721293,0.2955475240838632,0.3168103318108634,0.4867740595317947,0.87947303,20.354042,0.41001642,0.41278175,0.20789205,113564,0.06216389545209644,11.819151590501363,0.11446889341949373,0.09597141338452542,0.2788820141531097
random_baseline,284,0.8159139830968959,17.63994603871609,0.20095404614255385,0.2173615192360688,0.3747470205051275,0.94863003,3.9497595,0.38458106,0.39139143,0.23233356,64595,0.13271605182665758,13.690186555378688,0.18362701307489915,0.17402990708877555,0.14241346468752342
random_baseline,277,0.060882368831245835,26.495126097588823,0.22409943081750613,0.25238030381758053,0.39278323908765567,0.7035127,19.36888,0.22432528,0.23307046,0.37396392,63301,0.642630359383018,7.1262467793515185,0.00022585354433315996,0.019309840875457118,0.018819316825463894
random_baseline,283,0.3818440717264082,23.351200289422188,0.3174421822228864,0.3269029492320701,0.34555457096964837,0.9169395,4.2195415,0.29325196,0.32434544,0.4232211,28013,0.5350954252676103,19.13165873973957,0.024190220753236125,0.002557509559599991,0.07766654032795905
random_baseline,280,0.544998515973629,23.244959673109086,0.2931505011886512,0.30799591506303364,0.4522830576861651,0.053582173,27.387335,0.38918698,0.3955653,0.2267816,81275,0.49141634313279536,4.142375150499312,0.09603647715149771,0.08756938611685222,0.22550145101197078
random_baseline,282,0.28026467803767247,26.6922080227255,0.5481857440112045,0.5493318066055995,0.1592121946344134,0.098473705,27.787012,0.7885107,0.7911142,0.14258045,10154,0.18179097268631977,1.0948040774942278,0.24032493618746498,0.24178240447685895,0.016631745053267172
random_baseline,288,0.12257652452237076,25.838982216434683,0.4786092270915327,0.4846378456842783,0.20377201802237369,0.8090895,9.103118,0.27225062,0.28069246,0.251169,137408,0.6865129573082261,16.735864273624625,0.20635860458062266,0.20394538753150732,0.04739697807328366
random_baseline,285,0.0874638033998703,27.632821907384034,0.4517017176096698,0.4574515080719271,0.180868761354502,0.5383165,25.504929,0.25300983,0.25603256,0.21325514,101396,0.4508526848661209,2.127893318516847,0.1986918916647693,0.20141895177653218,0.0323863758506219
random_baseline,286,0.6986286713771456,14.630080001062176,0.3569913989157906,0.3601200815154212,0.16442889010883155,0.13756576,25.181318,0.28689077,0.29042092,0.19157448,76265,0.5610629095725649,10.551238282018879,0.07010062395050437,0.06969916185866765,0.02714559400104699
random_baseline,287,0.160135677127306,27.22975735498439,0.246747550195093,0.26309553389902707,0.3376168111654237,0.9724585,11.131249,0.19539723,0.21733171,0.51052403,75669,0.8123228046613292,16.09850792718898,0.05135032219254479,0.04576382642145749,0.17290722333469838
random_baseline,292,0.5805234329659841,20.932469960036435,0.18366429259561454,0.20334795288200147,0.4722521180846241,0.95820147,10.146467,0.23355508,0.24389672,0.41561747,41425,0.37767803502489117,10.78600275117413,0.04989078591085519,0.04054876991157763,0.05663465211172369
random_baseline,291,0.9454490925620651,5.3371085966251215,0.4101151761296399,0.4592127527862091,0.45389011147997105,0.44090167,25.284513,0.25462192,0.25806665,0.22859465,46257,0.5045474256824112,19.94740487688562,0.15549325315982176,0.20114609858088683,0.22529546562216007
random_baseline,289,0.888507596781901,12.404539329596375,0.30134577510213206,0.3042880905980657,0.212502579867695,0.37279156,19.20243,0.28224108,0.28331393,0.1267166,103445,0.5157160382777964,6.797891395501281,0.019104698871129255,0.020974160563428268,0.08578598099932494
random_baseline,294,0.8682980799558244,14.914462832900838,0.3080857350701085,0.3108342044960495,0.2032779220835081,0.83460915,15.194866,0.2382669,0.24308197,0.25055584,68603,0.033688929069288776,0.28040334751908347,0.06981883488833818,0.06775223249306639,0.047277921031344816
random_baseline,297,0.7590101640550572,21.67534151255838,0.4499279509469774,0.45289375163506707,0.2349180903132286,0.6875048,23.04109,0.56519747,0.5686443,0.22414039,41918,0.07150533607883036,1.3657484990383004,0.11526951685697767,0.1157505335669593,0.010777699559482573
random_baseline,290,0.9704240805700562,11.271296876170709,0.18311462959507227,0.19362024934673994,0.4524020761726072,0.9592784,12.128454,0.34557536,0.3493677,0.22845373,92865,0.011145675857379245,0.8571573322033146,0.16246073284885168,0.15574745862101824,0.22394835059620644
random_baseline,299,0.09726518054927953,32.28710112714288,0.5063597016345392,0.5082275627029985,0.1757955073147558,0.10203388,26.510551,0.33324665,0.33710477,0.1958459,83289,0.0047687027839266455,5.776549674506164,0.17311305332292426,0.17112279514203965,0.020050394651339176
random_baseline,295,0.9034825489930177,11.850978033047973,0.4940131376563791,0.49831556560931,0.2021521324027728,0.20137583,22.813358,0.2420166,0.24741398,0.25468296,172,0.7021067217997575,10.962380273836793,0.25199653907411135,0.2509015876286963,0.052530825723295316
random_baseline,293,0.19672730872409347,26.043231893690077,0.28173823455519326,0.3012899307908714,0.3764198944785614,0.6343021,22.703932,0.38604996,0.50838137,0.7699292,54336,0.4375747709534883,3.3393000852183974,0.10431172152810447,0.20709143593886492,0.3935092761299591
random_baseline,301,0.8891515671888913,16.015010334472805,0.3042283591755845,0.3298008656222788,0.564448873014161,0.923299,14.699223,0.30026478,0.3555695,0.6123233,98843,0.034147447379437534,1.3157877697755396,0.003963583422563255,0.025768646029714015,0.0478744111350089
random_baseline,296,0.22829077890485514,25.84214079059353,0.26603047963843296,0.29337646719108124,0.343552269969864,0.9812167,4.9363704,0.24906309,0.28835976,0.54516137,123016,0.7529259497824312,20.905770417821312,0.01696739014849613,0.0050167059529830915,0.20160909649284353
random_baseline,302,0.053320455373543324,29.270399983076448,0.566528350311901,0.5715762513267684,0.16543742966910624,0.5867815,19.040152,0.26382,0.2698244,0.2739238,118308,0.5334610463964762,10.230248387007112,0.3027083577696341,0.301751865683763,0.10848638462761617
random_baseline,300,0.9253349179362609,8.859738759313721,0.3411585025764758,0.3446248728516226,0.19876262710865122,0.490944,23.12739,0.25164253,0.3019152,0.6454462,81192,0.43439091983788747,14.267651148523193,0.08951597738040035,0.04270967428709316,0.446683554188651
random_baseline,303,0.7476713232436553,16.887385396718344,0.33943580598531053,0.34250130998839623,0.24403479288393326,0.14542727,24.447695,0.36044312,0.36110398,0.09438489,39536,0.602244051519908,7.560309381724039,0.021007309249064465,0.018602671744925914,0.1496499065595276
random_baseline,306,0.7162667463660543,21.168055048962085,0.762149947197113,0.7644911101905735,0.16635723517244408,0.9186843,2.886876,0.279381,0.3340104,0.44246468,92435,0.2024175573944743,18.281178942699878,0.4827689402410126,0.430480717763129,0.27610744430715495
random_baseline,304,0.9207873039567279,11.00302055706075,0.2428666977774306,0.25999518333918487,0.48767849774427585,0.90485644,12.909215,0.2646462,0.2729385,0.37923038,14631,0.015930860551576553,1.9061944163889564,0.02177950454839031,0.012943306574755564,0.10844811768598728
random_baseline,308,0.3311798941749244,19.96927937604101,0.2517995320192253,0.26155245500919294,0.30424225753126705,0.4348035,21.646608,0.211076,0.29017657,0.8920513,39362,0.10362359169543695,1.6773289766201245,0.04072352572592847,0.028624115406303885,0.5878090220135632
random_baseline,298,0.9891998167790204,5.503714701524608,0.21947581654254666,0.26627336765875065,0.6628362288401949,0.961938,11.166701,0.29986548,0.3183474,0.4789732,116501,0.02726179321182065,5.662986615308888,0.08038966769512423,0.0520740268076495,0.1838630189822542
random_baseline,305,0.3269419158453964,27.462938678664653,0.3528269999006735,0.362248687336733,0.29483992956002514,0.3854943,21.239113,0.25528932,0.28744483,0.48869804,73046,0.05855237593698276,6.2238258246607465,0.09753768372330535,0.07480385739593709,0.19385810591856678
random_baseline,309,0.9746225013357652,10.121155089598282,0.19187840728136846,0.21094851988166963,0.42096922622693617,0.9647048,7.9841905,0.19930682,0.20805982,0.37749887,71514,0.009917689762736659,2.136964625578507,0.0074284085812871825,0.002888702329103099,0.04347036109937269
random_baseline,310,0.4384780256440255,25.08054241292879,0.32546212680971015,0.32720584610678316,0.16296692686403652,0.30567494,27.366968,0.5179925,0.51924,0.13638976,117528,0.13280308529635398,2.2864257419784373,0.19253036968076837,0.19203417559884428,0.02657716470087429
random_baseline,311,0.5826880896910892,23.750169929189386,0.2540957764154743,0.2568776820273185,0.21830597573945545,0.25995806,18.83032,0.21972083,0.24762735,0.5050828,131305,0.32273003109543186,4.919849570913019,0.03437495086253395,0.009250334319570064,0.286776810343766
random_baseline,314,0.7339896131638818,19.183941538529094,0.2882103360380638,0.2942805833104351,0.30121115319345904,0.657395,22.130531,0.5336939,0.5518591,0.41703588,19407,0.07659460793774653,2.946589772506062,0.24548357360701678,0.2575784974810383,0.11582472451116133
random_baseline,307,0.7561889397523291,20.009597808885,0.36092050049041824,0.37439918310366554,0.3907343832237544,0.9102682,8.709953,0.25203067,0.26211572,0.29503158,33698,0.15407924777055904,11.299644500779532,0.10888982984756546,0.11228346616946144,0.09570280587504532
random_baseline,316,0.9143168433826003,13.287985843737275,0.22845336228553398,0.23747610772413874,0.39317507899266096,0.23105118,28.889288,0.557855,0.5610712,0.16851021,106156,0.6832656665961776,15.601302104871124,0.32940164774711983,0.32359510933595037,0.22466486549836012
random_baseline,312,0.9934660152173889,4.446421257117088,0.18817745262179042,0.22310111897657448,0.7297968219395897,0.92470616,8.289946,0.41474327,0.4221024,0.2142116,36270,0.06875985419520259,3.8435243452999046,0.2265658218285117,0.19900127274324364,0.5155852239009163
random_baseline,319,0.29585995705928997,23.568468387712347,0.8951403583083378,0.8961833851063257,0.11655256628735648,0.89365727,16.786804,0.32529032,0.3571512,0.44236517,6400,0.5977973100343685,6.781664188493597,0.5698500360045659,0.5390321747982507,0.32581260323779
random_baseline,315,0.44475619147680173,21.284640040206845,0.2280106705340211,0.2379483889684664,0.3885642461008774,0.23976566,25.276556,0.44294608,0.4741078,0.37475488,57889,0.2049905325021542,3.991915974807803,0.21493540585910634,0.2361594129457487,0.013809370202516213
random_baseline,313,0.8989653229950335,6.808613688915116,0.2745765244915287,0.28648492358973926,0.35863574498886674,0.66858584,24.711943,0.30780885,0.31068867,0.20432056,126305,0.2303794861076739,17.903328983814376,0.03323232174374657,0.024203750860181394,0.15431518012280077
random_baseline,318,0.9914042179957753,7.223938334888324,0.19161850263801883,0.21317480616533538,0.5506464856343851,0.7394128,17.904608,0.23486462,0.25301483,0.3827207,92795,0.25199143341935926,10.680669437938825,0.04324611971648862,0.03984002656972627,0.16792577678733922
random_baseline,321,0.8178976942754077,16.299481282665013,0.18559967700875973,0.19781860353384303,0.42855772305673073,0.9050683,11.274244,0.3446026,0.34796268,0.1711779,24302,0.0871705840372754,5.025236974193334,0.15900293763242984,0.15014407394494725,0.2573798291797013
random_baseline,322,0.9581557141435957,11.425138604055597,0.22172179341611276,0.22656754316278774,0.2548562978233484,0.94564897,13.800077,0.1814734,0.2639116,1.0787532,134431,0.012506745923838603,2.374938834298895,0.040248389247030114,0.03734406171849888,0.8238969351325842
random_baseline,320,0.2092831936576335,26.320887327166485,0.23586425273537273,0.24467433347824746,0.3380919281275553,0.32275113,28.142456,0.28867918,0.29126674,0.22427547,43454,0.11346794097638443,1.821568727521015,0.05281492979407673,0.04659240589019126,0.11381645834758702
random_baseline,325,0.09626216151542204,28.89645505286335,0.332523560418999,0.3377380268597319,0.26362453788011964,0.30077958,25.690079,0.5367874,0.5396353,0.13487516,8442,0.20451741955452424,3.2063763175117863,0.20426383028992434,0.20189727377655958,0.12874937444418366
random_baseline,327,0.2464463818922842,24.788505033744627,0.22159360377709325,0.2246723992007608,0.19321315120472243,0.732066,14.123938,0.24891457,0.26345873,0.29674077,107582,0.48561959377376196,10.664567426933104,0.027320965839224498,0.03878632958952241,0.10352761913524339
random_baseline,317,0.42877846603266145,25.7605966441822,0.6648418319362072,0.6670133595396736,0.18282004095463902,0.45700952,24.155535,0.26423794,0.2692116,0.28750113,125247,0.028231058074317916,1.6050618999195052,0.4006038916247753,0.397801769249604,0.10468108557314723
random_baseline,329,0.6180178419636726,24.590012957041814,0.42559550864861545,0.4275134651587783,0.18972079965668498,0.41259184,27.475092,0.44638544,0.45441663,0.2732255,137267,0.2054259971665382,2.885078977162287,0.020789934561986356,0.02690316749350441,0.08350468662184896
random_baseline,323,0.08319998754603024,23.67881217377248,0.21841398574458243,0.23032917106624534,0.3843444449341921,0.8050401,14.9229355,0.22444968,0.23672551,0.36564004,89991,0.721840133532461,8.755876687932638,0.006035693510903106,0.0063963381004721875,0.01870440072185081
random_baseline,330,0.5237421460805555,22.94868582751423,0.22109430991598922,0.24592438502629918,0.47418250653888466,0.9717661,12.911549,0.22539449,0.24735048,0.52861905,4810,0.44802396815436885,10.037137213012276,0.0043001774649922275,0.0014260991064675432,0.054436544440729595
random_baseline,324,0.2610515361582768,26.978706863614686,0.44339260613168413,0.44564928230746437,0.1614049662215189,0.6402763,23.677908,0.4627116,0.46429175,0.15736014,58068,0.37922477666978716,3.3007989198891003,0.019318996317732984,0.01864246907727074,0.004044829712577247
random_baseline,331,0.9179866352863354,14.414071165519822,0.19178777973620137,0.291315811238594,0.9189850252944299,0.8560561,15.76437,0.29652497,0.30799785,0.25539446,110343,0.061930541116718696,1.3502987990797877,0.10473719198735515,0.01668204132526402,0.663590566523678
random_baseline,326,0.3565855364114812,21.77541158688982,0.33690804202551733,0.34428020558311506,0.27993503818070853,0.7691884,18.937822,0.26469985,0.2769085,0.3884387,88077,0.41260286767177073,2.837589244970875,0.07220819551939855,0.06737171850158735,0.10850366344893014
random_baseline,332,0.5417093152353547,20.661022093189466,0.3717465334507937,0.386970537140654,0.3981650367306394,0.93799037,11.271418,0.24299385,0.24889544,0.28999135,49176,0.39628105217721243,9.389604475391614,0.12875268691511105,0.13807510061530914,0.10817368774878211
random_baseline,328,0.8051634771602808,17.71873659246112,0.35577589943807864,0.3608996563205363,0.22587784652949205,0.9191997,13.772166,0.4102315,0.42607796,0.3466368,104320,0.11403622796362056,3.9465703403248895,0.054455601425950295,0.06517830560115562,0.12075895542859205
random_baseline,337,0.8669669414798874,17.68345245905943,0.27803342219379923,0.2972864612484282,0.4921204927196177,0.5943585,22.772343,0.3816662,0.38638133,0.21377258,60972,0.27260843766137544,5.088890222825334,0.10363279108020285,0.08909486685749829,0.27834791269203746
random_baseline,338,0.07648584290820049,27.084622747527,0.21319064214945851,0.23185842431701698,0.5137436309049637,0.36463356,27.009958,0.31489873,0.3163603,0.15160444,75095,0.2881477172724636,0.07466448031508577,0.1017080871748823,0.0845018705018612,0.3621391871164352
random_baseline,334,0.42590663427630704,26.447975298104268,0.6373121458433082,0.6382496775220392,0.11534015878098233,0.330599,23.561222,0.23971626,0.24284868,0.21254627,10270,0.0953076242856149,2.8867532216882523,0.3975958842180183,0.395400998098707,0.09720611528498904
random_baseline,339,0.7178096421872568,9.68832023645195,0.3268981469354154,0.33287457904178464,0.25818430546594556,0.74119526,15.460986,0.2534969,0.25991252,0.26770148,5749,0.023385619291167226,5.772665900938186,0.0734012616357328,0.07296205839473568,0.009517171346417108
random_baseline,333,0.8831612238018389,11.028185796826833,0.5430514959203548,0.55024645261418,0.2510889592015391,0.8681791,18.227242,0.22086164,0.24349432,0.50858754,41159,0.014982140931355525,7.199055719286449,0.3221898523675747,0.3067521356786408,0.2574985799944753
random_baseline,340,0.28304843041710376,20.56486680969398,0.2580070032600884,0.2605906272230907,0.20258986603242524,0.85701734,8.216132,0.2765919,0.28981075,0.31186992,63652,0.5739689078588057,12.348734645692517,0.018584893750714815,0.02922011968509719,0.10928005326765411
random_baseline,336,0.3972499754440633,23.756113053900247,0.25789976719313895,0.28083055138609436,0.5098362974808379,0.027540525,24.195015,0.702881,0.70330316,0.07366444,30030,0.3697094500225631,0.4389018997130343,0.4449812113911506,0.4224726068971393,0.43617185577608786
random_baseline,341,0.7865956120714506,13.806099103213839,0.2767174397887202,0.28245165762928426,0.2537270981176092,0.9050151,18.699442,0.42024383,0.42450008,0.24924581,80826,0.11841949889809289,4.8933428065762,0.14352638970003406,0.1420484203335911,0.004481290589113396
random_baseline,344,0.7929203431456358,20.42689850722066,0.3100757490577804,0.3178997445438923,0.34968491652996203,0.50458926,23.130035,0.25564048,0.2622711,0.291332,25673,0.28833108352115455,2.7031368931699653,0.054435272115718025,0.05562863830075876,0.05835291007549426
random_baseline,335,0.9412952400999641,13.860142241304501,0.2425213048325413,0.35301574241826156,0.9973999466813597,0.97456056,8.709268,0.19734758,0.2071362,0.3424488,121837,0.03326531869596483,5.150874625032529,0.045173723445975145,0.1458795435399733,0.6549511458791288
random_baseline,345,0.8163982964429136,21.604658250868486,0.34472105061362834,0.3507712743760073,0.32006156168585553,0.30130863,25.175379,0.19328962,0.2053981,0.4114699,32015,0.515089664545941,3.570720548569991,0.15143142794917674,0.1453731767416918,0.09140834488267169
random_baseline,342,0.6170017877611735,22.897478468922838,0.21906873103877814,0.2363102150062769,0.38910247344168514,0.8546216,17.806498,0.29050747,0.30768958,0.33445007,1331,0.23761980142263384,5.090980895070299,0.07143873456218927,0.0713793623348028,0.05465240735205501
random_baseline,348,0.06841890506230137,26.61068980556881,0.31190805070668326,0.31937356732072303,0.198790162288125,0.5409324,21.753227,0.38500348,0.38675088,0.1553964,50131,0.4725135118535922,4.857462571682092,0.07309542662829294,0.06737730958281091,0.04339376040595336
random_baseline,346,0.09523007628134882,23.018691231894977,0.23693670867652375,0.23951014861244735,0.17192976886302813,0.7752736,19.406694,0.4986808,0.50538456,0.24310313,46005,0.6800435448009571,3.6119968196635313,0.26174409152298495,0.2658744157872719,0.07117336278885023
random_baseline,350,0.6245767121402075,23.91945765940677,0.47593652394957614,0.47857555064084456,0.18953583717680023,0.9066476,9.459951,0.24396086,0.25258455,0.28588873,10853,0.28207091044508914,14.459506258649935,0.23197566655821872,0.22599100383641646,0.09635289430284455
random_baseline,351,0.892608263071682,14.453028453705521,0.21163376783011442,0.2340609316104171,0.5082166685319182,0.6695798,21.5644,0.2356383,0.23902915,0.1832147,29405,0.22302845912804792,7.11137126553276,0.02400453771473879,0.004968222571063302,0.32500197427036726
random_baseline,343,0.4517838447477086,22.862777505750817,0.2815325990552646,0.3129546810517075,0.4398075785598737,0.7034151,19.68113,0.33106682,0.38792288,0.6058313,92981,0.2516312510584132,3.1816480501844104,0.04953421798994717,0.07496820198204496,0.16602374649429502
random_baseline,347,0.9426056441936116,3.220857494476782,0.334573213103565,0.40252090555573944,0.5126973048938133,0.58710676,21.892153,0.21306601,0.22027192,0.3254593,74040,0.35549887987705275,18.6712952917781,0.12150720143631344,0.182248990358367,0.18723800342210306
random_baseline,349,0.4708944157810333,25.463886174298626,0.3696087808667938,0.371096641673506,0.1431154645181117,0.93265074,7.4492674,0.30763975,0.31141207,0.2108651,52836,0.46175632913397524,18.01461878690849,0.06196903300874629,0.059684575452268795,0.0677496307396474
random_baseline,353,0.8115525460543678,14.832798077067253,0.5406992571468773,0.5421395775590363,0.11757944820993192,0.508977,24.81757,0.57029223,0.57133555,0.1462439,76415,0.30257555010939097,9.984771655598763,0.02959297727389909,0.029195976563888504,0.028664451850721764
random_baseline,355,0.9485847327562195,14.82384524187875,0.20650349442893232,0.22919292268347172,0.5213470237602853,0.82905596,15.367041,0.20931473,0.22283678,0.45504782,39837,0.11952876780947264,0.5431953922765231,0.0028112393147352865,0.006356145115608253,0.06629920772215359
random_baseline,357,0.9493799753303847,12.205234268296671,0.2597464679302512,0.2770397539910154,0.4805093240969078,0.86240333,16.007492,0.36390293,0.36720103,0.22759818,86257,0.08697664214328138,3.8022577971330165,0.10415645851475613,0.09016127626334863,0.2529111486904518
random_baseline,352,0.31443945417384705,18.84162531853059,0.22175315446759664,0.23462595088468172,0.44408679773301485,0.4784927,20.775179,0.68206495,0.69098955,0.2314612,83794,0.1640532528402368,1.9335535907711687,0.46031179599855937,0.4563636030436935,0.2126256005951822
random_baseline,360,0.9733060254284077,9.879732056269106,0.6100921205613534,0.6197341274425288,0.19509121443080432,0.5793359,17.706892,0.2956425,0.2972913,0.1402211,22583,0.3939700974651509,7.827159957280699,0.31444962540601895,0.32244281880109504,0.05487011040496356
random_baseline,354,0.9726510379164126,3.764130597677081,0.30349731386634854,0.34571112469553744,0.4883161485874798,0.69928706,21.260862,0.23150632,0.2393943,0.3283905,136889,0.2733639809935,17.496731752786786,0.07199099601242093,0.1063168175590018,0.15992563969732781
random_baseline,358,0.7675487637420672,17.963911723783433,0.276593038830115,0.2838116130475058,0.2167461559970711,0.6073094,22.492666,0.24542265,0.248188,0.22020233,61418,0.16023936270675831,4.528754520723403,0.031170392426802307,0.035623609149838864,0.0034561707775260797
random_baseline,356,0.5453546143138466,22.558443002769955,0.30357168319669525,0.30768066317356224,0.23799330674771438,0.27781293,27.503887,0.23664585,0.2400437,0.18906361,76996,0.2675416863524971,4.9454441737437165,0.06692583563772003,0.06763696343219872,0.048929698101321556
random_baseline,359,0.7888466432635154,11.361691036261206,0.3329851517646,0.3446532161907562,0.3655098522863374,0.44597816,22.952667,0.237915,0.25834075,0.5683225,105897,0.3428684785906638,11.590976200066919,0.09507015740558356,0.08631247002643427,0.2028126274385466
random_baseline,364,0.2485765766694763,27.336391734382563,0.4903238258431751,0.497427918872298,0.2190039533864951,0.9755411,2.7574332,0.2956459,0.34374234,0.49602807,108455,0.7269645381376526,24.578958558341913,0.1946779332230884,0.15368557806915162,0.27702411229496243
random_baseline,366,0.679581304119774,19.41945198991476,0.2379511388129672,0.25020275372529854,0.34811892322668037,0.93529975,12.992382,0.24704927,0.25915724,0.42993608,108201,0.2557184500229872,6.427069940354212,0.009098133247427087,0.008954486665479044,0.0818171579443554
random_baseline,361,0.059842926516947156,28.89451799481143,0.4785050937557748,0.4819224135368086,0.15622421218523452,0.98255837,7.8438067,0.18648213,0.24216722,0.7846514,120835,0.9227154431195885,21.050711251189604,0.29202296227460417,0.23975519401719342,0.6284271864735179
random_baseline,362,0.6347827142200647,20.847803030997166,0.21728154334355548,0.22173847364484142,0.23830210032329416,0.46006468,21.037758,0.65144384,0.65235484,0.09922745,56385,0.17471803483583315,0.18995484253798978,0.43416229572962567,0.4306163628190868,0.13907464953527307
random_baseline,363,0.8782413843758652,18.600570640289206,0.33780850372810234,0.3420518071904389,0.2873014554851258,0.9875173,8.657264,0.34454933,0.35175616,0.30301982,48010,0.10927591289204863,9.943306884490866,0.006740824360658038,0.009704348300436372,0.015718366158703534
random_baseline,367,0.5474296971180372,23.778054623374114,0.46132626239879354,0.46406676207731656,0.21223578396695414,0.92506063,13.249135,0.25135317,0.26898745,0.38612136,133681,0.3776309327266283,10.528919605979095,0.20997308795078024,0.19507931505392484,0.1738855784807845
random_baseline,371,0.2508105685299768,22.715392854666472,0.18276340762547616,0.19174959502021555,0.3384711860653682,0.2407927,26.25108,0.3181193,0.32604605,0.24647482,8272,0.010017861921204518,3.5356867046596996,0.13535587986536857,0.1342964545746636,0.09199636867015792
random_baseline,365,0.42763880439899576,23.57982385955504,0.34997922222035854,0.38906243052437184,0.5397807755451949,0.8077846,20.378887,0.5749483,0.57677805,0.14658864,16621,0.3801458125481783,3.2009366830413697,0.22496908863169224,0.18771562371299388,0.3931921371203215
random_baseline,372,0.16816132696077124,23.032038705989567,0.2150837865580289,0.26346768402133774,0.515121734820453,0.8176798,19.57138,0.3682184,0.3701209,0.20028445,133477,0.6495184954841445,3.4606580907551923,0.15313460557568387,0.10665322876896072,0.3148372835741914
random_baseline,368,0.5804570593076216,21.61418467575849,0.2851347323858985,0.3402234207150247,0.5386954782718419,0.6203297,18.492188,0.28353617,0.2937061,0.35993224,11630,0.039872618751002675,3.121997175758491,0.0015985664332159866,0.046517331456830735,0.17876323444783682
random_baseline,370,0.27281847089113515,24.462690339370905,0.20899435776133327,0.23896060594302956,0.49614152815938284,0.9339273,17.456198,0.42965928,0.43965527,0.32727706,106179,0.6611088267010279,7.006492600723444,0.2206649194393656,0.20069466820972617,0.16886446383595755
random_baseline,374,0.10495614676998162,30.849770588586548,0.8215396381914206,0.8229291087413998,0.12535192308387946,0.9808278,7.200929,0.20095976,0.22564816,0.54885876,71400,0.8758716616101453,23.648841423700073,0.620579881221015,0.5972809439922543,0.4235068387035351
random_baseline,375,0.5113916575130015,21.687079777822415,0.6876195392802279,0.6894123412948463,0.1315817731374155,0.59236413,23.570591,0.21439296,0.21860562,0.21576987,8588,0.08097247489132586,1.8835111950779755,0.4732265792086642,0.4708067186456535,0.08418809893194332
random_baseline,377,0.6927581830472939,18.912365882761602,0.5424914201044122,0.5450388630723931,0.18586482458786585,0.14953674,26.999628,0.3190921,0.32509002,0.2537565,118268,0.5432214392871849,8.087262184255,0.22339932520618833,0.21994884217738886,0.06789166874213598
random_baseline,373,0.12431085819676926,23.84678800178083,0.2998674246388844,0.3081251938114128,0.2449897389360757,0.987361,7.2971435,0.21352538,0.24780773,0.5999285,126941,0.8630501556925435,16.54964454246076,0.08634203997434886,0.06031746754741285,0.35493875933205177
random_baseline,369,0.6144367448533177,19.576427355069153,0.21295645483748862,0.22139437753465355,0.2721915034313387,0.8571819,12.492165,0.31600344,0.32022804,0.21154135,130214,0.2427451618468166,7.084262743252747,0.10304698697311929,0.09883366268369972,0.060650148775119206
random_baseline,378,0.8945808310092869,5.368023247249127,0.23870774305484244,0.24664626388040303,0.34022853794543606,0.4083557,27.730673,0.62580574,0.6269689,0.1202478,69853,0.48622511811866187,22.362649589054584,0.3870979925332313,0.3803226563504625,0.2199807343169914
random_baseline,382,0.4309019428346064,23.981097281280714,0.5493900522154019,0.5545328513012582,0.26751531458091193,0.8447194,18.86852,0.21774314,0.22505257,0.26045832,70346,0.41381746710802053,5.1125765445863784,0.33164690877610903,0.32948028596503076,0.007056994201654732
random_baseline,376,0.8141544205773412,16.384583997478913,0.3082014008123775,0.3139252525660263,0.2504444069723235,0.9458337,11.176071,0.27157214,0.28455418,0.38199484,58924,0.1316792624365748,5.208512830486725,0.03662925797294575,0.029371069082902546,0.13155043651064768
random_baseline,383,0.6763840391166743,16.90915369237343,0.3137259587501758,0.32019607451409404,0.2766818401191597,0.24552983,25.506907,0.21609637,0.22993435,0.42299077,35981,0.4308542086608943,8.597752817025984,0.09762958733789856,0.090261724857989,0.14630892902871323
random_baseline,379,0.628203049031483,21.0485099908385,0.24810595969267063,0.2528386334736079,0.29142559836951404,0.6601562,17.456558,0.30393577,0.3102106,0.3070319,60645,0.03195314136387217,3.5919517632994378,0.05582980652742214,0.057371952120569336,0.015606301321114013
random_baseline,385,0.8271608573732724,20.22751377749799,0.2320856035058164,0.2366008592346195,0.2478626706969097,0.8622392,14.423808,0.21883625,0.22360179,0.25654277,13204,0.03507832462211946,5.803705679658634,0.0132493555848264,0.012999070952225078,0.008680101357762537
random_baseline,380,0.2265503522963965,26.78024444770108,0.9252167296387964,0.9260769118890261,0.09107404584072884,0.9271995,15.929985,0.1846433,0.20985167,0.47504967,95234,0.7006491306213891,10.85025940131436,0.740573431251269,0.7162252446040606,0.38397562867022694
random_baseline,386,0.8191481454401397,15.820772965942474,0.49852732191886356,0.5018163856640493,0.18289223118944198,0.9674413,12.634002,0.37697485,0.3875173,0.42318583,75824,0.14829317497917183,3.1867712340699157,0.12155247102584293,0.114299082435671,0.2402935941584584
random_baseline,387,0.898174524645611,13.5567359293307,0.21159197847258926,0.2233524301574805,0.3324485694055858,0.097547434,29.821735,0.620935,0.6225348,0.12945186,20307,0.8006270903752291,16.26499945274938,0.4093430443583739,0.3991823813392541,0.20299671338847308
random_baseline,381,0.9763775363943057,7.985838831959086,0.20216720602727675,0.2090806816526924,0.32126662679679663,0.9513495,11.320383,0.20829318,0.23389399,0.65823007,63921,0.025028039552875025,3.3345442399403282,0.006125978610746624,0.024813308863970207,0.33696343950264185
random_baseline,389,0.85204137963506,15.314283874859619,0.20758916570357075,0.21068989530549828,0.21691095607771907,0.69142824,22.646313,0.3010357,0.3124578,0.27880985,119881,0.16061313552113787,7.332028838763428,0.0934465365249754,0.10176790460600074,0.061898889369821214
random_baseline,390,0.4377389025515995,23.676025036617965,0.19730674333307516,0.20390272507763427,0.24879340961237223,0.21227527,23.496109,0.35338318,0.36563972,0.32119486,77427,0.2254636359042606,0.17991602782890226,0.15607644014623392,0.16173699130916078,0.07240144774656027
random_baseline,388,0.12311942612414724,26.613124419494635,0.26226367668391,0.2677287303892342,0.26504425770591483,0.81373644,21.91906,0.23652063,0.24086946,0.23290618,110524,0.6906170126270734,4.694064666076667,0.025743043582446667,0.02685926789915244,0.03213808006595359
random_baseline,384,0.5365676407055874,25.011533348281564,0.2901097690374467,0.30640263258217204,0.41055287615904046,0.5492954,23.574694,0.33636335,0.34518835,0.3267265,40051,0.012727784709451684,1.4368396684719933,0.046253576347151104,0.0387857169032253,0.08382637993940545
random_baseline,394,0.3251287933567155,25.339209443449427,0.35914968088565546,0.3614453163174974,0.19169237570980827,0.5896801,16.736021,0.23207158,0.25690183,0.40174028,97373,0.26455128228873126,8.60318840157931,0.12707810238300044,0.10454348588269818,0.2100479070641633
random_baseline,393,0.05411217973216779,28.32586120895409,0.9763903245526833,0.976567927551073,0.048072311025710864,0.98240215,5.504512,0.22059989,0.23708025,0.4140505,120665,0.9282899661304116,22.821349375763173,0.7557904347974342,0.7394876813409748,0.3659781786383669
random_baseline,391,0.7567707985609733,16.14795603082922,0.2530679122670039,0.25940077563908626,0.3101087534906657,0.609456,19.936169,0.2263238,0.23711468,0.2691413,107529,0.14731479584872353,3.788212639825076,0.02674411396816817,0.022286092845469008,0.04096746687910868
random_baseline,392,0.08905742172942425,29.420760134758638,0.376438925460975,0.3809197048391421,0.2132735693794711,0.8510731,15.85611,0.24815091,0.27998236,0.51524407,68428,0.762015664532325,13.564650515618013,0.12828801055351957,0.10093734662190273,0.3019704973357694
random_baseline,395,0.8120870730033247,15.575728045325327,0.22348695403941757,0.23179369553619106,0.32028735644188133,0.88869727,17.067566,0.29308587,0.3328983,0.4433532,8208,0.0766101935753496,1.4918378726434227,0.06959891908756607,0.10110459342903416,0.12306584947738441
random_baseline,397,0.7779489324860076,18.816441656509454,0.27456591980537565,0.28420726688720355,0.3455024109617746,0.096419446,23.234922,0.21608031,0.24044994,0.41493818,86117,0.6815294863156776,4.418480752548163,0.05848561184486539,0.04375733168937335,0.06943577067694306
random_baseline,396,0.9132136499770482,17.58209548220104,0.2526344547905885,0.26335247279737617,0.36356758248383914,0.9302492,14.864946,0.32705274,0.33495492,0.29526386,102313,0.017035564195315045,2.7171491168445954,0.07441828745222462,0.07160244463350152,0.06830372583444033
random_baseline,401,0.21396143942493612,26.244013231485162,0.3200151845159259,0.370412044936985,0.5286547412744553,0.8926292,8.369392,0.23620242,0.24258825,0.25611493,84745,0.6786677667556364,17.87462083646563,0.08381276571175722,0.12782379310783765,0.27253981135998084
random_baseline,398,0.5571001312642562,21.534857986818302,0.18686100186705223,0.23475591142963625,0.6621853009103724,0.6928712,20.031834,0.26634645,0.2728888,0.28505608,82604,0.13577108169503338,1.5030243381366617,0.0794854527533091,0.03813289801288389,0.37712921651591746
random_baseline,403,0.28777126070803605,25.56486986613535,0.24380012784850758,0.2593781670540653,0.34021006219082556,0.5058872,15.117291,0.2760435,0.2921941,0.34754685,33526,0.21811594966107406,10.447578415634862,0.032243376628039666,0.032815931180111335,0.007336783483689213
random_baseline,400,0.6723859975895123,22.67603786847658,0.25595314319363704,0.27427635414593393,0.4351776394180385,0.55196285,22.751373,0.205083,0.27379757,0.6702842,118671,0.120423145111485,0.07533542253904457,0.05087014551392666,0.00047878248684579683,0.2351065722175511
random_baseline,402,0.7792927023269051,19.023429071420512,0.278477813714848,0.2905594483467266,0.3069122654826749,0.3703981,16.534481,0.25760466,0.26832104,0.32386884,63618,0.40889459813607865,2.488948022836528,0.020873155111179764,0.02223841105424612,0.016956575450171152
random_baseline,399,0.7770951377663505,18.686796630873513,0.23346761320163517,0.2957496258407079,0.7029626016043866,0.14974362,25.273773,0.3341477,0.3377355,0.17705144,25424,0.6273515211853874,6.586976562485862,0.1006800785250494,0.04198587807126414,0.5259111617230618
random_baseline,406,0.9795733920624649,4.270228751700095,0.3081624733936014,0.31775804585267325,0.28856415308887234,0.060419187,25.594225,0.23516266,0.24057095,0.25462127,80302,0.9191542051127349,21.323996178109475,0.07299981291405583,0.07718709832478782,0.03394288577014676
random_baseline,407,0.5415867892674938,14.284762937990273,0.5249807959278944,0.5302201097808715,0.17191095327295158,0.7942341,20.027014,0.24218825,0.26746652,0.41629732,2546,0.25264730773644295,5.742250840696251,0.2827925508698347,0.26275359447821345,0.2443863632782569
random_baseline,408,0.5461198181142165,25.72779095549441,0.6724305175797486,0.6738430354171673,0.15311024741492804,0.87701637,11.215318,0.20359962,0.21175574,0.32320172,93339,0.3308965474138902,14.512473229359156,0.46883090069456335,0.4620872977548519,0.17009146853126947
random_baseline,405,0.9403792114975935,12.496612001674286,0.2124888217933439,0.24300054892101897,0.5054430131230422,0.025165962,25.53785,0.20723885,0.26105285,0.8069689,71767,0.915213249442268,13.041237424595245,0.005249968815591227,0.01805229798755037,0.30152591426038067
random_baseline,409,0.8503939495311191,15.11937025634252,0.20701595782528287,0.21667484408514706,0.33136651249696253,0.660475,22.539038,0.78928775,0.7919403,0.14180689,85142,0.18991893389086034,7.419667448125253,0.5822717881273234,0.5752654277692536,0.1895596268968725
random_baseline,410,0.5335359028689223,25.24382049443198,0.7104001980864145,0.7118574280489606,0.15681876508047038,0.093164235,32.212555,0.3261667,0.32947475,0.1435537,29771,0.4403716675154524,6.968734437208646,0.38423350869051,0.38238268086802185,0.013265061057109173
random_baseline,412,0.9893000188528687,4.013945323078708,0.2389371634878103,0.27067998003956817,0.5117423797144138,0.93979496,14.546271,0.4555793,0.46029684,0.21690576,15985,0.0495050612150818,10.532326001079007,0.21664214716778357,0.18961685943606355,0.2948366219295704
random_baseline,414,0.8800805793754268,13.351162502167455,0.31731721765101767,0.3249249198986146,0.26735679253990857,0.4475488,21.256071,0.2223608,0.23887521,0.3126221,15545,0.43253177270809895,7.9049085885307875,0.09495641297400809,0.08604970961342784,0.045265307574913816
random_baseline,413,0.8983162084075291,14.495371954294264,0.23192611248072442,0.2567510904859789,0.6703694144205432,0.96610206,10.955995,0.29586053,0.3035099,0.32777035,70015,0.06778585524832414,3.539377348276197,0.06393441646519843,0.046758800547193724,0.3425990620569568
random_baseline,415,0.24311934435955196,29.524249875605804,0.5623848461453486,0.5649585301640415,0.16554059590188172,0.9736429,2.072812,0.4496887,0.47154343,0.30519414,118759,0.7305235413254151,27.451437795222503,0.11269614332361699,0.09341509888199806,0.1396535435787091
random_baseline,404,0.0939784390440956,25.2118984500775,0.21029470270495434,0.2595545738951407,0.6891117300789529,0.22564398,26.173058,0.39538223,0.39713076,0.16294678,70761,0.13166553847875445,0.9611591060748452,0.1850875228085039,0.13757618367512603,0.5261649545233422
random_baseline,420,0.3362556368024627,27.867277481619087,0.43898229520287324,0.44414133588647786,0.23761114566540134,0.48315126,26.02192,0.23358752,0.23651955,0.22982325,2064,0.14689562023565378,1.845358231130806,0.2053947768684845,0.2076217905697817,0.007787899067157628
random_baseline,416,0.9559366139375263,10.200063734538958,0.28056910779772903,0.28858316196392814,0.30878701402635106,0.25168735,17.494328,0.22433883,0.24548428,0.4572499,53776,0.7042492660485797,7.294263810627058,0.05623027828036453,0.0430988843579177,0.14846289561300746
random_baseline,418,0.8679125825916585,14.608183904451124,0.7004297631758916,0.7016034990128279,0.11300495448138337,0.85204136,15.314283,0.20758916,0.2106899,0.21691096,399,0.015871218875533,0.7060994665205556,0.4928405987996327,0.4909135967072249,0.10390600380871673
random_baseline,411,0.7137022363227495,18.68242485736332,0.1878059043754424,0.21563252706129257,0.6262974423800101,0.6870739,17.462496,0.35679868,0.36313614,0.23593065,96187,0.026628349928248807,1.2199290535303113,0.1689927742611085,0.14750361543100174,0.39036679095369475
random_baseline,417,0.8742045240068682,13.769979571382855,0.260094519485942,0.31821515260760364,0.5853192920300511,0.3014636,19.404078,0.28241053,0.29699707,0.32189697,105268,0.5727409200334795,5.634097958524372,0.022316012750157266,0.021218082295103635,0.26342232175798685
random_baseline,423,0.43748422931725867,25.056616701317065,0.3326569179961393,0.3360561263371585,0.1947337964094579,0.59867984,23.300983,0.2653468,0.30563372,0.45186168,1379,0.16119561124746912,1.7556332723619867,0.06731012267562841,0.030422402601349152,0.2571278831445277
random_baseline,419,0.5912351395098934,22.535369092175937,0.22505892155409166,0.2620683507531207,0.5542081888614866,0.74112934,20.859688,0.24638127,0.2663435,0.494652,10504,0.14989419923140912,1.675681287000156,0.021322346351143634,0.004275153437324264,0.05955618581163613
random_baseline,424,0.06758624691903475,26.397197245897885,0.5924014349182263,0.5973331066320876,0.23797064523621927,0.33428624,25.671724,0.2252977,0.23285809,0.29209477,104686,0.2666999958044302,0.7254729264398776,0.3671037305791989,0.3644750150392989,0.05412412185743917
random_baseline,427,0.7899475468283145,15.228807757492447,0.5212626164393717,0.5256066574737293,0.18566745359304926,0.31972533,25.776886,0.22954065,0.23410827,0.20473331,137398,0.47022221218399685,10.548078228835678,0.29172197036316927,0.29149838825909913,0.019065858536925107
random_baseline,421,0.44693093229148617,18.450364338515865,0.3802076672265453,0.41377550321526274,0.43236291312232955,0.36313397,26.42509,0.4244968,0.51612735,0.54545176,101804,0.08379696536872616,7.974726451279057,0.04428913248086741,0.10235184473090425,0.11308884716972367
random_baseline,422,0.8466075720851177,13.480414543074211,0.2135839250888805,0.24799900403595346,0.6637624900997526,0.97241265,10.355257,0.38947734,0.3976851,0.29418844,78183,0.12580507373168526,3.1251575087724532,0.17589341727829175,0.1496861065330468,0.3695740502537138
random_baseline,428,0.7481642009205277,20.599715029205445,0.2153853045745793,0.22379883232784045,0.3005390331874987,0.60189754,18.60164,0.48617184,0.4875026,0.11828915,102077,0.14626666321224524,1.9980743279114996,0.27078653704681965,0.2637037723951362,0.18224988288985694
random_baseline,426,0.9602859361557244,9.865299244722891,0.22334688713716455,0.23110276765805263,0.3121077834987473,0.855834,18.255991,0.33403835,0.33785176,0.2351786,71017,0.10445192889254085,8.390691737332773,0.11069145986867956,0.10674899511355382,0.07692917877672428
random_baseline,425,0.9572997316514315,9.031429411765878,0.2558579924670919,0.3659011463736167,0.9124983685907315,0.9640703,8.061404,0.3266203,0.33938453,0.32232115,74551,0.00677058847796308,0.9700251835554283,0.07076231807787575,0.0265166203592887,0.5901772218641232
random_baseline,429,0.97152920624738,4.429770685147162,0.28353364674346426,0.31499800410473383,0.37176221141463817,0.93709314,14.612816,0.25041947,0.2710377,0.38893855,135278,0.034436067552616856,10.183045171786432,0.03311417905585745,0.04396030631268061,0.01717633476608693
random_baseline,431,0.9510484925813589,10.973803106161611,0.22727796293385197,0.25630771250620554,0.7112981448383248,0.4168812,25.275162,0.21883665,0.22762202,0.2679944,117119,0.5341672889299307,14.301358637002451,0.008441312681509744,0.028685695241839393,0.44330374099921344
random_baseline,433,0.5329025529670143,25.55295251790021,0.2521549066831339,0.25653621808831645,0.23915744125470656,0.90928966,14.92835,0.3106316,0.3218303,0.35969543,13915,0.3763871051025963,10.62460206929181,0.05847669631941432,0.06529408438856649,0.12053799331560594
random_baseline,434,0.08485617672105855,30.335274668800864,0.2792328580343534,0.28652217711374456,0.2231179852920118,0.71406585,21.631275,0.4288585,0.4460244,0.38872296,95322,0.6292096730599779,8.70399949179891,0.1496256307637881,0.15950221096113032,0.16560497088856072
random_baseline,435,0.8795144235123563,17.645493452456712,0.22327900681091273,0.2302352387610315,0.3635772781203232,0.07876922,27.292582,0.30663913,0.3197184,0.26566666,113633,0.8007452016104627,9.647088105770827,0.08336012807296789,0.0894831519421698,0.0979106144736252
random_baseline,436,0.8890140359633601,12.07481543601535,0.3672510006516419,0.4067708302260766,0.5667105291195248,0.5586218,23.580378,0.2578641,0.27516028,0.35782245,102066,0.33039221217567094,11.505562142720002,0.1093869128315888,0.13161054737581107,0.20888808110431178
random_baseline,432,0.7388812844678072,22.89264942948876,0.2944997228893772,0.2981067026307503,0.22122318588069403,0.9435291,11.115973,0.20686091,0.22173175,0.47151893,84365,0.2046478445605131,11.776675956893545,0.08763880806298407,0.07637495047353898,0.25029574789234676
random_baseline,430,0.8186838044560412,20.558732153148437,0.5965778938972197,0.5998059517957608,0.21911966159543536,0.68625176,21.581131,0.30810326,0.42385277,0.87158567,47049,0.1324320449269274,1.0223988282968755,0.2884746305190764,0.17595318027514617,0.6524660055378959
random_baseline,440,0.8534624881995116,14.452234802114518,0.2811822024812267,0.30146627562133693,0.4274722431679895,0.969594,9.881126,0.25358987,0.2587054,0.25548974,39875,0.11613151357050788,4.571108398305924,0.02759233393569449,0.04276086824027919,0.17198250637256407
random_baseline,439,0.22479762123910133,24.06796918321714,0.36400838749378006,0.36605732119070394,0.17946858695637177,0.89046806,17.426674,0.2705322,0.28827265,0.37918258,16037,0.6656704397312051,6.6412952940569845,0.09347619669406693,0.07778467214094503,0.19971399017680694
random_baseline,443,0.5947850284999775,20.312900617559087,0.22402444684007655,0.2420430845909671,0.31002610041530976,0.791598,13.676237,0.25744924,0.26838863,0.26368243,16068,0.19681299348412284,6.636663511235845,0.03342479265233983,0.02634554436868866,0.046343675393184514
random_baseline,441,0.917454600279431,14.64809345345789,0.26041306660924074,0.2675122884654561,0.3345469932032692,0.6708246,23.49503,0.6468565,0.6485633,0.17294164,69920,0.24663001293430775,8.846935996005001,0.386443420188092,0.38105103693966474,0.16160535318385238
random_baseline,444,0.8185598466649769,14.674776086411114,0.32585153973549963,0.3296993681037484,0.1973853300890559,0.9706099,10.290705,0.2600145,0.27200693,0.41036358,104964,0.15205005667059435,4.384071359238263,0.06583703554123999,0.05769243918300254,0.2129782546677953
random_baseline,442,0.8637341933684825,11.999186542355844,0.5619151436114384,0.5645923928677884,0.1486103753908164,0.8016627,19.986227,0.4438819,0.4502332,0.32970843,111315,0.062071509881543974,7.987040493166617,0.11803324449301489,0.11435920161603363,0.18109805179996424
random_baseline,437,0.2899209708860501,19.472295625075954,0.284467841006369,0.28893848541567535,0.22008200428874983,0.7690482,18.016954,0.2792818,0.32162344,0.51135635,106077,0.4791272430726901,1.4553412030788841,0.005186045981497189,0.03268495914151459,0.2912743494710158
random_baseline,438,0.5073128159917055,17.14735357389806,0.3776162313252523,0.38321589151244767,0.23765596519899487,0.62897617,19.251526,0.35030138,0.35636353,0.26995966,46341,0.12166335025661601,2.1041723050081913,0.02731484639941001,0.026852356585079507,0.03230369318532825
random_baseline,448,0.7365934058692097,15.258964650798234,0.29507096090146273,0.30954176000122435,0.37559863566441626,0.66965634,21.440884,0.31923956,0.32258534,0.22870527,105304,0.0669370695616841,6.181918985676376,0.024168595887935462,0.013043584313350842,0.14689336358590216
random_baseline,449,0.9744046652177181,10.073356660833284,0.22122935486178208,0.22950079692128922,0.3456993514480841,0.85199964,10.282875,0.33762363,0.34471473,0.24079955,35061,0.12240502475293535,0.20951840020187262,0.11639427113194656,0.11521393405672287,0.10489980520632386
random_baseline,447,0.801768802167998,20.233636336119677,0.4679890805516171,0.4722778147081355,0.1904103849774761,0.86890393,5.2734604,0.48190168,0.49637008,0.25977257,22311,0.06713513278759897,14.960175947936083,0.013912594911105691,0.024092262425043198,0.06936218396364024
random_baseline,445,0.9235231180880378,16.60650971673737,0.23855750937477724,0.25975030095020785,0.47468004451579554,0.48900244,21.435978,0.25333387,0.2627498,0.35750073,57652,0.43452068168857794,4.829468219053645,0.014776357221444686,0.0029994901951168607,0.1171793125707577
random_baseline,452,0.39130874818190997,23.336134392378412,0.32102038000292576,0.3237723596892543,0.20089897613336113,0.61277336,20.114727,0.22514631,0.23401982,0.37312427,90083,0.22146461063995893,3.22140737211474,0.09587407146162785,0.08975254376747083,0.1722252954978797
random_baseline,450,0.5985985505943793,24.073894168100573,0.35027300355064994,0.3600673372388588,0.35055678879955315,0.57321054,15.980522,0.30753973,0.33023635,0.41290957,16182,0.025388013160755007,8.093372012338854,0.04273327228653556,0.029830991709302535,0.062352778556556465
random_baseline,453,0.646949536142478,14.503273292955193,0.35604550488394215,0.35940101275274816,0.22052298715272364,0.10011466,30.22186,0.39037156,0.39583242,0.17524615,70281,0.5468348776675558,15.718587592664925,0.034326056166472885,0.036431406642698616,0.04527683785119471
random_baseline,446,0.9894120922419056,8.682428049594769,0.18428744764934935,0.23260831378324232,0.7585273858874492,0.35469022,23.876146,0.26085445,0.2810055,0.44404155,52960,0.6347218683096394,15.193718266933551,0.0765670051990851,0.04839718796388903,0.3144858357279948
random_baseline,455,0.7375520926333388,19.510558047558003,0.18110993663442732,0.190106745711378,0.44049945247913413,0.8647998,8.874828,0.32233503,0.32824504,0.2880843,102212,0.12724770490160386,10.635729708934957,0.14122509797441363,0.13813829804319963,0.15241515410686546
random_baseline,456,0.22079908599572567,23.31131530598064,0.21022271202673287,0.21521022285707841,0.3214892848189396,0.36501986,19.7475,0.26429716,0.2701042,0.25007695,40612,0.1442207718877277,3.563815840038256,0.05407444549928336,0.05489397679082503,0.0714123352225346
random_baseline,451,0.02269180806715854,27.124053968479465,0.6032686624495177,0.6286029080735644,0.3049576659856977,0.015325507,16.445606,0.23911263,0.24526525,0.23326856,1662,0.007366300918058236,10.678447736790012,0.36415603196302937,0.3833376626359424,0.07168910700666326
random_baseline,459,0.24902620058148528,24.976371758515395,0.24312679443011911,0.32631721271973657,0.7510078457666294,0.82274085,16.94025,0.23337804,0.24175075,0.34210002,130470,0.5737146522513089,8.03612136178688,0.009748756619793492,0.08456646575432825,0.40890782154330174
random_baseline,454,0.25449857223765376,24.51497460403295,0.2250271930910122,0.24321180859199382,0.4749022613732939,0.6619706,20.114,0.251009,0.25614774,0.26009503,33665,0.4074720431493091,4.40097428359838,0.0259817943357456,0.012935933679429523,0.2148072313039427
random_baseline,461,0.3100300917391418,24.63069537275023,0.2555432507752563,0.26009749301659907,0.2946676866544307,0.7337999,20.56803,0.2604,0.2886654,0.5359168,83443,0.42376978304342044,4.062665969063705,0.004856746459088179,0.02856792083990728,0.24124911861290327
random_baseline,464,0.9888518229939431,6.470390637577012,0.2095486640074132,0.21808472746183383,0.3389579047925151,0.9426444,10.715453,0.24870545,0.25611576,0.28264108,118179,0.04620740570802395,4.245062510311172,0.039156782712710086,0.038031036917667516,0.05631682179042463
random_baseline,457,0.9525886799355808,5.929534896374641,0.2911308842528508,0.3158955882330962,0.45215190367227315,0.97857314,8.012368,0.22568129,0.24334335,0.5032514,103700,0.025984463546627423,2.082833305834832,0.06544959422237134,0.07255223496161184,0.051099470095579635
random_baseline,460,0.9529389655591556,8.193072628995957,0.23910653978891674,0.25134059707777434,0.3852339732734444,0.31947726,22.775103,0.21885704,0.2390014,0.54421633,58811,0.6334617054463931,14.582029986360489,0.020249504748061337,0.012339203759598072,0.15898236154634932
random_baseline,458,0.7944733184041415,14.755104947076738,0.32009658334570557,0.32828146513647977,0.25241733934052984,0.04867287,32.28031,0.80906403,0.81249875,0.17129473,48622,0.7458004486026202,17.525206637395918,0.48896744730157227,0.48421728316597995,0.08112260545857947
random_baseline,468,0.4279301991859351,24.182886452465137,0.23192943887250117,0.23694295659002174,0.2892396134797329,0.31194627,20.057972,0.46503207,0.4673155,0.14357163,128366,0.11598392633589849,4.124914498119434,0.23310263200266668,0.23037253842416894,0.14566798335945552
random_baseline,463,0.0374869948754128,24.813541294967436,0.25474035748586493,0.36927045600960673,0.9420834168034424,0.86973745,19.233873,0.23482433,0.24548665,0.39032185,83272,0.8322504514327231,5.579667927657866,0.01991602787122565,0.12378380911896647,0.5517615660267701
random_baseline,462,0.12675264516928947,25.32486855129675,0.22881639611028085,0.24250133671850738,0.3529272084550937,0.65869087,22.659275,0.28444415,0.29000148,0.24691032,121868,0.5319382246389075,2.6655934963651085,0.05562775719858756,0.04750014505296174,0.10601688972283202
random_baseline,466,0.9870047997067807,7.901579416098137,0.19973599118027516,0.2402769016663162,0.880076558520205,0.19839948,29.703096,0.37819213,0.38099542,0.22007759,6267,0.7886053155492184,21.80151697367237,0.1784561355706709,0.14071852093538362,0.6599989693659616
random_baseline,467,0.48804245751249054,23.29905519044841,0.25225876917001094,0.2650011141947022,0.40306900832694054,0.84843093,12.07403,0.38128123,0.38418144,0.19278978,121344,0.3603884740556552,11.225025267963058,0.12902245770338688,0.11918032568185422,0.21027923021357536
random_baseline,472,0.21319990930168536,23.36366899559064,0.2591648940089684,0.29120148394897843,0.5673499569716596,0.25232223,20.028503,0.24326368,0.25040963,0.25297165,67036,0.03912231746108624,3.33516557762189,0.015901217246387545,0.04079185102775956,0.3143783078017377
random_baseline,465,0.4179612399016353,25.953658776084865,0.2168193160390798,0.24314962817948454,0.49474162922876735,0.949273,8.3491955,0.2618289,0.30587384,0.5935135,24382,0.5313117503251104,17.604463295738185,0.045009583344465115,0.06272421286780244,0.0987718595407639
random_baseline,471,0.743476355200857,15.596873713530421,0.2440876881213033,0.24675553692404162,0.17305431918576736,0.8353903,11.830295,0.34254083,0.3448896,0.17432255,78673,0.09191397416010494,3.7665791044605967,0.09845314225246074,0.09813407408174146,0.0012682263426445073
random_baseline,469,0.9839328602425099,8.516943979284477,0.25271682357666375,0.26417502514098085,0.38882867920901926,0.5140788,25.174053,0.25718194,0.26548454,0.29700541,98349,0.46985406433262833,16.657109212854195,0.004465118886257391,0.0013095165136059461,0.0918232642462507
random_baseline,474,0.5643320548196656,22.60471712772211,0.2500869272994008,0.27133580310536576,0.46433508124762185,0.9155832,15.432462,0.2557515,0.26055193,0.2894064,940,0.3512511384824889,7.172255389135685,0.005664563293555747,0.010783873631488805,0.17492869224959023
random_baseline,470,0.525658304916605,21.676074657087153,0.30398075344362796,0.44994972567665414,0.683083716067783,0.1910429,30.054562,0.48884574,0.49314195,0.2738882,3557,0.3346154048311558,8.378486957903082,0.18486498234471738,0.043192223500134186,0.40919551554631384
random_baseline,478,0.6335032688543815,18.737409229665676,0.21989376095095578,0.22802488682107613,0.36807734760844096,0.45570648,20.047976,0.3654662,0.36740986,0.18089235,12666,0.1777967916891593,1.3105663104954566,0.1455724463148981,0.13938496830625846,0.18718499931895122
random_baseline,476,0.326505515899288,26.743600959291157,0.7989051957298353,0.8022499114817488,0.1991721860592574,0.33617508,21.141315,0.23916873,0.25264388,0.43631202,113164,0.009669568214786706,5.602285499086079,0.5597364623714521,0.5496060282534468,0.23713983376572428
random_baseline,473,0.49304253753304284,26.790015637190766,0.4008020951377049,0.4162102666370285,0.3077411876094272,0.59844345,18.507324,0.3182068,0.39481357,0.6019837,90314,0.10540091101050575,8.282691418440766,0.08259530802832987,0.021396699237049843,0.2942425384152005
random_baseline,479,0.8833643324596345,13.855250372731945,0.20000060066070333,0.2072901856615763,0.3132614500573271,0.98829424,2.354413,0.3601907,0.47650057,0.633335,105631,0.10492991135292651,11.500837340200206,0.1601900889030479,0.26921038511250206,0.320073544258774
random_baseline,477,0.1827720653156039,21.695299289103684,0.5448286114880343,0.5468093880016905,0.12001988392122391,0.49052718,20.457476,0.37951455,0.3818304,0.16833334,84492,0.30775511750185525,1.2378236268722382,0.16531406628577905,0.16497899373365466,0.04831345278970596
random_baseline,483,0.07035691527338517,23.005821307371114,0.2132750158734663,0.22586764404326698,0.4131726888534834,0.4767871,16.993988,0.4260383,0.4275707,0.15325525,74622,0.4064301750281285,6.011833270261739,0.21276327915712756,0.2017030566021798,0.25991743482325574
random_baseline,475,0.9689372825049456,8.0865424533391,0.22750984864747723,0.23748542335637968,0.3239604265125482,0.1662858,21.128765,0.294074,0.3030115,0.28033528,60928,0.8026514845513399,13.042222652862073,0.06656415028059284,0.0655260834395035,0.043625149193593726
random_baseline,481,0.8874601344519031,16.998555406310643,0.31082882020621594,0.31906167737449453,0.33290478078352176,0.9841253,10.221961,0.1778399,0.20346832,0.5767278,112172,0.0966651816911328,6.776594384887304,0.1329889151826411,0.11559335462058828,0.2438230267382983
random_baseline,480,0.8571929816469664,15.685694058669426,0.3483515675994752,0.35087420147249876,0.17724041155076253,0.1844303,26.261986,0.19996451,0.2109612,0.34405375,6080,0.6727626804575438,10.576291720139167,0.14838705918520673,0.13991300862620054,0.16681333371901286
random_baseline,482,0.8803472955652992,14.242211875857912,0.21671289346309755,0.2311286617501902,0.36939132209029923,0.1520367,24.452404,0.20982838,0.23539537,0.53203994,138859,0.7283105988928597,10.210192146358885,0.006884516693078019,0.004266710163719711,0.16264861826690902
random_baseline,487,0.8374026943923331,14.58471960135617,0.28886992941999556,0.29183354567254827,0.22147560717010564,0.028795075,22.918543,0.21407782,0.21675098,0.19131288,9691,0.8086076197208262,8.333823260582307,0.07479211400652053,0.07508256624902532,0.030162727846146292
random_baseline,488,0.9529945087888394,8.094728781608467,0.4547571446979717,0.4631553664493876,0.21557153181249614,0.5932763,24.09589,0.72097486,0.72391874,0.20189045,28543,0.35971818690086943,16.00116126355755,0.2662177178775593,0.26076336953159995,0.013681078116245221
random_baseline,486,0.4867997551220898,27.446623689642333,0.2895859458069285,0.29584556245599714,0.272059937046812,0.91872776,17.807226,0.28880164,0.29349345,0.3012433,131164,0.43192800042448004,9.63939750861206,0.0007843055347879768,0.0023521127680393716,0.029183368159486855
random_baseline,484,0.9099260751237752,6.025774735361402,0.2653114239851998,0.29206437426839366,0.46765906565825327,0.60125834,16.958212,0.4294457,0.4326774,0.2092386,139914,0.30866773762606403,10.932437163442309,0.16413428977326883,0.1406130139228295,0.25842046194712504
random_baseline,489,0.46536907159358404,26.23181357885916,0.39327333207139764,0.40205207310853514,0.34809998751439236,0.8260569,14.227068,0.24131638,0.25510925,0.5063876,125136,0.36068782604664423,12.004745631471465,0.15195695395478998,0.14694282256303343,0.15828760384760715
random_baseline,492,0.9608252467861753,7.011956650617094,0.3494311224364385,0.3553950386174819,0.28298817587628255,0.20532067,23.252842,0.29176506,0.30648866,0.26212054,29005,0.755504575585423,16.240885298845797,0.057666058435355105,0.048906375659336754,0.020867630965851647
random_baseline,485,0.9646183740390986,12.728052991159124,0.19823199129263863,0.2118040586254392,0.472477862980345,0.5442518,23.89097,0.2776508,0.29399607,0.35163072,83547,0.4203665744556635,11.162917238943415,0.07941881203492179,0.08219200722958706,0.12084714546439956
random_baseline,493,0.9568059052279769,9.04921634509813,0.26713244285445453,0.28783770044396023,0.38795180782745137,0.97677594,8.158229,0.21904571,0.23619747,0.42445773,101393,0.019970039004963747,0.8909874708915879,0.048086729310562626,0.05164022882530789,0.036505921035311084
random_baseline,496,0.43319610642601675,23.005997255899324,0.5063055203753802,0.5099133626175101,0.2067610611347541,0.46906823,21.150536,0.27265495,0.40545577,1.0028958,75960,0.03587212277243906,1.85546167240323,0.23365056975663634,0.10445759450914216,0.7961347709270135
random_baseline,494,0.698124271548903,18.0459469677962,0.19228826093455537,0.21686361393171155,0.5400685713917732,0.9644431,7.3163295,0.28776467,0.29492864,0.30807558,122704,0.2663188160289168,10.729617488578672,0.09547640753010528,0.07806502619547045,0.23199299437112808
random_baseline,498,0.46075708569613105,21.977131493374042,0.8461083600294804,0.8495189618052393,0.1368727657067635,0.48291755,24.859468,0.2694692,0.3057245,0.40265882,44081,0.022160461529821096,2.8823369667089658,0.5766391584646916,0.5437944601954371,0.2657860544455192
random_baseline,491,0.849374661310715,16.019501063601055,0.1967788140429275,0.2021390551368693,0.26845217510930763,0.6463978,18.433767,0.22445075,0.23514926,0.33046016,108996,0.2029768322549289,2.414266255124531,0.027671938096164,0.03301020919876302,0.06200798586138023
random_baseline,495,0.12160367800411599,26.607688124146076,0.2417453764614947,0.2808878669216243,0.49071039693423624,0.8992788,10.887625,0.27677312,0.28129256,0.2487881,125106,0.7776751415568887,15.72006338354549,0.03502774847174811,0.00040469079474531044,0.24192229347297067
random_baseline,490,0.8442086827104383,17.71668565587904,0.19494142116768545,0.2162730867482965,0.596700984136113,0.7878926,13.793733,0.25734174,0.26478523,0.30030662,131652,0.05631610267808962,3.9229530127515986,0.06240032134787851,0.04851214341146301,0.2963943659224595
random_baseline,497,0.07613185017310146,30.00093801464826,0.38826581055906995,0.40574289753602527,0.26558435971885697,0.900502,16.006483,0.24003118,0.24343659,0.21117835,36206,0.8243701759079838,13.99445493664533,0.14823462779310925,0.162306307698951,0.054406012250480806
random_baseline,501,0.5872441796259223,13.632192692346948,0.26017378674801334,0.27047973781237505,0.38611256700434277,0.11254361,29.078642,0.26134795,0.28369623,0.4011888,61270,0.4747005669073402,15.446449199132545,0.001174162756838959,0.013216496413851753,0.01507622379384449
random_baseline,505,0.928316516963837,12.788715694768072,0.4016539535728364,0.40504338986221156,0.22104642091249277,0.3092958,27.611074,0.3988728,0.4002728,0.13831599,12097,0.61902071365535,14.822358752863764,0.0027811608520417197,0.004770603244932503,0.08273043034528543
random_baseline,502,0.15285735414093934,24.99943425105433,0.2885578495516585,0.3274359194554986,0.47813255003328947,0.7996153,12.152144,0.37087217,0.37332782,0.17462762,77429,0.6467579694026092,12.847289818986457,0.08231432018138901,0.0458919020376502,0.30350493303175596
random_baseline,499,0.3139272843360363,23.83768459396748,0.2237608950776753,0.22517599535097532,0.14085123287686438,0.5534485,19.648323,0.26681364,0.27396747,0.2470171,66888,0.23952121391301767,4.18936153488545,0.04305274074843554,0.048791479348045064,0.10616586757651239
random_baseline,500,0.9633331196507476,10.701436271206731,0.2761213650972056,0.29834552595824804,0.5282801654263738,0.36743867,25.060791,0.3160509,0.31791618,0.16680965,90965,0.5958944456776641,14.359354744418269,0.03992952201064354,0.019570658705524546,0.3614705171509984
random_baseline,504,0.9442660090983698,12.190905323048817,0.3155136771386499,0.32350538294851977,0.2868410183515449,0.36025137,25.309942,0.23134136,0.23905241,0.3311226,21114,0.5840146420062372,13.119036922434582,0.0841723151391382,0.08445296805441577,0.04428158864117665
random_baseline,510,0.8089601421155437,21.71458312333027,0.3320373835389164,0.33728952759613734,0.2375820260102618,0.6937274,22.9943,0.3045525,0.31103653,0.26827884,17485,0.11523276803870042,1.2797177189548847,0.027484888059332635,0.026253000439307506,0.0306968111937177
random_baseline,509,0.9437755629435194,12.393648615371212,0.1891205186539999,0.19730675162993158,0.4164445277523673,0.9564389,9.109828,0.27242395,0.30015045,0.43811324,100996,0.012663336096702782,3.2838206200709195,0.08330343416391697,0.10284370241441046,0.021668714635404318
random_baseline,507,0.9466464209271538,5.2138614839356805,0.31313703456206937,0.31855655651489934,0.22359020212258893,0.518526,19.97889,0.6216082,0.6240617,0.16482972,77221,0.42812040326129075,14.76502798139635,0.308471163126987,0.30550514716704646,0.05876048603620129
random_baseline,503,0.593619854306329,21.653484232085273,0.2070250642832238,0.21409250759445295,0.32269440950318085,0.83551836,7.239979,0.24240625,0.26068288,0.3919754,124891,0.24189850583161043,14.41350544180207,0.0353811847631019,0.04659037328399554,0.0692809933288504
random_baseline,508,0.9904838300116101,2.1001861491742773,0.4870745039454456,0.5786192584657918,0.546510260847772,0.72394794,20.154459,0.20893359,0.21862468,0.4458563,95413,0.2665358877546826,18.054272850459512,0.27814091210279424,0.359994577231432,0.10065395787116371
random_baseline,506,0.9514674572300257,11.67678138627133,0.19591247666056522,0.20769780767011015,0.5120198551446202,0.57669336,12.65129,0.32000378,0.3225815,0.16992757,89472,0.3747741011928858,0.9745085536090414,0.12409130108182065,0.11488369214487704,0.3420922879010442
random_baseline,516,0.7309231625190922,21.762213889208457,0.240856229836527,0.24959046026101284,0.3677824155820994,0.6291179,23.407984,0.270446,0.28097823,0.38807705,53116,0.10180525642549476,1.6457698906987694,0.02958977264684093,0.03138777236113377,0.02029463486536459
random_baseline,513,0.6137909354428154,22.69776012815773,0.7677373856402365,0.7733133452208123,0.24946383410840509,0.96642226,6.505414,0.3261024,0.35012406,0.34620205,136754,0.3526313243647713,16.19234611906349,0.44163497985372224,0.4231892841131768,0.09673821157068732
random_baseline,514,0.8814051204295401,20.889236058023904,0.423871919411595,0.4312965632667158,0.339218048952919,0.04299533,28.241432,0.43329823,0.43676203,0.18029302,53545,0.8384097904832606,7.352196131917502,0.009426310759608592,0.005465471626320106,0.15892502536664582
random_baseline,518,0.9074028199359438,15.17208922663351,0.20061906518296166,0.24306427559810523,0.6745216779947815,0.20740697,25.58758,0.291301,0.29386115,0.15171261,25525,0.6999958520576022,10.415490500539342,0.09068194685622291,0.05079687514347192,0.5228090666771469
random_baseline,511,0.44084634559882535,21.720332928886787,0.23197112069910805,0.24853023018661452,0.3808786138977581,0.8913892,12.079499,0.37830257,0.383051,0.26912144,3401,0.45054284555183993,9.640833684196846,0.1463314534586068,0.1345207777994542,0.11175717563291132
random_baseline,517,0.6199671473308886,21.7987697845334,0.2602454053265233,0.3428715881301011,0.7018720319280816,0.127303,26.036758,0.21456872,0.2284461,0.3563548,119683,0.4926641430660571,4.237988638318164,0.04567668605867814,0.1144254919482316,0.345517229081173
random_baseline,512,0.6939971420948905,20.819525650977166,0.22724619321727205,0.23788470739484588,0.2580582183408135,0.56460273,22.896826,0.51076835,0.5120907,0.147964,60254,0.12939440943650427,2.0773001394281074,0.2835221607217844,0.27420597558855253,0.1100942176389092
random_baseline,515,0.6520911968488464,22.968875362876233,0.6332116195931908,0.6352799795642174,0.170815156045717,0.71697736,22.600525,0.34604067,0.4576096,0.6331878,113601,0.06488616101553346,0.36835046053248277,0.2871709534898278,0.17767038569596183,0.46237261479778885
random_baseline,519,0.8390752114740244,19.565322152011053,0.2329682508574429,0.24336036259474367,0.4054784084056278,0.99078375,8.451201,0.22205076,0.24228019,0.4494483,74800,0.15170853953687036,11.114120713107244,0.010917494641393716,0.0010801773721179353,0.04396987908140221
random_baseline,520,0.9790513469706275,8.698041108269138,0.2251914173235234,0.27326368437151277,0.910761728035741,0.6274624,23.354504,0.24172638,0.25170487,0.2714628,113879,0.3515889598856665,14.65646252332266,0.016534966243332977,0.021558812717002274,0.6392989299171496
random_baseline,524,0.5422886039289591,27.138894214879393,0.4133559428958677,0.4180327991738927,0.21040456402780422,0.2899978,28.369846,0.58686805,0.5926722,0.26539946,43816,0.252290817645466,1.2309521291147476,0.1735121048183657,0.1746394296392787,0.0549948919963657
random_baseline,523,0.957407130210292,15.20697992471024,0.260906351183296,0.26897953558315546,0.2668829563398599,0.8724896,20.812439,0.36634177,0.36842424,0.19080688,37447,0.0849175586389419,5.6054590401335105,0.10543541851198596,0.09944470119128912,0.07607607574656006
random_baseline,521,0.9531083152963619,8.53879441904391,0.37126623641106127,0.37713776579429104,0.21834495307862348,0.20115994,29.14764,0.46051162,0.46329418,0.20273778,69146,0.7519483761264781,20.608845809227574,0.08924538840201857,0.08615641245316075,0.015607174653406802
random_baseline,527,0.3220272028701986,26.603913227998063,0.23072568846489275,0.24961284813649018,0.3821009170603052,0.99415547,4.384458,0.25930282,0.3013697,0.58215326,34621,0.6721282636863505,22.219455162965104,0.028577136270748732,0.051756848719054865,0.20005234364755003
random_baseline,522,0.7539310232333905,24.405391542802676,0.3750644401048379,0.38099631024933117,0.29316659184571986,0.75980604,14.048605,0.25357798,0.25748354,0.23213936,88632,0.005875013715767263,10.356786577592715,0.12148646268593838,0.12351276828384655,0.06102722796079402
random_baseline,526,0.18693686519507993,29.304082407463717,0.47009864154170217,0.4714574922382766,0.11085204132609963,0.22519776,25.94654,0.20812334,0.235612,0.4375678,76662,0.038260897055820337,3.357541574944186,0.26197530033896627,0.23584548724293053,0.3267157589573324
random_baseline,530,0.662068308368383,23.958344395590156,0.3779883056802714,0.38129772420864255,0.21353857324579775,0.82990533,18.61961,0.2094308,0.24673145,0.59679496,100772,0.1678370227664131,5.338734562826485,0.16855750679206494,0.13456627901535184,0.3832563896371979
random_baseline,525,0.8884122178481991,4.87949024144325,0.2644070272231838,0.34175443397643135,0.6691936216571336,0.097351626,24.46244,0.28402218,0.30884877,0.5081417,100272,0.791060592286485,19.582950249279406,0.01961515500299721,0.03290566550375984,0.1610519252040391
random_baseline,529,0.7262434054315597,23.61633591349396,0.43478018118690653,0.44861773098838414,0.4014907431312698,0.45041785,26.10022,0.33895403,0.34417996,0.21740223,4130,0.2758255589902908,2.483883813068541,0.09582614971946879,0.10443777288329686,0.18408850845776975
random_baseline,528,0.9667053469358592,11.310707902875848,0.19188379688250473,0.21611317201486133,0.6236586948199347,0.99255604,1.8965497,0.511681,0.76698846,0.7937462,64552,0.02585068858278705,9.414158201185174,0.31979722337735245,0.5508752842343757,0.17008747856187068
random_baseline,534,0.39152574383276184,22.720133441909773,0.21050816454903248,0.21416862472977966,0.2450592899333153,0.2479822,28.440626,0.21846165,0.22998716,0.33792156,52567,0.14354353987234314,5.720492702499406,0.00795348308070537,0.015818534641596382,0.09286226987732313
random_baseline,531,0.25459234445567996,27.770993343836384,0.3283084339578681,0.33156139919788885,0.18235690374294838,0.6015729,21.649431,0.3594494,0.3744892,0.317012,37382,0.34698052675251095,6.121562115198689,0.031140952638811614,0.04292778899638605,0.1346551082619039
random_baseline,537,0.8969297838495766,15.631272590060597,0.25983918702113457,0.267817323517214,0.3189123205609916,0.23385225,29.57408,0.7288262,0.729597,0.1049654,1655,0.6630775314854179,13.942806923489208,0.46898703778279,0.46177964894830115,0.2139469168849586
random_baseline,532,0.8969536540216104,11.484656560349194,0.2647973796478372,0.30545591909626585,0.5786502840992432,0.8989567,8.576449,0.25781804,0.27081344,0.41956142,135707,0.002003062039028003,2.9082071661231197,0.006979336415873116,0.03464248378018003,0.15908886818852241
random_baseline,538,0.8876597342641358,16.346039596275702,0.2796103176317233,0.2833679148709432,0.19172350393222806,0.36633575,23.410688,0.60417295,0.6083877,0.20875104,107023,0.5213239846379761,7.064648803992853,0.3245626273908597,0.3250197937929972,0.017027533784637477
random_baseline,536,0.6492252056573053,19.33687477629626,0.2682706707822261,0.27521567030093413,0.3243279227095398,0.4918897,25.352304,0.38324153,0.39241588,0.3144274,37153,0.1573355202649256,6.015429682321905,0.11497086345086716,0.11720021085598725,0.009900517113760388
random_baseline,535,0.46466456236935627,22.67801903994884,0.2516790097851022,0.25511119495122286,0.2138169315707996,0.97036743,12.073354,0.18807729,0.22315034,0.7935803,51687,0.5057028692712687,10.60466527255382,0.06360172389929136,0.03196085224835726,0.5797633620845959
random_baseline,539,0.9869527895907888,10.626068607181516,0.278888903917439,0.3216980376441831,0.6523555442066803,0.92047703,8.371471,0.23864922,0.2550316,0.4254453,83835,0.06647575692935082,2.254597202152219,0.040239684642918105,0.06666645195082371,0.22691025578695678
random_baseline,541,0.9709854311814325,7.994536641691482,0.33823390983553403,0.3535792378020103,0.3597290671836083,0.5088033,21.498247,0.27294868,0.28468412,0.369901,129267,0.4621821231713312,13.503710504914963,0.06528522752733701,0.06889511619327615,0.01017193426979135
random_baseline,543,0.3039327352814213,25.712132341745694,0.2650951663676451,0.26730878127548297,0.18239124737731724,0.8334814,13.234088,0.280433,0.28704214,0.25779453,20174,0.5295486361213192,12.478044397714932,0.015337832766418646,0.019733359685210394,0.07540328182228298
random_baseline,533,0.8336490665916799,19.077816961049823,0.23213383762090511,0.24147270663996945,0.34318977236840625,0.97416437,6.6567287,0.33006704,0.33978084,0.37641975,14776,0.140515300130427,12.421088216542987,0.09793320091516666,0.09830813065747013,0.03322998046782116
random_baseline,547,0.9264941318777998,15.173804273535481,0.34071471966738975,0.34340150067213937,0.22518700458579344,0.815775,15.545132,0.28129026,0.3031637,0.41173542,29620,0.110719154670616,0.3713274098141284,0.05942445672984398,0.04023779341582223,0.18654841087288576
random_baseline,540,0.9644222318631984,2.7146868531186286,0.4474889054724743,0.4554304867428605,0.18160318150342936,0.84024227,14.098247,0.412862,0.4345449,0.42084295,110879,0.12417996520823016,11.383559721283227,0.03462690262289542,0.020885595623857223,0.23923976407228476
random_baseline,545,0.37756456369336855,25.989180296700273,0.8581783607186781,0.8589087859638949,0.10524330940144368,0.40796944,21.9051,0.22408827,0.29959115,0.75054085,2806,0.030404881296789532,4.0840804279258585,0.6340900942267882,0.5593176321038027,0.6452975431452482
random_baseline,546,0.5222860803401341,23.086594085413743,0.2345717054795107,0.246500653044686,0.35221812781212436,0.20663439,26.539753,0.9282647,0.92886984,0.075227804,79908,0.3156516929662099,3.4531588747913347,0.693692972045056,0.6823691904382851,0.2769903233301412
random_baseline,544,0.2598559782760508,31.029832367951755,0.3731945148550239,0.3783239427435956,0.23001933860755966,0.939248,4.6200237,0.27246633,0.27961096,0.26598975,31774,0.6793920471412771,26.409808640534763,0.10072818313467174,0.09871298106795168,0.035970412016143344
random_baseline,542,0.9782839367449468,8.437057125980637,0.20413939102436474,0.27319535768789455,0.8094374212852006,0.034575075,29.888807,0.70585346,0.7071043,0.11547966,80496,0.9437088618338293,21.451750170772293,0.5017140711948735,0.4339089676066001,0.6939577582707886
random_baseline,548,0.659149067921788,22.53928763589566,0.33350911547175033,0.33657418284222573,0.20252364550316196,0.7266238,20.732729,0.22863391,0.23594843,0.4044834,50703,0.06747470565304114,1.8065586777657785,0.10487520505419357,0.10062575433060617,0.20195976223266263
random_baseline,550,0.5373428145788157,23.223766476089096,0.4014178739982208,0.40678929833313926,0.23615610938994958,0.24724793,26.48304,0.33372656,0.36532095,0.48030734,137915,0.29009488023738506,3.2592733798679348,0.06769131888919677,0.041468347586603005,0.24415123123199867
random_baseline,554,0.6966605893359408,15.534908156165145,0.390264066376102,0.3934194785362232,0.19424064887634937,0.4122784,19.964928,0.22994068,0.25961086,0.41013217,9621,0.28438217556335776,4.430019517174699,0.16032338372648958,0.13380861699638252,0.21589152084716137
random_baseline,552,0.9753768396598718,12.50698894723395,0.2394054036301572,0.2454805051602323,0.3251427780821659,0.7788192,18.200243,0.29903224,0.31870311,0.43272537,21143,0.19655763628310174,5.693254048981871,0.05962683747587613,0.07322260982618739,0.10758259184810143
random_baseline,549,0.940798264115225,7.812657885508095,0.2646912831208248,0.29743919960910636,0.4451493306942445,0.8360564,17.863283,0.36408868,0.37812954,0.40307897,108487,0.10474185284889814,10.050625271840538,0.09939740119962504,0.08069034226482552,0.04207035740094006
random_baseline,558,0.9142626108812832,13.726925215669453,0.38462449198984344,0.39167091586055114,0.28471676228400394,0.1699406,28.404053,0.545037,0.5469396,0.13961226,54633,0.7443220051216626,14.677127518705547,0.16041247957921784,0.15526869557438538,0.1451045048033826
random_baseline,555,0.9640263354498084,7.71442651234571,0.2446705944851001,0.29876538542334224,0.6224109157492361,0.36652547,25.000937,0.33578712,0.34686038,0.26807517,90382,0.5975008642393287,17.286509995833,0.0911165229961316,0.04809499355729435,0.35433574761645414
random_baseline,557,0.7224795058450009,20.711558402695285,0.21133231640323855,0.2539885982890197,0.7421497370662874,0.48853737,18.768845,0.23619995,0.25528818,0.31242603,102897,0.23394213468640102,1.9427137982030978,0.024867628808171977,0.0012995854000977247,0.42972370643045366
random_baseline,551,0.9189906090505107,6.587984390933869,0.3293668172715255,0.38414779142891703,0.4698378323245028,0.98803884,6.116672,0.22070016,0.23958364,0.44861326,58438,0.06904822885918782,0.4713123519018865,0.10866665760260308,0.14456415013825236,0.02122457610845363
random_baseline,559,0.323894430319712,25.420208855593053,0.5737230383980637,0.5793509201892536,0.2601779177914553,0.6315362,20.097155,0.38572633,0.3903929,0.23717067,70060,0.30764175542171257,5.323054238283483,0.18799670573357397,0.18895802067600898,0.023007251335232792
random_baseline,556,0.48040559366571833,24.47848354847365,0.32392288891378995,0.3285250298905212,0.26764304144957685,0.5745502,22.54313,0.4191703,0.42043617,0.15435867,104374,0.09414461776387761,1.935352673839862,0.09524740131791476,0.09191114378692328,0.11328437133410596
random_baseline,560,0.15224755952835164,24.546872558795727,0.7973316597998472,0.7990880126814266,0.1181660390669786,0.92987037,15.045594,0.37743837,0.38207573,0.24619722,102016,0.7776228075218192,9.50127834340266,0.41989329338673076,0.4170122856954952,0.1280311845963515
random_baseline,553,0.6309262830606951,20.467380874092946,0.3045031978505586,0.31099611754032835,0.25632194535849495,0.930598,14.218661,0.18666604,0.2013833,0.5146873,49832,0.2996717374928938,6.248719565804372,0.1178371562379335,0.10961282486531004,0.2583653543698986
random_baseline,563,0.8514159567917141,17.060140811123425,0.22846841115835098,0.23664735873689494,0.40606375630118496,0.53584135,23.69682,0.28008547,0.28281537,0.20950103,103676,0.3155746110046658,6.636678494296497,0.051617063094349824,0.04616800824651876,0.19656272824027188
random_baseline,566,0.964804884844739,2.66482034030593,0.4152745328208093,0.428024616856666,0.2699163960156822,0.99202263,5.4880505,0.25867078,0.2673578,0.37014934,129660,0.02721774870781224,2.8232301205095,0.15660375573836605,0.16066682042607822,0.10023294819017414
random_baseline,567,0.45003841774660813,19.711691445292246,0.318454793639108,0.33184491204069616,0.29386625081400614,0.36798972,24.716265,0.26536438,0.2838323,0.36910075,68192,0.08204869883257615,5.0045732794391995,0.0530904149483884,0.04801260041044714,0.07523449867863913
random_baseline,562,0.9376861495065715,10.812820197594178,0.5764069157152018,0.6031094044394483,0.401550324234977,0.8300228,18.867785,0.30040523,0.30494532,0.28056476,46417,0.10766333761692304,8.054964302527893,0.2760016816167673,0.2981640845484723,0.12098556903363727
random_baseline,568,0.08816875700692238,30.671216228103646,0.7441720190175687,0.7465868309269111,0.17697090412177643,0.15887499,26.643608,0.33000398,0.33297437,0.21469231,12639,0.07070623154898582,4.027608134841927,0.4141680421956693,0.41361245663263013,0.03772140537701049
random_baseline,561,0.42853641248431057,26.08971470204551,0.38633692598917324,0.4077571429750493,0.37490345178433665,0.7942748,17.296724,0.28271684,0.29130936,0.33616364,49983,0.3657383944920078,8.7929903825875,0.10362008548357327,0.11644778628559616,0.03873981176205882
random_baseline,564,0.9047892364793859,4.921641529310271,0.25982103716162286,0.26421426774638834,0.1906287071255769,0.82662374,17.281738,0.2485447,0.26954558,0.40305954,104307,0.07816549866734368,12.360096751939729,0.011276344168458796,0.005331317170680139,0.21243083505353078
random_baseline,569,0.9287553117475089,14.688194327779634,0.2296428760938181,0.23839184295537405,0.3369003238654692,0.24419552,24.24337,0.2576526,0.27031475,0.35851282,100153,0.6845597908696708,9.55517572837271,0.028009734446571927,0.03192291010019846,0.021612494947854777
random_baseline,565,0.45427357730485196,17.83624441018071,0.2388284149379569,0.2599609828444866,0.590039228038807,0.556569,21.1384,0.24153994,0.24434067,0.19871552,91888,0.10229540291212802,3.3021547139647964,0.002711525300042067,0.015620309755459194,0.39132370515348447
random_baseline,570,0.34447837466337305,24.517121736656794,0.24616838405989863,0.26869216253261363,0.365809590486474,0.91865546,12.471125,0.35718575,0.36350662,0.2668871,70656,0.5741770804490842,12.045997087608942,0.11101736713982366,0.09481445262928212,0.09892249193567748
random_baseline,572,0.6813403014888612,23.626180113780464,0.6889388203161869,0.6897609467420514,0.11304371640979922,0.7686641,21.870243,0.43748,0.44281736,0.27633426,79970,0.08732382013894646,1.7559370412706983,0.25145881767450906,0.24694358657931637,0.16329053952396239
random_baseline,571,0.492018107560557,25.56675889571185,0.24895981175158943,0.25196227794111486,0.20760491213030902,0.43275505,23.107105,0.25684872,0.26370314,0.27922386,123777,0.05926305451719155,2.4596536405848966,0.007888910944714889,0.011740859695069827,0.07161894717984113
random_baseline,577,0.4691798755216395,23.877544670096974,0.5235524581090912,0.5266654461917796,0.1879054067696388,0.8555595,12.950553,0.2405056,0.25330868,0.34123018,69269,0.38637965235235344,10.926991729728321,0.2830468521730408,0.27335676255797525,0.15332477707015918
random_baseline,573,0.9182810502216573,9.606530613537359,0.3152278868554585,0.33728024499058273,0.3150680062875932,0.44586882,22.929441,0.31668133,0.33990926,0.3637202,83530,0.4724122302696462,13.322910838489008,0.0014534385801799332,0.0026290105140254205,0.04865220211885518
random_baseline,574,0.9601681739521196,5.223403027910372,0.28109935686750387,0.2942523989418995,0.3315187827765876,0.99352896,5.4803944,0.19955805,0.24271014,0.7340186,50999,0.03336078818319532,0.2569913354929483,0.08154130742711996,0.05154225561418646,0.40249984105230036
random_baseline,575,0.8985169522344353,17.191110719141214,0.27611064259520435,0.3016927805567303,0.6497710538418227,0.62766373,21.978476,0.20862669,0.22099835,0.48816904,125945,0.2708532206594231,4.787364851537497,0.06748395506850147,0.08069443375115781,0.16160200958561233
random_baseline,578,0.22283872531899873,21.734067060337246,0.24641792493475767,0.2827118319027149,0.4936088256502719,0.25485057,27.649908,0.45685756,0.46346062,0.21556951,108908,0.03201184106817778,5.9158410054586525,0.21043963713036684,0.18074879231527213,0.27803931459432557
random_baseline,579,0.14579993372248465,28.697552237725414,0.3988720827124456,0.41091816233363415,0.29433263377301244,0.8427517,12.5081,0.26804525,0.2852381,0.436076,139818,0.6969517480821723,16.189452681756176,0.13082683611134088,0.12568007515635754,0.1417433516586587
random_baseline,580,0.6355702877413512,19.759034953103647,0.2540532596675427,0.2921475143787181,0.5846450678488312,0.63105476,24.87715,0.29275542,0.2964441,0.26472098,98508,0.004515528715777428,5.118114628805532,0.03870216530880616,0.004296573841878204,0.31992409149613954
random_baseline,576,0.6603430875734717,19.138084096927305,0.3134820964729304,0.3231786038275906,0.29493647089891695,0.17537346,23.672255,0.27379435,0.31168753,0.5252819,27314,0.48496962275070254,4.534170465450625,0.03968774346466014,0.011491074740523965,0.23034543522901274
random_baseline,581,0.08761232740497826,24.914173898650574,0.2356590034425659,0.23844688902419225,0.21445988325937398,0.78773725,19.940672,0.39074472,0.39235625,0.18346275,59867,0.7001249229230857,4.973501977874207,0.15508571248646547,0.15390935768563135,0.0309971293674291
random_baseline,586,0.9788251893029914,8.749346606840732,0.2843459441145318,0.3066224677757228,0.505365177827932,0.9363359,11.504751,0.27798116,0.29334202,0.35795787,78969,0.04248926801545483,2.7554045986036044,0.006364782043303763,0.01328044368781689,0.1474073080597893
random_baseline,583,0.7084801872309119,16.304243329676353,0.23150667237390699,0.2386698214724147,0.26841434784074786,0.26744822,29.145437,0.534603,0.5358465,0.11039409,113742,0.44103197055419985,12.841193910924233,0.30309632731328784,0.29717665031408436,0.15802025742670062
random_baseline,584,0.3813901265729601,22.235712768390822,0.3790182920425733,0.3820834052639533,0.1703905373466681,0.95122933,10.09479,0.29022178,0.29607192,0.26129594,40824,0.5698392073046034,12.140922309711623,0.08879651150401435,0.08601148844533452,0.09090540710561767
random_baseline,587,0.9664875975264007,7.231630977972742,0.26090189266530384,0.2763120320980306,0.357647936254467,0.8009974,13.38691,0.33836082,0.3412181,0.18231064,68142,0.1654902210844451,6.155279460564856,0.07745892357500683,0.06490608180120033,0.17533729544254684
random_baseline,582,0.3749231112060067,19.849967229473986,0.24179642068584253,0.24659295132931774,0.25533708774308755,0.9533724,9.861614,0.23027451,0.25247434,0.56449246,107960,0.5784493076744559,9.988353002179064,0.011521907322004338,0.005881386486920659,0.3091553763224642
random_baseline,589,0.553851089726423,24.46476407532283,0.3825836306840476,0.3861899863488693,0.23138893412426265,0.90631706,14.551181,0.25665516,0.28955525,0.47952405,2797,0.35246596549894926,9.913583235784255,0.12592847407165136,0.09663473475051115,0.2481351120583698
random_baseline,592,0.9624096150923516,5.378541239768495,0.38541141323548955,0.4169491297497312,0.44853169300076656,0.7346471,12.456335,0.31691405,0.32659796,0.26441398,9929,0.2277625198889519,7.077793827980528,0.06849736146432561,0.09035117094655432,0.18411771037099056
random_baseline,585,0.010040656668195796,28.709837332909377,0.2094091079934679,0.23631783722596086,0.46034689773203036,0.41190627,22.834793,0.32805955,0.33040127,0.16550323,134630,0.40186561550473204,5.875044242089064,0.11865044610656872,0.09408343435568892,0.294843664060842
random_baseline,588,0.23812620656791322,27.71556443432417,0.5358909694443462,0.5374911478116192,0.14232015396233516,0.47696835,25.903982,0.5846743,0.59656215,0.34771103,111405,0.2388421414583624,1.8115822718485823,0.048783329318928925,0.05907099932888371,0.20539087270621342
random_baseline,593,0.8052457210930016,13.357171521880439,0.4077134661998186,0.4180772011702839,0.29209536162248506,0.6582459,23.619196,0.2640903,0.2720891,0.2966313,87728,0.1469997999580529,10.262024416229913,0.14362316659349533,0.14598810724671518,0.004535944787350754
random_baseline,590,0.9806836547140841,5.362318444630212,0.23686457824856774,0.2517788671301466,0.4598055119799022,0.32539976,26.988537,0.77491575,0.77859867,0.21702033,83146,0.6552838982825046,21.626218390086585,0.5380511765465067,0.5268197990609544,0.24278517916663928
random_baseline,596,0.9474137013695328,13.057736094314286,0.2683328321542184,0.27344131498546953,0.2948782196904943,0.8334441,17.898413,0.39724222,0.40248412,0.28895807,37943,0.11396958286977699,4.840676610153487,0.12890938610177832,0.12904280395297651,0.00592014702814081
random_baseline,591,0.4019166069682231,21.714439420586427,0.24596743305730726,0.2599394088856033,0.4011591647541518,0.33455402,22.401274,0.2727487,0.27979276,0.3171873,91207,0.06736259037810471,0.6868343068305656,0.02678127566766833,0.019853346956605566,0.08397185548901509
random_baseline,595,0.8256113080742272,15.31015331640625,0.25553321121975603,0.2675563387368174,0.3792914458051904,0.8896298,19.973223,0.3568901,0.36138672,0.2740659,130288,0.06401847317195808,4.663069416137695,0.10135690094188032,0.09383037762899682,0.10522553403532348
random_baseline,594,0.14981700933153722,27.54041376507046,0.26840433243923245,0.2709691472077746,0.17153174200703222,0.32047957,28.294926,0.63296336,0.63457644,0.1587935,12919,0.1706625624877682,0.7545119246268044,0.36455902691669406,0.3636072926497083,0.012738247901693173
random_baseline,598,0.08752719877316582,31.484115443857373,0.7136240972684417,0.716127008477276,0.13234156672908073,0.2892659,20.376766,0.24822108,0.2643944,0.3343902,123810,0.20173870207713018,11.107349239023389,0.4654030127929244,0.45173260597330867,0.2020486264948725
random_baseline,597,0.12727509579555468,20.2287384285875,0.27625134404368024,0.2869386424521869,0.21900824353084394,0.7024166,22.61972,0.5739068,0.5819679,0.261467,89595,0.5751415030012899,2.3909820303968736,0.29765543524556537,0.29502924781041684,0.042458766251947194
random_baseline,600,0.21474689887151985,24.1122871636705,0.2119919261663329,0.21467124910417204,0.20326751810832497,0.68587065,16.724934,0.2235358,0.23076867,0.31767005,77590,0.47112374855890005,7.387353539402923,0.011543879774295163,0.01609741656717653,0.11440252917484764
random_baseline,602,0.2659606473335399,28.151731677946525,0.42206358997267085,0.43073607984692863,0.29719761302380354,0.9592805,12.925335,0.22379889,0.24815561,0.546064,27360,0.6933198435417043,15.226396747526604,0.19826470403116542,0.18258047107369713,0.2488664061793825
random_baseline,603,0.6606286428744144,19.076384912679416,0.3098950229613055,0.3206977807276331,0.2950827664103691,0.30424413,21.371769,0.3089149,0.31567028,0.22173005,115410,0.3563845120245761,2.2953840387366,0.000980123135255695,0.005027499078997244,0.07335271298553392
random_baseline,599,0.4700901241360246,26.235156099772112,0.4127495782178158,0.41716490592651706,0.1949876547626382,0.8969147,14.729623,0.26725742,0.27222648,0.24398555,35838,0.42682459639925374,11.505533258890765,0.14549215600902982,0.14493842329674106,0.048997893852817415
random_baseline,606,0.7159441531809894,20.59531605323277,0.3120737795858378,0.3158634776421268,0.20795603534592347,0.6605614,11.977976,0.25165686,0.25589105,0.20482118,100812,0.05538277041045103,8.617340207895857,0.0604169194726939,0.05997242277342868,0.003134851068388983
random_baseline,607,0.07802135791778221,25.47535191015402,0.29598202238080384,0.3062322946574369,0.32502463638962814,0.2617722,22.352373,0.28599292,0.28818053,0.19848569,121745,0.18375082764625894,3.122978786985076,0.009989101982091686,0.018051764586178354,0.12653894901455948
random_baseline,601,0.2341037305404466,29.92234400020153,0.7706396353109625,0.7713374350124929,0.10876199842660302,0.1463244,24.497746,0.29790226,0.32059744,0.3295305,30470,0.08777933440702373,5.4245984862855146,0.472737379060581,0.4507399950081441,0.2207685088995231
random_baseline,604,0.1550724587984392,23.051375423779582,0.29243094468748626,0.29998531700209435,0.2259049987960747,0.7971967,15.311357,0.30972338,0.31354976,0.20261912,128538,0.6421242274694136,7.740018879284953,0.017292432540296943,0.013564440001689826,0.023285878317444636
random_baseline,611,0.9611600194565455,10.671410930760274,0.2862325723996989,0.295151008984007,0.2996826431203465,0.75914407,19.163265,0.27024958,0.27579156,0.2775482,127102,0.20201595169226327,8.49185429751121,0.015982997023188283,0.019359453340925314,0.02213444918876689
random_baseline,608,0.7252522933498342,10.054418213371648,0.4045744919875473,0.41213011915380193,0.23351147969087213,0.95601225,11.907859,0.19964951,0.2385509,0.57430327,90430,0.2307599556430857,1.8534406352001298,0.20492497921975555,0.17357921774083807,0.34079178969541934
random_baseline,610,0.9100013026623607,5.909938075949448,0.28112695987101033,0.28515600326902124,0.1653658017389739,0.41429013,21.78199,0.26912236,0.28383508,0.30641672,97861,0.49571117252396346,15.872051975320083,0.012004597734169509,0.0013209200227901619,0.14105091841292736
random_baseline,605,0.7272313642287423,16.97000315539683,0.2291096997394598,0.23701078931638955,0.29543619633548734,0.062754646,27.072792,0.45650977,0.48401707,0.3588983,50502,0.6644767182851007,10.102788897825825,0.2274000692234003,0.24700628479173423,0.06346211551792147
random_baseline,609,0.9479191137797226,4.170706059158157,0.31912701660060033,0.327399369963728,0.3535762811586582,0.0067370525,29.635548,0.30677193,0.30984873,0.17768624,113420,0.9411820613167275,25.464841578781297,0.012355082568160147,0.017550644167982132,0.17589003690931432
random_baseline,613,0.5077799671493328,23.7081620473361,0.3613590341954588,0.37557791578001465,0.38376569087440576,0.428266,26.549637,0.7042726,0.7059732,0.1516048,55245,0.07951397832258111,2.8414747934842133,0.3429135936350466,0.3303952921705774,0.23216088945800867
random_baseline,615,0.43506885513807436,22.641065367615575,0.17276649971693706,0.17916211273391608,0.31564559891207244,0.7796087,8.582299,0.31954214,0.32732004,0.27324918,125492,0.3445398713633905,14.058766135132664,0.1467756400516634,0.14815792653839227,0.04239641978724029
random_baseline,617,0.08845646808025165,29.759909131271712,0.8552642887229356,0.8557309381114344,0.07270254911868756,0.062054276,31.767565,0.57117265,0.5760272,0.17619276,78246,0.02640219161388202,2.007655642287858,0.2840916340941819,0.2797037235843043,0.10349021134884173
random_baseline,618,0.23202073514665356,28.7542827758636,0.40944050366087087,0.4128474373791815,0.23861612119863784,0.05178229,30.338377,0.93121284,0.9315458,0.046954427,2696,0.18023844376410236,1.5840942230377664,0.5217723388035762,0.5186983566309809,0.19166169428418434
random_baseline,612,0.467849426878123,24.597476122008892,0.33011430698200106,0.337133885851185,0.28856155929316235,0.94115186,14.36936,0.23768744,0.24619175,0.34416538,19167,0.47330243049797566,10.228116151916119,0.09242686825557589,0.09094213091401304,0.055603825476277347
random_baseline,616,0.16431781598705966,23.86430840563706,0.1985380737450303,0.2354860621859727,0.520456214172673,0.4757294,25.9048,0.27964148,0.281631,0.149555,70463,0.31141158989291473,2.0404920094020014,0.08110340550873862,0.04614493070343159,0.37090121649010155
random_baseline,620,0.21380135123754535,27.357280535142813,0.5209900183680812,0.5221217117433086,0.12717218502812672,0.8497569,19.334507,0.19922595,0.22343221,0.47987142,11879,0.6359555452582737,8.022773546617422,0.3217640711072246,0.29868949867530015,0.3526992370242567
random_baseline,614,0.7058336089165482,21.475798546890793,0.255660811689331,0.2648975264916113,0.31174657576598236,0.97351927,4.7573614,0.31469178,0.34727067,0.37109524,48338,0.26768565673515465,16.718437134842453,0.05903097030834964,0.0823731410613367,0.059348664350137026
random_baseline,624,0.7234475673820293,20.827342315544147,0.25715098635626177,0.27159808055828055,0.3766464064484297,0.07225859,27.3179,0.3942051,0.42144302,0.39558935,107742,0.6511889757301128,6.490557388435345,0.1370541070275273,0.1498449347787098,0.018942945205623007
random_baseline,621,0.6458208191621668,23.712930520033318,0.20022374202266144,0.20793276373447347,0.3293279530059627,0.56735057,21.497921,0.4731077,0.47618183,0.20162503,84596,0.07847025277499031,2.2150095300430834,0.27288395355686734,0.2682490712016685,0.12770291879289658
random_baseline,619,0.9659026011606417,7.888236758995902,0.2517775859635595,0.2610480528291019,0.3340806820236245,0.3673673,23.782982,0.242593,0.3091599,0.71257186,111402,0.5985353037496768,15.894745113562692,0.009184580663991304,0.048111851889297175,0.3784911773361167
random_baseline,622,0.6082916108929927,19.706096375213487,0.30239065466782805,0.31119685907422406,0.31775771382761897,0.46995777,24.662842,0.3164217,0.3183237,0.16049322,68689,0.13833384197590892,4.9567454216615126,0.014031032935168775,0.007126842545877865,0.1572644889683813
random_baseline,626,0.20743288924224454,22.580368113926884,0.2755863107728942,0.2962290086476901,0.3803240530094844,0.36496246,23.868633,0.27883738,0.28412932,0.27350235,39402,0.15752956936829013,1.288265156336788,0.0032510720205323196,0.01209968707252529,0.10682170315596878
random_baseline,623,0.957537490386803,9.01118020130189,0.22149470352794842,0.2568056274747508,0.5597861037284242,0.30118528,22.472153,0.26837012,0.27313685,0.24924564,46126,0.656352210302193,13.460972508659047,0.04687541818950458,0.016331226697002155,0.31054046011270153
random_baseline,625,0.6573045064102064,24.370448032737777,0.3625048618815143,0.36475722642122316,0.16514202525293467,0.04066832,29.331545,0.56394607,0.56808996,0.18306577,25060,0.6166361864994417,4.961096843360856,0.20144120640538143,0.20333273558439208,0.01792374680364492
random_baseline,628,0.8035490938966825,15.1765204018511,0.27011476440387977,0.2802124642613136,0.28387261435727307,0.21893464,25.505432,0.2872557,0.3031009,0.3264603,75973,0.5846144536083295,10.32891172705515,0.017140939999043814,0.02288844950173269,0.04258768751879505
random_baseline,629,0.34000778035073465,27.503004517621196,0.3345988060055645,0.3394932998295476,0.20259306248789258,0.9739017,11.372887,0.22634445,0.2731191,0.83081764,53509,0.6338939087018471,16.130117859906353,0.10825435469731409,0.06637420784193776,0.6282245773398357
random_baseline,632,0.6303040179798968,25.28105768778849,0.28082925947223675,0.2861280075575479,0.22998430743527465,0.86698025,19.450756,0.41552997,0.41746053,0.16887243,103645,0.2366762366702192,5.830301614790443,0.13470070688213337,0.13133252343877472,0.06111187651467376
random_baseline,630,0.9003883777896269,11.458118807624864,0.23509461408048915,0.23877606457777042,0.2523127393219966,0.6010825,22.482584,0.23166527,0.24494222,0.34047782,39250,0.2993058739940031,11.024465192008925,0.003429345540106765,0.006166153487491416,0.088165084889124
random_baseline,633,0.31437813795645847,28.89512448844699,0.5210304757564836,0.5267265299034956,0.2716520333796716,0.8654767,16.102531,0.26276374,0.28100514,0.43802258,128371,0.5510985895291982,12.79259305534152,0.2582667371242815,0.24572138578423286,0.16637055034339665
random_baseline,634,0.9889633996942153,9.135885547659406,0.2468876432153256,0.2566841216378068,0.41991797073965037,0.9855545,4.388352,0.26869288,0.29079586,0.4193577,2650,0.003408883378755112,4.74753363039256,0.021805237653586135,0.03411174103690634,0.0005602835047718302
random_baseline,637,0.22199748759803872,26.25996507717441,0.22569456435376956,0.23260588737751592,0.30432197526299837,0.96857846,9.450259,0.24510393,0.28640524,0.52477336,101233,0.7465809702342977,16.80970586849521,0.01940936111276792,0.053799348151430004,0.2204513840357077
random_baseline,627,0.5875293849532457,12.931617347486615,0.24313329365565942,0.26897730636558737,0.4062357072143798,0.19365644,23.961311,0.20566729,0.21187723,0.28184748,61296,0.39387294040368515,11.029693992845417,0.03746600654437707,0.05710007953605856,0.12438823025515128
random_baseline,638,0.8601084451946672,15.317539740205206,0.38881232036786617,0.3938459017332739,0.2309036578585634,0.5628802,20.709646,0.21782602,0.22205868,0.30619943,3963,0.297228227165645,5.39210648477038,0.17098629667001308,0.17178721809946956,0.07529577356080916
random_baseline,639,0.8741864226605173,15.544835609611418,0.21768541731664856,0.25355537440833703,0.4151162530244545,0.15930204,22.646526,0.23189345,0.24530265,0.2915048,53892,0.7148843817259546,7.101690727058504,0.014208032705095214,0.008252727056118403,0.12361145270478285
random_baseline,631,0.07767735793897243,25.415108136418304,0.20288445302301839,0.20905450863538227,0.28887033929089667,0.7535858,20.614689,0.19494088,0.20822044,0.40048322,25624,0.675908457490715,4.800419263127289,0.007943573082031752,0.0008340714663072624,0.1116128815247619
random_baseline,641,0.9211164878858564,17.966684684728477,0.5549489402804734,0.558254914853765,0.2515489012873734,0.93264836,16.124361,0.2681512,0.2715137,0.23229906,131891,0.011531872843361102,1.8423236465204695,0.2867977464232804,0.2867412143685355,0.019249841657933087
random_baseline,635,0.41414593725761156,20.666995436108564,0.2077858593305014,0.21739695714934984,0.37373501490555044,0.12343894,17.995314,0.25462866,0.2616309,0.21330401,137164,0.29070699780544024,2.6716817916993847,0.04684279896417634,0.044233935604251234,0.16043100189171072
random_baseline,636,0.8474409960181228,16.582975902170553,0.2349844480194541,0.24646194511312985,0.42715216363965475,0.86187357,10.900923,0.25419953,0.26405042,0.31313014,31437,0.014432571086216761,5.682053126901998,0.01921508663516322,0.01758847898583865,0.11402202333508932
random_baseline,645,0.7734915241495396,19.294541414320026,0.20880710840363678,0.21927537403535666,0.4842639973510398,0.5905001,23.315342,0.7941955,0.8007459,0.26402217,44613,0.182991407801273,4.020800535142865,0.5853883647904855,0.5814705304102915,0.22024182585369484
random_baseline,640,0.9681297978230794,6.584135831346394,0.28543616686117096,0.28989486600442255,0.23276560583106215,0.14187954,30.089148,0.3123196,0.31520227,0.21212779,117653,0.8262502541610082,23.50501173640263,0.02688343968141632,0.02530739997343695,0.020637815976058793
random_baseline,643,0.5375704441240586,25.420691348765963,0.22029848804368674,0.23069953496422163,0.30472525069865936,0.86029714,16.484114,0.29549626,0.30289778,0.339715,53915,0.32272669933526144,8.936577655528659,0.07519776711569132,0.0721982461694301,0.0349897532686258
random_baseline,642,0.6805543386934343,19.015159579286074,0.32409311814613284,0.3282411287964429,0.19004090251586317,0.64984494,21.96659,0.22937779,0.2668561,0.3946374,12908,0.030709394216352992,2.9514313020615823,0.09471532686061801,0.0613850246609296,0.2045965033564818
random_baseline,648,0.2226672856553939,18.548808360836592,0.32066025211286914,0.32342316748709654,0.18703976451764998,0.182499,23.083523,0.21311751,0.21978803,0.26806578,45176,0.040168279264822304,4.5347144357942675,0.10754274203253161,0.10363513769717192,0.08102601588357988
random_baseline,650,0.4991355068592961,23.712572993128543,0.26323093909957435,0.2649801291100138,0.17371755271844294,0.8602925,16.143923,0.19769433,0.2019675,0.26977336,98676,0.3611569874377315,7.56865018734241,0.06553660769202735,0.06301263641039068,0.0960558113486347
random_baseline,644,0.9029583910475106,13.703508442319688,0.1841893755193293,0.20035809946090627,0.4602191143986022,0.17102456,24.165997,0.5994839,0.6005712,0.124235734,73861,0.7319338301191659,10.462488109193984,0.4152945317034185,0.4002131156918342,0.33598338005507344
random_baseline,651,0.5557770243004999,21.403979096991822,0.27274082751247725,0.36709767778168384,0.7856093972029639,0.27085182,25.037786,0.29450196,0.32795072,0.48865393,34672,0.28492520359317874,3.633807386772826,0.021761132765080127,0.03914696176300708,0.2969554691615057
random_baseline,647,0.5674763979777395,19.001216703559177,0.28727227416999535,0.28944918953954724,0.18247747437264605,0.94953763,11.079328,0.23485743,0.24263023,0.24975216,110286,0.3820612368718088,7.921889120246188,0.05241484907634453,0.04681896113931683,0.06727468951437787
random_baseline,652,0.8413334888510989,19.96486238540273,0.542534920637537,0.5524972755651908,0.4050783609348752,0.17427784,25.842402,0.21001062,0.22250748,0.3726597,114589,0.6670556468062686,5.877539119113873,0.33252430266611677,0.32998979875855017,0.03241864790501375
random_baseline,646,0.38040141917143006,23.503747132651647,0.4367714957737563,0.4398255787925353,0.19631840914614213,0.5628404,24.344662,0.3569491,0.36199102,0.24322933,988,0.1824389829548822,0.8409145799948377,0.07982240481611469,0.0778345607356658,0.04691092043988693
random_baseline,649,0.7482890705919449,13.233347809600446,0.2225885929894396,0.2384987400798305,0.46201354139719253,0.79918003,19.814804,0.3575659,0.36507872,0.27241305,24962,0.05089096023080897,6.581456267547992,0.13497731663466014,0.12657997739033858,0.18960049622926956
random_baseline,654,0.9702642339911453,9.34343602399354,0.24681787346480108,0.2583194285840833,0.3825416766631307,0.6587219,22.447256,0.29350454,0.30304283,0.35430518,32067,0.31154231016302025,13.103820064263296,0.04668666268708491,0.04472340045262935,0.028236498736113502
random_baseline,656,0.6313058741451186,18.585412696282976,0.3407800909633613,0.349965422811976,0.27975007648904604,0.8053286,11.973825,0.36332873,0.36690575,0.19399132,911,0.17402273341408547,6.611587241571062,0.022548634136202284,0.016940326032170716,0.08575875814397615
random_baseline,653,0.3268532418870429,21.104370383501955,0.25367730279356504,0.260233641222261,0.23644254732743533,0.7473209,18.637589,0.2889062,0.2992221,0.37170115,58694,0.42046764853959284,2.4667818825253924,0.0352288840255115,0.03898847047970433,0.1352586038051483
random_baseline,657,0.013679327047757173,27.619062506446713,0.330962377429313,0.3383247871924231,0.21070657325836725,0.78544974,19.110508,0.2503496,0.264695,0.40212587,18919,0.7717704162231168,8.508554541358823,0.08061276638538295,0.07362979846485351,0.1914192919626563
random_baseline,655,0.2371229731298088,22.17621899895197,0.29916841329191046,0.31363734532698223,0.3341798461751569,0.92100173,7.612123,0.27558297,0.28205022,0.27791792,1302,0.683878759219587,14.564095986409246,0.023585444103220277,0.031587123168550224,0.056261924632035554
random_baseline,659,0.6245911110470082,20.817123051904964,0.4079269245121445,0.43176837504703575,0.36208381947651613,0.17349294,25.114897,0.7663895,0.7693599,0.16830127,45949,0.45109817276690256,4.297773722387028,0.35846256466174464,0.337591511599235,0.19378255006447542
random_baseline,662,0.3910049672660558,27.975553114455327,0.34743932214748396,0.35050626337487084,0.22640373294355265,0.9727905,8.580047,0.18281254,0.19683442,0.42691994,16536,0.5817855123939784,19.395506460707768,0.16462678042423262,0.1536718481774984,0.2005162041902364
random_baseline,660,0.32161269519660324,23.22773921358742,0.3077774872988747,0.32824221600421644,0.39772941308188414,0.6613964,24.007174,0.53431284,0.5361736,0.1349038,19061,0.33978368904259354,0.7794343246205884,0.2265353569775535,0.20793136607280993,0.2628256096141336
random_baseline,661,0.6614546418121678,16.0500376240064,0.2895182121667607,0.31297687936516344,0.43991843788168583,0.9350634,14.210244,0.29717025,0.30693743,0.35884506,30409,0.27360877991405896,1.8397934452344273,0.007652039441134184,0.006039453036504383,0.08107338277838383
random_baseline,658,0.32190496986845357,24.582681138990655,0.21292188280564872,0.2369052296225104,0.5083126152801827,0.61314756,20.604382,0.54873514,0.55470836,0.27629018,90950,0.2912425869133152,3.9782995777113577,0.33581325894850167,0.317803132003161,0.23202243698123248
random_baseline,663,0.6903443858747066,8.935910598984435,0.2444306702853615,0.26060198209669044,0.3744979637957633,0.57834965,23.053211,0.25177988,0.26047269,0.3380977,29288,0.11199473596854814,14.117300613173768,0.007349213814598826,0.00012929699804237194,0.03640027225981357
random_baseline,666,0.5912513379295798,20.88002012220509,0.7364299920735119,0.739637507255599,0.1708592122422085,0.42430085,25.802114,0.40080956,0.40602532,0.30922204,10763,0.16695048849186622,4.922094364489247,0.33562043582770806,0.3336121869640798,0.13836283031836888
random_baseline,668,0.5109180094083071,22.737714340575263,0.19105471506816865,0.20788244918676024,0.4919249061303917,0.28896764,27.589819,0.43257973,0.4363762,0.22045971,123941,0.22195037020046715,4.852104613892511,0.24152501091259002,0.22849376484064454,0.2714651915984932
random_baseline,665,0.7346725962615024,23.095942039623388,0.33614479981786827,0.33989989046871066,0.23603520776666323,0.14738007,28.482708,0.91278386,0.9132182,0.07558972,69016,0.5872925273633014,5.386765937671534,0.57663906134241,0.5733183097380459,0.16044549133218447
random_baseline,669,0.9565979153948043,11.335972924340766,0.19673406929140036,0.22359987221029162,0.6081068663181755,0.40734175,23.834337,0.39806083,0.44932052,0.5413495,123298,0.5492561669187759,12.498364310156305,0.20132675915594156,0.22572065272066236,0.06675739570278849
random_baseline,667,0.9873171198646018,6.380291527087223,0.2204628843826887,0.2348935354538265,0.41522832793655196,0.22231221,24.781895,0.58880574,0.5920002,0.19048919,40434,0.7650049078742454,18.401603156750667,0.3683428507285479,0.35710665098950234,0.22473914009990492
random_baseline,664,0.903730234776632,12.050758692524376,0.25843243445294173,0.26603471958791497,0.3167404726154553,0.93306065,9.761845,0.30969554,0.31368032,0.23431548,57615,0.02933041128049696,2.28891405751461,0.05126310740573137,0.0476456013902497,0.08242498785326352
random_baseline,672,0.5623877330526241,18.58533537740047,0.23312885711965434,0.24063936912369424,0.2319319915764842,0.7761057,20.365795,0.19952007,0.21180972,0.37084657,66456,0.21371796887074623,1.780459758097578,0.03360879073915354,0.028829644554373562,0.13891457796163226
random_baseline,671,0.03646282842057845,31.374817156761537,0.9136773169453287,0.9139479002383786,0.05237295837765817,0.6053704,21.312756,0.5044568,0.5186435,0.33066615,58728,0.5689075739155421,10.06206157204474,0.40922049884153844,0.39530440181766324,0.27829319624537346
random_baseline,670,0.949490918913961,14.75997411306345,0.26216089800688375,0.2916379663356167,0.4431510078746849,0.8074876,17.271378,0.27987647,0.28294185,0.25962916,30053,0.14200331191170268,2.5114034504131126,0.01771557255891215,0.008696118295989652,0.18352184770889818
random_baseline,673,0.8918542801138019,19.839122545729236,0.45216001269321643,0.4545320859251258,0.2241770789556909,0.9705888,10.343152,0.29648733,0.3202598,0.45691204,41579,0.07873452317751894,9.495970499525622,0.15567268130283557,0.13427227643110723,0.23273496175475833
random_baseline,678,0.9296874874593439,13.13598500374318,0.3810559305153768,0.394490536499647,0.40572578434453016,0.79923725,18.130651,0.35333124,0.3601387,0.24270606,15236,0.13045023617760565,4.994666470255844,0.027724692483989455,0.03435182218613991,0.16301972393498426
random_baseline,676,0.033327772879070114,25.668925033112576,0.2918757968518027,0.3982085076848222,0.8571058301299622,0.06893155,28.784948,0.2980198,0.29936898,0.17686048,48932,0.03560377690845125,3.116023315886448,0.006143999758075835,0.0988395301381303,0.6802453486293366
random_baseline,674,0.9460403049506851,11.207823360156091,0.26187916288342683,0.2678534434567548,0.2908181453138025,0.9485041,14.108398,0.2231568,0.2464392,0.49283993,64745,0.002463785358457926,2.900575077343909,0.038722367977764294,0.021414239836797855,0.20202178712790891
random_baseline,677,0.13595157906263303,28.626510465004074,0.7548887920171093,0.7561202549356085,0.11921958767476974,0.99077934,8.270407,0.19196244,0.20209584,0.36545885,49647,0.8548277612045484,20.356103741981613,0.562926356175549,0.5540244185346228,0.24623925841745437
random_baseline,681,0.8628304808198072,14.534362056756308,0.4870462653273339,0.4943044946093239,0.2746823887915107,0.36801112,23.78781,0.26816574,0.2833294,0.43842283,137202,0.49481936383830083,9.253447315191934,0.21888052793681573,0.21097509716936724,0.1637404401212243
random_baseline,679,0.6494259087097177,22.86655436638332,0.20818283808166987,0.2128182920278445,0.21790027909366702,0.93396425,10.034842,0.2970408,0.30247214,0.30064937,65673,0.2845383437622061,12.831712828907733,0.08885795223777287,0.08965385233746617,0.08274909562976743
random_baseline,680,0.41905345280834144,25.72123483322607,0.28282177462324487,0.28620905223549087,0.21159723101327912,0.9609867,12.847464,0.48307595,0.4869006,0.22947106,57688,0.5419332210235983,12.873771225437984,0.20025417194619788,0.20069154557525437,0.017873826640148
random_baseline,685,0.6083873730729611,23.46390455783397,0.23573974400993875,0.24179955195702454,0.2870174285899713,0.8116477,13.875265,0.26519343,0.2828263,0.36613455,126889,0.2032603401113956,9.58863943637401,0.02945368855956504,0.041026752478705436,0.07911712555774902
random_baseline,682,0.4160882523753181,16.005678838382423,0.2294307853856371,0.23609291152224102,0.29539876395379167,0.71494704,17.858223,0.23654655,0.25577214,0.37258565,61185,0.29885879247407765,1.8525441230433586,0.007115760835142315,0.0196792320801302,0.07718689030493636
random_baseline,687,0.929477679415815,13.289848404462958,0.24902379678668596,0.26077105922260146,0.38663384451142296,0.3960004,25.777498,0.29386696,0.3013947,0.30281806,100606,0.5334772941313912,12.4876498407763,0.04484316540775679,0.040623641781426856,0.08381578459015832
random_baseline,675,0.8665251211710376,17.9394933563973,0.2077371204925306,0.2617847317566656,0.6523127733029591,0.19525152,30.35674,0.55621165,0.55973035,0.25542262,137958,0.6712735967226429,12.417247595140786,0.34847452987902094,0.2979456192145563,0.3968901513375508
random_baseline,684,0.3369004370884142,25.164805995258007,0.25466214342305393,0.25954786992635026,0.21939370378782247,0.57920337,23.377485,0.37148663,0.38123122,0.38092202,129982,0.24230293014486215,1.7873207199894523,0.11682449059298305,0.12168334865008101,0.16152831569383647
random_baseline,683,0.946552389362916,15.550755180510457,0.25789996405029064,0.284041066058977,0.3897197841141973,0.9915586,7.006035,0.1929311,0.22572498,0.639522,43300,0.045006222030058884,8.544720329436238,0.06496886332416302,0.058316085823877206,0.24980223193423412
random_baseline,688,0.3947173571817304,22.66623566086682,0.19617896301812976,0.20820818049953058,0.38900521819132006,0.4796985,24.73689,0.55573946,0.567465,0.28139156,69929,0.08498115179615962,2.0706551319798585,0.3595604993575111,0.35925682680561466,0.1076136571599785
random_baseline,693,0.8196459939342685,12.037929176431348,0.24721961668336043,0.25065183072141123,0.22881299366156696,0.9151379,12.926447,0.1997188,0.2055792,0.2844627,14305,0.09549189306676908,0.8885177382415037,0.04750081351601729,0.04507262437394571,0.055649696691826595
random_baseline,691,0.37395073965338493,24.283199723293592,0.2603045153424301,0.2666098468421536,0.27459048147494053,0.76095283,18.804876,0.20807086,0.21804179,0.33175653,125720,0.3870020906612513,5.4783233957789434,0.05223365602941893,0.048568054330213606,0.057166050717289696
random_baseline,692,0.9118937793154733,16.21410021463047,0.3073481227147703,0.3171861301666224,0.41037365580394153,0.64581686,15.556148,0.25686237,0.26566476,0.26571038,114621,0.26607691673231293,0.657952639252052,0.050485750554812414,0.05152137386855721,0.14466327215030078
random_baseline,686,0.9847626954647,6.707333605101674,0.2084910068018048,0.22940252538961542,0.4684520286677385,0.09511676,22.461796,0.40238678,0.40461972,0.12943128,12773,0.8896459386082585,15.754462201783092,0.19389577775172304,0.17521719816881048,0.33902075115423447
random_baseline,696,0.20060272746891825,24.87746123560719,0.30855258171728345,0.32205844671835665,0.27507077610935493,0.27616337,23.65038,0.19031784,0.21620676,0.5380394,60535,0.0755606419482723,1.227082054698986,0.11823474233320447,0.1058516875039554,0.2629686101630755
random_baseline,695,0.3120185526238045,23.290772139242932,0.2954089450815218,0.31420397294980346,0.39027098841102803,0.91282207,16.717255,0.24728583,0.2502825,0.21766427,37242,0.6008035151137748,6.573517500571057,0.048123117087175205,0.06392147673589049,0.17260671681793416
random_baseline,689,0.4779808338340455,26.832964114702843,0.657771392240328,0.6594619313714101,0.14696271057231108,0.80910057,18.508072,0.20964913,0.21808238,0.38087255,137309,0.33111973446047965,8.32489221528878,0.44812226153830925,0.441379548096378,0.23390983705418428
random_baseline,698,0.3741808136132009,26.763499783602136,0.5224920640525277,0.5230339973316617,0.08390057861583172,0.96355516,12.096337,0.23516595,0.24711229,0.37640205,98426,0.5893743435714,14.667162465181725,0.28732611041635825,0.2759217082605786,0.2925014716408974
random_baseline,700,0.032187619954827926,29.703960431603978,0.48619969239433936,0.48726946575250857,0.11427826549997347,0.4680798,24.749275,0.40795985,0.41045117,0.20566677,58449,0.43589218541931757,4.954685224084447,0.07823984375199011,0.07681829197015994,0.0913885000706671
random_baseline,694,0.8262879826894424,19.428451688484753,0.22126373070354097,0.24722006959049997,0.5356974134499494,0.37801126,26.988708,0.23655222,0.2396197,0.19094047,125196,0.44827672623306725,7.560256807608997,0.015288492859653308,0.007600367489746185,0.34475694394654666
random_baseline,690,0.3319296895977421,25.30656429154606,0.3217478532774317,0.46556229101685825,0.8377774570862402,0.496637,24.24041,0.5056748,0.5106752,0.24811354,21863,0.1647072971347408,1.0661544404718413,0.1839269261376989,0.04511290086241421,0.5896639142910589
random_baseline,701,0.32807517025729077,18.28134589480791,0.32535674648092894,0.41752048998288227,0.599073995757389,0.71889484,22.051268,0.48240465,0.4856448,0.20729472,118897,0.39081966902951343,3.7699217290934577,0.15704790277673097,0.06812429756709026,0.39177927832632053
random_baseline,699,0.9881214548457128,10.20597183271147,0.4568560464165853,0.4664754595889311,0.44800957889644427,0.98085135,5.747394,0.19508187,0.20745306,0.31964758,56792,0.007270102630899555,4.4585777477810495,0.26177417168838246,0.25902240241901686,0.12836199851123614
random_baseline,703,0.2374995316054874,25.13435011868886,0.26692768466758016,0.2725030235814822,0.23184308238587875,0.90570945,9.296479,0.43487218,0.44293344,0.27423662,124366,0.6682099138710446,15.83787089353017,0.1679444955558848,0.17043041662695285,0.04239353708662491
random_baseline,706,0.7670181070459946,20.60391294053563,0.1999900648078282,0.21116915800156755,0.37096475324638234,0.9215299,5.713529,0.2643134,0.2739288,0.2955867,69482,0.1545117820607559,14.890383830580795,0.06432333498388934,0.06275963328299361,0.07537804803855763
random_baseline,697,0.9791354439885273,12.26544921601915,0.2160949511264631,0.24150466646618365,0.6141375894727015,0.59593415,15.550814,0.28072625,0.28918037,0.28936926,85628,0.38320129138537784,3.2853644589076083,0.06463130285989555,0.04767570171885968,0.3247683341683649
random_baseline,705,0.9684618329141488,3.7634912301754753,0.29843999363542995,0.3126395310057966,0.31631721974902216,0.8495493,16.616158,0.27957463,0.28391567,0.25588733,19482,0.11891253939608237,12.852666301562806,0.018865360990776625,0.028723862279829204,0.0604298901706225
random_baseline,704,0.9765010766346449,8.29332289986413,0.19149720449923338,0.2019823281555544,0.36302492629726646,0.18210131,29.992968,0.56518316,0.56629306,0.14215466,104545,0.7943997673351759,21.69964470572669,0.37368595818997563,0.36431073262401714,0.22087026249607322
random_baseline,702,0.07330428489896625,21.301246058513733,0.23772765409200658,0.24239516463224065,0.22766239187473405,0.22795749,25.877628,0.5139555,0.5145583,0.09249924,24381,0.154653202207357,4.576382267902282,0.27622781980783473,0.27216315064485896,0.13516315064186205
random_baseline,708,0.7302084004009562,18.507610596641413,0.20361692738197462,0.21669303510657423,0.4066579207366779,0.8622685,8.519239,0.28420258,0.2892603,0.20997639,13163,0.1320601070796651,9.988371170982234,0.08058564830161913,0.0725672629071129,0.19668153073251987
random_baseline,707,0.1081077416887907,21.86637844526907,0.35994819783235366,0.3637126768320026,0.20325827903309807,0.27573404,23.011116,0.6560122,0.6591758,0.16336855,109697,0.16762629547208271,1.1447375825629607,0.29606397963499254,0.295463136366087,0.03988972610989555
random_baseline,712,0.46297383234314987,23.38851039444759,0.7125122086453621,0.7155884088497926,0.14448823342485106,0.25663862,24.073792,0.48857486,0.4938723,0.27663612,3488,0.2063352160196788,0.6852811094586606,0.22393734616519856,0.221716094158249,0.1321478902323755
random_baseline,711,0.21808577317198477,23.558542771424523,0.23187001587062675,0.23875312739498805,0.28149526315078505,0.03093618,27.015682,0.4052048,0.41503423,0.28771064,71436,0.18714959348937235,3.457139449034461,0.1733347868809144,0.17628110712878514,0.006215373703386706
random_baseline,710,0.4475822418440081,21.181304083980525,0.30295044799959603,0.3140082592318087,0.32771895260480255,0.9755264,6.7030206,0.20579168,0.21268742,0.30410117,55855,0.5279441506158613,14.478283511318171,0.09715876599466744,0.1013208413670092,0.023617783495458067
random_baseline,715,0.2950528311380215,22.037840238729796,0.2025426547434593,0.21505086108276847,0.3223164687987112,0.0660849,29.342728,0.31974488,0.3270311,0.28220826,76062,0.22896793212974742,7.3048874224030165,0.11720223022434464,0.11198024467399117,0.04010820492465722
random_baseline,709,0.860957583216488,17.005658345034377,0.2084880471983109,0.21217987232802993,0.2241374842551191,0.19886526,25.066118,0.19675383,0.21666636,0.5491437,21756,0.6620923185623284,8.060459895322069,0.011734217480674797,0.00448648340107316,0.3250061877343218
random_baseline,714,0.9815459089717489,2.636825969406516,0.4753563688236331,0.5190869218110945,0.4336722508671546,0.44112176,20.933249,0.28293812,0.28689262,0.24546087,97067,0.5404241519412618,18.296422550490945,0.19241824607430447,0.2321942991018202,0.1882113829853797
random_baseline,717,0.6124827130525854,26.67462300574542,0.48680992333629397,0.4885984861992638,0.1728695033853069,0.9460164,5.712701,0.26232114,0.27754635,0.35810623,64676,0.3335336581975672,20.961922161934385,0.22448877899387149,0.21105214001167227,0.18523672234368174
random_baseline,713,0.8755465814503388,12.561778111732863,0.2357209218598451,0.26259844800282883,0.5178141877637894,0.37551528,23.664787,0.48969874,0.49680102,0.2632934,88527,0.5000312992962556,11.103009180747605,0.25397781599988084,0.23420257071207595,0.25452080225811313
random_baseline,719,0.42588757538066857,15.921724671289567,0.25389795013643274,0.273763923927314,0.4262495795252735,0.21347836,30.154163,0.6193803,0.6209859,0.15370548,67282,0.21240921878086083,14.232438689306136,0.3654823451402091,0.3472220012702873,0.2725441018107349
random_baseline,721,0.09803823008726219,28.096604983045196,0.21552234094071845,0.22189512120809016,0.2586233956716127,0.22988173,26.720173,0.22409628,0.23886372,0.36112475,128213,0.13184350356866736,1.3764321009651184,0.00857394237589379,0.016968600281816154,0.10250135828041368
random_baseline,720,0.32494869055635944,25.145664004760516,0.25197008473514904,0.2609337022520191,0.3550062057472416,0.7837793,17.974567,0.39782348,0.39956695,0.16181608,139772,0.45883063254468426,7.171096591430437,0.14585339801669728,0.13863324616182976,0.19319013030302012
random_baseline,723,0.975282755750765,3.824835186963341,0.34642597381538537,0.3618517652756233,0.367282167696024,0.8791462,5.8812275,0.27350503,0.28128216,0.30898508,27442,0.09613653745089923,2.056392306322792,0.07292094175285485,0.08056960856976697,0.05829708340075118
random_baseline,718,0.5112656490270893,19.475027618882788,0.23274801237388432,0.23871482989900594,0.27219750982586377,0.122711554,27.602333,0.29656005,0.303002,0.22309849,129728,0.3885540948574344,8.127305449964869,0.06381203668312252,0.06428716995603556,0.04909902316395276
random_baseline,722,0.3273653811558268,23.779855206458873,0.28496989214630986,0.28926599213473553,0.24807901386232484,0.33215523,23.907267,0.23452787,0.23566322,0.14522482,97773,0.004789846505306006,0.12741141036241643,0.05044202113362217,0.053602771848366204,0.1028541893145572
random_baseline,725,0.8684940133550986,18.13969664545639,0.3826052264587286,0.3910901313751127,0.24834689676976196,0.36439523,23.138187,0.27518603,0.2855157,0.27424112,130877,0.5040987823465689,4.998490762990876,0.1074191944019201,0.10557443556479473,0.025894222853422244
random_baseline,724,0.18474039704911518,28.820011890490843,0.7062057110086616,0.7086167029588424,0.1675528656413828,0.9512979,7.557986,0.2735986,0.32613438,0.65719795,91024,0.76655748216994,21.262026107867552,0.4326070996538337,0.3824823192804061,0.489645086629125
random_baseline,726,0.8928616831762543,9.586366378212979,0.25309026747703134,0.25613960994250906,0.2005197033915582,0.5353737,25.961458,0.42238605,0.42528588,0.19260523,136110,0.3574879954321136,16.37509182796378,0.16929578274727286,0.16914626585476267,0.007914476159578826
random_baseline,716,0.2519452326895543,23.000699238207872,0.22215858262721347,0.23047056563928175,0.3001580347794894,0.6305837,24.962725,0.40436742,0.4105566,0.22126126,45199,0.3786384708283595,1.9620254474610732,0.1822088344698782,0.18008604875967454,0.07889677188581262
random_baseline,728,0.8110655672753367,18.392664178458535,0.2668907931338008,0.27312040305836993,0.31432297103678064,0.3461275,25.014786,0.4804868,0.48979822,0.28969485,122922,0.46493805720453596,6.6221215881430275,0.21359601707356612,0.21667781495348615,0.02462812536035852
random_baseline,731,0.01452374549835011,32.5951780499299,0.8107793833124718,0.8112952951187063,0.07570396283570886,0.92533064,17.275572,0.51255894,0.5192822,0.263426,96930,0.9108068933871479,15.319606226809782,0.2982204462397179,0.29201307332457793,0.18772204300459266
random_baseline,727,0.05485893720163782,27.08806683724196,0.21942304692608333,0.2271131045547286,0.27485220500499036,0.329764,27.615551,0.3461752,0.37103602,0.3405027,112895,0.2749050713203959,0.5274841576310862,0.12675214686053776,0.14392291834680643,0.06565050414532397
random_baseline,730,0.5674641473262528,22.304027541007734,0.5172601952074672,0.5202631967494634,0.1751392964430452,0.96207917,10.52854,0.19534951,0.24053334,0.7246744,113637,0.394615020039775,11.77548788341496,0.3219106807230617,0.27972985975243125,0.5495351072244048
random_baseline,729,0.6175052845264853,20.919965770046954,0.2947663109228976,0.3162575738005502,0.3244467600748279,0.15579304,25.512444,0.21662425,0.21849175,0.20467652,107929,0.4617122435356559,4.592477772433515,0.07814206587532835,0.09776582582520077,0.11977023627016331
random_baseline,734,0.5752591969688158,22.149135146725524,0.23720709280143237,0.250333213977945,0.3730478141044034,0.8584845,17.545712,0.25552782,0.30308685,0.5390641,31551,0.2832253096382399,4.603423629391539,0.018320731362004516,0.05275363308893427,0.16601629522100553
random_baseline,737,0.27984815547514136,25.21111850471298,0.20997661862587313,0.21347165427259326,0.21333270566824786,0.9492476,13.88194,0.19837923,0.2452453,0.6697798,62692,0.66939944317293,11.329178616712493,0.011597385146373318,0.031773638510190244,0.4564470718586076
random_baseline,732,0.24109114603914292,26.064492881881176,0.20445727283867657,0.209185510358666,0.2575027048442102,0.63458794,20.49717,0.23320682,0.2853689,0.5536647,93972,0.3934967975147816,5.567323387252269,0.028749550629531745,0.0761833792115702,0.2961619794514441
random_baseline,733,0.08352322037293802,31.078114883358367,0.6545349693529376,0.6916704156489054,0.39979374876346285,0.28102356,26.616869,0.47735384,0.48087215,0.21912508,56965,0.19750034158156027,4.461245910580047,0.17718112828657717,0.21079826141306557,0.1806686716350525
random_baseline,739,0.517960313227847,18.85019010314753,0.29380692947930614,0.3039035196901058,0.2870788137159446,0.66399384,18.517868,0.27633017,0.28149956,0.23333858,38025,0.14603352222137178,0.3323220611553417,0.017476756463711662,0.022403955042431256,0.05374023418046031
random_baseline,736,0.295765646901575,27.231416842034854,0.2987568147935284,0.32177602214975454,0.3768721523472355,0.6789212,20.249977,0.44709453,0.449261,0.16402584,89703,0.3831555757851926,6.981439730218447,0.14833771507364385,0.12748498754339121,0.21284630920377234
random_baseline,741,0.5195154815433319,17.26751747997851,0.2197082588995209,0.22796842130383438,0.2761168530673989,0.11566569,25.263535,0.27474204,0.28992954,0.41867027,117063,0.403849792432576,7.996017065919929,0.055033778158355695,0.06196111766139084,0.14255341379928504
random_baseline,742,0.8192779875564956,15.005785594197448,0.2774495387554329,0.2844008880198396,0.3088356281168953,0.28424543,28.624516,0.5841926,0.5871004,0.1786869,9469,0.5350325561333084,13.618729939249818,0.30674303526876756,0.3026994985997283,0.13014872618990098
random_baseline,738,0.31495774209362254,23.606772278319806,0.22236699929676101,0.25720818979162663,0.6152364400533712,0.042134393,28.519365,0.41700473,0.4188601,0.16348727,133095,0.27282334908705935,4.91259303234914,0.1946377349809642,0.16165191786866695,0.4517491695789373
random_baseline,744,0.07042195263885959,28.4069322326816,0.24547154115078776,0.2473669310059324,0.1615013311508703,0.9867491,6.256563,0.25242615,0.26772958,0.48691654,54054,0.9163271599671889,22.150369046036094,0.006954606310149741,0.020362649396441862,0.32541521090235237
random_baseline,735,0.9865785785463819,4.316956096651495,0.24991872382587105,0.30067718342387795,0.587072048284055,0.94056726,12.368313,0.20894487,0.2385528,0.64497226,41957,0.046011323526240266,8.051356739041864,0.04097385180419594,0.06212438956344246,0.0579002164826381
random_baseline,740,0.7447525186969979,22.029210033348924,0.39467411706526523,0.39834082043890884,0.23694101917264093,0.31443456,27.897131,0.35374594,0.3999178,0.47618893,120024,0.4303179605438454,5.867920932837599,0.04092817971785312,0.0015769907164103758,0.2392479087162293
random_baseline,747,0.4255581015229528,25.754578860414583,0.3806918290103614,0.3831461725082109,0.2130833580320525,0.32402557,25.24644,0.4600338,0.47161618,0.27236578,83664,0.10153253017666986,0.5081379729634108,0.0793419751678765,0.0884700062427809,0.05928242065256359
random_baseline,746,0.9716755694796423,11.755208350432454,0.18828333674624548,0.2372431739957934,0.775156407640349,0.63223654,14.575602,0.26232326,0.2658193,0.23566844,38872,0.3394390291621069,2.820393227326335,0.07403992356106653,0.02857613714617438,0.5394879719475618
random_baseline,749,0.05936545820565489,25.813979594830577,0.19117857897033635,0.19901112562521775,0.319160015898554,0.62068605,22.319551,0.35467276,0.35942963,0.2729082,12280,0.5613205960240815,3.4944281269350697,0.1634941808010107,0.1604185020317189,0.04625180514415944
random_baseline,743,0.3644378606885161,22.184824918170783,0.3161730946593424,0.32058131831680264,0.20895147372680795,0.624487,23.049679,0.26250497,0.27551338,0.3556491,69116,0.26004912213390213,0.8648538843194515,0.05366812959243261,0.04506793755088773,0.1466976399282824
random_baseline,750,0.6734853770825667,22.59041414413724,0.21732948880411349,0.22124565784407554,0.25578402390073696,0.51407087,18.037323,0.3022026,0.30379167,0.16269009,108089,0.15941450859044026,4.553091146090367,0.08487312335752287,0.08254601414727272,0.09309393574785152
random_baseline,745,0.7431887908463113,23.9188967165147,0.2675400523268934,0.27238582547398904,0.2711465611998547,0.96383125,3.6828706,0.2757874,0.282905,0.2231898,110875,0.22064245505288915,20.236026090065113,0.008247360793376401,0.010519186895166843,0.04795676022214779
random_baseline,752,0.9067012255468818,14.220900211588756,0.22612057010962816,0.22936228603190062,0.21165399405807317,0.9386853,12.858724,0.2613711,0.26773545,0.259314,83737,0.0319840724191216,1.3621765711468612,0.035250535799719374,0.038373165427984024,0.047660006548463696
random_baseline,748,0.3612660220696261,25.978665923636783,0.26228615726060145,0.2657802497821942,0.21156268788644428,0.92891383,11.326196,0.40738854,0.41093522,0.18929538,51150,0.5676478096411893,14.652470206778872,0.14510238086157567,0.14515497332037536,0.02226730657884235
random_baseline,756,0.5615046881251298,20.410902223307687,0.3952926307506907,0.40261884651439084,0.3087696414911863,0.9179486,15.312695,0.26894796,0.27347046,0.24368086,83809,0.35644391550493615,5.09820767374714,0.12634467180446268,0.12914838514583005,0.06508877691866127
random_baseline,754,0.644138636179053,23.458428277673427,0.21940360614812393,0.22607217487293524,0.2301411064984304,0.2297464,26.58047,0.27985048,0.28195795,0.1630385,1796,0.41439223486908594,3.1220408537962996,0.0604468767925499,0.05588577929538446,0.06710259939451041
random_baseline,751,0.9722408985840176,7.15070881968051,0.2579318097723119,0.2682297689473209,0.3686230732079351,0.8272738,17.09672,0.19333977,0.20690589,0.32910386,8144,0.14496711251605499,9.946010922140779,0.064592044700443,0.061323882416444764,0.03951921592911123
random_baseline,753,0.8719782859862297,16.81782992463392,0.4087075212517066,0.4116208195557125,0.1792512268643014,0.7206576,18.339954,0.2757548,0.28168714,0.2787962,2565,0.15132069893483813,1.5221244515867838,0.13295271187212898,0.1299336790909298,0.09954496911958532
random_baseline,757,0.966006357322783,7.095911109997083,0.25120255614611714,0.27775042945653106,0.49621578912882297,0.7188212,23.282179,0.26146644,0.27154002,0.28852347,36966,0.24718512977227636,16.186267768787097,0.010263887392548632,0.006210413520633229,0.20769232373384922
random_baseline,759,0.9292750172636767,14.037804590494154,0.23959829535848662,0.24604744068051781,0.30856944898461114,0.34047797,23.237242,0.21820621,0.22101076,0.20919298,71935,0.5887970440409441,9.199437154500963,0.0213920834339337,0.02503668120767083,0.09937647262905847
random_baseline,758,0.693893664588653,20.665853319651703,0.4038268888470801,0.5278335785422323,0.6511652657338785,0.561989,23.860765,0.31856877,0.3219168,0.23131114,85630,0.1319046552083124,3.1949121375016176,0.08525812272998418,0.2059167897257803,0.41985412328926786
random_baseline,755,0.949494767183841,7.206164233697528,0.26054470951835734,0.27357773481180553,0.38666235017092204,0.7052057,20.965828,0.3057663,0.30781746,0.15573308,54159,0.24428908824402162,13.759663708197003,0.04522160474975484,0.034239724294639784,0.23092927145273662
random_baseline,761,0.35684435998829483,21.651292107171308,0.2195723995267331,0.2309943352095781,0.3226826900009627,0.18791723,28.928452,0.46270692,0.46781167,0.23167673,73724,0.1689271274748671,7.2771594309146295,0.24313452395806914,0.2368173386700453,0.09100596246762227
random_baseline,763,0.9182491184852458,13.918804659105874,0.2992431075160175,0.3052280236489334,0.2992597045648577,0.8288601,6.4539657,0.2535195,0.2769209,0.4444916,46898,0.08938901440123093,7.4648389951959615,0.04572360225364264,0.028307108998970043,0.14523189046497326
random_baseline,765,0.5856963980973573,22.9267073762387,0.2857961062258156,0.2912503066814879,0.2030809573556034,0.11710492,23.78434,0.2717382,0.29609716,0.3858561,112596,0.4685914803326936,0.857632528546457,0.014057904846039582,0.004846852704193272,0.18277513462056239
random_baseline,760,0.6775520215487919,19.340253734233418,0.22168748755537548,0.2332709201011894,0.3144591055105342,0.9386763,8.173751,0.25781628,0.31843534,0.66513956,36591,0.26112427611585043,11.166502856853047,0.03612879733956775,0.08516442101857682,0.3506804504205571
random_baseline,764,0.6176012662407351,21.24766504953681,0.2709360364383175,0.27274258587612094,0.16619382645462483,0.030538395,27.569656,0.24240702,0.281182,0.43246186,22971,0.5870628711935473,6.321991322533503,0.02852901253160972,0.008439405224190344,0.2662680313410905
random_baseline,762,0.049711045980685174,30.9722593891022,0.9462746784242596,0.94693887873276,0.0830371622301556,0.9812449,5.1715565,0.23413822,0.24592929,0.36784026,32123,0.9315338757035799,25.80070291632388,0.7121364578756298,0.7010095928488564,0.2848030980371021
random_baseline,769,0.9826087660401578,5.431293814718273,0.21829671405927997,0.24905456037976326,0.5231786123007913,0.88633156,6.357116,0.24697702,0.26263988,0.41662005,39591,0.09627720781261873,0.9258224076633184,0.028680302270485347,0.01358531980059563,0.10655856640044647
random_baseline,767,0.2788954717798139,27.195585334519723,0.24670359208827308,0.2528905716093238,0.2468151556650756,0.058273792,25.544632,0.2265509,0.22845492,0.15778206,129342,0.22062167951296818,1.6509533765119109,0.020152685191681896,0.024435653940027557,0.08903309277693014
random_baseline,766,0.9650353610089258,10.979157489491001,0.1986570898977188,0.2169743653483772,0.46902162962058624,0.6824019,21.66604,0.4960711,0.5092071,0.32594162,102892,0.28263346548585455,10.686882931041225,0.29741401033726655,0.29223276413007737,0.14308000736335358
random_baseline,773,0.660909723486696,23.678302657203147,0.21031500238121054,0.2523940222021325,0.4776435685443902,0.52076787,24.395554,0.34825858,0.3773273,0.46659917,119873,0.14014185592154094,0.7172509316640401,0.13794358235656717,0.12493327095544504,0.011044402151110189
random_baseline,772,0.2895347199367413,27.269461008258986,0.3629782133453786,0.3643247444646011,0.15965146301958136,0.78991586,21.76208,0.41703415,0.42052573,0.2053714,103496,0.500381139762508,5.5073817693673845,0.054055935824543266,0.05620098519161837,0.04571993173387476
random_baseline,770,0.33126013893173145,25.44567569254649,0.4020517425089406,0.4230148711537997,0.319536755258606,0.6133823,21.855005,0.34501153,0.3616968,0.31182456,117298,0.28212214094116284,3.5906704282642643,0.05704021020226946,0.06131806162354153,0.007712195093200702
random_baseline,774,0.8887087344008794,12.508675533491385,0.2066723846077088,0.22538975075150203,0.40799267500407105,0.20612553,24.561184,0.34922385,0.3544411,0.27720395,34710,0.6825832067805638,12.052508395951975,0.142551467549884,0.12905135556792546,0.13078872769839173
random_baseline,768,0.7445806873916534,16.9578253825333,0.27288955336758197,0.28366858341281814,0.34683333537341793,0.60164493,18.015358,0.29304653,0.29804865,0.22421816,97793,0.14293575416792903,1.0575325886581055,0.020156980693849913,0.014380061845131686,0.1226151754594012
random_baseline,771,0.5214500543902172,28.524112408628817,0.32145670242006097,0.3247541158634591,0.23996590014821279,0.3678344,26.228338,0.20010921,0.20996815,0.38456494,117812,0.15361566518046987,2.2957741670516683,0.12134748882943902,0.11478596620144127,0.14459903601282847
random_baseline,780,0.6522818596755676,19.94563475244866,0.2043793644388157,0.2077391355573211,0.23830289279449746,0.6398945,22.05278,0.8401244,0.84324545,0.13910647,9519,0.012387374201934809,2.107145398918526,0.6357450638334317,0.6355063111246553,0.09919642542827889
random_baseline,781,0.8968926076453785,16.99789281749969,0.3144624043251235,0.3180339220864266,0.2551339482047586,0.8524211,20.508192,0.51523894,0.5205988,0.23249274,117984,0.04447150273738898,3.51029924487824,0.20077653639066628,0.2025649067061454,0.02264120328212066
random_baseline,775,0.33653188363152775,24.678697084763478,0.6736203782620359,0.6748504734320067,0.12319475764430673,0.7558086,21.024445,0.19105119,0.20548974,0.40307555,87102,0.4192767082111236,3.6542525046853527,0.4825691931309629,0.469360733656349,0.2798807883819231
random_baseline,776,0.9467141927358196,2.604308918952249,0.32178886160986025,0.32895956549206573,0.22803082509908465,0.9797903,9.041464,0.25412706,0.27075157,0.44774666,39745,0.03307607759270215,6.437154932976462,0.06766180620328982,0.05820799979725677,0.21971583918657514
random_baseline,777,0.3069880268774991,28.106570050212383,0.2175060976876788,0.22438857042820673,0.2445458905609517,0.6189152,21.972467,0.44038516,0.45807207,0.39580497,112312,0.3119271733559604,6.134102627727032,0.22287906514267397,0.23368349587886114,0.15125908089557602
random_baseline,779,0.3389732122656556,24.58724291397674,0.22746027462493842,0.23065323330970944,0.21883558546091866,0.15414824,22.994436,0.29066956,0.30404016,0.29651284,139865,0.1848249763485642,1.5928066499386553,0.06320928580749566,0.07338693044570743,0.07767725671742606
random_baseline,782,0.6571940058476022,23.90187757942135,0.26901922839612247,0.3109701360049559,0.43720085280618276,0.55218023,24.239046,0.3381311,0.3438967,0.24177964,43991,0.10501377523007904,0.33716851738040887,0.06911187154322385,0.03292655102583636,0.19542121248921956
random_baseline,778,0.1750539767014152,23.821649690367376,0.22641984227730214,0.23990773097883808,0.3272150344349343,0.947948,3.591769,0.29131505,0.29871163,0.22402523,8528,0.7728940022719735,20.22988071034113,0.06489520665572704,0.05880389674294842,0.10318979985489435
random_baseline,783,0.456599261885992,26.826023078357355,0.3489053704527019,0.3529119878643531,0.2304759038990434,0.109907046,27.197996,0.2489474,0.25129956,0.22078718,50769,0.34669221592556565,0.37197306116901174,0.09995797357827413,0.10161242779431529,0.00968872144874891
random_baseline,786,0.2975708333719194,24.609934166000894,0.21616884680994997,0.21950996053888203,0.19859618928375744,0.8162877,18.553108,0.26423275,0.27976727,0.36892626,25115,0.5187168629896224,6.056825950668863,0.04806390789738646,0.060257314317685357,0.17033006761130787
random_baseline,785,0.7688465852199277,17.994695864082004,0.25124114666673836,0.29636284757745157,0.6311877963333102,0.8632484,16.21423,0.2375223,0.2494248,0.3468818,13949,0.0944018226208011,1.78046628034177,0.013718842608663406,0.046938047300695285,0.2843059894828769
random_baseline,788,0.9771414549085082,9.092261638610147,0.2272892055555401,0.23681368910106912,0.35194189506972984,0.46817136,26.198893,0.7820694,0.7839202,0.1551131,118781,0.5089700967999877,17.106630954773642,0.5547801794961872,0.5471065393802236,0.19682879406417564
random_baseline,789,0.7180543780097757,21.309250871368548,0.36993790642740065,0.3752478703756471,0.2685018968575996,0.20286459,24.783894,0.25130647,0.25439805,0.22871582,138363,0.5151897907027994,3.4746427138365306,0.11863143221856887,0.12084982245160536,0.03978607475696028
random_baseline,790,0.7541451379025685,16.714746604170898,0.2353227736635272,0.24374287359218183,0.328971093903748,0.8458292,10.793976,0.2341862,0.26530603,0.4764667,51574,0.09168405092113141,5.920770774092773,0.0011365713758532403,0.021563152151302667,0.14749559162977555
random_baseline,784,0.8980446031039633,15.91900211634615,0.23842542082583423,0.2451050809656556,0.3253538511028586,0.98097515,3.5607574,0.30584252,0.33464316,0.4137086,131704,0.08293054795804844,12.358244717740803,0.06741709798062329,0.08953807437072442,0.08835474631878754
random_baseline,793,0.19351846707910036,28.10836134564604,0.3940558800288489,0.3963908146326708,0.1901221320931846,0.8987009,18.045307,0.34844077,0.36515146,0.39374682,54571,0.7051824258461621,10.06305418622221,0.0456151136943152,0.031239349693553353,0.20362469097924887
random_baseline,794,0.43668953687997714,23.329614040136086,0.35700404080578557,0.3652088417831936,0.3101973017053661,0.2328298,30.245413,0.72353137,0.7243967,0.09887269,42628,0.20385974259229556,6.915798786402,0.3665273245888067,0.3591878638442478,0.21132461031246752
random_baseline,787,0.235294771893274,25.191218157524403,0.7769478613442973,0.7781490514621073,0.11774349418665751,0.8281579,13.349785,0.23719877,0.24403088,0.28638783,9668,0.592863129870642,11.841433306450185,0.5397490912980631,0.5341181735143,0.16864433678601398
random_baseline,795,0.42776008552019734,20.630534471428717,0.3656368818333853,0.3847984537186545,0.3475003921589098,0.16896933,29.494652,0.79489785,0.79545385,0.08396156,103339,0.25879075234835286,8.864117323004876,0.42926097249477024,0.41065539273596585,0.2635388308366976
random_baseline,797,0.7590695604454673,18.328188919810977,0.31926593546827126,0.3215281830359032,0.15372999223351244,0.8935061,11.393676,0.25939396,0.27400625,0.3454277,81184,0.1344365492690408,6.934513115672793,0.059871975230768204,0.047521935515456415,0.19169769970298048
random_baseline,798,0.5213675481925726,23.584452906443083,0.27077619992390256,0.27951057676001534,0.30586949215979,0.8867507,14.301664,0.30862877,0.3150049,0.27876002,33584,0.365383149897027,9.28278855402609,0.03785256780490298,0.03549430843667045,0.027109476195281923
random_baseline,792,0.2809063813727109,28.41639469961346,0.3334028772529301,0.3365997294778489,0.200036014018688,0.9373911,16.300276,0.2874041,0.32877862,0.4868762,13655,0.6564847209412845,12.116118897001154,0.04599878708683819,0.007821104943241952,0.28684017569002174
random_baseline,791,0.5012510895400318,23.480616829084727,0.3774640920504383,0.37963480478042877,0.1975201983351917,0.59946287,18.974316,0.33837765,0.3460698,0.216998,98863,0.09821177724311025,4.506301185774181,0.03908643749797858,0.033564992005770566,0.019477797637441674
random_baseline,800,0.4667536188237655,25.34621731007707,0.47151559709402713,0.4758595268319075,0.21496818316341182,0.7600074,21.52298,0.3435528,0.36944008,0.43983027,19140,0.2932537626154435,3.823237573748944,0.1279627990612665,0.10641944809655596,0.22486209022640447
random_baseline,799,0.420690715688023,23.272466907200666,0.23100805142633074,0.23831910276126533,0.26103219087895707,0.5463082,22.130613,0.26028532,0.2919428,0.5216134,98409,0.1256175037448078,1.141853580174299,0.02927726647146589,0.053623702290538255,0.26058122817698165
random_baseline,804,0.030522749636365788,25.45840846519454,0.2380619398848168,0.2773254906104279,0.5600583866924733,0.34329212,23.436014,0.22104931,0.24408455,0.38102192,45792,0.31276936748246964,2.022394289779502,0.017012631107961335,0.03324093868000033,0.17903646982617083
random_baseline,796,0.7089627553282712,13.782784682658004,0.30028386285018915,0.31456416560776423,0.3931981653636625,0.9247539,13.45453,0.17261249,0.18057151,0.39268345,12017,0.21579114901438012,0.32825492038993787,0.12767137458038325,0.13399265421993922,0.0005147189563443622
random_baseline,801,0.6072134226888793,23.2990066410289,0.2419277299949279,0.2829545150412377,0.5643142913424932,0.7560368,21.14094,0.20551921,0.2449898,0.6957994,36901,0.148823395338617,2.1580669285044856,0.036408515722428814,0.0379647175682839,0.13148511900067694
random_baseline,802,0.9830747260669958,11.049733130614833,0.27815991784428024,0.2862525764287815,0.32116536970863535,0.043909617,26.439438,0.7142151,0.7172091,0.19399683,69549,0.9391651092986356,15.389704735596105,0.4360551819672737,0.4309565242944851,0.12716853793392374
random_baseline,806,0.3501439363150749,26.303396368968155,0.46743342578340924,0.5173237099227801,0.42116464773146317,0.9756968,4.10861,0.23732993,0.26804554,0.44013456,107666,0.6255528658242073,22.194786215769913,0.23010349571634686,0.24927816529845148,0.018969907369931482
random_baseline,803,0.6458175680688646,20.71580568003642,0.308136055930887,0.3120770415644132,0.2583042101753088,0.7745928,18.071827,0.28031263,0.28804195,0.28805438,50737,0.1287752487608168,2.6439787452219683,0.02782342837694718,0.02403509229225742,0.02975016666528263
random_baseline,808,0.4026036090895323,25.658027905001454,0.46130299269611685,0.463049485942038,0.17155766703652428,0.3101753,23.487408,0.2575705,0.26371363,0.24062292,69523,0.09242830944506208,2.170620220675282,0.20373248755390494,0.19933585788837282,0.0690652557416053
random_baseline,809,0.965811364240196,4.856054486925018,0.24703043916141107,0.28608392081591905,0.4032874785755119,0.87900984,9.316039,0.31491244,0.3329897,0.29915458,22608,0.08680152136757635,4.459984598463166,0.06788199923122809,0.046905771872069235,0.10413289893607708
random_baseline,805,0.8212501541282191,13.018395364192507,0.31924449887342593,0.3281089220802072,0.29028570013993027,0.84442824,13.998455,0.2684468,0.28938195,0.38597345,94805,0.023178087124680058,0.9800596834149147,0.05079769578046939,0.03872697098653349,0.09568775338179825
random_baseline,814,0.48388792678903597,26.565954008859762,0.49000265517694364,0.4910310695776269,0.12602349160386045,0.9248006,11.521874,0.29261085,0.29581004,0.20646437,117651,0.4409126479904745,15.044079581064352,0.19739180126649747,0.19522102576582878,0.080440873520842
random_baseline,811,0.4976913903340607,18.55344201721682,0.3481528210705925,0.35084623558206235,0.19382110407728312,0.8943548,13.768606,0.20110166,0.20826755,0.33838266,87981,0.39666342991740416,4.7848358313037345,0.1470511603421379,0.1425786809412924,0.14456155726533773
random_baseline,810,0.15271454360430975,22.485117230829612,0.46464087025491474,0.4655699764221042,0.12223975118517164,0.064878836,31.469406,0.75907326,0.7605523,0.11988958,85613,0.08783570733016272,8.984288897100075,0.2944323871913743,0.2949823106796414,0.0023501714718270617
random_baseline,816,0.9389473792377722,7.4944767307695415,0.25518992883369596,0.26217574723721204,0.29449623145400167,0.9064004,6.6817904,0.32303593,0.3412825,0.34834883,108480,0.03254699671900385,0.8126863789018657,0.0678459967930588,0.07910673967837634,0.053852594715965985
random_baseline,807,0.25044367337869894,26.13057767087395,0.3184339504579895,0.47301126400319543,0.7300120027269769,0.12962247,23.602514,0.21902262,0.2332851,0.41558295,25569,0.12082119906591665,2.5280634039061773,0.09941133371394806,0.23972616473523584,0.3144290478434014
random_baseline,812,0.9450231573427806,12.758070210221042,0.19138857925260394,0.203604401499178,0.38932830348439074,0.26506937,22.355143,0.41623527,0.42139706,0.22063069,24963,0.6799537918413768,9.597072383162747,0.22484668886339337,0.21779265865669054,0.16869761302895403
random_baseline,813,0.6719870710146224,20.669155143708995,0.30747214211853685,0.31760402516861547,0.33438397421607013,0.72885317,22.412672,0.40898433,0.41206267,0.23607117,97900,0.05686609508874063,1.7435168991376848,0.1015121911582118,0.09445864959220301,0.09831280483969684
random_baseline,818,0.5315805625206781,23.5285477799023,0.2355820909659069,0.24667051251871377,0.2870183867568078,0.2996049,27.161652,0.73299915,0.7363239,0.19998428,5034,0.2319756697899652,3.6331038314258244,0.4974170550187428,0.4896533805515072,0.08703410450163507
random_baseline,820,0.7716070675998847,16.905668903776927,0.20681902663313895,0.21258605740626543,0.32794392311140613,0.84841263,13.781755,0.3362932,0.3413659,0.24940942,139307,0.07680556534231497,3.123913456389232,0.1294741640845582,0.1287798462096861,0.0785345008330019
random_baseline,821,0.43412430162141424,23.085761145076987,0.19997641154925985,0.20285039580330758,0.20234372364713255,0.919111,13.938296,0.19545211,0.2457786,0.6171891,117909,0.48498671179106134,9.147464827022787,0.004524302570034694,0.04292820953860374,0.4148453856782764
random_baseline,817,0.14472133503680645,26.459567624140803,0.27449352693424184,0.2774793515801734,0.21858278521652222,0.7450477,18.427143,0.23142125,0.24416064,0.3697407,2985,0.6003263534473855,8.032424527216975,0.0430722798095699,0.03331871432069006,0.15115790954475403
random_baseline,815,0.7216042647839426,20.030822492189607,0.25411641204851726,0.26256381965761244,0.36407729365220937,0.96879435,6.4071527,0.54232293,0.56144506,0.40083265,105978,0.24719008107177032,13.623669839449128,0.2882065216253414,0.2988812377345079,0.03675535939344493
random_baseline,823,0.15446639496464878,23.176960454369617,0.2983997265711452,0.300027335943432,0.15326081380484458,0.06856524,20.088528,0.28423795,0.3512373,0.6128073,18814,0.08590115297217518,3.0884327749262575,0.014161775530877274,0.05120996111467346,0.4595464600599015
random_baseline,819,0.4162720139215956,23.897732577232677,0.3505269853446419,0.35551378635763137,0.26075865274973414,0.5337102,21.072554,0.22283942,0.23162706,0.3489993,1950,0.11743816779150867,2.8251789425891225,0.1276875702712471,0.12388672439455001,0.08824063890866735
random_baseline,822,0.8933711297443897,17.136613908432622,0.3752108240013255,0.3840991902596918,0.3116186923387421,0.60842764,19.9278,0.4346861,0.4449064,0.31795454,82603,0.28494348596844976,2.7911853164208935,0.0594752705211507,0.06080722329545346,0.0063358479139434265
random_baseline,826,0.22594520935194182,26.473323641062372,0.4912495688301213,0.4934198872967674,0.11848465919274977,0.8763121,17.15946,0.2852684,0.300304,0.3220501,86856,0.6503668676934988,9.313863573313348,0.20598117269097638,0.19311589168748394,0.20356543541174243
random_baseline,827,0.8485648391727022,16.23460716743022,0.4356152975136567,0.44690629573912866,0.3434317862774866,0.6343188,13.472824,0.3594784,0.37016496,0.27907407,48519,0.21424601058993853,2.761783070750532,0.07613688345497138,0.07674133511634118,0.06435771343965702
random_baseline,830,0.3712380051590792,17.677773509551756,0.258676748975402,0.26876389338414686,0.2958194692285538,0.45608962,26.069906,0.31231514,0.32281986,0.29118606,12744,0.0848516106627592,8.392132725189455,0.05363838721882713,0.05405596540529711,0.004633404746818559
random_baseline,824,0.668259092571092,19.91639787720187,0.26638878386859116,0.2720169695691181,0.2886420263827617,0.82145,13.168421,0.23924363,0.24505822,0.28763178,73442,0.1531909024698016,6.747977085575894,0.027145157274047704,0.02695874596396214,0.001010246473627796
random_baseline,825,0.973341995113114,6.9738559850519835,0.23659982222022416,0.24508255138955665,0.31625405915515176,0.72168005,23.357052,0.4865143,0.4933935,0.28989962,115953,0.2516619499852454,16.38319586431325,0.24991447788773177,0.24831095919050622,0.026354441721603783
random_baseline,829,0.12830832653786486,29.50304262532397,0.7641887512428622,0.7644820395232429,0.06561548792001516,0.116037734,27.270483,0.28377485,0.31920922,0.36089602,108208,0.012270592685001552,2.2325596083561976,0.4804138984901767,0.4452728214980354,0.29528053320768566
random_baseline,834,0.9659851683688369,11.234652250219526,0.21887477468390296,0.2613704149330265,0.7160848317914307,0.85356927,7.755493,0.33613673,0.35637242,0.39742056,112773,0.112415899188539,3.4791590861570256,0.11726195384125879,0.09500200108641321,0.318664276438266
random_baseline,831,0.14577313178857598,26.063888092152236,0.7121715987014945,0.7129717074672232,0.10390882435706643,0.870743,11.789667,0.24569067,0.2562788,0.30571386,100377,0.7249698448769208,14.274220962635635,0.46648092511178807,0.45669289458193874,0.2018050378236434
random_baseline,835,0.7246966602234929,20.593856261495258,0.22107188656131532,0.22707751665228004,0.3329559422382068,0.95762324,8.153419,0.26627958,0.27977383,0.33879477,93535,0.2329265831084163,12.440437720540668,0.04520769164760802,0.05269631471521263,0.005838825618391108
random_baseline,828,0.08695585504501538,22.570696714125223,0.23322936998777027,0.2604258097856245,0.5647736973569406,0.74386096,19.002542,0.38118413,0.3949169,0.32633984,51313,0.6569051049616985,3.5681542183976838,0.14795476091928844,0.13449108226607226,0.23843385646796356
random_baseline,832,0.5754934010483093,17.69882381659429,0.27831015516358,0.289450603383719,0.2695661968067023,0.2752073,20.45429,0.35408905,0.35837314,0.23320015,59088,0.300286090133316,2.7554665734203567,0.07577889632148166,0.06892253194457387,0.03636604905870883
random_baseline,836,0.8245266177420146,19.527469586367314,0.2781636232418517,0.28784851326962296,0.3047290786434213,0.75669754,21.335297,0.30074644,0.30775917,0.33883518,132823,0.06782908222718309,1.8078270444920612,0.022582817645599496,0.019910652494232017,0.03410610116233431
random_baseline,833,0.6973955985930361,23.200247463058528,0.5005499425608925,0.5016862819410945,0.1428045067514691,0.74618495,20.360664,0.34408638,0.36722383,0.29013935,133311,0.04878934651347022,2.8395830953827463,0.15646356374810255,0.13446245291010395,0.1473348405633655
random_baseline,837,0.07532975935770063,27.018500658511797,0.631469684275911,0.6327126055220369,0.09671027017661742,0.023099452,24.851406,0.22580238,0.25124463,0.48452547,17221,0.05223030710054426,2.167094561099688,0.40566730740957035,0.3814679711321596,0.38781520174911804
random_baseline,840,0.6454920973849669,19.758598667845284,0.22773491493927364,0.23718808635689972,0.2712357486451831,0.85459596,12.818325,0.24743383,0.25743693,0.3455627,94153,0.20910386180158702,6.940273625120675,0.019698911388050272,0.02024884477637054,0.07432694781172611
random_baseline,841,0.338476127957921,17.89700277694417,0.25313013912050136,0.27019608584277666,0.48429135204234736,0.9403198,11.392002,0.20249899,0.22068693,0.38673308,75512,0.6018436485771133,6.505000671231279,0.0506311518034161,0.04950915840499437,0.09755826712527887
random_baseline,844,0.10549937912267099,31.43348307062273,0.6583000299407573,0.659460341515963,0.1296055100111831,0.9100607,10.393353,0.286794,0.30920726,0.3957936,105476,0.804561324631754,21.040129608403493,0.3715060231162639,0.3502530809072899,0.2661880769581925
random_baseline,842,0.9858882076432232,9.200388536512946,0.255350182976612,0.26250537635952176,0.36756258321725616,0.42115393,24.108818,0.26678827,0.26968887,0.19147865,76472,0.5647342748333934,14.908429517686272,0.011438091073146917,0.007183498123586762,0.17608392847501525
random_baseline,838,0.3709553876004633,21.60229726865604,0.2590272657439646,0.26640295741676784,0.28175550844349745,0.24263473,29.519373,0.3755339,0.38105866,0.24563609,96556,0.12832065904955237,7.917075671407435,0.11650664286161094,0.11465570571303868,0.03611941780724409
random_baseline,839,0.8527545005926152,14.234686895109057,0.28346634692710476,0.3059832004222546,0.40856838050097033,0.2578966,29.48286,0.46107107,0.4671623,0.29477265,112066,0.5948578984388371,15.24817367007649,0.1776047270818369,0.16117911065486334,0.11379572572916552
random_baseline,847,0.8428492094409126,16.220542632007202,0.3686123996477581,0.37241388294402783,0.2370914183891413,0.8719783,16.817831,0.40870753,0.41162083,0.17925122,763,0.029129073487554225,0.5972884074215088,0.04009512965865364,0.03920694258507068,0.05784019458657477
random_baseline,848,0.9692929631855229,4.747307540175136,0.49417919201944216,0.4991547420894754,0.22325022412108603,0.9689312,6.4305224,0.21282059,0.24809673,0.4241049,98085,0.00036176506540575026,1.6832149016888778,0.28135860247705324,0.2510580078041208,0.2008546750469285
random_baseline,843,0.9809212088542708,3.0892317481638756,0.2890441488133771,0.3092281391921456,0.3638594428093732,0.08487059,26.376263,0.23114471,0.24115999,0.3760051,68485,0.8960506170945891,23.287030916631046,0.05789943743814058,0.06806814876226736,0.0121456703154742
random_baseline,850,0.36435475685794044,22.453302918666687,0.21468608265195538,0.2196574165579771,0.2687481944819317,0.047785092,20.421333,0.2386911,0.24166697,0.18106031,25487,0.3165696647127359,2.0319696056784053,0.0240050237866814,0.02200955607919941,0.08768788030346492
random_baseline,849,0.21175345705112178,24.237808095835707,0.24539384446662715,0.2694019249510192,0.4717254743867483,0.49768242,21.569908,0.3615298,0.36397612,0.18985586,24340,0.28592896534839907,2.667899953745863,0.11613595284897038,0.09457419599777228,0.28186961570316216
random_baseline,851,0.898481400723222,8.273142718746492,0.4896969622807534,0.49980703795035164,0.21278111965601376,0.5376436,22.182491,0.31847245,0.32773072,0.32324842,38153,0.3608377892921002,13.909348583743743,0.17122451726961446,0.17207632267554085,0.11046729652936527
random_baseline,852,0.9465014426104267,8.887281610433128,0.22283903360353785,0.2541324175118783,0.623702474996378,0.8715715,19.498686,0.2766986,0.27976802,0.20913611,84489,0.07492996138255192,10.611404226358864,0.05385955572141332,0.02563560240274876,0.41456636147194104
random_baseline,853,0.8919152663418533,17.951100451535794,0.20071580586385565,0.21304901799079018,0.3498606509678042,0.65079284,16.507944,0.32262996,0.32648203,0.21391085,103868,0.24112242919890892,1.4431563444801299,0.12191415252733392,0.11343300977829857,0.13594980306550625
random_baseline,845,0.8944108726193933,7.208983174641055,0.27687395958224337,0.2878606442937786,0.2663395735004553,0.97957665,11.570315,0.23809479,0.24375604,0.32002947,9679,0.08516577466225339,4.361332186381894,0.03877916781226198,0.044104603363030626,0.05368989384382877
random_baseline,855,0.8869393489550615,5.29647336271649,0.2899935074245493,0.2963121918576818,0.24101197276075972,0.9745138,11.792207,0.1928191,0.23915985,0.859066,106438,0.0875744797993635,6.495733401504701,0.09717440382595466,0.05715233959137017,0.6180540367607247
random_baseline,856,0.9829587047961779,3.304952683555605,0.30991889000287315,0.3382388071569695,0.4922049458346612,0.8733641,16.79779,0.35745344,0.3625271,0.236621,80368,0.10959461387668323,13.492837843788145,0.04753454565653542,0.024288295075009847,0.2555839385113961
random_baseline,846,0.2786096281216054,23.439316254708352,0.2056353213506711,0.28509137730537515,0.903858095020477,0.8340922,14.111992,0.24512175,0.25166106,0.23655048,67264,0.5554825716807933,9.327324372384133,0.039486425904654204,0.03343031506477456,0.6673076148931424
random_baseline,860,0.9872174144033399,5.919273243159914,0.2224645117952151,0.2559326386259044,0.45259627929198926,0.5321997,21.54472,0.2217561,0.24355926,0.5441949,65042,0.4550177335981336,15.625446452885008,0.0007084111406130411,0.01237338242988234,0.0915985978556853
random_baseline,857,0.6586299888154241,22.24396972844203,0.37799913744137403,0.3810225873676185,0.22689060013995457,0.78526163,21.334183,0.25739732,0.29212683,0.4256872,109773,0.12663164219653877,0.9097869891842159,0.12060181359455702,0.08889575297507091,0.19879659373058986
random_baseline,862,0.9834383324274109,8.60644228509306,0.2823168050340632,0.3387641781346832,0.6972148928582902,0.96783715,5.3407044,0.34122813,0.35134906,0.26815268,1760,0.015601177562145963,3.265737844022503,0.05891132244549002,0.012584877632376146,0.4290622088849778
random_baseline,858,0.3098291697967365,24.214430181074075,0.2048527500351178,0.23400241591299895,0.5480845313927246,0.16059752,27.687346,0.26097617,0.26410007,0.20385943,91162,0.14923165171030311,3.472915323686667,0.056123415497948,0.03009765885506746,0.34422509786096345
random_baseline,854,0.6585308684862833,20.54787897399745,0.23328173009263892,0.2441277634452278,0.36337461819923345,0.8876563,10.761479,0.28764525,0.34105346,0.48721147,115659,0.22912540297138884,9.786399596250867,0.05436352046621423,0.09692569262281114,0.12383684763633784
random_baseline,859,0.8290498492981377,19.27766534977322,0.27326153289867183,0.2866488568286869,0.4867593009551216,0.5559053,23.325321,0.23602277,0.24346922,0.26402178,72703,0.27314456680073174,4.0476558477365465,0.03723876249385616,0.0431796334485981,0.22273751688796767
random_baseline,864,0.1521075218956122,29.336236342127012,0.4078706133278695,0.40868879320795587,0.10736836470589187,0.577371,23.826012,0.49060604,0.4929011,0.1822986,40212,0.42526347934797915,5.510224684412169,0.08273542643462745,0.08421229359929511,0.07493023596778367
random_baseline,865,0.7858695336561385,14.877453705733274,0.2755818581508948,0.2800255892094037,0.210850424738647,0.89458567,10.572203,0.2187717,0.22154397,0.18599872,53188,0.10871613538454139,4.3052510232381564,0.05681016206019657,0.058481621485557245,0.02485170182776597
random_baseline,863,0.6441769414380077,21.59378399325311,0.35727774435093684,0.35985194511972673,0.19375746191419368,0.745625,12.435984,0.27666467,0.28635707,0.37367424,53442,0.10144807763547858,9.157800335416194,0.08061307006886287,0.07349487014375933,0.1799167817743897
random_baseline,861,0.45942245375526847,19.21994339857437,0.2409402219165352,0.2731310551476795,0.409319514944727,0.63611805,16.0313,0.33280832,0.33821538,0.24677224,26042,0.17669560063468515,3.1886438075099157,0.09186809383740158,0.06508432575937922,0.16254727037208755
random_baseline,870,0.1515224941381855,28.146910786835214,0.4020374475257192,0.40821195582848735,0.1856145651644528,0.23206744,19.466583,0.23896624,0.2526363,0.34351712,103587,0.08054494184165764,8.680327534882089,0.1630712060467992,0.15557564239007182,0.15790255948840975
random_baseline,868,0.016490223688355274,25.68901993127116,0.23457675732536046,0.23847986104177366,0.23104781491389034,0.6977721,17.757969,0.28206044,0.309761,0.33477402,92641,0.6812818619783012,7.931051028683271,0.04748368702965053,0.07128112671686282,0.10372620242009403
random_baseline,866,0.4744552839433645,25.18639196561767,0.3564610163186666,0.3740313774642111,0.326813684960194,0.09639364,21.741287,0.29655087,0.33723298,0.46968248,53352,0.3780616465842222,3.4451047341723573,0.05991014637695519,0.036798400312340385,0.14286879990499463
random_baseline,867,0.8704711319443992,15.469163051385841,0.21757469367580617,0.22435046033391867,0.33272848714175224,0.5189391,21.543842,0.21915656,0.27205864,0.7483968,128051,0.3515320540902427,6.074679264287987,0.001581869606206765,0.04770817561616983,0.4156683267277241
random_baseline,875,0.9113670023221031,6.07304100461387,0.2730495855484413,0.2782348268363639,0.22027441222794736,0.650819,20.257727,0.4958973,0.50141823,0.24661198,73112,0.26054799874010237,14.184685664697653,0.22284770754237904,0.22318340608142173,0.026337570356052276
random_baseline,869,0.3762717603501577,26.01834144971113,0.2585386682148575,0.2644236413820608,0.275499559317106,0.053153414,31.729973,0.7333999,0.733961,0.07738414,115293,0.3231183460709352,5.711631389644339,0.4748612594012619,0.4695373447553293,0.19811542269992233
random_baseline,874,0.9810061442996701,7.358443577128504,0.2091387688958271,0.2428948835041695,0.584087076383252,0.85354733,19.06421,0.4626057,0.46555114,0.19158868,76273,0.12745880962864964,11.705767314595128,0.2534669459021465,0.22265625442002485,0.3924983914667557
random_baseline,872,0.15945753492639292,24.97620287391817,0.18979774225558116,0.19663976207276773,0.2920935158658314,0.5073852,13.901996,0.2419418,0.24626032,0.23392703,24942,0.3479276593752123,11.074207215043657,0.05214405249749349,0.0496205531070571,0.05816648947480202
random_baseline,877,0.7517184818264371,19.918104041090235,0.24364842426261224,0.24939214598512707,0.2415996056945774,0.342903,26.628868,0.39753038,0.40638548,0.25310308,115365,0.40881549363101777,6.710764061937109,0.1538819526485511,0.1569933353724474,0.01150347171707422
random_baseline,871,0.10101295761217166,23.019923265169055,0.27833175271374905,0.2962940025890053,0.30374146783936806,0.90638757,16.068407,0.3106837,0.318732,0.33904532,2051,0.8053746099079699,6.951516206453235,0.03235194474833286,0.022437990847808065,0.03530384814154319
random_baseline,880,0.29245029608271417,27.407438300744218,0.3027402100716405,0.30526576025796803,0.2058927334386303,0.6515215,21.068537,0.32093278,0.32567686,0.2018101,52668,0.3590712078426093,6.338901542321366,0.01819256566421462,0.020411098167172348,0.004082626803536604
random_baseline,873,0.32718032987921114,21.384751177817936,0.2223667121055727,0.25667228805561876,0.5502944080400286,0.99382055,3.8106523,0.26952228,0.29201302,0.48818466,134292,0.6666402181783451,17.574098921805973,0.04715556739538859,0.03534073126773024,0.062109747366887125
random_baseline,879,0.5963250702727916,19.271730847889792,0.20520032900786625,0.21555968851873653,0.3921272913988535,0.061811052,29.63626,0.6677872,0.67281103,0.25139996,77374,0.5345140180100085,10.3645282310897,0.46258686524414794,0.4572513428228162,0.1407273273046915
random_baseline,883,0.5516331927180446,24.171546632519686,0.4552337776301768,0.45825741513981166,0.19034283799984694,0.42081887,26.239532,0.23760197,0.24084072,0.20013571,67472,0.1308143274188197,2.0679858381834393,0.21763181196435955,0.2174166969896728,0.009792869855377667
random_baseline,876,0.9753648116721874,10.448086691095668,0.24146409428142712,0.25219656930935835,0.33693358933730133,0.6937452,22.419998,0.2567039,0.26568314,0.27450764,26521,0.28161961580655626,11.971911477849645,0.015239818930395388,0.01348657502162004,0.06242594754500397
random_baseline,885,0.18484690674305357,23.87972331346373,0.2010760868672317,0.210978686717168,0.38097883673488603,0.9488196,4.9630165,0.24212018,0.24945453,0.25098795,84999,0.7639726709508856,18.916706803453966,0.041044089686494506,0.03847584137617002,0.12999088974773393
random_baseline,884,0.3212289190165098,24.716982496113815,0.3203815255407282,0.32823973701590337,0.23835744176239426,0.017825283,26.125927,0.22655857,0.2361176,0.2730388,52898,0.30340363590636804,1.4089444753217322,0.09382295944728336,0.09212213562125005,0.03468136276870315
random_baseline,881,0.13296571220033437,25.429348767978052,0.3153529858808145,0.3197327360893538,0.20548029997334735,0.8444077,8.516929,0.24276932,0.26099914,0.34991148,19298,0.7114419654501173,16.912420095187525,0.07258367004200073,0.05873359296572711,0.14443118116869672
random_baseline,878,0.6236085111201963,21.233631529036902,0.3909441152767829,0.39469938742973865,0.24442996311029191,0.27372476,24.000326,0.20137854,0.21115078,0.39044908,102324,0.34988374653470133,2.7666946275793087,0.18956557607218544,0.1835486071095711,0.14601911378065352
random_baseline,886,0.0925499742857443,29.938961219583174,0.3037514969975279,0.3401629014291749,0.4353432164911898,0.350924,24.36004,0.23318832,0.28073177,0.5937065,101521,0.25837401095709933,5.578920554910322,0.07056318077152235,0.059431134013174514,0.15836327211812418
random_baseline,882,0.7882583353622058,18.01707765306019,0.25698491894519265,0.2780596011468616,0.46826395374361907,0.9206972,12.252737,0.29845813,0.30658802,0.27705142,62663,0.13243887685703248,5.764340607772105,0.04147321022236411,0.028528422754124094,0.19121253472391997
random_baseline,891,0.5256791092885692,24.69333190827652,0.3115340787968729,0.3147335594363588,0.24401543723732955,0.42245373,27.07853,0.3918988,0.39852232,0.27256495,136587,0.10322537799012255,2.385197449633637,0.08036473206662198,0.0837887579731566,0.02854951036780351
random_baseline,887,0.16570950575924348,27.61089819440424,0.6029264295879928,0.6059014379432522,0.19813136733103695,0.19161612,26.645922,0.21861313,0.22262764,0.22896549,92906,0.02590661219501067,0.9649764872509188,0.3843132967535583,0.38327379817274443,0.03083412372540531
random_baseline,889,0.969326318740795,9.794696186615774,0.1937916504738293,0.20256139521949845,0.3519125412779308,0.9641086,8.87326,0.24907732,0.26304534,0.33602992,54182,0.005217732429454669,0.921436642243215,0.05528566962504766,0.06048394555694503,0.01588262427620657
random_baseline,890,0.18309693105851146,22.794065217166672,0.3646363863517274,0.37852864531471714,0.3043940702607295,0.4862936,18.252342,0.33568993,0.33775452,0.17704211,93721,0.3031966828521636,4.541722993045578,0.02894645424380199,0.04077412752106174,0.1273519585063121
random_baseline,894,0.5729588971555529,18.461499473514035,0.1878453060009358,0.19120849804918424,0.25266470728906804,0.2633009,24.253426,0.19633445,0.23374833,0.6281728,50398,0.30965800146463496,5.791926124630496,0.008489145436060663,0.04253983361680849,0.3755081075569708
random_baseline,888,0.20359512693077103,24.24823982041473,0.3812128032354501,0.3831148676351719,0.14328795536111916,0.7331022,15.036664,0.409893,0.41562188,0.29244965,61784,0.5295070754846953,9.211575811320493,0.028680202850899394,0.032507009081441884,0.14916169778753197
random_baseline,893,0.7001207277256173,23.32831933900088,0.2584375154479897,0.26056333714242913,0.21541292615765503,0.6609482,21.936636,0.19643714,0.2357703,0.6441909,102203,0.03917251081048667,1.3916833679315452,0.06200038010920644,0.024793037111720817,0.42877798132067746
random_baseline,892,0.8317054136944623,20.3059127653188,0.2953665171739172,0.3074181456867521,0.34505842550019367,0.48899835,24.991411,0.80181074,0.8022883,0.0826577,44451,0.34270706021316955,4.685498443787644,0.5064442242506433,0.4948701481517489,0.2624007232330237
random_baseline,896,0.8173763367401353,18.851588227723845,0.23481674229977376,0.24829611355589495,0.36870466478058467,0.9502686,8.629272,0.2138359,0.22741826,0.41195667,130104,0.1328922894729384,10.222315766786345,0.020980847238280836,0.020877854769693477,0.04325200311950078
random_baseline,895,0.2920225176173902,19.865567271277634,0.3265266563565736,0.33083132485982725,0.23344629938749192,0.1413921,24.822742,0.21169795,0.23587182,0.5546853,89024,0.1506304207402921,4.9571751908805695,0.11482870539736795,0.09495950321790525,0.32123899524065136
random_baseline,900,0.3724126358752736,28.143777496143027,0.6396418876975173,0.6437171467995753,0.20091657121647763,0.7316212,19.277857,0.6905189,0.6919804,0.1038763,52511,0.35920856993145855,8.8659206693608,0.050877027955711474,0.04826327474354608,0.09704027106036114
random_baseline,901,0.8053286248341797,11.973825715872927,0.36332872694215296,0.36690575667211534,0.1939913146553161,0.64228195,14.925413,0.2727037,0.2867194,0.40805823,100861,0.16304667531406858,2.9515874158409403,0.09062501972398279,0.08018634506055833,0.21406691145323492
random_baseline,897,0.5922776109904766,22.344422792006352,0.2022806841880322,0.23799020581814972,0.5779462723520987,0.12520073,27.29738,0.3038398,0.334308,0.34787557,2777,0.4670768774480343,4.9529576553813435,0.1015591185539722,0.09631779260065826,0.23007070706164767
random_baseline,898,0.9782464866130763,11.992277364481602,0.5104986096979844,0.5172217716632319,0.347601289863579,0.26709038,26.192656,0.39399448,0.40058836,0.23450056,41400,0.7111561064212734,14.20037819887289,0.11650412932650922,0.11663340825418955,0.11310073267935966
random_baseline,905,0.3999763292792175,21.841782893934262,0.28213023259949604,0.28644257298025916,0.21528716998996206,0.69967145,22.643763,0.5616817,0.5639726,0.14573354,44605,0.2996951179978516,0.8019796945667146,0.2795514552323826,0.27753001937356164,0.06955363470019765
random_baseline,899,0.6886296362649212,17.70379547731914,0.2405563130747124,0.2557055589070189,0.5428283710069841,0.319169,25.13501,0.3804939,0.38441417,0.27467406,124523,0.3694606215726147,7.43121428830586,0.1399375960458473,0.128708607305063,0.26815431304647386
random_baseline,902,0.25513022851941214,23.78691553995151,0.22718855296182588,0.23307472660529321,0.2681963917143816,0.92528313,10.389412,0.26914302,0.2810756,0.33944628,60811,0.6701529054641999,13.39750361368198,0.04195446218442961,0.04800087020409399,0.07124988471193372
random_baseline,903,0.20951521077074925,29.70479191086921,0.27004576089481613,0.27156735805180027,0.12564228267980285,0.7650523,20.311796,0.44187534,0.45800036,0.43461862,133936,0.5555371078022489,9.39299572251472,0.1718295776595662,0.1864330038676028,0.30897633938478763
random_baseline,906,0.4441868230809653,28.224836841632104,0.36591425605875016,0.36829607765234745,0.19877000945760145,0.7914802,17.64273,0.2691887,0.30782408,0.6656633,126199,0.3472933605204141,10.58210612874148,0.09672555395227433,0.06047200243033207,0.4668932924871312
random_baseline,904,0.5186480502820676,22.93370330275451,0.29261582155932775,0.30940850287446203,0.3348014277768494,0.48038563,22.155483,0.19206777,0.21685629,0.5104086,10666,0.0382624189592069,0.7782200569048996,0.10054804940928808,0.09255221694478216,0.17560715252634274
random_baseline,911,0.5863672179973414,24.697410291282274,0.4121401776411027,0.4140772829955032,0.20696961285835438,0.9524215,13.368615,0.23082398,0.25026196,0.38930023,59237,0.3660542683803747,11.328795140830614,0.1813161988594026,0.16381532058171538,0.18233061430686778
random_baseline,912,0.9209151811906537,9.280082173286672,0.27052121265394763,0.277539666287078,0.267580218730475,0.5643141,22.478079,0.26913533,0.28150517,0.42108068,118467,0.35660105422226995,13.197996668876414,0.0013858865068681614,0.003965501197205457,0.15350045997092576
random_baseline,908,0.6824455579549374,23.34751482841679,0.22561216155873148,0.23016518290688215,0.24947769455729663,0.937046,13.042496,0.25015235,0.27515495,0.4343688,52149,0.2546004334658084,10.305019100877729,0.024540187913314415,0.04498976532767596,0.18489109463871778
random_baseline,907,0.12113842071248113,20.66625360735067,0.21108803219187663,0.22298621288061496,0.28103419935186197,0.30423313,21.457003,0.19765507,0.22261463,0.5138273,63436,0.18309471308039607,0.7907490324198392,0.013432965344075426,0.00037158182382937555,0.23279312456171225
random_baseline,909,0.2529499487207218,23.44371525381661,0.39124255431149774,0.40402827232321215,0.2691373807877871,0.9067012,14.220901,0.22612058,0.2293623,0.21165399,762,0.6537512584402279,9.222814718233113,0.16512197804902368,0.17466597824533892,0.05748338825410332
random_baseline,913,0.869422033340063,7.927288243663668,0.2493518961237963,0.2613202831114671,0.29596836727073983,0.6933662,20.204279,0.2957316,0.29875898,0.20201619,133559,0.1760558038059138,12.276990702259184,0.046379707975477386,0.03743870050059345,0.09395217757633523
random_baseline,915,0.20530182538934802,28.419415002599152,0.2949193609034577,0.30163887422463476,0.27496009953211803,0.79990005,19.064789,0.24423046,0.263869,0.46965408,138145,0.5945982295422926,9.354626184239777,0.05068889680262001,0.03776988666436254,0.1946939837198351
random_baseline,910,0.23712188580614124,26.34286359933585,0.5368238372845539,0.5399890892367107,0.18706161800940269,0.36828646,21.711596,0.30979657,0.31346068,0.17294703,39285,0.13116457483190502,4.631268064057529,0.22702726555298647,0.22652841137454338,0.014114583769633704
random_baseline,914,0.6625907856349533,18.024261002979696,0.45163358343827226,0.4577919055509147,0.23891135481040504,0.27560154,27.171581,0.28137264,0.292628,0.311852,69483,0.3869892495994156,9.147320265330851,0.1702609468816469,0.1651639153050956,0.0729406532939193
random_baseline,919,0.16462555365805404,24.768042315081974,0.42446822777360355,0.44747204479384445,0.3539376712637338,0.55046326,21.28202,0.25466776,0.3815084,0.77048755,51180,0.38583770556206926,3.486021746234318,0.16980046883195316,0.06596363481688522,0.41654987565704255
random_baseline,920,0.49529083496068743,19.866544236523772,0.3352110647712868,0.3489704017344609,0.34974119205042026,0.34522092,19.425344,0.2902765,0.3118679,0.37322077,57088,0.15006991153692034,0.4411997693606864,0.04493456716882405,0.03710250899230394,0.023479579500711945
random_baseline,916,0.9789332224178521,3.0879752251700765,0.2949480330634954,0.3697806270109301,0.6192810288038935,0.9726848,8.115215,0.21439141,0.2296534,0.46081564,38619,0.006248421793004666,5.027240076343595,0.08055662271269581,0.14012722384797388,0.15846539050013675
random_baseline,921,0.9761393956716113,10.462657232618767,0.24949285611151137,0.3066406882385414,0.7863052050879112,0.95348847,9.310511,0.26995516,0.27849934,0.33283037,79504,0.02265092654777101,1.1521465972427904,0.02046230212213121,0.028141353187958518,0.4534748356154076
random_baseline,923,0.9719891462409228,8.890409039438957,0.19529014922385485,0.21389016741422806,0.44657069604946115,0.9584068,12.775544,0.22926243,0.2377723,0.34893048,29896,0.013582340248796343,3.8851351271259844,0.033972277271697215,0.023882133425196073,0.09764021795345285
random_baseline,918,0.9360639297120401,13.384267971147587,0.3243873389219486,0.33591366791588895,0.41728364812869306,0.89234406,14.094269,0.23430258,0.2724958,0.5058347,43340,0.04371987215207307,0.7100008276805383,0.0900847585653507,0.06341786169869534,0.08855105054836993
random_baseline,917,0.4066909442786383,20.046426201904186,0.24788584349374568,0.3029061762592451,0.6733682144983341,0.98416114,6.6782737,0.23772535,0.25999463,0.5395078,72648,0.5774701942559076,13.368152524078258,0.010160496213243358,0.042911550214018046,0.13386040819721712
random_baseline,926,0.7739600538646467,22.778982754950714,0.5198651176989887,0.5229317858639956,0.20327471937815578,0.29377827,22.710182,0.6261268,0.627213,0.11448529,112163,0.48018178338162976,0.0688005650093082,0.10626170811049007,0.10428121538722512,0.0887894257513705
random_baseline,922,0.9428268012077531,15.47906249457536,0.55141009816323,0.5551014486237982,0.21414982751500636,0.36817273,28.30994,0.54987913,0.5559186,0.22626477,40239,0.5746540662319383,12.830877843559406,0.0015309644619054819,0.0008171257093927409,0.012114947284340566
random_baseline,924,0.7201699780840515,22.324074328362354,0.3528623402078081,0.357497885717092,0.20481886252429068,0.7681941,19.173077,0.34699196,0.3536294,0.34229916,138967,0.04802410131505741,3.150997698723682,0.005870383973829829,0.0038684754502157914,0.13748030081723153
random_baseline,930,0.9155832088389516,15.432461238413516,0.2557514916190583,0.26055193350810474,0.28940640058754047,0.96003556,9.013746,0.2769589,0.2871578,0.3111648,138672,0.04445235367630718,6.418714976816837,0.02120742099194939,0.026605870265775267,0.021758395764846006
random_baseline,929,0.652638240158512,20.882585742001794,0.25105588394917033,0.2546586719847817,0.2529709848368111,0.42345348,21.559727,0.3755888,0.618945,0.8331574,40510,0.22918476015324774,0.6771409730860967,0.12453292053424336,0.36428633057106546,0.5801864353215751
random_baseline,928,0.9879149791440569,6.321833184601672,0.3175616305303115,0.3846168047414654,0.6476354553064047,0.9796422,5.790053,0.2850356,0.3373104,0.57048786,70155,0.008272766753157246,0.5317802938240845,0.03252602033133689,0.04730640115603146,0.07714759844147545
random_baseline,925,0.2379071497204027,29.151517177316993,0.6308054043050739,0.6339363728871821,0.1517394517931288,0.2922149,29.64516,0.5304479,0.53441167,0.2168727,117608,0.05430775053480055,0.4936434977318349,0.10035750400981636,0.09952470410971626,0.06513325521618668
random_baseline,933,0.5486208556542589,19.142818289984955,0.20800047292959323,0.20989246779888404,0.178526434766473,0.39827037,19.743946,0.25387603,0.30252802,0.56595707,22533,0.15035048707820908,0.6011277854544979,0.04587555751550565,0.09263555592090356,0.38743063463049965
random_baseline,927,0.375241522066164,22.073173909655328,0.2223478715061994,0.22725392078842743,0.2368560152535291,0.6032759,17.84656,0.19881113,0.20207034,0.21257631,122448,0.22803437305254937,4.226614385119195,0.023536742770657093,0.025183580274244388,0.02427970044659092
random_baseline,932,0.34031271290869713,26.260300550568854,0.35661711736152274,0.36351124486604997,0.2424114981105253,0.6481691,18.81404,0.2956493,0.30428904,0.30844465,81374,0.3078563873758793,7.446261320222174,0.06096782727668387,0.05922220191637345,0.06603315087056907
random_baseline,931,0.7684182322310531,19.971831991529598,0.4689913554618122,0.47730619584946044,0.3297063289210576,0.5821299,22.811275,0.2210041,0.22572014,0.24069737,111728,0.18628833654394983,2.8394434906481365,0.24798725680801886,0.25158605849174864,0.08900895994160357
random_baseline,937,0.9165182353701259,8.74303980343685,0.25812521123818283,0.27011527316373724,0.2945456114570417,0.4935942,20.449076,0.27239332,0.27420944,0.17110798,20756,0.4229240359511043,11.706035895415688,0.014268104792319491,0.004094166590748849,0.12343763382833384
random_baseline,936,0.9894972858340844,4.875210495862355,0.22226321673859184,0.23381735440396517,0.3716958617838981,0.7122578,16.15376,0.32974997,0.3358979,0.30678007,114564,0.2772394833476647,11.278550414171825,0.10748675488959725,0.10208053830958158,0.06491579171744605
random_baseline,939,0.9497366678680078,5.105897457244303,0.271742617855798,0.28550373270744783,0.3662782318811842,0.7475401,17.135298,0.23057887,0.23787525,0.29825774,60156,0.20219655155788818,12.029400318024251,0.041163748274575473,0.047628479745335406,0.06802049352936229
random_baseline,941,0.1406586980206537,25.23227426937682,0.251400542574313,0.2677911850302109,0.3688445037931887,0.69275993,11.825057,0.31477907,0.32326886,0.23546235,4612,0.5521012330668402,13.407217239652699,0.06337853042564123,0.05547767554832611,0.13338215115971247
random_baseline,934,0.4900999855402882,21.738203171684656,0.6623935676176733,0.6639613101570575,0.12561703603632016,0.9595471,9.739053,0.3211356,0.32575026,0.22983202,78734,0.46944711691103624,11.999150399162684,0.34125795727564756,0.33821104861187623,0.10421498734586673
random_baseline,940,0.4857275184494711,14.589596436290385,0.2726813372848447,0.29142916675281283,0.4112004149213885,0.034491178,21.069416,0.3197381,0.34318835,0.31456754,100972,0.4512363408011652,6.479819609852193,0.047056752753454834,0.051759178679468665,0.09663287880574212
random_baseline,943,0.5690539329885432,20.24666310076072,0.2673543203514701,0.2722844036705687,0.24099022727073965,0.97834504,11.321638,0.3334958,0.34195074,0.30408514,33123,0.4092911035181096,8.925024993460916,0.06614147537530601,0.06966634071991895,0.06309490818916025
random_baseline,935,0.8645227193844276,17.073662228583785,0.20882106869057598,0.2335344418850664,0.49097634566579157,0.90963435,14.774024,0.39075086,0.39853978,0.22460996,95851,0.045111632345919084,2.2996382188791955,0.18192978651686725,0.16500533968536818,0.266366389520505
random_baseline,944,0.651129444452109,24.653342188842792,0.6191457397019783,0.6205994651383813,0.1565570196876661,0.38895562,22.45186,0.33418542,0.3394896,0.24024624,63373,0.2621738215406557,2.201481760986347,0.2849603182351509,0.28110985613531425,0.08368921663664419
random_baseline,938,0.29672252544773803,23.87444449149643,0.2099181839444293,0.22103847051103018,0.4948458221839156,0.54899615,22.752865,0.25121728,0.26598427,0.38069707,31889,0.2522736250458838,1.1215796538499454,0.04129909191349612,0.04494579648535349,0.11414875063163898
random_baseline,946,0.8899798191052263,15.702144900622251,0.2933606510005955,0.32775826896847365,0.6220689352005201,0.25230572,22.778788,0.28079793,0.30474338,0.4330975,70399,0.6376741028290575,7.076642712292788,0.012562722428894446,0.023014889613996725,0.1889714236705976
random_baseline,942,0.8286180947424007,9.92174600277567,0.29228428318513644,0.302424066420273,0.35611587695969527,0.17161937,27.450245,0.30578044,0.30876613,0.16015938,33462,0.6569987241626811,17.528498900788783,0.01349615738378751,0.006342060212417455,0.19595649771584456
random_baseline,950,0.0979134291661088,31.43328859074206,0.7772163666729063,0.7778671371516187,0.07876156293186488,0.8506357,17.036924,0.24177907,0.26218128,0.4030643,83613,0.7527222782122787,14.396364228559442,0.5354372926000684,0.5156858551081617,0.3243027476188248
random_baseline,949,0.9189953627102325,5.257738243980107,0.27868022400422676,0.2982569319843626,0.3522581588625708,0.8047017,19.57317,0.40438575,0.40835792,0.2711665,21079,0.11429367680477598,14.315431464271846,0.12570552152113335,0.1101009862781191,0.08109165543315794
random_baseline,945,0.7915310484189593,18.080992953552066,0.2079744667422055,0.23563162367204094,0.4440066201617075,0.9815074,6.5414824,0.22938833,0.2766466,0.6662839,67724,0.18997637212089669,11.539510504974185,0.021413859664273394,0.041014990402666096,0.22227728534442653
random_baseline,948,0.06904496148206968,27.279296057402753,0.2614416635633706,0.26382171066175875,0.15384955853199908,0.82101154,10.389992,0.39539912,0.40065783,0.19587244,30393,0.7519665817918562,16.889304297148847,0.13395745986688146,0.13683612196076933,0.04202288240218213
random_baseline,951,0.013654418653172825,27.63653792663474,0.19791300454679683,0.20398315020322794,0.25555992800133276,0.27722174,27.01156,0.75704265,0.7580726,0.1266458,14927,0.2635673206389719,0.6249774865712645,0.5591296418612842,0.5540894644665719,0.12891412454979467
random_baseline,947,0.29630902789956787,19.984482560247994,0.21234177962846604,0.21467175788402873,0.21052715674239011,0.9804085,8.046389,0.27094376,0.35258675,0.7262613,70753,0.6840994618045642,11.93809393414936,0.05860198124342117,0.13791498833179158,0.5157341609875599
random_baseline,954,0.9681980318256427,7.667811548605741,0.2079239641410975,0.24543934098638448,0.6126089542121619,0.17678416,23.257652,0.25689152,0.26303113,0.26592356,110804,0.791413874072652,15.589840734109103,0.04896755469015554,0.01759178408228007,0.34668539454648195
random_baseline,956,0.8591152268278471,20.116085628821462,0.22340457187577042,0.23826281493925214,0.37446202266142686,0.89216834,17.034542,0.3264587,0.33026856,0.22967462,116110,0.033053116239322056,3.081543545081228,0.10305412067488876,0.09200574690080524,0.1447874002449306
random_baseline,957,0.9132300910074086,12.023494638474986,0.23864909636994358,0.25234202673340433,0.3888718704448723,0.8737547,10.102742,0.36118668,0.38821444,0.33712333,112198,0.03947541085070083,1.9207524433455916,0.12253758680800442,0.13587241242026693,0.05174853603706592
random_baseline,952,0.8589928414819058,15.225246427754534,0.2259879166082742,0.2416648487170323,0.471383247621798,0.7258901,19.339994,0.18591307,0.19534288,0.36535096,66599,0.13310274147961698,4.114748002787458,0.040074845571935386,0.046321965249358055,0.10603228593661734
random_baseline,953,0.07719175631067958,25.929342950966216,0.22804840912324598,0.23660247450157218,0.3530955222209565,0.13044788,28.727377,0.28851244,0.28985053,0.14224637,35027,0.05325612312295232,2.798033986899995,0.06046402941244433,0.05324805850700326,0.21084915667377635
random_baseline,960,0.5452624240432923,18.552464827782067,0.24752192867710965,0.24983811730449215,0.16479584804587058,0.8562495,13.823387,0.25637937,0.279719,0.53630334,129166,0.31098708719862056,4.729077681785974,0.00885743724391086,0.029880877789807164,0.37150749334283184
random_baseline,961,0.6410387257346049,17.424373251905855,0.3209550464501413,0.3240082710170906,0.213107435554274,0.8766431,15.198413,0.22010013,0.223847,0.2641178,63964,0.23560439550791834,2.2259603567032187,0.10085491183901152,0.10016126922609025,0.051010371595613085
random_baseline,955,0.8561885681518904,11.69607574552073,0.2423071780950228,0.25497817547084795,0.3351073231445896,0.106921494,25.175964,0.23720576,0.25686738,0.43085557,20639,0.7492670741447798,13.47988860994802,0.005101419404188762,0.0018892034792710732,0.09574824907907376
random_baseline,963,0.921868715095907,16.947165942222682,0.2670377237475417,0.26960244320953153,0.20290789650991128,0.0506878,24.407324,0.20697156,0.21413006,0.32013997,91338,0.8711809140030439,7.460157895057591,0.060066167799284254,0.05547238432491086,0.11723207784578635
random_baseline,964,0.1470332916130409,27.083986119259002,0.5577070442996993,0.5815418736204383,0.35642824343225354,0.5530839,26.548082,0.42476973,0.42730507,0.19291241,125504,0.406050605023922,0.5359037675744318,0.13293731492386007,0.15423680107443305,0.163515828762263
random_baseline,958,0.16318539009155292,20.548239656381153,0.4265285905308415,0.43161011053091275,0.18569778624443375,0.6247369,24.078648,0.48511598,0.48675308,0.1612137,3641,0.4615515150064085,3.530407957144238,0.058587384610683746,0.0551429657840134,0.02448409024147355
random_baseline,966,0.306488706996587,22.685775281301495,0.32745775632955426,0.33343513260254526,0.23777072365177065,0.53785443,25.54105,0.5453327,0.54644996,0.1428948,37554,0.2313657260631054,2.855274675973895,0.21787491388223773,0.21301482667556143,0.094875919174079
random_baseline,959,0.9530813544876553,11.540054004409157,0.33902841383600746,0.34313630384338073,0.20562785410127457,0.7837815,19.704144,0.4285409,0.4333179,0.24493283,97943,0.1692998260147549,8.164089519760765,0.08951247161244835,0.09018159586059876,0.039304976232435146
random_baseline,962,0.746798464698196,19.52899012526602,0.4380841338501902,0.4478808868454352,0.3956248380987631,0.86947787,15.917178,0.21835071,0.22345679,0.2697422,55122,0.12267940338194316,3.611811971274321,0.21973342536554052,0.22442410176261812,0.12588264726090298
random_baseline,968,0.6616062615628043,18.643669234221935,0.23245297795351438,0.2801389617613744,0.7089181749273226,0.7613112,19.206514,0.27873358,0.29800326,0.44611934,13892,0.09970491187622155,0.5628451242985726,0.04628060335103579,0.01786429455957894,0.2627988366533205
random_baseline,965,0.0823880195657813,21.097801825716942,0.22329789923014626,0.228064406791751,0.23719709562620875,0.9210695,16.164253,0.30663526,0.3092137,0.20700629,7024,0.838681483264724,4.933548590853661,0.08333736135182396,0.08114929111855784,0.030190805071208443
random_baseline,971,0.9595611143034599,9.93106948203971,0.2645731541301958,0.270748140047207,0.267639911757971,0.29423884,27.709335,0.30042893,0.3032192,0.17075296,63676,0.6653222787302635,17.778265845108727,0.03585577281453689,0.03247105913339604,0.09688695429470656
random_baseline,967,0.9912137070866898,2.4590797532671047,0.44088293681933227,0.509197347677607,0.5337334472516772,0.8292622,17.561625,0.20040555,0.21771908,0.5097958,36100,0.1619515100690201,15.102544773710434,0.24047738383604828,0.2914782696136422,0.023937662301420803
random_baseline,970,0.9444436786807776,15.700950380245175,0.21645455874226052,0.22746921666231937,0.3880474389737888,0.16355546,26.235617,0.29262534,0.29364786,0.11724969,34601,0.7808882204927207,10.534666303714786,0.07617077909686606,0.06617863885792905,0.27079774897754627
random_baseline,969,0.33952785386943957,27.78588522495535,0.33461562794133826,0.34589063300532574,0.30688745254352,0.06924335,24.13663,0.22386958,0.26898915,0.65000165,121660,0.27028450473451754,3.649256120341093,0.11074605089112921,0.07690148724955792,0.3431141925446758
random_baseline,975,0.8523986499891396,12.3588647571041,0.3023036816560934,0.3191795705501771,0.3632389992759087,0.99204063,7.0438666,0.17539856,0.2104582,0.7355865,102119,0.13964198416613383,5.314998122735204,0.1269051232778738,0.1087213663999772,0.3723475247337959
random_baseline,976,0.7747416371738448,13.555376303600006,0.2685871947326783,0.296201901237356,0.374279992171213,0.7302237,18.54206,0.1977592,0.22062029,0.46663278,27429,0.04451792186851644,4.986684548450775,0.07082799857045446,0.07558161179243261,0.09235279124172036
random_baseline,978,0.562840389381368,24.3446612902531,0.35694907150054206,0.3619910174287089,0.2432293335453231,0.7479091,19.241869,0.19327994,0.25706863,0.90497833,2819,0.18506873928455603,5.10279231747478,0.16366913459086646,0.1049223833955058,0.661749001358394
random_baseline,974,0.29607079373530104,25.027630865215524,0.24226892993226498,0.28655141719879945,0.5225334865201954,0.178642,27.147287,0.93290675,0.93363845,0.088856325,23861,0.11742878900698378,2.1196565035588897,0.6906378169320538,0.647087036284782,0.4336771619667057
random_baseline,973,0.983081201329525,10.384276424731802,0.30900345315828237,0.32012942791112076,0.44253298404739594,0.89209133,18.385166,0.47311878,0.48095503,0.2848858,88392,0.09098986746340565,8.000889743481089,0.16411532888517466,0.16082560658327927,0.15764719012306427
random_baseline,972,0.9665815017961702,3.5458289770738247,0.242760757252132,0.3147757425482554,0.7729572765230618,0.9782174,3.4259353,0.28566405,0.31918043,0.3905963,118505,0.011635921166018526,0.11989370867172511,0.04290329451903194,0.004404686433525595,0.38236097615952114
random_baseline,980,0.5164826754909563,25.740211857981116,0.27661414826065744,0.2870584466318204,0.28128326584265767,0.726082,21.71793,0.22893505,0.23415019,0.2711679,49627,0.2095993514675093,4.022282017893225,0.047679100276534214,0.052908260450751976,0.010115361704092607
random_baseline,977,0.9566984034058795,12.862890387561627,0.2128451091635198,0.24865840154429894,0.653059544521318,0.39733192,27.27248,0.48501095,0.49722373,0.32870194,72920,0.5593664801594959,14.4095896234247,0.2721658425939112,0.24856533331135292,0.3243576013622146
random_baseline,981,0.12987160882278492,28.756861169291998,0.36424494993511614,0.36539919949244515,0.13965349131623497,0.9601258,5.605202,0.3749286,0.37965736,0.2405342,35042,0.8302541951246638,23.151658971263434,0.010683643700442946,0.014258158438691937,0.10088070994814644
random_baseline,986,0.9025452244595783,14.426703503767115,0.19628095822299982,0.21314392419380015,0.4385425449636973,0.6973837,18.714375,0.24919657,0.2569734,0.3447105,40013,0.20516152265827825,4.287671038469213,0.0529156158689115,0.043829461617051896,0.09383204591546429
random_baseline,979,0.9046533378810779,4.240826570511139,0.29661407705381326,0.30739059509460426,0.24384779105562737,0.36181617,17.521343,0.21418272,0.22137085,0.3264155,55034,0.542837170049657,13.280516660690033,0.08243135746553354,0.08601974906150794,0.08256771792989204
random_baseline,987,0.4368178133874707,22.587827562037774,0.21136161920928032,0.22572373935279125,0.4222482326368343,0.9020502,18.782125,0.42976412,0.43459922,0.24769625,42403,0.4652323837370105,3.8057020890153126,0.21840250256157845,0.20887548139992482,0.17455198195972554
random_baseline,988,0.39370830238526433,26.305330342675056,0.5106025872343818,0.5137893768660963,0.17304241792417893,0.54142725,21.67643,0.3271299,0.33034238,0.193406,102181,0.14771895229155452,4.6289005941399,0.18347268677890693,0.18344699467348458,0.020363582809196618
random_baseline,985,0.39082026674711595,21.867056662916617,0.2973376973676525,0.30108412632812903,0.19213963976155438,0.7443527,23.100006,0.2890042,0.31640932,0.37108287,66000,0.3535324315789949,1.2329494405990076,0.008333490710242808,0.015325193311076901,0.17894323239077412
random_baseline,983,0.9590447323601698,7.52843947760573,0.2754370891008011,0.296521821172443,0.5250598237542038,0.29424864,25.666697,0.46813968,0.47378114,0.19244988,40370,0.6647960918229079,18.138257070856184,0.19270258913902127,0.17725931748608054,0.3326099411276703
random_baseline,982,0.9871050795003402,8.851210602957075,0.22095347543900912,0.24140820724021703,0.5144829846899099,0.97581416,5.2510104,0.36895105,0.38628113,0.37772638,36919,0.01129091581549524,3.600200185018842,0.14799757698828275,0.14487292545784206,0.1367566086332388
random_baseline,984,0.38279984708263315,25.150364992534087,0.3289707337565446,0.35013191690652984,0.36169161985526904,0.2193006,26.643793,0.29975104,0.30524713,0.21111889,63773,0.16349924917652048,1.493428113545015,0.02921969043684247,0.044884788896733696,0.15057272802005633
random_baseline,991,0.8033876099783717,13.612209093214688,0.2877431793920349,0.29390168362710223,0.22676719984407304,0.5414959,21.140804,0.23423591,0.25293297,0.4521782,74643,0.26189169075077157,7.528595197556797,0.053507266830618294,0.04096871787163958,0.22541101017599227
random_baseline,992,0.3080904935476529,25.48466143271369,0.2628517674873442,0.26714044902615003,0.19514081217638857,0.44150457,23.306345,0.22121704,0.2659345,0.8438313,49226,0.13341407431390412,2.1783164467517757,0.04163473124009076,0.0012059519081538128,0.6486904885590851
random_baseline,993,0.5457141391375573,21.816023388189905,0.7833018571588355,0.7847167671607566,0.11165968290629295,0.71020895,22.95563,0.41139838,0.4140401,0.22537066,85966,0.16449481328935311,1.1396059605649782,0.37190347616403874,0.3706766785071921,0.11371097751793953
random_baseline,989,0.7794073860546643,21.301307183418633,0.2999243682877599,0.31560829737323515,0.38317007779689505,0.26212144,24.331442,0.27538976,0.2804465,0.27184635,39050,0.5172859470745618,3.030134695853828,0.024534607555109167,0.0351617977871298,0.1113237237891741
random_baseline,996,0.4483294780609101,13.795847237226049,0.2479160172426878,0.25074279769717966,0.20342857107779574,0.97611487,13.621482,0.4075573,0.4137913,0.3266382,30624,0.5277853910568266,0.17436534177927143,0.15964129143117084,0.1630485011690923,0.12320962086060452
random_baseline,997,0.6828001657820221,21.30598284807665,0.21071127029155712,0.22220672156219543,0.4048188681274932,0.96010333,13.609767,0.31119263,0.31621498,0.29383358,118379,0.27730316721434634,7.696215887932606,0.10048136142993946,0.09400825713272035,0.11098528453412465
random_baseline,990,0.7736470091728122,17.95881351508764,0.19308945406845276,0.1982169220285128,0.28106817135632284,0.7193226,22.25183,0.4060398,0.40813142,0.16133983,78461,0.05432438735045497,4.293015632251226,0.21295035015174682,0.2099144985838224,0.11972833702385671
random_baseline,995,0.8928122347538625,16.429944442742197,0.3967313181989442,0.3998594713396953,0.15544921030260883,0.049119532,25.253155,0.21722645,0.25014082,0.48023608,60720,0.8436927026455556,8.823210311896474,0.17950487252404795,0.14971865536641343,0.32478687296651043
random_baseline,998,0.565236169178896,22.689012040073283,0.8669635623784184,0.8713977806286611,0.18107435690837315,0.8620118,10.020809,0.37383422,0.40889284,0.6140294,80624,0.29677562109667777,12.668202866489299,0.4931293398232579,0.4625049404816427,0.43295505059284756
random_baseline,999,0.8114668229270274,20.018119873593204,0.4623895792543916,0.4777897279451495,0.4413556949186743,0.1059202,26.758583,0.29375872,0.36184826,0.5995507,122098,0.705546619896918,6.740463195254453,0.16863085909486097,0.11594146301251707,0.1581950291108667
random_baseline,994,0.18968160443749363,27.76018756769503,0.3682867610268103,0.37271716048438425,0.20638508907056688,0.9869026,7.095591,0.20714635,0.23366755,0.49821338,71125,0.7972209901288516,20.66459649942721,0.16114041445774901,0.13904960801322336,0.2918282915046132
