method,target_id,eta,tau_transfer,ipr,purity,c_l1,target_eta,target_tau_transfer,target_ipr,target_purity,target_c_l1,dataset_index,abs_err_eta,abs_err_tau_transfer,abs_err_ipr,abs_err_purity,abs_err_c_l1
model,3,0.8765788412177317,16.27294506963886,0.2528882556550688,0.2601087084101892,0.35133056372728505,0.8215711,20.109015,0.26017472,0.27023384,0.29238144,132514,0.055007729538654515,3.83606944146954,0.00728646582434711,0.010125131340100735,0.05894912809457936
model,0,0.7022215649798362,18.50495216384964,0.2066651553441734,0.21600344294005078,0.39747759605684074,0.7584671,13.679777,0.24725586,0.26755,0.47606024,33458,0.05624551322908711,4.825175018463899,0.04059070641501239,0.05154654866761524,0.07858264540395943
model,4,0.9573768679495099,6.234995264503333,0.33375071240118565,0.35355789790176195,0.41719209576421823,0.9542749,7.8531504,0.23684888,0.24990356,0.3851833,16005,0.0031019751425030995,1.6181551032334838,0.09690183652094425,0.10365433821700853,0.03200879121595468
model,5,0.9459100847972497,13.538145302634845,0.25908116280429166,0.2664635114694466,0.39489957348864485,0.8926104,17.333122,0.20670004,0.21893375,0.43974382,117269,0.05329971368442621,3.7949769507831235,0.05238112091414732,0.047529765250765244,0.04484424336392473
model,1,0.17048127754270156,29.342082267095922,0.7305300431708383,0.7316984738113053,0.10659899072399598,0.19029836,29.206373,0.668512,0.67043525,0.12942995,74123,0.019817086023697056,0.13570905237424213,0.06201805643835534,0.06126322400585482,0.022830960586161797
model,2,0.08781469818185214,22.309653842113352,0.24378548621924367,0.27125772295859396,0.4902033732681272,0.27761433,16.832853,0.26614442,0.30238298,0.5041054,57950,0.18979962710310574,5.47680052485261,0.022358938457651467,0.031125252858132724,0.013902015850067395
model,6,0.9101146072020968,4.870844841242523,0.27061465050225747,0.2793665371767988,0.2960335187562368,0.9328691,6.2080483,0.2524332,0.26191923,0.3260561,79622,0.022754469526723997,1.3372035024159246,0.018181439890914086,0.017447306954096797,0.030022574221287013
model,7,0.9794703111462383,5.502635058561843,0.2239444534827229,0.23466715951199307,0.32677319754360973,0.9816332,5.389304,0.2285614,0.24210514,0.4024908,3648,0.0021628751940937496,0.11333089749006575,0.004616947884464595,0.007437981770088531,0.07571759711505116
model,10,0.3630484088645998,17.518674229997515,0.2641030717425386,0.29688749786941904,0.5510811441222725,0.3533679,15.903919,0.26431936,0.2954089,0.5033014,116513,0.009680513976675631,1.614755010026812,0.00021628851365645962,0.0014785933169593202,0.04777976205745316
model,9,0.9125185211803185,17.578615443784145,0.25602054502679555,0.2664018499382496,0.3945168229448205,0.9380948,15.09445,0.21274278,0.22207873,0.37097368,15184,0.025576273569895114,2.4841654468359025,0.04327776934816091,0.04432312424263957,0.023543146501720513
model,14,0.6660953998338568,20.32661666425624,0.22108778244979754,0.247782599757581,0.47452085430792007,0.56644064,22.261204,0.2002014,0.22082578,0.4909403,56719,0.0996547579538214,1.9345871016129017,0.02088637537486926,0.02695682329979443,0.01641944830247727
model,15,0.8751803145553388,16.812144805411144,0.3700849922142118,0.3748080129581721,0.27092785249747187,0.8357882,15.258431,0.35309833,0.35740274,0.2472404,6689,0.0393921241905012,1.5537133707797963,0.016986659332284326,0.01740527104914502,0.02368745814360529
model,11,0.43769610497575195,22.117068710218202,0.234355263142,0.28923678544140075,0.6244242093528329,0.58143514,20.258993,0.23310496,0.26235133,0.45395133,72301,0.14373903897184936,1.8580755614144913,0.0012503040117128328,0.026885451346399525,0.1704728803599893
model,13,0.5999941807901789,20.88719749463347,0.327238116057202,0.3878580029784979,0.6230556711655688,0.6999377,19.408997,0.30825895,0.37106785,0.69473225,8656,0.0999435204351019,1.4782009126022189,0.018979165346905358,0.01679015119665278,0.07167657761754276
model,8,0.9953990267195968,4.102231926629415,0.24684890884695138,0.2763264390480937,0.5947721788288072,0.99189395,2.958586,0.3242428,0.39422894,0.7152921,71597,0.00350507959511559,1.1436459490750934,0.0773938916272155,0.11790249619360554,0.12051991730919331
model,12,0.27984016630542924,27.436335980187796,0.6884499064603014,0.6898428395768323,0.14602218236417616,0.17833596,27.576347,0.8260057,0.82681197,0.10525237,105690,0.10150420162571122,0.14001137088642324,0.13755579079006486,0.13696912970341057,0.040769812125872024
model,19,0.5948181643743563,24.511561250518902,0.28620803936838296,0.2912535797452617,0.2811407634075106,0.44525677,25.671879,0.3178487,0.32355633,0.26838478,84681,0.1495613947172213,1.1603175641783636,0.03164067283750388,0.03230275403502697,0.012755978947442848
model,16,0.9721500886438901,4.782986563223716,0.32024344239128283,0.3388216517545734,0.4245671162577442,0.97950435,3.3362637,0.2791093,0.30948865,0.4676934,100831,0.007354258203644104,1.446722906607505,0.04113414320839098,0.02933299761791569,0.04312627220432247
model,22,0.0819509517003316,26.129869587703087,0.40222259498165386,0.40894494280913385,0.2628033771965778,0.14017388,27.405123,0.50211406,0.5138985,0.28082356,23074,0.05822293054568585,1.2752531692549205,0.0998914625592397,0.10495354905030219,0.018020181372376654
model,21,0.9309753181574976,12.746441263931452,0.1808491785852721,0.18955060695296347,0.40472225546579566,0.90898746,11.489827,0.19924553,0.2113309,0.39048547,123859,0.0219878556368982,1.2566141078645572,0.018396348801393236,0.021780298603715303,0.014236789939214844
model,17,0.7911874214508845,21.61176983903165,0.40049660587864844,0.40726446764690927,0.2597693743553406,0.8213266,20.952593,0.45154494,0.46469358,0.2972435,116679,0.030139191975323998,0.6591769893002031,0.05104833459300073,0.057429108450579136,0.037474131360983265
model,18,0.023515318131799606,28.59914029719575,0.4993809370965347,0.508899358211072,0.19908393053963486,0.07165852,30.52825,0.41275868,0.42202425,0.2335222,101305,0.04814320375884065,1.9291094434048368,0.08662225889867398,0.08687510818055444,0.03443827600524124
model,20,0.17944838792799403,25.144811531444418,0.4499981135754518,0.45392109447791346,0.18377908358379189,0.11241332,27.629997,0.3617695,0.36447397,0.1772296,29614,0.06703507096289088,2.4851857219735507,0.08822861618089001,0.0894471257336355,0.006549485419233475
model,23,0.8960729010186016,11.393790710858113,0.2337485258755685,0.24101079298692293,0.3131399407918077,0.96750814,10.810547,0.21717158,0.2430961,0.46855432,39388,0.07143523620750314,0.5832438358581129,0.016576946276187998,0.002085305316871927,0.1554143771593947
model,28,0.9034394834346335,16.620237173911534,0.19477275421427998,0.20742605459671107,0.3819012556889307,0.85911524,20.116085,0.22340457,0.23826282,0.37446204,966,0.04432424047656469,3.495847878578701,0.02863181719971386,0.030836762666892142,0.007439217410350973
model,24,0.5315528570871891,15.689718651452907,0.30271638499084025,0.3251048366523303,0.5100110941749436,0.57894224,12.69378,0.24781907,0.27554154,0.46762252,43478,0.047389382197326246,2.9959387060793716,0.05489731894317179,0.04956329269175902,0.0423885756355149
model,29,0.9820454502377954,9.778506736477667,0.29101853886521706,0.29326537343229897,0.19168869866450922,0.95448196,11.806327,0.35742295,0.362317,0.25927675,64630,0.027563490894838893,2.027820129672236,0.0664044090183889,0.06905162242684715,0.06758804903904303
model,25,0.20261768364777386,27.55249119341698,0.29954489024462194,0.31344486866421745,0.34393956730084896,0.14926344,27.982382,0.34924078,0.36339417,0.30188543,20356,0.05335424208512127,0.4298906272617309,0.04969588963208704,0.04994930233530953,0.04205414125638485
model,32,0.20663589249716144,28.63811591505014,0.4368124542996054,0.44333704227381876,0.28411384696465913,0.4251765,26.881758,0.34101763,0.3654213,0.4346095,53973,0.21854060877694745,1.756358178844085,0.09579482062307648,0.07791574710780313,0.15049565558928069
model,30,0.9800534821397382,7.3388729544021984,0.5633954643766435,0.5662792764984699,0.16491104630975806,0.95581746,7.8988957,0.5376967,0.5409289,0.19346185,54231,0.02423602112594425,0.5600227861068348,0.025698745207026752,0.025350376256618068,0.028550803975772032
model,27,0.9617639103553948,5.0497351333613665,0.23047598487127105,0.23935994800174307,0.28617947005909883,0.83776194,10.556422,0.49969897,0.5153278,0.32517964,107466,0.12400197178346484,5.5066871002201765,0.2692229818702908,0.2759678632394068,0.039000166419325244
model,26,0.08262546958948493,25.9989072624707,0.19137020013946293,0.23298189986543644,0.5469286903045387,0.17486508,27.49588,0.2087741,0.24231182,0.4174216,16026,0.09223961231683374,1.4969728644824265,0.017403904574930684,0.009329920522403834,0.12950708114125442
model,36,0.845296206115805,17.872036269809506,0.24069951767850778,0.24668750912269116,0.3105801691210726,0.74816424,20.599714,0.2153853,0.22379883,0.30053902,438,0.09713196957024228,2.727678009365299,0.025314214777239774,0.022888682785830505,0.010041152397439801
model,34,0.8803832610689633,7.772417656385969,0.30563416431615564,0.30850810242519716,0.15476123563816205,0.7910845,8.753873,0.32675344,0.330872,0.18104318,33369,0.0892987330996029,0.9814552150129572,0.021119273202917843,0.022363896838566266,0.026281942204931824
model,35,0.8296300978264539,15.592226984620794,0.25957832597219516,0.2737149491624985,0.34077317537624435,0.9604588,10.726496,0.26803547,0.27506015,0.2394322,107298,0.13082871727135492,4.865731241822942,0.008457145467166416,0.0013451978845443469,0.10134097458679275
model,38,0.9060182614219041,10.103164555039996,0.21154231716299485,0.21894824257773005,0.26272339501208014,0.9171716,11.977125,0.21092434,0.21796142,0.2701651,7605,0.011153336058869812,1.873960612806684,0.0006179748883290148,0.0009868269292696574,0.007441690780461363
model,39,0.81569536104039,17.632207952922258,0.36548325200334447,0.3702592353281453,0.26731835400486464,0.8091837,16.048763,0.35426044,0.35733542,0.22742453,15555,0.00651164426640316,1.5834446777757734,0.01122280736223119,0.012923816865392013,0.03989382182980056
model,31,0.8890251829843583,16.42290662503794,0.24369572786176033,0.26091441566347223,0.44679384849889786,0.8265191,18.020243,0.25307313,0.26497865,0.3731522,88946,0.06250611092854164,1.5973360660021,0.009377398215891647,0.004064231568583432,0.07364165209157975
model,40,0.5607468560779855,24.030990568256655,0.7558482921452101,0.7654838734758925,0.29871431153450756,0.4872733,24.499378,0.6528329,0.65993994,0.2622686,79003,0.07347355042345971,0.468387636089048,0.10301536682553847,0.10554392873178242,0.03644570868645458
model,33,0.5322145170555216,25.29050964668718,0.4403344105911927,0.4412771998626141,0.12348075695355513,0.26906386,29.479458,0.47149256,0.47205588,0.08023107,3780,0.2631506568775278,4.188948208537429,0.031158148126534946,0.030778682352885778,0.04324968643506148
model,37,0.8938239837983242,18.200200557501464,0.3973136229632444,0.40793844220685754,0.33193600379938365,0.7057752,20.88893,0.33743313,0.378856,0.4793313,114877,0.18804878247767598,2.6887288095639654,0.05988049341421792,0.029082438922403198,0.14739531076436757
model,45,0.931256451906276,6.565929420845535,0.3013912073958891,0.30654126203306814,0.24103582490038833,0.92296517,8.217064,0.28740525,0.2927139,0.24605627,86386,0.008291282953334145,1.6511344829630588,0.013985954939224055,0.013827351691805323,0.005020448679209144
model,44,0.6941973404153556,20.25095424046769,0.2013772661220709,0.20720733213503398,0.3564381359876067,0.71210027,20.609009,0.20744209,0.21471155,0.3618089,14756,0.017902926994922685,0.35805454859481145,0.006064823793204666,0.0075042147628542055,0.005370760077151593
model,46,0.9935439219255037,6.015563337195822,0.17887661136321537,0.19370540027188848,0.5210241949856108,0.99411213,5.7093306,0.18793839,0.21306454,0.569427,62112,0.000568212054293693,0.30623277841896623,0.009061780799107633,0.019359136180404912,0.048402818411605986
model,41,0.14760336498035015,29.084005042666302,0.24586970711769968,0.25232905960625224,0.27800304621261746,0.3272198,28.572351,0.2764688,0.29257074,0.33818063,21133,0.17961644908176838,0.5116535869778254,0.030599106301642365,0.04024168037826009,0.06017758518653721
model,47,0.23285527091161096,25.35452242641111,0.26699354137227455,0.27001597586162246,0.21781854302392578,0.39657944,25.758356,0.29651713,0.3012383,0.23993585,90336,0.1637241734968058,0.40383366794924314,0.02952359234049401,0.031222322554515236,0.022117302112716675
model,42,0.4441802590665553,17.319693259153524,0.25978633895463055,0.2675493164003837,0.2631972709665595,0.6676844,17.194998,0.35203397,0.3696623,0.32533953,13497,0.22350411717322133,0.12469547167793849,0.09224763378554279,0.1021129982530129,0.062142254971474575
model,43,0.2058929882333276,22.167773852916593,0.23510169571852224,0.24223690673593704,0.27594932623731977,0.20223852,26.457943,0.3336268,0.35060653,0.35357392,138175,0.003654473213910797,4.2901691097298915,0.09852511101747019,0.10836962416883286,0.07762459210527056
model,50,0.9784632022898956,8.174796742399941,0.36081435238858395,0.36721216945356167,0.2787022356787138,0.9519933,8.143304,0.39042464,0.4010223,0.33748624,54029,0.026469915680245926,0.031492871245156095,0.029610286598003577,0.03381011576944554,0.058784001608807535
model,49,0.3113189909595504,24.299277318500035,0.29238679036650944,0.3033614482575611,0.33403128690694833,0.23206739,27.365128,0.27865744,0.3234331,0.52623135,71595,0.07925159968319084,3.0658502449765273,0.013729353995659832,0.02007165291965446,0.19220006160760855
model,51,0.11137604926334752,25.680538918713893,0.2983547106487923,0.3160467178022269,0.4099633969920021,0.15314956,25.967892,0.29575887,0.309474,0.3785461,126241,0.041773510830532185,0.28735277440134155,0.0025958374245338978,0.006572726408183904,0.031417308058057425
model,53,0.9271263376447647,14.682335425334102,0.19192779433146875,0.206227268334996,0.5067703837900935,0.9128947,15.74081,0.22438486,0.25013077,0.50879335,118408,0.014231611845204162,1.058474968953007,0.03245706487282354,0.04390350425564121,0.002022970244330291
model,56,0.8605714439571854,16.88903725085767,0.2662232800802215,0.31206252092580494,0.6013680777943953,0.928411,12.686552,0.2703113,0.30094028,0.54258186,24993,0.0678395629703048,4.202485203128177,0.004088015905954034,0.0111222457335442,0.05878622154363233
model,48,0.3330889177954994,23.23121952420256,0.20028128738697712,0.2041359229470776,0.280710853934129,0.3051758,22.778698,0.20980999,0.21571718,0.2750041,26553,0.027913106743176985,0.45252155667326477,0.009528701350129204,0.011581258616299772,0.005706765055497387
model,52,0.7854844988505025,18.799721188703057,0.2701317005774779,0.30209136191564856,0.49293642501064316,0.6138185,23.328236,0.32066396,0.370717,0.6176781,48181,0.17166597258249716,4.5285144375176465,0.05053225821044022,0.0686256271247262,0.12474168082050308
model,58,0.7317557123880111,19.379845301507046,0.23494478465484833,0.25220765128907835,0.4337403789478203,0.81023276,16.308239,0.25414038,0.26776546,0.35070863,21287,0.07847704613402262,3.0716063183527496,0.019195592389829402,0.015557811109450703,0.08303174528655016
model,59,0.24290673036326782,26.38524614013335,0.7558438253361114,0.7564168517398423,0.08743480521979297,0.24107951,26.234648,0.86947674,0.87010956,0.08143045,87885,0.0018272211049975562,0.1505983892788585,0.11363291025577704,0.11369270636562645,0.00600435513796771
model,55,0.14779244568214625,26.882601774826963,0.3292150186148209,0.3353075964484941,0.2640153241138458,0.1713736,24.089294,0.33033255,0.33302355,0.22643408,77211,0.023581160046003163,2.793307341233213,0.001117528811402868,0.002284048322273413,0.037581242321014396
model,54,0.8765269612270884,18.442318677501014,0.30859032943091275,0.33056949927109347,0.5056974387611193,0.9406932,12.716965,0.27513498,0.29039907,0.5042295,132888,0.0641662384074636,5.725353955821326,0.0334553487523544,0.04017042471665011,0.0014679527725023345
model,61,0.6307098224191968,24.818149841844846,0.45484776989982795,0.46473634474974373,0.32696330592382167,0.7488985,22.824816,0.4855495,0.49909177,0.39332604,92683,0.11818868374535396,1.993334091722776,0.030701739625471125,0.03435542947549125,0.06636273815881993
model,63,0.25663372443158955,27.539436334692116,0.21292500868911823,0.21652963822051283,0.19377593069195181,0.120743476,30.155148,0.22219725,0.22367024,0.14986375,107660,0.13589024857719273,2.6157112177981183,0.009272240842627677,0.007140605996406119,0.04391218094944388
model,57,0.11947515150909595,27.554806613899636,0.2650469350172965,0.2670118818508351,0.1895709093029586,0.08381365,29.16065,0.30132908,0.3048634,0.21369682,89584,0.03566149911289386,1.6058436393962623,0.036282141272834134,0.0378515114558971,0.024125913221112127
model,62,0.9526033193980207,12.719791552172872,0.29746003749522215,0.3189188544599589,0.4625303954248093,0.9635143,12.703297,0.3846223,0.41405958,0.43764108,62402,0.010911008604909012,0.016494890795918593,0.08716226813641542,0.09514072491244713,0.024889311230625932
model,60,0.4638298359451007,26.550466821647607,0.249286480708491,0.26468284607999043,0.396313560434808,0.6373154,22.101055,0.22667082,0.2654196,0.4601942,123520,0.17348555654910097,4.449411676383935,0.022615664167772914,0.0007367563141135736,0.06388063984252051
model,67,0.8747221025223311,6.530661415788778,0.3867615512829469,0.39568337315653623,0.24740345497475902,0.9050931,10.385718,0.27195257,0.2771916,0.25640616,45584,0.0303709713225786,3.855056929853312,0.11480898179823623,0.11849176401232542,0.009002703234088028
model,65,0.9234476475425512,14.645503923293184,0.2668244769433301,0.2756171178420921,0.4041392649133586,0.9033592,16.808657,0.3665114,0.37366894,0.33575636,129419,0.0200884728141576,2.163152769211699,0.09968692757098263,0.09805182103310628,0.06838290342883102
model,69,0.9845782490058781,3.6159881248616443,0.4407509654168873,0.4880380371134729,0.5135386264941356,0.9828951,6.010696,0.25168145,0.2906723,0.45278525,130638,0.001683172731006266,2.39470780943401,0.18906951838777353,0.19736573486737913,0.060753372969355346
model,70,0.17756190544492415,26.135493866111524,0.8067707325455576,0.8090625956911582,0.14601143575928663,0.16552414,26.884502,0.81300145,0.8157679,0.14969918,84389,0.012037765444580822,0.7490085447771477,0.006230721330937716,0.006705288563297329,0.0036877455589964525
model,64,0.7197621468849913,23.430075562607275,0.45759583526106196,0.4612525520788053,0.23649267623764086,0.69193363,23.776144,0.3273452,0.3301339,0.2449256,114838,0.027828514988018638,0.34606846510268596,0.1302506428286584,0.1311186669336179,0.008432927032889836
model,68,0.9645053757382982,6.596742945778253,0.26574562830405085,0.2765708118980387,0.2797028378911544,0.95060927,3.6110168,0.26646313,0.27673438,0.27322555,107511,0.01389610898033311,2.9857261954425596,0.0007175024084583037,0.0001635700161000675,0.006477292007975699
model,74,0.49175813465249196,24.702485962827502,0.26881630635911063,0.2782536011272679,0.25264129006003105,0.50898254,22.379879,0.32197392,0.33196816,0.23478936,16447,0.017224404524448955,2.322606965024768,0.0531576135093586,0.05371455735623737,0.017851933470713732
model,66,0.9720342054914869,11.898671986595815,0.17823666662417526,0.20641367714398418,0.6630282681807235,0.9810648,6.784301,0.1867344,0.22869974,0.6699938,104180,0.009030590956267015,5.1143711824576314,0.008497726614846046,0.022286066603727006,0.0069655496255204286
model,77,0.9848289538165355,7.8774742505828215,0.1784336005855405,0.19566526393208614,0.46888992181184713,0.96104586,13.033727,0.18100923,0.20873229,0.61596453,8251,0.023783092572333797,5.156252441616886,0.0025756324123537844,0.013067028123997543,0.1470746100866514
model,71,0.9730874850416658,4.801936704713064,0.38026830845137427,0.3964238679711186,0.3662802753746969,0.98331374,4.9777174,0.3490426,0.35605392,0.28701532,77346,0.010226254258108414,0.17578069488410364,0.03122571401854346,0.04036994937103622,0.07926495650415244
model,76,0.6809567692138734,17.479566728919103,0.21498846857915102,0.2197551977832001,0.2707807223366068,0.7675487,16.072035,0.23194991,0.23660281,0.28200436,95966,0.08659191109160758,1.4075318931036733,0.016961441942356242,0.016847615222247286,0.011223634047670517
model,72,0.9594852354271152,9.856310583592823,0.693214236566159,0.7049217600819504,0.24480325371998782,0.95227647,9.029182,0.63416433,0.64924705,0.24559991,132543,0.007208767150137629,0.8271281495107914,0.05904990322265313,0.055674709796611044,0.000796656896886877
model,73,0.6811209655166944,18.810612422257016,0.21103006008277364,0.22349338902409868,0.4670306907966024,0.4156221,21.96439,0.25565356,0.2694603,0.43903217,34829,0.26549888018382395,3.1537773787683747,0.044623500078816936,0.045966901646296215,0.027998523600328618
model,75,0.4610251255164865,25.5821415998822,0.2703230863034148,0.2718528379091561,0.14652989213552114,0.18796815,24.718775,0.33605602,0.33791295,0.14140126,41036,0.2730569757352594,0.8633668043499725,0.06573293753272108,0.06606010903031229,0.005128631044288845
model,78,0.4473838465323324,27.293295321792083,0.6843974178405813,0.6855714176284559,0.11057984175715228,0.35552377,27.470287,0.7829671,0.7839013,0.0946497,18874,0.09186008144520469,0.1769920012059636,0.09856967276610817,0.09832985657579829,0.01593013944659015
model,82,0.5453355874732955,23.953390534079904,0.2899083380011487,0.29266512945402734,0.22773938408714028,0.4137369,24.832193,0.46234486,0.4684225,0.24307573,109934,0.13159867784538104,0.8788028405538846,0.17243651706896546,0.17575737282525428,0.015336344329302587
model,81,0.9539953198013029,6.097062820539996,0.35144064039209494,0.3574653839418868,0.2846091262091869,0.9504329,7.114172,0.31666517,0.3219526,0.24728559,115990,0.003562423187228214,1.0171091612715273,0.03477546781519064,0.03551277273392478,0.03732353663341936
model,80,0.4669336921494234,20.061202466535438,0.30905527551550277,0.3154330522506427,0.28521232854919903,0.57568127,21.917786,0.2784825,0.28892547,0.32041407,131370,0.10874757701943039,1.8565831779958124,0.030572778777068932,0.026507583328981343,0.03520173776549823
model,79,0.9103661664263368,16.623960651882435,0.3528649359499966,0.36045636776098533,0.29530066535969735,0.9606615,14.723011,0.3858661,0.39102417,0.2935697,75139,0.050295304463708335,1.9009496350367314,0.03300116960649141,0.03056780454507546,0.0017309515287494692
model,83,0.19575808729989502,26.590495299276718,0.3730743317317308,0.42225916991357276,0.4394467484526702,0.25834417,28.8861,0.3619847,0.40253738,0.45567232,48295,0.06258608613150146,2.295605469766251,0.011089631767207508,0.019721794225019906,0.016225575251095692
model,85,0.8030303188384011,12.017279601507788,0.22876630319148478,0.23255244079672152,0.22919782294051322,0.84018725,10.883569,0.21391621,0.21809272,0.22822689,64679,0.03715693272943943,1.1337108377748777,0.014850090871157018,0.014459716115820948,0.0009709377409664044
model,84,0.19250673332902432,26.89138997583113,0.301423686772422,0.3370754460173367,0.39386468788520745,0.4281423,23.391497,0.26030293,0.29315227,0.39063296,70309,0.23563557585981845,3.4998933175059364,0.041120755702094225,0.04392317331607326,0.0032317306651299393
model,88,0.641930155172914,21.100331276787397,0.5226912378860666,0.5244034859715838,0.14612297649979167,0.48985597,22.574947,0.6303898,0.63209766,0.13119675,90441,0.15207418026027053,1.4746160803903372,0.10769857172239283,0.10769417552362492,0.014926224309201763
model,86,0.8402213020681366,19.64723998852217,0.278610260280552,0.2953922890563977,0.3952521682472323,0.6466955,23.988289,0.27970874,0.28765595,0.32606697,4107,0.19352580741634218,4.3410488908723615,0.0010984828148459247,0.007736339463807362,0.06918519742203699
model,89,0.3812338048763577,26.91395781519515,0.2833001128729958,0.2858485657841319,0.18154481601157166,0.38836735,27.611963,0.26168185,0.26483282,0.21164095,84205,0.007133549993484811,0.6980054568995762,0.021618258148111746,0.021015741315519254,0.030096138006067502
model,87,0.39309136350192975,25.584780354890125,0.22104510634870922,0.2345624799572723,0.34642159407777795,0.50196135,22.163916,0.2749696,0.28339043,0.2803597,13073,0.10886998693904926,3.4208647207348513,0.05392450124291981,0.04882795263893436,0.06606190865678796
model,95,0.18840458436928217,28.939143550757233,0.2641903362517021,0.2728855519582251,0.2917329925358252,0.19651225,26.84561,0.2628127,0.2727467,0.2764581,5376,0.008107667723079276,2.093533885840241,0.0013776324038169419,0.000138839988849504,0.015274878150220328
model,90,0.4300609903530671,24.705815719062567,0.2493796483404904,0.25505392916650294,0.2980578791648865,0.62825906,21.258476,0.2420109,0.25033903,0.34484452,68647,0.1981980724139617,3.4473394617383484,0.007368742001798684,0.004714897947020513,0.04678664092712398
model,92,0.4233144570660923,21.861615217829563,0.22986937297127982,0.23389358343364658,0.2554549864244339,0.67514026,14.355022,0.2481612,0.25377217,0.2566046,107365,0.2518258045839932,7.506592787409641,0.018291823737399376,0.01987858591793118,0.0011496254491927815
model,98,0.8927298064571912,16.40003224386698,0.18749144463202325,0.19562821857350668,0.32848114753589186,0.85772574,16.761538,0.18706726,0.19379604,0.34753338,19714,0.0350040669781263,0.3615053080129016,0.0004241892542537762,0.0018321799458821675,0.019052227488903672
model,93,0.9856034906932184,5.029344222322102,0.4837316956597705,0.48983875898377166,0.2714967021077045,0.9862209,4.992883,0.3819591,0.38894114,0.26344714,40735,0.0006174055508306742,0.03646101690828374,0.10177258516134213,0.10089762000099883,0.008049566420830101
model,97,0.933015830185876,15.145820703374135,0.3178854730443274,0.3204943223678349,0.1719193386819496,0.8888163,14.852062,0.30021733,0.30192927,0.17083138,87802,0.0441995331315852,0.2937584780323377,0.017668142588547375,0.018565057107138516,0.0010879564073219272
model,91,0.7697704693317916,16.191349028369288,0.25819916691863054,0.2629771391571836,0.2394146063826777,0.7754382,13.57105,0.24259923,0.25187498,0.23061833,87033,0.005667720174739155,2.620299338122706,0.015599932933683336,0.011102155846484163,0.008796278526613854
model,94,0.942353782011203,9.104446822878415,0.3310529329538191,0.3376646035345575,0.2641719000783213,0.95812285,8.599814,0.39020193,0.39981133,0.30177665,3418,0.015769067453213492,0.5046324079003881,0.059148993277565176,0.06214672392287046,0.037604747489427715
model,101,0.3377436474652199,24.83905306371281,0.26006891972950996,0.2732580154478177,0.35148443828738035,0.18957847,27.44778,0.26025674,0.26997843,0.32319087,41700,0.14816517389725725,2.6087275454180485,0.0001878177411168691,0.0032795816003903244,0.028293570386531963
model,102,0.20857307897016866,23.772289430326246,0.2522593147710423,0.2582123417582742,0.24906191013132953,0.2560727,27.185375,0.30448842,0.30994168,0.29291958,111415,0.04749962105348246,3.4130857832968005,0.0522291057154079,0.051729337480998894,0.043857666036730775
model,99,0.4434559243543522,21.076035323932405,0.2304035632480435,0.23968383444054725,0.38991673162803675,0.4667186,22.163942,0.2250121,0.23329534,0.41175765,112128,0.023262689747057697,1.0879070131037274,0.005391469465618581,0.006388498074847482,0.02184091636314367
model,103,0.06916363657770688,31.094872026662227,0.4092734859681149,0.409962374984884,0.08374906386507217,0.41071266,28.079338,0.3259311,0.32747525,0.12081507,41846,0.3415490227812714,3.015533952931758,0.0833423839306851,0.08248712521758056,0.037066004618280496
model,96,0.4059650411317,22.44809693664243,0.19050682482214706,0.19813578113192296,0.3044609222543904,0.45572323,22.520437,0.22139704,0.2307772,0.32520247,85534,0.04975818493870404,0.07234030395815694,0.030890217452328034,0.03264142290478969,0.020741542802982627
model,104,0.7977443677934083,19.62061809980758,0.20484494615583737,0.22416161370932966,0.48344281659348204,0.6528381,21.131826,0.23231246,0.24861024,0.4301315,88985,0.1449062568696412,1.5112083009492565,0.027467509617516206,0.024448629491926138,0.053311321594550154
model,105,0.1876667305013876,25.08141818338979,0.34203878811707966,0.35365551570112924,0.3697692803027617,0.19462454,24.111979,0.29124674,0.29981074,0.36894187,61083,0.0069578126886148395,0.9694396525060007,0.050792046106963085,0.05384477832968454,0.0008274069907652226
model,100,0.7294116914786241,22.628439447056746,0.35391765977876644,0.35722786592625166,0.22776460296977707,0.448897,24.891273,0.34677616,0.3497091,0.18294977,128721,0.2805146873511216,2.2628340514784107,0.007141502161197466,0.007518772355542436,0.04481483645309159
model,110,0.7510690067861625,19.702109715811517,0.31928531985927555,0.32223653296119253,0.2102973825592006,0.67912954,22.619465,0.33696523,0.33971024,0.20639324,77021,0.07193946586590494,2.9173551584560613,0.01767991322826412,0.01747370263451059,0.0039041406768763887
model,109,0.9616766319061214,9.38116283788738,0.1881987401336833,0.19873337444928332,0.40327878118259225,0.96223354,10.65801,0.17620383,0.18585497,0.35803276,65784,0.0005569114898746896,1.276846691226389,0.011994908103386964,0.012878403040439329,0.04524601817828927
model,108,0.45787864566669506,26.427395943290847,0.3015055315885629,0.31207041290665183,0.2703589208953396,0.19782972,27.096684,0.30239072,0.3105972,0.23516855,20233,0.26004892230854076,0.6692875589064187,0.0008851928319845714,0.001473201784139011,0.03519037445712242
model,106,0.26805956336183256,29.339091913532723,0.6551977233692327,0.6569405832796796,0.16466714348869402,0.17344321,28.497353,0.67832756,0.6789487,0.10123794,2507,0.09461635025663084,0.8417393134350668,0.023129837055572033,0.022008117148329398,0.06342920568065721
model,112,0.11320805881610092,23.078597735280052,0.6177969688503663,0.6210274758478412,0.19042897374588805,0.11953876,23.177954,0.66743,0.67032707,0.19682221,134768,0.006330702859256895,0.09935598481272123,0.049633014765508965,0.04929959152734187,0.006393237400466628
model,113,0.9279933568966359,7.016144625205968,0.404898526474778,0.4126913364132265,0.27401695966032386,0.91650623,7.1120553,0.46790993,0.47189492,0.1981455,1618,0.011487126065489628,0.09591067646029217,0.06301140566175767,0.05920358345905746,0.07587146579531073
model,111,0.8866233229792432,7.339270095581206,0.26493129195388315,0.27002986963613973,0.2795330710985589,0.8104544,10.749181,0.26448187,0.2722839,0.34195542,91847,0.07616889478328981,3.409910698181001,0.00044941963370798144,0.00225404206887736,0.062422352256543634
model,107,0.17986862773815873,23.301624411782356,0.2561968738249395,0.275702713604288,0.4469359138684953,0.07984919,23.431452,0.22278814,0.24091251,0.47333917,88701,0.10001943672816041,0.12982738570299546,0.03340873364721275,0.034790201659517184,0.026403256349018744
model,115,0.9338466042984611,17.193862715426548,0.36671834407938536,0.38307647393185895,0.5357052734584443,0.95395523,15.153366,0.29831457,0.32274783,0.49964646,100814,0.020108628798615302,2.04049662655936,0.06840377269877013,0.06032864735562604,0.03605881840892955
model,116,0.8251077373749176,17.978134531868164,0.23678933564419155,0.2546621917212606,0.4713522600888164,0.9485913,11.611339,0.22809029,0.24676704,0.5080616,127274,0.12348355452953186,6.366795916450684,0.008699049389308738,0.007895147653877777,0.036709327721699936
model,118,0.9316138547633603,11.76231490204409,0.1977814302656917,0.2130719688273606,0.4986322057522459,0.95481944,9.069697,0.18998358,0.20126101,0.3852934,124114,0.023205586078314466,2.692617521978171,0.00779785372951311,0.011810955081099,0.11333881142508223
model,121,0.9940666713070241,5.561769765839912,0.18550881637072875,0.20427199664649215,0.5512035611328447,0.99406284,5.2553906,0.20289335,0.23949708,0.6908754,67798,3.830368455970401e-06,0.306379121766426,0.017384530177351698,0.03522508379879746,0.13967184990078563
model,117,0.9462139957050543,11.614425629992446,0.22741844109717463,0.23670744501764976,0.41452336736564155,0.8512997,17.14421,0.23024854,0.2371178,0.30796364,24292,0.09491429258386896,5.529785185437241,0.002830099542702691,0.0004103521186570036,0.10655972786788459
model,114,0.6945889757120123,19.94014827997693,0.2823245108702426,0.3281949160985406,0.489837041702384,0.5597202,22.602724,0.27822566,0.35036916,0.5864679,102678,0.13486875753040217,2.6625757953404516,0.0040988505461458935,0.02217423930841128,0.09663088003147219
model,119,0.7929699802522674,17.521851581350468,0.3258065415881787,0.3566017269825381,0.5472122932416392,0.7292272,15.352625,0.33287448,0.34990236,0.45254073,68315,0.06374279500293878,2.1692266881619915,0.007067935321458774,0.006699365351144682,0.09467156777204999
model,120,0.6483806117956221,22.625286712508718,0.4454324539152142,0.44996190807436964,0.21320228826611262,0.6859267,22.776274,0.46233478,0.46717453,0.18751529,98069,0.03754606400088667,0.15098701490827438,0.016902327969932907,0.017212621954927232,0.025686999674727734
model,123,0.8004863487982902,13.994470911924004,0.2368230980867824,0.2565355401827042,0.4528065065648821,0.8638806,14.797662,0.2344146,0.24700767,0.3999716,88491,0.06339422590492638,0.8031908693870307,0.0024084908003291494,0.009527872164363127,0.05283490221765308
model,122,0.34182814943935574,25.865708888913016,0.764663236586018,0.7654769616280163,0.10905892976295956,0.5330355,24.512684,0.58080995,0.5824037,0.1626165,91722,0.19120736729953586,1.3530250205048127,0.18385328575746573,0.18307324220281485,0.05355757645595066
model,127,0.6492629966846934,24.02507356081024,0.225834237012614,0.22801769347636947,0.1894378414328098,0.815457,19.4621,0.25892687,0.2634544,0.26724717,3661,0.16619398974261368,4.562974485492859,0.03309263142610672,0.03543671397716752,0.07780932877707483
model,128,0.16201398296258823,26.919486315164345,0.2855547591625784,0.2893699217087194,0.2591479679256124,0.16135001,28.301107,0.37974232,0.3824067,0.2346681,5254,0.0006639711370267087,1.3816210914518656,0.09418756518968602,0.09303678986964975,0.024479862084929416
model,124,0.723728885250317,17.751737710357972,0.33394977184100233,0.36533273459528365,0.41642995068306926,0.5930979,19.38417,0.37228206,0.47810468,0.57866937,128377,0.13063096006415975,1.6324328218685906,0.038332286159562245,0.11277194618131242,0.16223941853766438
model,126,0.8389727998881731,16.570816439267595,0.27562423558618593,0.2819636066044696,0.299124797039206,0.91243213,16.227629,0.26331612,0.27107987,0.32694593,60871,0.07345933426328566,0.3431877313818532,0.012308110908527847,0.010883738526237807,0.027821133680169585
model,129,0.802079749157675,12.996673096592346,0.31814865536219306,0.3239067057378101,0.24328934171599834,0.79903287,14.983558,0.27745393,0.28180128,0.2387503,103048,0.003046882202871526,1.9868846045184938,0.040694726176325746,0.04210542237828252,0.004539047865099594
model,130,0.9553951412610712,10.772748066282162,0.20050186220774247,0.2303297670877605,0.6097192368594332,0.9764666,8.969985,0.17663778,0.22192945,0.6562025,41610,0.02107145486548523,1.8027630580424159,0.023864078561158908,0.008400321224990431,0.046483258238680825
model,131,0.6477096504922104,14.59265198286122,0.2451195352915457,0.26514915347406176,0.4698008384162591,0.49949542,18.65179,0.21536367,0.2405355,0.49498078,43739,0.14821423361255648,4.059138636035264,0.029755868876331165,0.024613655808656487,0.025179943854172437
model,125,0.26420899499861145,23.346564167662404,0.1858570091130276,0.20594773213667283,0.4745502184636297,0.11936989,25.506084,0.20436344,0.25969046,0.628498,66005,0.1448391081830635,2.159520274476268,0.018506426393793074,0.0537427314062654,0.15394779932430364
model,135,0.4392046074891676,27.79804289607439,0.5524024427553741,0.5544335520438869,0.15983667902501497,0.6736085,23.783697,0.5372027,0.54148954,0.21574281,104515,0.23440387439483507,4.01434576777849,0.015199726881655828,0.01294401051327776,0.05590613253561583
model,133,0.8618175311914498,15.920950736357362,0.24156605529634087,0.2477879982411371,0.28979736043392973,0.66716266,21.724648,0.23176423,0.24029805,0.35671666,99376,0.19465487440739215,5.803696785615294,0.009801828144470143,0.007489950579355781,0.06691930221141024
model,134,0.8922752700341309,11.013450875043674,0.2762783201060944,0.28218298055690205,0.2815697373726465,0.9083497,9.554885,0.26990777,0.28174427,0.3503315,17825,0.01607442278737181,1.4585659644601776,0.006370547565048235,0.0004387090401021254,0.06876174789880735
model,132,0.9549938674772444,3.517338839962612,0.3118961791376279,0.3178984967583138,0.20296372395827636,0.9611297,4.2591558,0.32463923,0.33303913,0.2031044,106331,0.006135857502156283,0.7418169103120462,0.012743051828940088,0.015140637982515692,0.00014068263695374283
model,138,0.08744673401355163,24.893555062401198,0.2705889145762498,0.27366531201463073,0.2042213675490638,0.09075033,26.818455,0.26332998,0.26608127,0.18700095,25533,0.0033035951829014643,1.9248996800304425,0.0072589318186814245,0.00758403845887512,0.01722042233860696
model,137,0.5666412671046329,21.960759088376207,0.18804043704213647,0.2099715267029838,0.44779041985696333,0.87290853,18.840435,0.17920546,0.20985526,0.48163995,29684,0.3062672655148434,3.1203240603000353,0.008834974705596244,0.0001162682381705693,0.03384953161055071
model,136,0.550484676957848,22.04887770950407,0.1913910207565517,0.20771353559715156,0.4672449497576657,0.7665359,19.221857,0.20338193,0.2209849,0.49562517,48891,0.21605120122360955,2.8270206385812173,0.011990905064752616,0.013271370361024104,0.028380218327432594
model,142,0.16533054361099478,29.345118202621162,0.35277176910517155,0.37738844248986003,0.3992587827755093,0.13220209,27.442757,0.3016329,0.3157956,0.36197683,42954,0.033128454778139554,1.9023615497891306,0.05113885813829838,0.06159284207558391,0.03728195062409634
model,139,0.7485983905751845,20.697253495915405,0.7254061674825885,0.7316708086136825,0.2161498898212645,0.7681416,18.334352,0.8197346,0.8252538,0.1902688,20962,0.01954323673652203,2.362901002629272,0.09432840588166935,0.09358297604284216,0.025881090158674486
model,145,0.9302521885031892,8.0855655927448,0.23670972077118677,0.25437666162397815,0.4400560742887194,0.9027792,8.970675,0.25184458,0.278499,0.4988706,51254,0.027472966968460244,0.8851098757000244,0.015134864170677248,0.02412234560105847,0.0588145369020765
model,144,0.3090656313632334,28.117480417812164,0.30781673903776924,0.3220865669606171,0.30576217712799936,0.157177,29.427174,0.32874823,0.33604646,0.3037447,44350,0.15188863012536413,1.3096931966897891,0.020931487128002246,0.01395989033003231,0.0020174735967340984
model,141,0.7657669925312052,22.708734590351682,0.3106967219610965,0.31408264684007425,0.23751935106006164,0.3930655,25.216278,0.33799875,0.35717443,0.4834872,55846,0.3727014803508768,2.507543485820193,0.02730202586452607,0.04309177947714071,0.24596783775600892
model,140,0.1660318428554077,28.011975949025413,0.3238564876207863,0.34787482570530726,0.36621959110076624,0.34637225,28.02469,0.2612827,0.2771357,0.29447126,119733,0.18034040388684083,0.012714679026345266,0.06257377539964065,0.07073912571789576,0.07174832721526819
model,147,0.42956736116566474,24.123290005733544,0.25241678206453805,0.2630745891938337,0.4200761757759093,0.53644776,21.155361,0.22251806,0.23083885,0.38375568,57139,0.10688040227732842,2.967928830196435,0.02989872543344979,0.0322357390532621,0.036320491876983496
model,143,0.8263902732345199,16.807628339580575,0.1938678611556746,0.2129673959230728,0.47078280362297303,0.52073383,22.369987,0.18364699,0.20918016,0.5864407,113506,0.3056564399215316,5.562359148212394,0.010220869306728969,0.0037872345661468243,0.11565787878822081
model,149,0.7325367677949916,21.396808775049138,0.238539231779458,0.24721312787180877,0.3915016047137712,0.79485834,15.779094,0.2263196,0.23980963,0.39517897,54183,0.06232156865367788,5.617715032678532,0.0122196356080789,0.007403495570478202,0.003677368961002958
model,151,0.4610299561215927,28.502455224319,0.5382406378943518,0.5395228482404623,0.15312226561540096,0.4973401,27.58751,0.5062406,0.5076567,0.15230675,42200,0.03631015680298311,0.9149460690455626,0.03200003158636844,0.03186615478190513,0.0008155151986452835
model,146,0.5779204551309453,16.624220162261352,0.22658339681882728,0.233220078659345,0.2989648277351774,0.50012565,16.461933,0.23202096,0.23934329,0.28994894,18035,0.07779480853975873,0.162287026275024,0.005437562439252253,0.0061232069012629176,0.009015887458077798
model,150,0.08858176478583095,29.743542841370633,0.9376613722717488,0.9379942551056963,0.06700956683344662,0.070121095,27.556084,0.96538943,0.96554184,0.038153097,17827,0.018460670201365922,2.1874591621714146,0.027728058251169863,0.027547584493913035,0.028856469799945952
model,152,0.21331886581792758,27.037833879887053,0.3260173110395417,0.3277086809233971,0.1532248752583859,0.17702001,28.349092,0.28710875,0.28924185,0.1408743,50369,0.03629885248556064,1.3112586036334548,0.03890856188831182,0.03846683054726796,0.012350578831612835
model,148,0.6345529366133218,19.564829420382182,0.30520592233842525,0.30965188315045894,0.2600893953825571,0.6634564,18.851463,0.2600071,0.26329082,0.23805518,288,0.02890344375395726,0.7133661025110882,0.045198809120117756,0.04636106064450801,0.02203421089902896
model,155,0.8416453247129438,19.96469514486073,0.33470420579680177,0.3589927745714319,0.3793427618987466,0.85445946,18.22089,0.25985387,0.30349293,0.42551678,1539,0.012814139837074467,1.7438050996947148,0.0748503361202118,0.05549984105969791,0.046174022292384986
model,156,0.8798101208695451,14.299343068455833,0.3369132109021278,0.3683347950181558,0.5798606424061145,0.84594667,15.744453,0.39838147,0.42650217,0.5314537,52379,0.033863451290992885,1.445110361719948,0.06146826073178335,0.05816737316040255,0.04840691373027217
model,157,0.623455388252812,18.322197687699667,0.2764631703521938,0.283340287494776,0.2500535282570231,0.77376485,15.272466,0.4046297,0.41623184,0.3413217,68642,0.15030946045629445,3.049731981828085,0.12816653698423197,0.1328915533541467,0.09126817851482749
model,159,0.9024501935724074,5.204776859907106,0.2364135467828807,0.24744419006877688,0.24358099424138643,0.8747653,5.966621,0.23841435,0.24276061,0.26273558,1502,0.0276849166635329,0.7618440621815168,0.0020008003889027404,0.004683576508100307,0.019154581196159343
model,160,0.22585765176685982,25.728248167788788,0.4542024856028347,0.458843736856662,0.19922250088322113,0.16614236,25.79963,0.49021357,0.5076604,0.3123826,127469,0.059715292390906144,0.07138104363699327,0.03601108737613867,0.04881665208987118,0.11316010776889374
model,153,0.7143390095101758,20.595779243672474,0.20733897324791595,0.22304375769128917,0.4596357423202672,0.7470299,19.496372,0.22233842,0.24333227,0.50226736,119874,0.03269089104066647,1.0994070207720839,0.014999449884980476,0.02028850911626698,0.042631618366988644
model,154,0.08846996329070529,25.26143326868523,0.2473916053013782,0.25796000799623825,0.30697645265955115,0.2259466,22.633484,0.22624949,0.23233566,0.24709448,110298,0.1374766419148306,2.6279493819664808,0.02114211909341615,0.025624351114905852,0.059881970476094726
model,161,0.9801669462623165,4.740076050599498,0.2454080761248262,0.25424722979734965,0.2811055945589409,0.9592159,5.5796895,0.26853508,0.27953848,0.30148184,43268,0.020951066822008868,0.8396134521165664,0.02312700144704269,0.025291252630247396,0.020376248435749034
model,158,0.26880179353989336,23.090316350390637,0.2602899668123968,0.26999019397146734,0.33339874525319835,0.1847325,24.587997,0.29889354,0.31951642,0.38287804,139498,0.08406929680145953,1.4976810861328005,0.03860357428524419,0.04952622639291254,0.049479290053732194
model,162,0.7763559454036698,22.760930879063146,0.2845468469821997,0.28974055895087963,0.27923769765272677,0.9084822,17.564554,0.24044713,0.24926578,0.3240329,42803,0.13212624854316857,5.196376664585607,0.04409971320267392,0.04047478386638409,0.044795205064863564
model,167,0.06736856435698078,28.751057269945797,0.35459274566689597,0.360863164947599,0.2571400192023797,0.055500045,26.757128,0.36788923,0.3722383,0.20740405,23918,0.011868518938241465,1.9939295081049764,0.013296479816044704,0.011375143243700425,0.04973597195163204
model,165,0.5720281058400876,14.803183646275713,0.2939954790323395,0.2994700474656938,0.24510130663571125,0.6306602,12.79828,0.32826695,0.34460637,0.3558489,46663,0.05863207043707308,2.0049038840076463,0.03427146942919307,0.045136322268116646,0.11074760178866619
model,166,0.8959810395332494,14.33464104092782,0.18205543338640748,0.1939740091273503,0.4273575056608167,0.87527996,14.113092,0.21014732,0.23421419,0.47727737,102649,0.02070107651673936,0.2215486184424691,0.02809188783780517,0.040240177541045696,0.04991986264629694
model,163,0.7325798061766399,17.493132044755228,0.244521902213614,0.25389908463413036,0.27968022283248223,0.31125742,22.369558,0.26200303,0.36804664,0.71938926,1459,0.42132238420627244,4.876426289595358,0.017481132139642225,0.11414755671566212,0.43970903698273384
model,164,0.3174112222057577,21.96729013759177,0.20084720405727505,0.20419475921272717,0.24500570862536009,0.4174658,19.837389,0.21155006,0.21506488,0.22330345,68069,0.10005458380162757,2.1299011452822008,0.010702852877081642,0.010870124019389527,0.0217022564912277
model,173,0.6002774794373155,23.541624250972404,0.22577143667539182,0.2350985104534087,0.371150089771008,0.6201903,22.282326,0.27630904,0.28633088,0.39370427,131660,0.01991284296182394,1.259298506343498,0.05053760649362979,0.05123236828117991,0.022554175585055847
model,169,0.9144715573811116,12.9852300807569,0.2749100180532014,0.3201829543045808,0.5469430481125117,0.9512185,5.435145,0.31485316,0.35973653,0.40417278,88135,0.03674692845110272,7.550085179481265,0.03994314352020861,0.03955357766830431,0.14277026998293407
model,168,0.9765720550475673,9.224856937779315,0.20578127441272048,0.21979381159622036,0.3589635866438329,0.9634831,9.824373,0.22221565,0.23145387,0.34987503,129278,0.013088959878499895,0.5995163074599432,0.01643437805309983,0.011660054170304912,0.009088553742068961
model,170,0.07589894302804139,31.173682142208015,0.39926967688616954,0.4013159613533045,0.18772926177007157,0.17418015,27.298477,0.34834108,0.3515214,0.19718997,83412,0.09828120700400207,3.875204969356453,0.050928599320022694,0.04979455875587713,0.009460710034547265
model,172,0.6668377372459794,21.488010301521605,0.6086663087007128,0.6104127954328458,0.18185812807702176,0.6105009,23.13431,0.55489653,0.56111866,0.22003186,127898,0.056336865110817036,1.6462994671551527,0.053769775211485515,0.049294133075515445,0.03817372941351779
model,171,0.3524347532428719,25.539044292607514,0.3441694518021025,0.3921991191800497,0.5251324938422239,0.26585367,28.249697,0.40244472,0.4884497,0.5374531,95843,0.08658108002319109,2.710652438959869,0.058275268466147,0.09625057354608557,0.012320621144195743
model,177,0.34465938113852645,25.607656309129908,0.8618125410409462,0.8641604998766257,0.12520142933716377,0.3774842,25.969688,0.8260946,0.82788026,0.13646677,11502,0.032824821246422276,0.3620321063974359,0.035717913660575085,0.03628023654807344,0.011265342027048264
model,174,0.9402408194613534,6.01849598689428,0.48310746723871817,0.48933785336756835,0.19526035181642898,0.920569,5.976424,0.45569226,0.46005416,0.15364957,116898,0.01967181683302699,0.04207176967015869,0.02741520578127493,0.029283694203139643,0.04161078325868972
model,178,0.30441721637004654,23.26704239698495,0.26349102226029614,0.2736049948552013,0.2973986917604029,0.15072244,28.104229,0.29563823,0.3006917,0.21228768,42254,0.15369477231258194,4.83718657640372,0.032147211162936895,0.027086699166023687,0.08511101244578956
model,176,0.9583967472260032,6.011473508381506,0.3399578081537717,0.3508890861854926,0.31887658571854827,0.9371833,4.2727866,0.37492657,0.3836945,0.28719553,59051,0.02121342670369486,1.7386868911024536,0.03496875892386503,0.03280541354557126,0.03168105220452544
model,180,0.30684749344767265,22.964405064822593,0.24164703510884353,0.25074093212717,0.3006297292489329,0.37032053,26.036715,0.31001493,0.32229596,0.3179883,51618,0.0634730352979786,3.072309489010415,0.0683678982388585,0.07155503163702065,0.01735857703501792
model,182,0.9871661587778288,6.996672449503478,0.18880317962439797,0.19761392242147793,0.3716577293886918,0.98323125,7.293705,0.18892466,0.20418373,0.38552797,99602,0.003934912306423732,0.2970325370687874,0.00012147569386222745,0.006569805081344943,0.013870239017985453
model,184,0.648919077188685,23.141109502748776,0.3824287691620161,0.3841580600358814,0.17240252156418606,0.67017376,21.726582,0.42676258,0.42880788,0.18695776,41623,0.021254687040135778,1.414527929262448,0.04433381170956591,0.044649824418845796,0.014555240081131016
model,175,0.43490482177378526,22.19568798009539,0.22433491638472308,0.2430950458946773,0.4226581435158131,0.4368854,27.196178,0.28598428,0.30417836,0.3518146,62291,0.0019805649316133045,5.000490456183908,0.061649361340496645,0.06108331122965133,0.07084354567073559
model,183,0.7130760576594262,22.197368896815647,0.3589573514877031,0.38188012570371965,0.4801922007374922,0.97444177,9.519079,0.24165972,0.26373178,0.49248752,67695,0.26136570907946544,12.678289688441623,0.11729763571602797,0.11814834803572039,0.012295319241984737
model,187,0.9160661096922011,7.475537399329781,0.29469731072715244,0.29717778003296214,0.1734933460050279,0.87789935,11.328646,0.2570406,0.25945377,0.17801166,5920,0.03816676095639182,3.853108306846977,0.037656720679316136,0.03772400653442698,0.00451830980246723
model,179,0.929622084479411,4.060686852451973,0.24883263375673906,0.25972613270579503,0.2615687449782084,0.9381767,2.7796597,0.34425157,0.36166787,0.32354036,46132,0.00855460705272404,1.28102710437458,0.09541893932904585,0.1019417387694247,0.06197161475728047
model,186,0.4919783273819953,22.56308977900667,0.21361944296408214,0.22752025606387158,0.42478356486049806,0.40926892,23.096407,0.22079779,0.23269965,0.39379376,57821,0.08270941172876656,0.5333171576388374,0.007178349112982374,0.005179391481942935,0.030989803130303972
model,181,0.9188266229545689,18.019501844124648,0.2773022193907876,0.280310171065188,0.20984947901193818,0.9761339,12.398172,0.26405317,0.26692203,0.19055498,67014,0.057307260044851316,5.621329465584608,0.013249053478159412,0.01338814419255313,0.019294502548620307
model,189,0.36742807492214113,27.99141905085708,0.4661830709337126,0.4686685227001416,0.17084882294845866,0.6421041,24.806776,0.38167205,0.3842057,0.19629765,122404,0.2746760143379602,3.1846430041041494,0.08451101640452252,0.08446282373316161,0.025448822620389
model,190,0.34176880494907613,28.72737408101483,0.7111335208426286,0.7122975891212479,0.12471558714341824,0.42721227,25.1097,0.76693326,0.7684736,0.11646682,125615,0.08544346316501383,3.6176748317472516,0.05579974150554645,0.056176036061857615,0.008248766903397486
model,192,0.8810388036592879,16.956715879107612,0.27827406251383635,0.2984501932593147,0.4351076826355756,0.91231287,12.093957,0.23634078,0.2517658,0.3823296,4980,0.0312740615979753,4.862758931780952,0.041933286427982774,0.046684405657843764,0.052778069665223415
model,188,0.25389753348618377,30.006949383398847,0.49698463665739795,0.49749768007574374,0.09605458428544503,0.4099868,25.91455,0.54621243,0.5467785,0.09397277,70264,0.1560892605087198,4.092398602148847,0.04922779811127881,0.0492808200043649,0.0020818119255970047
model,185,0.06736565712983736,29.356217713819753,0.385551050400788,0.3908029658395237,0.27100664070713,0.17347693,23.181128,0.24559449,0.3122152,0.71904093,67410,0.10611127730314604,6.175090165601979,0.13995656380658789,0.07858775683226049,0.4480342895640187
model,194,0.19500203011937006,26.491063102348086,0.884096412743556,0.8856260445079697,0.11100992983499151,0.21902457,28.33867,0.8564889,0.85750955,0.09974089,49295,0.024022538676787775,1.8476076282427343,0.027607529248225182,0.028116491075505068,0.011269037186294614
model,195,0.7728545663754799,22.03883973012778,0.6720592651722062,0.6746920816874246,0.2034309881680339,0.95940125,16.17942,0.33367944,0.33721516,0.24706848,82382,0.1865466835100792,5.859419258936374,0.33837982753487705,0.3374769263243417,0.04363749148913926
model,196,0.5833180093278045,23.910432911244524,0.39066205720724717,0.3931222335091354,0.1683742268616594,0.5333079,24.617947,0.33726513,0.3399275,0.19957608,24276,0.050010099362289395,0.7075137135113359,0.05339692334952012,0.053194738983225964,0.03120185298376907
model,197,0.1905149057239562,26.728324406370266,0.6089633326412761,0.6124009611265108,0.20690020862373198,0.18479988,24.577337,0.6083756,0.6118201,0.20934775,53983,0.005715025934603796,2.1509871413556176,0.0005877237202250862,0.0005808593885346935,0.002447546093141184
model,193,0.9237148961776335,12.217091054239901,0.3761308003316707,0.39071009023733233,0.39839605045612414,0.9666059,11.439846,0.36922804,0.3845366,0.4353785,100008,0.04289100554050618,0.777245015421542,0.006902765120107568,0.006173496084881769,0.03698244142238538
model,191,0.12197353088143188,21.190917206044976,0.2099999524021086,0.2205093070396196,0.3566354816018904,0.09353386,23.870848,0.21282002,0.22480519,0.39727622,61615,0.028439672224548643,2.6799304959813917,0.0028200708961549636,0.004295884119628751,0.04064074110395066
model,203,0.8744055943784035,13.874624331960725,0.2194744095867418,0.2255830937990294,0.29687231918619383,0.84077525,14.30075,0.21515587,0.22222431,0.30185437,73404,0.03363034298985368,0.42612544678683406,0.00431853986437547,0.0033587837585554725,0.004982052838342299
model,198,0.5770285031797535,20.85753426465485,0.28910807348549017,0.29161219545485184,0.2000262962622891,0.5756875,24.135557,0.27257717,0.2769333,0.21184646,92812,0.00134097552319834,3.2780229100277687,0.016530906928178157,0.014678883038775181,0.011820159669374414
model,199,0.9237648510780485,14.216271165170888,0.25358461628301077,0.2731794593258578,0.43929007326276304,0.7944265,16.446856,0.2887997,0.30435038,0.35470855,136517,0.12933835028077678,2.230584379873058,0.035215086838174536,0.031170916803292592,0.08458152090222837
model,201,0.03509088848096508,25.948590327921735,0.3851122361900891,0.3891341224983265,0.20722724847663415,0.031251553,24.826643,0.29425612,0.3056174,0.28451583,79555,0.0038393350349106223,1.1219473378094307,0.09085611526990783,0.08351673043518565,0.07728857941757666
model,205,0.5844573961227545,19.463918523917968,0.46610061632944577,0.46830100227068566,0.13225964306064458,0.4991929,19.237764,0.42686492,0.42910475,0.15040667,60388,0.08526450261765806,0.22615416539746036,0.039235694282784395,0.039196256882654656,0.01814703048996119
model,200,0.9008428393569887,4.123406706673258,0.2874103525873326,0.29638503730229515,0.3167734408567315,0.91785604,4.7940564,0.28115964,0.2912199,0.3271654,76666,0.017013198259741014,0.6706497088846035,0.006250713228812099,0.0051651471846498875,0.010391954164707118
model,202,0.27379385513340904,23.35158146284153,0.2409978233290636,0.24681012703592947,0.23397952648153136,0.28820732,19.60513,0.2335871,0.23656078,0.22775514,117461,0.014413467225676047,3.7464522208981705,0.007410722227188304,0.010249350206209928,0.006224382243059379
model,207,0.539939279636468,20.53808935823708,0.553778749023696,0.5554351331809882,0.14191701678731844,0.6337114,18.721075,0.5062929,0.5074835,0.11481538,137789,0.09377211801138963,1.8170143002536818,0.04748586944224453,0.047951650820148406,0.027101640088347645
model,206,0.6043057662501554,15.535291608441867,0.4261767408428032,0.4348463708742162,0.28552778090948006,0.5038399,15.150395,0.34107965,0.3478903,0.26401186,138453,0.10046585621979043,0.3848962150702846,0.08509708853338549,0.08695608323650561,0.021515921015681228
model,204,0.6737845466655161,19.097586118536523,0.6630672780122303,0.6689205674540549,0.2293602498906551,0.38218084,19.519865,0.4165194,0.46556637,0.37398532,93290,0.29160370688852333,0.42227891747421964,0.2465478745545887,0.20335420054312048,0.14462507043901104
model,211,0.0802121664165896,30.53965923713138,0.5561505420977219,0.5580970105410145,0.1477693759833802,0.09700054,29.897211,0.5346303,0.5360146,0.13757811,56838,0.01678837288623633,0.64244816230228,0.021520243483219903,0.02208239405160406,0.010191261116169803
model,212,0.9288807948671058,10.858756800101816,0.29934067158677763,0.31834636798393756,0.3935594678845979,0.922102,12.47795,0.25534257,0.26792622,0.3647414,74392,0.006778820379801154,1.6191932960285556,0.043998098659302654,0.05042015185844928,0.02881805309921276
model,214,0.03908594223922278,24.9362127959509,0.23379422930206237,0.2401420502693387,0.24338668012229567,0.022575999,26.11699,0.28480977,0.29009497,0.22421275,39616,0.016509943560419335,1.1807763397912865,0.05101553889785829,0.0499529213874606,0.01917392932979231
model,209,0.9654692670005569,8.558837761068041,0.2669834275735327,0.2894863473929206,0.4381343380860624,0.96925884,9.788651,0.29172635,0.30962852,0.3831538,65699,0.003789577851890602,1.2298137053015878,0.02474292321076904,0.02014216904270255,0.054980541890078505
model,210,0.20540813108188996,23.705069307218267,0.2573519898522294,0.2606184272075321,0.21080142930289972,0.09494855,25.680159,0.2657775,0.2686766,0.18744282,131957,0.11045957853300462,1.975089307894038,0.008425508631428436,0.008058181593355973,0.02335860505840051
model,216,0.767270126212729,18.06121180366536,0.32210399153593156,0.3243204235652786,0.1845408039277319,0.89664364,15.457788,0.41100755,0.41481394,0.19530971,3750,0.1293735123981108,2.603423336258132,0.08890356180307296,0.09049351219140472,0.010768909555124856
model,208,0.549739269451456,22.09114312310442,0.2228776090559715,0.23098743062511914,0.3751583622058566,0.5218997,24.327305,0.22080491,0.23131151,0.3985246,73576,0.027839569286661092,2.236161716983471,0.002072694223856336,0.0003240843485212974,0.023366249982482656
model,217,0.3357951459568442,19.696184444620584,0.23649827535657658,0.24526011651194105,0.3328248635367587,0.31246853,18.686245,0.22260462,0.23056856,0.30568507,124660,0.023326617209285583,1.0099394800209751,0.013893657880113264,0.014691558534264654,0.027139790399475394
model,213,0.9603546669937276,7.172579066326172,0.5673744440782312,0.5767546291595705,0.26716446487729695,0.9525448,9.497598,0.669496,0.6802452,0.2390646,27582,0.007809858605971276,2.3250186280708007,0.1021215557348486,0.10349059150159279,0.028099860833336376
model,219,0.6612987839626472,22.806345344926466,0.25552185306070707,0.2611260976952411,0.3183098470751201,0.66224164,24.630816,0.29796034,0.30647868,0.33943483,22477,0.0009428537441094065,1.824470161054979,0.042438487916008016,0.045352581484904175,0.02112498525939832
model,218,0.645800770480341,21.235423457278774,0.42657069006197446,0.42870593097421034,0.18925582064062788,0.6954102,23.035995,0.61984855,0.6221708,0.18806607,58244,0.04960942153244585,1.8005720261196636,0.19327785930402286,0.19346487495688097,0.0011897553291959906
model,215,0.9579965097950511,6.4716426051763065,0.5855714941923871,0.5910454515129209,0.19452207047384984,0.98219115,6.200924,0.6923044,0.7000263,0.18214685,118498,0.02419463562502333,0.27071868549857214,0.10673287859508851,0.10898082221449612,0.012375223225772447
model,221,0.21459088848279417,25.091714036162635,0.23914178596896207,0.24655434295336448,0.2899966582928795,0.22036391,28.427147,0.23846011,0.2458106,0.26518774,35316,0.005773026483789079,3.3354328754584586,0.0006816773311523194,0.0007437448183699735,0.024808917966951782
model,222,0.5183325044052617,17.160782499926142,0.3355743859308445,0.3372065042493972,0.15493446311682668,0.47545728,19.119091,0.3490778,0.35220948,0.17081214,51030,0.042875223531009365,1.9583085340094044,0.013503405044726191,0.01500297436731729,0.015877681758699747
model,223,0.703839878472155,20.274152005687334,0.26446546494838913,0.295513465253106,0.44953884207810274,0.9441092,7.9127345,0.2731104,0.30915132,0.4763951,1072,0.2402693229591194,12.36141749717293,0.008644924761083528,0.01363785639644538,0.026856258277045575
model,224,0.7924964643035302,18.79589879775249,0.23881791413212902,0.28455612593265683,0.7984802723782627,0.83115256,17.963335,0.24856496,0.2796273,0.6282146,43252,0.038656094023191034,0.8325637605210439,0.009747044440258673,0.004928832584344456,0.17026567467623632
model,226,0.06661100249956625,22.78916012327719,0.208931857551423,0.213068453722355,0.24185201315719954,0.08373386,21.750286,0.23191199,0.23914018,0.2567246,100627,0.01712285417844278,1.0388740209822664,0.02298012951484593,0.026071729011180766,0.014872582866360035
model,220,0.4917329408438118,24.418479228678763,0.2702584716433429,0.28055569910233785,0.35702442611151064,0.33128765,20.73046,0.29129928,0.33917317,0.49903515,22625,0.1604452885897072,3.6880200154219267,0.021040811861143205,0.058617468841616616,0.14201072370118772
model,229,0.09655535278207354,31.597638605603496,0.34467934326580457,0.3541531113579547,0.2435426657106323,0.07289079,28.077456,0.38031256,0.3924869,0.29339442,41521,0.023664564465346857,3.5201830849736133,0.035633218723025994,0.03833378873321658,0.04985175086003116
model,231,0.5204351528744224,23.92612576724904,0.2927892247339816,0.29965690979373827,0.32208241469547527,0.6362742,20.406773,0.261379,0.2719739,0.33112547,17066,0.1158390656848427,3.5193531537236495,0.03141022120920134,0.027683001846197985,0.009043053320195504
model,228,0.050226543918954474,32.07161188343632,0.49134842044652727,0.4961587702014244,0.16341964439761056,0.07997736,25.063278,0.37589064,0.37932542,0.18083556,24569,0.02975081942905273,7.008333685194131,0.115457778041971,0.11683335053704147,0.017415915566569434
model,233,0.2986216790078834,28.07243163495321,0.3411330432031708,0.34256399671547766,0.16186905814741748,0.16406295,30.972347,0.4185848,0.42051584,0.16478589,32688,0.13455873197304757,2.8999156245682727,0.07745175060290527,0.07795183856970911,0.002916833623899051
model,225,0.9110308585323837,9.617818074719395,0.22974459084990223,0.23888913159628808,0.33754249462861236,0.7710879,11.999344,0.26896265,0.28558514,0.39653227,122611,0.13994297362942965,2.3815257973509176,0.03921806064126293,0.046696003625193244,0.05898977270346467
model,227,0.9396668573082421,13.850064438411437,0.6768880680378647,0.6841223244008613,0.21303586638385777,0.39124614,25.54052,0.59793234,0.60088986,0.16352816,2721,0.5484207173050377,11.690455275944032,0.07895572932326511,0.08323246281715158,0.04950770712310795
model,234,0.7868472391048607,21.920695070407813,0.3614411290705416,0.3670842123507334,0.33495337110467455,0.4917091,27.438684,0.42513898,0.42835578,0.24036537,91789,0.29513812598382794,5.517989393093163,0.06369785107968118,0.06127157087337243,0.09458799999661943
model,236,0.06785860956905446,21.940812325437186,0.2138317811736264,0.21813561680791452,0.20638555002214365,0.044724163,23.031775,0.21503708,0.22414741,0.28810146,70948,0.023134446901064726,1.0909621954368376,0.00120529649170259,0.0060117923927538175,0.08171591448782034
model,235,0.9569819985453015,12.77432790981382,0.19960175187894458,0.2513006199097729,0.746503120348756,0.91147655,15.363368,0.19837642,0.24767542,0.8043472,13028,0.04550544605888185,2.5890401245489727,0.001225334718910398,0.003625201056013161,0.057844096734221306
model,232,0.20380070967339917,23.52590045167098,0.2880062503644294,0.29849707459445013,0.3037049222694119,0.29394087,21.852108,0.2483825,0.25417295,0.24930929,91418,0.09014016228056507,1.6737924499619972,0.039623756510860364,0.044324123611402644,0.054395635794230346
model,230,0.1627662009218942,24.215065318683042,0.25946677735375206,0.27147994647508167,0.35733763211801817,0.13931303,23.992552,0.290519,0.299823,0.2844439,62517,0.023453173659206517,0.2225135150941746,0.03105222174597938,0.028343039650864377,0.07289371722772886
model,238,0.1348731313444213,26.312673210844768,0.2524294135177889,0.264541873320246,0.42596372767027146,0.14918949,25.68636,0.2929502,0.30875295,0.43659955,78181,0.014316355755226218,0.6263138053271895,0.04052079943768594,0.04421108068594909,0.01063582496110671
model,241,0.9252278342908469,12.262418667363143,0.3100139601432573,0.32571356360655507,0.3404552563917734,0.9245767,9.835166,0.29755396,0.32644728,0.38868377,103589,0.0006511345571127425,2.4272526898851154,0.012460003634620853,0.0007337146546296247,0.048228509734859315
model,237,0.6853117109758247,19.187727244726407,0.28721255790577604,0.31912154558647826,0.4415044787362254,0.5405529,22.52343,0.34466538,0.38059124,0.35471535,28223,0.14475879683321602,3.335702625879062,0.05745282042636202,0.061469697918999644,0.08678913144618633
model,242,0.6095764914318444,22.109408248287547,0.20188989290390646,0.21957465657542286,0.3493063771703944,0.5976879,22.338085,0.2626575,0.3146407,0.52752966,8463,0.011888591365468715,0.22867692627299974,0.06076760044898355,0.0950660442416853,0.17822327971666002
model,240,0.055836534949959146,26.14518103619739,0.21808520868414966,0.22210852243985404,0.20673458742204237,0.079751275,24.599041,0.22688648,0.22869721,0.17098586,108248,0.023914740529834402,1.5461400510899672,0.00880127236252698,0.006588688110454183,0.035748724809318067
model,243,0.9738056310858214,13.365587055366689,0.2640993781298983,0.2866245117477226,0.5000001463437569,0.9736238,12.105621,0.29644313,0.31168774,0.4676204,100731,0.0001818188871824944,1.2599657174760637,0.0323437564163816,0.025063225955600787,0.032379743769217706
model,239,0.6149028194849584,24.265945760421122,0.6174586280154123,0.6226161638697398,0.27762213289535453,0.44862574,26.42577,0.6325838,0.6380062,0.24677007,105157,0.16627707609582876,2.159824045487081,0.015125168962584534,0.015390046457408602,0.03085206389224937
model,246,0.6823574111009911,18.978694072810317,0.18408336842645157,0.21238652985062134,0.6320176563185977,0.81628245,17.2654,0.1774206,0.19805776,0.61438125,99304,0.13392504005181038,1.7132941399489887,0.006662767177710416,0.014328774022717594,0.01763640259926791
model,249,0.30406602161972696,27.00139429820611,0.2586655135514474,0.26492002724001507,0.32356022910913435,0.34231502,25.90376,0.25250646,0.2626259,0.3366831,31376,0.038248996557305515,1.097633388171932,0.0061590488316750625,0.002294124348856008,0.013122865392361016
model,250,0.5090698736907082,22.376337180100474,0.2095782600256826,0.21699122432156037,0.3375805262202627,0.59944224,22.630375,0.2234351,0.23458858,0.3840917,43095,0.09037236988534159,0.25403772834679117,0.013856843867597418,0.017597354021831046,0.04651117886358436
model,245,0.9718309472272008,10.118832951270043,0.2262052404463477,0.2674346989163697,0.6556926019676662,0.96457726,11.064753,0.20988674,0.22788495,0.4876974,125001,0.00725368959399153,0.9459196274653081,0.016318495827931878,0.03954975066273808,0.16799520926556355
model,251,0.449159803178819,25.585641860876127,0.30206979024092045,0.3039022413026488,0.19625606904885265,0.503693,22.85769,0.29215786,0.295182,0.21559742,94578,0.05453318140217467,2.7279510497189,0.009911931630767257,0.008720251632849008,0.019341351882009777
model,244,0.9810534364567317,5.062115818687822,0.24405713229078813,0.28580979989636807,0.5366528423618833,0.97604,4.076639,0.2797953,0.32368872,0.56989783,16512,0.005013430772832783,0.9854766432727828,0.03573815674882369,0.03787891579996677,0.03324498812441434
model,247,0.6972272960617378,18.269697333735202,0.29900820935951256,0.3424175944741434,0.46979736787263165,0.8557076,14.390379,0.30840245,0.37506026,0.5678094,59368,0.15848028974987716,3.879318381708835,0.009394239533080828,0.03264266582172454,0.09801203507002582
model,254,0.9057186897219285,15.071305404527394,0.46955794715442534,0.4836375690799083,0.3530984818006806,0.7968547,18.645573,0.49175027,0.4992052,0.25957227,14240,0.10886401490579689,3.574267257826122,0.022192322973824785,0.015567632784334262,0.09352621426833196
model,256,0.8333085350044529,17.05044221674534,0.20403070830247566,0.22546709893648018,0.5767545588388231,0.9134295,13.021815,0.21295598,0.23470072,0.5485922,57668,0.08012096366803245,4.0286269167575455,0.008925273190520555,0.00923362554605614,0.02816234902284409
model,248,0.5590721404205383,21.688352202849515,0.21025353966237348,0.23151718314039277,0.5152527216186565,0.5286346,21.211502,0.22244284,0.25232762,0.56189287,135254,0.030437532628637687,0.47685012765420254,0.012189295907008235,0.02081043784273101,0.04664014546966133
model,258,0.8291862841188032,18.540633721506012,0.3069720473242468,0.3231290221213617,0.4807606405842435,0.9824236,9.724348,0.21044233,0.23029381,0.51846653,33477,0.15323731941589525,8.816285653268707,0.09652971291071838,0.09283521175377746,0.037705891646133693
model,253,0.7431345044805242,16.370790088888626,0.23699913348656368,0.2513779762854531,0.4793054343398864,0.72779435,16.673859,0.25857168,0.26630026,0.3865754,13421,0.015340155286951207,0.30306855368949925,0.02157255087394047,0.014922284735207292,0.09273003351057124
model,252,0.7603075570140666,13.045627434113158,0.2556753327010633,0.2628112231337722,0.3067841546806925,0.8442917,12.085671,0.24455297,0.26482847,0.3846271,54985,0.08398412999765215,0.9599560092474348,0.011122362768507144,0.002017250195771869,0.07784294912484951
model,259,0.917382631358546,12.412115104391795,0.19446326325217075,0.22214824501424338,0.5868472533787238,0.9172222,11.376332,0.21989527,0.29873827,0.8243051,52426,0.00016042953435779772,1.0357828213717752,0.02543201019486599,0.07659002598375772,0.23745786375155575
model,260,0.4978337296410086,27.8878344985609,0.37022448212886516,0.37405376950692565,0.2356209044923672,0.5971405,24.50838,0.32135475,0.32503062,0.2820252,38779,0.09930676136774996,3.379453608668321,0.04886973531032268,0.04902314464044005,0.04640428371525915
model,257,0.4563773636463992,27.29543530884774,0.3334337614121309,0.34650824372518924,0.31323061705473637,0.5782253,22.619211,0.30117878,0.30450645,0.2280414,36940,0.12184795097075779,4.676224111948326,0.03225497823380141,0.042001792833694485,0.08518922150973057
model,255,0.5674830383543394,23.660480307617846,0.30010258708149434,0.30682636461800394,0.34300063806529446,0.7083659,18.70371,0.24550048,0.26725075,0.51385146,48132,0.1408828788514711,4.956769751587572,0.054602111913266194,0.03957561812943278,0.1708508257294138
model,262,0.02325715221612488,26.749738557743527,0.6746650226535703,0.6757727632657288,0.12407003917295109,0.020702537,28.997772,0.7701232,0.7711211,0.13712277,24873,0.002554615066933979,2.2480336590533483,0.09545816107369409,0.09534832142436522,0.0130527260104977
model,263,0.8417722581417613,16.414962993266272,0.3665320570771307,0.3809602769149817,0.341357099928695,0.8966085,12.671608,0.39034554,0.4013261,0.36303815,51934,0.0548362137286611,3.7433550220748657,0.023813486545839868,0.02036581318244568,0.021681052527588562
model,265,0.8895910821192298,11.445701069363167,0.2589065589558602,0.266173766668941,0.2889128125446676,0.87256724,11.510583,0.26516834,0.28399855,0.28436866,31062,0.01702384569573734,0.06488185452599282,0.006261780058193167,0.017824782315586596,0.004544148518407232
model,261,0.8604950168068419,16.25311896019103,0.21499093174112907,0.2401012287716652,0.531146481061717,0.8585684,14.2007885,0.25513637,0.29645187,0.52818686,91841,0.0019266464645872894,2.0523304622662266,0.04014543891774544,0.0563506378550743,0.0029596233613691236
model,268,0.6064136163665965,17.474345127095084,0.24231632356682273,0.2501448504646531,0.34495548388296365,0.6832746,17.090548,0.26792148,0.2834196,0.40337574,8665,0.07686101036527604,0.38379756544957644,0.02560515398940591,0.033274758605171095,0.05842026093667746
model,264,0.09989409383082329,26.92785296445061,0.28247406327065927,0.2906801188880946,0.24013041131279808,0.052459534,28.339094,0.3252173,0.33479056,0.25707704,39532,0.04743455957317291,1.4112411975366932,0.04274324334326285,0.04411043873481496,0.016946626975318374
model,269,0.4692202809874837,17.934425762217984,0.24403521068443976,0.2823302939310708,0.5084326218519929,0.17031556,21.382309,0.22443794,0.25195977,0.3877402,76263,0.29890471730874224,3.4478831977429536,0.019597273543974975,0.03037052301317833,0.12069242705447703
model,267,0.5392044878801883,25.817096277875557,0.32443224837766677,0.33162699293733217,0.2353227836903286,0.7044345,22.294357,0.26164585,0.26541677,0.22317527,36167,0.16523002616552707,3.522738978070869,0.06278639485822707,0.06621022176385499,0.0121475113447857
model,266,0.41294654657835894,23.63845317192381,0.4756391395374465,0.480454179163052,0.23178885288867873,0.29948872,24.913795,0.44163948,0.4461289,0.2384472,50183,0.11345782330031329,1.2753422992675958,0.03399965656244042,0.03432527434356347,0.00665835134353715
model,273,0.27682064455990546,29.198438343356212,0.3886713807535213,0.3897915052619653,0.13604761736195833,0.4112961,26.475035,0.37116262,0.3724164,0.13212761,4726,0.13447545486445672,2.723403629611095,0.017508757586483348,0.017375098392077015,0.00392000453274996
model,275,0.5963153753499064,22.184431924571363,0.21803469734022593,0.23201563583065207,0.42313590863393313,0.50767136,22.754032,0.21536247,0.23122686,0.39781028,75375,0.08864401914873454,0.5696002104384021,0.0026722230179068995,0.0007887743537538794,0.02532562831090457
model,274,0.9945940973617192,4.299021054373391,0.22025944817764517,0.25786148445299933,0.5932884126465375,0.98767126,4.3296614,0.2382341,0.27962372,0.5912923,40472,0.006922841296350568,0.030640314950339587,0.017974654548337493,0.02176223261662652,0.0019960909645612146
model,277,0.7512686018207467,19.36960778172922,0.22268904617018231,0.23898378657156186,0.4394999156063553,0.7035127,19.36888,0.22432528,0.23307046,0.37396392,63301,0.04775587360648281,0.0007284634919138,0.0016362381916569801,0.005913323629438444,0.06553599334416355
model,270,0.987398069154868,7.709179335713721,0.2738896013608872,0.2935727396814345,0.420766881049102,0.9905427,8.425476,0.24991564,0.26711765,0.4856078,35307,0.0031446406725550435,0.7162967385050294,0.023973956834405563,0.02645509036464677,0.06484092181878742
model,271,0.9034456945413359,15.88339421662267,0.18248186651769654,0.19812719464100512,0.5124053487675385,0.9666776,11.373203,0.18051122,0.19229783,0.42983165,3600,0.0632319115644685,4.5101909390347785,0.0019706452280618403,0.00582936346329363,0.08257369493414923
model,276,0.8913860929622632,6.148329365976629,0.2458184779290647,0.2743091673392121,0.40675366341327385,0.87499845,7.6722603,0.26142305,0.29634565,0.42765832,72147,0.016387642683027392,1.5239309184471992,0.015604573428204593,0.022036483810537633,0.020904656059992754
model,272,0.4053988586117218,24.312522160122974,0.23923647539730572,0.25668962591296457,0.538731828222902,0.34110647,26.640862,0.27078304,0.32109302,0.48733088,22106,0.06429238421215516,2.328339351107495,0.031546561549944646,0.06440339691036917,0.051400944481523214
model,279,0.8984921667174115,20.561357251671726,0.3393373437111263,0.34123723854196275,0.19304022016961742,0.87947303,20.354042,0.41001642,0.41278175,0.20789205,113564,0.01901913615024231,0.20731519844906998,0.07067907379223065,0.07154450665342604,0.014851825209067582
model,280,0.09480716602780019,28.804424471037642,0.3986271983225386,0.4030766340686806,0.23936445488665198,0.053582173,27.387335,0.38918698,0.3955653,0.2267816,81275,0.04122499318696653,1.4170896474292434,0.009440219982389697,0.007511332888794742,0.012582848212457642
model,282,0.12021066514342055,27.231247091099775,0.7445147478246078,0.7463347900236784,0.16206454603559417,0.098473705,27.787012,0.7885107,0.7911142,0.14258045,10154,0.021736959792067856,0.555765009119952,0.04399593237406163,0.04477942105878008,0.01948409645444793
model,278,0.4340445103766712,25.37214830898577,0.2760761412253485,0.28569524688698167,0.4064004086688361,0.3403389,24.13241,0.24628319,0.26130217,0.47656867,54225,0.09370562459252202,1.2397382595472948,0.02979295276309113,0.024393073749316874,0.07016826041189816
model,281,0.9910834343502781,7.183634137939897,0.34728423824609406,0.3707184696360809,0.5358773676262545,0.9785827,6.7831244,0.31473753,0.3415968,0.48362392,33040,0.01250075412490581,0.4005096910710009,0.03254670968354828,0.029121657626269504,0.05225344575506918
model,284,0.962445983670415,2.3594056456100176,0.45946638283748686,0.46828950371979033,0.20237918624006465,0.94863003,3.9497595,0.38458106,0.39139143,0.23233356,64595,0.01381594874686154,1.5903538377273847,0.07488532362003386,0.07689807739494597,0.029954369577539414
model,285,0.5060269659718879,26.252515892703382,0.2628943243983987,0.26670173891314497,0.25550663249733174,0.5383165,25.504929,0.25300983,0.25603256,0.21325514,101396,0.03228952229410331,0.7475873038361946,0.009884498453498203,0.010669182617750073,0.04225149529220784
model,286,0.08186940441657573,26.88314092011277,0.34827854411065234,0.35131914493225447,0.19716287974359972,0.13756576,25.181318,0.28689077,0.29042092,0.19157448,76265,0.05569635738800496,1.7018226370317144,0.06138776914536609,0.06089822527550093,0.005588395633721183
model,283,0.8996956819298315,3.5863171611557263,0.25946630003361454,0.2721220627603586,0.3382430903053443,0.9169395,4.2195415,0.29325196,0.32434544,0.4232211,28013,0.01724381506418704,0.6332243885268909,0.03378566143603573,0.052223376912111485,0.08497802099226315
model,287,0.9699978349523635,10.841251260373731,0.18876759983475916,0.20104370195817794,0.44196130838415215,0.9724585,11.131249,0.19539723,0.21733171,0.51052403,75669,0.002460646836271785,0.28999816742167894,0.006629628167789059,0.016288005519391635,0.06856272611596992
model,290,0.9862370883162787,10.40804199402482,0.38997835719769997,0.39484203751652047,0.2939294623321254,0.9592784,12.128454,0.34557536,0.3493677,0.22845373,92865,0.026958683603601652,1.7204122143492029,0.044402994753776015,0.04547432954876229,0.06547573675572466
model,289,0.45197027051259553,19.83911054852538,0.285729174782822,0.28751531723238505,0.1571410225241425,0.37279156,19.20243,0.28224108,0.28331393,0.1267166,103445,0.07917871200849091,0.6366798234277233,0.0034880985518191965,0.004201387197747597,0.030424423655772442
model,293,0.7498106650442362,20.845827794817563,0.3305775884279332,0.3790187141137186,0.5900843462041783,0.6343021,22.703932,0.38604996,0.50838137,0.7699292,54336,0.11550858536665443,1.858104013654117,0.05547236765536451,0.1293626526160177,0.17984482440434224
model,288,0.8471776069627454,9.146669629856419,0.2450776010455757,0.2552306903291094,0.25422731276119864,0.8090895,9.103118,0.27225062,0.28069246,0.251169,137408,0.03808812513214843,0.043551687046360144,0.027173021465334346,0.025461767823661607,0.003058316665541294
model,294,0.6982288700514894,16.943798552147484,0.2257733533097493,0.23279765873231942,0.2750907021764119,0.83460915,15.194866,0.2382669,0.24308197,0.25055584,68603,0.13638028083504627,1.7489323717275624,0.012493546872021033,0.010284313270663675,0.024534859061559
model,291,0.3235323135642287,28.030334095484868,0.2306027285235244,0.23298884930014993,0.18641324419713448,0.44090167,25.284513,0.25462192,0.25806665,0.22859465,46257,0.11736935331542525,2.7458206219741257,0.024019194446293718,0.025077804905172335,0.04218140166067649
model,297,0.8778154385982215,19.42054581510309,0.4719249785534973,0.4766556545718382,0.29733157247868036,0.6875048,23.04109,0.56519747,0.5686443,0.22414039,41918,0.19031061062199472,3.62054419649359,0.09327248925045778,0.09198863063018814,0.07319118172493433
model,296,0.9822627121425397,5.52942100625485,0.20242398392024388,0.22340920838462303,0.4796956685435809,0.9812167,4.9363704,0.24906309,0.28835976,0.54516137,123016,0.0010459834552533076,0.5930506334826333,0.046639105569692946,0.06495055285347512,0.0654656979191266
model,292,0.768268449508805,16.929776297032,0.2742157529265012,0.28147340910536406,0.34578878845813327,0.95820147,10.146467,0.23355508,0.24389672,0.41561747,41425,0.18993301848207023,6.783309088169695,0.04066067442003146,0.03757668631178496,0.06982867751476712
model,295,0.257608223472471,23.85609489405317,0.19490240753603438,0.20018969178900442,0.22135526996499977,0.20137583,22.813358,0.2420166,0.24741398,0.25468296,172,0.05623239627921078,1.042736587168406,0.04711419104623338,0.04722428619160929,0.03332768816106835
model,300,0.454760389658237,23.437672841653562,0.20375916587812487,0.2119439847330226,0.38626101587257405,0.490944,23.12739,0.25164253,0.3019152,0.6454462,81192,0.036183608440136406,0.31028293381664795,0.04788335931795057,0.08997121383150683,0.2591851654247282
model,299,0.14089434263692016,26.927823520650204,0.3846390631432105,0.3883911424443766,0.209188502649318,0.10203388,26.510551,0.33324665,0.33710477,0.1958459,83289,0.038860459303713984,0.41727206801348515,0.05139241483159551,0.05128637488341775,0.013342600683223016
model,302,0.5428308830738523,23.404842006765463,0.24667775339095047,0.25131215151060465,0.2711226429774629,0.5867815,19.040152,0.26382,0.2698244,0.2739238,118308,0.04395061869616723,4.364690410696127,0.01714223915131638,0.018512234132400718,0.002801171319259499
model,303,0.14714076440500198,23.705682784355186,0.5368215161655573,0.5381729193716971,0.13608055919758336,0.14542727,24.447695,0.36044312,0.36110398,0.09438489,39536,0.0017134926812547302,0.7420119940871963,0.1763784009311823,0.17706893763837495,0.041695672873177686
model,304,0.9494780292765329,11.824228178554442,0.23634236247529583,0.24726922770335824,0.42030387037624645,0.90485644,12.909215,0.2646462,0.2729385,0.37923038,14631,0.04462158587138154,1.084986794895265,0.028303839850525092,0.02566926221058219,0.04107349031795787
model,298,0.9855059773654409,7.354738091196637,0.2234850837292023,0.23643222332084857,0.4624162004764447,0.961938,11.166701,0.29986548,0.3183474,0.4789732,116501,0.02356795379824117,3.811963225636859,0.07638040050846859,0.08191517114555158,0.016557009381495957
model,308,0.4568884065806903,22.34266421675062,0.19929013087412614,0.23650980634701663,0.6787703352896929,0.4348035,21.646608,0.211076,0.29017657,0.8920513,39362,0.02208492071032897,0.6960558640894874,0.011785875419170672,0.0536667640684802,0.21328094425513744
model,309,0.9714593956213202,8.088182716295329,0.26590560526286233,0.2760214218087568,0.38514902493381586,0.9647048,7.9841905,0.19930682,0.20805982,0.37749887,71514,0.006754584048291656,0.1039922522755532,0.06659878940020669,0.06796160425619024,0.007650159806252388
model,301,0.9067028452852587,14.63028082808102,0.27465166955485876,0.32160550039068486,0.5443689791942131,0.923299,14.699223,0.30026478,0.3555695,0.6123233,98843,0.016596169283070172,0.06894173661624592,0.025613106198162483,0.033964011261307936,0.0679543049549568
model,306,0.9130812191950634,2.856038656873359,0.2814676577650079,0.30493823485760757,0.4475141424179213,0.9186843,2.886876,0.279381,0.3340104,0.44246468,92435,0.005603084565465211,0.030837449388847915,0.0020866508089074087,0.029072157569836887,0.005049462938322313
model,307,0.8807753561180584,12.227817302390676,0.2137482135207281,0.22006939793551714,0.23053799926902266,0.9102682,8.709953,0.25203067,0.26211572,0.29503158,33698,0.029492831404829833,3.5178639942852072,0.03828245712212469,0.042046318998686966,0.06449357807968645
model,310,0.6502762453235963,23.168483631648154,0.3651648880937592,0.36634530739453836,0.13105303702798518,0.30567494,27.366968,0.5179925,0.51924,0.13638976,117528,0.3446013049759248,4.198484523259072,0.15282760839671933,0.15289471431108909,0.005336725135177051
model,305,0.3399259766601491,22.052402880288426,0.2859113814250975,0.3198690580053926,0.5171890112349338,0.3854943,21.239113,0.25528932,0.28744483,0.48869804,73046,0.04556831512223003,0.8132900262845197,0.030622065247729313,0.032424228064596716,0.028490975756341852
model,313,0.6735015404590563,22.54582441772233,0.293018087866677,0.2951147384847751,0.17833811252562984,0.66858584,24.711943,0.30780885,0.31068867,0.20432056,126305,0.0049157035716966835,2.166118255007163,0.014790758368598278,0.015573935965145558,0.02598245234043614
model,312,0.9265704091283098,11.994751704597995,0.4721202541913793,0.477597253114656,0.2122606178063165,0.92470616,8.289946,0.41474327,0.4221024,0.2142116,36270,0.0018642481061235117,3.704806102181003,0.057376979741077194,0.05549486139483789,0.0019509802323569025
model,314,0.6288879706257731,21.75767097996444,0.4856543260703887,0.5038819630969305,0.4171694738070509,0.657395,22.130531,0.5336939,0.5518591,0.41703588,19407,0.02850703460036219,0.37286033107071503,0.048039583574691846,0.04797711769454294,0.0001335961024305221
model,315,0.29922258702223187,27.3282878302441,0.45790922067587037,0.46825010134244843,0.2927472628088114,0.23976566,25.276556,0.44294608,0.4741078,0.37475488,57889,0.059456928047584345,2.051731815229452,0.014963144282742924,0.005857700571766655,0.08200761308954979
model,317,0.6076320306934996,23.07600771900696,0.23120203752149934,0.2371364915651967,0.27826145839714095,0.45700952,24.155535,0.26423794,0.2692116,0.28750113,125247,0.1506225065865202,1.0795270252557359,0.03303590278993254,0.03207509872487288,0.009239668130645307
model,318,0.6951029527915331,18.177402167677005,0.21090139508212633,0.22431200729071665,0.38826361690644023,0.7394128,17.904608,0.23486462,0.25301483,0.3827207,92795,0.0443098317848829,0.272794394849857,0.02396322727238112,0.028702825444344993,0.005542908059394336
model,311,0.23625610562206553,16.247101697490265,0.22114700823346606,0.23825319380928314,0.49003561880347973,0.25995806,18.83032,0.21972083,0.24762735,0.5050828,131305,0.023701952973591817,2.583218660786102,0.0014261826805256894,0.00937415389846527,0.015047167279741702
model,316,0.217401424456446,26.233077816814696,0.4572169353533142,0.45966776923926767,0.14430375484369645,0.23105118,28.889288,0.557855,0.5610712,0.16851021,106156,0.013649752329976728,2.656210131793703,0.1006380746793396,0.10140344782082145,0.02420645865060439
model,322,0.9602474949588465,12.781556622945715,0.16266176024603424,0.20963323084062055,0.906274616253916,0.94564897,13.800077,0.1814734,0.2639116,1.0787532,134431,0.014598526739089457,1.0185208154087775,0.018811643923048404,0.05427837404066607,0.17247861670201659
model,319,0.8360390060454962,18.952672629343706,0.29592319754221585,0.32173552228816543,0.45882738151108204,0.89365727,16.786804,0.32529032,0.3571512,0.44236517,6400,0.057618261048162256,2.165868430124956,0.029367124761556118,0.03541568801990952,0.01646221198593556
model,324,0.29508203347378537,26.407278281834632,0.5129737048221692,0.5139068934719082,0.1261361894430283,0.6402763,23.677908,0.4627116,0.46429175,0.15736014,58068,0.3451942793542786,2.729370338109046,0.05026210237275208,0.0496151420871731,0.03122394706591336
model,325,0.44147083018457295,25.86124320533475,0.4373691556889652,0.4387651938465384,0.15155013267603776,0.30077958,25.690079,0.5367874,0.5396353,0.13487516,8442,0.14069124911462666,0.1711644699831858,0.09941823501995811,0.10087010678975311,0.016674969240101783
model,323,0.8030164985331217,16.424667150405234,0.23145828497695595,0.24171639250012522,0.39766933735801635,0.8050401,14.9229355,0.22444968,0.23672551,0.36564004,89991,0.0020236225453694745,1.5017316645653906,0.007008605721470412,0.004990883333407692,0.03202929314567504
model,320,0.3295524676483547,27.16874587557413,0.43359034623941445,0.44049624712534874,0.23755775973900195,0.32275113,28.142456,0.28867918,0.29126674,0.22427547,43454,0.0068013330143367745,0.9737101791133718,0.14491116370996499,0.14922950775691002,0.013282289959033688
model,321,0.918942573409715,8.478588269389746,0.40141792921362823,0.40436053634274,0.1589757460530433,0.9050683,11.274244,0.3446026,0.34796268,0.1711779,24302,0.013874295097031863,2.7956560390819334,0.05681531457243866,0.05639785886394971,0.012202147823986126
model,326,0.6815678416132496,21.994788490688297,0.28727986731651606,0.3019358533447837,0.4546544172353494,0.7691884,18.937822,0.26469985,0.2769085,0.3884387,88077,0.08762056247000238,3.0569661487693516,0.022580020810397283,0.025027366263255968,0.06621571560571071
model,329,0.4760929074575752,26.488933440331998,0.3500219922098111,0.3577445124122931,0.30748849552069196,0.41259184,27.475092,0.44638544,0.45441663,0.2732255,137267,0.06350106266044081,0.9861584938721037,0.09636345100079069,0.09667212023998961,0.03426300924215803
model,328,0.8912322590389358,14.257601211689277,0.28373531003942576,0.294470886524204,0.33217395102020325,0.9191997,13.772166,0.4102315,0.42607796,0.3466368,104320,0.027967446084965597,0.4854349595530465,0.12649619082460317,0.1316070753974879,0.014462850937880856
model,327,0.737733471679744,17.82889580606718,0.23235582134226393,0.2431234072781647,0.2864209946075321,0.732066,14.123938,0.24891457,0.26345873,0.29674077,107582,0.00566749601369787,3.704958199255657,0.01655874827405382,0.020335321512118504,0.0103197757324337
model,331,0.747790797202381,19.99915436519554,0.2692571117729487,0.27448079803472303,0.24194126818255965,0.8560561,15.76437,0.29652497,0.30799785,0.25539446,110343,0.10826529696723575,4.234784400595931,0.02726785995060782,0.033517054529135004,0.013453190588192304
model,333,0.9734383304594679,11.292753032605525,0.19316604601413379,0.2111821309473267,0.49945027675408715,0.8681791,18.227242,0.22086164,0.24349432,0.50858754,41159,0.10525924758898453,6.9344884835077565,0.027695597538646366,0.03231218598821253,0.009137262441927252
model,335,0.9829851263376744,6.2759575832198,0.1966351229343161,0.20685655699059813,0.36490540061899546,0.97456056,8.709268,0.19734758,0.2071362,0.3424488,121837,0.008424567541745476,2.433310033052173,0.0007124584522500699,0.00027964188769014076,0.022456599816764622
model,337,0.8204073275777893,19.044849077434357,0.3399213752853426,0.34397544644585626,0.24793609853413304,0.5943585,22.772343,0.3816662,0.38638133,0.21377258,60972,0.22604882375927737,3.727493604450409,0.04174483798865947,0.042405881660070255,0.034163518506552776
model,330,0.9617567274739568,12.393986981969014,0.22099271012548283,0.24613896530892154,0.6011384348264966,0.9717661,12.911549,0.22539449,0.24735048,0.52861905,4810,0.01000938676096752,0.5175616325329386,0.004401777255498618,0.0012115188238451813,0.07251938384688239
model,332,0.9626284148084082,11.262555237827826,0.23406082466143174,0.2401360323023676,0.2784482107142961,0.93799037,11.271418,0.24299385,0.24889544,0.28999135,49176,0.02463804739584108,0.008862379970025813,0.008933021874250935,0.008759404222977246,0.011543138267561204
model,334,0.22705793764707094,27.3261883221588,0.2497573631192658,0.25532355831156067,0.25035899448344545,0.330599,23.561222,0.23971626,0.24284868,0.21254627,10270,0.1035410723436212,3.7649662457427837,0.010041101493975885,0.012474878888228458,0.03781272041747408
model,338,0.4230820525850671,24.1500321884656,0.3203822060620953,0.32204692856126815,0.15572272475423005,0.36463356,27.009958,0.31489873,0.3163603,0.15160444,75095,0.05844849240440303,2.8599260787463123,0.005483476737754456,0.005686633742389979,0.004118280965701604
model,340,0.8398111364263529,8.23798138218465,0.31155975745710335,0.3173435883628115,0.27928929818386894,0.85701734,8.216132,0.2765919,0.28981075,0.31186992,63652,0.01720620184955657,0.02184921818318486,0.034967860446300125,0.027532841454623647,0.032580621116210406
model,336,0.08419276703073265,27.505609459342132,0.7341296875836119,0.7349096365229842,0.10879324396649853,0.027540525,24.195015,0.702881,0.70330316,0.07366444,30030,0.05665224160923245,3.310594505728851,0.031248708999322306,0.0316064782397506,0.03512880226174847
model,343,0.8509097066023656,16.263280524348062,0.24722187622997815,0.2771767562922876,0.5097910089046392,0.7034151,19.68113,0.33106682,0.38792288,0.6058313,92981,0.14749461079624382,3.4178489312183444,0.08384494081523364,0.11074612674146483,0.09604031614952946
model,339,0.5966457103117088,18.182217416874273,0.2526883941699008,0.2561884896809787,0.24732306772013057,0.74119526,15.460986,0.2534969,0.25991252,0.26770148,5749,0.1445495511667153,2.7212312794841367,0.0008084911297818187,0.0037240309660702686,0.020378409092232097
model,342,0.868596235829361,19.677112409907235,0.2579693255379449,0.27817461090428713,0.39191290936647905,0.8546216,17.806498,0.29050747,0.30768958,0.33445007,1331,0.01397464664555359,1.8706148360546955,0.032538140063022525,0.029514966436792578,0.05746284327684892
model,341,0.9454108191515793,16.88197591543218,0.32135745638260793,0.3260809680244014,0.27822655741806585,0.9050151,18.699442,0.42024383,0.42450008,0.24924581,80826,0.04039570818203586,1.8174659943578604,0.09888637310614634,0.09841910993847397,0.028980749889570057
model,344,0.5757203720421573,24.160228997593407,0.2882071843295263,0.2957755423885269,0.2767649782568008,0.50458926,23.130035,0.25564048,0.2622711,0.291332,25673,0.07113111241767611,1.030193597202782,0.03256670738746392,0.033504436145393335,0.014567028197666976
model,346,0.8222483825130803,18.915489039645948,0.3593884511350356,0.36394921958180576,0.23297032547431834,0.7752736,19.406694,0.4986808,0.50538456,0.24310313,46005,0.04697476143077439,0.49120537258549746,0.13929234906447308,0.14143534481791348,0.010132806177560016
model,350,0.8716571215735438,8.45310080145483,0.25117683020895526,0.2613080509928328,0.2399092306703598,0.9066476,9.459951,0.24396086,0.25258455,0.28588873,10853,0.03499050101175283,1.0068505993020054,0.007215972817597838,0.008723504188404674,0.04597950080928498
model,345,0.3553264257188642,22.26137053186391,0.1894132014926744,0.20552279327427028,0.4355861683507174,0.30130863,25.175379,0.19328962,0.2053981,0.4114699,32015,0.054017793821891535,2.914008267574566,0.0038764211717771946,0.0001246956399547916,0.024116261782190174
model,353,0.4341513444725659,24.481316112429973,0.767553808958525,0.7691695749880948,0.1281829916098644,0.508977,24.81757,0.57029223,0.57133555,0.1462439,76415,0.07482565147241088,0.3362536202360431,0.19726157453774862,0.19783402086517,0.01806090845078928
model,349,0.8502221345316492,6.383187320578479,0.3188145212912537,0.3240753928128139,0.22506021327109915,0.93265074,7.4492674,0.30763975,0.31141207,0.2108651,52836,0.08242861038335936,1.066080066811658,0.01117477343320622,0.012663326591576707,0.014195118013340058
model,348,0.6045917500814496,24.056281471558766,0.3379605619176915,0.33941152446277384,0.13990997486825407,0.5409324,21.753227,0.38500348,0.38675088,0.1553964,50131,0.06365933316555605,2.303054237672047,0.04704291541728467,0.047339352440760096,0.015486427013917559
model,354,0.8330022621683636,18.355252605604754,0.28496607562671067,0.29445961683861094,0.3918033442606065,0.69928706,21.260862,0.23150632,0.2393943,0.3283905,136889,0.133715205245451,2.905609744859113,0.053459757772783056,0.055065309702075294,0.0634128353704545
model,347,0.6439557722792056,18.110016394737368,0.20962294423687058,0.21590011141807242,0.30063409086584025,0.58710676,21.892153,0.21306601,0.22027192,0.3254593,74040,0.0568490079626468,3.782136391517515,0.0034430674303810027,0.004371803779300021,0.024825210605869952
model,351,0.6096949414370088,21.764954258518138,0.2484763291657678,0.2529572741019808,0.21405540046028387,0.6695798,21.5644,0.2356383,0.23902915,0.1832147,29405,0.05988486250662528,0.20055453927985667,0.012838023620914601,0.013928119920500415,0.03084070619873297
model,358,0.6436861673074677,19.464631026116088,0.23276879954578716,0.23728761166478343,0.2507446850169256,0.6073094,22.492666,0.24542265,0.248188,0.22020233,61418,0.03637676627215891,3.028035218390748,0.01265384685752552,0.010900392232883499,0.030542358242328427
model,352,0.5019444128792278,21.619325161761427,0.8438782652305734,0.8551632114129282,0.24476106130144293,0.4784927,20.775179,0.68206495,0.69098955,0.2314612,83794,0.02345170586514389,0.8441462524596695,0.1618133147644174,0.16417365748455293,0.013299864163610287
model,355,0.8346445539765903,13.192075266161503,0.22564353776468365,0.2427550690545369,0.45252232996894176,0.82905596,15.367041,0.20931473,0.22283678,0.45504782,39837,0.005588589029843494,2.174965367993771,0.016328804021016052,0.01991829148667343,0.0025254860691899528
model,360,0.4189670418852725,17.158499100913673,0.2996858894342951,0.3013995483159738,0.14689632202454167,0.5793359,17.706892,0.2956425,0.2972913,0.1402211,22583,0.16036888607798433,0.5483929126361318,0.00404339427896061,0.004108239674540104,0.006675217998700911
model,361,0.9869381621781408,8.082776958323556,0.18190845289148141,0.2146710754052228,0.669752301666308,0.98255837,7.8438067,0.18648213,0.24216722,0.7846514,120835,0.004379792541605143,0.2389702147017303,0.00457367858968924,0.027496144114392385,0.1148990969924445
model,356,0.3866540712343678,25.112535307616046,0.22214815039842298,0.22423735619846993,0.17994717593317677,0.27781293,27.503887,0.23664585,0.2400437,0.18906361,76996,0.1088411432730183,2.391351868897626,0.014497697160552242,0.01580634354289359,0.00911643271321605
model,357,0.9662680367358809,13.59523868295237,0.34202371631919326,0.34654273288784526,0.2707839044461327,0.86240333,16.007492,0.36390293,0.36720103,0.22759818,86257,0.10386470354877764,2.412253382477317,0.021879210125814064,0.020658297366518752,0.04318572903967671
model,362,0.5180238965155267,21.70924364438674,0.7560673184559261,0.7579023289636037,0.13972262650689848,0.46006468,21.037758,0.65144384,0.65235484,0.09922745,56385,0.05795921713129515,0.6714857708515822,0.10462347938274497,0.10554749249967543,0.040495175718877396
model,364,0.9767876835992821,4.2514997027179575,0.27136565870080914,0.29620836148395013,0.42146400635310777,0.9755411,2.7574332,0.2956459,0.34374234,0.49602807,108455,0.0012465687921532353,1.494066526677308,0.024280233919277527,0.04753397931919623,0.07456405932834975
model,359,0.2703805111649373,25.51574233108433,0.25171196792832407,0.2847064760633382,0.605145771550565,0.44597816,22.952667,0.237915,0.25834075,0.5683225,105897,0.1755976535079143,2.563075094756204,0.013796973569307647,0.02636572989901631,0.036823291825681004
model,363,0.9769729999109776,6.753449556444416,0.3604568630456472,0.37722364164734606,0.34349015326894117,0.9875173,8.657264,0.34454933,0.35175616,0.30301982,48010,0.010544297356936183,1.9038141993539242,0.01590753495688685,0.02546748615647082,0.04047033162511182
model,365,0.7570332058668185,21.534273417726702,0.6165231574368407,0.6176527995100046,0.12609662493932233,0.8077846,20.378887,0.5749483,0.57677805,0.14658864,16621,0.050751411080355524,1.15538624121303,0.04157484658478994,0.0408747452726389,0.02049201348555102
model,369,0.7734932532626495,17.147862980405854,0.3128479319484576,0.3151027239056804,0.17296384960169336,0.8571819,12.492165,0.31600344,0.32022804,0.21154135,130214,0.08368865343748477,4.655698368589448,0.0031555098621502964,0.0051253163126728785,0.03857750505452612
model,366,0.8991136494799831,11.278236870470266,0.24902108256093333,0.26138421074738377,0.4150051020567293,0.93529975,12.992382,0.24704927,0.25915724,0.42993608,108201,0.03618610466277816,1.7141451790902806,0.001971810500539045,0.002226970356606184,0.014930979114306464
model,367,0.9426943408476138,13.418039396905229,0.2705697292400666,0.28208274055361915,0.36618764263925885,0.92506063,13.249135,0.25135317,0.26898745,0.38612136,133681,0.017633711002948305,0.16890437951020942,0.01921655479205331,0.013095293530227425,0.0199337198084798
model,370,0.9247237517044005,18.978093623454598,0.37939322636952544,0.38464768039940495,0.30752678268950384,0.9339273,17.456198,0.42965928,0.43965527,0.32727706,106179,0.00920354588776262,1.5218958848071367,0.050266050831173414,0.05500759375335079,0.01975028163392145
model,368,0.39544667794142946,23.54989898257941,0.24384033719121892,0.2511577608670336,0.3488058878353024,0.6203297,18.492188,0.28353617,0.2937061,0.35993224,11630,0.2248830001171948,5.0577114825794105,0.039695828761463575,0.04254832839116035,0.011126355988702707
model,371,0.166547524967952,28.453920372470655,0.30509177287881595,0.30964616410245094,0.23297462845464642,0.2407927,26.25108,0.3181193,0.32604605,0.24647482,8272,0.07424518164082028,2.2028408131444834,0.013027514612028779,0.016399885492428212,0.013500188940563845
model,372,0.8594657118330408,20.05985034425608,0.3588808500821157,0.3625641939431519,0.1787989919414051,0.8176798,19.57138,0.3682184,0.3701209,0.20028445,133477,0.041785889388125,0.4884697290217055,0.009337542051597092,0.007556718847146537,0.021485459304856486
model,373,0.9846521576397905,8.028733741852925,0.2741091354967984,0.32810093963120035,0.7579449333276712,0.987361,7.2971435,0.21352538,0.24780773,0.5999285,126941,0.002708856249522218,0.7315902825328564,0.06058375083226286,0.08029321336720041,0.15801643505954377
model,375,0.4987095138514526,22.21515977788407,0.336722067550469,0.3412025045842001,0.20844334077749416,0.59236413,23.570591,0.21439296,0.21860562,0.21576987,8588,0.09365461855287477,1.355431195016319,0.1223291074789053,0.12259688193500728,0.0073265312918646686
model,374,0.9918249811739712,7.001986853809676,0.1810008607112264,0.20707383806269208,0.644432938806372,0.9808278,7.200929,0.20095976,0.22564816,0.54885876,71400,0.010997172793844268,0.19894231107679872,0.019958896259179182,0.018574326686453424,0.09557417701895743
model,378,0.2255681404083256,29.20192076869501,0.7840912513256958,0.7858010347932678,0.12701174507033644,0.4083557,27.730673,0.62580574,0.6269689,0.1202478,69853,0.1827875724822994,1.4712479323913001,0.15828551573762206,0.15883211456240232,0.006763941441891769
model,379,0.6787114988798801,18.348848672015244,0.3345954832846145,0.3385624427660326,0.2794798972319421,0.6601562,17.456558,0.30393577,0.3102106,0.3070319,60645,0.018555308484524913,0.8922904444761812,0.030659717064521752,0.028351857171855344,0.027552002458685942
model,376,0.8991693726173126,12.257942743122733,0.2767598066290746,0.291643599670769,0.38736701239148524,0.9458337,11.176071,0.27157214,0.28455418,0.38199484,58924,0.04666431039660346,1.0818715761305455,0.00518766378964286,0.007089416187645248,0.005372168908514052
model,381,0.9617605351126423,11.266086172405856,0.1892085141224126,0.20817392650384123,0.5506875507331015,0.9513495,11.320383,0.20829318,0.23389399,0.65823007,63921,0.010411038271211592,0.05429689949355776,0.019084670515610774,0.02572006401282137,0.10754251556633698
model,380,0.8150790125156392,18.744596035999315,0.22013860520152645,0.2540491212507004,0.5198592095429379,0.9271995,15.929985,0.1846433,0.20985167,0.47504967,95234,0.11212047040214645,2.8146109896125964,0.035495306813998984,0.04419745396573488,0.04480953503198204
model,377,0.1714641877238801,28.514838534401306,0.2981188147640395,0.30091114404601305,0.20321432370330517,0.14953674,26.999628,0.3190921,0.32509002,0.2537565,118268,0.021927443963771165,1.5152104673847049,0.02097328013418437,0.024178876848991226,0.050542169626696665
model,386,0.9609857706309289,7.435614392924599,0.26609089057637614,0.28617644237508516,0.43325476522935136,0.9674413,12.634002,0.37697485,0.3875173,0.42318583,75824,0.006455549788382586,5.19838733894796,0.11088396031664449,0.10134086085329314,0.010068939881450967
model,385,0.842131043991248,15.060260048852328,0.20393610858150513,0.20812584259370287,0.26882673598509427,0.8622392,14.423808,0.21883625,0.22360179,0.25654277,13204,0.020108138004143794,0.6364519510129725,0.014900139339484864,0.01547594568869154,0.012283963930422026
model,388,0.5512740257145456,26.04063420991614,0.2603179516980788,0.2687031963599598,0.23410359716115894,0.81373644,21.91906,0.23652063,0.24086946,0.23290618,110524,0.26246241303667506,4.12157445649817,0.02379731859661549,0.02783373386987803,0.0011974195211977012
model,387,0.06923085653498692,28.63503320647439,0.9269526232819015,0.928500792738767,0.1156579123296376,0.097547434,29.821735,0.620935,0.6225348,0.12945186,20307,0.028316577735395004,1.1867021756056886,0.3060176004509384,0.30596598124203234,0.013793943687475135
model,383,0.20891747029591518,24.68411344307644,0.1971831941289696,0.22154734197433312,0.4600525813680858,0.24552983,25.506907,0.21609637,0.22993435,0.42299077,35981,0.036612360159864854,0.8227930663229728,0.01891317728330763,0.008387007681771919,0.037061812220212875
model,382,0.9223857486628801,12.656239917800626,0.22916645487812856,0.23412074694308577,0.24476138982952933,0.8447194,18.86852,0.21774314,0.22505257,0.26045832,70346,0.07766633872025319,6.21228081889371,0.011423311438835654,0.00906818160685835,0.015696930549727872
model,384,0.5291513596631711,24.232330973466045,0.29858318845250176,0.30997572993342304,0.30774169851540645,0.5492954,23.574694,0.33636335,0.34518835,0.3267265,40051,0.020144065751868,0.6576372936564745,0.03778015693209602,0.0352126195519743,0.018984797704228562
model,390,0.13552582308572775,25.597226149317873,0.28389175044479364,0.2914151412783526,0.2765664584358678,0.21227527,23.496109,0.35338318,0.36563972,0.32119486,77427,0.07674944356161112,2.1011171405288103,0.06949143303451544,0.07422457510844244,0.044628398923064694
model,389,0.9485637810517531,17.185802415036484,0.40343117858034777,0.40922978714427605,0.3152698798589856,0.69142824,22.646313,0.3010357,0.3124578,0.27880985,119881,0.257135536937831,5.460510298586563,0.10239547635180163,0.09677198723277702,0.0364600344114453
model,392,0.8204662601354987,18.194332924419765,0.24974713451391592,0.2748032276885973,0.4850346045192142,0.8510731,15.85611,0.24815091,0.27998236,0.51524407,68428,0.03060682612625054,2.33822330527914,0.001596219606460475,0.005179130528642106,0.03020946219602627
model,393,0.9726900742647567,4.003956624951165,0.24060118558069288,0.25716020033267456,0.40204201227311737,0.98240215,5.504512,0.22059989,0.23708025,0.4140505,120665,0.009712071597822614,1.5005552082397529,0.020001295825443854,0.020079954122576293,0.012008477390960393
model,391,0.698364304376731,16.223233980638703,0.2141012982115648,0.23357946014533632,0.3567048364788479,0.609456,19.936169,0.2263238,0.23711468,0.2691413,107529,0.08890830166448127,3.7129346900155937,0.012222500087270965,0.0035352226482809335,0.08756354986729087
model,394,0.5334934054263881,20.20108065632951,0.2293188675626689,0.24251446940905194,0.3979030766685079,0.5896801,16.736021,0.23207158,0.25690183,0.40174028,97373,0.056186670219058654,3.465059614459392,0.002752710939986136,0.014387361025747253,0.0038372061054636752
model,397,0.11875402925025778,22.630053964783126,0.24910700154659268,0.28795544720266086,0.44306260879521897,0.096419446,23.234922,0.21608031,0.24044994,0.41493818,86117,0.022334583079927736,0.6048684442744907,0.03302669358608243,0.04750551200483066,0.02812442715650132
model,398,0.7778650093656079,20.483435672726372,0.436627628809096,0.4384417170746862,0.18980576373632005,0.6928712,20.031834,0.26634645,0.2728888,0.28505608,82604,0.08499379640631832,0.4516020240447318,0.17028117418873467,0.16555290763216607,0.09525032065813491
model,395,0.4080747637368591,25.403924222437386,0.2893534880476794,0.33346752784769973,0.45934368177526264,0.88869727,17.067566,0.29308587,0.3328983,0.4433532,8208,0.48062250284181524,8.336358304468636,0.0037323850793042346,0.0005692388824745098,0.01599047585599689
model,400,0.698578369824625,19.142027792666077,0.18875656368040078,0.21027715626251678,0.5432148184570625,0.55196285,22.751373,0.205083,0.27379757,0.6702842,118671,0.1466155173465976,3.6093454983495477,0.01632643399930961,0.06352041539657136,0.12706939317852706
model,402,0.41022577876793004,15.895711418918644,0.2189536061621821,0.22664261389481696,0.31312328479157353,0.3703981,16.534481,0.25760466,0.26832104,0.32386884,63618,0.03982767457710362,0.6387696296653402,0.03865105244148612,0.041678423397663505,0.010745556141272539
model,396,0.9414530595195908,10.179673526633373,0.3665569390673722,0.37405282584640187,0.25233514417654596,0.9302492,14.864946,0.32705274,0.33495492,0.29526386,102313,0.011203845347227515,4.685272838723073,0.03950419682455908,0.039097908415524185,0.04292871247285285
model,399,0.17483582846037832,23.36436816367093,0.27674145361042995,0.2791571159970399,0.19060144891509592,0.14974362,25.273773,0.3341477,0.3377355,0.17705144,25424,0.025092211879415183,1.9094050296884433,0.057406238116254615,0.05857838791493214,0.013550009033771154
model,404,0.1572413705288118,24.84475225860919,0.3740469766085029,0.37559168003738663,0.13482749660250123,0.22564398,26.173058,0.39538223,0.39713076,0.16294678,70761,0.06840260699403825,1.328305297543153,0.021335248904955362,0.02153907753288009,0.028119278953109422
model,406,0.12496028050672538,25.191158805055256,0.23235429142181147,0.2369817170310072,0.2747230807334679,0.060419187,25.594225,0.23516266,0.24057095,0.25462127,80302,0.06454109355699546,0.40306612475431436,0.002808369057734128,0.003589230496878232,0.02010181341474232
model,407,0.7466050256612458,21.601267491292653,0.32917853883849707,0.36689124752178937,0.4164203069799258,0.7942341,20.027014,0.24218825,0.26746652,0.41629732,2546,0.04762907134269101,1.5742537126061293,0.08699029378043738,0.09942473221913128,0.0001229904287173289
model,401,0.8943157371927499,8.260018411751282,0.2622194494992729,0.2810055918978963,0.3531548682645196,0.8926292,8.369392,0.23620242,0.24258825,0.25611493,84745,0.0016865310121774169,0.10937398326824876,0.026017030695104193,0.03841734006874897,0.0970399383500451
model,403,0.33319968575063397,16.988320322975703,0.2429381463925571,0.24946897488922898,0.2949893339075044,0.5058872,15.117291,0.2760435,0.2921941,0.34754685,33526,0.17268752461847614,1.8710288724752147,0.03310535808399015,0.04272512334494766,0.052557511767010345
model,405,0.024827710390884654,24.72142311197564,0.21572783189603295,0.271787834132316,0.750511105250022,0.025165962,25.53785,0.20723885,0.26105285,0.8069689,71767,0.00033825166444085425,0.8164263142938921,0.008488978918280266,0.010734987223746661,0.05645782213340089
model,409,0.5103449302578492,24.627969294193324,0.8385876175021587,0.8399027423680117,0.11947914563339823,0.660475,22.539038,0.78928775,0.7919403,0.14180689,85142,0.15013008538240957,2.0889315897255507,0.04929987154955251,0.04796247051361102,0.022327739966691795
model,408,0.8517976507011198,9.673616416540462,0.21275932843915268,0.22002257483043486,0.343472879326713,0.87701637,11.215318,0.20359962,0.21175574,0.32320172,93339,0.0252187148269869,1.5417013095947922,0.009159711553967442,0.00826683716811949,0.02027116338051549
model,412,0.8580138079518388,18.745009646902037,0.40129500111346167,0.40593220160965066,0.26655840677866066,0.93979496,14.546271,0.4555793,0.46029684,0.21690576,15985,0.08178114968594807,4.1987383227443225,0.0542843095421322,0.05436463786598106,0.04965264899381722
model,413,0.9443553297888593,13.283591539357694,0.3305084468822981,0.33706774192207783,0.2948644759321134,0.96610206,10.955995,0.29586053,0.3035099,0.32777035,70015,0.021746733866993995,2.3275969333396276,0.03464791793637523,0.03355785088890523,0.032905876431473025
model,415,0.9569806679925266,2.1868559528339304,0.3382965667370287,0.39842875770501296,0.5514847378912516,0.9736429,2.072812,0.4496887,0.47154343,0.30519414,118759,0.016662217692440473,0.11404387245062964,0.11139213608470289,0.0731146735770305,0.2462905984106608
model,416,0.27683018280864585,18.494195777766766,0.2668828273081641,0.2842464898590536,0.5294621069964681,0.25168735,17.494328,0.22433883,0.24548428,0.4572499,53776,0.02514283491969932,0.9998682326007504,0.04254399779079959,0.03876221225304316,0.0722121973571096
model,410,0.16917706607325703,30.519171969098597,0.49761499974347206,0.4987172167452677,0.12394634139537733,0.093164235,32.212555,0.3261667,0.32947475,0.1435537,29771,0.07601283071978718,1.693382962542028,0.17144831034756752,0.16924246956432898,0.019607362627983876
model,417,0.395171585200685,18.917134764827672,0.22004794024631116,0.22726137807471913,0.2883061267924518,0.3014636,19.404078,0.28241053,0.29699707,0.32189697,105268,0.09370798122729634,0.48694276507955436,0.06236259198978808,0.06973569223778087,0.03359084347961239
model,411,0.7224855818087021,15.225108272035513,0.43052175033181794,0.4339392068459124,0.21747730764859902,0.6870739,17.462496,0.35679868,0.36313614,0.23593065,96187,0.035411695414201416,2.237387531797495,0.07372307169526704,0.0708030643536181,0.01845334377771629
model,419,0.7411389485899804,19.390653595225164,0.2266861401688238,0.24376387512255074,0.5009914646831686,0.74112934,20.859688,0.24638127,0.2663435,0.494652,10504,9.609848677927246e-06,1.4690342099506175,0.019695127736411494,0.022579629067894208,0.006339461633318111
model,414,0.7710914814895896,18.12904672035269,0.23723198849766197,0.2504423412122559,0.3303926832440608,0.4475488,21.256071,0.2223608,0.23887521,0.3126221,15545,0.32354267482226173,3.127024370345552,0.01487118382065239,0.011567130927069125,0.017770583129238404
model,420,0.6628708283368147,23.44505824333823,0.2003513989840874,0.2037753958044082,0.23344895597588003,0.48315126,26.02192,0.23358752,0.23651955,0.22982325,2064,0.1797195712986982,2.5768610071500504,0.033236119350301324,0.03274414951228796,0.003625709377636316
model,418,0.38885248459983784,21.747358537938137,0.2208807631995846,0.22466397238571698,0.22576605930187163,0.85204136,15.314283,0.20758916,0.2106899,0.21691096,399,0.46318887911628764,6.433075166966457,0.013291598823325756,0.013974070080113948,0.008855101011771532
model,422,0.9503185776925174,12.958919623443236,0.39118864447722135,0.3943745401915663,0.20282798084937434,0.97241265,10.355257,0.38947734,0.3976851,0.29418844,78183,0.022094068124285604,2.6036625891414786,0.0017113021100491066,0.00331057037743393,0.09136045899666448
model,424,0.4819602917797193,23.998109015817697,0.20918969458740458,0.213802725923645,0.29048099742330413,0.33428624,25.671724,0.2252977,0.23285809,0.29209477,104686,0.1476740490562543,1.673615303640311,0.016108009751622826,0.019055365669143703,0.0016137696703543147
model,425,0.9394111680039192,8.302290247662839,0.3622464191059542,0.37013513338828347,0.2957428435567212,0.9640703,8.061404,0.3266203,0.33938453,0.32232115,74551,0.024659152125475314,0.24088601945238963,0.035626108560986525,0.030750607373955463,0.026578303169887074
model,427,0.19931541441177256,23.225645801438688,0.24421926916837092,0.24798580675680562,0.21522683399585987,0.31972533,25.776886,0.22954065,0.23410827,0.20473331,137398,0.12040992023254507,2.551240184889437,0.014678623092168525,0.013877537542175494,0.010493521865885508
model,421,0.3980736905187907,24.842870334642132,0.49147030421090776,0.5643221498920803,0.4975682245453097,0.36313397,26.42509,0.4244968,0.51612735,0.54545176,101804,0.0349397235960307,1.5822204551527896,0.06697350450349504,0.0481948019459133,0.04788353574674353
model,429,0.9668000936766942,13.041363917530376,0.3149534769391973,0.32351342081786383,0.3628316966087578,0.93709314,14.612816,0.25041947,0.2710377,0.38893855,135278,0.02970695498193099,1.571451939403218,0.06453400925159047,0.052475723025810606,0.026106849571967294
model,428,0.5446298483626025,19.483335974714024,0.5023596739112123,0.5043373721809682,0.1488592756741107,0.60189754,18.60164,0.48617184,0.4875026,0.11828915,102077,0.05726768934567994,0.8816952734200783,0.016187832289813353,0.016834767457991506,0.030570125376468943
model,426,0.8649463119776271,19.015696425717614,0.3428143338080967,0.3456875543064695,0.20023980007043032,0.855834,18.255991,0.33403835,0.33785176,0.2351786,71017,0.009112304714443464,0.7597054436619501,0.008775986802252611,0.007835791534863079,0.034938804651592686
model,423,0.23649080172501943,25.80844968352406,0.48552925447316503,0.5660166110020614,0.5026817913250581,0.59867984,23.300983,0.2653468,0.30563372,0.45186168,1379,0.3621890388397083,2.507466254568982,0.22018245915265416,0.260382887266252,0.050820111771072485
model,432,0.9476142553644804,11.053356089006236,0.1924300401094301,0.2199658408759409,0.5475911902272185,0.9435291,11.115973,0.20686091,0.22173175,0.47151893,84365,0.004085126336160094,0.06261738358897873,0.014430874716963027,0.0017659112812704048,0.0760722564541777
model,430,0.6633528434481649,20.90319599228965,0.2648260434243393,0.30210610042591657,0.565328016628217,0.68625176,21.581131,0.30810326,0.42385277,0.87158567,47049,0.02289891608094885,0.6779349891556627,0.043277219953804014,0.12174667109469806,0.30625765050511433
model,431,0.4191634493893538,25.613354684622433,0.2023525021790352,0.20681525750480995,0.25671855878599975,0.4168812,25.275162,0.21883665,0.22762202,0.2679944,117119,0.00228224573792557,0.3381929414583702,0.01648414807330703,0.020806759759556204,0.011275845053111577
model,435,0.22963689037602633,28.78460865817919,0.537530065998863,0.5533451831326136,0.2739484321277318,0.07876922,27.292582,0.30663913,0.3197184,0.26566666,113633,0.15086766847413272,1.4920270999516525,0.23089093111498238,0.2336267924294123,0.008281768481033791
model,434,0.7600695906250438,21.81491232466526,0.4446967041719561,0.45145705022533067,0.3286750376336105,0.71406585,21.631275,0.4288585,0.4460244,0.38872296,95322,0.04600374084400738,0.1836371476633083,0.015838215373814635,0.0054326621504557915,0.06004791854696201
model,438,0.8324490714173252,18.946763502835168,0.31147476537458774,0.3158669190538382,0.26899289053231756,0.62897617,19.251526,0.35030138,0.35636353,0.26995966,46341,0.20347290516900363,0.30476237607108203,0.03882661955125455,0.040496615873529984,0.0009667678520055567
model,439,0.9274698462892375,15.077655268857917,0.2325431230049693,0.24385171831092994,0.3428961841168282,0.89046806,17.426674,0.2705322,0.28827265,0.37918258,16037,0.03700178531893106,2.349018620302239,0.03798906779474384,0.04442093073882897,0.036286393016350504
model,441,0.40838966128152354,26.749500935146894,0.7872445629702455,0.7880824213861799,0.13133198450138328,0.6708246,23.49503,0.6468565,0.6485633,0.17294164,69920,0.26243492606359975,3.254471485684004,0.1403880761729127,0.13951909598105905,0.04160965551803353
model,436,0.44594798779690165,24.1439864815156,0.316647863723959,0.34386432016015617,0.4239423692173722,0.5586218,23.580378,0.2578641,0.27516028,0.35782245,102066,0.11267383599078756,0.5636089027802491,0.05878377590390588,0.06870403730989066,0.0661199212021592
model,433,0.7763375334526054,20.217195672983255,0.3899076065468776,0.3985431230487623,0.34739999490041984,0.90928966,14.92835,0.3106316,0.3218303,0.35969543,13915,0.13295212461700523,5.288845224374857,0.0792760035443294,0.07671282057187939,0.01229543966989266
model,437,0.7545137121443523,19.224973502336027,0.26585494984470287,0.3082631536161043,0.5664754089747522,0.7690482,18.016954,0.2792818,0.32162344,0.51135635,106077,0.014534501814387979,1.208019080338957,0.013426845180168956,0.01336029094108565,0.05511905521498661
model,443,0.570354168063966,18.5745821464521,0.24608101790037348,0.26356937632503835,0.33470914199752216,0.791598,13.676237,0.25744924,0.26838863,0.26368243,16068,0.22124385392013435,4.898345040128859,0.011368221592042899,0.00481925263461741,0.07102671697539692
model,442,0.564442380955057,24.535018199632837,0.7123260441040993,0.7212360854061555,0.3246470164496239,0.8016627,19.986227,0.4438819,0.4502332,0.32970843,111315,0.23722030253188142,4.548791164110376,0.2684441449856758,0.2710028941544007,0.0050614107411567355
model,444,0.9529689051884945,13.7337674688184,0.25180840932504833,0.258510151844413,0.3329281596938852,0.9706099,10.290705,0.2600145,0.27200693,0.41036358,104964,0.01764099814707676,3.443062741645548,0.008206094869211311,0.013496777076332844,0.07743542506296602
model,440,0.9859045555287472,6.851797530689666,0.23594016278607904,0.2434946746957518,0.2773663566301496,0.969594,9.881126,0.25358987,0.2587054,0.25548974,39875,0.016310553758727697,3.029328873118928,0.017649705759453183,0.015210732685305928,0.021876619834724165
model,448,0.7762431506925375,20.979236242355498,0.3226808438555832,0.32636459183680744,0.21237684240756155,0.66965634,21.440884,0.31923956,0.32258534,0.22870527,105304,0.10658681438501183,0.4616473941191117,0.003441287066185017,0.003779247522232243,0.01632842967095255
model,446,0.1964891181137648,24.152332366183124,0.2355504865100077,0.24917889539926802,0.3631950901617671,0.35469022,23.876146,0.26085445,0.2810055,0.44404155,52960,0.15820110581850144,0.27618604965480387,0.025303966338426742,0.03182660634786333,0.08084645999768725
model,445,0.4114951156558859,25.212946512656334,0.3336595172120562,0.34899889246547017,0.3649949794396021,0.48900244,21.435978,0.25333387,0.2627498,0.35750073,57652,0.07750732074357392,3.7769685768653183,0.0803256506158343,0.08624910132014546,0.007494247494564232
model,447,0.9367268048224654,4.261963035368453,0.42905677805097114,0.4513914403805547,0.29289078819665443,0.86890393,5.2734604,0.48190168,0.49637008,0.25977257,22311,0.06782286986686847,1.011497352815141,0.052844897411751635,0.044978636752624035,0.033118219255538095
model,451,0.04812096994957596,13.411960544032716,0.25519643477762877,0.2594513220294818,0.2152545960067182,0.015325507,16.445606,0.23911263,0.24526525,0.23326856,1662,0.032795462800475655,3.033645687656737,0.016083804291140424,0.01418607659185972,0.018013962972316222
model,454,0.6056348241037577,19.95016685513223,0.2640133534700225,0.2693114463901263,0.24746793631199793,0.6619706,20.114,0.251009,0.25614774,0.26009503,33665,0.056335791283205205,0.16383346530233922,0.013004366043264715,0.013163704118702935,0.01262709375735327
model,450,0.5661561133947288,20.373260043131005,0.2561775204320387,0.28226674528046963,0.4527422030783021,0.57321054,15.980522,0.30753973,0.33023635,0.41290957,16182,0.007054424038895446,4.392737887369286,0.051362210832075705,0.04796960024908664,0.03983263572219248
model,453,0.3529471246584598,26.78121844058144,0.2925655624765235,0.29544422294721506,0.17538524307807016,0.10011466,30.22186,0.39037156,0.39583242,0.17524615,70281,0.2528324661835376,3.4406424450386766,0.09780599857389155,0.10038819644823171,0.000139093776541227
model,449,0.3574111662645995,22.18313323138235,0.27778710371615156,0.27959611718227334,0.16316730926162915,0.85199964,10.282875,0.33762363,0.34471473,0.24079955,35061,0.4945884742001832,11.900258170347193,0.059836522277577076,0.06511861379573874,0.07763223698013111
model,452,0.7514020057224172,15.969764829926206,0.23186359201321285,0.25624004809690143,0.4413404582805006,0.61277336,20.114727,0.22514631,0.23401982,0.37312427,90083,0.13862864690054832,4.144962190337466,0.006717283471914942,0.022220232175117982,0.06821618664925977
model,456,0.4283810752999554,17.99276858723715,0.26326723187431716,0.2669589330064131,0.20281570443559335,0.36501986,19.7475,0.26429716,0.2701042,0.25007695,40612,0.06336121741650202,1.7547308787052316,0.0010299256516990707,0.0031452666414903407,0.04726124516081168
model,457,0.9787590111362575,9.141160516098758,0.19091821003565404,0.2062598260342982,0.46664189705042675,0.97857314,8.012368,0.22568129,0.24334335,0.5032514,103700,0.00018586765404926542,1.128792313889285,0.03476307999482539,0.037083527237186165,0.03660947671742604
model,459,0.9266617218196989,10.451513517430953,0.25571179476603706,0.26730681584309773,0.36568214248937725,0.82274085,16.94025,0.23337804,0.24175075,0.34210002,130470,0.10392086898690467,6.488736879297562,0.022333756955711437,0.02555606887768941,0.023582118266049612
model,460,0.2859195832492817,23.805610340731448,0.20675181241045654,0.22510615099793885,0.5348489476949746,0.31947726,22.775103,0.21885704,0.2390014,0.54421633,58811,0.03355767686348077,1.0305077253750028,0.01210522263039887,0.013895242320237422,0.009367387124819104
model,461,0.6095775448995857,18.05184613249974,0.25187521966728843,0.26633276364150155,0.42276730032374504,0.7337999,20.56803,0.2604,0.2886654,0.5359168,83443,0.12422232988297655,2.516183271186783,0.008524777567056052,0.0223326502150048,0.11314950494358894
model,455,0.8539301186363915,15.769529641875053,0.27223995679536933,0.28352459007553193,0.3859644492481942,0.8647998,8.874828,0.32233503,0.32824504,0.2880843,102212,0.010869678898551172,6.894701303252006,0.05009507781347161,0.0447204536790457,0.0978801508759255
model,463,0.6226127576285442,23.66479628017356,0.24438128759413344,0.25492360633061945,0.37936524026295115,0.86973745,19.233873,0.23482433,0.24548665,0.39032185,83272,0.2471246886795918,4.430922912863991,0.009556957979494157,0.009436959439979187,0.01095661051372121
model,465,0.946888837776073,8.923861077102266,0.240590103217552,0.2700713761517303,0.48588540113666445,0.949273,8.3491955,0.2618289,0.30587384,0.5935135,24382,0.002384152450672583,0.5746655967555867,0.021238796165992918,0.03580246489555666,0.1076280876328668
model,466,0.3474204001939093,27.025794858810396,0.488030996703355,0.49144696157388845,0.2401803499575483,0.19839948,29.703096,0.37819213,0.38099542,0.22007759,6267,0.14902091603634704,2.6773015309601114,0.10983886995240894,0.11045153897218862,0.020102760803304837
model,467,0.8520990863381701,11.25006390470893,0.40350758089364364,0.40626283151689535,0.1969676562731697,0.84843093,12.07403,0.38128123,0.38418144,0.19278978,121344,0.0036681547700243566,0.8239660177764208,0.02222635402024581,0.022081391640338954,0.004177878159804527
model,462,0.6160437823229633,24.386841590217863,0.29229761126770565,0.29638952413360076,0.2451926582428455,0.65869087,22.659275,0.28444415,0.29000148,0.24691032,121868,0.042647087485233715,1.727566535286222,0.00785345795883724,0.006388042362131641,0.0017176604894161562
model,458,0.051698154565043286,30.475641741861086,0.8569270590883317,0.8606435273752675,0.16153741517543627,0.04867287,32.28031,0.80906403,0.81249875,0.17129473,48622,0.003025284763521985,1.8046698426115704,0.047863028441053834,0.048144779072807786,0.009757318706514112
model,468,0.3849523969653271,23.02022271389385,0.4535556649320791,0.45642397248532385,0.17161335326194316,0.31194627,20.057972,0.46503207,0.4673155,0.14357163,128366,0.0730061241152905,2.962250759548148,0.011476405943088741,0.010891522528866826,0.028041723141665753
model,470,0.22681829324941954,29.226487772144996,0.4786063524708786,0.4847697596213249,0.3003195670425175,0.1910429,30.054562,0.48884574,0.49314195,0.2738882,3557,0.035775393163970326,0.8280738428452388,0.01023938331746671,0.008372189555463427,0.026431366521048383
model,471,0.9166511576543157,11.58802844587143,0.3559421637484714,0.3597227266499851,0.19446909341115323,0.8353903,11.830295,0.34254083,0.3448896,0.17432255,78673,0.08126082829335379,0.24226616319839422,0.013401333374707336,0.014833115644202033,0.020146547882741367
model,472,0.16163855399796348,22.25774766106679,0.2042984696161538,0.20686857759602012,0.2054182807862043,0.25232223,20.028503,0.24326368,0.25040963,0.25297165,67036,0.09068367276480813,2.229244243098041,0.03896520714642707,0.04354105532519875,0.04755336838371757
model,474,0.8280626504464433,17.996119996162847,0.3489257316481327,0.3550258869944798,0.27052176193978056,0.9155832,15.432462,0.2557515,0.26055193,0.2894064,940,0.0875205428557112,2.563658257576421,0.09317424105517613,0.09447395752060284,0.018884627058251058
model,476,0.562424021400484,17.282393023844122,0.2328291970954948,0.24418888836165378,0.4167631869220175,0.33617508,21.141315,0.23916873,0.25264388,0.43631202,113164,0.22624893728640927,3.858922436360956,0.0063395362628883845,0.008454994866648219,0.019548832902964164
model,464,0.9785626521993537,5.850412667512906,0.23739703499758294,0.24990387412334053,0.36279868989575825,0.9426444,10.715453,0.24870545,0.25611576,0.28264108,118179,0.03591823491343449,4.865040480375278,0.011308411722540351,0.0062118902561608125,0.0801576068936678
model,473,0.33356327952237974,24.02165178699319,0.41779796299166666,0.4505730244284111,0.4452242507562016,0.59844345,18.507324,0.3182068,0.39481357,0.6019837,90314,0.26488016902116884,5.514327568243189,0.09959117588229166,0.055759457028432435,0.1567594752684261
model,475,0.12912920295098695,18.90775191966948,0.22301511559044324,0.22786962117261153,0.20277861303375797,0.1662858,21.128765,0.294074,0.3030115,0.28033528,60928,0.0371565950026187,2.2210131865316924,0.07105888333762683,0.07514188562327165,0.0775566642851965
model,469,0.5381921390712466,22.686121132865377,0.2549841889309596,0.26557537283683297,0.3099208263967988,0.5140788,25.174053,0.25718194,0.26548454,0.29700541,98349,0.024113343161365042,2.4879320592732945,0.002197753531961555,9.083118224617603e-05,0.012915411434030244
model,478,0.31172124666340856,22.854687229079946,0.4296666166919393,0.43215300862145684,0.18972700506167486,0.45570648,20.047976,0.3654662,0.36740986,0.18089235,12666,0.1439852305018136,2.8067116889188135,0.0642004094260854,0.06474315349412224,0.008834656772185118
model,479,0.9813493745116829,2.407864719964799,0.43434576047038603,0.542078599971719,0.6161075900518024,0.98829424,2.354413,0.3601907,0.47650057,0.633335,105631,0.00694486930087812,0.05345168743306061,0.07415507090663481,0.06557802919764066,0.017227404264298696
model,481,0.9915060306844597,7.262085271219696,0.1614927671558716,0.18653313963334148,0.6735919732995721,0.9841253,10.221961,0.1778399,0.20346832,0.5767278,112172,0.007380714541423861,2.9598757502036435,0.016347137867703226,0.016935183120564773,0.09686416577775203
model,483,0.37819396232415237,16.405674350076723,0.26506770852070854,0.2666407327735341,0.1521675790578375,0.4767871,16.993988,0.4260383,0.4275707,0.15325525,74622,0.0985931279773613,0.5883136870326524,0.16097058650988533,0.16092996787191266,0.0010876749723901513
model,477,0.5055687471224249,21.034367880692162,0.3945257618552052,0.39641215927181117,0.1740202064699436,0.49052718,20.457476,0.37951455,0.3818304,0.16833334,84492,0.015041564304965838,0.576892218460717,0.015011216652949966,0.014581765003775282,0.005686869759013724
model,482,0.1494825611408689,24.204982964990933,0.23687096236972813,0.26757633202638365,0.5557031769790965,0.1520367,24.452404,0.20982838,0.23539537,0.53203994,138859,0.0025541355315706615,0.24742105722586416,0.027042585599708596,0.03218096011247373,0.023663236621888295
model,484,0.4440912552048369,14.631907711867612,0.30422482724444416,0.3072896369839301,0.20498740583202793,0.60125834,16.958212,0.4294457,0.4326774,0.2092386,139914,0.1571670822928743,2.326304186936099,0.12522088651402447,0.12538775120729306,0.004251197879100305
model,486,0.9400211058451029,18.008204503474012,0.3738533048867369,0.379198353312298,0.3197935060969645,0.91872776,17.807226,0.28880164,0.29349345,0.3012433,131164,0.021293350298533076,0.20097832244373848,0.0850516646145964,0.08570490362434025,0.01855020089066567
model,487,0.003902039403464781,24.04424161067374,0.19399370761830523,0.19723985838136573,0.17314287835879516,0.028795075,22.918543,0.21407782,0.21675098,0.19131288,9691,0.0248930352680421,1.1256987487352639,0.02008410779516981,0.019511121042157215,0.01817000096516419
model,489,0.8056884316599943,14.163471939768044,0.2536190490786605,0.2669293949941651,0.44067987067565845,0.8260569,14.227068,0.24131638,0.25510925,0.5063876,125136,0.020368465980234007,0.06359600761965112,0.012302670962052842,0.011820144448663417,0.06570772068634106
model,480,0.25926595511719397,23.832889772393774,0.20577883745244163,0.21788121006285566,0.41260419615299093,0.1844303,26.261986,0.19996451,0.2109612,0.34405375,6080,0.07483565392777136,2.42909600641482,0.005814329038173138,0.006920017216557439,0.06855045088321554
model,485,0.6208267113377965,21.849437178935066,0.2160347486509848,0.22376950298544118,0.3236777211398057,0.5442518,23.89097,0.2776508,0.29399607,0.35163072,83547,0.07657491175436149,2.041533051167473,0.06161605467657563,0.07022656286958506,0.027952996376139738
model,490,0.892775443385414,9.620086918127505,0.2696332993732938,0.28147801923897303,0.31647779324922154,0.7878926,13.793733,0.25734174,0.26478523,0.30030662,131652,0.1048828633530654,4.173645724999936,0.012291556857729813,0.01669278907921351,0.016171175035567975
model,488,0.7933421762751399,20.686806026353327,0.7132955485627591,0.7153732768711282,0.1682624589625942,0.5932763,24.09589,0.72097486,0.72391874,0.20189045,28543,0.20006585438716995,3.4090840188126883,0.007679314012771887,0.008545459109859377,0.03362799473365671
model,492,0.19111097590419346,23.810033202342805,0.40899139846731813,0.4333916130600216,0.34604389430874866,0.20532067,23.252842,0.29176506,0.30648866,0.26212054,29005,0.0142096952965588,0.5571912528799139,0.11722633446623476,0.12690295010187647,0.08392334939831775
model,493,0.982469360076622,8.924807561446642,0.18611382921762026,0.19543260741642232,0.37059172895563186,0.97677594,8.158229,0.21904571,0.23619747,0.42445773,101393,0.0056934158436813265,0.7665786872400986,0.03293188432627164,0.04076486420223002,0.05386599990713059
model,495,0.8447114653811292,17.842344055978536,0.27864163907525974,0.28503949939582673,0.26855361701512176,0.8992788,10.887625,0.27677312,0.28129256,0.2487881,125106,0.05456735417987546,6.95471931537795,0.0018685141420169415,0.0037469416794571053,0.019765513553856195
model,491,0.4780523495414303,22.834220802782934,0.24738272061248656,0.25484143984901614,0.36581030997081737,0.6463978,18.433767,0.22445075,0.23514926,0.33046016,108996,0.16834547951435586,4.400453484057348,0.02293196847339507,0.019692175513383814,0.035350149000129505
model,498,0.6769257066985085,21.031551706812255,0.23807200155998112,0.2533602453621741,0.35963668050787984,0.48291755,24.859468,0.2694692,0.3057245,0.40265882,44081,0.19400815947255634,3.8279167532707525,0.031397200004807696,0.05236425624762814,0.04302213964440288
model,497,0.9089122996270639,12.622760380214977,0.2385845370913163,0.24049834070829584,0.18036950502195695,0.900502,16.006483,0.24003118,0.24343659,0.21117835,36206,0.008410273545978675,3.3837226977879524,0.0014466456746443923,0.0029382491287784362,0.03080884244641921
model,496,0.5828600684886344,21.0235138543771,0.21115258279130952,0.2395623274941832,0.6361566593251995,0.46906823,21.150536,0.27265495,0.40545577,1.0028958,75960,0.11379183929017855,0.12702172911899368,0.06150236782743437,0.1658934406141847,0.3667391727365681
model,494,0.981500289203347,10.721971801411208,0.25860977020539455,0.2678221235779828,0.31295945154236543,0.9644431,7.3163295,0.28776467,0.29492864,0.30807558,122704,0.017057201625527152,3.4056423221936782,0.029154898259266093,0.02710651654919921,0.004883874521720288
model,502,0.756300532676449,15.462841775029439,0.3397634534227326,0.3423173836958011,0.1692913290329706,0.7996153,12.152144,0.37087217,0.37332782,0.17462762,77429,0.04331479086709955,3.310697342961568,0.031108716310314866,0.03101043779734769,0.005336287968562919
model,500,0.44664560530341435,26.747918936211907,0.2736140489199147,0.2754790132788382,0.15979399403864145,0.36743867,25.060791,0.3160509,0.31791618,0.16680965,90965,0.07920693133033085,1.6871279205869065,0.04243683818793442,0.04243717138493436,0.00701565423673392
model,499,0.6416293614022066,17.175326236020958,0.297644784426106,0.3102658660201826,0.29532301872627786,0.5534485,19.648323,0.26681364,0.27396747,0.2470171,66888,0.08818086315315266,2.4729968230610737,0.03083114859999514,0.03629839132116219,0.048305918272901094
model,503,0.8384399244794929,6.194013081974376,0.2642826847855329,0.2834031633049647,0.38558140012862085,0.83551836,7.239979,0.24240625,0.26068288,0.3919754,124891,0.00292156434155344,1.0459657083088274,0.021876435739207223,0.022720282426516192,0.006394002703410395
model,505,0.1887808760771524,28.932759079415305,0.45581749923040843,0.45668761163183974,0.12311741996934608,0.3092958,27.611074,0.3988728,0.4002728,0.13831599,12097,0.12051492723133453,1.3216846317834694,0.05694470650961375,0.05641482501456069,0.015198570597861255
model,501,0.47931760129644047,26.152933817197635,0.31935832644684387,0.34876512185146247,0.4227403143099456,0.11254361,29.078642,0.26134795,0.28369623,0.4011888,61270,0.3667739885778583,2.9257080742818573,0.05801037694199157,0.06506888762523566,0.02155152351175832
model,504,0.16098741172904993,24.816336453251306,0.24476813590752786,0.2554879408856188,0.37107911288230766,0.36025137,25.309942,0.23134136,0.23905241,0.3311226,21114,0.19926395536308264,0.493605792232092,0.013426773908016137,0.01643552599151482,0.0399565058895861
model,510,0.838326630402536,21.398283177325343,0.2740637230905868,0.27990352770667043,0.2847688255501245,0.6937274,22.9943,0.3045525,0.31103653,0.26827884,17485,0.1445992563256927,1.5960176649598132,0.030488772388996943,0.031132999450159404,0.016489988346145013
model,511,0.8063880141800126,13.624444598248203,0.410999308940064,0.42307055770459995,0.31433938976174425,0.8913892,12.079499,0.37830257,0.383051,0.26912144,3401,0.08500117697065268,1.544945353558262,0.032696734782349135,0.04001954971853122,0.045217951496897446
model,512,0.6163451801546178,22.99776978638349,0.6074344270538603,0.6095540919814052,0.1535735528164461,0.56460273,22.896826,0.51076835,0.5120907,0.147964,60254,0.05174244749623158,0.10094399597821635,0.09666607311480391,0.09746340899800676,0.00560955211454181
model,506,0.5423621371168144,13.014088164688594,0.29507797017159765,0.2988448952299347,0.22169430001880672,0.57669336,12.65129,0.32000378,0.3225815,0.16992757,89472,0.034331218920325535,0.3627982248082233,0.024925807570788217,0.0237366045850525,0.05176673277523067
model,513,0.9729031766289988,7.226327742884187,0.330833506816245,0.35430374768815875,0.3354820669086498,0.96642226,6.505414,0.3261024,0.35012406,0.34620205,136754,0.006480916821412164,0.7209137337899492,0.004731101029730733,0.004179686580523256,0.010719978770442617
model,508,0.7187672890794995,19.409554939020673,0.20333579036953017,0.21830787353796913,0.4406992492761222,0.72394794,20.154459,0.20893359,0.21862468,0.4458563,95413,0.005180653177427996,0.7449040606131163,0.0055978014731211945,0.0003168076963906141,0.005157053700486081
model,507,0.5971163765654643,19.944150224012574,0.7246385934090072,0.7270580727625092,0.1472877376131698,0.518526,19.97889,0.6216082,0.6240617,0.16482972,77221,0.07859035889960131,0.03473924131945694,0.10303039571995076,0.10299636908056342,0.01754197847321784
model,516,0.7011764929456221,22.29255354351924,0.25152337705656397,0.2639368654627756,0.42211539784315777,0.6291179,23.407984,0.270446,0.28097823,0.38807705,53116,0.07205858685202471,1.1154302363879864,0.018922625426803952,0.01704136715937099,0.03403834739569378
model,515,0.8514333573309718,17.799839484027572,0.24109633414226314,0.28560789282787696,0.43704504331133553,0.71697736,22.600525,0.34604067,0.4576096,0.6331878,113601,0.13445599946659192,4.800685418316178,0.1049443319610999,0.17200170104037865,0.19614272753217032
model,509,0.9320589810793183,10.114180228519395,0.23007539680290418,0.2445661745531691,0.3945697887690437,0.9564389,9.109828,0.27242395,0.30015045,0.43811324,100996,0.024379917960903885,1.0043522332191017,0.042348556015012695,0.05558427949117295,0.04354345361872791
model,517,0.2142710798057583,22.7221687703328,0.20787454271764355,0.22146701331914717,0.34174014282998144,0.127303,26.036758,0.21456872,0.2284461,0.3563548,119683,0.08696807554092675,3.3145896525187624,0.006694176550201603,0.006979082862722336,0.014614660016927128
model,519,0.9885520956276124,10.002874267560692,0.27443810833197757,0.30022465760732625,0.5314220573362797,0.99078375,8.451201,0.22205076,0.24228019,0.4494483,74800,0.002231655383282405,1.5516728286568835,0.052387352115928376,0.05794447238470052,0.08197376984924964
model,521,0.27217666929743833,27.62093572652198,0.6657465697559413,0.6679632173921267,0.1844580017637251,0.20115994,29.14764,0.46051162,0.46329418,0.20273778,69146,0.0710167301275546,1.526704501749503,0.20523494494286143,0.20466903914467494,0.01827977666149158
model,514,0.053953199755343455,27.652537839348327,0.4453160350714079,0.44993514855109196,0.2157714328851227,0.04299533,28.241432,0.43329823,0.43676203,0.18029302,53545,0.010957869809063929,0.5888943505930797,0.012017804900204265,0.013173113658056068,0.03547840929884952
model,523,0.8726489798416122,20.07989510309932,0.3306271588958902,0.3326060168613032,0.19059166009160455,0.8724896,20.812439,0.36634177,0.36842424,0.19080688,37447,0.0001594082702620625,0.7325438617444284,0.035714610799391755,0.03581821991314138,0.00021522050169531237
model,524,0.2934669142532766,28.51844391179406,0.6141502437944476,0.6204543682720344,0.2676808147229992,0.2899978,28.369846,0.58686805,0.5926722,0.26539946,43816,0.0034691279697835475,0.14859756779991784,0.027282196080214205,0.027782139458862987,0.0022813586988292833
model,518,0.17583524347968985,26.02237801800568,0.3113615014687187,0.3124345005364423,0.148382379755882,0.20740697,25.58758,0.291301,0.29386115,0.15171261,25525,0.03157172439865183,0.43479829083282695,0.020060489429534145,0.018573349794865135,0.003330231561752578
model,525,0.08866944956424964,24.79366971652338,0.2951248176040821,0.31781677003378783,0.4873757668520404,0.097351626,24.46244,0.28402218,0.30884877,0.5081417,100272,0.008682175997464528,0.33122922580072256,0.011102635377901071,0.008968001561116323,0.020765929601054056
model,522,0.7568770313604356,12.596764214575131,0.2501615568163111,0.2556980903718734,0.2522243696202381,0.75980604,14.048605,0.25357798,0.25748354,0.23213936,88632,0.002929005588722111,1.4518407506348296,0.0034164206025884547,0.0017854515936112092,0.020085005735312245
model,520,0.7171270971045943,19.765181097663273,0.2583493403317736,0.2650824905981805,0.2862813844416475,0.6274624,23.354504,0.24172638,0.25170487,0.2714628,113879,0.08966471001963339,3.5893225339285237,0.016622956764917207,0.013377618943670011,0.014818586323056215
model,528,0.9873897276450077,3.277407838796904,0.42780719833576814,0.5131169644111286,0.511337112332355,0.99255604,1.8965497,0.511681,0.76698846,0.7937462,64552,0.005166307873638587,1.3808581371062303,0.08387382192408904,0.2538714918381084,0.2824090610494504
model,530,0.6382023483500225,20.974447498929838,0.19140585533152404,0.21291835146363167,0.5254886143802674,0.82990533,18.61961,0.2094308,0.24673145,0.59679496,100772,0.1917029827847736,2.3548376661661656,0.018024943556682438,0.033813093729659044,0.07130634850272821
model,526,0.32572694652132955,23.862616724709504,0.22136199353450092,0.24458127218089903,0.49351259039609563,0.22519776,25.94654,0.20812334,0.235612,0.4375678,76662,0.10052918427042928,2.0839241078100272,0.013238652331765022,0.008969267185552965,0.05594479011266362
model,529,0.3114961915884351,26.56028090679802,0.3969381018751165,0.39814931722747154,0.14798567109074964,0.45041785,26.10022,0.33895403,0.34417996,0.21740223,4130,0.1389216548528338,0.46006118023552034,0.05798407040767878,0.053969359122384264,0.06941656358275042
model,533,0.9825191825697482,8.311367539217159,0.3336087065841652,0.33980060914723764,0.3113597565725897,0.97416437,6.6567287,0.33006704,0.33978084,0.37641975,14776,0.008354815847641306,1.6546387947103227,0.003541668048093416,1.977184979806701e-05,0.06505999626363773
model,527,0.9890794480611691,4.33646275195192,0.28650277757568127,0.3416218581939188,0.6100528892991772,0.99415547,4.384458,0.25930282,0.3013697,0.58215326,34621,0.005076018495379975,0.04799531308103866,0.027199952840039787,0.04025216133837378,0.027899628591322
model,532,0.8947001184612458,12.199961047038322,0.23327130440227886,0.24608192113832217,0.39167961888445296,0.8989567,8.576449,0.25781804,0.27081344,0.41956142,135707,0.004256597599392675,3.6235116528122475,0.02454673882968525,0.024731514177763647,0.027881797026267863
model,535,0.981599776516386,10.269124364972605,0.175346412871773,0.1988112842516266,0.6764197151222501,0.97036743,12.073354,0.18807729,0.22315034,0.7935803,51687,0.011232344875760969,1.8042294024224148,0.012730873014037858,0.024339058451238987,0.11716057853314543
model,536,0.7571609642927638,22.26430818753411,0.3216910686895783,0.3302197481996791,0.30422573506652445,0.4918897,25.352304,0.38324153,0.39241588,0.3144274,37153,0.26527127890038404,3.087996271084055,0.061550465543514954,0.0621961329572423,0.01020167052925497
model,531,0.785581310901983,18.720050705101873,0.21899177447297055,0.2360809130333067,0.3962060302721774,0.6015729,21.649431,0.3594494,0.3744892,0.317012,37382,0.1840084396937921,2.929380523535823,0.14045761212370914,0.1384082751609682,0.07919401826732508
model,538,0.14448961383063197,28.448097931147505,0.6113151318397043,0.6128555121398692,0.1582927075549115,0.36633575,23.410688,0.60417295,0.6083877,0.20875104,107023,0.2218461357955277,5.03740953087895,0.00714218681712131,0.004467803475928789,0.05045833016195403
model,540,0.6302767807813185,21.67529225804476,0.41047530626755135,0.4229719095040215,0.37684473524448425,0.84024227,14.098247,0.412862,0.4345449,0.42084295,110879,0.20996548587364972,7.577045683642904,0.0023866965820275032,0.01157298161498177,0.04399821033122986
model,537,0.1544607902667396,28.741593745332185,0.8992743511215051,0.8995650485932177,0.06322739918166036,0.23385225,29.57408,0.7288262,0.729597,0.1049654,1655,0.07939146209741904,0.8324857682176194,0.17044812631758055,0.1699680761277026,0.04173800449437266
model,534,0.20848301849581344,23.58279438837492,0.20177149056563917,0.2094003237496231,0.32244650607285685,0.2479822,28.440626,0.21846165,0.22998716,0.33792156,52567,0.03949918546460526,4.857831756034258,0.016690157064098682,0.020586835621752925,0.015475053737781574
model,541,0.5536070109819994,21.372981522035086,0.26340038769928403,0.2741876483986217,0.3778993102444892,0.5088033,21.498247,0.27294868,0.28468412,0.369901,129267,0.04480370297189806,0.1252656245713588,0.009548294608912988,0.010496473210112434,0.007998308791089537
model,539,0.9274490837811671,7.142756913513054,0.23666014349592535,0.2544091332704001,0.38837082880447577,0.92047703,8.371471,0.23864922,0.2550316,0.4254453,83835,0.006972051119729095,1.228714491516243,0.001989075778595528,0.0006224524229592743,0.037074459615247746
model,544,0.9609759236057891,6.465178089936117,0.2593107107821089,0.2630837950155504,0.22307057102433925,0.939248,4.6200237,0.27246633,0.27961096,0.26598975,31774,0.021727898188461214,1.845154362519125,0.013155620938243295,0.016527166660093517,0.042919179599363755
model,542,0.10186116694398757,30.73756128530571,0.7667938352835998,0.7675748243486822,0.1095263542121929,0.034575075,29.888807,0.70585346,0.7071043,0.11547966,80496,0.06728609203287002,0.8487539885527795,0.06094037306436151,0.060470499054187554,0.005953308802219032
model,543,0.8933296277475801,14.72508751680791,0.227688081637077,0.23630083330461257,0.29032666983903266,0.8334814,13.234088,0.280433,0.28704214,0.25779453,20174,0.05984825634483959,1.4909995727771488,0.05274491749698673,0.050741307656080786,0.03253214063943244
model,545,0.39311057928205806,22.133351923115548,0.20336073282679057,0.24013171736350877,0.5291987270946767,0.40796944,21.9051,0.22408827,0.29959115,0.75054085,2806,0.014858865708100022,0.22825205434113371,0.020727533665099385,0.05945943649658339,0.22134212545201515
model,546,0.1497936413489716,27.975316408389755,0.9363293888127818,0.9367837182761477,0.06368011217169872,0.20663439,26.539753,0.9282647,0.92886984,0.075227804,79908,0.05684074602495265,1.435563448184677,0.008064711288215176,0.007913874793176512,0.011547692310284463
model,551,0.9661452088414169,4.32353274104338,0.26633251185556434,0.2979500542999486,0.4527734158550449,0.98803884,6.116672,0.22070016,0.23958364,0.44861326,58438,0.021893629068281628,1.7931392979886027,0.04563235218664191,0.05836641300928391,0.004160159638995686
model,549,0.9784982259833439,7.06342775544649,0.30348682238502406,0.32914712991937317,0.48151662784147,0.8360564,17.863283,0.36408868,0.37812954,0.40307897,108487,0.142441814717017,10.799855401902143,0.06060186193542577,0.04898241195455871,0.07843765454816554
model,548,0.8340378178255494,18.961593407380857,0.2521746212493914,0.2636563961600865,0.43190607243812446,0.7266238,20.732729,0.22863391,0.23594843,0.4044834,50703,0.10741404425072032,1.771135550749026,0.02354071083183462,0.027707967648466947,0.02742266470229987
model,552,0.7842037041502663,16.962708976153266,0.34472887004286995,0.368894352636297,0.5266655267241093,0.7788192,18.200243,0.29903224,0.31870311,0.43272537,21143,0.005384500773496281,1.2375340200625544,0.045696628936836625,0.05019123764987732,0.09394015679384193
model,547,0.7626914453635892,19.14945506267969,0.2574208398850713,0.2771580724614146,0.39457218682765477,0.815775,15.545132,0.28129026,0.3031637,0.41173542,29620,0.0530835318435946,3.6043233793300793,0.02386942305247447,0.026005634794902532,0.01716322863102443
model,550,0.18097247829181456,27.241106636368112,0.3036290532167234,0.33701834828409905,0.4336606563068732,0.24724793,26.48304,0.33372656,0.36532095,0.48030734,137915,0.0662754560496161,0.758066780411081,0.03009750189230065,0.02830260246243721,0.046646684315075015
model,553,0.9351893413795401,12.244938736800087,0.19409644953264388,0.21204697713319215,0.538367671544606,0.930598,14.218661,0.18666604,0.2013833,0.5146873,49832,0.004591320825951262,1.9737225714884872,0.007430407920018756,0.010663684458173839,0.02368037181621241
model,554,0.32077622199196565,22.202703194797884,0.22475926759921172,0.25243690592951995,0.4111093619309217,0.4122784,19.964928,0.22994068,0.25961086,0.41013217,9621,0.09150219178061736,2.2377755214580404,0.005181415050400706,0.007173955610320748,0.0009771922074109374
model,557,0.7953167345749201,12.6613991025487,0.2772637008602126,0.29971631335837823,0.3340145825754832,0.48853737,18.768845,0.23619995,0.25528818,0.31242603,102897,0.3067793634163203,6.107445501943488,0.0410637556488021,0.044428129669260796,0.02158855193964948
model,559,0.9117456826325832,13.850517529706053,0.3266796733408486,0.33705617125773163,0.3375126285651027,0.6315362,20.097155,0.38572633,0.3903929,0.23717067,70060,0.2802094968911586,6.246637087603517,0.05904665932364117,0.053336728255513,0.10034196210888019
model,560,0.8743784352425465,19.797872655999505,0.43851753595316656,0.44288362782844887,0.2458343277262692,0.92987037,15.045594,0.37743837,0.38207573,0.24619722,102016,0.05549193180762435,4.752278440606439,0.061079169540050104,0.06080790084251747,0.0003628959370608753
model,556,0.5205187212157287,23.840912644737685,0.7170694227737309,0.7181263635852672,0.12545945555283602,0.5745502,22.54313,0.4191703,0.42043617,0.15435867,104374,0.05403149021386722,1.2977817701038958,0.29789913254202616,0.2976901899078227,0.028899214562634862
model,555,0.4796936069496695,23.22460822400252,0.2821621175192003,0.2894809669735122,0.25083609441802046,0.36652547,25.000937,0.33578712,0.34686038,0.26807517,90382,0.11316813573918977,1.7763282841761914,0.053624999962031406,0.057379412007124375,0.01723907371476152
model,562,0.9429571384167552,14.643184227014991,0.2908285133059708,0.2987278257496488,0.36795381112213316,0.8300228,18.867785,0.30040523,0.30494532,0.28056476,46417,0.11293432652710678,4.224600273107079,0.009576720792463633,0.006217494141327162,0.08738905592079343
model,558,0.17864884050133098,25.13645853721211,0.4894937858407953,0.4905550436342729,0.12449967149492684,0.1699406,28.404053,0.545037,0.5469396,0.13961226,54633,0.008708234741710313,3.2675941971628895,0.055543185728266,0.05638456780066364,0.015112585985694496
model,563,0.7089492730293075,21.954209947212977,0.2714249188219827,0.276086979599857,0.3095699174831453,0.53584135,23.69682,0.28008547,0.28281537,0.20950103,103676,0.1731079272422592,1.7426093582069448,0.008660555430718087,0.006728387383556689,0.10006888942223219
model,567,0.35304849073390937,25.646897840239866,0.3910802161459379,0.42048239701567985,0.3969300930100207,0.36798972,24.716265,0.26536438,0.2838323,0.36910075,68192,0.014941228180122612,0.9306331155084209,0.1257158374552183,0.13665008538543083,0.027829343517375427
model,561,0.8066491780834211,16.746397365407304,0.22490551673321382,0.23404747820003,0.31720290446906035,0.7942748,17.296724,0.28271684,0.29130936,0.33616364,49983,0.01237437110710271,0.5503269540507034,0.05781132377238615,0.05726187848942313,0.018960735553217478
model,564,0.8067250642962513,20.935020536414534,0.26498674347988227,0.2725284270354772,0.2780316553207211,0.82662374,17.281738,0.2485447,0.26954558,0.40305954,104307,0.019898673515790888,3.653282255164534,0.016442050486718207,0.002982842118408713,0.12502788685838656
model,565,0.5111479020180987,21.014455995561114,0.2680044598803193,0.2703345590996375,0.1899767219561866,0.556569,21.1384,0.24153994,0.24434067,0.19871552,91888,0.045421078198881304,0.12394312858439349,0.026464519642320328,0.02599388601061009,0.008738800929135981
model,569,0.24935205172158978,24.283237000817568,0.2408174183938713,0.24703102248131564,0.3091920826782821,0.24419552,24.24337,0.2576526,0.27031475,0.35851282,100153,0.005156530843751644,0.039866944665224224,0.016835192146518713,0.023283730574256867,0.0493207361350419
model,568,0.21476176550257867,25.079883288493104,0.335274135963795,0.33813855239275087,0.20941479402638508,0.15887499,26.643608,0.33000398,0.33297437,0.21469231,12639,0.05588677694667046,1.563724804768615,0.005270159141895603,0.005164178098469863,0.00527751547240185
model,566,0.9931618228089067,6.247102282663441,0.19328868633204094,0.20698824459822668,0.4114868711819912,0.99202263,5.4880505,0.25867078,0.2673578,0.37014934,129660,0.0011391892563554773,0.7590518218480113,0.0653820907504023,0.06036955183236109,0.04133752697613485
model,570,0.9618666099354098,8.11493688942727,0.3435365095923729,0.35173941171458967,0.27963855304575214,0.91865546,12.471125,0.35718575,0.36350662,0.2668871,70656,0.04321115482295257,4.356187759620582,0.013649241607349372,0.011767203447306085,0.012751454494955627
model,572,0.91248893429662,18.127703071788794,0.40760580399142765,0.4130617749713406,0.28942056569564373,0.7686641,21.870243,0.43748,0.44281736,0.27633426,79970,0.14382481266881242,3.7425400007209717,0.029874198650250205,0.029755585191394374,0.013086309761882131
model,573,0.7664102878839093,17.344622555183513,0.2599831144085607,0.2665755185659424,0.2264298056885136,0.44586882,22.929441,0.31668133,0.33990926,0.3637202,83530,0.3205414679318982,5.5848188968428545,0.05669821102707773,0.07333373693866574,0.13729040271793477
model,577,0.6720798076327564,21.858754475135047,0.22488001729597246,0.23318952289239953,0.32025352486096875,0.8555595,12.950553,0.2405056,0.25330868,0.34123018,69269,0.1834797202412365,8.908201534766395,0.01562558864007796,0.020119160741404796,0.02097665897882922
model,571,0.3084490516437887,24.093173262635005,0.26797878133734904,0.27185897719203106,0.22290319085703428,0.43275505,23.107105,0.25684872,0.26370314,0.27922386,123777,0.12430600139957676,0.9860680075080523,0.011130058641044716,0.008155839555846367,0.05632066845311587
model,579,0.9341908411828326,10.36475493609673,0.24681982254248508,0.2551853255993954,0.3462229622138598,0.8427517,12.5081,0.26804525,0.2852381,0.436076,139818,0.0914391593781756,2.143344619872508,0.021225424058619657,0.030052761577881226,0.08985302321781136
model,578,0.3417747868534863,28.364640850210318,0.43370672728846327,0.4401051255955231,0.2153507707239733,0.25485057,27.649908,0.45685756,0.46346062,0.21556951,108908,0.08692422046630977,0.7147327844144193,0.023150834776661244,0.023355498622463944,0.0002187403319730552
model,580,0.5146342786403985,25.139573601458345,0.28450418400830374,0.2900278502552378,0.2520866252214917,0.63105476,24.87715,0.29275542,0.2964441,0.26472098,98508,0.11642048038517527,0.26242401954916517,0.008251240968045137,0.006416237965358507,0.012634351131199928
model,576,0.1423333843290369,25.60175235316902,0.19453021988696748,0.21769694797003047,0.42327717201542536,0.17537346,23.672255,0.27379435,0.31168753,0.5252819,27314,0.03304008049373228,1.929497790791089,0.07926413312130279,0.09399058111703618,0.10200473411250432
model,575,0.5325945847960841,24.026413277703824,0.20491577367759425,0.2166674559921906,0.43285009362543425,0.62766373,21.978476,0.20862669,0.22099835,0.48816904,125945,0.09506914677892808,2.0479377070251132,0.003710913849108627,0.004330890813381921,0.055318950630776076
model,574,0.9695801511308697,10.463159609220604,0.20811136954029805,0.24333667734124945,0.7243009339556516,0.99352896,5.4803944,0.19955805,0.24271014,0.7340186,50999,0.023948811004445236,4.9827652458172835,0.008553320099914136,0.0006265340135364339,0.00971768987323629
model,581,0.7537105708450675,21.623587219769828,0.40514911986105684,0.40630335721422667,0.15967330593581103,0.78773725,19.940672,0.39074472,0.39235625,0.18346275,59867,0.034026679482996425,1.6829152989934606,0.014404403932025467,0.01394711050440306,0.023789447956133858
model,584,0.974467349974796,10.021067551712783,0.28609238099080025,0.29246149990285153,0.2806795951543837,0.95122933,10.09479,0.29022178,0.29607192,0.26129594,40824,0.023238016097232528,0.0737229069664167,0.004129399547758705,0.003610416915767245,0.01938365070209791
model,583,0.6195109710233572,24.97184961384194,0.6118061215811355,0.6128908433854142,0.12189507606668279,0.26744822,29.145437,0.534603,0.5358465,0.11039409,113742,0.35206275434664513,4.173587626758646,0.07720312189394063,0.0770443715989152,0.011500985652635548
model,586,0.9497088153618636,13.877999399290594,0.3088705914501979,0.3166443124589891,0.29862410975858666,0.9363359,11.504751,0.27798116,0.29334202,0.35795787,78969,0.013372894074326958,2.3732481938462584,0.03088942937896988,0.023302288371083224,0.059333760009556036
model,587,0.6586228632902978,16.502600714013106,0.31380377275499305,0.3157464214720688,0.1896308733515648,0.8009974,13.38691,0.33836082,0.3412181,0.18231064,68142,0.14237451315165772,3.115690275475508,0.02455704348531762,0.025471692427162185,0.007320232539644644
model,588,0.38800100983169444,27.161575848384455,0.5647663033302833,0.5732828987160284,0.3123423774174631,0.47696835,25.903982,0.5846743,0.59656215,0.34771103,111405,0.08896733819458119,1.2575936859088692,0.01990799543299182,0.023279248424474486,0.03536864925108546
model,585,0.48246344836512645,21.09023995148072,0.31356689529172865,0.31509505860847065,0.1569085709801534,0.41190627,22.834793,0.32805955,0.33040127,0.16550323,134630,0.07055717619219859,1.7445531393395939,0.014492658808307968,0.015306212973179134,0.008594662691034954
model,591,0.13017257609482022,27.059714302877442,0.2755209245706933,0.28246522648091804,0.2985915207134156,0.33455402,22.401274,0.2727487,0.27979276,0.3171873,91207,0.2043814404952982,4.65844057546045,0.0027722158457177404,0.002672470638709179,0.018595788551721115
model,582,0.9561049869498327,10.892710626650171,0.21340448772226672,0.2583068143118054,0.6901470264785728,0.9533724,9.861614,0.23027451,0.25247434,0.56449246,107960,0.002732568069370056,1.031096399355249,0.016870025641571473,0.005832476495567007,0.1256545624130211
model,592,0.6724525294416649,11.58548111416762,0.28311405499727393,0.28746820791379557,0.2565882027697343,0.7346471,12.456335,0.31691405,0.32659796,0.26441398,9929,0.062194565761734766,0.8708539535814026,0.033799996773890006,0.03912975088938131,0.007825779860041682
model,590,0.1990256459509438,29.881462455112324,0.7528300007681948,0.7554114290110748,0.17747606535057103,0.32539976,26.988537,0.77491575,0.77859867,0.21702033,83146,0.1263741104806358,2.892925620395527,0.022085754026879623,0.023187237180026243,0.03954426746269191
model,593,0.8407329243830877,16.396402480496256,0.3095338214873427,0.3196422404120844,0.3400778535904715,0.6582459,23.619196,0.2640903,0.2720891,0.2966313,87728,0.18248700324813893,7.222793457614095,0.045443521881019466,0.04755314648851566,0.043446547180635675
model,596,0.812233869811658,18.121515090424392,0.4976125430364226,0.5045371921693158,0.24967705831941608,0.8334441,17.898413,0.39724222,0.40248412,0.28895807,37943,0.021210248688097844,0.22310238595661858,0.1003703247804259,0.10205307323086976,0.03928101434293743
model,589,0.9270898367400212,14.99374706164734,0.24062937019115657,0.27213953571239924,0.5738238584550522,0.90631706,14.551181,0.25665516,0.28955525,0.47952405,2797,0.020772781514648897,0.4425662221087663,0.01602578642123967,0.017415715885958916,0.09429981227241979
model,599,0.6854229547735068,19.781035839666856,0.28391785041807827,0.2872077386119559,0.21701563667434243,0.8969147,14.729623,0.26725742,0.27222648,0.24398555,35838,0.21149176576177153,5.0514129987855085,0.016660428209292255,0.01498125598217992,0.0269699119411132
model,595,0.9680012945363692,12.68620560445357,0.29465669168538966,0.30028936467457706,0.3023868569513954,0.8896298,19.973223,0.3568901,0.36138672,0.2740659,130288,0.07837151329018388,7.287017128090376,0.06223342047624669,0.061097351691237145,0.028320945181528445
model,600,0.6895084467580819,15.205126520494765,0.23638768184906866,0.2425496153754684,0.37163964808126787,0.68587065,16.724934,0.2235358,0.23076867,0.31767005,77590,0.0036377993276619502,1.5198071037728127,0.012851875908440613,0.01178094970411983,0.05396960079809526
model,597,0.5762157215132606,23.743646489795772,0.40135517411764926,0.4043175616204612,0.20512636263898665,0.7024166,22.61972,0.5739068,0.5819679,0.261467,89595,0.12620087728358387,1.123926030811397,0.17255160517159635,0.17765032864214259,0.05634064714380449
model,594,0.25725132923728966,29.379880230487718,0.6738315537872179,0.675004166451509,0.11976878417687946,0.32047957,28.294926,0.63296336,0.63457644,0.1587935,12919,0.06322824258201576,1.0849545407904522,0.040868194431291416,0.04042772659402605,0.03902470992845959
model,601,0.12671181328213638,26.560434995730983,0.2463412925908121,0.2531755971693097,0.2908548010385644,0.1463244,24.497746,0.29790226,0.32059744,0.3295305,30470,0.019612582851286475,2.0626894818149673,0.05156096365956936,0.06742184283503905,0.03867570628756167
model,603,0.2893804746818335,22.36488997824715,0.35733459512652693,0.3631433876227211,0.23578756590354616,0.30424413,21.371769,0.3089149,0.31567028,0.22173005,115410,0.01486365616800478,0.9931210268311332,0.04841969530047713,0.04747310597408522,0.014057512478710954
model,602,0.9822345669006108,9.05034934221743,0.1914442869807548,0.2135204149652114,0.60972552116806,0.9592805,12.925335,0.22379889,0.24815561,0.546064,27360,0.0229540760253667,3.8749855882024917,0.03235459896075063,0.034635193808020104,0.06366150196487397
model,604,0.8521373995946308,14.036560227586847,0.3107649119097097,0.3135596156847685,0.20776550467957813,0.7971967,15.311357,0.30972338,0.31354976,0.20261912,128538,0.05494071332677797,1.274796316907782,0.0010415346819264704,9.858680984298207e-06,0.005146384200948068
model,598,0.37345278187144904,20.251065127121354,0.22330868531473727,0.23349494540968474,0.32222589732352586,0.2892659,20.376766,0.24822108,0.2643944,0.3343902,123810,0.08418688102115301,0.1257010777126304,0.024912399160780002,0.030899457094282545,0.012164295900427391
model,606,0.6244162771364454,12.481467927075485,0.22858002340043423,0.23150368187017722,0.18338265408848725,0.6605614,11.977976,0.25165686,0.25589105,0.20482118,100812,0.0361451056340929,0.5034920817385711,0.023076836712709686,0.024387372998520895,0.021438530189047234
model,605,0.006466642041039166,29.993060511251223,0.44532096440082486,0.4730342113120014,0.34243762370719816,0.062754646,27.072792,0.45650977,0.48401707,0.3588983,50502,0.056288003902602496,2.9202684580285663,0.011188804562035248,0.010982862796122372,0.016460688146210656
model,607,0.23008534948892356,22.381076288892544,0.3393452746707328,0.34122287322685146,0.15803280696886887,0.2617722,22.352373,0.28599292,0.28818053,0.19848569,121745,0.031686836075117575,0.028703165723598545,0.05335235427202062,0.05304234315559292,0.04045288040619979
model,611,0.5847920672744419,19.65785729093985,0.2656444033578746,0.27312267519633443,0.3188675180628633,0.75914407,19.163265,0.27024958,0.27579156,0.2775482,127102,0.17435200048984034,0.4945920626683673,0.004605172018636028,0.002668880446747235,0.0413193241312837
model,608,0.9642129649249374,10.542268147551475,0.183192087611366,0.20469850066043035,0.48333009939984634,0.95601225,11.907859,0.19964951,0.2385509,0.57430327,90430,0.008200715932017433,1.3655907010203023,0.01645742515642576,0.03385240075253351,0.09097316998644517
model,613,0.5270599325354037,25.681578726505695,0.6415498647265349,0.643158486096095,0.1576827670276702,0.428266,26.549637,0.7042726,0.7059732,0.1516048,55245,0.09879394370865202,0.8680581143146178,0.06272276310397051,0.06281472185449699,0.006077965611273106
model,616,0.5979205565756419,23.92299961373524,0.24854438367609102,0.25048587439473047,0.1763269328149409,0.4757294,25.9048,0.27964148,0.281631,0.149555,70463,0.12219115069566755,1.981800801303823,0.031097095577677897,0.03114511849467383,0.0267719351323695
model,609,0.020722651121793886,27.628246954778884,0.3112222050702993,0.31284869086391137,0.13213612776409764,0.0067370525,29.635548,0.30677193,0.30984873,0.17768624,113420,0.013985598658798833,2.007300683160569,0.00445027103785911,0.002999965068165522,0.045550116485246234
model,610,0.48239213363182004,22.10579640559857,0.2876056200704338,0.3032901554881137,0.28415289289256196,0.41429013,21.78199,0.26912236,0.28383508,0.30641672,97861,0.06810200349342282,0.32380635432904015,0.018483257933592956,0.019455072241882643,0.022263827259339286
model,612,0.9706058074663091,12.266038447564952,0.24369699738683923,0.2503973437666789,0.3289282984254846,0.94115186,14.36936,0.23768744,0.24619175,0.34416538,19167,0.029453950090210457,2.1033215225278212,0.006009558660414055,0.0042055888295069455,0.015237086343955097
model,617,0.07732712348362454,29.463558614172555,0.5240407426969506,0.5282116297254019,0.19255004318518526,0.062054276,31.767565,0.57117265,0.5760272,0.17619276,78246,0.015272847017254912,2.304006159387015,0.047131911931803105,0.047815584801728206,0.016357282717655963
model,619,0.5734864977376809,21.695470890466993,0.22586844975487416,0.2632697735956012,0.6442233806790714,0.3673673,23.782982,0.242593,0.3091599,0.71257186,111402,0.20611920032671593,2.087510982091601,0.016724555544694014,0.04589013112279783,0.06834847868066984
model,614,0.9710112917310225,4.50993921804757,0.2848791633109371,0.31809418537261297,0.3952106105698849,0.97351927,4.7573614,0.31469178,0.34727067,0.37109524,48338,0.002507973920680362,0.24742219400076948,0.029812618686743564,0.02917648218033503,0.024115370453765494
model,618,0.10566326088299849,31.118708688736913,0.8389533648540992,0.8392263195325087,0.06143084960257612,0.05178229,30.338377,0.93121284,0.9315458,0.046954427,2696,0.053880969500447295,0.7803316898355455,0.0922594776103478,0.09231947447765365,0.01447642268812261
model,615,0.8153610930799398,8.212579387668804,0.37952287123716716,0.3882658632548034,0.24627151529931346,0.7796087,8.582299,0.31954214,0.32732004,0.27324918,125492,0.035752366578474915,0.3697198448141066,0.059980731468566695,0.06094582398249504,0.026977663825518694
model,621,0.5503316588012681,20.093101598911552,0.35115639231591766,0.3543291730372733,0.2105213611647524,0.56735057,21.497921,0.4731077,0.47618183,0.20162503,84596,0.017018907585908405,1.4048193910786821,0.12195130326361114,0.12185266189886867,0.008896326951686295
model,622,0.6101878233851553,24.329460409416317,0.2667274660707991,0.26772767680905113,0.13879262114970292,0.46995777,24.662842,0.3164217,0.3183237,0.16049322,68689,0.14023005446807157,0.33338138745868307,0.04969422153219771,0.0505960248110508,0.02170060370953475
model,625,0.07852123465189748,29.030370262398158,0.45291418568891567,0.45531989069301615,0.19543335476862925,0.04066832,29.331545,0.56394607,0.56808996,0.18306577,25060,0.03785291474113278,0.30117461370047494,0.11103188259798008,0.11277007131259909,0.012367582712049657
model,626,0.489863412023166,20.500719786344757,0.2268129654429565,0.2333943434277515,0.28707833165174457,0.36496246,23.868633,0.27883738,0.28412932,0.27350235,39402,0.12490095341263135,3.3679134839189153,0.052024417350470004,0.05073497814741329,0.013575981798228942
model,627,0.19990619910647406,24.083983108996367,0.2687314264532222,0.2826866240534913,0.32877485233234455,0.19365644,23.961311,0.20566729,0.21187723,0.28184748,61296,0.0062497545569135116,0.12267176866433616,0.06306413934193983,0.07080939722396251,0.04692737537311603
model,620,0.8875813802286386,18.16434843564926,0.20755492938259576,0.2174149987717789,0.4037422735848467,0.8497569,19.334507,0.19922595,0.22343221,0.47987142,11879,0.03782448373281955,1.1701585528761314,0.008328982121739131,0.006017214296229534,0.07612914846753671
model,624,0.07835325746720556,25.626687763073296,0.48328046841797984,0.4947171243335229,0.3084641813176153,0.07225859,27.3179,0.3942051,0.42144302,0.39558935,107742,0.006094665815289058,1.6912119409061965,0.08907537503419077,0.07327410899653253,0.08712517033643741
model,623,0.24591156894343305,25.973522206774682,0.34357859686093684,0.3494439298897174,0.27394388709369577,0.30118528,22.472153,0.26837012,0.27313685,0.24924564,46126,0.055273711141176934,3.5013694968137443,0.07520847514348383,0.07630707571796447,0.024698243477973114
model,629,0.9741217013398366,11.83962572531955,0.20592371988748173,0.2612960448271622,0.8324414406771243,0.9739017,11.372887,0.22634445,0.2731191,0.83081764,53509,0.00022001228725476718,0.4667390676047063,0.020420731420768695,0.011823047160447686,0.001623800849396062
model,631,0.7748359318428343,20.321623712199667,0.19966310822659702,0.21087202615279782,0.41197858782079355,0.7535858,20.614689,0.19494088,0.20822044,0.40048322,25624,0.02125011641314678,0.2930651610913486,0.004722228285610391,0.002651588983722808,0.011495367005134982
model,630,0.5805498671509218,24.668749792780627,0.22630051467527504,0.2317651601290991,0.2644239821918813,0.6010825,22.482584,0.23166527,0.24494222,0.34047782,39250,0.02053263664470195,2.186165793146838,0.005364753865107347,0.01317705793616275,0.07605384201923931
model,632,0.7868187071353441,19.403976941861654,0.5037293311361063,0.5049488893817607,0.14810872155689794,0.86698025,19.450756,0.41552997,0.41746053,0.16887243,103645,0.08016154751477189,0.046779131136393204,0.08819936478173618,0.08748835838543811,0.020763709363702948
model,628,0.3259446579089815,27.09491436144305,0.24171052259855155,0.24392884929444245,0.20222520504141442,0.21893464,25.505432,0.2872557,0.3031009,0.3264603,75973,0.10701001762062856,1.589482232536799,0.04554518180437203,0.05917206446860382,0.1242350968346537
model,633,0.882113471052893,16.649063962930732,0.2632500261817077,0.28377375413969314,0.46775307266230304,0.8654767,16.102531,0.26276374,0.28100514,0.43802258,128371,0.016636743567236212,0.5465325298252637,0.00048628754950552633,0.00276861002043044,0.0297304889392348
model,637,0.8143679472821516,16.65147358862481,0.22953099232137855,0.25632153673934616,0.39079567472813753,0.96857846,9.450259,0.24510393,0.28640524,0.52477336,101233,0.15421051055018486,7.201214379945611,0.015572933145158924,0.030083698789599767,0.13397768457056852
model,639,0.23867284234615038,21.890758267237402,0.24370213292400156,0.2515098513097742,0.30225889096652586,0.15930204,22.646526,0.23189345,0.24530265,0.2915048,53892,0.0793708014115877,0.75576806943252,0.011808682902257783,0.006207203957555585,0.01075409064685423
model,638,0.6790139963987862,17.83898055620741,0.2357880469678931,0.24534582600107688,0.3220937352956458,0.5628802,20.709646,0.21782602,0.22205868,0.30619943,3963,0.11613377836976402,2.8706656687681757,0.017962023270040012,0.023287142367272556,0.01589430387627322
model,635,0.12421269553027998,15.828088732722009,0.21905993443817573,0.22050940461708884,0.16858455426831173,0.12343894,17.995314,0.25462866,0.2616309,0.21330401,137164,0.0007737560781086589,2.167224911687171,0.035568723856502005,0.04112148813651223,0.04471945874552799
model,640,0.20629557262577988,28.799853653439687,0.4419051475828837,0.4444859638361383,0.21514454789294152,0.14187954,30.089148,0.3123196,0.31520227,0.21212779,117653,0.06441602896370865,1.2892939143093365,0.1295855410402964,0.1292836978582788,0.003016758037938161
model,634,0.9802879015580029,3.588617190614734,0.2611254747990713,0.3004404664746932,0.41607580798460503,0.9855545,4.388352,0.26869288,0.29079586,0.4193577,2650,0.005266614757457266,0.7997347266521118,0.0075674060698404655,0.009644603799980056,0.0032818792502735117
model,643,0.9335208263536501,14.872039034451547,0.26877247782569613,0.27473629269844824,0.30540353146686144,0.86029714,16.484114,0.29549626,0.30289778,0.339715,53915,0.07322368289433001,1.6120746587857582,0.02672377733368192,0.028161488435203497,0.03431147250042371
model,636,0.862733694261029,9.892461662450742,0.2408096970083774,0.2501124107270813,0.3161916486039669,0.86187357,10.900923,0.25419953,0.26405042,0.31313014,31437,0.000860127156689372,1.0084611128178125,0.01338983764623991,0.013938013371887215,0.003061508299401494
model,641,0.837724891148181,17.865736394589575,0.2314965660211887,0.23465453194455377,0.2514206873938565,0.93264836,16.124361,0.2681512,0.2715137,0.23229906,131891,0.09492346958103648,1.7413753563815675,0.03665462783600429,0.036859168540675724,0.01912162776441617
model,644,0.13658007131016542,24.244462056315577,0.5527284022118241,0.5541390097155696,0.14526573796239772,0.17102456,24.165997,0.5994839,0.6005712,0.124235734,73861,0.03444448961817931,0.07846550480190473,0.04675550501092374,0.04643220543717086,0.021030003618868975
model,642,0.06282314907179541,23.032900188051578,0.23127043315593968,0.24668264363031786,0.32727906914508814,0.64984494,21.96659,0.22937779,0.2668561,0.3946374,12908,0.5870217954052859,1.0663093067039213,0.0018926418704248438,0.020173460505195445,0.06735833672725683
model,646,0.5606226975401615,26.13209026178118,0.38261601619578256,0.3871872650866382,0.2512403314027017,0.5628404,24.344662,0.3569491,0.36199102,0.24322933,988,0.0022177045861507816,1.7874285491346953,0.02566692523814096,0.025196247029768692,0.008011001816672636
model,645,0.3689406759903753,25.81794792151981,0.8740158318097562,0.8784565284725749,0.2488607863460549,0.5905001,23.315342,0.7941955,0.8007459,0.26402217,44613,0.22155944035789132,2.5026059720569194,0.07982035861563386,0.07771062402692674,0.015161385151290063
model,647,0.9461067431199928,12.250484345864677,0.24641688525722943,0.253396118886877,0.32527528426474633,0.94953763,11.079328,0.23485743,0.24263023,0.24975216,110286,0.003430891729555574,1.1711567625516892,0.011559460163578616,0.010765890486646612,0.07552312037772241
model,650,0.878902755911312,12.43537104017188,0.2378988235505078,0.24527778358378644,0.3015161984479719,0.8602925,16.143923,0.19769433,0.2019675,0.26977336,98676,0.018610261614284362,3.708551765614253,0.04020449214296079,0.04331029088416333,0.03174283438089426
model,652,0.3180781493274756,24.958761800409835,0.20023113271040624,0.21070353002426861,0.35041982622620804,0.17427784,25.842402,0.21001062,0.22250748,0.3726597,114589,0.14380030728264526,0.8836397041067663,0.009779485261014048,0.01180394678237201,0.022239886803653408
model,654,0.446373047207423,24.746447763974572,0.280599308726158,0.2945140572425883,0.3818556794819307,0.6587219,22.447256,0.29350454,0.30304283,0.35430518,32067,0.212348876620702,2.2991916757177364,0.012905227425727972,0.008528771794124368,0.02755050155491351
model,649,0.9500832279512368,12.853186773513556,0.30970156577270047,0.317176517873154,0.3032089731740367,0.79918003,19.814804,0.3575659,0.36507872,0.27241305,24962,0.15090319712848288,6.961617303634881,0.04786434385139926,0.04790219959701508,0.03079592800611375
model,648,0.25389874943252744,23.12383056279879,0.19885131469577214,0.20292777043315036,0.2732166109118051,0.182499,23.083523,0.21311751,0.21978803,0.26806578,45176,0.07139974304195584,0.04030776616793119,0.014266195384565389,0.016860259356774265,0.005150830510575244
model,655,0.946343676957975,8.835862194920821,0.2511925584432127,0.25701647336168004,0.28130886082588086,0.92100173,7.612123,0.27558297,0.28205022,0.27791792,1302,0.025341944608579303,1.2237391823780968,0.024390410745477487,0.025033748796751965,0.0033909392827595197
model,658,0.4538925081975507,24.649970646020883,0.700516296269836,0.7094309099780415,0.27010507407588596,0.61314756,20.604382,0.54873514,0.55470836,0.27629018,90950,0.15925504858421807,4.045589084741586,0.15178115451568563,0.1547225483523701,0.006185104223064231
model,651,0.45269904402113503,23.012384331957122,0.19595344918556654,0.2256802246517126,0.4615307209464106,0.27085182,25.037786,0.29450196,0.32795072,0.48865393,34672,0.18184722331381387,2.0254021518075263,0.09854851109199084,0.10227049136696414,0.027123207095047508
model,653,0.7330146554798762,20.754069692832285,0.2897636453306669,0.2990938476960475,0.3324672582082306,0.7473209,18.637589,0.2889062,0.2992221,0.37170115,58694,0.014306234946759533,2.1164811918557227,0.0008574585115903588,0.00012826400591781084,0.03923389292435303
model,656,0.8477269465785604,12.311218449602258,0.48140426329854114,0.48921214224665843,0.24595213450306502,0.8053286,11.973825,0.36332873,0.36690575,0.19399132,911,0.0423983390193563,0.3373929948903438,0.11807553819897754,0.1223063934025117,0.05196081615799514
model,660,0.4051747695109112,25.224774595206288,0.603984300170884,0.6054905429852597,0.13868780792770813,0.6613964,24.007174,0.53431284,0.5361736,0.1349038,19061,0.2562216147282856,1.21760105699828,0.06967145589445578,0.06931696090823336,0.0037840044599575795
model,657,0.8628239091228167,17.544913286729923,0.22752344222858742,0.23427424334185445,0.3620420760999278,0.78544974,19.110508,0.2503496,0.264695,0.40212587,18919,0.07737416585194268,1.565594678357968,0.022826168815342635,0.030420745385715126,0.04008378912109578
model,662,0.9570905458982063,12.841843309003572,0.18894032275109512,0.20077485040735962,0.44335534961899686,0.9727905,8.580047,0.18281254,0.19683442,0.42691994,16536,0.015699933761827878,4.261796655256013,0.006127781027843782,0.0039404352099871864,0.0164354124852078
model,661,0.935151369046065,14.667571644558102,0.30008817216344,0.313321132873541,0.4458183914447202,0.9350634,14.210244,0.29717025,0.30693743,0.35884506,30409,8.79473198381886e-05,0.45732746578612904,0.002917920555545128,0.006383706544881962,0.08697333634141818
model,659,0.22857707934681543,27.916149756698342,0.776037377383373,0.7785584257376523,0.1523252511654858,0.17349294,25.114897,0.7663895,0.7693599,0.16830127,45949,0.055084141066709835,2.80125298240635,0.009647888209483813,0.009198539091381575,0.015976018246554924
model,663,0.4120912757825574,24.641380026206736,0.2534370390115374,0.2673859349128539,0.3770506670855978,0.57834965,23.053211,0.25177988,0.26047269,0.3380977,29288,0.16625837412360106,1.588168814048533,0.0016571549115770856,0.006913249814205824,0.038952975549648106
model,667,0.23742746056051967,24.461998960965094,0.589134504753051,0.5916023732939409,0.18176616943592014,0.22231221,24.781895,0.58880574,0.5920002,0.19048919,40434,0.01511524857016322,0.319895722872797,0.00032876964181438595,0.00039781314938791557,0.008723018400726895
model,664,0.8057620311222666,16.24025836270836,0.27132976072946363,0.2746443460872861,0.19243056888582544,0.93306065,9.761845,0.30969554,0.31368032,0.23431548,57615,0.12729861493486228,6.4784137276985945,0.038365781129209464,0.039035974890878566,0.041884915876366335
model,666,0.5437356445453838,26.430987447956312,0.3479609589492815,0.35167707958484495,0.2674023861176613,0.42430085,25.802114,0.40080956,0.40602532,0.30922204,10763,0.11943479510767019,0.6288729612619761,0.05284859729652236,0.05434824070667421,0.041819656442916076
model,668,0.2590761608538826,29.127311226417447,0.3767201091958584,0.3812539901368787,0.20296020081162405,0.28896764,27.589819,0.43257973,0.4363762,0.22045971,123941,0.02989147835395739,1.5374922719496737,0.05585961678490026,0.05512222389052607,0.017499513720274446
model,669,0.1709146252210135,26.822176330998946,0.373119326872631,0.4240965001561224,0.4789504560569557,0.40734175,23.834337,0.39806083,0.44932052,0.5413495,123298,0.23642712325501494,2.987839096501876,0.024941501574710923,0.0252240247748316,0.062399014558431276
model,671,0.7070853116538048,21.102412141561025,0.43377508882509497,0.45104130414518157,0.32204458344938275,0.6053704,21.312756,0.5044568,0.5186435,0.33066615,58728,0.10171490931768423,0.21034344315577158,0.07068172927869532,0.06760219427553377,0.008621571173648868
model,670,0.8726386073642106,16.344855300351526,0.24473997890025065,0.25337749353084776,0.34898653447973604,0.8074876,17.271378,0.27987647,0.28294185,0.25962916,30053,0.06515100036195232,0.9265222631250367,0.03513649166554525,0.02956435450877931,0.0893573743139493
model,665,0.07744442450750665,30.25381842662901,0.923528969104271,0.9237810348450304,0.06340587938849504,0.14738007,28.482708,0.91278386,0.9132182,0.07558972,69016,0.06993564439069434,1.7711104493340883,0.010745107943992638,0.010562834638273788,0.01218383704598372
model,673,0.9595038666803385,10.687149445103245,0.32411245121079557,0.3416393852125502,0.43993919340824367,0.9705888,10.343152,0.29648733,0.3202598,0.45691204,41579,0.01108493661098231,0.34399739889963143,0.027625119820414712,0.021379575718531663,0.01697284730220555
model,675,0.49706732070844595,26.383878000435875,0.33519595442737443,0.350532294052324,0.43850373327164477,0.19525152,30.35674,0.55621165,0.55973035,0.25542262,137958,0.3018157962600512,3.9728629511022113,0.22101569594417708,0.20919805691889792,0.18308111130623644
model,672,0.6783077401965765,24.678535796042183,0.21606268140156662,0.2247648338725381,0.3272085204263999,0.7761057,20.365795,0.19952007,0.21180972,0.37084657,66456,0.09779796172679389,4.3127406605441365,0.016542615021065826,0.012955109303217416,0.04363804911171654
model,676,0.09780856252872773,29.81966671116389,0.35888577754831563,0.36080698424026886,0.18247467568484657,0.06893155,28.784948,0.2980198,0.29936898,0.17686048,48932,0.028877012741206368,1.0347183621648668,0.06086598093843709,0.06143800669357696,0.005614194184220961
model,680,0.9465516722804624,14.483608294015347,0.5950240177097854,0.5995129375611433,0.25371038940926216,0.9609867,12.847464,0.48307595,0.4869006,0.22947106,57688,0.014435001551477256,1.6361446862272615,0.11194807114034266,0.11261233975039808,0.024239331755835036
model,674,0.825367375825914,18.978776546380583,0.26532014698635287,0.2819879507852337,0.4475372615562818,0.9485041,14.108398,0.2231568,0.2464392,0.49283993,64745,0.12313671448322905,4.870378108880583,0.04216335208069033,0.03554874716527673,0.04530267088542961
model,678,0.6823438170625595,21.779022114672763,0.2872960175522927,0.2909284072220556,0.2411153380555658,0.79923725,18.130651,0.35333124,0.3601387,0.24270606,15236,0.11689343421917875,3.6483706406737397,0.0660352204790946,0.06921030709145148,0.0015907223539801119
model,679,0.9268330725338766,8.253096389565194,0.30947727179647283,0.32357523287305434,0.34572045455387196,0.93396425,10.034842,0.2970408,0.30247214,0.30064937,65673,0.0071311799380472385,1.7817451479103923,0.012436481477030081,0.021103088507743673,0.04507107983043751
model,677,0.9860655940693664,6.100079281576939,0.19874250103493585,0.21131747269941828,0.4426931047218584,0.99077934,8.270407,0.19196244,0.20209584,0.36545885,49647,0.00471374619781495,2.1703274414455223,0.006780065193375484,0.009221636298432562,0.07723425862963429
model,681,0.5753512684421761,22.450655823331882,0.2578895264807228,0.281461086999629,0.5663708766050282,0.36801112,23.78781,0.26816574,0.2833294,0.43842283,137202,0.20734015146066975,1.3371535486163602,0.010276210909795414,0.0018683104403276474,0.12794804769229318
model,682,0.726051374755224,17.16119524481904,0.21125040944146156,0.2223493737462665,0.3554264148769537,0.71494704,17.858223,0.23654655,0.25577214,0.37258565,61185,0.011104329905828214,0.6970277166067405,0.025296136779317857,0.033422769856104706,0.017159239381774327
model,683,0.5972609724546862,21.307193191786236,0.2094649702555388,0.2717806991277693,0.8660587808832809,0.9915586,7.006035,0.1929311,0.22572498,0.639522,43300,0.3942976389382886,14.301158340712018,0.016533869529411188,0.04605571889266952,0.22653676483484952
model,684,0.7558013949228378,21.002889524941395,0.37804470588317374,0.3934240081965606,0.43925999936341936,0.57920337,23.377485,0.37148663,0.38123122,0.38092202,129982,0.17659802768956145,2.3745957503271597,0.00655807186713675,0.012192789620129318,0.05833797988176043
model,685,0.6478700655598373,12.996847539374691,0.3538979171463921,0.358585957717283,0.228929271019386,0.8116477,13.875265,0.26519343,0.2828263,0.36613455,126889,0.1637776476245194,0.8784175820852695,0.08870448457688834,0.07575965328155304,0.13720528312833433
model,686,0.16940399168751272,20.905296311699892,0.43602037314473424,0.4381245826532413,0.13398923067982207,0.09511676,22.461796,0.40238678,0.40461972,0.12943128,12773,0.07428723483107122,1.5564994951848732,0.03363358859120641,0.033504859094815376,0.004557953166318046
model,689,0.7476883540171382,20.341161532356313,0.22121338936213147,0.23333997145016397,0.40786667015056655,0.80910057,18.508072,0.20964913,0.21808238,0.38087255,137309,0.06141221427738697,1.8330896329422508,0.011564258660112736,0.015257588175131925,0.026994122524071185
model,687,0.24781783538540228,25.894183296770166,0.30401711922855545,0.3156231080178776,0.31114080589149257,0.3960004,25.777498,0.29386696,0.3013947,0.30281806,100606,0.14818254989902155,0.11668505153090791,0.010150157034112706,0.014228407013849254,0.008322745970227918
model,690,0.559206621499966,22.11230255578464,0.5897577011980928,0.5958518907746364,0.21198674281361946,0.496637,24.24041,0.5056748,0.5106752,0.24811354,21863,0.06256963476748312,2.1281072952895776,0.08408292178296217,0.08517669889536394,0.03612679998156182
model,688,0.41745632893940937,24.838900367635745,0.7751372132396125,0.7807288909595762,0.2424297753587945,0.4796985,24.73689,0.55573946,0.567465,0.28139156,69929,0.06224218003848064,0.10200957478906503,0.21939775086397162,0.21326388365443094,0.038961785672547045
model,691,0.5254763546921821,24.64472691747939,0.22903684670621938,0.24835729258954237,0.3117792140452976,0.76095283,18.804876,0.20807086,0.21804179,0.33175653,125720,0.2354764756224541,5.83985058996474,0.020965987393208207,0.030315500077602364,0.0199773181469326
model,693,0.8927615455782277,8.509663695631879,0.237362015983639,0.2425937985619237,0.24088148272831816,0.9151379,12.926447,0.1997188,0.2055792,0.2844627,14305,0.022376341422809864,4.416783219040973,0.03764321281629587,0.037014592214458186,0.04358120762507539
model,695,0.9621904333228202,13.173018520914503,0.2875239318926466,0.2923168658367469,0.2418745413222643,0.91282207,16.717255,0.24728583,0.2502825,0.21766427,37242,0.049368365585240825,3.5442361177573716,0.04023810389829996,0.04203436962283391,0.024210269729170425
model,694,0.5437101023153253,25.76847712623368,0.22845946950305598,0.2309447118809125,0.21797489285084357,0.37801126,26.988708,0.23655222,0.2396197,0.19094047,125196,0.16569884585895023,1.2202313698600697,0.00809275406013829,0.008674990219841278,0.027034423347440856
model,692,0.5610460506472247,12.71125309649382,0.2664154323550595,0.2716793322330505,0.20712071795732576,0.64581686,15.556148,0.25686237,0.26566476,0.26571038,114621,0.08477081193593572,2.844894478884598,0.009553060195101604,0.006014575934985333,0.05858966569631499
model,697,0.17267141419417736,24.474888810228208,0.2929402913223917,0.2953183079484803,0.20460176362586008,0.59593415,15.550814,0.28072625,0.28918037,0.28936926,85628,0.42326273840897205,8.92407513530145,0.012214037336033046,0.0061379397634369615,0.08476749167847647
model,699,0.9443318559934216,11.78758520203904,0.2110204962585654,0.22023441537264943,0.3587649123988196,0.98085135,5.747394,0.19508187,0.20745306,0.31964758,56792,0.03651949622139161,6.04019111710862,0.015938621530362573,0.012781358202735182,0.03911733201361145
model,696,0.6157007266237898,21.062199696585267,0.1996338836305133,0.22253158116642152,0.5666692050006025,0.27616337,23.65038,0.19031784,0.21620676,0.5380394,60535,0.3395373572065993,2.5881794843229358,0.009316044246434313,0.006324821952020276,0.028629818728172052
model,698,0.9456487565133114,14.073306000793053,0.22915083303544959,0.23484112835575985,0.2915185249627038,0.96355516,12.096337,0.23516595,0.24711229,0.37640205,98426,0.017906400671289457,1.9769686823726431,0.006015120600719848,0.01227116071532322,0.08488352529402532
model,701,0.566243344285619,25.47425264369287,0.48171403405680796,0.4859367155577289,0.2698993097229815,0.71889484,22.051268,0.48240465,0.4856448,0.20729472,118897,0.15265149500118524,3.422985019791504,0.0006906152008519517,0.000291928007756348,0.06260459229191306
model,704,0.34190787623255986,29.232580896807,0.4605460789837218,0.46217188102887796,0.14605161207424844,0.18210131,29.992968,0.56518316,0.56629306,0.14215466,104545,0.15980656693309087,0.7603867087838196,0.10463708370548719,0.10412117975069357,0.0038969482730552008
model,700,0.39704273077577856,24.975147142997386,0.47094617328779603,0.4728307544000992,0.17219961583311316,0.4680798,24.749275,0.40795985,0.41045117,0.20566677,58449,0.07103707459836694,0.2258719354778549,0.06298632464544679,0.06237958061775056,0.0334671497375274
model,703,0.9493313170376667,9.85858849030027,0.29466955865267586,0.3027463689625967,0.2576697583859553,0.90570945,9.296479,0.43487218,0.44293344,0.27423662,124366,0.04362187156113473,0.5621092651415793,0.1402026215707891,0.14018707124583835,0.016566861086548368
model,702,0.2658838482986152,24.67155790207431,0.5409953992548077,0.5420347143205831,0.11640296257974748,0.22795749,25.877628,0.5139555,0.5145583,0.09249924,24381,0.03792636119229198,1.206070424341707,0.027039925354966354,0.027476399043483535,0.023903721346875476
model,705,0.8889026169470859,15.981617610586042,0.2636973451610228,0.26754557810654306,0.22569092281071856,0.8495493,16.616158,0.27957463,0.28391567,0.25588733,19482,0.03935332342901954,0.6345399211522391,0.015877287483630542,0.01637009061942435,0.030196406767681094
model,707,0.4169861609737231,24.346900293480896,0.7224945004307238,0.7253733511526994,0.16209703876744863,0.27573404,23.011116,0.6560122,0.6591758,0.16336855,109697,0.14125212381284968,1.335784265648865,0.06648232296337764,0.06619753795460981,0.0012715141557538834
model,706,0.9029197214001851,10.248042640769903,0.2547125508628535,0.26961669175516656,0.37331143281152795,0.9215299,5.713529,0.2643134,0.2739288,0.2955867,69482,0.018610167706565428,4.534513530815069,0.009600848928864036,0.004312099529394597,0.07772472760370325
model,708,0.9218639132365148,8.436629810927322,0.31422641414452385,0.32637927465828653,0.2934858108332135,0.8622685,8.519239,0.28420258,0.2892603,0.20997639,13163,0.059595405755893505,0.08260961473185802,0.030023838460930097,0.0371189766445994,0.08350942082905549
model,711,0.052499060338373676,29.436895256936594,0.29761519509190915,0.30176681892885077,0.23412126721626625,0.03093618,27.015682,0.4052048,0.41503423,0.28771064,71436,0.021562880655761257,2.42121303647761,0.10758960765963199,0.11326741559492243,0.053589369637905504
model,710,0.9673418337446679,4.8639891886148305,0.2677030347212333,0.27510675834790715,0.28488645583135863,0.9755264,6.7030206,0.20579168,0.21268742,0.30410117,55855,0.008184558715201518,1.839031384047523,0.06191135271630471,0.062419340483107655,0.01921471327798585
model,709,0.14178728070286273,24.214546416340337,0.18949972305161156,0.2044358583242868,0.4684513417923989,0.19886526,25.066118,0.19675383,0.21666636,0.5491437,21756,0.05707798395129682,0.8515718240161085,0.007254106666024551,0.012230497404816298,0.08069233019704203
model,715,0.06754784861949449,28.803775078773256,0.272017967526879,0.28473376109978926,0.3697026462428368,0.0660849,29.342728,0.31974488,0.3270311,0.28220826,76062,0.0014629496112204127,0.5389525823595562,0.04772691744092494,0.04229734465697038,0.08749438236878282
model,713,0.5024355522727312,23.11397678679501,0.5177655008802344,0.5244963070526372,0.32710848111357055,0.37551528,23.664787,0.48969874,0.49680102,0.2632934,88527,0.12692027011864793,0.5508105056854582,0.02806676302050848,0.027695288337732382,0.06381509560789428
model,716,0.37166386953519587,28.128832069846375,0.6439488526915852,0.6451185564971315,0.14334639847410668,0.6305837,24.962725,0.40436742,0.4105566,0.22126126,45199,0.25891983398271795,3.1661073841774297,0.23958143559449352,0.23456194209817516,0.07791486441957007
model,714,0.7377081083775029,14.19300595131098,0.22928405116667122,0.23299651215180542,0.2381125390298278,0.44112176,20.933249,0.28293812,0.28689262,0.24546087,97067,0.29658635134701583,6.740242568586481,0.05365407158265739,0.053896110557468874,0.007348328851947111
model,718,0.1577006734052142,27.085956806812245,0.3119076459438271,0.3233270135484011,0.2392978130615824,0.122711554,27.602333,0.29656005,0.303002,0.22309849,129728,0.03498911923555936,0.5163762620354113,0.015347596886820247,0.020325013693359595,0.016199326399671393
model,712,0.3082220299679563,24.969840213092006,0.31478545968487426,0.3231609918914604,0.2852762626471474,0.25663862,24.073792,0.48857486,0.4938723,0.27663612,3488,0.05158341364448521,0.8960487091857559,0.17378940279528932,0.17071132280008317,0.008640138989920831
model,719,0.2081510392234146,30.235062479992983,0.5119361285248436,0.5134127154231407,0.1603882645147187,0.21347836,30.154163,0.6193803,0.6209859,0.15370548,67282,0.005327317376393137,0.08089911939728012,0.10744416675179824,0.10757320977446061,0.006682786800180113
model,722,0.38974115729164677,22.42765393753355,0.2124423635522715,0.21355446151548274,0.13818687077967615,0.33215523,23.907267,0.23452787,0.23566322,0.14522482,97773,0.057585929630513955,1.4796126792877402,0.02208550746041618,0.022108758770886583,0.007037953768091493
model,721,0.26597493325109994,24.478486453717128,0.2067179527953281,0.22113222014381456,0.3548886399736881,0.22988173,26.720173,0.22409628,0.23886372,0.36112475,128213,0.03609319959517038,2.24168642836295,0.017378330521284152,0.01773150134609175,0.006236113978338287
model,717,0.954074947221152,4.4806103029062,0.2499453102654972,0.26292001820903366,0.3212918828370231,0.9460164,5.712701,0.26232114,0.27754635,0.35810623,64676,0.00805857597099946,1.232090540904835,0.012375834076925274,0.014626327978557896,0.03681434289196556
model,725,0.3269941442590217,23.80710098290673,0.22668995351693622,0.23156908220458777,0.25782852935825407,0.36439523,23.138187,0.27518603,0.2855157,0.27424112,130877,0.037401086749507984,0.668913574459463,0.048496078539872256,0.05394661360573022,0.016412590264930138
model,726,0.5897269134818328,26.80437024712902,0.4396592544272519,0.44192423270650905,0.19934984873578493,0.5353737,25.961458,0.42238605,0.42528588,0.19260523,136110,0.05435322573769219,0.8429120409522639,0.0172732042029477,0.016638356909237317,0.006744621503805559
model,720,0.8091700360569094,17.29231702176522,0.40904022900144926,0.4132887020702473,0.20469590658252376,0.7837793,17.974567,0.39782348,0.39956695,0.16181608,139772,0.025390712955865702,0.6822503915648568,0.011216746249602949,0.013721753656398439,0.042879831138302266
model,723,0.902487096768899,5.275557138063206,0.28456516348071065,0.2917033588665898,0.2541606033723957,0.8791462,5.8812275,0.27350503,0.28128216,0.30898508,27442,0.02334087846903332,0.6056703552229266,0.01106013141818013,0.0104212021607335,0.05482448092287712
model,727,0.5980615402527871,24.662040995371044,0.35672505892391604,0.37083604089633243,0.3272365693954407,0.329764,27.615551,0.3461752,0.37103602,0.3405027,112895,0.26829753173075344,2.9535099995020033,0.010549865137294945,0.00019998200520260356,0.013266139754873618
model,728,0.4360329699404481,26.654937499534242,0.4968628820913611,0.5088576447337583,0.29407326243941995,0.3461275,25.014786,0.4804868,0.48979822,0.28969485,122922,0.08990545986964732,1.6401517329326794,0.016376071883994148,0.019059426721902195,0.004378416762997828
model,724,0.9569449737765264,8.404736160039171,0.2315988596458978,0.2526582129927311,0.5423570291220028,0.9512979,7.557986,0.2735986,0.32613438,0.65719795,91024,0.005647094557471255,0.84675037741588,0.04199975170893008,0.07347617068570517,0.11484092314850503
model,729,0.140773424049926,27.364807009529258,0.20843791548933555,0.21485472342447118,0.2941584638020781,0.15579304,25.512444,0.21662425,0.21849175,0.20467652,107929,0.01501961694090348,1.8523634670487894,0.00818632955823373,0.0036370245508782484,0.0894819399974135
model,732,0.6735291441896253,20.626364201650492,0.2457756978788486,0.28223492839724185,0.5871227314639372,0.63458794,20.49717,0.23320682,0.2853689,0.5536647,93972,0.03894120063570072,0.1291947070215862,0.01256887441064028,0.0031339611729943595,0.033458047168282934
model,734,0.9254828023842557,14.636545446466087,0.22835039403027704,0.24168641319559056,0.42939273413761575,0.8584845,17.545712,0.25552782,0.30308685,0.5390641,31551,0.06699829577720007,2.9091660708678972,0.027177430133159847,0.06140043387128871,0.10967137518779319
model,735,0.9325477968716452,10.734233719760844,0.19547372199595434,0.22460522793678997,0.5803230679074071,0.94056726,12.368313,0.20894487,0.2385528,0.64497226,41957,0.008019458148496361,1.634079115932515,0.013471150025720774,0.013947565923645516,0.06464919685928605
model,731,0.9419150102664705,16.842427683384074,0.40464506274638057,0.4115850136251742,0.34418798598169087,0.92533064,17.275572,0.51255894,0.5192822,0.263426,96930,0.016584371380972462,0.4331441397360436,0.10791387432637334,0.10769720816895423,0.08076198014138936
model,730,0.9102318414350115,18.867911870909666,0.32838998259568786,0.3491074844688452,0.5866057315367276,0.96207917,10.52854,0.19534951,0.24053334,0.7246744,113637,0.051847325931016375,8.339372213316892,0.13304046811128234,0.10857414747181304,0.13806867213072238
model,738,0.023547155094058768,27.190200020324045,0.3280790929400121,0.3299166439364824,0.16232139910971266,0.042134393,28.519365,0.41700473,0.4188601,0.16348727,133095,0.01858723791250442,1.3291652903448998,0.08892564133771313,0.08894346372381118,0.0011658713647212382
model,733,0.39612881034884695,24.94409320316677,0.45825037701751603,0.46226566466221647,0.2400101423462966,0.28102356,26.616869,0.47735384,0.48087215,0.21912508,56965,0.11510524839434866,1.672775769611551,0.019103464048844443,0.018606489573623375,0.020885065217886273
model,736,0.7124193189458884,18.095315122160663,0.43682188872956174,0.43917240470444124,0.16620522611325947,0.6789212,20.249977,0.44709453,0.449261,0.16402584,89703,0.03349809625912081,2.154661989655743,0.010272641137610505,0.010088604988704508,0.002179382969796334
model,739,0.5177945090780786,23.215576479348087,0.2541144853941503,0.25810733405103015,0.24884520419358908,0.66399384,18.517868,0.27633017,0.28149956,0.23333858,38025,0.1461993263711402,4.6977084373558995,0.022215687621444158,0.023392230596644414,0.015506624658104762
model,740,0.284466843697388,25.699413871927767,0.29512830055545847,0.33469157786481957,0.5147436764755973,0.31443456,27.897131,0.35374594,0.3999178,0.47618893,120024,0.02996771445576446,2.1977170942587563,0.05861763679195364,0.06522623329049965,0.03855474858672703
model,737,0.8820686321551706,15.79685925126325,0.20486316266547494,0.2425027455330548,0.7084553523025263,0.9492476,13.88194,0.19837923,0.2452453,0.6697798,62692,0.06717896649290067,1.9149193632627615,0.006483929185975124,0.0027425472497287218,0.03867557477567085
model,744,0.9862905215834988,8.260447230721155,0.2591323644182723,0.2725397755362687,0.4733097920154554,0.9867491,6.256563,0.25242615,0.26772958,0.48691654,54054,0.00045859102254974804,2.0038840440756474,0.00670621695733481,0.004810195133894413,0.013606750037767235
model,741,0.14022059489164135,25.55607975210729,0.2216110208261665,0.23171836993183434,0.3458355277863032,0.11566569,25.263535,0.27474204,0.28992954,0.41867027,117063,0.024554905780885428,0.29254520620885316,0.0531310162317101,0.05821116903339088,0.07283473908038074
model,746,0.529072386142913,15.920012223006424,0.23436161381314144,0.2376526893193037,0.20928103996135788,0.63223654,14.575602,0.26232326,0.2658193,0.23566844,38872,0.10316415417462244,1.3444106452476348,0.027961646494170572,0.02816662182266408,0.026387395731429286
model,743,0.30603628973959307,26.997697424226942,0.4259694292963244,0.44528694605419933,0.3233201429775131,0.624487,23.049679,0.26250497,0.27551338,0.3556491,69116,0.31845069308282514,3.9480186217367077,0.16346446422941463,0.1697735652882844,0.03232897067757723
model,747,0.6198764570861107,20.545172485389113,0.44040801485097275,0.45283527867396867,0.3189739126532913,0.32402557,25.24644,0.4600338,0.47161618,0.27236578,83664,0.29585088573982776,4.701268402062059,0.019625789327265164,0.018780900077023155,0.04660813396867519
model,748,0.8774918609614896,14.011646086951217,0.35090804976320505,0.3533628202530137,0.17652150773918446,0.92891383,11.326196,0.40738854,0.41093522,0.18929538,51150,0.05142197074932586,2.6854503700933066,0.05648048835897207,0.05757240284955589,0.012773873568417471
model,742,0.4037237817564554,25.158453879075275,0.754279546570546,0.7563329100362303,0.1643590148725835,0.28424543,28.624516,0.5841926,0.5871004,0.1786869,9469,0.11947835033326815,3.466061654371991,0.17008697254634553,0.1692325234166624,0.01432788705441082
model,751,0.5683844080870065,21.35814457409426,0.19856091575414553,0.21299752058974125,0.4109926419655642,0.8272738,17.09672,0.19333977,0.20690589,0.32910386,8144,0.2588893779809561,4.261424832272972,0.005221150682276632,0.006091634058865092,0.08188878468674032
model,750,0.5354497499493962,18.67591938308295,0.2813704922655979,0.2840852168452616,0.174596602332081,0.51407087,18.037323,0.3022026,0.30379167,0.16269009,108089,0.02137888145726974,0.6385963850360739,0.020832119896038448,0.019706455146086654,0.011906514179195554
model,745,0.9537050252571748,5.286102394541729,0.25270585861243083,0.25763643039987805,0.2043154022881051,0.96383125,3.6828706,0.2757874,0.282905,0.2231898,110875,0.010126220642025618,1.6032317680921437,0.02308155450783894,0.025268581969277837,0.018874398689601807
model,753,0.3565639677790076,26.332610976474623,0.31667989605338376,0.32033929976179354,0.24788895681534823,0.7206576,18.339954,0.2757548,0.28168714,0.2787962,2565,0.364093619272384,7.99265660025392,0.04092508667380612,0.038652159297010824,0.030907239168538492
model,755,0.579178145923403,22.59971150319334,0.3864319128191123,0.39272718246341437,0.22709913454111869,0.7052057,20.965828,0.3057663,0.30781746,0.15573308,54159,0.12602753301641634,1.6338835612988092,0.08066559855100014,0.08490972335696906,0.07136605582293326
model,749,0.5917034447403621,22.776755535677736,0.5236800085875839,0.5291116495644758,0.24835639428803333,0.62068605,22.319551,0.35467276,0.35942963,0.2729082,12280,0.028982609489374256,0.45720406778222866,0.16900724881623685,0.16968202190753912,0.024551816466361204
model,757,0.6287750015202971,25.916103843587784,0.26373839601755733,0.26970438258977786,0.2962526881685635,0.7188212,23.282179,0.26146644,0.27154002,0.28852347,36966,0.09004622603020951,2.6339249648036045,0.002271952478891559,0.0018356333461199692,0.007729222773589728
model,758,0.32401219122101804,26.713747542569667,0.5286447248106415,0.5428633898507532,0.28281480259948943,0.561989,23.860765,0.31856877,0.3219168,0.23131114,85630,0.23797681815932253,2.852982085416347,0.21007595869354556,0.2209466010343012,0.05150366015487884
model,754,0.20420824472399368,25.986756539528006,0.2808160417800149,0.28385722317853335,0.18938278217292107,0.2297464,26.58047,0.27985048,0.28195795,0.1630385,1796,0.02553815658597336,0.5937125919417205,0.0009655588393410741,0.0018992690102136445,0.026344275069001083
model,752,0.7081829084310505,23.533518513137178,0.3124577985173441,0.3200690244013065,0.2956011229571457,0.9386853,12.858724,0.2613711,0.26773545,0.259314,83737,0.23050238953495295,10.674794872695283,0.05108669260799659,0.05233357294142188,0.036287122350608825
model,759,0.35375671687977883,23.685018355705143,0.19946628600596575,0.2015486611553076,0.18404227055169298,0.34047797,23.237242,0.21820621,0.22101076,0.20919298,71935,0.013278743657046288,0.44777661071002584,0.01873992591858717,0.019462098317539395,0.025150705803859696
model,762,0.9915532944607653,6.129993835294805,0.2130076104200884,0.22542150266856972,0.3685540345032762,0.9812449,5.1715565,0.23413822,0.24592929,0.36784026,32123,0.010308372776500208,0.9584373625164844,0.021130610128541366,0.02050778321533378,0.0007137742360184829
model,760,0.892509320117238,16.518670243810682,0.21434430109037114,0.24513516910814587,0.6200946258102045,0.9386763,8.173751,0.25781628,0.31843534,0.66513956,36591,0.046166977547404286,8.344919366430311,0.043471983804572095,0.07330017201162037,0.04504493012088684
model,756,0.8616001732796842,19.82171875063576,0.31991980189351354,0.3286702582601599,0.2798210734829265,0.9179486,15.312695,0.26894796,0.27347046,0.24368086,83809,0.05634843035038173,4.5090242010752135,0.05097184294728552,0.055199796891599096,0.03614020891040148
model,764,0.02791227056919977,25.416942807737854,0.20554681748462458,0.22524254945333957,0.4315187996618528,0.030538395,27.569656,0.24240702,0.281182,0.43246186,22971,0.002626124477988035,2.1527135643324584,0.03686020642208318,0.055939441646971705,0.0009430581338625288
model,761,0.15954494246946382,27.727228236267777,0.47210409174380846,0.4795951227490073,0.22166500635883768,0.18791723,28.928452,0.46270692,0.46781167,0.23167673,73724,0.02837229004396391,1.2012233018181604,0.009397168259006217,0.011783448869383872,0.010011721174502775
model,763,0.8373391780426567,7.089647976316201,0.28793862627167066,0.31670441065727345,0.4572806448396529,0.8288601,6.4539657,0.2535195,0.2769209,0.4444916,46898,0.00847907395864178,0.6356823124062885,0.03441912100929578,0.03978349600731007,0.012789049809821984
model,769,0.8871715772283552,9.000511874964019,0.2106011279808237,0.22242217131199202,0.4259246257622104,0.88633156,6.357116,0.24697702,0.26263988,0.41662005,39591,0.0008400190008160946,2.643395652582427,0.03637588834894162,0.04021770886836687,0.009304579861865558
model,770,0.3937196124619671,23.412535683766574,0.3476881167806033,0.35895411186635295,0.24926256038998187,0.6133823,21.855005,0.34501153,0.3616968,0.31182456,117298,0.21966266741092721,1.5575304194843476,0.002676584473932153,0.0027426976639052247,0.0625619997754234
model,767,0.17127780335659662,25.03252684672221,0.21843301307803367,0.22189386083352133,0.20068403192981144,0.058273792,25.544632,0.2265509,0.22845492,0.15778206,129342,0.11300401108975092,0.512105111285603,0.008117893818557514,0.006561056835774931,0.04290196904166599
model,766,0.5525625386418296,25.657282468635362,0.45690341375043797,0.46779713608876483,0.26983222169364013,0.6824019,21.66604,0.4960711,0.5092071,0.32594162,102892,0.1298393568812417,3.9912420481031354,0.03916768648454738,0.04140999338968976,0.05610940056359254
model,771,0.3875476627905988,24.31989434872477,0.18514003647619293,0.19414025803431242,0.3789661185099799,0.3678344,26.228338,0.20010921,0.20996815,0.38456494,117812,0.01971327358085151,1.9084438928523788,0.014969177114429022,0.015827891627705398,0.00559881765106135
model,765,0.2984819095035248,22.270058522474148,0.2911561332435735,0.34851466137695547,0.48559995592244587,0.11710492,23.78434,0.2717382,0.29609716,0.3858561,112596,0.18137699173886113,1.5142813823110082,0.019417931863797477,0.05241750199127432,0.0997438639462801
model,772,0.7334236459516076,21.96100988109488,0.36467703539204555,0.3681129657273435,0.20447973700621258,0.78991586,21.76208,0.41703415,0.42052573,0.2053714,103496,0.056492213747641684,0.19893064220327972,0.05235711377787633,0.052412763928876005,0.000891657747243535
model,768,0.5959287419868946,18.260686731255532,0.3089573993086428,0.31577294079051116,0.29383032145830645,0.60164493,18.015358,0.29304653,0.29804865,0.22421816,97793,0.00571619123682976,0.24532876006412607,0.015910865247210915,0.01772429553256133,0.06961216154428973
model,774,0.2845623832843168,23.63367189474382,0.2751903817170036,0.27989491993683274,0.2590681554874706,0.20612553,24.561184,0.34922385,0.3544411,0.27720395,34710,0.07843685566400127,0.9275120346995394,0.07403347044058917,0.07454618638259475,0.018135791818208735
model,777,0.37966947201407913,24.6563867503004,0.28543189573452143,0.29316469459966765,0.3471087902407804,0.6189152,21.972467,0.44038516,0.45807207,0.39580497,112312,0.23924572821938034,2.6839193278150475,0.15495326709583135,0.16490737170740022,0.048696181215747314
model,776,0.979487739606502,5.131072859804519,0.1997346735908635,0.22575597673152717,0.5091038715794083,0.9797903,9.041464,0.25412706,0.27075157,0.44774666,39745,0.00030253072201968934,3.910390992124192,0.054392381815706936,0.04499558896328179,0.061357207293748495
model,779,0.1445008499729907,24.309818985467555,0.3050814614779397,0.3086455249842241,0.23224055794110027,0.15414824,22.994436,0.29066956,0.30404016,0.29651284,139865,0.009647385944100667,1.3153827214294687,0.014411901045505604,0.004605361228807225,0.06427228423724446
model,775,0.6301206826748378,22.755157580126557,0.1905880154964017,0.20864985035808653,0.4114101202324719,0.7558086,21.024445,0.19105119,0.20548974,0.40307555,87102,0.12568790916781358,1.730713000048432,0.000463169634671301,0.0031601105824288767,0.008334574206242062
model,780,0.5860664323227777,23.70702658091833,0.7340586820448299,0.7352502533562154,0.12394609864513435,0.6398945,22.05278,0.8401244,0.84324545,0.13910647,9519,0.05382805315085515,1.6542464295511436,0.10606574622741738,0.10799519332576091,0.015160368721084214
model,773,0.6360759433000762,22.21367937745397,0.2992388902482633,0.3280928221286489,0.5403103736944169,0.52076787,24.395554,0.34825858,0.3773273,0.46659917,119873,0.11530807573492119,2.1818742114132164,0.04901969448951443,0.04923447102892864,0.0737112073011369
model,781,0.9516302374211876,15.65005119067385,0.435999424858833,0.44092268607199037,0.29643600484370125,0.8524211,20.508192,0.51523894,0.5205988,0.23249274,117984,0.09920913251319807,4.85814087170408,0.07923951585695682,0.07967614272058166,0.06394325992106331
model,783,0.1029205491921955,25.943598083580113,0.21444323793180636,0.21905755612529418,0.23402642529787138,0.109907046,27.197996,0.2489474,0.25129956,0.22078718,50769,0.006986496768230835,1.254398055946254,0.03450415894262143,0.032242003944743663,0.013239242847576882
model,786,0.5602763604371953,25.61673565544421,0.4650583833260975,0.48351889207938786,0.3554444733188247,0.8162877,18.553108,0.26423275,0.27976727,0.36892626,25115,0.25601133592434644,7.063627440112178,0.20082562861876108,0.20375161722282048,0.01348178357624058
model,782,0.5301585336281737,23.85610073241471,0.3440821824264515,0.3489835122332011,0.26715025483570953,0.55218023,24.239046,0.3381311,0.3438967,0.24177964,43991,0.022021696989349526,0.38294536438704796,0.005951082487105186,0.0050868252024088845,0.025370614518746337
model,778,0.9520034797710192,4.1682675976247765,0.2860053930547634,0.2918686579701116,0.2168743911205129,0.947948,3.591769,0.29131505,0.29871163,0.22402523,8528,0.004055500797630507,0.5764986175985314,0.005309655878265762,0.006842969751674921,0.007150843459527073
model,787,0.7950818233269333,15.372279735684536,0.29090542480409887,0.30094891639422755,0.313466857405345,0.8281579,13.349785,0.23719877,0.24403088,0.28638783,9668,0.03307607843698268,2.0224948846103175,0.053706654757864736,0.05691803844642024,0.027079026432673514
model,784,0.9906685824455513,3.3806976492685834,0.2923210388261355,0.32383451848065076,0.4836948279063885,0.98097515,3.5607574,0.30584252,0.33464316,0.4137086,131704,0.009693431383539619,0.18005974933676328,0.013521479980321993,0.010808636855729248,0.0699862304847424
model,788,0.6020610007913115,24.232934109907593,0.7530485466996246,0.7543488452793429,0.16415516772529568,0.46817136,26.198893,0.7820694,0.7839202,0.1551131,118781,0.13388964268279102,1.9659584834761965,0.029020838352102674,0.029571383201949852,0.009042066719741476
model,790,0.769847397196784,14.478861880019721,0.23213420584399275,0.25593458917901124,0.4678967281185508,0.8458292,10.793976,0.2341862,0.26530603,0.4764667,51574,0.07598179162691598,3.6848860499415963,0.0020519964436812033,0.009371436564473257,0.00856995741497274
model,785,0.837092416921069,16.71879240255989,0.24156499636422685,0.2550559412537799,0.37852838777798925,0.8632484,16.21423,0.2375223,0.2494248,0.3468818,13949,0.02615599091965981,0.5045628188196574,0.004042692306151896,0.005631140977023608,0.0316465809275559
model,793,0.8307251639455133,20.580658166666463,0.41944027132776257,0.4250896071885182,0.2628490987728771,0.8987009,18.045307,0.34844077,0.36515146,0.39374682,54571,0.06797572897974913,2.5353510072426353,0.07099950499322888,0.05993814224940075,0.13089772429955637
model,792,0.9936050507416926,5.670529485121378,0.1936329467913327,0.21957511075344907,0.5227911812404907,0.9373911,16.300276,0.2874041,0.32877862,0.4868762,13655,0.056213948427697225,10.629746317490927,0.09377114337475922,0.10920351378115786,0.035914991531781015
model,795,0.2100487156287978,29.327501946775534,0.7783914805191432,0.7791873457891553,0.10244043356515231,0.16896933,29.494652,0.79489785,0.79545385,0.08396156,103339,0.041079382456953306,0.1671498476580595,0.01650637380901232,0.01626650066546509,0.018478872242940092
model,789,0.30601121742884246,24.355796198293046,0.3027925500367162,0.31033652237119447,0.24205518816369412,0.20286459,24.783894,0.25130647,0.25439805,0.22871582,138363,0.10314663012186615,0.42809738691203236,0.05148607582788439,0.05593847444715272,0.013339366063054775
model,797,0.9016263024634391,10.646114502055767,0.23208805819480013,0.2506580071933135,0.3703939737091545,0.8935061,11.393676,0.25939396,0.27400625,0.3454277,81184,0.008120192748931054,0.747561302082417,0.027305902042702918,0.023348240327133285,0.02496628177266158
model,794,0.18407778142808182,29.903314190331212,0.5513221334905573,0.5519532739295697,0.09291073599714769,0.2328298,30.245413,0.72353137,0.7243967,0.09887269,42628,0.048752012859599764,0.34209863620687386,0.17220923190403503,0.17244343169787169,0.0059619553957508675
model,791,0.2685047969457139,25.127919291206535,0.406364471836208,0.4108929939756309,0.2215182091707275,0.59946287,18.974316,0.33837765,0.3460698,0.216998,98863,0.3309580698374282,6.153603647895988,0.06798681728374828,0.06482318120097269,0.004520213198094147
model,796,0.94100335222708,12.667385879278143,0.17388864192188055,0.18606519890441572,0.4709213781043415,0.9247539,13.45453,0.17261249,0.18057151,0.39268345,12017,0.016249447884428614,0.7871438829899233,0.0012761536520746464,0.005493687516590712,0.07823793169702337
model,798,0.9425086808608429,15.231064373683992,0.22637090268127188,0.234632675648922,0.30843858185459294,0.8867507,14.301664,0.30862877,0.3150049,0.27876002,33584,0.05575798277124333,0.9294000212669999,0.08225786504753366,0.08037220954776378,0.029678565890084885
model,799,0.9517722773493382,13.37364089270882,0.24564726185465366,0.2703157109584578,0.48993127389105506,0.5463082,22.130613,0.26028532,0.2919428,0.5216134,98409,0.4054640579165074,8.756972434317547,0.014638056043142972,0.02162709409334579,0.03168214516488366
model,800,0.7284938805387351,18.14781804968627,0.21015336424297368,0.22041592379767438,0.29586064151244973,0.7600074,21.52298,0.3435528,0.36944008,0.43983027,19140,0.03151350090047389,3.3751616866418566,0.13339943378978694,0.14902415493767718,0.14396963187736656
model,803,0.8272164304452488,15.439068997811063,0.28270315165151,0.2903539531145193,0.3140164735199044,0.7745928,18.071827,0.28031263,0.28804195,0.28805438,50737,0.052623613615567444,2.6327579370033902,0.002390524097570179,0.002312003842363519,0.025962096679312985
model,805,0.7905134126293354,16.090267340966243,0.23799903244649911,0.24679504329875698,0.3813823398585845,0.84442824,13.998455,0.2684468,0.28938195,0.38597345,94805,0.05391482862356378,2.091812293358821,0.030447770646457428,0.04258690779491672,0.00459111366314402
model,802,0.03560121117479179,26.709063986472387,0.6743581494590903,0.6756957693075415,0.14688093322805568,0.043909617,26.439438,0.7142151,0.7172091,0.19399683,69549,0.008308405593568345,0.2696261202614494,0.039856950352463616,0.04151333141572511,0.04711589854665593
model,806,0.9800299938684195,4.308774802593327,0.2614133782365913,0.2824370007568721,0.4508967968047356,0.9756968,4.10861,0.23732993,0.26804554,0.44013456,107666,0.004333191729137265,0.20016464939508438,0.024083448169528898,0.014391456132543501,0.010762241703340947
model,801,0.3820249284164416,24.188229786579246,0.23912021702443725,0.26790382532958745,0.6125416955420139,0.7560368,21.14094,0.20551921,0.2449898,0.6957994,36901,0.37401188961105475,3.047290074054832,0.03360100275193817,0.022914027856633656,0.08325771480115629
model,807,0.025009770039172905,24.1085195945265,0.2319612008388539,0.24842015662942368,0.41403513208646103,0.12962247,23.602514,0.21902262,0.2332851,0.41558295,25569,0.10461270427360939,0.5060053275587251,0.012938584094812466,0.015135057361464088,0.0015478227971144065
model,809,0.2859332620530948,27.430377077999495,0.6598675446096481,0.660858219372918,0.12531917468824744,0.87900984,9.316039,0.31491244,0.3329897,0.29915458,22608,0.5930765808195249,18.11433799261131,0.344955106217009,0.3278685266849297,0.17383540495118738
model,810,0.016767869469761262,33.653015646292786,0.8025887896519721,0.8046423561462405,0.13297163430781372,0.064878836,31.469406,0.75907326,0.7605523,0.11988958,85613,0.04811096680438577,2.183609518363099,0.04351553220568305,0.04409006904449486,0.01308205459446915
model,808,0.44897877718814844,20.160190944855987,0.20822871983284116,0.21143521822172076,0.23641041834815146,0.3101753,23.487408,0.2575705,0.26371363,0.24062292,69523,0.13880347754367822,3.3272167394701846,0.04934178530937075,0.0522784098319444,0.0042125044299781145
model,804,0.2004908681617272,24.16388142289513,0.18338699484632012,0.21095730130270499,0.44465325955579316,0.34329212,23.436014,0.22104931,0.24408455,0.38102192,45792,0.14280124895710825,0.7278672474800914,0.037662313930535346,0.033127250627722565,0.06363134268949067
model,814,0.8866001049348621,17.835957170873932,0.3662823884078755,0.36868024061867566,0.20395578002761464,0.9248006,11.521874,0.29261085,0.29581004,0.20646437,117651,0.03820046984464842,6.314082743078522,0.07367153449742936,0.07287019680687756,0.0025085850970878176
model,812,0.5640995243208041,22.66116642153495,0.36434686319614423,0.3714471986351923,0.26574196796315647,0.26506937,22.355143,0.41623527,0.42139706,0.22063069,24963,0.2990301588194003,0.3060238281511616,0.05188840491985308,0.04994986152067621,0.04511127750771976
model,816,0.8862223011783712,9.16316392527201,0.2941861226014445,0.30975324237331164,0.3177485720722303,0.9064004,6.6817904,0.32303593,0.3412825,0.34834883,108480,0.020178081340397114,2.4813735734043334,0.02884980302531026,0.031529244542276735,0.030600254097737367
model,811,0.9445259304322007,8.995343735240304,0.21248821670906484,0.22048163284467912,0.3338475376151833,0.8943548,13.768606,0.20110166,0.20826755,0.33838266,87981,0.050171110180735834,4.773262450672782,0.011386555980610252,0.012214078203909157,0.004535123727437529
model,817,0.7096177652704335,18.819913450918392,0.21527070370362697,0.22380244466428095,0.34973604841735195,0.7450477,18.427143,0.23142125,0.24416064,0.3697407,2985,0.035429923213758374,0.39277035399456395,0.016150543421044966,0.020358192595202385,0.020004646343924293
model,818,0.4094208629900117,27.035357308772355,0.7351231315848169,0.7383711029987007,0.1690891725598237,0.2996049,27.161652,0.73299915,0.7363239,0.19998428,5034,0.10981597025929879,0.12629430255577034,0.002123985600167244,0.002047209928479732,0.030895109695349032
model,813,0.32899485931122313,27.410044884002346,0.41863342559175754,0.4206193595260447,0.1662473935068365,0.72885317,22.412672,0.40898433,0.41206267,0.23607117,97900,0.3998583067921399,4.997372841155666,0.009649092315008878,0.008556684765226197,0.06982377586953678
model,815,0.960888999819793,6.926511036847309,0.44468871845445973,0.4526068701376452,0.2853987513061133,0.96879435,6.4071527,0.54232293,0.56144506,0.40083265,105978,0.007905346035919858,0.5193583841068303,0.09763421521939891,0.10883818725447514,0.11543390173954099
model,819,0.6270447198235428,19.467034469430818,0.22769725017116554,0.24494561651986985,0.3971310201730204,0.5337102,21.072554,0.22283942,0.23162706,0.3489993,1950,0.09333453811043857,1.605519165212737,0.0048578350977707685,0.013318554556788487,0.04813172851461889
model,824,0.8572379409245612,12.571349300073734,0.31596330473712103,0.3228719384446277,0.2639150323905623,0.82145,13.168421,0.23924363,0.24505822,0.28763178,73442,0.03578794588366763,0.5970714915522422,0.07671967814257757,0.07781371483947175,0.023716747518571613
model,820,0.8214153728841942,13.08149758982664,0.31384881123334246,0.31851730513032017,0.24123963828628261,0.84841263,13.781755,0.3362932,0.3413659,0.24940942,139307,0.026997260058005512,0.7002578575610556,0.022444379484354682,0.022848598485631366,0.008169783992121621
model,826,0.981333901537761,10.561398620510055,0.2598111745908895,0.2698813839514338,0.34362602634649697,0.8763121,17.15946,0.2852684,0.300304,0.3220501,86856,0.10502182449232034,6.598061447238969,0.025457221548255415,0.030422611657849652,0.021575931742004784
model,825,0.7074390589739938,21.834363996344525,0.338667548163278,0.34503658589294284,0.3470623190336393,0.72168005,23.357052,0.4865143,0.4933935,0.28989962,115953,0.014240986153874813,1.5226878530207095,0.14784675194467795,0.14835692468712003,0.05716270160009135
model,821,0.9352559521273792,12.174014871356725,0.19171181694755385,0.22396481316119615,0.5360688653947032,0.919111,13.938296,0.19545211,0.2457786,0.6171891,117909,0.016144938714903634,1.764281446697474,0.0037402920316713106,0.021813792180715164,0.08112024393070572
model,827,0.7849005682617431,7.281159749231435,0.2717028296231954,0.2826856298871178,0.344224708958294,0.6343188,13.472824,0.3594784,0.37016496,0.27907407,48519,0.15058173967897948,6.191664347448253,0.08777558443548988,0.08747933073566966,0.0651506361204644
model,823,0.016018819648135722,26.72533019565746,0.22034472712005507,0.23865476789952444,0.44127682751247743,0.06856524,20.088528,0.28423795,0.3512373,0.6128073,18814,0.05254642234433788,6.6368025162141,0.06389322392021288,0.11258252915858102,0.17153044635226866
model,822,0.49548983509742917,17.801122012476725,0.32316754254216634,0.3304738459249926,0.25907929125458123,0.60842764,19.9278,0.4346861,0.4449064,0.31795454,82603,0.11293780867851078,2.1266772123767907,0.11151855198030985,0.11443256763015264,0.05887524899810431
model,830,0.5707935725306634,25.08744203535326,0.4065525066793365,0.4114496762747827,0.2581823729563599,0.45608962,26.069906,0.31231514,0.32281986,0.29118606,12744,0.11470395670882505,0.9824641993879517,0.09423737048510739,0.08862981748533871,0.033003691525375356
model,833,0.860306782623727,13.591733027319933,0.33405952918862425,0.3397598390724733,0.23682871059219668,0.74618495,20.360664,0.34408638,0.36722383,0.29013935,133311,0.1141218375172206,6.768931340355849,0.010026849624165668,0.027463989958517288,0.053310636722637916
model,832,0.2789649934685924,20.444557867048758,0.30275930542408935,0.30597251004515763,0.22574479592992722,0.2752073,20.45429,0.35408905,0.35837314,0.23320015,59088,0.0037576825535990954,0.009732522965890666,0.05132974606097229,0.052400625283135216,0.007455351818066253
model,828,0.8087710539537992,17.7980839377285,0.24399396482085298,0.2519745370048437,0.3147596911370577,0.74386096,19.002542,0.38118413,0.3949169,0.32633984,51313,0.06491009394708536,1.2044585579990397,0.13719016608620574,0.1429423550468531,0.011580149751919344
model,836,0.8356317612152077,19.417643766437198,0.23947586466199475,0.2539950435176755,0.4183569858138139,0.75669754,21.335297,0.30074644,0.30775917,0.33883518,132823,0.07893422570037611,1.9176528644221769,0.061270576225456425,0.05376412224617949,0.0795218060080583
model,829,0.14491550385254126,25.377666739896966,0.22923084050799217,0.251048369611901,0.4063808726468512,0.116037734,27.270483,0.28377485,0.31920922,0.36089602,108208,0.02887776999967795,1.892816277070807,0.05454401224469338,0.0681608484133065,0.04548485151915038
model,837,0.04881114167001039,24.78641703039479,0.1917272764828542,0.2155735816239467,0.5164324064716426,0.023099452,24.851406,0.22580238,0.25124463,0.48452547,17221,0.025711689412854018,0.06498906701731855,0.034075100383486434,0.03567105276593063,0.031906934545907095
model,831,0.8108493184967323,20.881347813241216,0.2813778702547889,0.28647772564619567,0.26141046772915366,0.870743,11.789667,0.24569067,0.2562788,0.30571386,100377,0.059893658168764574,9.091680683724615,0.035687196665082466,0.030198912760911245,0.04430339445155618
model,834,0.8365997337932127,6.732671394542464,0.40502800277138523,0.42102977476780745,0.3859658131251282,0.85356927,7.755493,0.33613673,0.35637242,0.39742056,112773,0.016969535387085122,1.0228217695200357,0.06889127424622349,0.06465735874836775,0.011454742228036496
model,835,0.9687029368111851,5.545040683451859,0.31824226948846024,0.33009606838995553,0.3197876446262429,0.95762324,8.153419,0.26627958,0.27977383,0.33879477,93535,0.011079693479275954,2.608377857502731,0.0519626912795369,0.05032223702246286,0.019007123230355027
model,840,0.41184789672259087,23.165481924600478,0.23504359940900676,0.2394675912319068,0.3077216027402294,0.85459596,12.818325,0.24743383,0.25743693,0.3455627,94153,0.4427480624639631,10.347156881875868,0.012390226918317149,0.017969339901363457,0.03784109371667976
model,839,0.12043647641917246,30.781070791363504,0.5437542802326968,0.5491639969367671,0.25437088883762765,0.2578966,29.48286,0.46107107,0.4671623,0.29477265,112066,0.13746012573460561,1.2982102261779573,0.08268320622375513,0.08200168585964918,0.04040176593417716
model,841,0.9763416020660108,9.22590865117872,0.21664294135614334,0.22940347323259425,0.3970811847371586,0.9403198,11.392002,0.20249899,0.22068693,0.38673308,75512,0.03602182553097666,2.1660934545341703,0.014143954039058076,0.008716545794811958,0.010348099820090106
model,843,0.05946231825712737,26.05229601898059,0.21911798890482287,0.22845161743978717,0.35116609378934854,0.08487059,26.376263,0.23114471,0.24115999,0.3760051,68485,0.025408273502554334,0.32396664581433043,0.012026722470413642,0.01270837299009106,0.02483901933549887
model,838,0.15163636782834747,28.54111889935508,0.25787898929415753,0.26430463099632845,0.2855781926052798,0.24263473,29.519373,0.3755339,0.38105866,0.24563609,96556,0.09099836072256348,0.9782540407083964,0.11765491931141803,0.11675403213347807,0.03994210196902642
model,844,0.7797654586779731,17.463763971318258,0.2577974112030909,0.2745592209938377,0.40474363359240073,0.9100607,10.393353,0.286794,0.30920726,0.3957936,105476,0.13029524507645196,7.07041050909902,0.0289965956214025,0.03464803961483537,0.00895004662302512
model,842,0.3102177534156589,24.087699094122577,0.26890552808784374,0.27132417535532705,0.19062514111809467,0.42115393,24.108818,0.26678827,0.26968887,0.19147865,76472,0.11093617939417083,0.021118960076641713,0.002117254038084826,0.0016353008722185258,0.0008535136241462349
model,846,0.6966465287215053,19.48807462729804,0.21586337335696937,0.21922238858926715,0.23556039082903765,0.8340922,14.111992,0.24512175,0.25166106,0.23655048,67264,0.13744567108089334,5.3760827449738215,0.02925837389835595,0.03243867365133343,0.0009900892982969423
model,845,0.9753564856220773,11.212194364535108,0.2892476607976256,0.2968668774987703,0.3538960968430574,0.97957665,11.570315,0.23809479,0.24375604,0.32002947,9679,0.004220161659569399,0.3581209964878411,0.05115286902764421,0.05311083656802229,0.03386662949877334
model,850,0.05825228192302624,22.335646140644997,0.2758146543429627,0.2790285900931176,0.21904465634375206,0.047785092,20.421333,0.2386911,0.24166697,0.18106031,25487,0.010467189777821698,1.9143128276567154,0.037123547904325926,0.037361617455941076,0.03798434216528526
model,849,0.4355690961639176,23.417186458122053,0.3852867968714892,0.3875486556017343,0.1700318717837028,0.49768242,21.569908,0.3615298,0.36397612,0.18985586,24340,0.06211332623560328,1.8472783160322095,0.023756999555891667,0.02357253465294279,0.019823986899883322
model,847,0.8779154237741005,16.0723328536235,0.3257055634267663,0.32991453272221244,0.24795424586235768,0.8719783,16.817831,0.40870753,0.41162083,0.17925122,763,0.005937140845633682,0.7454981858052108,0.08300196587964542,0.08170629280688607,0.06870302205979115
model,848,0.978996335983444,6.976275730670032,0.19879121586495804,0.22192429195164085,0.46180002192689507,0.9689312,6.4305224,0.21282059,0.24809673,0.4241049,98085,0.010065137863326856,0.5457532888060186,0.014029373677430873,0.02617244233371377,0.03769512275888054
model,851,0.22598731724570495,27.07322484368951,0.3783016084153574,0.3902551070974532,0.32194462837548604,0.5376436,22.182491,0.31847245,0.32773072,0.32324842,38153,0.31165629418541685,4.890733541199275,0.05982916340421851,0.06252439182264241,0.0013037878098929867
model,853,0.37455736475811646,21.969862205666345,0.46720667640457686,0.46905000242203243,0.1510899709112481,0.65079284,16.507944,0.32262996,0.32648203,0.21391085,103868,0.2762354723848279,5.461918098610681,0.14457671801338728,0.14256797465294369,0.06282087699104988
model,852,0.9608896735793883,13.795454390244316,0.2789922069698458,0.2817138941122141,0.22025324555489179,0.8715715,19.498686,0.2766986,0.27976802,0.20913611,84489,0.0893181923515135,5.703231446547676,0.0022936176448946077,0.0019458741975870164,0.011117132030454835
model,854,0.9158178212946898,8.237764323847593,0.2867104245310155,0.30372666056741526,0.42262203801196435,0.8876563,10.761479,0.28764525,0.34105346,0.48721147,115659,0.028161549837017685,2.5237150538989894,0.0009348260278376763,0.03732679550062368,0.06458942782360694
model,856,0.7220822331264618,20.808443830049317,0.39275061071314243,0.3956046536581041,0.22008532321469626,0.8733641,16.79779,0.35745344,0.3625271,0.236621,80368,0.15128185779303283,4.010653302705567,0.035297175053733865,0.03307755142612473,0.016535684108568816
model,859,0.4529658776209277,24.430677545672275,0.2316241419290613,0.2355742022568573,0.24768136635954835,0.5559053,23.325321,0.23602277,0.24346922,0.26402178,72703,0.10293940487647829,1.105356348162509,0.004398628475754368,0.00789502112323151,0.01634041770760558
model,858,0.1418781235711489,25.208733498080957,0.24637615799827642,0.2517182040945107,0.2352322156678609,0.16059752,27.687346,0.26097617,0.26410007,0.20385943,91162,0.01871939451528451,2.4786120066797857,0.014600007534789378,0.012381870673555728,0.03137278213609973
model,862,0.9523812490018099,5.173236065102742,0.318015532176623,0.32786547177363695,0.2309414901269442,0.96783715,5.3407044,0.34122813,0.35134906,0.26815268,1760,0.015455905863455022,0.1674683759678146,0.02321259530293024,0.023483583993422374,0.037211193846368174
model,857,0.8475210532520557,18.42233519325585,0.2695066953459905,0.31302544146788036,0.4429595748663736,0.78526163,21.334183,0.25739732,0.29212683,0.4256872,109773,0.06225942224009284,2.9118475460019617,0.01210937149917346,0.020898607075332754,0.017272380995829173
model,855,0.858750772720911,17.594576122628645,0.22231702127413366,0.2391818710023258,0.5111251424419089,0.9745138,11.792207,0.1928191,0.23915985,0.859066,106438,0.115763056033514,5.802369358407454,0.029497917675538998,2.2018736014151052e-05,0.3479408670795755
model,864,0.4861142418348437,26.318207055917412,0.3232329609219399,0.3252439479650144,0.17350414719545337,0.577371,23.826012,0.49060604,0.4929011,0.1822986,40212,0.09125675940874761,2.4921953982025684,0.16737307884055702,0.1676571388422366,0.008794453478222164
model,865,0.876233426075262,14.392636400041056,0.19953555411658794,0.20406793154707084,0.24772148335618185,0.89458567,10.572203,0.2187717,0.22154397,0.18599872,53188,0.01835224296541793,3.8204337175459386,0.019236141974110305,0.017476036176775595,0.06172276044530081
model,861,0.7496168772850761,16.674777583706458,0.41941316944902135,0.4264733065452063,0.2602662392231686,0.63611805,16.0313,0.33280832,0.33821538,0.24677224,26042,0.11349882289512248,0.6434779926420049,0.08660485369508458,0.0882579256381476,0.01349399465052914
model,860,0.5592633834714101,20.84553607636668,0.19945687500706225,0.20589681104633273,0.3768400154618919,0.5321997,21.54472,0.2217561,0.24355926,0.5441949,65042,0.027063702666203837,0.6991836196782408,0.022299225647539805,0.037662445149689305,0.16735486168578267
model,863,0.7418240594174359,14.058184202969485,0.29389673691798435,0.3026437108009079,0.3586816671575283,0.745625,12.435984,0.27666467,0.28635707,0.37367424,53442,0.003800959656050429,1.6222005451325714,0.017232062635910372,0.0162866358249405,0.014992576531055068
model,868,0.7739617579626599,17.013396510760778,0.2857187314047051,0.29952629560886623,0.31464269617944857,0.6977721,17.757969,0.28206044,0.309761,0.33477402,92641,0.07618967229600337,0.7445723918271128,0.00365828704969412,0.010234692149770241,0.02013132115453581
model,871,0.9400514666157276,14.61088245620666,0.3840754683153834,0.39297674130241106,0.3231300859083711,0.90638757,16.068407,0.3106837,0.318732,0.33904532,2051,0.03366389909558598,1.4575246025091602,0.07339177085330151,0.0742447478655977,0.015915230072540143
model,866,0.10110372069117006,23.801951453106525,0.3320332674979583,0.37818791025104886,0.5090209311306306,0.09639364,21.741287,0.29655087,0.33723298,0.46968248,53352,0.004710083332027756,2.060664221661213,0.03548239755624688,0.04095493309917814,0.03933844626544203
model,867,0.6409499161166018,21.408578664757286,0.204777033554747,0.25018282011070253,0.8401533157004071,0.5189391,21.543842,0.21915656,0.27205864,0.7483968,128051,0.1220108382624453,0.13526365091654213,0.014379529727265944,0.02187581583938597,0.09175650183093076
model,869,0.10243497728295402,32.52892523488075,0.6563498788185366,0.6568689236298841,0.07182038813061228,0.053153414,31.729973,0.7333999,0.733961,0.07738414,115293,0.04928156300373153,0.7989523955252835,0.07705004879758282,0.077092062507506,0.0055637484865714015
model,875,0.5782865487424267,20.73420974573777,0.4379620869200848,0.44342669080644787,0.24659283794455547,0.650819,20.257727,0.4958973,0.50141823,0.24661198,73112,0.07253245483957405,0.4764830764262449,0.0579352061707355,0.05799154211133778,1.9144639444163003e-05
model,873,0.995598445316059,3.9344714033317274,0.22730949565616468,0.24856068569323397,0.48452951355562124,0.99382055,3.8106523,0.26952228,0.29201302,0.48818466,134292,0.0017778972585028585,0.12381914731976451,0.042212783844796625,0.043452333630115025,0.003655147117520241
model,874,0.8167349372650997,17.69652742447365,0.38753400546621447,0.3900157443115771,0.19268674333079028,0.85354733,19.06421,0.4626057,0.46555114,0.19158868,76273,0.036812397405920794,1.3676834672499822,0.07507170933175916,0.07553539361261724,0.0010980584142940009
model,870,0.16024844447593753,20.55599364801133,0.19335074664538116,0.20992278959593522,0.32981473078517337,0.23206744,19.466583,0.23896624,0.2526363,0.34351712,103587,0.07181899150390561,1.0894103960582058,0.04561549483353883,0.04271352384248031,0.013702393867689178
model,872,0.40511956928036913,17.919436401625923,0.2325606046404724,0.23588311294222228,0.19105065999223433,0.5073852,13.901996,0.2419418,0.24626032,0.23392703,24942,0.1022656250212361,4.017440742751411,0.009381190112602245,0.01037720223760255,0.042876366398795024
model,876,0.46549765333880466,25.501233309540215,0.2606952175286687,0.26405665080005036,0.23128579030802418,0.6937452,22.419998,0.2567039,0.26568314,0.27450764,26521,0.22824754252682644,3.0812351405949023,0.003991304316846189,0.0016264935309280304,0.04322185148427318
model,877,0.3790607918001862,27.999696276975104,0.4341563306981617,0.4383274977421095,0.21748030245295952,0.342903,26.628868,0.39753038,0.40638548,0.25310308,115365,0.03615780360476689,1.3708281739477606,0.036625953786998344,0.03194201638453503,0.035622774958692094
model,878,0.36567525758201097,23.50134958987707,0.2063258294906618,0.22200241618134273,0.45485325554940964,0.27372476,24.000326,0.20137854,0.21115078,0.39044908,102324,0.09195049299651598,0.4989765667391417,0.004947290286064332,0.010851635861175185,0.0644041786584642
model,880,0.7361128800181496,19.68887080075134,0.29160764228130426,0.297084331808215,0.23836624498226763,0.6515215,21.068537,0.32093278,0.32567686,0.2018101,52668,0.08459137609282608,1.379665957671513,0.029325133454550845,0.028592526616925407,0.036556138347173944
model,879,0.07965944037055668,29.633102829120393,0.534324979771658,0.5380506171659534,0.2055309439926089,0.061811052,29.63626,0.6677872,0.67281103,0.25139996,77374,0.01784838810777363,0.003156249859099347,0.1334622144803561,0.13476041417559936,0.04586902010155308
model,885,0.9594664456414607,6.874807258915872,0.21282347453985398,0.2180308694848757,0.23998115934953101,0.9488196,4.9630165,0.24212018,0.24945453,0.25098795,84999,0.010646867947521454,1.9117907489061068,0.029296702013872217,0.0314236586084623,0.011006787637621085
model,882,0.7567619772530116,20.110146097626473,0.2768911109000106,0.2865287148383496,0.26265736460551237,0.9206972,12.252737,0.29845813,0.30658802,0.27705142,62663,0.16393523496622664,7.857409052338387,0.021567018267546145,0.020059309062636144,0.01439405441418673
model,881,0.8318519880614956,10.020525848482208,0.2163522821863188,0.22870622846242109,0.3659200030876857,0.8444077,8.516929,0.24276932,0.26099914,0.34991148,19298,0.012555689588956032,1.5035971756916808,0.02641703365249498,0.032292914661205624,0.01600852194564162
model,883,0.5821085797310899,23.407994266442852,0.24993600967080806,0.253848349967364,0.23985609516266085,0.42081887,26.239532,0.23760197,0.24084072,0.20013571,67472,0.16128971443186502,2.831538204260273,0.012334044004990802,0.01300763181722514,0.03972038730743624
model,886,0.5364872842086532,25.119287778584535,0.24875290974711348,0.26621232721691773,0.4557256506045611,0.350924,24.36004,0.23318832,0.28073177,0.5937065,101521,0.1855632989658096,0.7592471139116839,0.015564593521107922,0.014519440199082634,0.13798083800475286
model,889,0.8343429120046942,15.316260105387698,0.3832021252514682,0.39732852332964663,0.31256333333269215,0.9641086,8.87326,0.24907732,0.26304534,0.33602992,54182,0.1297656743066461,6.44300056101514,0.13412480515259123,0.13428318255320315,0.023466583669032093
model,887,0.27225994890094735,22.211462956123043,0.21272641226913622,0.21707306881289215,0.23303419811654932,0.19161612,26.645922,0.21861313,0.22262764,0.22896549,92906,0.0806438309466932,4.434458751030277,0.005886720565298292,0.005554570957615662,0.004068707060107063
model,884,0.028247135455314237,27.79035048805962,0.2036480860078436,0.2076887375494459,0.24381773951003446,0.017825283,26.125927,0.22655857,0.2361176,0.2730388,52898,0.010421852345172483,1.6644235166240726,0.02291048008560123,0.02842886384520743,0.029221065021062947
model,893,0.8038933786042562,18.65804477228057,0.17379773439579346,0.19746116317530746,0.6492796065008466,0.6609482,21.936636,0.19643714,0.2357703,0.6441909,102203,0.14294516168912563,3.2785911987887673,0.0226394009429898,0.038309136855400855,0.005088699022514076
model,888,0.7959987864813389,14.690100742084326,0.5258387368795229,0.5354231393771768,0.283951004230816,0.7331022,15.036664,0.409893,0.41562188,0.29244965,61784,0.06289658406587262,0.3465632670099126,0.11594573079317338,0.11980126266056301,0.008498648917835139
model,892,0.4339659274771653,23.712901673957788,0.9088040570349989,0.9096076385490832,0.08370237769029579,0.48899835,24.991411,0.80181074,0.8022883,0.0826577,44451,0.055032426004127444,1.2785095351486575,0.10699331561043834,0.10731934471058224,0.0010446754231258348
model,890,0.5670161198308162,17.759353412347096,0.3431142957579927,0.3453730846646949,0.19259859995343293,0.4862936,18.252342,0.33568993,0.33775452,0.17704211,93721,0.08072250592014119,0.4929888117739978,0.007424363650067267,0.007618566871039512,0.015556488199015506
model,891,0.3707654973830261,27.235450098797518,0.5100840424288196,0.5133448022600394,0.2246530158828008,0.42245373,27.07853,0.3918988,0.39852232,0.27256495,136587,0.051688233915420545,0.15692074088736163,0.11818523156532468,0.11482248485052404,0.04791193172233227
model,894,0.19797181410306144,24.408221939024827,0.1942530281819787,0.22055318251727307,0.6316652875855221,0.2633009,24.253426,0.19633445,0.23374833,0.6281728,50398,0.06532908158785652,0.1547963408802957,0.002081423255017756,0.013195149148719665,0.0034924727394832766
model,896,0.9631160532417015,10.918327359289641,0.17898788142608554,0.1898457045360521,0.3980509370538939,0.9502686,8.629272,0.2138359,0.22741826,0.41195667,130104,0.012847427028627734,2.2890548983521413,0.03484801363540738,0.03757255425014938,0.013905730846191566
model,900,0.7152973056360263,19.761441765404154,0.7836888010520832,0.7859771650473888,0.12137050562420704,0.7316212,19.277857,0.6905189,0.6919804,0.1038763,52511,0.01632390017070584,0.4835849386219273,0.0931698853988544,0.09399674350426745,0.01749420546809055
model,898,0.15524880641361238,28.16223771143618,0.3532670440077407,0.3569258071680403,0.21765659366966358,0.26709038,26.192656,0.39399448,0.40058836,0.23450056,41400,0.1118415737781906,1.9695821480816882,0.04072743636373449,0.04366255624100207,0.016843963514555776
model,897,0.006880741302292983,29.75890481040959,0.29175266760129603,0.3425675510083275,0.5047221981828487,0.12520073,27.29738,0.3038398,0.334308,0.34787557,2777,0.11831999224014934,2.461524363021894,0.01208713514070836,0.008259552589519492,0.15684663289239764
model,902,0.9737319954864316,6.592690104467785,0.3046608839906496,0.314003069662975,0.3462482312243826,0.92528313,10.389412,0.26914302,0.2810756,0.33944628,60811,0.048448861502819573,3.7967218218017464,0.03551786884439412,0.03292747285358777,0.006801954798067278
model,899,0.47412929528813835,24.4144042040063,0.3768927683673785,0.3808636053327792,0.26227220106676524,0.319169,25.13501,0.3804939,0.38441417,0.27467406,124523,0.15496028059583183,0.7206055616187008,0.0036011407531811868,0.003550560879302722,0.012401856893745011
model,903,0.6948919147010305,22.068417515371163,0.5629397805877502,0.5931252992180233,0.4912573453767646,0.7650523,20.311796,0.44187534,0.45800036,0.43461862,133936,0.07016040387196754,1.7566213270166706,0.12106444203336786,0.13512493729862018,0.05663872331217412
model,895,0.1652573557562872,24.340786929281066,0.21034254430247845,0.2379746061600539,0.5585782818157179,0.1413921,24.822742,0.21169795,0.23587182,0.5546853,89024,0.02386525887918911,0.4819555328771372,0.001355406656727176,0.002102784518131895,0.0038929871875745814
model,905,0.5365876673454875,25.96538530371354,0.4416004061878761,0.44394945874068753,0.1538409912874015,0.69967145,22.643763,0.5616817,0.5639726,0.14573354,44605,0.16308377993158163,3.3216227152125626,0.12008128164400256,0.12002313361313327,0.008107455997637097
model,906,0.7794491620100809,16.10420680082786,0.2514597293081004,0.2766177422258025,0.6399072700641275,0.7914802,17.64273,0.2691887,0.30782408,0.6656633,126199,0.01203102159129854,1.5385239120627645,0.01772897279837543,0.031206332996212893,0.025756031880605157
model,901,0.5835190891187559,18.239415721302855,0.215175106014821,0.22879723107386854,0.36595902699641975,0.64228195,14.925413,0.2727037,0.2867194,0.40805823,100861,0.058762860401355144,3.3140025895889877,0.057528601203349156,0.05792218053768847,0.04209919911213128
model,908,0.6899866859114211,21.025037211440917,0.3403062556302904,0.3621002404119789,0.4067697298682339,0.937046,13.042496,0.25015235,0.27515495,0.4343688,52149,0.24705930550932476,7.982541483901855,0.09015390615824448,0.08694529217742081,0.027599059327780506
model,909,0.6038336832579977,15.231681201042967,0.25828293963761173,0.2648248282197248,0.266318498987719,0.9067012,14.220901,0.22612058,0.2293623,0.21165399,762,0.302867523902952,1.010780665459471,0.03216236337513767,0.035462534141851576,0.0546645064540352
model,904,0.39754412686349855,23.598887463026475,0.18194301123665804,0.20566253677016616,0.5344470475479262,0.48038563,22.155483,0.19206777,0.21685629,0.5104086,10666,0.08284150445936217,1.443404217176866,0.01012476091338163,0.01119374915951371,0.02403846724473402
model,911,0.7592097482441847,21.104359938506782,0.3515722525508709,0.3703162975205781,0.34290325496064245,0.9524215,13.368615,0.23082398,0.25026196,0.38930023,59237,0.19321173813353132,7.735744788055122,0.12074827376917074,0.12005433510679026,0.04639697220457972
model,913,0.8709008063510781,17.915180344643105,0.30537871176032483,0.30961188293386194,0.234244545129484,0.6933662,20.204279,0.2957316,0.29875898,0.20201619,133559,0.17753457681692897,2.289098601279747,0.009647107661051146,0.01085289932180139,0.0322283554350794
model,910,0.41896950718717135,22.17078436849402,0.23906420517449262,0.24032793990800708,0.1461416234110489,0.36828646,21.711596,0.30979657,0.31346068,0.17294703,39285,0.05068304654912509,0.45918883321569837,0.07073236655707477,0.07313273795416028,0.026805410828720094
model,907,0.26179411526987717,19.826260012082628,0.2278860745791141,0.24748762998394816,0.44737879027831406,0.30423313,21.457003,0.19765507,0.22261463,0.5138273,63436,0.04243901852300003,1.63074262768788,0.030231007731312903,0.024872998927162576,0.06644853363526015
model,912,0.6000736605969835,20.842190114373633,0.27157756012214607,0.2813628378662943,0.39970344292808374,0.5643141,22.478079,0.26913533,0.28150517,0.42108068,118467,0.03575953362859974,1.6358887277894532,0.002442233975066599,0.00014232961798915644,0.021377235773317016
model,918,0.901712421875131,10.611228232870765,0.22599130001483125,0.2549362627136857,0.49094900604109515,0.89234406,14.094269,0.23430258,0.2724958,0.5058347,43340,0.009368364315163968,3.48304056595736,0.008311280341766647,0.017559543503507913,0.01488569263596784
model,917,0.986808816004593,7.2344720966474725,0.20314286164007014,0.2274861948744112,0.527041184973529,0.98416114,6.6782737,0.23772535,0.25999463,0.5395078,72648,0.0026476774700471273,0.5561984188215447,0.034582485640432176,0.03250843117081584,0.012466621327587912
model,915,0.7006391834306849,21.485448106533646,0.22187057729927473,0.24229256778329106,0.49808564286667917,0.79990005,19.064789,0.24423046,0.263869,0.46965408,138145,0.09926087150095575,2.420659288174271,0.022359886801562978,0.02157641977698116,0.028431559614726043
model,919,0.8829622716250333,14.956261114789854,0.28775458454724223,0.3514318200132041,0.5319683436242041,0.55046326,21.28202,0.25466776,0.3815084,0.77048755,51180,0.33249901240491,6.325759454057803,0.03308682560559184,0.030076589963755118,0.23851920329657228
model,914,0.2605548522792808,26.421931447780576,0.24952105939554706,0.2556021093330365,0.2915535048879263,0.27560154,27.171581,0.28137264,0.292628,0.311852,69483,0.015046683756256896,0.7496498205299709,0.03185157716107831,0.03702588091278258,0.020298503216398034
model,920,0.6649316962496412,19.876791789959853,0.21776552600543989,0.2227990303078623,0.26036259484305047,0.34522092,19.425344,0.2902765,0.3118679,0.37322077,57088,0.3197107728258741,0.451447322796767,0.07251097159702288,0.08906886243429468,0.11285817670808174
model,922,0.26302131507780485,27.398111560333877,0.5337591577026004,0.5369342790858413,0.22723293641757408,0.36817273,28.30994,0.54987913,0.5559186,0.22626477,40239,0.10515141989800997,0.9118287778008884,0.016119975998724057,0.01898429524734957,0.0009681616182271591
model,925,0.41015430453235674,26.53649602132674,0.482713757897181,0.48711600995801807,0.2526246848434215,0.2922149,29.64516,0.5304479,0.53441167,0.2168727,117608,0.11793940427715349,3.1086646537220872,0.04773414239807655,0.04729565881944775,0.035751977834106
model,916,0.9780322114346987,6.510133044729741,0.24464356567692078,0.2577644480636945,0.4919232718531148,0.9726848,8.115215,0.21439141,0.2296534,0.46081564,38619,0.0053474108098512385,1.6050822567839305,0.030252155326121216,0.028111044900738236,0.031107633549358082
model,921,0.9014008473127038,12.484544210412643,0.2749208441846395,0.2811173767504516,0.27045685071087505,0.95348847,9.310511,0.26995516,0.27849934,0.33283037,79504,0.052087621811136575,3.174033575036667,0.004965685950996945,0.002618041699868734,0.06237351876162861
model,927,0.5472119799929887,21.76581299127214,0.19623557505672312,0.20118097074187694,0.24002706248595715,0.6032759,17.84656,0.19881113,0.20207034,0.21257631,122448,0.05606391512572473,3.9192534667360057,0.0025755536788191757,0.0008893697723061089,0.027450747679018977
model,923,0.9803541261124405,9.024644479174952,0.23427649476979023,0.24201841234911772,0.366067639327651,0.9584068,12.775544,0.22926243,0.2377723,0.34893048,29896,0.021947320120314084,3.750899687389989,0.00501406827423817,0.00424611150969359,0.017137161231642717
model,926,0.3789339921258879,22.235501382649847,0.6044213955444678,0.6059763306820656,0.1286841106783746,0.29377827,22.710182,0.6261268,0.627213,0.11448529,112163,0.08515572164287094,0.47468080729155915,0.021705430265010928,0.021236670569155125,0.014198817051589319
model,929,0.3927554456376625,22.68733715005095,0.29713568011334995,0.34485474907971836,0.4958783551147592,0.42345348,21.559727,0.3755888,0.618945,0.8331574,40510,0.030698034367601768,1.12761043496306,0.07845312437006374,0.2740902534761288,0.33727906504362704
model,928,0.9872350388621983,5.8012361621135184,0.2742666817244584,0.3295967674245814,0.5684423954267086,0.9796422,5.790053,0.2850356,0.3373104,0.57048786,70155,0.007592826471298664,0.011183271335930556,0.010768928474516215,0.007713636160852577,0.002045461438220597
model,931,0.5615256282999985,21.54172534751764,0.2344591197863932,0.2385649338110692,0.23851400547293708,0.5821299,22.811275,0.2210041,0.22572014,0.24069737,111728,0.020604267387104747,1.2695501346600935,0.01345502113259986,0.012844796453357399,0.002183363506516961
model,924,0.09043802939167361,25.15881129097467,0.2906283436233098,0.29565771378411065,0.24942450655471407,0.7681941,19.173077,0.34699196,0.3536294,0.34229916,138967,0.6777560500074353,5.9857346613359965,0.05636361261066847,0.05797169648276557,0.09287465678680815
model,935,0.8923567773584244,17.39097382648079,0.35924399990011435,0.3631656834752204,0.19510986771818198,0.90963435,14.774024,0.39075086,0.39853978,0.22460996,95851,0.017277574371922233,2.6169498167761986,0.031506855307328885,0.03537409809521419,0.02950008842710458
model,930,0.9057617983926834,16.17187735007205,0.3182459666980296,0.3238593052653262,0.2836208711431395,0.96003556,9.013746,0.2769589,0.2871578,0.3111648,138672,0.05427376412257534,7.158131088475372,0.041287054087021935,0.03670150149144619,0.027543925209246978
model,937,0.3781673750245666,18.757442281587657,0.3749997756002928,0.3768610004013468,0.1636226461938891,0.4935942,20.449076,0.27239332,0.27420944,0.17110798,20756,0.11542682439445501,1.6916334172648817,0.10260645956979048,0.1026515606468607,0.007485331434818776
model,933,0.6005453797194965,12.570592229544182,0.2726275442735196,0.291643302375049,0.527788407990408,0.39827037,19.743946,0.25387603,0.30252802,0.56595707,22533,0.2022750111434467,7.173353845895271,0.01875151382842072,0.010884721344738613,0.03816866140656461
model,932,0.530822260344438,20.221008477232758,0.2723874418600146,0.2778826041778022,0.26288489217474237,0.6481691,18.81404,0.2956493,0.30428904,0.30844465,81374,0.11734683994013839,1.406969246886078,0.023261848224824244,0.02640643877187432,0.04555975680635199
model,936,0.7753880769363435,11.279419836185198,0.314208112091317,0.3223492468468256,0.2847175798056176,0.7122578,16.15376,0.32974997,0.3358979,0.30678007,114564,0.0631302744499238,4.874341073848981,0.015541859536872094,0.013548645866721165,0.0220624902608344
model,941,0.5597289626897749,10.243817437620471,0.25994802759705654,0.26470731240442974,0.25537297247173063,0.69275993,11.825057,0.31477907,0.32326886,0.23546235,4612,0.133030968397719,1.5812395921036497,0.05483104540289768,0.05856154817410725,0.019910619838254373
model,940,0.041267519949497455,22.038151460694845,0.3239866637590033,0.3266653374449887,0.21244201816431266,0.034491178,21.069416,0.3197381,0.34318835,0.31456754,100972,0.0067763423011915624,0.9687354145522669,0.004248573720703752,0.01652300798729278,0.1021255179513337
model,934,0.9594598181878858,10.603752535962926,0.30069220682222075,0.3095632295793756,0.28192150608255945,0.9595471,9.739053,0.3211356,0.32575026,0.22983202,78734,8.728426343862505e-05,0.864699763440953,0.020443403519805003,0.016187031965805676,0.05208948270037256
model,938,0.5625868579065936,24.039653677986657,0.29103683696141175,0.31724012351709624,0.4169204565467336,0.54899615,22.752865,0.25121728,0.26598427,0.38069707,31889,0.013590707412971748,1.2867888403401722,0.039819561103486334,0.05125585652071257,0.036223384994456986
model,942,0.16406768124579565,28.580571226927095,0.3377850028549772,0.33905491398306725,0.14267800923025287,0.17161937,27.450245,0.30578044,0.30876613,0.16015938,33462,0.007551689333923889,1.1303263233626417,0.03200456228605325,0.030288787350376822,0.01748137001359784
model,944,0.3842211178685179,23.47479376028829,0.3044550163221276,0.31135315315904905,0.26117511810960614,0.38895562,22.45186,0.33418542,0.3394896,0.24024624,63373,0.004734505042935322,1.022933332431844,0.029730405144699767,0.02813645584401797,0.02092888178529584
model,947,0.7808468221419982,20.112153705304866,0.521151972583924,0.5279546082868409,0.29259840764435113,0.9804085,8.046389,0.27094376,0.35258675,0.7262613,70753,0.1995616675621339,12.065765079206233,0.2502082117120368,0.17536786207102062,0.4336629100855988
model,939,0.6276267533927535,20.70247812737819,0.2285724946109151,0.2348853654422242,0.3156149563920613,0.7475401,17.135298,0.23057887,0.23787525,0.29825774,60156,0.1199133629173661,3.5671803521096344,0.002006374970307423,0.00298988751988824,0.017357218040239375
model,948,0.8715588528879047,8.432956279127865,0.3853090931015115,0.3883781323822222,0.17138714377440437,0.82101154,10.389992,0.39539912,0.40065783,0.19587244,30393,0.05054730961397891,1.9570354811260415,0.010090030328740562,0.01227970024030589,0.024485297159776848
model,943,0.978751611353013,8.650225588698582,0.259819510732313,0.2679216464696943,0.3240959596357612,0.97834504,11.321638,0.3334958,0.34195074,0.30408514,33123,0.00040657484636019703,2.6714125186012225,0.0736762849944631,0.07402909792079337,0.020010824175861308
model,945,0.9890144390065702,5.599203457788057,0.21155650816739285,0.22938157256975913,0.5014828430476236,0.9815074,6.5414824,0.22938833,0.2766466,0.6662839,67724,0.007507018466714199,0.9422789907898235,0.017831818239086028,0.0472650415049479,0.16480106245851045
model,949,0.6184604168638119,24.00762446835374,0.4471010724688618,0.4547723113900966,0.297774143533672,0.8047017,19.57317,0.40438575,0.40835792,0.2711665,21079,0.18624126904164462,4.4344547601017865,0.04271532694350172,0.04641439312761492,0.026607640104259145
model,946,0.48429962857840664,22.142678262589314,0.2502725945192915,0.27119801727641746,0.46891250898192266,0.25230572,22.778788,0.28079793,0.30474338,0.4330975,70399,0.23199391230223781,0.6361093503257251,0.030525334052409536,0.03354536207805947,0.035814997452000175
model,951,0.33715381662683624,26.963993535469275,0.6438916826463736,0.645148624857749,0.150319865311329,0.27722174,27.01156,0.75704265,0.7580726,0.1266458,14927,0.05993207733469147,0.047566904594201986,0.11315096376170741,0.11292398981205076,0.0236740618597909
model,952,0.7429845429812146,19.02483628924467,0.19256339653976332,0.1977825078955581,0.3506967934111892,0.7258901,19.339994,0.18591307,0.19534288,0.36535096,66599,0.017094442978925817,0.3151581412973208,0.006650325503424509,0.002439624427883841,0.014654168273991464
model,953,0.48413999793711016,21.842573492208956,0.293309561453605,0.2952992080583916,0.16272608554329598,0.13044788,28.727377,0.28851244,0.28985053,0.14224637,35027,0.35369211850347826,6.884803445657255,0.004797122917914676,0.005448675049816165,0.02047971999611581
model,950,0.7422337742369955,19.794331462689282,0.18955881498459135,0.2033377319665174,0.3785686620524687,0.8506357,17.036924,0.24177907,0.26218128,0.4030643,83613,0.1084019331413919,2.757407100506665,0.052220259088246485,0.058843550076939644,0.024495648498221
model,956,0.7225200863196074,23.17837323689299,0.31901824396343975,0.32260335712507726,0.20245910569550446,0.89216834,17.034542,0.3264587,0.33026856,0.22967462,116110,0.1696482567475618,6.143831153152757,0.007440448587219428,0.007665204714980112,0.027215516720991817
model,957,0.9106703206298508,8.453356191994224,0.5314968462262479,0.5748877941040671,0.4635497317587916,0.8737547,10.102742,0.36118668,0.38821444,0.33712333,112198,0.036915640473143,1.6493860031351701,0.17031016304829993,0.18667335495039583,0.1264263973509852
model,959,0.6984309907447789,21.61588572638803,0.42742674092586513,0.43357974182925807,0.27992505751014524,0.7837815,19.704144,0.4285409,0.4333179,0.24493283,97943,0.08535053772812151,1.9117422022181074,0.0011141445225906765,0.0002618421252785774,0.03499222717643552
model,958,0.6098001150496631,21.868745113840486,0.4880088080408544,0.49024645289190744,0.17989498920129857,0.6247369,24.078648,0.48511598,0.48675308,0.1612137,3641,0.014936790048298287,2.2099024996849046,0.002892832899329123,0.0034933765769812886,0.01868129319833836
model,961,0.8277689231709308,17.44967235276473,0.20052142823405197,0.2037986374488556,0.25954933783233186,0.8766431,15.198413,0.22010013,0.223847,0.2641178,63964,0.048874198071592434,2.2512594575620923,0.019578706377077787,0.02004836434214477,0.004568469317555224
model,963,0.05112798947947588,24.994480628723505,0.21721644860485748,0.22352307599485197,0.33317823201625263,0.0506878,24.407324,0.20697156,0.21413006,0.32013997,91338,0.0004401883866127984,0.5871567914432312,0.01024489265660003,0.0093930171102313,0.013038257660554997
model,954,0.2477176549926605,21.638072581552034,0.24271017282450666,0.2479065620399947,0.2510019824416481,0.17678416,23.257652,0.25689152,0.26303113,0.26592356,110804,0.07093349723966977,1.6195797011628095,0.014181346006746393,0.015124563028669852,0.014921577224031812
model,955,0.17185573060234305,26.432351611848333,0.22265097622335595,0.23534600193210167,0.36419424427310504,0.106921494,25.175964,0.23720576,0.25686738,0.43085557,20639,0.06493423659523245,1.2563872563795826,0.0145547824674781,0.021521377018017346,0.06666132795055829
model,962,0.8574366086025774,15.784394076991944,0.22972223792323238,0.23518921580936727,0.29053707004224494,0.86947787,15.917178,0.21835071,0.22345679,0.2697422,55122,0.012041259477561739,0.13278407699975503,0.011371529438582717,0.011732430726550197,0.02079487920438483
model,966,0.2621064625230179,26.892702259716295,0.551886899153256,0.5529151801012336,0.12780694923895755,0.53785443,25.54105,0.5453327,0.54644996,0.1428948,37554,0.2757479705366745,1.351652302440904,0.006554228941463958,0.006465220823126949,0.0150878552387341
model,960,0.9514075889650419,12.580372354671397,0.23027404331338747,0.2790383418093247,0.6072564043685045,0.8562495,13.823387,0.25637937,0.279719,0.53630334,129166,0.09515807772312901,1.243014791324697,0.02610532260763304,0.0006806532849746305,0.07095306297980208
model,965,0.8762110147637138,20.896129844527422,0.43948297223991467,0.4420486556064679,0.20758672623738675,0.9210695,16.164253,0.30663526,0.3092137,0.20700629,7024,0.0448584880667916,4.731876609664141,0.13284771165794446,0.13283495769615905,0.0005804356823864432
model,964,0.4259848196033755,26.555290354194444,0.46667894323377074,0.46846742444118256,0.19654279488308246,0.5530839,26.548082,0.42476973,0.42730507,0.19291241,125504,0.12709907703358742,0.007208002509873523,0.041909213857931504,0.04116235189517731,0.0036303802130919216
model,967,0.8291881112802569,16.974095125696913,0.1925007165358568,0.20665867870864124,0.4946866452562966,0.8292622,17.561625,0.20040555,0.21771908,0.5097958,36100,7.408573741274349e-05,0.5875294012806265,0.007904836447427205,0.011060399355323602,0.015109139693959772
model,968,0.6207836855595388,21.907763287530617,0.23996584848502342,0.25131702987096377,0.3889125924540196,0.7613112,19.206514,0.27873358,0.29800326,0.44611934,13892,0.1405274878794871,2.7012489290101094,0.03876773281952675,0.0466862264499896,0.057206745819982474
model,972,0.9719579161997441,4.018001079521184,0.2549890759302224,0.27065623895203234,0.3076740697900531,0.9782174,3.4259353,0.28566405,0.31918043,0.3905963,118505,0.006259506762444578,0.5920658111190846,0.030674975840941532,0.04852419002974867,0.08292223057348758
model,971,0.25521605819960147,23.29104307835971,0.2920866042800347,0.2950398569624525,0.17752085768948722,0.29423884,27.709335,0.30042893,0.3032192,0.17075296,63676,0.03902277737359494,4.4182922487887275,0.008342322664697976,0.008179342218150532,0.006767900226222756
model,970,0.17787521064455505,28.42068551618109,0.298175340617421,0.2988398671479492,0.11438932148573647,0.16355546,26.235617,0.29262534,0.29364786,0.11724969,34601,0.014319752456498108,2.1850688322211305,0.005550002778294427,0.005192011627700777,0.002860368510506056
model,973,0.9372782095774672,17.07426164443062,0.4191444032285794,0.4250676035902404,0.31855505960809005,0.89209133,18.385166,0.47311878,0.48095503,0.2848858,88392,0.04518687571134783,1.3109045237822698,0.053974378814877655,0.05588743090415965,0.03366926568375839
model,974,0.22247091771825236,28.7927384330859,0.859195706202266,0.8596335531921998,0.0832374817615933,0.178642,27.147287,0.93290675,0.93363845,0.088856325,23861,0.043828912989935104,1.6454510643114872,0.0737110406620528,0.07400490029138174,0.005618842791896381
model,975,0.9923017487969847,7.00789936928313,0.1610307496138318,0.20227601993863492,0.8734947488726661,0.99204063,7.0438666,0.17539856,0.2104582,0.7355865,102119,0.00026111464171130194,0.03596726508576609,0.014367808764387813,0.008182184211564969,0.1379082248629615
model,969,0.036183935630118,25.305577635046845,0.1933714753076848,0.22199773975441234,0.6514362384631767,0.06924335,24.13663,0.22386958,0.26898915,0.65000165,121660,0.03305941350480403,1.168948530432587,0.030498101742524236,0.046991406001355485,0.0014345933749808637
model,978,0.7916682343720032,18.623971737498817,0.1995736523815075,0.24235630012266843,0.787268237231796,0.7479091,19.241869,0.19327994,0.25706863,0.90497833,2819,0.043759105706079104,0.6178972352795036,0.006293715471831912,0.014712333910534697,0.11771009767192109
model,977,0.22265869253989837,25.8135575042051,0.47196940766792833,0.49596757218402604,0.31655678060676684,0.39733192,27.27248,0.48501095,0.49722373,0.32870194,72920,0.1746732307064853,1.458922506781228,0.013041544089502699,0.0012561626716258156,0.012145162552336553
model,976,0.4768890836443637,24.05451967719176,0.21003805413339308,0.233280183391837,0.4939867652496863,0.7302237,18.54206,0.1977592,0.22062029,0.46663278,27429,0.25333463166096465,5.512458825140978,0.01227885797116926,0.012659893946913608,0.027353981836752972
model,982,0.9630579984138545,6.649895858746724,0.35692196702180173,0.3839087950799213,0.3998732981712384,0.97581416,5.2510104,0.36895105,0.38628113,0.37772638,36919,0.012756165270990438,1.3988854408084919,0.012029085405490136,0.0023723376181377653,0.022146922114567258
model,981,0.9808128157773034,3.6066562342429833,0.5434430916803153,0.5493565792069834,0.23691054261782732,0.9601258,5.605202,0.3749286,0.37965736,0.2405342,35042,0.020687011829854662,1.9985459637855811,0.16851449804475627,0.16969922127584636,0.00362365864655409
model,983,0.3322275768534238,26.859988063448373,0.4121455987427737,0.4166835623373921,0.21328556861856665,0.29424864,25.666697,0.46813968,0.47378114,0.19244988,40370,0.03797893631616184,1.1932915149864591,0.05599407949704871,0.05709757632113144,0.020835685992033143
model,980,0.7025892977981109,20.856924809442546,0.2564144507120337,0.2610774520576354,0.2799230659608166,0.726082,21.71793,0.22893505,0.23415019,0.2711679,49627,0.02349272916035472,0.8610050306453445,0.027479402727910496,0.026927265876566964,0.008755161822251556
model,986,0.6416683198524185,18.987152908571492,0.2520141247611107,0.2612386178911429,0.33541104170000224,0.6973837,18.714375,0.24919657,0.2569734,0.3447105,40013,0.05571538194888159,0.2727783663351637,0.0028175506691993646,0.004265232080290837,0.009299457348230789
model,987,0.9733270406003455,13.219758262873043,0.4623144934539909,0.4703669997805673,0.3321973806979845,0.9020502,18.782125,0.42976412,0.43459922,0.24769625,42403,0.07127684347586427,5.562367210149418,0.03255037168313213,0.03576777902785122,0.08450113002087573
model,979,0.5849739695529054,12.91737521647886,0.23049428028801824,0.24186690347315656,0.3307683978607808,0.36181617,17.521343,0.21418272,0.22137085,0.3264155,55034,0.22315780172148447,4.603968014722312,0.01631156069973852,0.02049605744006025,0.004352888875261418
model,984,0.2605789371255098,27.232486885451685,0.29030180298648667,0.2942875297145517,0.22604150215470442,0.2193006,26.643793,0.29975104,0.30524713,0.21111889,63773,0.04127833921939711,0.5886937793725835,0.00944924033321548,0.010959598295244455,0.014922610319491714
model,988,0.5020282628111769,23.08333215502562,0.34562949456136555,0.3497123983809202,0.17694222300015292,0.54142725,21.67643,0.3271299,0.33034238,0.193406,102181,0.039398991865642,1.4069024064904632,0.018499594105890693,0.019370016188308525,0.016463777733222634
model,990,0.5996982884836868,23.372968367429685,0.443728822478107,0.44579921929328914,0.17776030985962832,0.7193226,22.25183,0.4060398,0.40813142,0.16133983,78461,0.1196243333386704,1.121139220090818,0.037689018257907436,0.037667798680953934,0.016420475527162193
model,985,0.5818891163589948,23.897204468940913,0.37919105679132714,0.4042726831809285,0.4150771030904649,0.7443527,23.100006,0.2890042,0.31640932,0.37108287,66000,0.16246358196711608,0.7971983654252881,0.09018685013391747,0.08786336354172258,0.043994230938136425
model,992,0.7968552219315477,17.567314306832472,0.2136089201698185,0.2278226192374091,0.5101509723683211,0.44150457,23.306345,0.22121704,0.2659345,0.8438313,49226,0.35535065406999067,5.739030679129442,0.007608116077434918,0.03811187788058712,0.33368032836715256
model,996,0.9877847536078539,7.364119516695624,0.2619517849250749,0.27220855983880016,0.41395208812075074,0.97611487,13.621482,0.4075573,0.4137913,0.3266382,30624,0.011669884490117077,6.257362378751154,0.14560552374878372,0.14158273902747182,0.08731389618235047
model,995,0.05120164171879108,25.381940328110126,0.2274025202408866,0.24041558219874976,0.3930181294154645,0.049119532,25.253155,0.21722645,0.25014082,0.48023608,60720,0.0020821096104841966,0.12878557347145403,0.010176074565990373,0.009725233774532105,0.08721795385365477
model,991,0.26935455932337987,22.761206895235613,0.19263247524793997,0.20602080965375066,0.4279640136216772,0.5414959,21.140804,0.23423591,0.25293297,0.4521782,74643,0.2721413599042202,1.6204026044641289,0.041603437313476654,0.04691215610171198,0.02421419639838812
model,989,0.23643131105418433,27.873992547839688,0.4145638383308242,0.42403935842791785,0.27656455864423646,0.26212144,24.331442,0.27538976,0.2804465,0.27184635,39050,0.02569012792591821,3.542550668567227,0.13917407759817346,0.1435928588418125,0.004718204636515511
model,993,0.7333544857376904,24.988154458771685,0.27146123087758517,0.27380640433549924,0.1831220270543526,0.71020895,22.95563,0.41139838,0.4140401,0.22537066,85966,0.023145533310779953,2.0325251100168025,0.13993715011721158,0.1402336843180652,0.042248633369879884
model,994,0.9711732208120024,5.992045584324522,0.20997518017968594,0.2332664769056688,0.5174114704418932,0.9869026,7.095591,0.20714635,0.23366755,0.49821338,71125,0.0157293737543428,1.1035454839433,0.0028288336106246648,0.00040107556549209833,0.01919808986671312
random_baseline,1,0.8775073980650758,15.54639073395078,0.2024117330918711,0.21318667176076747,0.35986961074982116,0.19029836,29.206373,0.668512,0.67043525,0.12942995,74123,0.6872090344986772,13.6599824807709,0.4661002536406118,0.457248578044683,0.23043965943966338
model,997,0.9371214626370289,16.78234304174252,0.2746324592090686,0.27895060201529237,0.2759232429157152,0.96010333,13.609767,0.31119263,0.31621498,0.29383358,118379,0.022981870359339518,3.1725760815984785,0.03656017251242799,0.0372643766796234,0.017910340677653347
model,998,0.8590987755952357,16.56515850744494,0.26101619680666843,0.30263763955818457,0.7073880744009775,0.8620118,10.020809,0.37383422,0.40889284,0.6140294,80624,0.0029130146803379997,6.544349333860957,0.11281802574849209,0.10625520058883386,0.0933586668997568
random_baseline,0,0.9568335379252283,4.102567745285228,0.3257691565694701,0.33334379505419853,0.25300076168750746,0.7584671,13.679777,0.24725586,0.26755,0.47606024,33458,0.19836645971630495,9.577209400100514,0.0785132948102843,0.06579380344653252,0.2230594797732927
model,999,0.12925925226365967,28.15944679227591,0.3251379814543926,0.3652090368568305,0.4641393491991256,0.1059202,26.758583,0.29375872,0.36184826,0.5995507,122098,0.023339049233550263,1.4008637234282553,0.03137926129486196,0.003360771924198036,0.13541137483041543
random_baseline,5,0.29203368537829405,26.54204525511453,0.33490056512966754,0.3465281815801738,0.2787112530599226,0.8926104,17.333122,0.20670004,0.21893375,0.43974382,117269,0.6005766857345294,9.208923001696562,0.1282005232395232,0.12759443536149245,0.16103256379264697
random_baseline,3,0.6098059774788996,24.44374026991663,0.31725021119623803,0.3259299011734757,0.3395357360232732,0.8215711,20.109015,0.26017472,0.27023384,0.29238144,132514,0.2117651342001775,4.334725758808233,0.057075489716822136,0.05569606142318578,0.047154300390567505
random_baseline,8,0.13094084229629038,30.480381310068463,0.442482260200038,0.4437424727091857,0.133729849380809,0.99189395,2.958586,0.3242428,0.39422894,0.7152921,71597,0.8609531048281909,27.52179533251414,0.11823945972587113,0.04951353746748649,0.5815622467571915
random_baseline,2,0.9722165576412958,4.488418964549666,0.26124080699293634,0.28232125012436776,0.4899201914355258,0.27761433,16.832853,0.26614442,0.30238298,0.5041054,57950,0.6946022323563379,12.344434352711076,0.004903617683958805,0.020061725692358923,0.014185197682668793
random_baseline,4,0.02588862269018119,23.899096541962745,0.20872459150729208,0.21455124734529468,0.2519673591523769,0.9542749,7.8531504,0.23684888,0.24990356,0.3851833,16005,0.9283862701168256,16.04594617422593,0.02812428437294931,0.035352312339458736,0.13321594539588666
random_baseline,6,0.1146670313243033,26.197534459777124,0.6028548280536254,0.6054103183556169,0.17231674062165075,0.9328691,6.2080483,0.2524332,0.26191923,0.3260561,79622,0.8182020454045175,19.989486116118677,0.35042161744228206,0.34349108813291485,0.15373935235587305
random_baseline,11,0.9925814457850707,6.8151924236081385,0.20917680794843632,0.23899990167212778,0.6937633224618925,0.58143514,20.258993,0.23310496,0.26235133,0.45395133,72301,0.41114630183746936,13.443800725195572,0.02392815118185085,0.023351432422873436,0.2398119934690489
random_baseline,12,0.19428239463136623,24.65083052760329,0.2605372377083078,0.3245739423850542,0.514834607790316,0.17833596,27.576347,0.8260057,0.82681197,0.10525237,105690,0.015946429951648217,2.925516823470929,0.5654684595420585,0.5022380268951887,0.40958223755201184
random_baseline,10,0.8878499681560259,5.933818356390724,0.25043655560020134,0.2575607862164439,0.29260151191668843,0.3533679,15.903919,0.26431936,0.2954089,0.5033014,116513,0.5344820732681017,9.97010086357998,0.01388280465599373,0.03784811833601581,0.2106998701481309
random_baseline,9,0.4367288592158516,27.602381207877844,0.4017551460939157,0.4066447563478165,0.280919105025342,0.9380948,15.09445,0.21274278,0.22207873,0.37097368,15184,0.501365935534362,12.507931210929602,0.18901237041528107,0.18456603065220645,0.09005457141775797
random_baseline,7,0.9251451965560006,13.522547833164474,0.6307343501109377,0.6764819196503483,0.49404393461217583,0.9816332,5.389304,0.2285614,0.24210514,0.4024908,3648,0.05648798978433145,8.133243672092696,0.4021729487437502,0.4343767783682667,0.09155313995351494
random_baseline,13,0.902349973988668,16.30050828034223,0.29235332365581346,0.297544655648786,0.23038139624420348,0.6999377,19.408997,0.30825895,0.37106785,0.69473225,8656,0.20241227276338725,3.1084883016890217,0.015905627054483173,0.07352319613305908,0.46435085253890807
random_baseline,16,0.16237651890432794,29.539488845371768,0.3028891062785905,0.3105340528922004,0.21444960669245539,0.97950435,3.3362637,0.2791093,0.30948865,0.4676934,100831,0.8171278279432063,26.203225188755557,0.023779807095698657,0.0010453987555426592,0.25324378176961126
random_baseline,15,0.12253637853560216,24.06954981722112,0.6331959699200643,0.6339722170812192,0.11150893757578931,0.8357882,15.258431,0.35309833,0.35740274,0.2472404,6689,0.7132518118292355,8.811118382589772,0.28009763703813684,0.2765694751721921,0.13573145677807727
random_baseline,18,0.8360362465704205,17.391246441577692,0.20802374652726047,0.22406490732410675,0.5660630458079629,0.07165852,30.52825,0.41275868,0.42202425,0.2335222,101305,0.7643777246797803,13.137003299022894,0.20473493167060025,0.19795934270641083,0.33254083926308675
random_baseline,14,0.16823156274371717,28.447794496389275,0.27045385459730903,0.2732842156129571,0.17745419415599115,0.56644064,22.261204,0.2002014,0.22082578,0.4909403,56719,0.3982090791363182,6.186590730520134,0.07025244752238075,0.052458439155170566,0.31348610845440616
random_baseline,19,0.9067346538057907,9.856230421174168,0.2577979820371113,0.3044377530485998,0.6356737970123751,0.44525677,25.671879,0.3178487,0.32355633,0.26838478,84681,0.46147788414865565,15.815648393523098,0.060050730168775546,0.019118580731688872,0.3672890125523074
random_baseline,20,0.9701191793308138,6.344776838654717,0.4435876153197154,0.47865128857747036,0.4808783373086983,0.11241332,27.629997,0.3617695,0.36447397,0.1772296,29614,0.8577058623657107,21.285220414763252,0.08181811792515364,0.1141773198331924,0.30364873914413987
random_baseline,23,0.5793118744087213,13.116318085496758,0.23122728560587624,0.23646760657680554,0.23302380134756567,0.96750814,10.810547,0.21717158,0.2430961,0.46855432,39388,0.3881962628173834,2.305771210496758,0.01405570600649575,0.006628491726989316,0.23553051660363672
random_baseline,17,0.2879518536196495,26.374706537080765,0.2684231867016511,0.2761751267493391,0.3070262878689546,0.8213266,20.952593,0.45154494,0.46469358,0.2972435,116679,0.533374759806559,5.42211368734932,0.18312175376999806,0.18851844934814932,0.009782782152630731
random_baseline,21,0.9065991510681681,12.228781199352753,0.2392304571083737,0.2523993874830878,0.39500557400456887,0.90898746,11.489827,0.19924553,0.2113309,0.39048547,123859,0.0023883114524312354,0.7389540432858581,0.03998492972170836,0.04106848192640905,0.004520108477988061
random_baseline,24,0.6340227099189433,19.851037652611012,0.49689375743945935,0.5005715356038095,0.2188848145719622,0.57894224,12.69378,0.24781907,0.27554154,0.46762252,43478,0.05508047063442789,7.157257707237477,0.2490746913917909,0.22502999164323823,0.2487377039674665
random_baseline,28,0.1583126255211192,18.81177747174828,0.24695186702680158,0.24849912911449312,0.1432318245168931,0.85911524,20.116085,0.22340457,0.23826282,0.37446204,966,0.7008026174369497,1.3043075807419555,0.023547295612807745,0.010236311850889912,0.23123021376168662
random_baseline,30,0.1700704996497808,23.155774787023553,0.36736048171271624,0.37020568411660526,0.19612506637330748,0.95581746,7.8988957,0.5376967,0.5409289,0.19346185,54231,0.7857469613640131,15.25687904651452,0.17033623745690046,0.17072321612524655,0.0026632160877773925
random_baseline,22,0.37243491028278153,21.739248530459914,0.2319889599317345,0.28692331107971597,0.5709377136295747,0.14017388,27.405123,0.50211406,0.5138985,0.28082356,23074,0.23226102803676407,5.665874226498094,0.27012509760915904,0.22697518077972006,0.2901141550606202
random_baseline,25,0.2758740104641455,24.259725857868105,0.3353454376103258,0.34209906966944476,0.23073590579987288,0.14926344,27.982382,0.34924078,0.36339417,0.30188543,20356,0.12661056890149291,3.722655962810606,0.01389534226638317,0.021295101330082222,0.07114952024459123
random_baseline,26,0.8687299552383846,15.589997798500228,0.2435802393294994,0.24761266111752506,0.2302143204202366,0.17486508,27.49588,0.2087741,0.24231182,0.4174216,16026,0.6938648733320659,11.905882328452897,0.03480613461510579,0.005300840729684786,0.1872072887430477
random_baseline,27,0.5923328850718119,20.36770482704904,0.39701001095538363,0.40167452777639445,0.22455156349083163,0.83776194,10.556422,0.49969897,0.5153278,0.32517964,107466,0.245429053500118,9.811282593467496,0.10268895578617826,0.11365328346475545,0.10062807298759244
random_baseline,29,0.9520840779406534,10.586652015332383,0.22353176788779175,0.23888211777614526,0.42092726653113055,0.95448196,11.806327,0.35742295,0.362317,0.25927675,64630,0.002397881402303126,1.219674850817519,0.1338911799958142,0.12343487808300085,0.1616505188275783
random_baseline,34,0.9808899467196822,4.043069908964561,0.3041542502126542,0.3264094398766485,0.3915704706743996,0.7910845,8.753873,0.32675344,0.330872,0.18104318,33369,0.18980541875032186,4.710802962434364,0.0225991873064193,0.004462559387114928,0.21052729283130572
random_baseline,35,0.6978502983069484,22.573078460854287,0.3278364467058772,0.36329011394253274,0.44424570055925844,0.9604588,10.726496,0.26803547,0.27506015,0.2394322,107298,0.2626085167908604,11.846582718056435,0.05980097526651562,0.0882299668954899,0.20481349976980684
random_baseline,36,0.9731773181477902,9.226692865387264,0.1980308346942182,0.2706038720518902,1.0008942550307414,0.74816424,20.599714,0.2153853,0.22379883,0.30053902,438,0.22501308160222744,11.37302141378754,0.017354468207049806,0.046805045715029525,0.7003552383071086
random_baseline,33,0.966863912138766,7.334976216852873,0.2728053589858129,0.3342645165247495,0.5135205529593418,0.26906386,29.479458,0.47149256,0.47205588,0.08023107,3780,0.6978000519607722,22.144481638371737,0.1986871997319148,0.1377913656907504,0.4332894824408482
random_baseline,40,0.9768667227845637,11.353925689460901,0.31117085035227177,0.3253156029986141,0.38756974606022704,0.4872733,24.499378,0.6528329,0.65993994,0.2622686,79003,0.4895934171300379,13.145452514884802,0.34166207496739986,0.334624341745496,0.12530114321217406
random_baseline,38,0.8829308615764249,14.122141942735588,0.22589415232361731,0.23165733552797166,0.292110765130698,0.9171716,11.977125,0.21092434,0.21796142,0.2701651,7605,0.03424073590434906,2.1450167748889086,0.014969810048951482,0.01369591987951127,0.0219456793381565
random_baseline,32,0.6150964086430454,20.567939787333202,0.17909370481310702,0.18735834561768372,0.3730205355633053,0.4251765,26.881758,0.34101763,0.3654213,0.4346095,53973,0.1899199073689365,6.3138179488728525,0.1619239288634219,0.1780629495483319,0.06158896699063454
random_baseline,31,0.873676827584945,6.185730035320724,0.2464125902777911,0.26035126303578554,0.3052327463116846,0.8265191,18.020243,0.25307313,0.26497865,0.3731522,88946,0.047157755529128376,11.834512655719315,0.006660535799860867,0.004627384196270123,0.0679194500956335
random_baseline,42,0.9786959680284902,10.694198542795753,0.28543268726985555,0.29278851719415105,0.33053863063989564,0.6676844,17.194998,0.35203397,0.3696623,0.32533953,13497,0.3110115917887136,6.500799244679833,0.0666012854703178,0.07687379745924555,0.005199104701861579
random_baseline,37,0.8696794861243778,14.842289614882958,0.28091581219007483,0.2878986459275147,0.23650432575284622,0.7057752,20.88893,0.33743313,0.378856,0.4793313,114877,0.16390428480372965,6.046639752182472,0.05651731735895166,0.09095735735693966,0.242826988810905
random_baseline,39,0.17106591626122267,29.280433586976965,0.23449621447365088,0.24227446548772938,0.2854661515561148,0.8091837,16.048763,0.35426044,0.35733542,0.22742453,15555,0.6381178005127641,13.23167031183048,0.1197642301674624,0.11506095297502392,0.058041619381050735
random_baseline,43,0.9188900267412535,14.155876952739199,0.27494373333370176,0.2873441796164385,0.33504858951603805,0.20223852,26.457943,0.3336268,0.35060653,0.35357392,138175,0.7166515117218367,12.302066009907286,0.058683073402290675,0.06326235128833141,0.01852532882655228
random_baseline,44,0.5558599298264308,23.1243745160959,0.2154898656974124,0.24334623178754455,0.4427673529750041,0.71210027,20.609009,0.20744209,0.21471155,0.3618089,14756,0.15624033758384748,2.5153657270334016,0.008047775782136835,0.02863468488965637,0.08095845691024578
random_baseline,47,0.7858935411625426,19.162252998505124,0.21553077032711487,0.2585006953890646,0.7897687283279404,0.39657944,25.758356,0.29651713,0.3012383,0.23993585,90336,0.38931409675412587,6.596103095855227,0.08098636338565368,0.04273760302707308,0.549832883191298
random_baseline,41,0.8230538167559067,19.7844458946591,0.19339812763085368,0.22823424159576744,0.44375626255860157,0.3272198,28.572351,0.2764688,0.29257074,0.33818063,21133,0.4958340026937882,8.787905561029376,0.08307068578848836,0.06433649838874489,0.1055756311594469
random_baseline,45,0.8600228735919399,14.42410179297464,0.2821961249990901,0.2966072511162565,0.46986479930340297,0.92296517,8.217064,0.28740525,0.2927139,0.24605627,86386,0.06294229536100204,6.207037889166045,0.005209127457574958,0.0038933407749937032,0.2238085257238055
random_baseline,50,0.9443166268866052,10.93400794588188,0.267651183268612,0.286230206629638,0.45752415403143787,0.9519933,8.143304,0.39042464,0.4010223,0.33748624,54029,0.007676659723044432,2.7907040747270955,0.12277345571797554,0.1147920785933692,0.1200379167439165
random_baseline,46,0.35741366483766623,23.439486402282906,0.2493766098802625,0.2538433108391126,0.2144509778310031,0.99411213,5.7093306,0.18793839,0.21306454,0.569427,62112,0.6366984691421311,17.73015584350605,0.0614382177179395,0.040778774386819205,0.3549760355662137
random_baseline,49,0.9514855551084671,14.383367087409248,0.18815591372786858,0.20720754370721936,0.5988758902429485,0.23206739,27.365128,0.27865744,0.3234331,0.52623135,71595,0.7194181638321075,12.981760476067315,0.09050152264298103,0.11622555746999622,0.07264454172839163
random_baseline,52,0.8426617281170126,18.951852492756398,0.33718217849579857,0.34147127751720086,0.25578022949152934,0.6138185,23.328236,0.32066396,0.370717,0.6176781,48181,0.2288432018490072,4.376383133464305,0.016518219707880477,0.0292457115231739,0.3618978763396169
random_baseline,53,0.17067284006175742,29.498270601001465,0.35423582367505857,0.3606430456503457,0.2933472814010865,0.9128947,15.74081,0.22438486,0.25013077,0.50879335,118408,0.7422218857378031,13.757460206714356,0.12985096447076627,0.11051227305970851,0.21544607263333732
random_baseline,54,0.7414149715437068,17.70891425921709,0.22150578375972702,0.2378371535891362,0.4593469278489199,0.9406932,12.716965,0.27513498,0.29039907,0.5042295,132888,0.19927822809084517,4.991949537537401,0.053629196918831334,0.05256192096530715,0.04488255813969705
random_baseline,48,0.8253421544753411,13.083062216266988,0.22341245524356323,0.2327481476827214,0.32362615248645554,0.3051758,22.778698,0.20980999,0.21571718,0.2750041,26553,0.5201663434230187,9.695635751262309,0.013602466506456912,0.017030966119344015,0.04862206360782395
random_baseline,55,0.5123661327430025,22.96047968094992,0.8559718624912882,0.8578394976380934,0.1139720532958819,0.1713736,24.089294,0.33033255,0.33302355,0.22643408,77211,0.34099252701485305,1.1288147526438301,0.5256393150650644,0.5248159495118727,0.11246202849694951
random_baseline,57,0.5336975215590636,21.978381421872964,0.562731753582122,0.5668511001186063,0.21850668979945667,0.08381365,29.16065,0.30132908,0.3048634,0.21369682,89584,0.4498838691628615,7.182268831422935,0.2614026772919914,0.2619877068118741,0.004809867275385932
random_baseline,51,0.8439668613086643,16.088648364024145,0.2353145471703925,0.2644928408578036,0.4470623667868762,0.15314956,25.967892,0.29575887,0.309474,0.3785461,126241,0.6908173012147846,9.87924332909109,0.06044432605386593,0.044981150536239356,0.06851627785293152
random_baseline,58,0.8866289745085038,11.566866966232787,0.2445627066707711,0.2554074046221586,0.37732429201791934,0.81023276,16.308239,0.25414038,0.26776546,0.35070863,21287,0.07639621598647006,4.74137201692151,0.009577670373906638,0.012358057776370446,0.026615658356649197
random_baseline,63,0.3212148068980353,25.170101266149,0.45246242534567926,0.45493487269644156,0.1941713480079875,0.120743476,30.155148,0.22219725,0.22367024,0.14986375,107660,0.20047133104363846,4.985046286341234,0.23026517581393335,0.23126462847952262,0.04430759826547956
random_baseline,61,0.889184279061914,14.234741828577683,0.21912258832900716,0.23448132081510945,0.4302631130882052,0.7488985,22.824816,0.4855495,0.49909177,0.39332604,92683,0.14028577289736321,8.590073921544388,0.2664269211962919,0.26461045341012557,0.036937069005563594
random_baseline,60,0.3199109138287519,28.641107407809987,0.7225231439794997,0.7270066224661405,0.22837386285444009,0.6373154,22.101055,0.22667082,0.2654196,0.4601942,123520,0.31740447866544974,6.540052262546315,0.4958523274387816,0.46158702007203645,0.2318203374228884
random_baseline,59,0.8458460050683724,14.863847902648857,0.43149015136200314,0.4368047232052065,0.24635427501698973,0.24107951,26.234648,0.86947674,0.87010956,0.08143045,87885,0.6047664958101021,11.370799848205635,0.4379865842298853,0.4333048349002622,0.16492382493516447
random_baseline,56,0.8346641316850397,15.5819462084472,0.31782992661926907,0.32520810024673946,0.27052615789843715,0.928411,12.686552,0.2703113,0.30094028,0.54258186,24993,0.09374687524245051,2.895394160717707,0.04751863063309353,0.02426782505447872,0.2720556983523258
random_baseline,62,0.832985011498523,10.718702946885507,0.3469037188991607,0.3646668316654023,0.35876268428958386,0.9635143,12.703297,0.3846223,0.41405958,0.43764108,62402,0.1305293165044067,1.9845937144914458,0.037718586732476855,0.04939274770700369,0.0788783999045995
random_baseline,64,0.3659484404393885,23.68059155078029,0.9094862262295538,0.9109167269464057,0.08542910561396938,0.69193363,23.776144,0.3273452,0.3301339,0.2449256,114838,0.32598519145758414,0.09555247692967228,0.5821410337971502,0.5807828418012183,0.15949649765656132
random_baseline,66,0.21713177143124734,28.16966144253823,0.422310682175569,0.42390916727240946,0.1398258968936239,0.9810648,6.784301,0.1867344,0.22869974,0.6699938,104180,0.7639330250165066,21.385360638400048,0.2355762889365477,0.19520942352469828,0.53016792091262
random_baseline,65,0.5703937189685494,22.3575392317882,0.34352609360776043,0.3667140726847053,0.3527286830340397,0.9033592,16.808657,0.3665114,0.37366894,0.33575636,129419,0.33296545575984415,5.548882539283316,0.022985310906552314,0.00695486619049307,0.016972321549512115
random_baseline,67,0.5900704533077741,20.818976158696785,0.38410991089460356,0.3878332493077885,0.1984604871978208,0.9050931,10.385718,0.27195257,0.2771916,0.25640616,45584,0.3150226205371356,10.433257813054695,0.11215734140989286,0.11064164016357769,0.05794567101102624
random_baseline,70,0.41750582369995515,24.014127042831415,0.28883080877788636,0.293484176748306,0.2471051273604669,0.16552414,26.884502,0.81300145,0.8157679,0.14969918,84389,0.2519816836996118,2.870375368057257,0.524170645098609,0.5222837075061495,0.0974059460421838
random_baseline,72,0.9095111872939995,11.691682376596482,0.2675123841306298,0.2746554077008366,0.3457868383928452,0.95227647,9.029182,0.63416433,0.64924705,0.24559991,132543,0.04276528098297805,2.662499942514451,0.3666519492128761,0.3745916425845028,0.10018692777597049
random_baseline,71,0.25911618184244933,23.766869736394074,0.2372252727217881,0.2533526574982654,0.30128562522559293,0.98331374,4.9777174,0.3490426,0.35605392,0.28701532,77346,0.7241975574573248,18.789152336796906,0.11181732171104272,0.10270126110181699,0.014270306355048501
random_baseline,74,0.975807772032558,7.998368314486804,0.2977117860201626,0.30633015489686327,0.36132156995514514,0.50898254,22.379879,0.32197392,0.33196816,0.23478936,16447,0.46682523285561706,14.38151068331593,0.02426213384830661,0.025638003586641978,0.12653221336582782
random_baseline,69,0.5839114552133735,25.511953557311095,0.44208406738835254,0.44488480392031193,0.19055370955148823,0.9828951,6.010696,0.25168145,0.2906723,0.45278525,130638,0.3989836210614983,19.50125762301544,0.19040262035923877,0.15421250167421818,0.26223154397329207
random_baseline,68,0.7952578208362255,15.02384641104566,0.23401903283197106,0.27425776540823577,0.6381083458304386,0.95060927,3.6110168,0.26646313,0.27673438,0.27322555,107511,0.15535144592173955,11.412829660709967,0.03244409788053809,0.0024766165059030287,0.3648827999472599
random_baseline,76,0.9223367566060021,7.323333982083653,0.35158235572064384,0.3929916881242277,0.4355421628422116,0.7675487,16.072035,0.23194991,0.23660281,0.28200436,95966,0.15478807630052116,8.748700853731776,0.11963244519913657,0.1563888751187803,0.15353780645793424
random_baseline,73,0.8746366945419337,17.65135459853289,0.19270188618921827,0.20653644508087385,0.38363885103854767,0.4156221,21.96439,0.25565356,0.2694603,0.43903217,34829,0.45901460920906323,4.3130352024925,0.06295167397237231,0.06292384558952105,0.055393316157726136
random_baseline,80,0.9786644683428593,11.432185002348916,0.4270109830370916,0.4338807773434548,0.2961639660083551,0.57568127,21.917786,0.2784825,0.28892547,0.32041407,131370,0.4029831991740055,10.485600642182334,0.14852848629865778,0.14495530842179344,0.02425010030634217
random_baseline,79,0.5106734170511061,17.6921411176195,0.4549770198190835,0.4563699476284951,0.11510023364735048,0.9606615,14.723011,0.3858661,0.39102417,0.2935697,75139,0.44998805383893903,2.9691301007737962,0.06911091426259547,0.0653457753224343,0.1784694801835974
random_baseline,77,0.03888626508851469,31.42303433031963,0.411718831103203,0.4125277017542454,0.10743709068723696,0.96104586,13.033727,0.18100923,0.20873229,0.61596453,8251,0.922159596155687,18.389307638119924,0.23070959810530872,0.20379540969816173,0.5085274412112616
random_baseline,75,0.7186782388135923,18.38328165408443,0.21319881071026794,0.23551076169236296,0.4934029800635112,0.18796815,24.718775,0.33605602,0.33791295,0.14140126,41036,0.5307100890323652,6.335493141447795,0.12285721312586792,0.10240218524710543,0.3520017189722789
random_baseline,78,0.5126528041909675,24.289601656745614,0.2142301852994006,0.24116307855649258,0.5299352566453321,0.35552377,27.470287,0.7829671,0.7839013,0.0946497,18874,0.1571290391038398,3.180685666252433,0.5687369053072888,0.5427381956477616,0.43528555433477
random_baseline,81,0.786874701864554,18.407099975319237,0.34290999500363617,0.3566910597279122,0.38882520904159706,0.9504329,7.114172,0.31666517,0.3219526,0.24728559,115990,0.1635581947495207,11.292927993507714,0.026244822426731873,0.03473844851995017,0.14153961946582955
random_baseline,82,0.8904731926849612,14.630475967053329,0.1958381935498299,0.20787025108609344,0.4373197969962804,0.4137369,24.832193,0.46234486,0.4684225,0.24307573,109934,0.47673628305704674,10.20171740758046,0.26650666152028424,0.26055225119318814,0.1942440685798375
random_baseline,83,0.7058154657217612,18.75046221680485,0.21936361498598284,0.2427105281259032,0.6176638203684885,0.25834417,28.8861,0.3619847,0.40253738,0.45567232,48295,0.44747129229036475,10.13563855223812,0.14262108497854048,0.15982684756264964,0.16199149666472268
random_baseline,85,0.7737359368685601,21.13606529293792,0.2754040348093075,0.34179741543730335,0.7477613648052374,0.84018725,10.883569,0.21391621,0.21809272,0.22822689,64679,0.06645131469928045,10.252496529205011,0.061487822488979715,0.12370469075640278,0.5195344796056905
random_baseline,84,0.30934926751002667,25.17801685587528,0.21975839834577063,0.2260553970314541,0.23880637868232432,0.4281423,23.391497,0.26030293,0.29315227,0.39063296,70309,0.1187930416788161,1.786520197550086,0.04054453272455713,0.06709687566980932,0.1518265785377532
random_baseline,88,0.853822927689877,18.16716843295957,0.23008455120705915,0.23366869495645007,0.22768138422114334,0.48985597,22.574947,0.6303898,0.63209766,0.13119675,90441,0.36396695277723357,4.407778924218164,0.4003052584014003,0.3984289665387587,0.09648463203055344
random_baseline,90,0.9278427839319445,7.735713955199742,0.24002761201899764,0.2469694834539733,0.25992294129500504,0.62825906,21.258476,0.2420109,0.25033903,0.34484452,68647,0.2995837211649157,13.522762302124477,0.0019832943196940733,0.003369547765509129,0.08492157879700546
random_baseline,91,0.25416500846753465,28.522668451826696,0.28696704935764983,0.29144787375814774,0.20841115045117434,0.7754382,13.57105,0.24259923,0.25187498,0.23061833,87033,0.5212731810389961,14.951618761580114,0.044367815372702624,0.03957289044744827,0.022207177404889505
random_baseline,87,0.30337704740584237,21.684932934207808,0.2652535106091357,0.27707484361292073,0.3239701073905808,0.50196135,22.163916,0.2749696,0.28339043,0.2803597,13073,0.19858430303513663,0.47898269994746556,0.009716096982493316,0.006315588983285936,0.04361042196959081
random_baseline,92,0.9784118289213566,8.332300711431913,0.22747758030082466,0.23363298386527367,0.266847950286438,0.67514026,14.355022,0.2481612,0.25377217,0.2566046,107365,0.30327156727127114,6.022721718988009,0.020683616407854544,0.020139185486304084,0.010243338412811276
random_baseline,89,0.6782864216536052,14.89647368522622,0.2558260146256752,0.2652028986990513,0.24062363880292656,0.38836735,27.611963,0.26168185,0.26483282,0.21164095,84205,0.28991906678376267,12.715489586868507,0.005855840099208809,0.00037007423043861065,0.0289826847852874
random_baseline,86,0.9453909131355339,10.918670749206001,0.20967631553785027,0.217372587413038,0.29449137018231003,0.6466955,23.988289,0.27970874,0.28765595,0.32606697,4107,0.2986954184837395,13.06961813018853,0.07003242755754768,0.07028336217955233,0.03157560064288528
random_baseline,94,0.4281347659982303,26.58803384317153,0.5955192888095407,0.5995821052979975,0.19646578067290751,0.95812285,8.599814,0.39020193,0.39981133,0.30177665,3418,0.5299880834661862,17.988219428193503,0.20531736257815647,0.1997707778405695,0.10531086689484151
random_baseline,97,0.2682729173281307,26.254065157213688,0.2380769385739558,0.2468761031850308,0.3544042555664249,0.8888163,14.852062,0.30021733,0.30192927,0.17083138,87802,0.6205433797261601,11.402002931871891,0.06214039188182424,0.0550531620756656,0.18357287329179722
random_baseline,96,0.7066396704901857,20.81989673288741,0.416064008176761,0.41835297742693905,0.17968648333037898,0.45572323,22.520437,0.22139704,0.2307772,0.32520247,85534,0.25091644441978167,1.7005405077131748,0.19466696590228588,0.1875757733902264,0.14551598172699406
random_baseline,98,0.982120477674636,9.39708370040399,0.17722402887946373,0.19685383556580588,0.5431845461483492,0.85772574,16.761538,0.18706726,0.19379604,0.34753338,19714,0.12439473819557101,7.3644538514758935,0.00984322649830574,0.0030577969381813674,0.19565117112355368
random_baseline,100,0.3775346897509147,21.477538586176312,0.6154535216607492,0.6171998869466703,0.13621182028986834,0.448897,24.891273,0.34677616,0.3497091,0.18294977,128721,0.07136231437658774,3.4137349123588443,0.2686773640431802,0.26749079337596104,0.04673794622681715
random_baseline,99,0.1747506216658488,22.917601255348874,0.19011835943810723,0.21198228420734203,0.4279194969423048,0.4667186,22.163942,0.2250121,0.23329534,0.41175765,112128,0.29196799243556115,0.7536589183127411,0.034893734344317695,0.021313052158357743,0.01616184895112438
random_baseline,101,0.25231191522561847,21.976464634497212,0.2428918765295554,0.2616052444765273,0.48916989021432017,0.18957847,27.44778,0.26025674,0.26997843,0.32319087,41700,0.06273344165765582,5.471315974633647,0.017364860941071425,0.008373189370900092,0.16597902231347178
random_baseline,103,0.7842905883934941,19.6082152722254,0.41711814132718716,0.422414958509525,0.2630420861413695,0.41071266,28.079338,0.3259311,0.32747525,0.12081507,41846,0.3735779290345158,8.471122801505068,0.09118703928975735,0.09493970874222152,0.14222701765801682
random_baseline,95,0.7014147144274893,15.887032816980074,0.22937334940249926,0.23630005362694687,0.2760112941520605,0.19651225,26.84561,0.2628127,0.2727467,0.2764581,5376,0.5049024623351278,10.958576847936918,0.03343935444538587,0.036446658342428745,0.00044682023354436495
random_baseline,104,0.7618827566113283,19.66930649762756,0.30230387737936193,0.31076884403402566,0.27133769180221107,0.6528381,21.131826,0.23231246,0.24861024,0.4301315,88985,0.10904464568756123,1.4625199031292766,0.06999142160600835,0.06215860083276986,0.15879380319672082
random_baseline,93,0.9102146549140353,10.471952851373587,0.22774581090868778,0.24637745143449863,0.44507473550457893,0.9862209,4.992883,0.3819591,0.38894114,0.26344714,40735,0.07600624133001377,5.479069645959768,0.15421329958974056,0.1425636875482742,0.18162759981770454
random_baseline,105,0.8106930638737913,10.9511414817078,0.2380674439931854,0.24947079132234787,0.31671686463432547,0.19462454,24.111979,0.29124674,0.29981074,0.36894187,61083,0.6160685206837888,13.160837049175989,0.053179298016931165,0.050339946049096834,0.05222500867767099
random_baseline,107,0.6773182407360993,16.94361810311858,0.3142165684527785,0.32597734056986666,0.3422226894077126,0.07984919,23.431452,0.22278814,0.24091251,0.47333917,88701,0.5974690497261009,6.4878336943667705,0.09142842827505177,0.08506482862509585,0.13111648080980143
random_baseline,106,0.07776463301812811,15.97492665729947,0.23332536589113909,0.23462316238190867,0.14530128231736025,0.17344321,28.497353,0.67832756,0.6789487,0.10123794,2507,0.09567858008707361,12.522425942798186,0.44500219453366563,0.44432553804610037,0.04406334450932345
random_baseline,108,0.4271417285055496,26.700717942390003,0.35006817989727435,0.3537744476864882,0.23711593444103185,0.19782972,27.096684,0.30239072,0.3105972,0.23516855,20233,0.2293120051473953,0.3959655598072622,0.04767745547672686,0.043177236563975374,0.0019473880028146873
random_baseline,102,0.5917920179825319,19.142166772330743,0.3076647124586483,0.32098961029635903,0.29168764240603373,0.2560727,27.185375,0.30448842,0.30994168,0.29291958,111415,0.33571931795888077,8.043208441292304,0.0031762919721980976,0.011047931057085958,0.0012319337620265713
random_baseline,109,0.8727462876834201,18.136866156036096,0.3398869312325596,0.34274878465104264,0.223382059423862,0.96223354,10.65801,0.17620383,0.18585497,0.35803276,65784,0.08948725571257599,7.478856626922326,0.16368309920226326,0.15689381324219864,0.13465070358044098
random_baseline,112,0.2702067439948175,23.773308446741655,0.2619770223669944,0.2700064439378206,0.316761198632395,0.11953876,23.177954,0.66743,0.67032707,0.19682221,134768,0.15066798231945966,0.5953547266488819,0.40545296124888086,0.4003206234373625,0.11993898748604032
random_baseline,113,0.6862305623231008,23.00004381259147,0.5446974035664998,0.5483975522739457,0.1972446681854533,0.91650623,7.1120553,0.46790993,0.47189492,0.1981455,1618,0.23027566850804548,15.887988510925211,0.07678747142996412,0.07650263240166177,0.0009008256795598191
random_baseline,116,0.9704433674457524,10.606621818324875,0.1898253885355857,0.22446650392289633,0.4972753573836177,0.9485913,11.611339,0.22809029,0.24676704,0.5080616,127274,0.021852075541302973,1.0047167970926054,0.038264897719297114,0.022300540144486486,0.010786230426898635
random_baseline,110,0.18358537491674526,25.019516190972055,0.21930513581764954,0.2331233100370851,0.4377364849225882,0.67912954,22.619465,0.33696523,0.33971024,0.20639324,77021,0.4955441660035123,2.4000513167044772,0.11766009726989013,0.10658692555861801,0.231343243040264
random_baseline,114,0.937634330406479,10.785850751051441,0.2951054452816187,0.30473778541607055,0.2868340864595073,0.5597202,22.602724,0.27822566,0.35036916,0.5864679,102678,0.3779141122248689,11.816873324265941,0.016879784957522015,0.045631369990881354,0.2996338352743489
random_baseline,111,0.9728213236122215,13.334167125999734,0.1793244782225322,0.19465995211026274,0.4694308804454519,0.8104544,10.749181,0.26448187,0.2722839,0.34195542,91847,0.16236689541626814,2.584986332237527,0.08515739409764297,0.07762395959475435,0.12747545709034935
random_baseline,118,0.48967329190713305,22.10580340169411,0.24936980267376785,0.25379432399461643,0.24420255902163035,0.95481944,9.069697,0.18998358,0.20126101,0.3852934,124114,0.46514614893454176,13.036106021628193,0.05938622613758926,0.052533310248354836,0.14109083530553335
random_baseline,115,0.954238664304691,11.464501478159562,0.344522082710153,0.35200674148267197,0.2597302488600486,0.95395523,15.153366,0.29831457,0.32274783,0.49964646,100814,0.00028343120761453733,3.6888646107076255,0.046207511329537765,0.02925891490643906,0.23991620618946619
random_baseline,117,0.011933801329778363,28.15404954679467,0.3906375629866719,0.41114858877907606,0.2728944686278033,0.8512997,17.14421,0.23024854,0.2371178,0.30796364,24292,0.8393659017914069,11.009838731364983,0.16038902234679459,0.1740307916427693,0.03506917086995365
random_baseline,121,0.4167338114990591,24.363586164000456,0.264544742419531,0.28398969503661153,0.4577355086004379,0.99406284,5.2553906,0.20289335,0.23949708,0.6908754,67798,0.577329029439509,19.10819551992697,0.061651395871450576,0.04449261459132192,0.2331399024331925
random_baseline,122,0.7277056506899946,15.720551721928011,0.2671820857909429,0.2726042700329653,0.24457600127926735,0.5330355,24.512684,0.58080995,0.5824037,0.1626165,91722,0.194670133951103,8.792132146480192,0.31362786503760937,0.30979944939223614,0.08195949506035713
random_baseline,119,0.8380052312013462,8.146432856561084,0.4202909493944546,0.4261222461807728,0.23052366609241381,0.7292272,15.352625,0.33287448,0.34990236,0.45254073,68315,0.10877804595201757,7.206192036627392,0.08741647248481715,0.07621988454937939,0.22201705937717542
random_baseline,120,0.31002019546606374,22.413722764055027,0.2375813402795298,0.31106400558960623,0.8226050671553744,0.6859267,22.776274,0.46233478,0.46717453,0.18751529,98069,0.37590648033044505,0.362550963361965,0.2247534416056173,0.15611052443969065,0.6350897785639895
random_baseline,125,0.24145792762453175,23.04259770446264,0.25797703648439685,0.26245692963187756,0.2716768962537073,0.11936989,25.506084,0.20436344,0.25969046,0.628498,66005,0.1220880408089838,2.463486737676032,0.05361360097757617,0.0027664660889393233,0.35682112153422607
random_baseline,123,0.9143300353457283,16.127241026293298,0.30309449858801657,0.31003750652842665,0.2834857721908581,0.8638806,14.797662,0.2344146,0.24700767,0.3999716,88491,0.05044946064251177,1.3295792449822628,0.06867989130156332,0.06302983851008559,0.11648583215637093
random_baseline,129,0.6871839157594918,21.515858034514313,0.3601873730725769,0.3717826942390385,0.37056850179077994,0.79903287,14.983558,0.27745393,0.28180128,0.2387503,103048,0.11184895119531169,6.532300333403473,0.08273344388670961,0.08998141087951089,0.1318182079398812
random_baseline,124,0.2082437833071689,29.752564639456946,0.3592461545219217,0.36020877096306886,0.1262713947905041,0.5930979,19.38417,0.37228206,0.47810468,0.57866937,128377,0.38485414187898837,10.368394107230383,0.013035903478642863,0.11789590981352721,0.45239797443022955
random_baseline,128,0.93264014047124,12.066201629779187,0.4954906922993585,0.502495661644683,0.25392591489431915,0.16135001,28.301107,0.37974232,0.3824067,0.2346681,5254,0.7712901286456785,16.234905776837024,0.11574836794709409,0.12008895006631382,0.019257809053636166
random_baseline,127,0.3869913216874194,24.58514308973535,0.7428394858668558,0.7458356350932345,0.1853237726844775,0.815457,19.4621,0.25892687,0.2634544,0.26724717,3661,0.42846566473988773,5.123044014417967,0.4839126174281351,0.4823812276396975,0.08192339752540714
random_baseline,126,0.8118670981120341,20.140961949143936,0.2992356107022824,0.3547249678081444,0.5712275814703248,0.91243213,16.227629,0.26331612,0.27107987,0.32694593,60871,0.10056503603942468,3.9133332412581936,0.0359194860246243,0.08364509972991258,0.2442816507509492
random_baseline,130,0.09652458251123049,15.041094627343554,0.24205379485839654,0.2615564333693545,0.4376903212395494,0.9764666,8.969985,0.17663778,0.22192945,0.6562025,41610,0.8799420136153259,6.071109619103808,0.06541601121181298,0.03962698750658444,0.21851217385856464
random_baseline,133,0.7146832865968054,21.094112630875184,0.24171011451025576,0.29584565596782325,0.573677280219295,0.66716266,21.724648,0.23176423,0.24029805,0.35671666,99376,0.04752062981274774,0.6305348910974722,0.00994588735838503,0.05554760830604194,0.21696061757395502
random_baseline,134,0.7235557264217206,17.753230611706044,0.3463199721928868,0.3499738658414438,0.1982578812225738,0.9083497,9.554885,0.26990777,0.28174427,0.3503315,17825,0.18479396639978207,8.198345701122548,0.07641219965184065,0.06822959432464387,0.15207360404888007
random_baseline,131,0.9349061064069356,4.880912933429613,0.2866167712490921,0.3081017594757674,0.3422462767324059,0.49949542,18.65179,0.21536367,0.2405355,0.49498078,43739,0.4354106895272817,13.770877685466871,0.07125310483387753,0.06756626181036213,0.15273450553802564
random_baseline,132,0.44958131552998143,21.612687709845233,0.24839437163563732,0.25224459518552317,0.19689658725634665,0.9611297,4.2591558,0.32463923,0.33303913,0.2031044,106331,0.5115484094494192,17.353531959570574,0.07624485933093067,0.0807945395553063,0.006207819338883452
random_baseline,136,0.08394572900649597,27.911560295619637,0.2409699253176167,0.24351486966793545,0.1688174638197891,0.7665359,19.221857,0.20338193,0.2209849,0.49562517,48891,0.6825901491749615,8.689703224696785,0.03758799949631239,0.022529963709759793,0.32680770426530914
random_baseline,135,0.769633526733724,22.32821976707,0.2906134807793856,0.29352892602429215,0.17676492646251815,0.6736085,23.783697,0.5372027,0.54148954,0.21574281,104515,0.0960250448497213,1.455477361225899,0.24658923509433267,0.24796061550631698,0.03897788509811265
random_baseline,140,0.7555194730285106,16.03551107970884,0.41084106875837373,0.4123513852696341,0.1580882781278888,0.34637225,28.02469,0.2612827,0.2771357,0.29447126,119733,0.4091472262862621,11.989179548342918,0.1495583565372281,0.1352156852822226,0.13638298575760924
random_baseline,141,0.1222047201895068,25.549457443657644,0.21915201441836235,0.23092125451057227,0.38818581642556055,0.3930655,25.216278,0.33799875,0.35717443,0.4834872,55846,0.2708607919908216,0.33317936748576926,0.11884673340726021,0.1262531718066427,0.09530137239051001
random_baseline,138,0.44541980319808006,22.165476796289216,0.3418340318020778,0.3479342657218694,0.2747161281959452,0.09075033,26.818455,0.26332998,0.26608127,0.18700095,25533,0.35466947400162696,4.652977946142425,0.07850404904450942,0.0818529921661138,0.08771518298548836
random_baseline,143,0.5254309491522673,23.86119469930538,0.278971904485367,0.28292536876148655,0.22914830554750862,0.52073383,22.369987,0.18364699,0.20918016,0.5864407,113506,0.004697115839279009,1.4912072115124104,0.0953249126364214,0.07374520740456059,0.3572923768636852
random_baseline,137,0.44571255668537185,21.832489937409573,0.32694471704134836,0.3913873592862368,0.7311338142515514,0.87290853,18.840435,0.17920546,0.20985526,0.48163995,29684,0.42719597593410447,2.992054909333401,0.14773925470480814,0.18153210082142357,0.2494938627840374
random_baseline,139,0.7987807298397174,19.684805138170834,0.37947729828281823,0.38531745488839264,0.28790881151031694,0.7681416,18.334352,0.8197346,0.8252538,0.1902688,20962,0.03063910252801083,1.350452644884701,0.4402572750814396,0.439936329768132,0.09764001184772692
random_baseline,142,0.12319518936642661,24.934559330223177,0.2100832430201186,0.21376541956812647,0.18101216540707504,0.13220209,27.442757,0.3016329,0.3157956,0.36197683,42954,0.009006899466428617,2.5081973226088543,0.09154966794675456,0.10203018084614965,0.18096466674433792
random_baseline,145,0.6078942696217622,22.38188517498196,0.2892713879864937,0.30394056549409454,0.37937395292088905,0.9027792,8.970675,0.25184458,0.278499,0.4988706,51254,0.2948849519129668,13.411209706537136,0.0374268030446297,0.025441558269057918,0.11949665826990685
random_baseline,149,0.7500971653940959,20.777776423946744,0.2879766106847824,0.29182785800809796,0.22518951506227058,0.79485834,15.779094,0.2263196,0.23980963,0.39517897,54183,0.044761171054573556,4.998682681576138,0.06165701451340333,0.052018225706767396,0.16998945861250359
random_baseline,147,0.9870707986612116,9.54674933489325,0.26135383683990393,0.3238269997737738,0.8315047705093765,0.53644776,21.155361,0.22251806,0.23083885,0.38375568,57139,0.45062303521821845,11.60861184064386,0.03883578020881567,0.09298814963320223,0.44774908661045076
random_baseline,146,0.9465524093024047,3.6470244012098973,0.2758474454879618,0.2836161325450074,0.22824423767922564,0.50012565,16.461933,0.23202096,0.23934329,0.28994894,18035,0.4464267627112182,12.81490873477643,0.04382648622988228,0.04427284698439948,0.06170470259787397
random_baseline,151,0.35586220626189125,24.636817808721784,0.2711166194388609,0.2766055769828416,0.2979137765381183,0.4973401,27.58751,0.5062406,0.5076567,0.15230675,42200,0.14147790666268456,2.950691346551654,0.2351239868691225,0.23105111647571552,0.14560702612136261
random_baseline,144,0.7663070295752247,19.804942498304392,0.19869618157634641,0.20603805677996254,0.3551965549417099,0.157177,29.427174,0.32874823,0.33604646,0.3037447,44350,0.6091300283373554,9.622231116197561,0.13005204458942507,0.13000840051068688,0.051451851410444616
random_baseline,148,0.43816119849136104,17.67779062590276,0.30439022480142147,0.30746786618525157,0.19009063105727056,0.6634564,18.851463,0.2600071,0.26329082,0.23805518,288,0.22529518187591802,1.173672691968335,0.04438311158311398,0.04417704367930064,0.04796455342625758
random_baseline,153,0.9462423367334235,9.090098571113877,0.3893771468055792,0.39528633913737343,0.2239923382305443,0.7470299,19.496372,0.22233842,0.24333227,0.50226736,119874,0.19921243618258122,10.406273651786513,0.1670387236726828,0.15195407232981728,0.27827502245671154
random_baseline,150,0.8887742974368822,17.893772755419015,0.21646139123986008,0.2227896457733921,0.31330099065502826,0.070121095,27.556084,0.96538943,0.96554184,0.038153097,17827,0.8186532028524172,9.662310923780204,0.7489280392830586,0.7427521938262173,0.2751478936215276
random_baseline,156,0.755988163958931,21.967274926133555,0.6993879753483537,0.700371365119821,0.11791253651820942,0.84594667,15.744453,0.39838147,0.42650217,0.5314537,52379,0.08995850561962127,6.222821495957774,0.3010065037144426,0.27386919694126266,0.41354119215763285
random_baseline,154,0.9752834182377007,3.302503045509546,0.495532512903273,0.5280675164076988,0.33924851304819886,0.2259466,22.633484,0.22624949,0.23233566,0.24709448,110298,0.7493368130321648,19.330980841209204,0.26928302669531096,0.2957318595263664,0.09215403086474244
random_baseline,159,0.9398117831165457,7.926501610326483,0.22432782799231482,0.23358372563226976,0.3413332027901606,0.8747653,5.966621,0.23841435,0.24276061,0.26273558,1502,0.06504650620767116,1.9598806882378597,0.014086519179468626,0.009176887928406818,0.07859762735261483
random_baseline,157,0.9612920418891685,6.249100844400687,0.2801522087724337,0.29139082139176387,0.3105241355815044,0.77376485,15.272466,0.4046297,0.41623184,0.3413217,68642,0.18752719318006206,9.023364861470895,0.1244774985639921,0.12484101945715886,0.030797571190346207
random_baseline,152,0.9797627103575933,7.531242554575975,0.30190249566136146,0.32417221894889336,0.4571363806015802,0.17702001,28.349092,0.28710875,0.28924185,0.1408743,50369,0.8027426970252264,20.817849928944533,0.0147937465101316,0.034930368572764214,0.3162620841748071
random_baseline,155,0.8484302551208979,14.058691258976587,0.4257346030300144,0.43063944179402214,0.21761778740339868,0.85445946,18.22089,0.25985387,0.30349293,0.42551678,1539,0.006029209429120441,4.162198786189428,0.16588073335342446,0.12714650828228813,0.2078989967877329
random_baseline,163,0.2774201518962664,22.59124343106632,0.39579989294467566,0.4043598212628881,0.2947949544193332,0.31125742,22.369558,0.26200303,0.36804664,0.71938926,1459,0.033837270074101033,0.2216850967157349,0.13379685859141943,0.03631317991309563,0.4245943053958829
random_baseline,164,0.9748123471558151,6.450656024026593,0.31069481600999316,0.31665998770114523,0.24112445474053912,0.4174658,19.837389,0.21155006,0.21506488,0.22330345,68069,0.5573465411484299,13.386732968282978,0.09914475907563647,0.10159510446902853,0.017821002606406733
random_baseline,158,0.5440713707721948,22.170784461222787,0.3088650844001599,0.31173094054191003,0.1819454484294748,0.1847325,24.587997,0.29889354,0.31951642,0.38287804,139498,0.35933887403376097,2.41721297530065,0.009971543302518926,0.007785479822469854,0.20093258687745574
random_baseline,162,0.20137584381286638,22.813358136654127,0.24201659615484128,0.24741398160267591,0.25468295337165153,0.9084822,17.564554,0.24044713,0.24926578,0.3240329,42803,0.707106350133972,5.248803922176588,0.0015694623753155224,0.0018517934818196302,0.0693499493459388
random_baseline,165,0.5355438051683374,25.672866297187262,0.3357724871989766,0.33743546838388144,0.15164033730579818,0.6306602,12.79828,0.32826695,0.34460637,0.3558489,46663,0.0951163711088232,12.874586534919196,0.0075055387374440286,0.007170901349928982,0.20420857111857926
random_baseline,161,0.027708325486249796,25.176813317722182,0.19944696121482697,0.20244314143403702,0.21505797972239954,0.9592159,5.5796895,0.26853508,0.27953848,0.30148184,43268,0.9315075539540578,19.597123815006118,0.06908811635704193,0.07709534099356002,0.0864238632722904
random_baseline,167,0.9021028256038317,10.477099346538417,0.2886690616956381,0.3107078427929053,0.43617035247408414,0.055500045,26.757128,0.36788923,0.3722383,0.20740405,23918,0.8466027801850924,16.280028415302404,0.07922016378730257,0.06153046539839413,0.22876630522333646
random_baseline,169,0.061283787448833275,29.009541747845656,0.8490321776363399,0.8494078519718853,0.07094259737171536,0.9512185,5.435145,0.31485316,0.35973653,0.40417278,88135,0.8899346983833811,23.57439684657002,0.5341790160629298,0.48967131999900015,0.33323018075786226
random_baseline,160,0.7388849191456077,17.57214821380343,0.21840901872637675,0.24195434329276388,0.46252320549932446,0.16614236,25.79963,0.49021357,0.5076604,0.3123826,127469,0.572742559769654,8.22748099762235,0.27180455425259664,0.2657060456537693,0.1501405968472096
random_baseline,166,0.908422531853295,14.884401524499388,0.1900818401422529,0.20287870085385407,0.3796990951206245,0.87527996,14.113092,0.21014732,0.23421419,0.47727737,102649,0.033142568836785014,0.7713091020140368,0.02006548108195974,0.03133548581454193,0.09757827318648915
random_baseline,168,0.492990255957371,23.37631256394531,0.23034355029108888,0.2792982562544939,0.5345054009023568,0.9634831,9.824373,0.22221565,0.23145387,0.34987503,129278,0.4704928392116964,13.55193931870605,0.00812789782526857,0.047844390487968624,0.18463036800059285
random_baseline,172,0.48576255220940484,24.785683679397625,0.3777748577286481,0.38234702219277195,0.26576463924741495,0.6105009,23.13431,0.55489653,0.56111866,0.22003186,127898,0.12473831992575751,1.6513739107208671,0.1771216757605792,0.17877164016455838,0.045732781756875396
random_baseline,170,0.9316931581539535,11.555628353842273,0.2828118453813354,0.28996506878199485,0.3398097624831219,0.17418015,27.298477,0.34834108,0.3515214,0.19718997,83412,0.75751300812191,15.74284881900929,0.06552923218481144,0.06155633381543252,0.14261979067850306
random_baseline,171,0.9621415720580342,11.430572712595357,0.46969560622080564,0.478081469381884,0.36391985673225985,0.26585367,28.249697,0.40244472,0.4884497,0.5374531,95843,0.6962878988383534,16.819124018972026,0.06725088595255613,0.010368223344251248,0.17353325825415983
random_baseline,175,0.32535242511638773,18.679989162981407,0.2951103205937294,0.29767687279237154,0.1732589989245382,0.4368854,27.196178,0.28598428,0.30417836,0.3518146,62291,0.11153296158901083,8.51618927329789,0.009126042868509654,0.006501484331957075,0.17855559892053932
random_baseline,178,0.9480053051257741,12.37678435309089,0.24496924683546017,0.26651217771510577,0.532577176130805,0.15072244,28.104229,0.29563823,0.3006917,0.21228768,42254,0.7972828610683095,15.727444620297781,0.05066898658777286,0.034179516306119206,0.3202894968161917
random_baseline,176,0.1822967426354038,25.250111741830704,0.32081817674936347,0.3270218538230997,0.20131184162123256,0.9371833,4.2727866,0.37492657,0.3836945,0.28719553,59051,0.7548865778869045,20.97732512455165,0.05410839032827325,0.05667264590796417,0.08588369189279027
random_baseline,173,0.17556986654136866,21.762745194312846,0.2584165216983274,0.26643825345856337,0.23886170230209355,0.6201903,22.282326,0.27630904,0.28633088,0.39370427,131660,0.44462045585777077,0.5195805503160607,0.0178925214706942,0.019892625276025255,0.1548425630539703
random_baseline,181,0.6681929238149038,23.9809999542433,0.3431229410868449,0.34444851317241254,0.15087797867696445,0.9761339,12.398172,0.26405317,0.26692203,0.19055498,67014,0.30794095918451636,11.58282757570326,0.0790697751742167,0.07752648629977765,0.03967699778635342
random_baseline,177,0.7997780149699413,18.127429614408953,0.3135040851597757,0.319924155456128,0.30254882054754745,0.3774842,25.969688,0.8260946,0.82788026,0.13646677,11502,0.42229381258499255,7.8422588011183905,0.5125905422205954,0.5079561078724242,0.1660820491833354
random_baseline,174,0.9348904441885362,4.861209559920837,0.29318614672032023,0.32700342962415596,0.446664012681952,0.920569,5.976424,0.45569226,0.46005416,0.15364957,116898,0.014321441560209758,1.1152146573032837,0.162506114737123,0.13305072954027275,0.29301444412421274
random_baseline,182,0.8908815678043411,5.7542549301116,0.34413323070900015,0.36945361180220293,0.2975508713750277,0.98323125,7.293705,0.18892466,0.20418373,0.38552797,99602,0.0923496786670639,1.539450056460666,0.15520857539073996,0.16526988429938005,0.08797709703164952
random_baseline,185,0.395817287173826,23.55075238424465,0.2810832636774697,0.285484208909447,0.230333696241658,0.17347693,23.181128,0.24559449,0.3122152,0.71904093,67410,0.22234035274084263,0.3696248360268761,0.035488777083269585,0.026731000097816204,0.4887072340294907
random_baseline,179,0.6002120729375998,21.244847890095286,0.24462557375363067,0.24817057892146574,0.23798251623460548,0.9381767,2.7796597,0.34425157,0.36166787,0.32354036,46132,0.3379646185945352,18.465188142017894,0.09962599933215424,0.11349729255375399,0.08555784350088341
random_baseline,180,0.4329530457035455,26.450091930797505,0.35495262062867694,0.35891199579496064,0.19989762173692033,0.37032053,26.036715,0.31001493,0.32229596,0.3179883,51618,0.06263251695789424,0.4133773769644975,0.044937687280974914,0.03661603203076996,0.11809068454703048
random_baseline,186,0.39131056049510926,17.773777892194417,0.25205586483533676,0.2539086451276851,0.15567674369487064,0.40926892,23.096407,0.22079779,0.23269965,0.39379376,57821,0.0179583551581195,5.322629044451091,0.03125807275827225,0.02120899758187056,0.23811701803532345
random_baseline,189,0.19197091503337604,29.658493556475644,0.4718141706063641,0.477679685855429,0.24608530546117555,0.6421041,24.806776,0.38167205,0.3842057,0.19629765,122404,0.4501331742267253,4.8517175097227145,0.09014211607717404,0.09347398688844905,0.04978765989232789
random_baseline,183,0.6774065160594878,19.502470669324502,0.21375779869869768,0.24126769386647162,0.5162070754060684,0.97444177,9.519079,0.24165972,0.26373178,0.49248752,67695,0.29703525067940384,9.983391460950479,0.027901917072977428,0.022464083801527646,0.023719555426591432
random_baseline,184,0.16695336328632038,29.368866734706756,0.3076920808766035,0.3127837656109274,0.2236829579731042,0.67017376,21.726582,0.42676258,0.42880788,0.18695776,41623,0.5032204009425004,7.642285161220428,0.11907049999497854,0.11602411884379976,0.03672519632778712
random_baseline,187,0.1367693041118182,23.24236764271908,0.21527449251399444,0.22102795710706907,0.2674185176042829,0.87789935,11.328646,0.2570406,0.25945377,0.17801166,5920,0.7411300446239911,11.913721936542323,0.04176609753384186,0.03842581639146608,0.0894068617967878
random_baseline,192,0.3477673190543519,23.00465204846978,0.2609661355260707,0.2834227290979168,0.3670277356592904,0.91231287,12.093957,0.23634078,0.2517658,0.3823296,4980,0.5645455462029113,10.91069510114312,0.0246253594402171,0.03165694149644588,0.015301877311061751
random_baseline,191,0.5611287150639286,22.977921873605872,0.22625316915092245,0.24592247535711723,0.4806315689023952,0.09353386,23.870848,0.21282002,0.22480519,0.39727622,61615,0.46759485640704535,0.8929258284204948,0.013433145852658895,0.021117284197868874,0.08335534619655416
random_baseline,194,0.3884202359363378,26.13705454329295,0.29741932006948973,0.30365138605434633,0.32242464009816096,0.21902457,28.33867,0.8564889,0.85750955,0.09974089,49295,0.16939566714017995,2.2016161872978692,0.5590695634258411,0.5538581673781182,0.22268374744946406
random_baseline,190,0.22028410615427754,22.910273782627833,0.7060555106973243,0.7068833651702758,0.0941652007327042,0.42721227,25.1097,0.76693326,0.7684736,0.11646682,125615,0.20692816195981242,2.1994254666397453,0.06087775165085074,0.061590260012829634,0.02230161950731656
random_baseline,193,0.04315304215019931,31.381411948135753,0.8341434190569448,0.8350919163254481,0.10772444230388015,0.9666059,11.439846,0.36922804,0.3845366,0.4353785,100008,0.9234528595679403,19.941565909317394,0.46491538384538167,0.45055532217299754,0.3276540495746294
random_baseline,188,0.18738012446532465,25.380932904566254,0.25540520064515254,0.26273005026321206,0.2465054002590247,0.4099868,25.91455,0.54621243,0.5467785,0.09397277,70264,0.22260666952957892,0.5336178766837456,0.2908072341235242,0.2840484498168966,0.15253262789917668
random_baseline,197,0.5344605754802934,16.641160755237145,0.2310548470214482,0.26198189976453484,0.4449879016425862,0.18479988,24.577337,0.6083756,0.6118201,0.20934775,53983,0.34966069569094094,7.936176509777503,0.37732076189960284,0.34983820197344123,0.23564014692571306
random_baseline,198,0.9521961591435739,10.655946906373984,0.2102801865866953,0.22383682461390342,0.4375132735821894,0.5756875,24.135557,0.27257717,0.2769333,0.21184646,92812,0.37650863148701874,13.479610268308633,0.0622969799706167,0.05309648780217324,0.22566681765052587
random_baseline,199,0.5057986122188066,20.252302470256545,0.44902252426107236,0.4505244366171911,0.1328010169633914,0.7944265,16.446856,0.2887997,0.30435038,0.35470855,136517,0.2886278885784651,3.8054469252125998,0.16022282113988706,0.1461740604880407,0.22190753539714328
random_baseline,203,0.3620689802771629,24.731799576268664,0.21972983552189077,0.22310107817399427,0.17709355076535002,0.84077525,14.30075,0.21515587,0.22222431,0.30185437,73404,0.4787062711113869,10.431049797521105,0.004573965799524432,0.0008767681335203337,0.12476082125918611
random_baseline,200,0.11215452755651598,25.873818017084442,0.22183760448883624,0.2297904994556585,0.2569863855283219,0.91785604,4.7940564,0.28115964,0.2912199,0.3271654,76666,0.8057015100602137,21.07976160152658,0.059322034869684265,0.06142939066198677,0.07017900949311667
random_baseline,204,0.5122206363181132,24.64174123151493,0.3462775117685823,0.3479931239033351,0.14047508805789202,0.38218084,19.519865,0.4165194,0.46556637,0.37398532,93290,0.1300397965411204,5.121876195504189,0.07024189168905931,0.11757324300759936,0.23351023227177412
random_baseline,196,0.5489852023484967,25.979660768561263,0.60628062841074,0.6091604398673617,0.22843073221037827,0.5333079,24.617947,0.33726513,0.3399275,0.19957608,24276,0.015677292382981545,1.3617141438054041,0.269015494553013,0.26923294534145226,0.0288546523649498
random_baseline,205,0.8692875983066698,10.507105186112746,0.28711002581828904,0.29970049722174746,0.3421581136912655,0.4991929,19.237764,0.42686492,0.42910475,0.15040667,60388,0.37009470480157336,8.730659172407762,0.13975489622837234,0.12940424816628354,0.1917514401406597
random_baseline,202,0.9765077559651286,9.359378711856536,0.280100771877664,0.2852417992758904,0.2459545408042742,0.28820732,19.60513,0.2335871,0.23656078,0.22775514,117461,0.6883004336060435,10.245750530086823,0.04651367077578872,0.04868102244617084,0.018199396565802217
random_baseline,201,0.07510494645180395,27.101541712340264,0.27822904180259855,0.2834189611339874,0.234503873644049,0.031251553,24.826643,0.29425612,0.3056174,0.28451583,79555,0.04385339300574949,2.2748987222279595,0.01602707911758272,0.022198430929153468,0.050011954250161805
random_baseline,195,0.3738680906781545,22.427931233119768,0.34373618040110193,0.35225255617743956,0.22942894739928035,0.95940125,16.17942,0.33367944,0.33721516,0.24706848,82382,0.5855331592074046,6.248510761928362,0.01005674276377283,0.015037400814356672,0.017639532257892804
random_baseline,207,0.9824587597494265,5.41416584355666,0.23262036788421434,0.2461032273563605,0.4014435205016368,0.6337114,18.721075,0.5062929,0.5074835,0.11481538,137789,0.34874736210156887,13.306909214426739,0.27367251169723705,0.26138025500447937,0.286628143802666
random_baseline,206,0.9479515042408144,6.164975083713742,0.37890013438797954,0.3870146087795045,0.23983973904542769,0.5038399,15.150395,0.34107965,0.3478903,0.26401186,138453,0.44411159421044943,8.98542030965784,0.03782048207856181,0.03912432114179393,0.024172120848371142
random_baseline,212,0.9607216336852812,8.805716904486466,0.24827719213186805,0.26076769519834253,0.34840229307610215,0.922102,12.47795,0.25534257,0.26792622,0.3647414,74392,0.0386196591979765,3.6722331916439046,0.007065380795606924,0.007158520927145751,0.016339121709282978
random_baseline,213,0.8627844930681968,17.004617511868787,0.2104239024651958,0.2139650328743995,0.21126554871793923,0.9525448,9.497598,0.669496,0.6802452,0.2390646,27582,0.08976031531955952,7.507019817471814,0.459072097347884,0.46628018778676383,0.027799055326021338
random_baseline,208,0.10721197567364468,28.21807641720537,0.26459631513666476,0.28036408399930746,0.3071529343737852,0.5218997,24.327305,0.22080491,0.23131151,0.3985246,73576,0.4146877244911502,3.89077157711748,0.04379140030454959,0.049052569025667014,0.09137167781455402
random_baseline,210,0.48929723255979884,22.82830484023958,0.2543206163035881,0.2608482757166592,0.28892420899452914,0.09494855,25.680159,0.2657775,0.2686766,0.18744282,131957,0.3943486800109135,2.851853774872726,0.011456882180069738,0.007828333084228867,0.10148138475002993
random_baseline,209,0.9698045956889155,6.133048523343518,0.22086635334093785,0.23767194975634656,0.3457381173126562,0.96925884,9.788651,0.29172635,0.30962852,0.3831538,65699,0.0005457508364680175,3.6556029430261106,0.07085999744336391,0.0719565666792766,0.0374156788833277
random_baseline,211,0.5887530242770646,21.314919078235416,0.2297664716738692,0.24219627481643433,0.3972663628829767,0.09700054,29.897211,0.5346303,0.5360146,0.13757811,56838,0.4917524849742386,8.582291996593685,0.30486382694063274,0.29381834167297605,0.2596882480157663
random_baseline,215,0.2501456533875307,30.10531319141741,0.32705328323806004,0.3308717538186632,0.22912572531475214,0.98219115,6.200924,0.6923044,0.7000263,0.18214685,118498,0.7320454920325438,23.904389271739674,0.36525108954941554,0.3691545199087538,0.04697887806667475
random_baseline,218,0.8997828965129571,12.395857725528415,0.2532167037883881,0.26276918547361044,0.4242322140786506,0.6954102,23.035995,0.61984855,0.6221708,0.18806607,58244,0.2043727045001702,10.640137757870022,0.3666318455776092,0.35940162045748086,0.2361661487672187
random_baseline,219,0.7369126130909814,19.812165898070926,0.22746850264581447,0.2364941102637163,0.3741026957636376,0.66224164,24.630816,0.29796034,0.30647868,0.33943483,22477,0.07467097538422485,4.818649607910519,0.07049183833090061,0.06998456891642896,0.03466786342911915
random_baseline,214,0.9787581743064778,2.9726843832305363,0.328685113522754,0.36880971952832786,0.5117760553533236,0.022575999,26.11699,0.28480977,0.29009497,0.22421275,39616,0.9561821756276744,23.14430475251165,0.043875345322833326,0.07871474787152855,0.28756330456082024
random_baseline,217,0.6646559756288584,22.306615464414488,0.3357084003911137,0.34630304819904106,0.3567329742188999,0.31246853,18.686245,0.22260462,0.23056856,0.30568507,124660,0.35218744688129977,3.6203704998148787,0.1131037829146504,0.11573449022136467,0.051047901081616553
random_baseline,216,0.978544796918033,7.603652151237661,0.2608247835627226,0.2718285602802455,0.4146395790948876,0.89664364,15.457788,0.41100755,0.41481394,0.19530971,3750,0.08190115830719313,7.854136316169566,0.15018276977628192,0.14298537547643786,0.21932986561203083
random_baseline,222,0.5104488804261602,22.788960512714446,0.7880448967312389,0.7887949477346818,0.0840356378973537,0.47545728,19.119091,0.3490778,0.35220948,0.17081214,51030,0.03499159955190789,3.6698694787788995,0.4389671057556682,0.43658546911796736,0.08677650697817273
random_baseline,220,0.1819638066095209,28.483802591136804,0.3370078751129766,0.34509183260129717,0.25957795913038734,0.33128765,20.73046,0.29129928,0.33917317,0.49903515,22625,0.1493238456445837,7.753343377879968,0.0457085916084905,0.005918664657342698,0.23945719068231103
random_baseline,224,0.14196657392656434,24.703644434011416,0.28535962403084114,0.2865942545582742,0.13143340359551062,0.83115256,17.963335,0.24856496,0.2796273,0.6282146,43252,0.6891859844001569,6.7403093967799705,0.036794665458453446,0.0069669612099618194,0.4967811941065158
random_baseline,225,0.8940924029037257,15.670130014782735,0.31913966564670965,0.32742354607637725,0.31005337041377046,0.7710879,11.999344,0.26896265,0.28558514,0.39653227,122611,0.12300451800077161,3.670786142712423,0.050177014155544486,0.041838410854895924,0.08647889691830657
random_baseline,226,0.4691555442034204,26.73851224318886,0.37811660551421733,0.38133351072664995,0.21072183579162698,0.08373386,21.750286,0.23191199,0.23914018,0.2567246,100627,0.3854216875254114,4.988226140893939,0.1462046184479484,0.14219332799311418,0.04600276023193259
random_baseline,221,0.8474121727880238,20.730452282044762,0.22450771356425242,0.23337299186795013,0.33260510600003873,0.22036391,28.427147,0.23846011,0.2458106,0.26518774,35316,0.6270482578214406,7.696694629576331,0.013952395073557333,0.012437606267044377,0.067417365674111
random_baseline,227,0.8013699687064132,22.125326347530454,0.40648813527470906,0.40994009177780727,0.2618368677487899,0.39124614,25.54052,0.59793234,0.60088986,0.16352816,2721,0.41012382870320885,3.415193366825015,0.19144420343989055,0.19094976980590245,0.09830870848804008
random_baseline,230,0.32418144315604525,31.301859783838125,0.5263957008820025,0.5277739563710013,0.1173102858624306,0.13931303,23.992552,0.290519,0.299823,0.2844439,62517,0.18486841589335756,7.309307980249258,0.23587670178227105,0.22795097024505528,0.16713362902785872
random_baseline,232,0.9162617037280382,10.82770980994323,0.22948916961749516,0.2385270675143317,0.28417821906105917,0.29394087,21.852108,0.2483825,0.25417295,0.24930929,91418,0.6223208317740739,11.024398191765755,0.018893324236073872,0.015645883468715788,0.03486893258587759
random_baseline,223,0.03569162571651857,26.089775722880496,0.20426391619329207,0.24627665292412787,0.466602597011311,0.9441092,7.9127345,0.2731104,0.30915132,0.4763951,1072,0.9084175757147559,18.177041214366092,0.06884647351618059,0.06287466872542352,0.0097925033438373
random_baseline,228,0.37708795930490696,25.668625542795585,0.22006061570411722,0.23136903839147854,0.3546483294871327,0.07997736,25.063278,0.37589064,0.37932542,0.18083556,24569,0.29711059595689976,0.6053473445533974,0.15583002670043905,0.1479563812729044,0.17381276952295271
random_baseline,234,0.07946479981124016,26.159564018599802,0.18360096242965804,0.20581206221542217,0.5133297735518146,0.4917091,27.438684,0.42513898,0.42835578,0.24036537,91789,0.41224431330979255,1.2791204449011744,0.24153801772056474,0.22254372100868366,0.2729644024437595
random_baseline,231,0.5076772185998437,27.12504734542171,0.5000502000764706,0.5010017566355499,0.13494389484403502,0.6362742,20.406773,0.261379,0.2719739,0.33112547,17066,0.12859699995942142,6.718274731896319,0.23867119655169033,0.22902784868800963,0.19618157317163576
random_baseline,229,0.5884438521322366,17.12860763541262,0.352566759361832,0.3594163889315472,0.3089624394646889,0.07289079,28.077456,0.38031256,0.3924869,0.29339442,41521,0.5155530638155099,10.948847885217262,0.02774580262699855,0.03307051115962406,0.015568022894025424
random_baseline,237,0.6758696225722699,17.8378276426824,0.3090068132008923,0.3115692185696109,0.20408720625730054,0.5405529,22.52343,0.34466538,0.38059124,0.35471535,28223,0.13531670842966126,4.68560222792307,0.03565856513124577,0.06902202493586701,0.15062814103273853
random_baseline,239,0.8744744279143395,16.808869447827362,0.21169294564673213,0.21850384360485514,0.3526158252857231,0.44862574,26.42577,0.6325838,0.6380062,0.24677007,105157,0.42584868452520985,9.61690035808084,0.4208908513312647,0.4195023667222933,0.10584575628261794
random_baseline,238,0.31992118195521885,18.48802733218772,0.2109442974490599,0.21413365376086554,0.23460875635873946,0.14918949,25.68636,0.2929502,0.30875295,0.43659955,78181,0.17073169485557133,7.198332073329858,0.08200591550641495,0.09461930024532952,0.20199079627263872
random_baseline,236,0.9465473387333752,5.580040793706388,0.25222870952030074,0.26854763634378265,0.3937087780445467,0.044724163,23.031775,0.21503708,0.22414741,0.28810146,70948,0.9018231760653854,17.451733727167635,0.03719163185497176,0.04440022714311431,0.10560731353458269
random_baseline,235,0.738184526235827,14.475924678883466,0.2451716958635374,0.25040871816310273,0.25984220277867864,0.91147655,15.363368,0.19837642,0.24767542,0.8043472,13028,0.1732920262505927,0.8874433554793271,0.046795278703503224,0.0027332993093429625,0.5445050143042987
random_baseline,233,0.9459232892732319,5.082761454163986,0.27497967455409855,0.3290366890417308,0.5957270873787652,0.16406295,30.972347,0.4185848,0.42051584,0.16478589,32688,0.7818603422383961,25.8895858053575,0.1436051192519775,0.09147914624345599,0.4309411956074487
random_baseline,240,0.6538060760016907,18.36613583060861,0.2302549166933603,0.23327506243437623,0.22348813686297153,0.079751275,24.599041,0.22688648,0.22869721,0.17098586,108248,0.5740548005218972,6.2329051544988125,0.003368435646683654,0.004577851884068007,0.05250227425024723
random_baseline,242,0.33898722127056613,27.854733757949333,0.42550201476021277,0.4577391876019329,0.4148539153830234,0.5976879,22.338085,0.2626575,0.3146407,0.52752966,8463,0.2587006787958096,5.516648583388786,0.16284452140732275,0.14309848678482473,0.11267574150403104
random_baseline,243,0.7910951000889145,18.38628278776141,0.48909778386314334,0.4924172008303986,0.22607219321652722,0.9736238,12.105621,0.29644313,0.31168774,0.4676204,100731,0.18252871210972443,6.2806614498707845,0.19265464931686344,0.18072946312707522,0.24154820935801197
random_baseline,246,0.1731302165482862,26.21560110062742,0.21237903976201888,0.21529009725172096,0.19368943696110236,0.81628245,17.2654,0.1774206,0.19805776,0.61438125,99304,0.6431522346045153,8.950201167766092,0.034958438513277734,0.017232341423817216,0.4206918167582275
random_baseline,241,0.7503204477978404,11.694099336191591,0.3883104957335613,0.3986573240131117,0.2979123338531278,0.9245767,9.835166,0.29755396,0.32644728,0.38868377,103589,0.17425625193589378,1.8589333587135641,0.09075653922492483,0.07221004575192702,0.09077143227350487
random_baseline,245,0.9640090598716129,6.770838054029589,0.27458683118117716,0.294316052264642,0.4332984135500384,0.96457726,11.064753,0.20988674,0.22788495,0.4876974,125001,0.0005681977615963341,4.293914524705762,0.06470008656276133,0.06643110401101043,0.054398979152064264
random_baseline,244,0.0588311729238306,24.839282695360744,0.4143677714119275,0.42577949596511777,0.31468397604191756,0.97604,4.076639,0.2797953,0.32368872,0.56989783,16512,0.9172088327600684,20.762643519945705,0.13457248237231567,0.10209078026878293,0.25521385444438005
random_baseline,248,0.6940450542289932,23.56201529734713,0.2274532247984047,0.2384300282739762,0.36482258276083757,0.5286346,21.211502,0.22244284,0.25232762,0.56189287,135254,0.16541044643709257,2.350513222151818,0.005010389229022999,0.013897592709147588,0.1970702843274803
random_baseline,250,0.30238423449515744,19.74523480477497,0.2793070772997693,0.2808651515115927,0.15689023422724704,0.59944224,22.630375,0.2234351,0.23458858,0.3840917,43095,0.29705800908089236,2.8851401036722955,0.05587197340648925,0.046276573168201274,0.2272014708566
random_baseline,249,0.8952489896465462,10.814813655958744,0.22841250784391973,0.2367483081517305,0.2644676074549681,0.34231502,25.90376,0.25250646,0.2626259,0.3366831,31376,0.5529339714695137,15.088947254075435,0.024093956875852612,0.02587759473942855,0.07221548704652725
random_baseline,247,0.03425141138820665,29.995532815337132,0.485977639249065,0.48794994873281083,0.17054052980215859,0.8557076,14.390379,0.30840245,0.37506026,0.5678094,59368,0.8214561744234083,15.605153863310765,0.17757519035647162,0.11288968843694291,0.39726887314049886
random_baseline,252,0.9231148615012118,12.93858470235378,0.38462009657085433,0.3881666757440463,0.20405126506500107,0.8442917,12.085671,0.24455297,0.26482847,0.3846271,54985,0.07882317448949305,0.8529132774880566,0.14006712663829818,0.12333820241450222,0.18057583874054092
random_baseline,251,0.5927342525334626,22.461341665336455,0.22667015603073284,0.2535240743704996,0.49784967372443323,0.503693,22.85769,0.29215786,0.295182,0.21559742,94578,0.08904126795246892,0.3963491458207713,0.06548770257942035,0.041657915299300186,0.2822522527935708
random_baseline,254,0.982200315749449,4.039913105003528,0.2599499049184753,0.28086398696593995,0.3504415785214356,0.7968547,18.645573,0.49175027,0.4992052,0.25957227,14240,0.1853456409333174,14.605659557349988,0.23180036520977482,0.2183412148983026,0.09086931098908696
random_baseline,258,0.1500439912746196,17.678385285538745,0.31124698841522314,0.33131903124471435,0.35769014925769504,0.9824236,9.724348,0.21044233,0.23029381,0.51846653,33477,0.8323796122600788,7.95403721730144,0.1008046540016947,0.10102522087713012,0.16077638297268215
random_baseline,253,0.4836208064860659,26.025156658679155,0.41129706909211694,0.42868664952100044,0.4116170766074998,0.72779435,16.673859,0.25857168,0.26630026,0.3865754,13421,0.24417354270750707,9.35129801610103,0.1527253847316128,0.16238638850034004,0.025041675778184613
random_baseline,255,0.37256277330707993,20.637675513622412,0.21668925150624502,0.2516824976378772,0.6221533530339041,0.7083659,18.70371,0.24550048,0.26725075,0.51385146,48132,0.3358031438987306,1.9339649575921385,0.028811223661983132,0.015568248850693966,0.10830188923919581
random_baseline,261,0.5085282183325667,23.7964153111393,0.20930221532488705,0.24791375992253667,0.574218174712649,0.8585684,14.2007885,0.25513637,0.29645187,0.52818686,91841,0.35004015200968797,9.595626813214494,0.045834155333987464,0.04853810670420283,0.04603131701230112
random_baseline,259,0.12331543800747574,25.63708655335643,0.20140469994998492,0.2237526869308477,0.4501160651120869,0.9172222,11.376332,0.21989527,0.29873827,0.8243051,52426,0.7939067638167125,14.26075427033641,0.018490573497051827,0.07498558406715339,0.37418905201819264
random_baseline,260,0.9130403190931836,12.390353239143742,0.24001564430245642,0.2454726092739582,0.2866407012628814,0.5971405,24.50838,0.32135475,0.32503062,0.2820252,38779,0.31589982808442507,12.118027650748836,0.08133910251608606,0.0795580155925274,0.004615513055255038
random_baseline,256,0.9558984454009674,7.574515360688174,0.22748342524422965,0.24029025841748763,0.3888737928488511,0.9134295,13.021815,0.21295598,0.23470072,0.5485922,57668,0.042468946728482004,5.447299939299619,0.014527443751233438,0.0055895339349513185,0.1597184169671279
random_baseline,257,0.5079076309912082,24.934457474341254,0.26774700771196286,0.2806422428824206,0.3561712537199976,0.5782253,22.619211,0.30117878,0.30450645,0.2280414,36940,0.07031768362594881,2.3152462774418403,0.03343177546636661,0.023864208009074128,0.12812985817499178
random_baseline,264,0.9493729991633613,11.07599806836923,0.4402827308713561,0.46159643140426093,0.4430738292522223,0.052459534,28.339094,0.3252173,0.33479056,0.25707704,39532,0.8969134649057109,17.263096093618074,0.11506542425743399,0.12680587378135139,0.18599679096410582
random_baseline,265,0.4865988921740131,23.827066654879612,0.22063195708594643,0.22428834157868588,0.23152495225458047,0.87256724,11.510583,0.26516834,0.28399855,0.28436866,31062,0.38596834424947934,12.316483730990452,0.04453638192810691,0.05971020740584171,0.0528437117716799
random_baseline,266,0.19710535456402184,23.604964244441117,0.3196782424427681,0.3699931510026762,0.6085512377653258,0.29948872,24.913795,0.44163948,0.4461289,0.2384472,50183,0.10238336871402381,1.3088312267502893,0.121961240532238,0.07613575381681231,0.37010403353310994
random_baseline,267,0.07486897925705889,24.0467737656478,0.23499135268524365,0.2593141992973496,0.34409477317954423,0.7044345,22.294357,0.26164585,0.26541677,0.22317527,36167,0.6295655347886564,1.7524164658431118,0.026654500834196043,0.0061025718761275605,0.12091950083400133
random_baseline,262,0.7931227377243847,17.97529539437742,0.26567899379653764,0.2899371287381134,0.4242363731964829,0.020702537,28.997772,0.7701232,0.7711211,0.13712277,24873,0.7724202005751938,11.022476822419456,0.5044441899307268,0.4811839559519806,0.2871136080130341
random_baseline,271,0.1046389382425647,23.746614838539735,0.20070258118363168,0.2110381173774471,0.3265623875990001,0.9666776,11.373203,0.18051122,0.19229783,0.42983165,3600,0.8620386678632397,12.373411560951844,0.02019135989399698,0.018740286199735612,0.1032692662343892
random_baseline,268,0.9027857422363629,15.108542178016975,0.226501402780114,0.24683318563307002,0.38979184940058076,0.6832746,17.090548,0.26792148,0.2834196,0.40337574,8665,0.21951111550449032,1.9820053836285325,0.041420074776114646,0.036586423436754195,0.013583895419060354
random_baseline,263,0.4941463834316211,25.224141293496544,0.5054466852875771,0.5082408574714691,0.1827019486532358,0.8966085,12.671608,0.39034554,0.4013261,0.36303815,51934,0.40246208843880127,12.552533322305138,0.1151011416646065,0.10691476737404171,0.18033620380304777
random_baseline,269,0.8057130986776831,19.90627070586593,0.2725289693269192,0.28327834374364574,0.3538389102376813,0.17031556,21.382309,0.22443794,0.25195977,0.3877402,76263,0.6353975349989417,1.476038254095009,0.04809103218645444,0.03131857282575329,0.033901284559834544
random_baseline,275,0.36430734304589496,16.255545854592178,0.263847591122789,0.2730989764514178,0.33291486149514604,0.50767136,22.754032,0.21536247,0.23122686,0.39781028,75375,0.14336401315527691,6.498486280417588,0.04848511680046996,0.04187211497451959,0.06489541882788252
random_baseline,276,0.5497638025771414,23.623972102134157,0.30542623228624494,0.3161766250612589,0.35322124654919346,0.87499845,7.6722603,0.26142305,0.29634565,0.42765832,72147,0.3252346477020944,15.95171181771033,0.04400318092897565,0.01983097391150912,0.07443707292407314
random_baseline,274,0.5450421856468324,24.738356714087757,0.3741684246532105,0.38272103521282125,0.21460413421442837,0.98767126,4.3296614,0.2382341,0.27962372,0.5912923,40472,0.4426290704185363,20.408695344764027,0.13593432192722782,0.1030973181431954,0.37668818746754795
random_baseline,270,0.47123268451141914,27.622028396302344,0.31860597924648276,0.32519582973640715,0.2650473224575272,0.9905427,8.425476,0.24991564,0.26711765,0.4856078,35307,0.5193100253160039,19.196552322083594,0.06869033472000113,0.05807818041961943,0.2205604804103622
random_baseline,273,0.8848798201492122,16.55103934425371,0.268662780261906,0.27200989290594435,0.20603250542662946,0.4112961,26.475035,0.37116262,0.3724164,0.13212761,4726,0.47358372072485,9.923995369491408,0.10249984290513198,0.10040651396394396,0.07390489259742108
random_baseline,278,0.6634563976243719,18.85146379134645,0.2600071044919886,0.2632908098845796,0.2380551881129907,0.3403389,24.13241,0.24628319,0.26130217,0.47656867,54225,0.32311751184022275,5.280946258092026,0.01372391602973122,0.001988636746914796,0.23851348096774355
random_baseline,272,0.6374269197652074,24.4587690853535,0.22509550524518168,0.2365026395898523,0.305694659906009,0.34110647,26.640862,0.27078304,0.32109302,0.48733088,22106,0.29632044536564073,2.18209242587697,0.045687531702068684,0.08459038323348145,0.18163622383536976
random_baseline,281,0.48516051263767257,25.140384415058243,0.7758635118526618,0.7772050387769549,0.13699990979037152,0.9785827,6.7831244,0.31473753,0.3415968,0.48362392,33040,0.49342216758769974,18.357259968189346,0.461125983290116,0.4356082267671435,0.3466240120808138
random_baseline,279,0.9416369260192656,8.534890462721293,0.2955475240838632,0.3168103318108634,0.4867740595317947,0.87947303,20.354042,0.41001642,0.41278175,0.20789205,113564,0.06216389545209644,11.819151590501363,0.11446889341949373,0.09597141338452542,0.2788820141531097
random_baseline,284,0.8159139830968959,17.63994603871609,0.20095404614255385,0.2173615192360688,0.3747470205051275,0.94863003,3.9497595,0.38458106,0.39139143,0.23233356,64595,0.13271605182665758,13.690186555378688,0.18362701307489915,0.17402990708877555,0.14241346468752342
random_baseline,283,0.3818440717264082,23.351200289422188,0.3174421822228864,0.3269029492320701,0.34555457096964837,0.9169395,4.2195415,0.29325196,0.32434544,0.4232211,28013,0.5350954252676103,19.13165873973957,0.024190220753236125,0.002557509559599991,0.07766654032795905
random_baseline,277,0.060882368831245835,26.495126097588823,0.22409943081750613,0.25238030381758053,0.39278323908765567,0.7035127,19.36888,0.22432528,0.23307046,0.37396392,63301,0.642630359383018,7.1262467793515185,0.00022585354433315996,0.019309840875457118,0.018819316825463894
random_baseline,280,0.544998515973629,23.244959673109086,0.2931505011886512,0.30799591506303364,0.4522830576861651,0.053582173,27.387335,0.38918698,0.3955653,0.2267816,81275,0.49141634313279536,4.142375150499312,0.09603647715149771,0.08756938611685222,0.22550145101197078
random_baseline,282,0.28026467803767247,26.6922080227255,0.5481857440112045,0.5493318066055995,0.1592121946344134,0.098473705,27.787012,0.7885107,0.7911142,0.14258045,10154,0.18179097268631977,1.0948040774942278,0.24032493618746498,0.24178240447685895,0.016631745053267172
random_baseline,288,0.12257652452237076,25.838982216434683,0.4786092270915327,0.4846378456842783,0.20377201802237369,0.8090895,9.103118,0.27225062,0.28069246,0.251169,137408,0.6865129573082261,16.735864273624625,0.20635860458062266,0.20394538753150732,0.04739697807328366
random_baseline,285,0.0874638033998703,27.632821907384034,0.4517017176096698,0.4574515080719271,0.180868761354502,0.5383165,25.504929,0.25300983,0.25603256,0.21325514,101396,0.4508526848661209,2.127893318516847,0.1986918916647693,0.20141895177653218,0.0323863758506219
random_baseline,286,0.6986286713771456,14.630080001062176,0.3569913989157906,0.3601200815154212,0.16442889010883155,0.13756576,25.181318,0.28689077,0.29042092,0.19157448,76265,0.5610629095725649,10.551238282018879,0.07010062395050437,0.06969916185866765,0.02714559400104699
random_baseline,287,0.160135677127306,27.22975735498439,0.246747550195093,0.26309553389902707,0.3376168111654237,0.9724585,11.131249,0.19539723,0.21733171,0.51052403,75669,0.8123228046613292,16.09850792718898,0.05135032219254479,0.04576382642145749,0.17290722333469838
random_baseline,292,0.5805234329659841,20.932469960036435,0.18366429259561454,0.20334795288200147,0.4722521180846241,0.95820147,10.146467,0.23355508,0.24389672,0.41561747,41425,0.37767803502489117,10.78600275117413,0.04989078591085519,0.04054876991157763,0.05663465211172369
random_baseline,289,0.888507596781901,12.404539329596375,0.30134577510213206,0.3042880905980657,0.212502579867695,0.37279156,19.20243,0.28224108,0.28331393,0.1267166,103445,0.5157160382777964,6.797891395501281,0.019104698871129255,0.020974160563428268,0.08578598099932494
random_baseline,291,0.9454490925620651,5.3371085966251215,0.4101151761296399,0.4592127527862091,0.45389011147997105,0.44090167,25.284513,0.25462192,0.25806665,0.22859465,46257,0.5045474256824112,19.94740487688562,0.15549325315982176,0.20114609858088683,0.22529546562216007
random_baseline,294,0.8682980799558244,14.914462832900838,0.3080857350701085,0.3108342044960495,0.2032779220835081,0.83460915,15.194866,0.2382669,0.24308197,0.25055584,68603,0.033688929069288776,0.28040334751908347,0.06981883488833818,0.06775223249306639,0.047277921031344816
random_baseline,297,0.7590101640550572,21.67534151255838,0.4499279509469774,0.45289375163506707,0.2349180903132286,0.6875048,23.04109,0.56519747,0.5686443,0.22414039,41918,0.07150533607883036,1.3657484990383004,0.11526951685697767,0.1157505335669593,0.010777699559482573
random_baseline,290,0.9704240805700562,11.271296876170709,0.18311462959507227,0.19362024934673994,0.4524020761726072,0.9592784,12.128454,0.34557536,0.3493677,0.22845373,92865,0.011145675857379245,0.8571573322033146,0.16246073284885168,0.15574745862101824,0.22394835059620644
random_baseline,299,0.09726518054927953,32.28710112714288,0.5063597016345392,0.5082275627029985,0.1757955073147558,0.10203388,26.510551,0.33324665,0.33710477,0.1958459,83289,0.0047687027839266455,5.776549674506164,0.17311305332292426,0.17112279514203965,0.020050394651339176
random_baseline,295,0.9034825489930177,11.850978033047973,0.4940131376563791,0.49831556560931,0.2021521324027728,0.20137583,22.813358,0.2420166,0.24741398,0.25468296,172,0.7021067217997575,10.962380273836793,0.25199653907411135,0.2509015876286963,0.052530825723295316
random_baseline,293,0.19672730872409347,26.043231893690077,0.28173823455519326,0.3012899307908714,0.3764198944785614,0.6343021,22.703932,0.38604996,0.50838137,0.7699292,54336,0.4375747709534883,3.3393000852183974,0.10431172152810447,0.20709143593886492,0.3935092761299591
random_baseline,296,0.22829077890485514,25.84214079059353,0.26603047963843296,0.29337646719108124,0.343552269969864,0.9812167,4.9363704,0.24906309,0.28835976,0.54516137,123016,0.7529259497824312,20.905770417821312,0.01696739014849613,0.0050167059529830915,0.20160909649284353
random_baseline,302,0.053320455373543324,29.270399983076448,0.566528350311901,0.5715762513267684,0.16543742966910624,0.5867815,19.040152,0.26382,0.2698244,0.2739238,118308,0.5334610463964762,10.230248387007112,0.3027083577696341,0.301751865683763,0.10848638462761617
random_baseline,301,0.8891515671888913,16.015010334472805,0.3042283591755845,0.3298008656222788,0.564448873014161,0.923299,14.699223,0.30026478,0.3555695,0.6123233,98843,0.034147447379437534,1.3157877697755396,0.003963583422563255,0.025768646029714015,0.0478744111350089
random_baseline,303,0.7476713232436553,16.887385396718344,0.33943580598531053,0.34250130998839623,0.24403479288393326,0.14542727,24.447695,0.36044312,0.36110398,0.09438489,39536,0.602244051519908,7.560309381724039,0.021007309249064465,0.018602671744925914,0.1496499065595276
random_baseline,300,0.9253349179362609,8.859738759313721,0.3411585025764758,0.3446248728516226,0.19876262710865122,0.490944,23.12739,0.25164253,0.3019152,0.6454462,81192,0.43439091983788747,14.267651148523193,0.08951597738040035,0.04270967428709316,0.446683554188651
random_baseline,306,0.7162667463660543,21.168055048962085,0.762149947197113,0.7644911101905735,0.16635723517244408,0.9186843,2.886876,0.279381,0.3340104,0.44246468,92435,0.2024175573944743,18.281178942699878,0.4827689402410126,0.430480717763129,0.27610744430715495
random_baseline,304,0.9207873039567279,11.00302055706075,0.2428666977774306,0.25999518333918487,0.48767849774427585,0.90485644,12.909215,0.2646462,0.2729385,0.37923038,14631,0.015930860551576553,1.9061944163889564,0.02177950454839031,0.012943306574755564,0.10844811768598728
random_baseline,298,0.9891998167790204,5.503714701524608,0.21947581654254666,0.26627336765875065,0.6628362288401949,0.961938,11.166701,0.29986548,0.3183474,0.4789732,116501,0.02726179321182065,5.662986615308888,0.08038966769512423,0.0520740268076495,0.1838630189822542
random_baseline,308,0.3311798941749244,19.96927937604101,0.2517995320192253,0.26155245500919294,0.30424225753126705,0.4348035,21.646608,0.211076,0.29017657,0.8920513,39362,0.10362359169543695,1.6773289766201245,0.04072352572592847,0.028624115406303885,0.5878090220135632
random_baseline,305,0.3269419158453964,27.462938678664653,0.3528269999006735,0.362248687336733,0.29483992956002514,0.3854943,21.239113,0.25528932,0.28744483,0.48869804,73046,0.05855237593698276,6.2238258246607465,0.09753768372330535,0.07480385739593709,0.19385810591856678
random_baseline,309,0.9746225013357652,10.121155089598282,0.19187840728136846,0.21094851988166963,0.42096922622693617,0.9647048,7.9841905,0.19930682,0.20805982,0.37749887,71514,0.009917689762736659,2.136964625578507,0.0074284085812871825,0.002888702329103099,0.04347036109937269
random_baseline,310,0.4384780256440255,25.08054241292879,0.32546212680971015,0.32720584610678316,0.16296692686403652,0.30567494,27.366968,0.5179925,0.51924,0.13638976,117528,0.13280308529635398,2.2864257419784373,0.19253036968076837,0.19203417559884428,0.02657716470087429
random_baseline,311,0.5826880896910892,23.750169929189386,0.2540957764154743,0.2568776820273185,0.21830597573945545,0.25995806,18.83032,0.21972083,0.24762735,0.5050828,131305,0.32273003109543186,4.919849570913019,0.03437495086253395,0.009250334319570064,0.286776810343766
random_baseline,307,0.7561889397523291,20.009597808885,0.36092050049041824,0.37439918310366554,0.3907343832237544,0.9102682,8.709953,0.25203067,0.26211572,0.29503158,33698,0.15407924777055904,11.299644500779532,0.10888982984756546,0.11228346616946144,0.09570280587504532
random_baseline,316,0.9143168433826003,13.287985843737275,0.22845336228553398,0.23747610772413874,0.39317507899266096,0.23105118,28.889288,0.557855,0.5610712,0.16851021,106156,0.6832656665961776,15.601302104871124,0.32940164774711983,0.32359510933595037,0.22466486549836012
random_baseline,312,0.9934660152173889,4.446421257117088,0.18817745262179042,0.22310111897657448,0.7297968219395897,0.92470616,8.289946,0.41474327,0.4221024,0.2142116,36270,0.06875985419520259,3.8435243452999046,0.2265658218285117,0.19900127274324364,0.5155852239009163
random_baseline,314,0.7339896131638818,19.183941538529094,0.2882103360380638,0.2942805833104351,0.30121115319345904,0.657395,22.130531,0.5336939,0.5518591,0.41703588,19407,0.07659460793774653,2.946589772506062,0.24548357360701678,0.2575784974810383,0.11582472451116133
random_baseline,313,0.8989653229950335,6.808613688915116,0.2745765244915287,0.28648492358973926,0.35863574498886674,0.66858584,24.711943,0.30780885,0.31068867,0.20432056,126305,0.2303794861076739,17.903328983814376,0.03323232174374657,0.024203750860181394,0.15431518012280077
random_baseline,315,0.44475619147680173,21.284640040206845,0.2280106705340211,0.2379483889684664,0.3885642461008774,0.23976566,25.276556,0.44294608,0.4741078,0.37475488,57889,0.2049905325021542,3.991915974807803,0.21493540585910634,0.2361594129457487,0.013809370202516213
random_baseline,319,0.29585995705928997,23.568468387712347,0.8951403583083378,0.8961833851063257,0.11655256628735648,0.89365727,16.786804,0.32529032,0.3571512,0.44236517,6400,0.5977973100343685,6.781664188493597,0.5698500360045659,0.5390321747982507,0.32581260323779
random_baseline,318,0.9914042179957753,7.223938334888324,0.19161850263801883,0.21317480616533538,0.5506464856343851,0.7394128,17.904608,0.23486462,0.25301483,0.3827207,92795,0.25199143341935926,10.680669437938825,0.04324611971648862,0.03984002656972627,0.16792577678733922
random_baseline,321,0.8178976942754077,16.299481282665013,0.18559967700875973,0.19781860353384303,0.42855772305673073,0.9050683,11.274244,0.3446026,0.34796268,0.1711779,24302,0.0871705840372754,5.025236974193334,0.15900293763242984,0.15014407394494725,0.2573798291797013
random_baseline,320,0.2092831936576335,26.320887327166485,0.23586425273537273,0.24467433347824746,0.3380919281275553,0.32275113,28.142456,0.28867918,0.29126674,0.22427547,43454,0.11346794097638443,1.821568727521015,0.05281492979407673,0.04659240589019126,0.11381645834758702
random_baseline,322,0.9581557141435957,11.425138604055597,0.22172179341611276,0.22656754316278774,0.2548562978233484,0.94564897,13.800077,0.1814734,0.2639116,1.0787532,134431,0.012506745923838603,2.374938834298895,0.040248389247030114,0.03734406171849888,0.8238969351325842
random_baseline,317,0.42877846603266145,25.7605966441822,0.6648418319362072,0.6670133595396736,0.18282004095463902,0.45700952,24.155535,0.26423794,0.2692116,0.28750113,125247,0.028231058074317916,1.6050618999195052,0.4006038916247753,0.397801769249604,0.10468108557314723
random_baseline,327,0.2464463818922842,24.788505033744627,0.22159360377709325,0.2246723992007608,0.19321315120472243,0.732066,14.123938,0.24891457,0.26345873,0.29674077,107582,0.48561959377376196,10.664567426933104,0.027320965839224498,0.03878632958952241,0.10352761913524339
random_baseline,325,0.09626216151542204,28.89645505286335,0.332523560418999,0.3377380268597319,0.26362453788011964,0.30077958,25.690079,0.5367874,0.5396353,0.13487516,8442,0.20451741955452424,3.2063763175117863,0.20426383028992434,0.20189727377655958,0.12874937444418366
random_baseline,329,0.6180178419636726,24.590012957041814,0.42559550864861545,0.4275134651587783,0.18972079965668498,0.41259184,27.475092,0.44638544,0.45441663,0.2732255,137267,0.2054259971665382,2.885078977162287,0.020789934561986356,0.02690316749350441,0.08350468662184896
random_baseline,323,0.08319998754603024,23.67881217377248,0.21841398574458243,0.23032917106624534,0.3843444449341921,0.8050401,14.9229355,0.22444968,0.23672551,0.36564004,89991,0.721840133532461,8.755876687932638,0.006035693510903106,0.0063963381004721875,0.01870440072185081
random_baseline,330,0.5237421460805555,22.94868582751423,0.22109430991598922,0.24592438502629918,0.47418250653888466,0.9717661,12.911549,0.22539449,0.24735048,0.52861905,4810,0.44802396815436885,10.037137213012276,0.0043001774649922275,0.0014260991064675432,0.054436544440729595
random_baseline,324,0.2610515361582768,26.978706863614686,0.44339260613168413,0.44564928230746437,0.1614049662215189,0.6402763,23.677908,0.4627116,0.46429175,0.15736014,58068,0.37922477666978716,3.3007989198891003,0.019318996317732984,0.01864246907727074,0.004044829712577247
random_baseline,326,0.3565855364114812,21.77541158688982,0.33690804202551733,0.34428020558311506,0.27993503818070853,0.7691884,18.937822,0.26469985,0.2769085,0.3884387,88077,0.41260286767177073,2.837589244970875,0.07220819551939855,0.06737171850158735,0.10850366344893014
random_baseline,332,0.5417093152353547,20.661022093189466,0.3717465334507937,0.386970537140654,0.3981650367306394,0.93799037,11.271418,0.24299385,0.24889544,0.28999135,49176,0.39628105217721243,9.389604475391614,0.12875268691511105,0.13807510061530914,0.10817368774878211
random_baseline,331,0.9179866352863354,14.414071165519822,0.19178777973620137,0.291315811238594,0.9189850252944299,0.8560561,15.76437,0.29652497,0.30799785,0.25539446,110343,0.061930541116718696,1.3502987990797877,0.10473719198735515,0.01668204132526402,0.663590566523678
random_baseline,328,0.8051634771602808,17.71873659246112,0.35577589943807864,0.3608996563205363,0.22587784652949205,0.9191997,13.772166,0.4102315,0.42607796,0.3466368,104320,0.11403622796362056,3.9465703403248895,0.054455601425950295,0.06517830560115562,0.12075895542859205
random_baseline,337,0.8669669414798874,17.68345245905943,0.27803342219379923,0.2972864612484282,0.4921204927196177,0.5943585,22.772343,0.3816662,0.38638133,0.21377258,60972,0.27260843766137544,5.088890222825334,0.10363279108020285,0.08909486685749829,0.27834791269203746
random_baseline,338,0.07648584290820049,27.084622747527,0.21319064214945851,0.23185842431701698,0.5137436309049637,0.36463356,27.009958,0.31489873,0.3163603,0.15160444,75095,0.2881477172724636,0.07466448031508577,0.1017080871748823,0.0845018705018612,0.3621391871164352
random_baseline,334,0.42590663427630704,26.447975298104268,0.6373121458433082,0.6382496775220392,0.11534015878098233,0.330599,23.561222,0.23971626,0.24284868,0.21254627,10270,0.0953076242856149,2.8867532216882523,0.3975958842180183,0.395400998098707,0.09720611528498904
random_baseline,333,0.8831612238018389,11.028185796826833,0.5430514959203548,0.55024645261418,0.2510889592015391,0.8681791,18.227242,0.22086164,0.24349432,0.50858754,41159,0.014982140931355525,7.199055719286449,0.3221898523675747,0.3067521356786408,0.2574985799944753
random_baseline,339,0.7178096421872568,9.68832023645195,0.3268981469354154,0.33287457904178464,0.25818430546594556,0.74119526,15.460986,0.2534969,0.25991252,0.26770148,5749,0.023385619291167226,5.772665900938186,0.0734012616357328,0.07296205839473568,0.009517171346417108
random_baseline,336,0.3972499754440633,23.756113053900247,0.25789976719313895,0.28083055138609436,0.5098362974808379,0.027540525,24.195015,0.702881,0.70330316,0.07366444,30030,0.3697094500225631,0.4389018997130343,0.4449812113911506,0.4224726068971393,0.43617185577608786
random_baseline,340,0.28304843041710376,20.56486680969398,0.2580070032600884,0.2605906272230907,0.20258986603242524,0.85701734,8.216132,0.2765919,0.28981075,0.31186992,63652,0.5739689078588057,12.348734645692517,0.018584893750714815,0.02922011968509719,0.10928005326765411
random_baseline,341,0.7865956120714506,13.806099103213839,0.2767174397887202,0.28245165762928426,0.2537270981176092,0.9050151,18.699442,0.42024383,0.42450008,0.24924581,80826,0.11841949889809289,4.8933428065762,0.14352638970003406,0.1420484203335911,0.004481290589113396
random_baseline,344,0.7929203431456358,20.42689850722066,0.3100757490577804,0.3178997445438923,0.34968491652996203,0.50458926,23.130035,0.25564048,0.2622711,0.291332,25673,0.28833108352115455,2.7031368931699653,0.054435272115718025,0.05562863830075876,0.05835291007549426
random_baseline,335,0.9412952400999641,13.860142241304501,0.2425213048325413,0.35301574241826156,0.9973999466813597,0.97456056,8.709268,0.19734758,0.2071362,0.3424488,121837,0.03326531869596483,5.150874625032529,0.045173723445975145,0.1458795435399733,0.6549511458791288
random_baseline,345,0.8163982964429136,21.604658250868486,0.34472105061362834,0.3507712743760073,0.32006156168585553,0.30130863,25.175379,0.19328962,0.2053981,0.4114699,32015,0.515089664545941,3.570720548569991,0.15143142794917674,0.1453731767416918,0.09140834488267169
random_baseline,342,0.6170017877611735,22.897478468922838,0.21906873103877814,0.2363102150062769,0.38910247344168514,0.8546216,17.806498,0.29050747,0.30768958,0.33445007,1331,0.23761980142263384,5.090980895070299,0.07143873456218927,0.0713793623348028,0.05465240735205501
random_baseline,348,0.06841890506230137,26.61068980556881,0.31190805070668326,0.31937356732072303,0.198790162288125,0.5409324,21.753227,0.38500348,0.38675088,0.1553964,50131,0.4725135118535922,4.857462571682092,0.07309542662829294,0.06737730958281091,0.04339376040595336
random_baseline,350,0.6245767121402075,23.91945765940677,0.47593652394957614,0.47857555064084456,0.18953583717680023,0.9066476,9.459951,0.24396086,0.25258455,0.28588873,10853,0.28207091044508914,14.459506258649935,0.23197566655821872,0.22599100383641646,0.09635289430284455
random_baseline,346,0.09523007628134882,23.018691231894977,0.23693670867652375,0.23951014861244735,0.17192976886302813,0.7752736,19.406694,0.4986808,0.50538456,0.24310313,46005,0.6800435448009571,3.6119968196635313,0.26174409152298495,0.2658744157872719,0.07117336278885023
random_baseline,343,0.4517838447477086,22.862777505750817,0.2815325990552646,0.3129546810517075,0.4398075785598737,0.7034151,19.68113,0.33106682,0.38792288,0.6058313,92981,0.2516312510584132,3.1816480501844104,0.04953421798994717,0.07496820198204496,0.16602374649429502
random_baseline,351,0.892608263071682,14.453028453705521,0.21163376783011442,0.2340609316104171,0.5082166685319182,0.6695798,21.5644,0.2356383,0.23902915,0.1832147,29405,0.22302845912804792,7.11137126553276,0.02400453771473879,0.004968222571063302,0.32500197427036726
random_baseline,347,0.9426056441936116,3.220857494476782,0.334573213103565,0.40252090555573944,0.5126973048938133,0.58710676,21.892153,0.21306601,0.22027192,0.3254593,74040,0.35549887987705275,18.6712952917781,0.12150720143631344,0.182248990358367,0.18723800342210306
random_baseline,349,0.4708944157810333,25.463886174298626,0.3696087808667938,0.371096641673506,0.1431154645181117,0.93265074,7.4492674,0.30763975,0.31141207,0.2108651,52836,0.46175632913397524,18.01461878690849,0.06196903300874629,0.059684575452268795,0.0677496307396474
random_baseline,353,0.8115525460543678,14.832798077067253,0.5406992571468773,0.5421395775590363,0.11757944820993192,0.508977,24.81757,0.57029223,0.57133555,0.1462439,76415,0.30257555010939097,9.984771655598763,0.02959297727389909,0.029195976563888504,0.028664451850721764
random_baseline,355,0.9485847327562195,14.82384524187875,0.20650349442893232,0.22919292268347172,0.5213470237602853,0.82905596,15.367041,0.20931473,0.22283678,0.45504782,39837,0.11952876780947264,0.5431953922765231,0.0028112393147352865,0.006356145115608253,0.06629920772215359
random_baseline,357,0.9493799753303847,12.205234268296671,0.2597464679302512,0.2770397539910154,0.4805093240969078,0.86240333,16.007492,0.36390293,0.36720103,0.22759818,86257,0.08697664214328138,3.8022577971330165,0.10415645851475613,0.09016127626334863,0.2529111486904518
random_baseline,352,0.31443945417384705,18.84162531853059,0.22175315446759664,0.23462595088468172,0.44408679773301485,0.4784927,20.775179,0.68206495,0.69098955,0.2314612,83794,0.1640532528402368,1.9335535907711687,0.46031179599855937,0.4563636030436935,0.2126256005951822
random_baseline,360,0.9733060254284077,9.879732056269106,0.6100921205613534,0.6197341274425288,0.19509121443080432,0.5793359,17.706892,0.2956425,0.2972913,0.1402211,22583,0.3939700974651509,7.827159957280699,0.31444962540601895,0.32244281880109504,0.05487011040496356
random_baseline,354,0.9726510379164126,3.764130597677081,0.30349731386634854,0.34571112469553744,0.4883161485874798,0.69928706,21.260862,0.23150632,0.2393943,0.3283905,136889,0.2733639809935,17.496731752786786,0.07199099601242093,0.1063168175590018,0.15992563969732781
random_baseline,358,0.7675487637420672,17.963911723783433,0.276593038830115,0.2838116130475058,0.2167461559970711,0.6073094,22.492666,0.24542265,0.248188,0.22020233,61418,0.16023936270675831,4.528754520723403,0.031170392426802307,0.035623609149838864,0.0034561707775260797
random_baseline,359,0.7888466432635154,11.361691036261206,0.3329851517646,0.3446532161907562,0.3655098522863374,0.44597816,22.952667,0.237915,0.25834075,0.5683225,105897,0.3428684785906638,11.590976200066919,0.09507015740558356,0.08631247002643427,0.2028126274385466
random_baseline,364,0.2485765766694763,27.336391734382563,0.4903238258431751,0.497427918872298,0.2190039533864951,0.9755411,2.7574332,0.2956459,0.34374234,0.49602807,108455,0.7269645381376526,24.578958558341913,0.1946779332230884,0.15368557806915162,0.27702411229496243
random_baseline,356,0.5453546143138466,22.558443002769955,0.30357168319669525,0.30768066317356224,0.23799330674771438,0.27781293,27.503887,0.23664585,0.2400437,0.18906361,76996,0.2675416863524971,4.9454441737437165,0.06692583563772003,0.06763696343219872,0.048929698101321556
random_baseline,366,0.679581304119774,19.41945198991476,0.2379511388129672,0.25020275372529854,0.34811892322668037,0.93529975,12.992382,0.24704927,0.25915724,0.42993608,108201,0.2557184500229872,6.427069940354212,0.009098133247427087,0.008954486665479044,0.0818171579443554
random_baseline,361,0.059842926516947156,28.89451799481143,0.4785050937557748,0.4819224135368086,0.15622421218523452,0.98255837,7.8438067,0.18648213,0.24216722,0.7846514,120835,0.9227154431195885,21.050711251189604,0.29202296227460417,0.23975519401719342,0.6284271864735179
random_baseline,367,0.5474296971180372,23.778054623374114,0.46132626239879354,0.46406676207731656,0.21223578396695414,0.92506063,13.249135,0.25135317,0.26898745,0.38612136,133681,0.3776309327266283,10.528919605979095,0.20997308795078024,0.19507931505392484,0.1738855784807845
random_baseline,363,0.8782413843758652,18.600570640289206,0.33780850372810234,0.3420518071904389,0.2873014554851258,0.9875173,8.657264,0.34454933,0.35175616,0.30301982,48010,0.10927591289204863,9.943306884490866,0.006740824360658038,0.009704348300436372,0.015718366158703534
random_baseline,362,0.6347827142200647,20.847803030997166,0.21728154334355548,0.22173847364484142,0.23830210032329416,0.46006468,21.037758,0.65144384,0.65235484,0.09922745,56385,0.17471803483583315,0.18995484253798978,0.43416229572962567,0.4306163628190868,0.13907464953527307
random_baseline,371,0.2508105685299768,22.715392854666472,0.18276340762547616,0.19174959502021555,0.3384711860653682,0.2407927,26.25108,0.3181193,0.32604605,0.24647482,8272,0.010017861921204518,3.5356867046596996,0.13535587986536857,0.1342964545746636,0.09199636867015792
random_baseline,365,0.42763880439899576,23.57982385955504,0.34997922222035854,0.38906243052437184,0.5397807755451949,0.8077846,20.378887,0.5749483,0.57677805,0.14658864,16621,0.3801458125481783,3.2009366830413697,0.22496908863169224,0.18771562371299388,0.3931921371203215
random_baseline,372,0.16816132696077124,23.032038705989567,0.2150837865580289,0.26346768402133774,0.515121734820453,0.8176798,19.57138,0.3682184,0.3701209,0.20028445,133477,0.6495184954841445,3.4606580907551923,0.15313460557568387,0.10665322876896072,0.3148372835741914
random_baseline,368,0.5804570593076216,21.61418467575849,0.2851347323858985,0.3402234207150247,0.5386954782718419,0.6203297,18.492188,0.28353617,0.2937061,0.35993224,11630,0.039872618751002675,3.121997175758491,0.0015985664332159866,0.046517331456830735,0.17876323444783682
random_baseline,370,0.27281847089113515,24.462690339370905,0.20899435776133327,0.23896060594302956,0.49614152815938284,0.9339273,17.456198,0.42965928,0.43965527,0.32727706,106179,0.6611088267010279,7.006492600723444,0.2206649194393656,0.20069466820972617,0.16886446383595755
random_baseline,374,0.10495614676998162,30.849770588586548,0.8215396381914206,0.8229291087413998,0.12535192308387946,0.9808278,7.200929,0.20095976,0.22564816,0.54885876,71400,0.8758716616101453,23.648841423700073,0.620579881221015,0.5972809439922543,0.4235068387035351
random_baseline,375,0.5113916575130015,21.687079777822415,0.6876195392802279,0.6894123412948463,0.1315817731374155,0.59236413,23.570591,0.21439296,0.21860562,0.21576987,8588,0.08097247489132586,1.8835111950779755,0.4732265792086642,0.4708067186456535,0.08418809893194332
random_baseline,377,0.6927581830472939,18.912365882761602,0.5424914201044122,0.5450388630723931,0.18586482458786585,0.14953674,26.999628,0.3190921,0.32509002,0.2537565,118268,0.5432214392871849,8.087262184255,0.22339932520618833,0.21994884217738886,0.06789166874213598
random_baseline,369,0.6144367448533177,19.576427355069153,0.21295645483748862,0.22139437753465355,0.2721915034313387,0.8571819,12.492165,0.31600344,0.32022804,0.21154135,130214,0.2427451618468166,7.084262743252747,0.10304698697311929,0.09883366268369972,0.060650148775119206
random_baseline,373,0.12431085819676926,23.84678800178083,0.2998674246388844,0.3081251938114128,0.2449897389360757,0.987361,7.2971435,0.21352538,0.24780773,0.5999285,126941,0.8630501556925435,16.54964454246076,0.08634203997434886,0.06031746754741285,0.35493875933205177
random_baseline,378,0.8945808310092869,5.368023247249127,0.23870774305484244,0.24664626388040303,0.34022853794543606,0.4083557,27.730673,0.62580574,0.6269689,0.1202478,69853,0.48622511811866187,22.362649589054584,0.3870979925332313,0.3803226563504625,0.2199807343169914
random_baseline,382,0.4309019428346064,23.981097281280714,0.5493900522154019,0.5545328513012582,0.26751531458091193,0.8447194,18.86852,0.21774314,0.22505257,0.26045832,70346,0.41381746710802053,5.1125765445863784,0.33164690877610903,0.32948028596503076,0.007056994201654732
random_baseline,376,0.8141544205773412,16.384583997478913,0.3082014008123775,0.3139252525660263,0.2504444069723235,0.9458337,11.176071,0.27157214,0.28455418,0.38199484,58924,0.1316792624365748,5.208512830486725,0.03662925797294575,0.029371069082902546,0.13155043651064768
random_baseline,383,0.6763840391166743,16.90915369237343,0.3137259587501758,0.32019607451409404,0.2766818401191597,0.24552983,25.506907,0.21609637,0.22993435,0.42299077,35981,0.4308542086608943,8.597752817025984,0.09762958733789856,0.090261724857989,0.14630892902871323
random_baseline,380,0.2265503522963965,26.78024444770108,0.9252167296387964,0.9260769118890261,0.09107404584072884,0.9271995,15.929985,0.1846433,0.20985167,0.47504967,95234,0.7006491306213891,10.85025940131436,0.740573431251269,0.7162252446040606,0.38397562867022694
random_baseline,379,0.628203049031483,21.0485099908385,0.24810595969267063,0.2528386334736079,0.29142559836951404,0.6601562,17.456558,0.30393577,0.3102106,0.3070319,60645,0.03195314136387217,3.5919517632994378,0.05582980652742214,0.057371952120569336,0.015606301321114013
random_baseline,385,0.8271608573732724,20.22751377749799,0.2320856035058164,0.2366008592346195,0.2478626706969097,0.8622392,14.423808,0.21883625,0.22360179,0.25654277,13204,0.03507832462211946,5.803705679658634,0.0132493555848264,0.012999070952225078,0.008680101357762537
random_baseline,386,0.8191481454401397,15.820772965942474,0.49852732191886356,0.5018163856640493,0.18289223118944198,0.9674413,12.634002,0.37697485,0.3875173,0.42318583,75824,0.14829317497917183,3.1867712340699157,0.12155247102584293,0.114299082435671,0.2402935941584584
random_baseline,381,0.9763775363943057,7.985838831959086,0.20216720602727675,0.2090806816526924,0.32126662679679663,0.9513495,11.320383,0.20829318,0.23389399,0.65823007,63921,0.025028039552875025,3.3345442399403282,0.006125978610746624,0.024813308863970207,0.33696343950264185
random_baseline,387,0.898174524645611,13.5567359293307,0.21159197847258926,0.2233524301574805,0.3324485694055858,0.097547434,29.821735,0.620935,0.6225348,0.12945186,20307,0.8006270903752291,16.26499945274938,0.4093430443583739,0.3991823813392541,0.20299671338847308
random_baseline,389,0.85204137963506,15.314283874859619,0.20758916570357075,0.21068989530549828,0.21691095607771907,0.69142824,22.646313,0.3010357,0.3124578,0.27880985,119881,0.16061313552113787,7.332028838763428,0.0934465365249754,0.10176790460600074,0.061898889369821214
random_baseline,390,0.4377389025515995,23.676025036617965,0.19730674333307516,0.20390272507763427,0.24879340961237223,0.21227527,23.496109,0.35338318,0.36563972,0.32119486,77427,0.2254636359042606,0.17991602782890226,0.15607644014623392,0.16173699130916078,0.07240144774656027
random_baseline,388,0.12311942612414724,26.613124419494635,0.26226367668391,0.2677287303892342,0.26504425770591483,0.81373644,21.91906,0.23652063,0.24086946,0.23290618,110524,0.6906170126270734,4.694064666076667,0.025743043582446667,0.02685926789915244,0.03213808006595359
random_baseline,384,0.5365676407055874,25.011533348281564,0.2901097690374467,0.30640263258217204,0.41055287615904046,0.5492954,23.574694,0.33636335,0.34518835,0.3267265,40051,0.012727784709451684,1.4368396684719933,0.046253576347151104,0.0387857169032253,0.08382637993940545
random_baseline,394,0.3251287933567155,25.339209443449427,0.35914968088565546,0.3614453163174974,0.19169237570980827,0.5896801,16.736021,0.23207158,0.25690183,0.40174028,97373,0.26455128228873126,8.60318840157931,0.12707810238300044,0.10454348588269818,0.2100479070641633
random_baseline,393,0.05411217973216779,28.32586120895409,0.9763903245526833,0.976567927551073,0.048072311025710864,0.98240215,5.504512,0.22059989,0.23708025,0.4140505,120665,0.9282899661304116,22.821349375763173,0.7557904347974342,0.7394876813409748,0.3659781786383669
random_baseline,391,0.7567707985609733,16.14795603082922,0.2530679122670039,0.25940077563908626,0.3101087534906657,0.609456,19.936169,0.2263238,0.23711468,0.2691413,107529,0.14731479584872353,3.788212639825076,0.02674411396816817,0.022286092845469008,0.04096746687910868
random_baseline,392,0.08905742172942425,29.420760134758638,0.376438925460975,0.3809197048391421,0.2132735693794711,0.8510731,15.85611,0.24815091,0.27998236,0.51524407,68428,0.762015664532325,13.564650515618013,0.12828801055351957,0.10093734662190273,0.3019704973357694
random_baseline,395,0.8120870730033247,15.575728045325327,0.22348695403941757,0.23179369553619106,0.32028735644188133,0.88869727,17.067566,0.29308587,0.3328983,0.4433532,8208,0.0766101935753496,1.4918378726434227,0.06959891908756607,0.10110459342903416,0.12306584947738441
random_baseline,396,0.9132136499770482,17.58209548220104,0.2526344547905885,0.26335247279737617,0.36356758248383914,0.9302492,14.864946,0.32705274,0.33495492,0.29526386,102313,0.017035564195315045,2.7171491168445954,0.07441828745222462,0.07160244463350152,0.06830372583444033
random_baseline,397,0.7779489324860076,18.816441656509454,0.27456591980537565,0.28420726688720355,0.3455024109617746,0.096419446,23.234922,0.21608031,0.24044994,0.41493818,86117,0.6815294863156776,4.418480752548163,0.05848561184486539,0.04375733168937335,0.06943577067694306
random_baseline,401,0.21396143942493612,26.244013231485162,0.3200151845159259,0.370412044936985,0.5286547412744553,0.8926292,8.369392,0.23620242,0.24258825,0.25611493,84745,0.6786677667556364,17.87462083646563,0.08381276571175722,0.12782379310783765,0.27253981135998084
random_baseline,402,0.7792927023269051,19.023429071420512,0.278477813714848,0.2905594483467266,0.3069122654826749,0.3703981,16.534481,0.25760466,0.26832104,0.32386884,63618,0.40889459813607865,2.488948022836528,0.020873155111179764,0.02223841105424612,0.016956575450171152
random_baseline,400,0.6723859975895123,22.67603786847658,0.25595314319363704,0.27427635414593393,0.4351776394180385,0.55196285,22.751373,0.205083,0.27379757,0.6702842,118671,0.120423145111485,0.07533542253904457,0.05087014551392666,0.00047878248684579683,0.2351065722175511
random_baseline,398,0.5571001312642562,21.534857986818302,0.18686100186705223,0.23475591142963625,0.6621853009103724,0.6928712,20.031834,0.26634645,0.2728888,0.28505608,82604,0.13577108169503338,1.5030243381366617,0.0794854527533091,0.03813289801288389,0.37712921651591746
random_baseline,399,0.7770951377663505,18.686796630873513,0.23346761320163517,0.2957496258407079,0.7029626016043866,0.14974362,25.273773,0.3341477,0.3377355,0.17705144,25424,0.6273515211853874,6.586976562485862,0.1006800785250494,0.04198587807126414,0.5259111617230618
random_baseline,403,0.28777126070803605,25.56486986613535,0.24380012784850758,0.2593781670540653,0.34021006219082556,0.5058872,15.117291,0.2760435,0.2921941,0.34754685,33526,0.21811594966107406,10.447578415634862,0.032243376628039666,0.032815931180111335,0.007336783483689213
random_baseline,406,0.9795733920624649,4.270228751700095,0.3081624733936014,0.31775804585267325,0.28856415308887234,0.060419187,25.594225,0.23516266,0.24057095,0.25462127,80302,0.9191542051127349,21.323996178109475,0.07299981291405583,0.07718709832478782,0.03394288577014676
random_baseline,408,0.5461198181142165,25.72779095549441,0.6724305175797486,0.6738430354171673,0.15311024741492804,0.87701637,11.215318,0.20359962,0.21175574,0.32320172,93339,0.3308965474138902,14.512473229359156,0.46883090069456335,0.4620872977548519,0.17009146853126947
random_baseline,407,0.5415867892674938,14.284762937990273,0.5249807959278944,0.5302201097808715,0.17191095327295158,0.7942341,20.027014,0.24218825,0.26746652,0.41629732,2546,0.25264730773644295,5.742250840696251,0.2827925508698347,0.26275359447821345,0.2443863632782569
random_baseline,405,0.9403792114975935,12.496612001674286,0.2124888217933439,0.24300054892101897,0.5054430131230422,0.025165962,25.53785,0.20723885,0.26105285,0.8069689,71767,0.915213249442268,13.041237424595245,0.005249968815591227,0.01805229798755037,0.30152591426038067
random_baseline,409,0.8503939495311191,15.11937025634252,0.20701595782528287,0.21667484408514706,0.33136651249696253,0.660475,22.539038,0.78928775,0.7919403,0.14180689,85142,0.18991893389086034,7.419667448125253,0.5822717881273234,0.5752654277692536,0.1895596268968725
random_baseline,412,0.9893000188528687,4.013945323078708,0.2389371634878103,0.27067998003956817,0.5117423797144138,0.93979496,14.546271,0.4555793,0.46029684,0.21690576,15985,0.0495050612150818,10.532326001079007,0.21664214716778357,0.18961685943606355,0.2948366219295704
random_baseline,410,0.5335359028689223,25.24382049443198,0.7104001980864145,0.7118574280489606,0.15681876508047038,0.093164235,32.212555,0.3261667,0.32947475,0.1435537,29771,0.4403716675154524,6.968734437208646,0.38423350869051,0.38238268086802185,0.013265061057109173
random_baseline,413,0.8983162084075291,14.495371954294264,0.23192611248072442,0.2567510904859789,0.6703694144205432,0.96610206,10.955995,0.29586053,0.3035099,0.32777035,70015,0.06778585524832414,3.539377348276197,0.06393441646519843,0.046758800547193724,0.3425990620569568
random_baseline,404,0.0939784390440956,25.2118984500775,0.21029470270495434,0.2595545738951407,0.6891117300789529,0.22564398,26.173058,0.39538223,0.39713076,0.16294678,70761,0.13166553847875445,0.9611591060748452,0.1850875228085039,0.13757618367512603,0.5261649545233422
random_baseline,414,0.8800805793754268,13.351162502167455,0.31731721765101767,0.3249249198986146,0.26735679253990857,0.4475488,21.256071,0.2223608,0.23887521,0.3126221,15545,0.43253177270809895,7.9049085885307875,0.09495641297400809,0.08604970961342784,0.045265307574913816
random_baseline,415,0.24311934435955196,29.524249875605804,0.5623848461453486,0.5649585301640415,0.16554059590188172,0.9736429,2.072812,0.4496887,0.47154343,0.30519414,118759,0.7305235413254151,27.451437795222503,0.11269614332361699,0.09341509888199806,0.1396535435787091
random_baseline,420,0.3362556368024627,27.867277481619087,0.43898229520287324,0.44414133588647786,0.23761114566540134,0.48315126,26.02192,0.23358752,0.23651955,0.22982325,2064,0.14689562023565378,1.845358231130806,0.2053947768684845,0.2076217905697817,0.007787899067157628
random_baseline,416,0.9559366139375263,10.200063734538958,0.28056910779772903,0.28858316196392814,0.30878701402635106,0.25168735,17.494328,0.22433883,0.24548428,0.4572499,53776,0.7042492660485797,7.294263810627058,0.05623027828036453,0.0430988843579177,0.14846289561300746
random_baseline,418,0.8679125825916585,14.608183904451124,0.7004297631758916,0.7016034990128279,0.11300495448138337,0.85204136,15.314283,0.20758916,0.2106899,0.21691096,399,0.015871218875533,0.7060994665205556,0.4928405987996327,0.4909135967072249,0.10390600380871673
random_baseline,411,0.7137022363227495,18.68242485736332,0.1878059043754424,0.21563252706129257,0.6262974423800101,0.6870739,17.462496,0.35679868,0.36313614,0.23593065,96187,0.026628349928248807,1.2199290535303113,0.1689927742611085,0.14750361543100174,0.39036679095369475
random_baseline,417,0.8742045240068682,13.769979571382855,0.260094519485942,0.31821515260760364,0.5853192920300511,0.3014636,19.404078,0.28241053,0.29699707,0.32189697,105268,0.5727409200334795,5.634097958524372,0.022316012750157266,0.021218082295103635,0.26342232175798685
random_baseline,419,0.5912351395098934,22.535369092175937,0.22505892155409166,0.2620683507531207,0.5542081888614866,0.74112934,20.859688,0.24638127,0.2663435,0.494652,10504,0.14989419923140912,1.675681287000156,0.021322346351143634,0.004275153437324264,0.05955618581163613
random_baseline,423,0.43748422931725867,25.056616701317065,0.3326569179961393,0.3360561263371585,0.1947337964094579,0.59867984,23.300983,0.2653468,0.30563372,0.45186168,1379,0.16119561124746912,1.7556332723619867,0.06731012267562841,0.030422402601349152,0.2571278831445277
random_baseline,424,0.06758624691903475,26.397197245897885,0.5924014349182263,0.5973331066320876,0.23797064523621927,0.33428624,25.671724,0.2252977,0.23285809,0.29209477,104686,0.2666999958044302,0.7254729264398776,0.3671037305791989,0.3644750150392989,0.05412412185743917
random_baseline,427,0.7899475468283145,15.228807757492447,0.5212626164393717,0.5256066574737293,0.18566745359304926,0.31972533,25.776886,0.22954065,0.23410827,0.20473331,137398,0.47022221218399685,10.548078228835678,0.29172197036316927,0.29149838825909913,0.019065858536925107
random_baseline,421,0.44693093229148617,18.450364338515865,0.3802076672265453,0.41377550321526274,0.43236291312232955,0.36313397,26.42509,0.4244968,0.51612735,0.54545176,101804,0.08379696536872616,7.974726451279057,0.04428913248086741,0.10235184473090425,0.11308884716972367
random_baseline,422,0.8466075720851177,13.480414543074211,0.2135839250888805,0.24799900403595346,0.6637624900997526,0.97241265,10.355257,0.38947734,0.3976851,0.29418844,78183,0.12580507373168526,3.1251575087724532,0.17589341727829175,0.1496861065330468,0.3695740502537138
random_baseline,425,0.9572997316514315,9.031429411765878,0.2558579924670919,0.3659011463736167,0.9124983685907315,0.9640703,8.061404,0.3266203,0.33938453,0.32232115,74551,0.00677058847796308,0.9700251835554283,0.07076231807787575,0.0265166203592887,0.5901772218641232
random_baseline,428,0.7481642009205277,20.599715029205445,0.2153853045745793,0.22379883232784045,0.3005390331874987,0.60189754,18.60164,0.48617184,0.4875026,0.11828915,102077,0.14626666321224524,1.9980743279114996,0.27078653704681965,0.2637037723951362,0.18224988288985694
random_baseline,426,0.9602859361557244,9.865299244722891,0.22334688713716455,0.23110276765805263,0.3121077834987473,0.855834,18.255991,0.33403835,0.33785176,0.2351786,71017,0.10445192889254085,8.390691737332773,0.11069145986867956,0.10674899511355382,0.07692917877672428
random_baseline,429,0.97152920624738,4.429770685147162,0.28353364674346426,0.31499800410473383,0.37176221141463817,0.93709314,14.612816,0.25041947,0.2710377,0.38893855,135278,0.034436067552616856,10.183045171786432,0.03311417905585745,0.04396030631268061,0.01717633476608693
random_baseline,431,0.9510484925813589,10.973803106161611,0.22727796293385197,0.25630771250620554,0.7112981448383248,0.4168812,25.275162,0.21883665,0.22762202,0.2679944,117119,0.5341672889299307,14.301358637002451,0.008441312681509744,0.028685695241839393,0.44330374099921344
random_baseline,433,0.5329025529670143,25.55295251790021,0.2521549066831339,0.25653621808831645,0.23915744125470656,0.90928966,14.92835,0.3106316,0.3218303,0.35969543,13915,0.3763871051025963,10.62460206929181,0.05847669631941432,0.06529408438856649,0.12053799331560594
random_baseline,434,0.08485617672105855,30.335274668800864,0.2792328580343534,0.28652217711374456,0.2231179852920118,0.71406585,21.631275,0.4288585,0.4460244,0.38872296,95322,0.6292096730599779,8.70399949179891,0.1496256307637881,0.15950221096113032,0.16560497088856072
random_baseline,435,0.8795144235123563,17.645493452456712,0.22327900681091273,0.2302352387610315,0.3635772781203232,0.07876922,27.292582,0.30663913,0.3197184,0.26566666,113633,0.8007452016104627,9.647088105770827,0.08336012807296789,0.0894831519421698,0.0979106144736252
random_baseline,436,0.8890140359633601,12.07481543601535,0.3672510006516419,0.4067708302260766,0.5667105291195248,0.5586218,23.580378,0.2578641,0.27516028,0.35782245,102066,0.33039221217567094,11.505562142720002,0.1093869128315888,0.13161054737581107,0.20888808110431178
random_baseline,432,0.7388812844678072,22.89264942948876,0.2944997228893772,0.2981067026307503,0.22122318588069403,0.9435291,11.115973,0.20686091,0.22173175,0.47151893,84365,0.2046478445605131,11.776675956893545,0.08763880806298407,0.07637495047353898,0.25029574789234676
random_baseline,430,0.8186838044560412,20.558732153148437,0.5965778938972197,0.5998059517957608,0.21911966159543536,0.68625176,21.581131,0.30810326,0.42385277,0.87158567,47049,0.1324320449269274,1.0223988282968755,0.2884746305190764,0.17595318027514617,0.6524660055378959
random_baseline,440,0.8534624881995116,14.452234802114518,0.2811822024812267,0.30146627562133693,0.4274722431679895,0.969594,9.881126,0.25358987,0.2587054,0.25548974,39875,0.11613151357050788,4.571108398305924,0.02759233393569449,0.04276086824027919,0.17198250637256407
random_baseline,439,0.22479762123910133,24.06796918321714,0.36400838749378006,0.36605732119070394,0.17946858695637177,0.89046806,17.426674,0.2705322,0.28827265,0.37918258,16037,0.6656704397312051,6.6412952940569845,0.09347619669406693,0.07778467214094503,0.19971399017680694
random_baseline,437,0.2899209708860501,19.472295625075954,0.284467841006369,0.28893848541567535,0.22008200428874983,0.7690482,18.016954,0.2792818,0.32162344,0.51135635,106077,0.4791272430726901,1.4553412030788841,0.005186045981497189,0.03268495914151459,0.2912743494710158
random_baseline,443,0.5947850284999775,20.312900617559087,0.22402444684007655,0.2420430845909671,0.31002610041530976,0.791598,13.676237,0.25744924,0.26838863,0.26368243,16068,0.19681299348412284,6.636663511235845,0.03342479265233983,0.02634554436868866,0.046343675393184514
random_baseline,441,0.917454600279431,14.64809345345789,0.26041306660924074,0.2675122884654561,0.3345469932032692,0.6708246,23.49503,0.6468565,0.6485633,0.17294164,69920,0.24663001293430775,8.846935996005001,0.386443420188092,0.38105103693966474,0.16160535318385238
random_baseline,442,0.8637341933684825,11.999186542355844,0.5619151436114384,0.5645923928677884,0.1486103753908164,0.8016627,19.986227,0.4438819,0.4502332,0.32970843,111315,0.062071509881543974,7.987040493166617,0.11803324449301489,0.11435920161603363,0.18109805179996424
random_baseline,438,0.5073128159917055,17.14735357389806,0.3776162313252523,0.38321589151244767,0.23765596519899487,0.62897617,19.251526,0.35030138,0.35636353,0.26995966,46341,0.12166335025661601,2.1041723050081913,0.02731484639941001,0.026852356585079507,0.03230369318532825
random_baseline,444,0.8185598466649769,14.674776086411114,0.32585153973549963,0.3296993681037484,0.1973853300890559,0.9706099,10.290705,0.2600145,0.27200693,0.41036358,104964,0.15205005667059435,4.384071359238263,0.06583703554123999,0.05769243918300254,0.2129782546677953
random_baseline,448,0.7365934058692097,15.258964650798234,0.29507096090146273,0.30954176000122435,0.37559863566441626,0.66965634,21.440884,0.31923956,0.32258534,0.22870527,105304,0.0669370695616841,6.181918985676376,0.024168595887935462,0.013043584313350842,0.14689336358590216
random_baseline,449,0.9744046652177181,10.073356660833284,0.22122935486178208,0.22950079692128922,0.3456993514480841,0.85199964,10.282875,0.33762363,0.34471473,0.24079955,35061,0.12240502475293535,0.20951840020187262,0.11639427113194656,0.11521393405672287,0.10489980520632386
random_baseline,447,0.801768802167998,20.233636336119677,0.4679890805516171,0.4722778147081355,0.1904103849774761,0.86890393,5.2734604,0.48190168,0.49637008,0.25977257,22311,0.06713513278759897,14.960175947936083,0.013912594911105691,0.024092262425043198,0.06936218396364024
random_baseline,445,0.9235231180880378,16.60650971673737,0.23855750937477724,0.25975030095020785,0.47468004451579554,0.48900244,21.435978,0.25333387,0.2627498,0.35750073,57652,0.43452068168857794,4.829468219053645,0.014776357221444686,0.0029994901951168607,0.1171793125707577
random_baseline,452,0.39130874818190997,23.336134392378412,0.32102038000292576,0.3237723596892543,0.20089897613336113,0.61277336,20.114727,0.22514631,0.23401982,0.37312427,90083,0.22146461063995893,3.22140737211474,0.09587407146162785,0.08975254376747083,0.1722252954978797
random_baseline,450,0.5985985505943793,24.073894168100573,0.35027300355064994,0.3600673372388588,0.35055678879955315,0.57321054,15.980522,0.30753973,0.33023635,0.41290957,16182,0.025388013160755007,8.093372012338854,0.04273327228653556,0.029830991709302535,0.062352778556556465
random_baseline,453,0.646949536142478,14.503273292955193,0.35604550488394215,0.35940101275274816,0.22052298715272364,0.10011466,30.22186,0.39037156,0.39583242,0.17524615,70281,0.5468348776675558,15.718587592664925,0.034326056166472885,0.036431406642698616,0.04527683785119471
random_baseline,446,0.9894120922419056,8.682428049594769,0.18428744764934935,0.23260831378324232,0.7585273858874492,0.35469022,23.876146,0.26085445,0.2810055,0.44404155,52960,0.6347218683096394,15.193718266933551,0.0765670051990851,0.04839718796388903,0.3144858357279948
random_baseline,455,0.7375520926333388,19.510558047558003,0.18110993663442732,0.190106745711378,0.44049945247913413,0.8647998,8.874828,0.32233503,0.32824504,0.2880843,102212,0.12724770490160386,10.635729708934957,0.14122509797441363,0.13813829804319963,0.15241515410686546
random_baseline,456,0.22079908599572567,23.31131530598064,0.21022271202673287,0.21521022285707841,0.3214892848189396,0.36501986,19.7475,0.26429716,0.2701042,0.25007695,40612,0.1442207718877277,3.563815840038256,0.05407444549928336,0.05489397679082503,0.0714123352225346
random_baseline,451,0.02269180806715854,27.124053968479465,0.6032686624495177,0.6286029080735644,0.3049576659856977,0.015325507,16.445606,0.23911263,0.24526525,0.23326856,1662,0.007366300918058236,10.678447736790012,0.36415603196302937,0.3833376626359424,0.07168910700666326
random_baseline,454,0.25449857223765376,24.51497460403295,0.2250271930910122,0.24321180859199382,0.4749022613732939,0.6619706,20.114,0.251009,0.25614774,0.26009503,33665,0.4074720431493091,4.40097428359838,0.0259817943357456,0.012935933679429523,0.2148072313039427
random_baseline,461,0.3100300917391418,24.63069537275023,0.2555432507752563,0.26009749301659907,0.2946676866544307,0.7337999,20.56803,0.2604,0.2886654,0.5359168,83443,0.42376978304342044,4.062665969063705,0.004856746459088179,0.02856792083990728,0.24124911861290327
random_baseline,459,0.24902620058148528,24.976371758515395,0.24312679443011911,0.32631721271973657,0.7510078457666294,0.82274085,16.94025,0.23337804,0.24175075,0.34210002,130470,0.5737146522513089,8.03612136178688,0.009748756619793492,0.08456646575432825,0.40890782154330174
random_baseline,457,0.9525886799355808,5.929534896374641,0.2911308842528508,0.3158955882330962,0.45215190367227315,0.97857314,8.012368,0.22568129,0.24334335,0.5032514,103700,0.025984463546627423,2.082833305834832,0.06544959422237134,0.07255223496161184,0.051099470095579635
random_baseline,458,0.7944733184041415,14.755104947076738,0.32009658334570557,0.32828146513647977,0.25241733934052984,0.04867287,32.28031,0.80906403,0.81249875,0.17129473,48622,0.7458004486026202,17.525206637395918,0.48896744730157227,0.48421728316597995,0.08112260545857947
random_baseline,460,0.9529389655591556,8.193072628995957,0.23910653978891674,0.25134059707777434,0.3852339732734444,0.31947726,22.775103,0.21885704,0.2390014,0.54421633,58811,0.6334617054463931,14.582029986360489,0.020249504748061337,0.012339203759598072,0.15898236154634932
random_baseline,464,0.9888518229939431,6.470390637577012,0.2095486640074132,0.21808472746183383,0.3389579047925151,0.9426444,10.715453,0.24870545,0.25611576,0.28264108,118179,0.04620740570802395,4.245062510311172,0.039156782712710086,0.038031036917667516,0.05631682179042463
random_baseline,463,0.0374869948754128,24.813541294967436,0.25474035748586493,0.36927045600960673,0.9420834168034424,0.86973745,19.233873,0.23482433,0.24548665,0.39032185,83272,0.8322504514327231,5.579667927657866,0.01991602787122565,0.12378380911896647,0.5517615660267701
random_baseline,468,0.4279301991859351,24.182886452465137,0.23192943887250117,0.23694295659002174,0.2892396134797329,0.31194627,20.057972,0.46503207,0.4673155,0.14357163,128366,0.11598392633589849,4.124914498119434,0.23310263200266668,0.23037253842416894,0.14566798335945552
random_baseline,462,0.12675264516928947,25.32486855129675,0.22881639611028085,0.24250133671850738,0.3529272084550937,0.65869087,22.659275,0.28444415,0.29000148,0.24691032,121868,0.5319382246389075,2.6655934963651085,0.05562775719858756,0.04750014505296174,0.10601688972283202
random_baseline,466,0.9870047997067807,7.901579416098137,0.19973599118027516,0.2402769016663162,0.880076558520205,0.19839948,29.703096,0.37819213,0.38099542,0.22007759,6267,0.7886053155492184,21.80151697367237,0.1784561355706709,0.14071852093538362,0.6599989693659616
random_baseline,467,0.48804245751249054,23.29905519044841,0.25225876917001094,0.2650011141947022,0.40306900832694054,0.84843093,12.07403,0.38128123,0.38418144,0.19278978,121344,0.3603884740556552,11.225025267963058,0.12902245770338688,0.11918032568185422,0.21027923021357536
random_baseline,465,0.4179612399016353,25.953658776084865,0.2168193160390798,0.24314962817948454,0.49474162922876735,0.949273,8.3491955,0.2618289,0.30587384,0.5935135,24382,0.5313117503251104,17.604463295738185,0.045009583344465115,0.06272421286780244,0.0987718595407639
random_baseline,472,0.21319990930168536,23.36366899559064,0.2591648940089684,0.29120148394897843,0.5673499569716596,0.25232223,20.028503,0.24326368,0.25040963,0.25297165,67036,0.03912231746108624,3.33516557762189,0.015901217246387545,0.04079185102775956,0.3143783078017377
random_baseline,469,0.9839328602425099,8.516943979284477,0.25271682357666375,0.26417502514098085,0.38882867920901926,0.5140788,25.174053,0.25718194,0.26548454,0.29700541,98349,0.46985406433262833,16.657109212854195,0.004465118886257391,0.0013095165136059461,0.0918232642462507
random_baseline,471,0.743476355200857,15.596873713530421,0.2440876881213033,0.24675553692404162,0.17305431918576736,0.8353903,11.830295,0.34254083,0.3448896,0.17432255,78673,0.09191397416010494,3.7665791044605967,0.09845314225246074,0.09813407408174146,0.0012682263426445073
random_baseline,470,0.525658304916605,21.676074657087153,0.30398075344362796,0.44994972567665414,0.683083716067783,0.1910429,30.054562,0.48884574,0.49314195,0.2738882,3557,0.3346154048311558,8.378486957903082,0.18486498234471738,0.043192223500134186,0.40919551554631384
random_baseline,474,0.5643320548196656,22.60471712772211,0.2500869272994008,0.27133580310536576,0.46433508124762185,0.9155832,15.432462,0.2557515,0.26055193,0.2894064,940,0.3512511384824889,7.172255389135685,0.005664563293555747,0.010783873631488805,0.17492869224959023
random_baseline,476,0.326505515899288,26.743600959291157,0.7989051957298353,0.8022499114817488,0.1991721860592574,0.33617508,21.141315,0.23916873,0.25264388,0.43631202,113164,0.009669568214786706,5.602285499086079,0.5597364623714521,0.5496060282534468,0.23713983376572428
random_baseline,478,0.6335032688543815,18.737409229665676,0.21989376095095578,0.22802488682107613,0.36807734760844096,0.45570648,20.047976,0.3654662,0.36740986,0.18089235,12666,0.1777967916891593,1.3105663104954566,0.1455724463148981,0.13938496830625846,0.18718499931895122
random_baseline,473,0.49304253753304284,26.790015637190766,0.4008020951377049,0.4162102666370285,0.3077411876094272,0.59844345,18.507324,0.3182068,0.39481357,0.6019837,90314,0.10540091101050575,8.282691418440766,0.08259530802832987,0.021396699237049843,0.2942425384152005
random_baseline,479,0.8833643324596345,13.855250372731945,0.20000060066070333,0.2072901856615763,0.3132614500573271,0.98829424,2.354413,0.3601907,0.47650057,0.633335,105631,0.10492991135292651,11.500837340200206,0.1601900889030479,0.26921038511250206,0.320073544258774
random_baseline,477,0.1827720653156039,21.695299289103684,0.5448286114880343,0.5468093880016905,0.12001988392122391,0.49052718,20.457476,0.37951455,0.3818304,0.16833334,84492,0.30775511750185525,1.2378236268722382,0.16531406628577905,0.16497899373365466,0.04831345278970596
random_baseline,475,0.9689372825049456,8.0865424533391,0.22750984864747723,0.23748542335637968,0.3239604265125482,0.1662858,21.128765,0.294074,0.3030115,0.28033528,60928,0.8026514845513399,13.042222652862073,0.06656415028059284,0.0655260834395035,0.043625149193593726
random_baseline,483,0.07035691527338517,23.005821307371114,0.2132750158734663,0.22586764404326698,0.4131726888534834,0.4767871,16.993988,0.4260383,0.4275707,0.15325525,74622,0.4064301750281285,6.011833270261739,0.21276327915712756,0.2017030566021798,0.25991743482325574
random_baseline,481,0.8874601344519031,16.998555406310643,0.31082882020621594,0.31906167737449453,0.33290478078352176,0.9841253,10.221961,0.1778399,0.20346832,0.5767278,112172,0.0966651816911328,6.776594384887304,0.1329889151826411,0.11559335462058828,0.2438230267382983
random_baseline,482,0.8803472955652992,14.242211875857912,0.21671289346309755,0.2311286617501902,0.36939132209029923,0.1520367,24.452404,0.20982838,0.23539537,0.53203994,138859,0.7283105988928597,10.210192146358885,0.006884516693078019,0.004266710163719711,0.16264861826690902
random_baseline,480,0.8571929816469664,15.685694058669426,0.3483515675994752,0.35087420147249876,0.17724041155076253,0.1844303,26.261986,0.19996451,0.2109612,0.34405375,6080,0.6727626804575438,10.576291720139167,0.14838705918520673,0.13991300862620054,0.16681333371901286
random_baseline,487,0.8374026943923331,14.58471960135617,0.28886992941999556,0.29183354567254827,0.22147560717010564,0.028795075,22.918543,0.21407782,0.21675098,0.19131288,9691,0.8086076197208262,8.333823260582307,0.07479211400652053,0.07508256624902532,0.030162727846146292
random_baseline,488,0.9529945087888394,8.094728781608467,0.4547571446979717,0.4631553664493876,0.21557153181249614,0.5932763,24.09589,0.72097486,0.72391874,0.20189045,28543,0.35971818690086943,16.00116126355755,0.2662177178775593,0.26076336953159995,0.013681078116245221
random_baseline,484,0.9099260751237752,6.025774735361402,0.2653114239851998,0.29206437426839366,0.46765906565825327,0.60125834,16.958212,0.4294457,0.4326774,0.2092386,139914,0.30866773762606403,10.932437163442309,0.16413428977326883,0.1406130139228295,0.25842046194712504
random_baseline,489,0.46536907159358404,26.23181357885916,0.39327333207139764,0.40205207310853514,0.34809998751439236,0.8260569,14.227068,0.24131638,0.25510925,0.5063876,125136,0.36068782604664423,12.004745631471465,0.15195695395478998,0.14694282256303343,0.15828760384760715
random_baseline,486,0.4867997551220898,27.446623689642333,0.2895859458069285,0.29584556245599714,0.272059937046812,0.91872776,17.807226,0.28880164,0.29349345,0.3012433,131164,0.43192800042448004,9.63939750861206,0.0007843055347879768,0.0023521127680393716,0.029183368159486855
random_baseline,492,0.9608252467861753,7.011956650617094,0.3494311224364385,0.3553950386174819,0.28298817587628255,0.20532067,23.252842,0.29176506,0.30648866,0.26212054,29005,0.755504575585423,16.240885298845797,0.057666058435355105,0.048906375659336754,0.020867630965851647
random_baseline,485,0.9646183740390986,12.728052991159124,0.19823199129263863,0.2118040586254392,0.472477862980345,0.5442518,23.89097,0.2776508,0.29399607,0.35163072,83547,0.4203665744556635,11.162917238943415,0.07941881203492179,0.08219200722958706,0.12084714546439956
random_baseline,493,0.9568059052279769,9.04921634509813,0.26713244285445453,0.28783770044396023,0.38795180782745137,0.97677594,8.158229,0.21904571,0.23619747,0.42445773,101393,0.019970039004963747,0.8909874708915879,0.048086729310562626,0.05164022882530789,0.036505921035311084
random_baseline,494,0.698124271548903,18.0459469677962,0.19228826093455537,0.21686361393171155,0.5400685713917732,0.9644431,7.3163295,0.28776467,0.29492864,0.30807558,122704,0.2663188160289168,10.729617488578672,0.09547640753010528,0.07806502619547045,0.23199299437112808
random_baseline,496,0.43319610642601675,23.005997255899324,0.5063055203753802,0.5099133626175101,0.2067610611347541,0.46906823,21.150536,0.27265495,0.40545577,1.0028958,75960,0.03587212277243906,1.85546167240323,0.23365056975663634,0.10445759450914216,0.7961347709270135
random_baseline,498,0.46075708569613105,21.977131493374042,0.8461083600294804,0.8495189618052393,0.1368727657067635,0.48291755,24.859468,0.2694692,0.3057245,0.40265882,44081,0.022160461529821096,2.8823369667089658,0.5766391584646916,0.5437944601954371,0.2657860544455192
random_baseline,495,0.12160367800411599,26.607688124146076,0.2417453764614947,0.2808878669216243,0.49071039693423624,0.8992788,10.887625,0.27677312,0.28129256,0.2487881,125106,0.7776751415568887,15.72006338354549,0.03502774847174811,0.00040469079474531044,0.24192229347297067
random_baseline,491,0.849374661310715,16.019501063601055,0.1967788140429275,0.2021390551368693,0.26845217510930763,0.6463978,18.433767,0.22445075,0.23514926,0.33046016,108996,0.2029768322549289,2.414266255124531,0.027671938096164,0.03301020919876302,0.06200798586138023
random_baseline,490,0.8442086827104383,17.71668565587904,0.19494142116768545,0.2162730867482965,0.596700984136113,0.7878926,13.793733,0.25734174,0.26478523,0.30030662,131652,0.05631610267808962,3.9229530127515986,0.06240032134787851,0.04851214341146301,0.2963943659224595
random_baseline,497,0.07613185017310146,30.00093801464826,0.38826581055906995,0.40574289753602527,0.26558435971885697,0.900502,16.006483,0.24003118,0.24343659,0.21117835,36206,0.8243701759079838,13.99445493664533,0.14823462779310925,0.162306307698951,0.054406012250480806
random_baseline,501,0.5872441796259223,13.632192692346948,0.26017378674801334,0.27047973781237505,0.38611256700434277,0.11254361,29.078642,0.26134795,0.28369623,0.4011888,61270,0.4747005669073402,15.446449199132545,0.001174162756838959,0.013216496413851753,0.01507622379384449
random_baseline,499,0.3139272843360363,23.83768459396748,0.2237608950776753,0.22517599535097532,0.14085123287686438,0.5534485,19.648323,0.26681364,0.27396747,0.2470171,66888,0.23952121391301767,4.18936153488545,0.04305274074843554,0.048791479348045064,0.10616586757651239
random_baseline,502,0.15285735414093934,24.99943425105433,0.2885578495516585,0.3274359194554986,0.47813255003328947,0.7996153,12.152144,0.37087217,0.37332782,0.17462762,77429,0.6467579694026092,12.847289818986457,0.08231432018138901,0.0458919020376502,0.30350493303175596
random_baseline,505,0.928316516963837,12.788715694768072,0.4016539535728364,0.40504338986221156,0.22104642091249277,0.3092958,27.611074,0.3988728,0.4002728,0.13831599,12097,0.61902071365535,14.822358752863764,0.0027811608520417197,0.004770603244932503,0.08273043034528543
random_baseline,500,0.9633331196507476,10.701436271206731,0.2761213650972056,0.29834552595824804,0.5282801654263738,0.36743867,25.060791,0.3160509,0.31791618,0.16680965,90965,0.5958944456776641,14.359354744418269,0.03992952201064354,0.019570658705524546,0.3614705171509984
random_baseline,504,0.9442660090983698,12.190905323048817,0.3155136771386499,0.32350538294851977,0.2868410183515449,0.36025137,25.309942,0.23134136,0.23905241,0.3311226,21114,0.5840146420062372,13.119036922434582,0.0841723151391382,0.08445296805441577,0.04428158864117665
random_baseline,509,0.9437755629435194,12.393648615371212,0.1891205186539999,0.19730675162993158,0.4164445277523673,0.9564389,9.109828,0.27242395,0.30015045,0.43811324,100996,0.012663336096702782,3.2838206200709195,0.08330343416391697,0.10284370241441046,0.021668714635404318
random_baseline,510,0.8089601421155437,21.71458312333027,0.3320373835389164,0.33728952759613734,0.2375820260102618,0.6937274,22.9943,0.3045525,0.31103653,0.26827884,17485,0.11523276803870042,1.2797177189548847,0.027484888059332635,0.026253000439307506,0.0306968111937177
random_baseline,507,0.9466464209271538,5.2138614839356805,0.31313703456206937,0.31855655651489934,0.22359020212258893,0.518526,19.97889,0.6216082,0.6240617,0.16482972,77221,0.42812040326129075,14.76502798139635,0.308471163126987,0.30550514716704646,0.05876048603620129
random_baseline,503,0.593619854306329,21.653484232085273,0.2070250642832238,0.21409250759445295,0.32269440950318085,0.83551836,7.239979,0.24240625,0.26068288,0.3919754,124891,0.24189850583161043,14.41350544180207,0.0353811847631019,0.04659037328399554,0.0692809933288504
random_baseline,506,0.9514674572300257,11.67678138627133,0.19591247666056522,0.20769780767011015,0.5120198551446202,0.57669336,12.65129,0.32000378,0.3225815,0.16992757,89472,0.3747741011928858,0.9745085536090414,0.12409130108182065,0.11488369214487704,0.3420922879010442
random_baseline,508,0.9904838300116101,2.1001861491742773,0.4870745039454456,0.5786192584657918,0.546510260847772,0.72394794,20.154459,0.20893359,0.21862468,0.4458563,95413,0.2665358877546826,18.054272850459512,0.27814091210279424,0.359994577231432,0.10065395787116371
random_baseline,516,0.7309231625190922,21.762213889208457,0.240856229836527,0.24959046026101284,0.3677824155820994,0.6291179,23.407984,0.270446,0.28097823,0.38807705,53116,0.10180525642549476,1.6457698906987694,0.02958977264684093,0.03138777236113377,0.02029463486536459
random_baseline,513,0.6137909354428154,22.69776012815773,0.7677373856402365,0.7733133452208123,0.24946383410840509,0.96642226,6.505414,0.3261024,0.35012406,0.34620205,136754,0.3526313243647713,16.19234611906349,0.44163497985372224,0.4231892841131768,0.09673821157068732
random_baseline,511,0.44084634559882535,21.720332928886787,0.23197112069910805,0.24853023018661452,0.3808786138977581,0.8913892,12.079499,0.37830257,0.383051,0.26912144,3401,0.45054284555183993,9.640833684196846,0.1463314534586068,0.1345207777994542,0.11175717563291132
random_baseline,514,0.8814051204295401,20.889236058023904,0.423871919411595,0.4312965632667158,0.339218048952919,0.04299533,28.241432,0.43329823,0.43676203,0.18029302,53545,0.8384097904832606,7.352196131917502,0.009426310759608592,0.005465471626320106,0.15892502536664582
random_baseline,518,0.9074028199359438,15.17208922663351,0.20061906518296166,0.24306427559810523,0.6745216779947815,0.20740697,25.58758,0.291301,0.29386115,0.15171261,25525,0.6999958520576022,10.415490500539342,0.09068194685622291,0.05079687514347192,0.5228090666771469
random_baseline,517,0.6199671473308886,21.7987697845334,0.2602454053265233,0.3428715881301011,0.7018720319280816,0.127303,26.036758,0.21456872,0.2284461,0.3563548,119683,0.4926641430660571,4.237988638318164,0.04567668605867814,0.1144254919482316,0.345517229081173
random_baseline,512,0.6939971420948905,20.819525650977166,0.22724619321727205,0.23788470739484588,0.2580582183408135,0.56460273,22.896826,0.51076835,0.5120907,0.147964,60254,0.12939440943650427,2.0773001394281074,0.2835221607217844,0.27420597558855253,0.1100942176389092
random_baseline,515,0.6520911968488464,22.968875362876233,0.6332116195931908,0.6352799795642174,0.170815156045717,0.71697736,22.600525,0.34604067,0.4576096,0.6331878,113601,0.06488616101553346,0.36835046053248277,0.2871709534898278,0.17767038569596183,0.46237261479778885
random_baseline,519,0.8390752114740244,19.565322152011053,0.2329682508574429,0.24336036259474367,0.4054784084056278,0.99078375,8.451201,0.22205076,0.24228019,0.4494483,74800,0.15170853953687036,11.114120713107244,0.010917494641393716,0.0010801773721179353,0.04396987908140221
random_baseline,523,0.957407130210292,15.20697992471024,0.260906351183296,0.26897953558315546,0.2668829563398599,0.8724896,20.812439,0.36634177,0.36842424,0.19080688,37447,0.0849175586389419,5.6054590401335105,0.10543541851198596,0.09944470119128912,0.07607607574656006
random_baseline,520,0.9790513469706275,8.698041108269138,0.2251914173235234,0.27326368437151277,0.910761728035741,0.6274624,23.354504,0.24172638,0.25170487,0.2714628,113879,0.3515889598856665,14.65646252332266,0.016534966243332977,0.021558812717002274,0.6392989299171496
random_baseline,524,0.5422886039289591,27.138894214879393,0.4133559428958677,0.4180327991738927,0.21040456402780422,0.2899978,28.369846,0.58686805,0.5926722,0.26539946,43816,0.252290817645466,1.2309521291147476,0.1735121048183657,0.1746394296392787,0.0549948919963657
random_baseline,521,0.9531083152963619,8.53879441904391,0.37126623641106127,0.37713776579429104,0.21834495307862348,0.20115994,29.14764,0.46051162,0.46329418,0.20273778,69146,0.7519483761264781,20.608845809227574,0.08924538840201857,0.08615641245316075,0.015607174653406802
random_baseline,527,0.3220272028701986,26.603913227998063,0.23072568846489275,0.24961284813649018,0.3821009170603052,0.99415547,4.384458,0.25930282,0.3013697,0.58215326,34621,0.6721282636863505,22.219455162965104,0.028577136270748732,0.051756848719054865,0.20005234364755003
random_baseline,522,0.7539310232333905,24.405391542802676,0.3750644401048379,0.38099631024933117,0.29316659184571986,0.75980604,14.048605,0.25357798,0.25748354,0.23213936,88632,0.005875013715767263,10.356786577592715,0.12148646268593838,0.12351276828384655,0.06102722796079402
random_baseline,526,0.18693686519507993,29.304082407463717,0.47009864154170217,0.4714574922382766,0.11085204132609963,0.22519776,25.94654,0.20812334,0.235612,0.4375678,76662,0.038260897055820337,3.357541574944186,0.26197530033896627,0.23584548724293053,0.3267157589573324
random_baseline,530,0.662068308368383,23.958344395590156,0.3779883056802714,0.38129772420864255,0.21353857324579775,0.82990533,18.61961,0.2094308,0.24673145,0.59679496,100772,0.1678370227664131,5.338734562826485,0.16855750679206494,0.13456627901535184,0.3832563896371979
random_baseline,525,0.8884122178481991,4.87949024144325,0.2644070272231838,0.34175443397643135,0.6691936216571336,0.097351626,24.46244,0.28402218,0.30884877,0.5081417,100272,0.791060592286485,19.582950249279406,0.01961515500299721,0.03290566550375984,0.1610519252040391
random_baseline,529,0.7262434054315597,23.61633591349396,0.43478018118690653,0.44861773098838414,0.4014907431312698,0.45041785,26.10022,0.33895403,0.34417996,0.21740223,4130,0.2758255589902908,2.483883813068541,0.09582614971946879,0.10443777288329686,0.18408850845776975
random_baseline,528,0.9667053469358592,11.310707902875848,0.19188379688250473,0.21611317201486133,0.6236586948199347,0.99255604,1.8965497,0.511681,0.76698846,0.7937462,64552,0.02585068858278705,9.414158201185174,0.31979722337735245,0.5508752842343757,0.17008747856187068
random_baseline,534,0.39152574383276184,22.720133441909773,0.21050816454903248,0.21416862472977966,0.2450592899333153,0.2479822,28.440626,0.21846165,0.22998716,0.33792156,52567,0.14354353987234314,5.720492702499406,0.00795348308070537,0.015818534641596382,0.09286226987732313
random_baseline,531,0.25459234445567996,27.770993343836384,0.3283084339578681,0.33156139919788885,0.18235690374294838,0.6015729,21.649431,0.3594494,0.3744892,0.317012,37382,0.34698052675251095,6.121562115198689,0.031140952638811614,0.04292778899638605,0.1346551082619039
random_baseline,537,0.8969297838495766,15.631272590060597,0.25983918702113457,0.267817323517214,0.3189123205609916,0.23385225,29.57408,0.7288262,0.729597,0.1049654,1655,0.6630775314854179,13.942806923489208,0.46898703778279,0.46177964894830115,0.2139469168849586
random_baseline,532,0.8969536540216104,11.484656560349194,0.2647973796478372,0.30545591909626585,0.5786502840992432,0.8989567,8.576449,0.25781804,0.27081344,0.41956142,135707,0.002003062039028003,2.9082071661231197,0.006979336415873116,0.03464248378018003,0.15908886818852241
random_baseline,536,0.6492252056573053,19.33687477629626,0.2682706707822261,0.27521567030093413,0.3243279227095398,0.4918897,25.352304,0.38324153,0.39241588,0.3144274,37153,0.1573355202649256,6.015429682321905,0.11497086345086716,0.11720021085598725,0.009900517113760388
random_baseline,538,0.8876597342641358,16.346039596275702,0.2796103176317233,0.2833679148709432,0.19172350393222806,0.36633575,23.410688,0.60417295,0.6083877,0.20875104,107023,0.5213239846379761,7.064648803992853,0.3245626273908597,0.3250197937929972,0.017027533784637477
random_baseline,535,0.46466456236935627,22.67801903994884,0.2516790097851022,0.25511119495122286,0.2138169315707996,0.97036743,12.073354,0.18807729,0.22315034,0.7935803,51687,0.5057028692712687,10.60466527255382,0.06360172389929136,0.03196085224835726,0.5797633620845959
random_baseline,539,0.9869527895907888,10.626068607181516,0.278888903917439,0.3216980376441831,0.6523555442066803,0.92047703,8.371471,0.23864922,0.2550316,0.4254453,83835,0.06647575692935082,2.254597202152219,0.040239684642918105,0.06666645195082371,0.22691025578695678
random_baseline,541,0.9709854311814325,7.994536641691482,0.33823390983553403,0.3535792378020103,0.3597290671836083,0.5088033,21.498247,0.27294868,0.28468412,0.369901,129267,0.4621821231713312,13.503710504914963,0.06528522752733701,0.06889511619327615,0.01017193426979135
random_baseline,533,0.8336490665916799,19.077816961049823,0.23213383762090511,0.24147270663996945,0.34318977236840625,0.97416437,6.6567287,0.33006704,0.33978084,0.37641975,14776,0.140515300130427,12.421088216542987,0.09793320091516666,0.09830813065747013,0.03322998046782116
random_baseline,543,0.3039327352814213,25.712132341745694,0.2650951663676451,0.26730878127548297,0.18239124737731724,0.8334814,13.234088,0.280433,0.28704214,0.25779453,20174,0.5295486361213192,12.478044397714932,0.015337832766418646,0.019733359685210394,0.07540328182228298
random_baseline,547,0.9264941318777998,15.173804273535481,0.34071471966738975,0.34340150067213937,0.22518700458579344,0.815775,15.545132,0.28129026,0.3031637,0.41173542,29620,0.110719154670616,0.3713274098141284,0.05942445672984398,0.04023779341582223,0.18654841087288576
random_baseline,540,0.9644222318631984,2.7146868531186286,0.4474889054724743,0.4554304867428605,0.18160318150342936,0.84024227,14.098247,0.412862,0.4345449,0.42084295,110879,0.12417996520823016,11.383559721283227,0.03462690262289542,0.020885595623857223,0.23923976407228476
random_baseline,546,0.5222860803401341,23.086594085413743,0.2345717054795107,0.246500653044686,0.35221812781212436,0.20663439,26.539753,0.9282647,0.92886984,0.075227804,79908,0.3156516929662099,3.4531588747913347,0.693692972045056,0.6823691904382851,0.2769903233301412
random_baseline,545,0.37756456369336855,25.989180296700273,0.8581783607186781,0.8589087859638949,0.10524330940144368,0.40796944,21.9051,0.22408827,0.29959115,0.75054085,2806,0.030404881296789532,4.0840804279258585,0.6340900942267882,0.5593176321038027,0.6452975431452482
random_baseline,544,0.2598559782760508,31.029832367951755,0.3731945148550239,0.3783239427435956,0.23001933860755966,0.939248,4.6200237,0.27246633,0.27961096,0.26598975,31774,0.6793920471412771,26.409808640534763,0.10072818313467174,0.09871298106795168,0.035970412016143344
random_baseline,548,0.659149067921788,22.53928763589566,0.33350911547175033,0.33657418284222573,0.20252364550316196,0.7266238,20.732729,0.22863391,0.23594843,0.4044834,50703,0.06747470565304114,1.8065586777657785,0.10487520505419357,0.10062575433060617,0.20195976223266263
random_baseline,542,0.9782839367449468,8.437057125980637,0.20413939102436474,0.27319535768789455,0.8094374212852006,0.034575075,29.888807,0.70585346,0.7071043,0.11547966,80496,0.9437088618338293,21.451750170772293,0.5017140711948735,0.4339089676066001,0.6939577582707886
random_baseline,550,0.5373428145788157,23.223766476089096,0.4014178739982208,0.40678929833313926,0.23615610938994958,0.24724793,26.48304,0.33372656,0.36532095,0.48030734,137915,0.29009488023738506,3.2592733798679348,0.06769131888919677,0.041468347586603005,0.24415123123199867
random_baseline,554,0.6966605893359408,15.534908156165145,0.390264066376102,0.3934194785362232,0.19424064887634937,0.4122784,19.964928,0.22994068,0.25961086,0.41013217,9621,0.28438217556335776,4.430019517174699,0.16032338372648958,0.13380861699638252,0.21589152084716137
random_baseline,552,0.9753768396598718,12.50698894723395,0.2394054036301572,0.2454805051602323,0.3251427780821659,0.7788192,18.200243,0.29903224,0.31870311,0.43272537,21143,0.19655763628310174,5.693254048981871,0.05962683747587613,0.07322260982618739,0.10758259184810143
random_baseline,549,0.940798264115225,7.812657885508095,0.2646912831208248,0.29743919960910636,0.4451493306942445,0.8360564,17.863283,0.36408868,0.37812954,0.40307897,108487,0.10474185284889814,10.050625271840538,0.09939740119962504,0.08069034226482552,0.04207035740094006
random_baseline,558,0.9142626108812832,13.726925215669453,0.38462449198984344,0.39167091586055114,0.28471676228400394,0.1699406,28.404053,0.545037,0.5469396,0.13961226,54633,0.7443220051216626,14.677127518705547,0.16041247957921784,0.15526869557438538,0.1451045048033826
random_baseline,555,0.9640263354498084,7.71442651234571,0.2446705944851001,0.29876538542334224,0.6224109157492361,0.36652547,25.000937,0.33578712,0.34686038,0.26807517,90382,0.5975008642393287,17.286509995833,0.0911165229961316,0.04809499355729435,0.35433574761645414
random_baseline,551,0.9189906090505107,6.587984390933869,0.3293668172715255,0.38414779142891703,0.4698378323245028,0.98803884,6.116672,0.22070016,0.23958364,0.44861326,58438,0.06904822885918782,0.4713123519018865,0.10866665760260308,0.14456415013825236,0.02122457610845363
random_baseline,557,0.7224795058450009,20.711558402695285,0.21133231640323855,0.2539885982890197,0.7421497370662874,0.48853737,18.768845,0.23619995,0.25528818,0.31242603,102897,0.23394213468640102,1.9427137982030978,0.024867628808171977,0.0012995854000977247,0.42972370643045366
random_baseline,553,0.6309262830606951,20.467380874092946,0.3045031978505586,0.31099611754032835,0.25632194535849495,0.930598,14.218661,0.18666604,0.2013833,0.5146873,49832,0.2996717374928938,6.248719565804372,0.1178371562379335,0.10961282486531004,0.2583653543698986
random_baseline,556,0.48040559366571833,24.47848354847365,0.32392288891378995,0.3285250298905212,0.26764304144957685,0.5745502,22.54313,0.4191703,0.42043617,0.15435867,104374,0.09414461776387761,1.935352673839862,0.09524740131791476,0.09191114378692328,0.11328437133410596
random_baseline,559,0.323894430319712,25.420208855593053,0.5737230383980637,0.5793509201892536,0.2601779177914553,0.6315362,20.097155,0.38572633,0.3903929,0.23717067,70060,0.30764175542171257,5.323054238283483,0.18799670573357397,0.18895802067600898,0.023007251335232792
random_baseline,560,0.15224755952835164,24.546872558795727,0.7973316597998472,0.7990880126814266,0.1181660390669786,0.92987037,15.045594,0.37743837,0.38207573,0.24619722,102016,0.7776228075218192,9.50127834340266,0.41989329338673076,0.4170122856954952,0.1280311845963515
random_baseline,562,0.9376861495065715,10.812820197594178,0.5764069157152018,0.6031094044394483,0.401550324234977,0.8300228,18.867785,0.30040523,0.30494532,0.28056476,46417,0.10766333761692304,8.054964302527893,0.2760016816167673,0.2981640845484723,0.12098556903363727
random_baseline,563,0.8514159567917141,17.060140811123425,0.22846841115835098,0.23664735873689494,0.40606375630118496,0.53584135,23.69682,0.28008547,0.28281537,0.20950103,103676,0.3155746110046658,6.636678494296497,0.051617063094349824,0.04616800824651876,0.19656272824027188
random_baseline,566,0.964804884844739,2.66482034030593,0.4152745328208093,0.428024616856666,0.2699163960156822,0.99202263,5.4880505,0.25867078,0.2673578,0.37014934,129660,0.02721774870781224,2.8232301205095,0.15660375573836605,0.16066682042607822,0.10023294819017414
random_baseline,567,0.45003841774660813,19.711691445292246,0.318454793639108,0.33184491204069616,0.29386625081400614,0.36798972,24.716265,0.26536438,0.2838323,0.36910075,68192,0.08204869883257615,5.0045732794391995,0.0530904149483884,0.04801260041044714,0.07523449867863913
random_baseline,568,0.08816875700692238,30.671216228103646,0.7441720190175687,0.7465868309269111,0.17697090412177643,0.15887499,26.643608,0.33000398,0.33297437,0.21469231,12639,0.07070623154898582,4.027608134841927,0.4141680421956693,0.41361245663263013,0.03772140537701049
random_baseline,569,0.9287553117475089,14.688194327779634,0.2296428760938181,0.23839184295537405,0.3369003238654692,0.24419552,24.24337,0.2576526,0.27031475,0.35851282,100153,0.6845597908696708,9.55517572837271,0.028009734446571927,0.03192291010019846,0.021612494947854777
random_baseline,561,0.42853641248431057,26.08971470204551,0.38633692598917324,0.4077571429750493,0.37490345178433665,0.7942748,17.296724,0.28271684,0.29130936,0.33616364,49983,0.3657383944920078,8.7929903825875,0.10362008548357327,0.11644778628559616,0.03873981176205882
random_baseline,564,0.9047892364793859,4.921641529310271,0.25982103716162286,0.26421426774638834,0.1906287071255769,0.82662374,17.281738,0.2485447,0.26954558,0.40305954,104307,0.07816549866734368,12.360096751939729,0.011276344168458796,0.005331317170680139,0.21243083505353078
random_baseline,570,0.34447837466337305,24.517121736656794,0.24616838405989863,0.26869216253261363,0.365809590486474,0.91865546,12.471125,0.35718575,0.36350662,0.2668871,70656,0.5741770804490842,12.045997087608942,0.11101736713982366,0.09481445262928212,0.09892249193567748
random_baseline,565,0.45427357730485196,17.83624441018071,0.2388284149379569,0.2599609828444866,0.590039228038807,0.556569,21.1384,0.24153994,0.24434067,0.19871552,91888,0.10229540291212802,3.3021547139647964,0.002711525300042067,0.015620309755459194,0.39132370515348447
random_baseline,572,0.6813403014888612,23.626180113780464,0.6889388203161869,0.6897609467420514,0.11304371640979922,0.7686641,21.870243,0.43748,0.44281736,0.27633426,79970,0.08732382013894646,1.7559370412706983,0.25145881767450906,0.24694358657931637,0.16329053952396239
random_baseline,571,0.492018107560557,25.56675889571185,0.24895981175158943,0.25196227794111486,0.20760491213030902,0.43275505,23.107105,0.25684872,0.26370314,0.27922386,123777,0.05926305451719155,2.4596536405848966,0.007888910944714889,0.011740859695069827,0.07161894717984113
random_baseline,573,0.9182810502216573,9.606530613537359,0.3152278868554585,0.33728024499058273,0.3150680062875932,0.44586882,22.929441,0.31668133,0.33990926,0.3637202,83530,0.4724122302696462,13.322910838489008,0.0014534385801799332,0.0026290105140254205,0.04865220211885518
random_baseline,577,0.4691798755216395,23.877544670096974,0.5235524581090912,0.5266654461917796,0.1879054067696388,0.8555595,12.950553,0.2405056,0.25330868,0.34123018,69269,0.38637965235235344,10.926991729728321,0.2830468521730408,0.27335676255797525,0.15332477707015918
random_baseline,574,0.9601681739521196,5.223403027910372,0.28109935686750387,0.2942523989418995,0.3315187827765876,0.99352896,5.4803944,0.19955805,0.24271014,0.7340186,50999,0.03336078818319532,0.2569913354929483,0.08154130742711996,0.05154225561418646,0.40249984105230036
random_baseline,575,0.8985169522344353,17.191110719141214,0.27611064259520435,0.3016927805567303,0.6497710538418227,0.62766373,21.978476,0.20862669,0.22099835,0.48816904,125945,0.2708532206594231,4.787364851537497,0.06748395506850147,0.08069443375115781,0.16160200958561233
random_baseline,578,0.22283872531899873,21.734067060337246,0.24641792493475767,0.2827118319027149,0.4936088256502719,0.25485057,27.649908,0.45685756,0.46346062,0.21556951,108908,0.03201184106817778,5.9158410054586525,0.21043963713036684,0.18074879231527213,0.27803931459432557
random_baseline,579,0.14579993372248465,28.697552237725414,0.3988720827124456,0.41091816233363415,0.29433263377301244,0.8427517,12.5081,0.26804525,0.2852381,0.436076,139818,0.6969517480821723,16.189452681756176,0.13082683611134088,0.12568007515635754,0.1417433516586587
random_baseline,576,0.6603430875734717,19.138084096927305,0.3134820964729304,0.3231786038275906,0.29493647089891695,0.17537346,23.672255,0.27379435,0.31168753,0.5252819,27314,0.48496962275070254,4.534170465450625,0.03968774346466014,0.011491074740523965,0.23034543522901274
random_baseline,580,0.6355702877413512,19.759034953103647,0.2540532596675427,0.2921475143787181,0.5846450678488312,0.63105476,24.87715,0.29275542,0.2964441,0.26472098,98508,0.004515528715777428,5.118114628805532,0.03870216530880616,0.004296573841878204,0.31992409149613954
random_baseline,581,0.08761232740497826,24.914173898650574,0.2356590034425659,0.23844688902419225,0.21445988325937398,0.78773725,19.940672,0.39074472,0.39235625,0.18346275,59867,0.7001249229230857,4.973501977874207,0.15508571248646547,0.15390935768563135,0.0309971293674291
random_baseline,586,0.9788251893029914,8.749346606840732,0.2843459441145318,0.3066224677757228,0.505365177827932,0.9363359,11.504751,0.27798116,0.29334202,0.35795787,78969,0.04248926801545483,2.7554045986036044,0.006364782043303763,0.01328044368781689,0.1474073080597893
random_baseline,583,0.7084801872309119,16.304243329676353,0.23150667237390699,0.2386698214724147,0.26841434784074786,0.26744822,29.145437,0.534603,0.5358465,0.11039409,113742,0.44103197055419985,12.841193910924233,0.30309632731328784,0.29717665031408436,0.15802025742670062
random_baseline,584,0.3813901265729601,22.235712768390822,0.3790182920425733,0.3820834052639533,0.1703905373466681,0.95122933,10.09479,0.29022178,0.29607192,0.26129594,40824,0.5698392073046034,12.140922309711623,0.08879651150401435,0.08601148844533452,0.09090540710561767
random_baseline,582,0.3749231112060067,19.849967229473986,0.24179642068584253,0.24659295132931774,0.25533708774308755,0.9533724,9.861614,0.23027451,0.25247434,0.56449246,107960,0.5784493076744559,9.988353002179064,0.011521907322004338,0.005881386486920659,0.3091553763224642
random_baseline,587,0.9664875975264007,7.231630977972742,0.26090189266530384,0.2763120320980306,0.357647936254467,0.8009974,13.38691,0.33836082,0.3412181,0.18231064,68142,0.1654902210844451,6.155279460564856,0.07745892357500683,0.06490608180120033,0.17533729544254684
random_baseline,589,0.553851089726423,24.46476407532283,0.3825836306840476,0.3861899863488693,0.23138893412426265,0.90631706,14.551181,0.25665516,0.28955525,0.47952405,2797,0.35246596549894926,9.913583235784255,0.12592847407165136,0.09663473475051115,0.2481351120583698
random_baseline,592,0.9624096150923516,5.378541239768495,0.38541141323548955,0.4169491297497312,0.44853169300076656,0.7346471,12.456335,0.31691405,0.32659796,0.26441398,9929,0.2277625198889519,7.077793827980528,0.06849736146432561,0.09035117094655432,0.18411771037099056
random_baseline,585,0.010040656668195796,28.709837332909377,0.2094091079934679,0.23631783722596086,0.46034689773203036,0.41190627,22.834793,0.32805955,0.33040127,0.16550323,134630,0.40186561550473204,5.875044242089064,0.11865044610656872,0.09408343435568892,0.294843664060842
random_baseline,588,0.23812620656791322,27.71556443432417,0.5358909694443462,0.5374911478116192,0.14232015396233516,0.47696835,25.903982,0.5846743,0.59656215,0.34771103,111405,0.2388421414583624,1.8115822718485823,0.048783329318928925,0.05907099932888371,0.20539087270621342
random_baseline,591,0.4019166069682231,21.714439420586427,0.24596743305730726,0.2599394088856033,0.4011591647541518,0.33455402,22.401274,0.2727487,0.27979276,0.3171873,91207,0.06736259037810471,0.6868343068305656,0.02678127566766833,0.019853346956605566,0.08397185548901509
random_baseline,595,0.8256113080742272,15.31015331640625,0.25553321121975603,0.2675563387368174,0.3792914458051904,0.8896298,19.973223,0.3568901,0.36138672,0.2740659,130288,0.06401847317195808,4.663069416137695,0.10135690094188032,0.09383037762899682,0.10522553403532348
random_baseline,590,0.9806836547140841,5.362318444630212,0.23686457824856774,0.2517788671301466,0.4598055119799022,0.32539976,26.988537,0.77491575,0.77859867,0.21702033,83146,0.6552838982825046,21.626218390086585,0.5380511765465067,0.5268197990609544,0.24278517916663928
random_baseline,596,0.9474137013695328,13.057736094314286,0.2683328321542184,0.27344131498546953,0.2948782196904943,0.8334441,17.898413,0.39724222,0.40248412,0.28895807,37943,0.11396958286977699,4.840676610153487,0.12890938610177832,0.12904280395297651,0.00592014702814081
random_baseline,594,0.14981700933153722,27.54041376507046,0.26840433243923245,0.2709691472077746,0.17153174200703222,0.32047957,28.294926,0.63296336,0.63457644,0.1587935,12919,0.1706625624877682,0.7545119246268044,0.36455902691669406,0.3636072926497083,0.012738247901693173
random_baseline,593,0.8052457210930016,13.357171521880439,0.4077134661998186,0.4180772011702839,0.29209536162248506,0.6582459,23.619196,0.2640903,0.2720891,0.2966313,87728,0.1469997999580529,10.262024416229913,0.14362316659349533,0.14598810724671518,0.004535944787350754
random_baseline,598,0.08752719877316582,31.484115443857373,0.7136240972684417,0.716127008477276,0.13234156672908073,0.2892659,20.376766,0.24822108,0.2643944,0.3343902,123810,0.20173870207713018,11.107349239023389,0.4654030127929244,0.45173260597330867,0.2020486264948725
random_baseline,597,0.12727509579555468,20.2287384285875,0.27625134404368024,0.2869386424521869,0.21900824353084394,0.7024166,22.61972,0.5739068,0.5819679,0.261467,89595,0.5751415030012899,2.3909820303968736,0.29765543524556537,0.29502924781041684,0.042458766251947194
random_baseline,600,0.21474689887151985,24.1122871636705,0.2119919261663329,0.21467124910417204,0.20326751810832497,0.68587065,16.724934,0.2235358,0.23076867,0.31767005,77590,0.47112374855890005,7.387353539402923,0.011543879774295163,0.01609741656717653,0.11440252917484764
random_baseline,602,0.2659606473335399,28.151731677946525,0.42206358997267085,0.43073607984692863,0.29719761302380354,0.9592805,12.925335,0.22379889,0.24815561,0.546064,27360,0.6933198435417043,15.226396747526604,0.19826470403116542,0.18258047107369713,0.2488664061793825
random_baseline,603,0.6606286428744144,19.076384912679416,0.3098950229613055,0.3206977807276331,0.2950827664103691,0.30424413,21.371769,0.3089149,0.31567028,0.22173005,115410,0.3563845120245761,2.2953840387366,0.000980123135255695,0.005027499078997244,0.07335271298553392
random_baseline,599,0.4700901241360246,26.235156099772112,0.4127495782178158,0.41716490592651706,0.1949876547626382,0.8969147,14.729623,0.26725742,0.27222648,0.24398555,35838,0.42682459639925374,11.505533258890765,0.14549215600902982,0.14493842329674106,0.048997893852817415
random_baseline,604,0.1550724587984392,23.051375423779582,0.29243094468748626,0.29998531700209435,0.2259049987960747,0.7971967,15.311357,0.30972338,0.31354976,0.20261912,128538,0.6421242274694136,7.740018879284953,0.017292432540296943,0.013564440001689826,0.023285878317444636
random_baseline,606,0.7159441531809894,20.59531605323277,0.3120737795858378,0.3158634776421268,0.20795603534592347,0.6605614,11.977976,0.25165686,0.25589105,0.20482118,100812,0.05538277041045103,8.617340207895857,0.0604169194726939,0.05997242277342868,0.003134851068388983
random_baseline,601,0.2341037305404466,29.92234400020153,0.7706396353109625,0.7713374350124929,0.10876199842660302,0.1463244,24.497746,0.29790226,0.32059744,0.3295305,30470,0.08777933440702373,5.4245984862855146,0.472737379060581,0.4507399950081441,0.2207685088995231
random_baseline,607,0.07802135791778221,25.47535191015402,0.29598202238080384,0.3062322946574369,0.32502463638962814,0.2617722,22.352373,0.28599292,0.28818053,0.19848569,121745,0.18375082764625894,3.122978786985076,0.009989101982091686,0.018051764586178354,0.12653894901455948
random_baseline,608,0.7252522933498342,10.054418213371648,0.4045744919875473,0.41213011915380193,0.23351147969087213,0.95601225,11.907859,0.19964951,0.2385509,0.57430327,90430,0.2307599556430857,1.8534406352001298,0.20492497921975555,0.17357921774083807,0.34079178969541934
random_baseline,611,0.9611600194565455,10.671410930760274,0.2862325723996989,0.295151008984007,0.2996826431203465,0.75914407,19.163265,0.27024958,0.27579156,0.2775482,127102,0.20201595169226327,8.49185429751121,0.015982997023188283,0.019359453340925314,0.02213444918876689
random_baseline,610,0.9100013026623607,5.909938075949448,0.28112695987101033,0.28515600326902124,0.1653658017389739,0.41429013,21.78199,0.26912236,0.28383508,0.30641672,97861,0.49571117252396346,15.872051975320083,0.012004597734169509,0.0013209200227901619,0.14105091841292736
random_baseline,605,0.7272313642287423,16.97000315539683,0.2291096997394598,0.23701078931638955,0.29543619633548734,0.062754646,27.072792,0.45650977,0.48401707,0.3588983,50502,0.6644767182851007,10.102788897825825,0.2274000692234003,0.24700628479173423,0.06346211551792147
random_baseline,609,0.9479191137797226,4.170706059158157,0.31912701660060033,0.327399369963728,0.3535762811586582,0.0067370525,29.635548,0.30677193,0.30984873,0.17768624,113420,0.9411820613167275,25.464841578781297,0.012355082568160147,0.017550644167982132,0.17589003690931432
random_baseline,613,0.5077799671493328,23.7081620473361,0.3613590341954588,0.37557791578001465,0.38376569087440576,0.428266,26.549637,0.7042726,0.7059732,0.1516048,55245,0.07951397832258111,2.8414747934842133,0.3429135936350466,0.3303952921705774,0.23216088945800867
random_baseline,615,0.43506885513807436,22.641065367615575,0.17276649971693706,0.17916211273391608,0.31564559891207244,0.7796087,8.582299,0.31954214,0.32732004,0.27324918,125492,0.3445398713633905,14.058766135132664,0.1467756400516634,0.14815792653839227,0.04239641978724029
random_baseline,612,0.467849426878123,24.597476122008892,0.33011430698200106,0.337133885851185,0.28856155929316235,0.94115186,14.36936,0.23768744,0.24619175,0.34416538,19167,0.47330243049797566,10.228116151916119,0.09242686825557589,0.09094213091401304,0.055603825476277347
random_baseline,617,0.08845646808025165,29.759909131271712,0.8552642887229356,0.8557309381114344,0.07270254911868756,0.062054276,31.767565,0.57117265,0.5760272,0.17619276,78246,0.02640219161388202,2.007655642287858,0.2840916340941819,0.2797037235843043,0.10349021134884173
random_baseline,618,0.23202073514665356,28.7542827758636,0.40944050366087087,0.4128474373791815,0.23861612119863784,0.05178229,30.338377,0.93121284,0.9315458,0.046954427,2696,0.18023844376410236,1.5840942230377664,0.5217723388035762,0.5186983566309809,0.19166169428418434
random_baseline,620,0.21380135123754535,27.357280535142813,0.5209900183680812,0.5221217117433086,0.12717218502812672,0.8497569,19.334507,0.19922595,0.22343221,0.47987142,11879,0.6359555452582737,8.022773546617422,0.3217640711072246,0.29868949867530015,0.3526992370242567
random_baseline,614,0.7058336089165482,21.475798546890793,0.255660811689331,0.2648975264916113,0.31174657576598236,0.97351927,4.7573614,0.31469178,0.34727067,0.37109524,48338,0.26768565673515465,16.718437134842453,0.05903097030834964,0.0823731410613367,0.059348664350137026
random_baseline,616,0.16431781598705966,23.86430840563706,0.1985380737450303,0.2354860621859727,0.520456214172673,0.4757294,25.9048,0.27964148,0.281631,0.149555,70463,0.31141158989291473,2.0404920094020014,0.08110340550873862,0.04614493070343159,0.37090121649010155
random_baseline,621,0.6458208191621668,23.712930520033318,0.20022374202266144,0.20793276373447347,0.3293279530059627,0.56735057,21.497921,0.4731077,0.47618183,0.20162503,84596,0.07847025277499031,2.2150095300430834,0.27288395355686734,0.2682490712016685,0.12770291879289658
random_baseline,619,0.9659026011606417,7.888236758995902,0.2517775859635595,0.2610480528291019,0.3340806820236245,0.3673673,23.782982,0.242593,0.3091599,0.71257186,111402,0.5985353037496768,15.894745113562692,0.009184580663991304,0.048111851889297175,0.3784911773361167
random_baseline,624,0.7234475673820293,20.827342315544147,0.25715098635626177,0.27159808055828055,0.3766464064484297,0.07225859,27.3179,0.3942051,0.42144302,0.39558935,107742,0.6511889757301128,6.490557388435345,0.1370541070275273,0.1498449347787098,0.018942945205623007
random_baseline,622,0.6082916108929927,19.706096375213487,0.30239065466782805,0.31119685907422406,0.31775771382761897,0.46995777,24.662842,0.3164217,0.3183237,0.16049322,68689,0.13833384197590892,4.9567454216615126,0.014031032935168775,0.007126842545877865,0.1572644889683813
random_baseline,626,0.20743288924224454,22.580368113926884,0.2755863107728942,0.2962290086476901,0.3803240530094844,0.36496246,23.868633,0.27883738,0.28412932,0.27350235,39402,0.15752956936829013,1.288265156336788,0.0032510720205323196,0.01209968707252529,0.10682170315596878
random_baseline,623,0.957537490386803,9.01118020130189,0.22149470352794842,0.2568056274747508,0.5597861037284242,0.30118528,22.472153,0.26837012,0.27313685,0.24924564,46126,0.656352210302193,13.460972508659047,0.04687541818950458,0.016331226697002155,0.31054046011270153
random_baseline,625,0.6573045064102064,24.370448032737777,0.3625048618815143,0.36475722642122316,0.16514202525293467,0.04066832,29.331545,0.56394607,0.56808996,0.18306577,25060,0.6166361864994417,4.961096843360856,0.20144120640538143,0.20333273558439208,0.01792374680364492
random_baseline,629,0.34000778035073465,27.503004517621196,0.3345988060055645,0.3394932998295476,0.20259306248789258,0.9739017,11.372887,0.22634445,0.2731191,0.83081764,53509,0.6338939087018471,16.130117859906353,0.10825435469731409,0.06637420784193776,0.6282245773398357
random_baseline,632,0.6303040179798968,25.28105768778849,0.28082925947223675,0.2861280075575479,0.22998430743527465,0.86698025,19.450756,0.41552997,0.41746053,0.16887243,103645,0.2366762366702192,5.830301614790443,0.13470070688213337,0.13133252343877472,0.06111187651467376
random_baseline,630,0.9003883777896269,11.458118807624864,0.23509461408048915,0.23877606457777042,0.2523127393219966,0.6010825,22.482584,0.23166527,0.24494222,0.34047782,39250,0.2993058739940031,11.024465192008925,0.003429345540106765,0.006166153487491416,0.088165084889124
random_baseline,628,0.8035490938966825,15.1765204018511,0.27011476440387977,0.2802124642613136,0.28387261435727307,0.21893464,25.505432,0.2872557,0.3031009,0.3264603,75973,0.5846144536083295,10.32891172705515,0.017140939999043814,0.02288844950173269,0.04258768751879505
random_baseline,627,0.5875293849532457,12.931617347486615,0.24313329365565942,0.26897730636558737,0.4062357072143798,0.19365644,23.961311,0.20566729,0.21187723,0.28184748,61296,0.39387294040368515,11.029693992845417,0.03746600654437707,0.05710007953605856,0.12438823025515128
random_baseline,634,0.9889633996942153,9.135885547659406,0.2468876432153256,0.2566841216378068,0.41991797073965037,0.9855545,4.388352,0.26869288,0.29079586,0.4193577,2650,0.003408883378755112,4.74753363039256,0.021805237653586135,0.03411174103690634,0.0005602835047718302
random_baseline,633,0.31437813795645847,28.89512448844699,0.5210304757564836,0.5267265299034956,0.2716520333796716,0.8654767,16.102531,0.26276374,0.28100514,0.43802258,128371,0.5510985895291982,12.79259305534152,0.2582667371242815,0.24572138578423286,0.16637055034339665
random_baseline,637,0.22199748759803872,26.25996507717441,0.22569456435376956,0.23260588737751592,0.30432197526299837,0.96857846,9.450259,0.24510393,0.28640524,0.52477336,101233,0.7465809702342977,16.80970586849521,0.01940936111276792,0.053799348151430004,0.2204513840357077
random_baseline,631,0.07767735793897243,25.415108136418304,0.20288445302301839,0.20905450863538227,0.28887033929089667,0.7535858,20.614689,0.19494088,0.20822044,0.40048322,25624,0.675908457490715,4.800419263127289,0.007943573082031752,0.0008340714663072624,0.1116128815247619
random_baseline,638,0.8601084451946672,15.317539740205206,0.38881232036786617,0.3938459017332739,0.2309036578585634,0.5628802,20.709646,0.21782602,0.22205868,0.30619943,3963,0.297228227165645,5.39210648477038,0.17098629667001308,0.17178721809946956,0.07529577356080916
random_baseline,639,0.8741864226605173,15.544835609611418,0.21768541731664856,0.25355537440833703,0.4151162530244545,0.15930204,22.646526,0.23189345,0.24530265,0.2915048,53892,0.7148843817259546,7.101690727058504,0.014208032705095214,0.008252727056118403,0.12361145270478285
random_baseline,641,0.9211164878858564,17.966684684728477,0.5549489402804734,0.558254914853765,0.2515489012873734,0.93264836,16.124361,0.2681512,0.2715137,0.23229906,131891,0.011531872843361102,1.8423236465204695,0.2867977464232804,0.2867412143685355,0.019249841657933087
random_baseline,636,0.8474409960181228,16.582975902170553,0.2349844480194541,0.24646194511312985,0.42715216363965475,0.86187357,10.900923,0.25419953,0.26405042,0.31313014,31437,0.014432571086216761,5.682053126901998,0.01921508663516322,0.01758847898583865,0.11402202333508932
random_baseline,640,0.9681297978230794,6.584135831346394,0.28543616686117096,0.28989486600442255,0.23276560583106215,0.14187954,30.089148,0.3123196,0.31520227,0.21212779,117653,0.8262502541610082,23.50501173640263,0.02688343968141632,0.02530739997343695,0.020637815976058793
random_baseline,635,0.41414593725761156,20.666995436108564,0.2077858593305014,0.21739695714934984,0.37373501490555044,0.12343894,17.995314,0.25462866,0.2616309,0.21330401,137164,0.29070699780544024,2.6716817916993847,0.04684279896417634,0.044233935604251234,0.16043100189171072
random_baseline,643,0.5375704441240586,25.420691348765963,0.22029848804368674,0.23069953496422163,0.30472525069865936,0.86029714,16.484114,0.29549626,0.30289778,0.339715,53915,0.32272669933526144,8.936577655528659,0.07519776711569132,0.0721982461694301,0.0349897532686258
random_baseline,642,0.6805543386934343,19.015159579286074,0.32409311814613284,0.3282411287964429,0.19004090251586317,0.64984494,21.96659,0.22937779,0.2668561,0.3946374,12908,0.030709394216352992,2.9514313020615823,0.09471532686061801,0.0613850246609296,0.2045965033564818
random_baseline,645,0.7734915241495396,19.294541414320026,0.20880710840363678,0.21927537403535666,0.4842639973510398,0.5905001,23.315342,0.7941955,0.8007459,0.26402217,44613,0.182991407801273,4.020800535142865,0.5853883647904855,0.5814705304102915,0.22024182585369484
random_baseline,648,0.2226672856553939,18.548808360836592,0.32066025211286914,0.32342316748709654,0.18703976451764998,0.182499,23.083523,0.21311751,0.21978803,0.26806578,45176,0.040168279264822304,4.5347144357942675,0.10754274203253161,0.10363513769717192,0.08102601588357988
random_baseline,644,0.9029583910475106,13.703508442319688,0.1841893755193293,0.20035809946090627,0.4602191143986022,0.17102456,24.165997,0.5994839,0.6005712,0.124235734,73861,0.7319338301191659,10.462488109193984,0.4152945317034185,0.4002131156918342,0.33598338005507344
random_baseline,650,0.4991355068592961,23.712572993128543,0.26323093909957435,0.2649801291100138,0.17371755271844294,0.8602925,16.143923,0.19769433,0.2019675,0.26977336,98676,0.3611569874377315,7.56865018734241,0.06553660769202735,0.06301263641039068,0.0960558113486347
random_baseline,646,0.38040141917143006,23.503747132651647,0.4367714957737563,0.4398255787925353,0.19631840914614213,0.5628404,24.344662,0.3569491,0.36199102,0.24322933,988,0.1824389829548822,0.8409145799948377,0.07982240481611469,0.0778345607356658,0.04691092043988693
random_baseline,647,0.5674763979777395,19.001216703559177,0.28727227416999535,0.28944918953954724,0.18247747437264605,0.94953763,11.079328,0.23485743,0.24263023,0.24975216,110286,0.3820612368718088,7.921889120246188,0.05241484907634453,0.04681896113931683,0.06727468951437787
random_baseline,651,0.5557770243004999,21.403979096991822,0.27274082751247725,0.36709767778168384,0.7856093972029639,0.27085182,25.037786,0.29450196,0.32795072,0.48865393,34672,0.28492520359317874,3.633807386772826,0.021761132765080127,0.03914696176300708,0.2969554691615057
random_baseline,652,0.8413334888510989,19.96486238540273,0.542534920637537,0.5524972755651908,0.4050783609348752,0.17427784,25.842402,0.21001062,0.22250748,0.3726597,114589,0.6670556468062686,5.877539119113873,0.33252430266611677,0.32998979875855017,0.03241864790501375
random_baseline,649,0.7482890705919449,13.233347809600446,0.2225885929894396,0.2384987400798305,0.46201354139719253,0.79918003,19.814804,0.3575659,0.36507872,0.27241305,24962,0.05089096023080897,6.581456267547992,0.13497731663466014,0.12657997739033858,0.18960049622926956
random_baseline,656,0.6313058741451186,18.585412696282976,0.3407800909633613,0.349965422811976,0.27975007648904604,0.8053286,11.973825,0.36332873,0.36690575,0.19399132,911,0.17402273341408547,6.611587241571062,0.022548634136202284,0.016940326032170716,0.08575875814397615
random_baseline,654,0.9702642339911453,9.34343602399354,0.24681787346480108,0.2583194285840833,0.3825416766631307,0.6587219,22.447256,0.29350454,0.30304283,0.35430518,32067,0.31154231016302025,13.103820064263296,0.04668666268708491,0.04472340045262935,0.028236498736113502
random_baseline,653,0.3268532418870429,21.104370383501955,0.25367730279356504,0.260233641222261,0.23644254732743533,0.7473209,18.637589,0.2889062,0.2992221,0.37170115,58694,0.42046764853959284,2.4667818825253924,0.0352288840255115,0.03898847047970433,0.1352586038051483
random_baseline,657,0.013679327047757173,27.619062506446713,0.330962377429313,0.3383247871924231,0.21070657325836725,0.78544974,19.110508,0.2503496,0.264695,0.40212587,18919,0.7717704162231168,8.508554541358823,0.08061276638538295,0.07362979846485351,0.1914192919626563
random_baseline,658,0.32190496986845357,24.582681138990655,0.21292188280564872,0.2369052296225104,0.5083126152801827,0.61314756,20.604382,0.54873514,0.55470836,0.27629018,90950,0.2912425869133152,3.9782995777113577,0.33581325894850167,0.317803132003161,0.23202243698123248
random_baseline,660,0.32161269519660324,23.22773921358742,0.3077774872988747,0.32824221600421644,0.39772941308188414,0.6613964,24.007174,0.53431284,0.5361736,0.1349038,19061,0.33978368904259354,0.7794343246205884,0.2265353569775535,0.20793136607280993,0.2628256096141336
random_baseline,655,0.2371229731298088,22.17621899895197,0.29916841329191046,0.31363734532698223,0.3341798461751569,0.92100173,7.612123,0.27558297,0.28205022,0.27791792,1302,0.683878759219587,14.564095986409246,0.023585444103220277,0.031587123168550224,0.056261924632035554
random_baseline,661,0.6614546418121678,16.0500376240064,0.2895182121667607,0.31297687936516344,0.43991843788168583,0.9350634,14.210244,0.29717025,0.30693743,0.35884506,30409,0.27360877991405896,1.8397934452344273,0.007652039441134184,0.006039453036504383,0.08107338277838383
random_baseline,659,0.6245911110470082,20.817123051904964,0.4079269245121445,0.43176837504703575,0.36208381947651613,0.17349294,25.114897,0.7663895,0.7693599,0.16830127,45949,0.45109817276690256,4.297773722387028,0.35846256466174464,0.337591511599235,0.19378255006447542
random_baseline,663,0.6903443858747066,8.935910598984435,0.2444306702853615,0.26060198209669044,0.3744979637957633,0.57834965,23.053211,0.25177988,0.26047269,0.3380977,29288,0.11199473596854814,14.117300613173768,0.007349213814598826,0.00012929699804237194,0.03640027225981357
random_baseline,662,0.3910049672660558,27.975553114455327,0.34743932214748396,0.35050626337487084,0.22640373294355265,0.9727905,8.580047,0.18281254,0.19683442,0.42691994,16536,0.5817855123939784,19.395506460707768,0.16462678042423262,0.1536718481774984,0.2005162041902364
random_baseline,666,0.5912513379295798,20.88002012220509,0.7364299920735119,0.739637507255599,0.1708592122422085,0.42430085,25.802114,0.40080956,0.40602532,0.30922204,10763,0.16695048849186622,4.922094364489247,0.33562043582770806,0.3336121869640798,0.13836283031836888
random_baseline,665,0.7346725962615024,23.095942039623388,0.33614479981786827,0.33989989046871066,0.23603520776666323,0.14738007,28.482708,0.91278386,0.9132182,0.07558972,69016,0.5872925273633014,5.386765937671534,0.57663906134241,0.5733183097380459,0.16044549133218447
random_baseline,667,0.9873171198646018,6.380291527087223,0.2204628843826887,0.2348935354538265,0.41522832793655196,0.22231221,24.781895,0.58880574,0.5920002,0.19048919,40434,0.7650049078742454,18.401603156750667,0.3683428507285479,0.35710665098950234,0.22473914009990492
random_baseline,664,0.903730234776632,12.050758692524376,0.25843243445294173,0.26603471958791497,0.3167404726154553,0.93306065,9.761845,0.30969554,0.31368032,0.23431548,57615,0.02933041128049696,2.28891405751461,0.05126310740573137,0.0476456013902497,0.08242498785326352
random_baseline,668,0.5109180094083071,22.737714340575263,0.19105471506816865,0.20788244918676024,0.4919249061303917,0.28896764,27.589819,0.43257973,0.4363762,0.22045971,123941,0.22195037020046715,4.852104613892511,0.24152501091259002,0.22849376484064454,0.2714651915984932
random_baseline,669,0.9565979153948043,11.335972924340766,0.19673406929140036,0.22359987221029162,0.6081068663181755,0.40734175,23.834337,0.39806083,0.44932052,0.5413495,123298,0.5492561669187759,12.498364310156305,0.20132675915594156,0.22572065272066236,0.06675739570278849
random_baseline,672,0.5623877330526241,18.58533537740047,0.23312885711965434,0.24063936912369424,0.2319319915764842,0.7761057,20.365795,0.19952007,0.21180972,0.37084657,66456,0.21371796887074623,1.780459758097578,0.03360879073915354,0.028829644554373562,0.13891457796163226
random_baseline,671,0.03646282842057845,31.374817156761537,0.9136773169453287,0.9139479002383786,0.05237295837765817,0.6053704,21.312756,0.5044568,0.5186435,0.33066615,58728,0.5689075739155421,10.06206157204474,0.40922049884153844,0.39530440181766324,0.27829319624537346
random_baseline,670,0.949490918913961,14.75997411306345,0.26216089800688375,0.2916379663356167,0.4431510078746849,0.8074876,17.271378,0.27987647,0.28294185,0.25962916,30053,0.14200331191170268,2.5114034504131126,0.01771557255891215,0.008696118295989652,0.18352184770889818
random_baseline,673,0.8918542801138019,19.839122545729236,0.45216001269321643,0.4545320859251258,0.2241770789556909,0.9705888,10.343152,0.29648733,0.3202598,0.45691204,41579,0.07873452317751894,9.495970499525622,0.15567268130283557,0.13427227643110723,0.23273496175475833
random_baseline,678,0.9296874874593439,13.13598500374318,0.3810559305153768,0.394490536499647,0.40572578434453016,0.79923725,18.130651,0.35333124,0.3601387,0.24270606,15236,0.13045023617760565,4.994666470255844,0.027724692483989455,0.03435182218613991,0.16301972393498426
random_baseline,676,0.033327772879070114,25.668925033112576,0.2918757968518027,0.3982085076848222,0.8571058301299622,0.06893155,28.784948,0.2980198,0.29936898,0.17686048,48932,0.03560377690845125,3.116023315886448,0.006143999758075835,0.0988395301381303,0.6802453486293366
random_baseline,674,0.9460403049506851,11.207823360156091,0.26187916288342683,0.2678534434567548,0.2908181453138025,0.9485041,14.108398,0.2231568,0.2464392,0.49283993,64745,0.002463785358457926,2.900575077343909,0.038722367977764294,0.021414239836797855,0.20202178712790891
random_baseline,677,0.13595157906263303,28.626510465004074,0.7548887920171093,0.7561202549356085,0.11921958767476974,0.99077934,8.270407,0.19196244,0.20209584,0.36545885,49647,0.8548277612045484,20.356103741981613,0.562926356175549,0.5540244185346228,0.24623925841745437
random_baseline,681,0.8628304808198072,14.534362056756308,0.4870462653273339,0.4943044946093239,0.2746823887915107,0.36801112,23.78781,0.26816574,0.2833294,0.43842283,137202,0.49481936383830083,9.253447315191934,0.21888052793681573,0.21097509716936724,0.1637404401212243
random_baseline,675,0.8665251211710376,17.9394933563973,0.2077371204925306,0.2617847317566656,0.6523127733029591,0.19525152,30.35674,0.55621165,0.55973035,0.25542262,137958,0.6712735967226429,12.417247595140786,0.34847452987902094,0.2979456192145563,0.3968901513375508
random_baseline,679,0.6494259087097177,22.86655436638332,0.20818283808166987,0.2128182920278445,0.21790027909366702,0.93396425,10.034842,0.2970408,0.30247214,0.30064937,65673,0.2845383437622061,12.831712828907733,0.08885795223777287,0.08965385233746617,0.08274909562976743
random_baseline,685,0.6083873730729611,23.46390455783397,0.23573974400993875,0.24179955195702454,0.2870174285899713,0.8116477,13.875265,0.26519343,0.2828263,0.36613455,126889,0.2032603401113956,9.58863943637401,0.02945368855956504,0.041026752478705436,0.07911712555774902
random_baseline,680,0.41905345280834144,25.72123483322607,0.28282177462324487,0.28620905223549087,0.21159723101327912,0.9609867,12.847464,0.48307595,0.4869006,0.22947106,57688,0.5419332210235983,12.873771225437984,0.20025417194619788,0.20069154557525437,0.017873826640148
random_baseline,682,0.4160882523753181,16.005678838382423,0.2294307853856371,0.23609291152224102,0.29539876395379167,0.71494704,17.858223,0.23654655,0.25577214,0.37258565,61185,0.29885879247407765,1.8525441230433586,0.007115760835142315,0.0196792320801302,0.07718689030493636
random_baseline,687,0.929477679415815,13.289848404462958,0.24902379678668596,0.26077105922260146,0.38663384451142296,0.3960004,25.777498,0.29386696,0.3013947,0.30281806,100606,0.5334772941313912,12.4876498407763,0.04484316540775679,0.040623641781426856,0.08381578459015832
random_baseline,688,0.3947173571817304,22.66623566086682,0.19617896301812976,0.20820818049953058,0.38900521819132006,0.4796985,24.73689,0.55573946,0.567465,0.28139156,69929,0.08498115179615962,2.0706551319798585,0.3595604993575111,0.35925682680561466,0.1076136571599785
random_baseline,683,0.946552389362916,15.550755180510457,0.25789996405029064,0.284041066058977,0.3897197841141973,0.9915586,7.006035,0.1929311,0.22572498,0.639522,43300,0.045006222030058884,8.544720329436238,0.06496886332416302,0.058316085823877206,0.24980223193423412
random_baseline,684,0.3369004370884142,25.164805995258007,0.25466214342305393,0.25954786992635026,0.21939370378782247,0.57920337,23.377485,0.37148663,0.38123122,0.38092202,129982,0.24230293014486215,1.7873207199894523,0.11682449059298305,0.12168334865008101,0.16152831569383647
random_baseline,691,0.37395073965338493,24.283199723293592,0.2603045153424301,0.2666098468421536,0.27459048147494053,0.76095283,18.804876,0.20807086,0.21804179,0.33175653,125720,0.3870020906612513,5.4783233957789434,0.05223365602941893,0.048568054330213606,0.057166050717289696
random_baseline,692,0.9118937793154733,16.21410021463047,0.3073481227147703,0.3171861301666224,0.41037365580394153,0.64581686,15.556148,0.25686237,0.26566476,0.26571038,114621,0.26607691673231293,0.657952639252052,0.050485750554812414,0.05152137386855721,0.14466327215030078
random_baseline,686,0.9847626954647,6.707333605101674,0.2084910068018048,0.22940252538961542,0.4684520286677385,0.09511676,22.461796,0.40238678,0.40461972,0.12943128,12773,0.8896459386082585,15.754462201783092,0.19389577775172304,0.17521719816881048,0.33902075115423447
random_baseline,693,0.8196459939342685,12.037929176431348,0.24721961668336043,0.25065183072141123,0.22881299366156696,0.9151379,12.926447,0.1997188,0.2055792,0.2844627,14305,0.09549189306676908,0.8885177382415037,0.04750081351601729,0.04507262437394571,0.055649696691826595
random_baseline,696,0.20060272746891825,24.87746123560719,0.30855258171728345,0.32205844671835665,0.27507077610935493,0.27616337,23.65038,0.19031784,0.21620676,0.5380394,60535,0.0755606419482723,1.227082054698986,0.11823474233320447,0.1058516875039554,0.2629686101630755
random_baseline,695,0.3120185526238045,23.290772139242932,0.2954089450815218,0.31420397294980346,0.39027098841102803,0.91282207,16.717255,0.24728583,0.2502825,0.21766427,37242,0.6008035151137748,6.573517500571057,0.048123117087175205,0.06392147673589049,0.17260671681793416
random_baseline,689,0.4779808338340455,26.832964114702843,0.657771392240328,0.6594619313714101,0.14696271057231108,0.80910057,18.508072,0.20964913,0.21808238,0.38087255,137309,0.33111973446047965,8.32489221528878,0.44812226153830925,0.441379548096378,0.23390983705418428
random_baseline,698,0.3741808136132009,26.763499783602136,0.5224920640525277,0.5230339973316617,0.08390057861583172,0.96355516,12.096337,0.23516595,0.24711229,0.37640205,98426,0.5893743435714,14.667162465181725,0.28732611041635825,0.2759217082605786,0.2925014716408974
random_baseline,700,0.032187619954827926,29.703960431603978,0.48619969239433936,0.48726946575250857,0.11427826549997347,0.4680798,24.749275,0.40795985,0.41045117,0.20566677,58449,0.43589218541931757,4.954685224084447,0.07823984375199011,0.07681829197015994,0.0913885000706671
random_baseline,694,0.8262879826894424,19.428451688484753,0.22126373070354097,0.24722006959049997,0.5356974134499494,0.37801126,26.988708,0.23655222,0.2396197,0.19094047,125196,0.44827672623306725,7.560256807608997,0.015288492859653308,0.007600367489746185,0.34475694394654666
random_baseline,690,0.3319296895977421,25.30656429154606,0.3217478532774317,0.46556229101685825,0.8377774570862402,0.496637,24.24041,0.5056748,0.5106752,0.24811354,21863,0.1647072971347408,1.0661544404718413,0.1839269261376989,0.04511290086241421,0.5896639142910589
random_baseline,701,0.32807517025729077,18.28134589480791,0.32535674648092894,0.41752048998288227,0.599073995757389,0.71889484,22.051268,0.48240465,0.4856448,0.20729472,118897,0.39081966902951343,3.7699217290934577,0.15704790277673097,0.06812429756709026,0.39177927832632053
random_baseline,703,0.2374995316054874,25.13435011868886,0.26692768466758016,0.2725030235814822,0.23184308238587875,0.90570945,9.296479,0.43487218,0.44293344,0.27423662,124366,0.6682099138710446,15.83787089353017,0.1679444955558848,0.17043041662695285,0.04239353708662491
random_baseline,699,0.9881214548457128,10.20597183271147,0.4568560464165853,0.4664754595889311,0.44800957889644427,0.98085135,5.747394,0.19508187,0.20745306,0.31964758,56792,0.007270102630899555,4.4585777477810495,0.26177417168838246,0.25902240241901686,0.12836199851123614
random_baseline,697,0.9791354439885273,12.26544921601915,0.2160949511264631,0.24150466646618365,0.6141375894727015,0.59593415,15.550814,0.28072625,0.28918037,0.28936926,85628,0.38320129138537784,3.2853644589076083,0.06463130285989555,0.04767570171885968,0.3247683341683649
random_baseline,706,0.7670181070459946,20.60391294053563,0.1999900648078282,0.21116915800156755,0.37096475324638234,0.9215299,5.713529,0.2643134,0.2739288,0.2955867,69482,0.1545117820607559,14.890383830580795,0.06432333498388934,0.06275963328299361,0.07537804803855763
random_baseline,708,0.7302084004009562,18.507610596641413,0.20361692738197462,0.21669303510657423,0.4066579207366779,0.8622685,8.519239,0.28420258,0.2892603,0.20997639,13163,0.1320601070796651,9.988371170982234,0.08058564830161913,0.0725672629071129,0.19668153073251987
random_baseline,705,0.9684618329141488,3.7634912301754753,0.29843999363542995,0.3126395310057966,0.31631721974902216,0.8495493,16.616158,0.27957463,0.28391567,0.25588733,19482,0.11891253939608237,12.852666301562806,0.018865360990776625,0.028723862279829204,0.0604298901706225
random_baseline,704,0.9765010766346449,8.29332289986413,0.19149720449923338,0.2019823281555544,0.36302492629726646,0.18210131,29.992968,0.56518316,0.56629306,0.14215466,104545,0.7943997673351759,21.69964470572669,0.37368595818997563,0.36431073262401714,0.22087026249607322
random_baseline,702,0.07330428489896625,21.301246058513733,0.23772765409200658,0.24239516463224065,0.22766239187473405,0.22795749,25.877628,0.5139555,0.5145583,0.09249924,24381,0.154653202207357,4.576382267902282,0.27622781980783473,0.27216315064485896,0.13516315064186205
random_baseline,707,0.1081077416887907,21.86637844526907,0.35994819783235366,0.3637126768320026,0.20325827903309807,0.27573404,23.011116,0.6560122,0.6591758,0.16336855,109697,0.16762629547208271,1.1447375825629607,0.29606397963499254,0.295463136366087,0.03988972610989555
random_baseline,712,0.46297383234314987,23.38851039444759,0.7125122086453621,0.7155884088497926,0.14448823342485106,0.25663862,24.073792,0.48857486,0.4938723,0.27663612,3488,0.2063352160196788,0.6852811094586606,0.22393734616519856,0.221716094158249,0.1321478902323755
random_baseline,711,0.21808577317198477,23.558542771424523,0.23187001587062675,0.23875312739498805,0.28149526315078505,0.03093618,27.015682,0.4052048,0.41503423,0.28771064,71436,0.18714959348937235,3.457139449034461,0.1733347868809144,0.17628110712878514,0.006215373703386706
random_baseline,710,0.4475822418440081,21.181304083980525,0.30295044799959603,0.3140082592318087,0.32771895260480255,0.9755264,6.7030206,0.20579168,0.21268742,0.30410117,55855,0.5279441506158613,14.478283511318171,0.09715876599466744,0.1013208413670092,0.023617783495458067
random_baseline,715,0.2950528311380215,22.037840238729796,0.2025426547434593,0.21505086108276847,0.3223164687987112,0.0660849,29.342728,0.31974488,0.3270311,0.28220826,76062,0.22896793212974742,7.3048874224030165,0.11720223022434464,0.11198024467399117,0.04010820492465722
random_baseline,709,0.860957583216488,17.005658345034377,0.2084880471983109,0.21217987232802993,0.2241374842551191,0.19886526,25.066118,0.19675383,0.21666636,0.5491437,21756,0.6620923185623284,8.060459895322069,0.011734217480674797,0.00448648340107316,0.3250061877343218
random_baseline,714,0.9815459089717489,2.636825969406516,0.4753563688236331,0.5190869218110945,0.4336722508671546,0.44112176,20.933249,0.28293812,0.28689262,0.24546087,97067,0.5404241519412618,18.296422550490945,0.19241824607430447,0.2321942991018202,0.1882113829853797
random_baseline,713,0.8755465814503388,12.561778111732863,0.2357209218598451,0.26259844800282883,0.5178141877637894,0.37551528,23.664787,0.48969874,0.49680102,0.2632934,88527,0.5000312992962556,11.103009180747605,0.25397781599988084,0.23420257071207595,0.25452080225811313
random_baseline,719,0.42588757538066857,15.921724671289567,0.25389795013643274,0.273763923927314,0.4262495795252735,0.21347836,30.154163,0.6193803,0.6209859,0.15370548,67282,0.21240921878086083,14.232438689306136,0.3654823451402091,0.3472220012702873,0.2725441018107349
random_baseline,717,0.6124827130525854,26.67462300574542,0.48680992333629397,0.4885984861992638,0.1728695033853069,0.9460164,5.712701,0.26232114,0.27754635,0.35810623,64676,0.3335336581975672,20.961922161934385,0.22448877899387149,0.21105214001167227,0.18523672234368174
random_baseline,721,0.09803823008726219,28.096604983045196,0.21552234094071845,0.22189512120809016,0.2586233956716127,0.22988173,26.720173,0.22409628,0.23886372,0.36112475,128213,0.13184350356866736,1.3764321009651184,0.00857394237589379,0.016968600281816154,0.10250135828041368
random_baseline,720,0.32494869055635944,25.145664004760516,0.25197008473514904,0.2609337022520191,0.3550062057472416,0.7837793,17.974567,0.39782348,0.39956695,0.16181608,139772,0.45883063254468426,7.171096591430437,0.14585339801669728,0.13863324616182976,0.19319013030302012
random_baseline,723,0.975282755750765,3.824835186963341,0.34642597381538537,0.3618517652756233,0.367282167696024,0.8791462,5.8812275,0.27350503,0.28128216,0.30898508,27442,0.09613653745089923,2.056392306322792,0.07292094175285485,0.08056960856976697,0.05829708340075118
random_baseline,718,0.5112656490270893,19.475027618882788,0.23274801237388432,0.23871482989900594,0.27219750982586377,0.122711554,27.602333,0.29656005,0.303002,0.22309849,129728,0.3885540948574344,8.127305449964869,0.06381203668312252,0.06428716995603556,0.04909902316395276
random_baseline,722,0.3273653811558268,23.779855206458873,0.28496989214630986,0.28926599213473553,0.24807901386232484,0.33215523,23.907267,0.23452787,0.23566322,0.14522482,97773,0.004789846505306006,0.12741141036241643,0.05044202113362217,0.053602771848366204,0.1028541893145572
random_baseline,724,0.18474039704911518,28.820011890490843,0.7062057110086616,0.7086167029588424,0.1675528656413828,0.9512979,7.557986,0.2735986,0.32613438,0.65719795,91024,0.76655748216994,21.262026107867552,0.4326070996538337,0.3824823192804061,0.489645086629125
random_baseline,716,0.2519452326895543,23.000699238207872,0.22215858262721347,0.23047056563928175,0.3001580347794894,0.6305837,24.962725,0.40436742,0.4105566,0.22126126,45199,0.3786384708283595,1.9620254474610732,0.1822088344698782,0.18008604875967454,0.07889677188581262
random_baseline,725,0.8684940133550986,18.13969664545639,0.3826052264587286,0.3910901313751127,0.24834689676976196,0.36439523,23.138187,0.27518603,0.2855157,0.27424112,130877,0.5040987823465689,4.998490762990876,0.1074191944019201,0.10557443556479473,0.025894222853422244
random_baseline,726,0.8928616831762543,9.586366378212979,0.25309026747703134,0.25613960994250906,0.2005197033915582,0.5353737,25.961458,0.42238605,0.42528588,0.19260523,136110,0.3574879954321136,16.37509182796378,0.16929578274727286,0.16914626585476267,0.007914476159578826
random_baseline,728,0.8110655672753367,18.392664178458535,0.2668907931338008,0.27312040305836993,0.31432297103678064,0.3461275,25.014786,0.4804868,0.48979822,0.28969485,122922,0.46493805720453596,6.6221215881430275,0.21359601707356612,0.21667781495348615,0.02462812536035852
random_baseline,731,0.01452374549835011,32.5951780499299,0.8107793833124718,0.8112952951187063,0.07570396283570886,0.92533064,17.275572,0.51255894,0.5192822,0.263426,96930,0.9108068933871479,15.319606226809782,0.2982204462397179,0.29201307332457793,0.18772204300459266
random_baseline,727,0.05485893720163782,27.08806683724196,0.21942304692608333,0.2271131045547286,0.27485220500499036,0.329764,27.615551,0.3461752,0.37103602,0.3405027,112895,0.2749050713203959,0.5274841576310862,0.12675214686053776,0.14392291834680643,0.06565050414532397
random_baseline,730,0.5674641473262528,22.304027541007734,0.5172601952074672,0.5202631967494634,0.1751392964430452,0.96207917,10.52854,0.19534951,0.24053334,0.7246744,113637,0.394615020039775,11.77548788341496,0.3219106807230617,0.27972985975243125,0.5495351072244048
random_baseline,729,0.6175052845264853,20.919965770046954,0.2947663109228976,0.3162575738005502,0.3244467600748279,0.15579304,25.512444,0.21662425,0.21849175,0.20467652,107929,0.4617122435356559,4.592477772433515,0.07814206587532835,0.09776582582520077,0.11977023627016331
random_baseline,734,0.5752591969688158,22.149135146725524,0.23720709280143237,0.250333213977945,0.3730478141044034,0.8584845,17.545712,0.25552782,0.30308685,0.5390641,31551,0.2832253096382399,4.603423629391539,0.018320731362004516,0.05275363308893427,0.16601629522100553
random_baseline,732,0.24109114603914292,26.064492881881176,0.20445727283867657,0.209185510358666,0.2575027048442102,0.63458794,20.49717,0.23320682,0.2853689,0.5536647,93972,0.3934967975147816,5.567323387252269,0.028749550629531745,0.0761833792115702,0.2961619794514441
random_baseline,737,0.27984815547514136,25.21111850471298,0.20997661862587313,0.21347165427259326,0.21333270566824786,0.9492476,13.88194,0.19837923,0.2452453,0.6697798,62692,0.66939944317293,11.329178616712493,0.011597385146373318,0.031773638510190244,0.4564470718586076
random_baseline,733,0.08352322037293802,31.078114883358367,0.6545349693529376,0.6916704156489054,0.39979374876346285,0.28102356,26.616869,0.47735384,0.48087215,0.21912508,56965,0.19750034158156027,4.461245910580047,0.17718112828657717,0.21079826141306557,0.1806686716350525
random_baseline,739,0.517960313227847,18.85019010314753,0.29380692947930614,0.3039035196901058,0.2870788137159446,0.66399384,18.517868,0.27633017,0.28149956,0.23333858,38025,0.14603352222137178,0.3323220611553417,0.017476756463711662,0.022403955042431256,0.05374023418046031
random_baseline,736,0.295765646901575,27.231416842034854,0.2987568147935284,0.32177602214975454,0.3768721523472355,0.6789212,20.249977,0.44709453,0.449261,0.16402584,89703,0.3831555757851926,6.981439730218447,0.14833771507364385,0.12748498754339121,0.21284630920377234
random_baseline,741,0.5195154815433319,17.26751747997851,0.2197082588995209,0.22796842130383438,0.2761168530673989,0.11566569,25.263535,0.27474204,0.28992954,0.41867027,117063,0.403849792432576,7.996017065919929,0.055033778158355695,0.06196111766139084,0.14255341379928504
random_baseline,742,0.8192779875564956,15.005785594197448,0.2774495387554329,0.2844008880198396,0.3088356281168953,0.28424543,28.624516,0.5841926,0.5871004,0.1786869,9469,0.5350325561333084,13.618729939249818,0.30674303526876756,0.3026994985997283,0.13014872618990098
random_baseline,738,0.31495774209362254,23.606772278319806,0.22236699929676101,0.25720818979162663,0.6152364400533712,0.042134393,28.519365,0.41700473,0.4188601,0.16348727,133095,0.27282334908705935,4.91259303234914,0.1946377349809642,0.16165191786866695,0.4517491695789373
random_baseline,735,0.9865785785463819,4.316956096651495,0.24991872382587105,0.30067718342387795,0.587072048284055,0.94056726,12.368313,0.20894487,0.2385528,0.64497226,41957,0.046011323526240266,8.051356739041864,0.04097385180419594,0.06212438956344246,0.0579002164826381
random_baseline,740,0.7447525186969979,22.029210033348924,0.39467411706526523,0.39834082043890884,0.23694101917264093,0.31443456,27.897131,0.35374594,0.3999178,0.47618893,120024,0.4303179605438454,5.867920932837599,0.04092817971785312,0.0015769907164103758,0.2392479087162293
random_baseline,744,0.07042195263885959,28.4069322326816,0.24547154115078776,0.2473669310059324,0.1615013311508703,0.9867491,6.256563,0.25242615,0.26772958,0.48691654,54054,0.9163271599671889,22.150369046036094,0.006954606310149741,0.020362649396441862,0.32541521090235237
random_baseline,747,0.4255581015229528,25.754578860414583,0.3806918290103614,0.3831461725082109,0.2130833580320525,0.32402557,25.24644,0.4600338,0.47161618,0.27236578,83664,0.10153253017666986,0.5081379729634108,0.0793419751678765,0.0884700062427809,0.05928242065256359
random_baseline,746,0.9716755694796423,11.755208350432454,0.18828333674624548,0.2372431739957934,0.775156407640349,0.63223654,14.575602,0.26232326,0.2658193,0.23566844,38872,0.3394390291621069,2.820393227326335,0.07403992356106653,0.02857613714617438,0.5394879719475618
random_baseline,749,0.05936545820565489,25.813979594830577,0.19117857897033635,0.19901112562521775,0.319160015898554,0.62068605,22.319551,0.35467276,0.35942963,0.2729082,12280,0.5613205960240815,3.4944281269350697,0.1634941808010107,0.1604185020317189,0.04625180514415944
random_baseline,743,0.3644378606885161,22.184824918170783,0.3161730946593424,0.32058131831680264,0.20895147372680795,0.624487,23.049679,0.26250497,0.27551338,0.3556491,69116,0.26004912213390213,0.8648538843194515,0.05366812959243261,0.04506793755088773,0.1466976399282824
random_baseline,750,0.6734853770825667,22.59041414413724,0.21732948880411349,0.22124565784407554,0.25578402390073696,0.51407087,18.037323,0.3022026,0.30379167,0.16269009,108089,0.15941450859044026,4.553091146090367,0.08487312335752287,0.08254601414727272,0.09309393574785152
random_baseline,745,0.7431887908463113,23.9188967165147,0.2675400523268934,0.27238582547398904,0.2711465611998547,0.96383125,3.6828706,0.2757874,0.282905,0.2231898,110875,0.22064245505288915,20.236026090065113,0.008247360793376401,0.010519186895166843,0.04795676022214779
random_baseline,752,0.9067012255468818,14.220900211588756,0.22612057010962816,0.22936228603190062,0.21165399405807317,0.9386853,12.858724,0.2613711,0.26773545,0.259314,83737,0.0319840724191216,1.3621765711468612,0.035250535799719374,0.038373165427984024,0.047660006548463696
random_baseline,748,0.3612660220696261,25.978665923636783,0.26228615726060145,0.2657802497821942,0.21156268788644428,0.92891383,11.326196,0.40738854,0.41093522,0.18929538,51150,0.5676478096411893,14.652470206778872,0.14510238086157567,0.14515497332037536,0.02226730657884235
random_baseline,756,0.5615046881251298,20.410902223307687,0.3952926307506907,0.40261884651439084,0.3087696414911863,0.9179486,15.312695,0.26894796,0.27347046,0.24368086,83809,0.35644391550493615,5.09820767374714,0.12634467180446268,0.12914838514583005,0.06508877691866127
random_baseline,751,0.9722408985840176,7.15070881968051,0.2579318097723119,0.2682297689473209,0.3686230732079351,0.8272738,17.09672,0.19333977,0.20690589,0.32910386,8144,0.14496711251605499,9.946010922140779,0.064592044700443,0.061323882416444764,0.03951921592911123
random_baseline,754,0.644138636179053,23.458428277673427,0.21940360614812393,0.22607217487293524,0.2301411064984304,0.2297464,26.58047,0.27985048,0.28195795,0.1630385,1796,0.41439223486908594,3.1220408537962996,0.0604468767925499,0.05588577929538446,0.06710259939451041
random_baseline,753,0.8719782859862297,16.81782992463392,0.4087075212517066,0.4116208195557125,0.1792512268643014,0.7206576,18.339954,0.2757548,0.28168714,0.2787962,2565,0.15132069893483813,1.5221244515867838,0.13295271187212898,0.1299336790909298,0.09954496911958532
random_baseline,757,0.966006357322783,7.095911109997083,0.25120255614611714,0.27775042945653106,0.49621578912882297,0.7188212,23.282179,0.26146644,0.27154002,0.28852347,36966,0.24718512977227636,16.186267768787097,0.010263887392548632,0.006210413520633229,0.20769232373384922
random_baseline,759,0.9292750172636767,14.037804590494154,0.23959829535848662,0.24604744068051781,0.30856944898461114,0.34047797,23.237242,0.21820621,0.22101076,0.20919298,71935,0.5887970440409441,9.199437154500963,0.0213920834339337,0.02503668120767083,0.09937647262905847
random_baseline,755,0.949494767183841,7.206164233697528,0.26054470951835734,0.27357773481180553,0.38666235017092204,0.7052057,20.965828,0.3057663,0.30781746,0.15573308,54159,0.24428908824402162,13.759663708197003,0.04522160474975484,0.034239724294639784,0.23092927145273662
random_baseline,758,0.693893664588653,20.665853319651703,0.4038268888470801,0.5278335785422323,0.6511652657338785,0.561989,23.860765,0.31856877,0.3219168,0.23131114,85630,0.1319046552083124,3.1949121375016176,0.08525812272998418,0.2059167897257803,0.41985412328926786
random_baseline,761,0.35684435998829483,21.651292107171308,0.2195723995267331,0.2309943352095781,0.3226826900009627,0.18791723,28.928452,0.46270692,0.46781167,0.23167673,73724,0.1689271274748671,7.2771594309146295,0.24313452395806914,0.2368173386700453,0.09100596246762227
random_baseline,763,0.9182491184852458,13.918804659105874,0.2992431075160175,0.3052280236489334,0.2992597045648577,0.8288601,6.4539657,0.2535195,0.2769209,0.4444916,46898,0.08938901440123093,7.4648389951959615,0.04572360225364264,0.028307108998970043,0.14523189046497326
random_baseline,765,0.5856963980973573,22.9267073762387,0.2857961062258156,0.2912503066814879,0.2030809573556034,0.11710492,23.78434,0.2717382,0.29609716,0.3858561,112596,0.4685914803326936,0.857632528546457,0.014057904846039582,0.004846852704193272,0.18277513462056239
random_baseline,760,0.6775520215487919,19.340253734233418,0.22168748755537548,0.2332709201011894,0.3144591055105342,0.9386763,8.173751,0.25781628,0.31843534,0.66513956,36591,0.26112427611585043,11.166502856853047,0.03612879733956775,0.08516442101857682,0.3506804504205571
random_baseline,764,0.6176012662407351,21.24766504953681,0.2709360364383175,0.27274258587612094,0.16619382645462483,0.030538395,27.569656,0.24240702,0.281182,0.43246186,22971,0.5870628711935473,6.321991322533503,0.02852901253160972,0.008439405224190344,0.2662680313410905
random_baseline,762,0.049711045980685174,30.9722593891022,0.9462746784242596,0.94693887873276,0.0830371622301556,0.9812449,5.1715565,0.23413822,0.24592929,0.36784026,32123,0.9315338757035799,25.80070291632388,0.7121364578756298,0.7010095928488564,0.2848030980371021
random_baseline,769,0.9826087660401578,5.431293814718273,0.21829671405927997,0.24905456037976326,0.5231786123007913,0.88633156,6.357116,0.24697702,0.26263988,0.41662005,39591,0.09627720781261873,0.9258224076633184,0.028680302270485347,0.01358531980059563,0.10655856640044647
random_baseline,767,0.2788954717798139,27.195585334519723,0.24670359208827308,0.2528905716093238,0.2468151556650756,0.058273792,25.544632,0.2265509,0.22845492,0.15778206,129342,0.22062167951296818,1.6509533765119109,0.020152685191681896,0.024435653940027557,0.08903309277693014
random_baseline,766,0.9650353610089258,10.979157489491001,0.1986570898977188,0.2169743653483772,0.46902162962058624,0.6824019,21.66604,0.4960711,0.5092071,0.32594162,102892,0.28263346548585455,10.686882931041225,0.29741401033726655,0.29223276413007737,0.14308000736335358
random_baseline,773,0.660909723486696,23.678302657203147,0.21031500238121054,0.2523940222021325,0.4776435685443902,0.52076787,24.395554,0.34825858,0.3773273,0.46659917,119873,0.14014185592154094,0.7172509316640401,0.13794358235656717,0.12493327095544504,0.011044402151110189
random_baseline,772,0.2895347199367413,27.269461008258986,0.3629782133453786,0.3643247444646011,0.15965146301958136,0.78991586,21.76208,0.41703415,0.42052573,0.2053714,103496,0.500381139762508,5.5073817693673845,0.054055935824543266,0.05620098519161837,0.04571993173387476
random_baseline,770,0.33126013893173145,25.44567569254649,0.4020517425089406,0.4230148711537997,0.319536755258606,0.6133823,21.855005,0.34501153,0.3616968,0.31182456,117298,0.28212214094116284,3.5906704282642643,0.05704021020226946,0.06131806162354153,0.007712195093200702
random_baseline,774,0.8887087344008794,12.508675533491385,0.2066723846077088,0.22538975075150203,0.40799267500407105,0.20612553,24.561184,0.34922385,0.3544411,0.27720395,34710,0.6825832067805638,12.052508395951975,0.142551467549884,0.12905135556792546,0.13078872769839173
random_baseline,768,0.7445806873916534,16.9578253825333,0.27288955336758197,0.28366858341281814,0.34683333537341793,0.60164493,18.015358,0.29304653,0.29804865,0.22421816,97793,0.14293575416792903,1.0575325886581055,0.020156980693849913,0.014380061845131686,0.1226151754594012
random_baseline,771,0.5214500543902172,28.524112408628817,0.32145670242006097,0.3247541158634591,0.23996590014821279,0.3678344,26.228338,0.20010921,0.20996815,0.38456494,117812,0.15361566518046987,2.2957741670516683,0.12134748882943902,0.11478596620144127,0.14459903601282847
random_baseline,780,0.6522818596755676,19.94563475244866,0.2043793644388157,0.2077391355573211,0.23830289279449746,0.6398945,22.05278,0.8401244,0.84324545,0.13910647,9519,0.012387374201934809,2.107145398918526,0.6357450638334317,0.6355063111246553,0.09919642542827889
random_baseline,781,0.8968926076453785,16.99789281749969,0.3144624043251235,0.3180339220864266,0.2551339482047586,0.8524211,20.508192,0.51523894,0.5205988,0.23249274,117984,0.04447150273738898,3.51029924487824,0.20077653639066628,0.2025649067061454,0.02264120328212066
random_baseline,777,0.3069880268774991,28.106570050212383,0.2175060976876788,0.22438857042820673,0.2445458905609517,0.6189152,21.972467,0.44038516,0.45807207,0.39580497,112312,0.3119271733559604,6.134102627727032,0.22287906514267397,0.23368349587886114,0.15125908089557602
random_baseline,775,0.33653188363152775,24.678697084763478,0.6736203782620359,0.6748504734320067,0.12319475764430673,0.7558086,21.024445,0.19105119,0.20548974,0.40307555,87102,0.4192767082111236,3.6542525046853527,0.4825691931309629,0.469360733656349,0.2798807883819231
random_baseline,776,0.9467141927358196,2.604308918952249,0.32178886160986025,0.32895956549206573,0.22803082509908465,0.9797903,9.041464,0.25412706,0.27075157,0.44774666,39745,0.03307607759270215,6.437154932976462,0.06766180620328982,0.05820799979725677,0.21971583918657514
random_baseline,779,0.3389732122656556,24.58724291397674,0.22746027462493842,0.23065323330970944,0.21883558546091866,0.15414824,22.994436,0.29066956,0.30404016,0.29651284,139865,0.1848249763485642,1.5928066499386553,0.06320928580749566,0.07338693044570743,0.07767725671742606
random_baseline,782,0.6571940058476022,23.90187757942135,0.26901922839612247,0.3109701360049559,0.43720085280618276,0.55218023,24.239046,0.3381311,0.3438967,0.24177964,43991,0.10501377523007904,0.33716851738040887,0.06911187154322385,0.03292655102583636,0.19542121248921956
random_baseline,778,0.1750539767014152,23.821649690367376,0.22641984227730214,0.23990773097883808,0.3272150344349343,0.947948,3.591769,0.29131505,0.29871163,0.22402523,8528,0.7728940022719735,20.22988071034113,0.06489520665572704,0.05880389674294842,0.10318979985489435
random_baseline,783,0.456599261885992,26.826023078357355,0.3489053704527019,0.3529119878643531,0.2304759038990434,0.109907046,27.197996,0.2489474,0.25129956,0.22078718,50769,0.34669221592556565,0.37197306116901174,0.09995797357827413,0.10161242779431529,0.00968872144874891
random_baseline,786,0.2975708333719194,24.609934166000894,0.21616884680994997,0.21950996053888203,0.19859618928375744,0.8162877,18.553108,0.26423275,0.27976727,0.36892626,25115,0.5187168629896224,6.056825950668863,0.04806390789738646,0.060257314317685357,0.17033006761130787
random_baseline,785,0.7688465852199277,17.994695864082004,0.25124114666673836,0.29636284757745157,0.6311877963333102,0.8632484,16.21423,0.2375223,0.2494248,0.3468818,13949,0.0944018226208011,1.78046628034177,0.013718842608663406,0.046938047300695285,0.2843059894828769
random_baseline,788,0.9771414549085082,9.092261638610147,0.2272892055555401,0.23681368910106912,0.35194189506972984,0.46817136,26.198893,0.7820694,0.7839202,0.1551131,118781,0.5089700967999877,17.106630954773642,0.5547801794961872,0.5471065393802236,0.19682879406417564
random_baseline,789,0.7180543780097757,21.309250871368548,0.36993790642740065,0.3752478703756471,0.2685018968575996,0.20286459,24.783894,0.25130647,0.25439805,0.22871582,138363,0.5151897907027994,3.4746427138365306,0.11863143221856887,0.12084982245160536,0.03978607475696028
random_baseline,784,0.8980446031039633,15.91900211634615,0.23842542082583423,0.2451050809656556,0.3253538511028586,0.98097515,3.5607574,0.30584252,0.33464316,0.4137086,131704,0.08293054795804844,12.358244717740803,0.06741709798062329,0.08953807437072442,0.08835474631878754
random_baseline,793,0.19351846707910036,28.10836134564604,0.3940558800288489,0.3963908146326708,0.1901221320931846,0.8987009,18.045307,0.34844077,0.36515146,0.39374682,54571,0.7051824258461621,10.06305418622221,0.0456151136943152,0.031239349693553353,0.20362469097924887
random_baseline,790,0.7541451379025685,16.714746604170898,0.2353227736635272,0.24374287359218183,0.328971093903748,0.8458292,10.793976,0.2341862,0.26530603,0.4764667,51574,0.09168405092113141,5.920770774092773,0.0011365713758532403,0.021563152151302667,0.14749559162977555
random_baseline,787,0.235294771893274,25.191218157524403,0.7769478613442973,0.7781490514621073,0.11774349418665751,0.8281579,13.349785,0.23719877,0.24403088,0.28638783,9668,0.592863129870642,11.841433306450185,0.5397490912980631,0.5341181735143,0.16864433678601398
random_baseline,794,0.43668953687997714,23.329614040136086,0.35700404080578557,0.3652088417831936,0.3101973017053661,0.2328298,30.245413,0.72353137,0.7243967,0.09887269,42628,0.20385974259229556,6.915798786402,0.3665273245888067,0.3591878638442478,0.21132461031246752
random_baseline,797,0.7590695604454673,18.328188919810977,0.31926593546827126,0.3215281830359032,0.15372999223351244,0.8935061,11.393676,0.25939396,0.27400625,0.3454277,81184,0.1344365492690408,6.934513115672793,0.059871975230768204,0.047521935515456415,0.19169769970298048
random_baseline,795,0.42776008552019734,20.630534471428717,0.3656368818333853,0.3847984537186545,0.3475003921589098,0.16896933,29.494652,0.79489785,0.79545385,0.08396156,103339,0.25879075234835286,8.864117323004876,0.42926097249477024,0.41065539273596585,0.2635388308366976
random_baseline,798,0.5213675481925726,23.584452906443083,0.27077619992390256,0.27951057676001534,0.30586949215979,0.8867507,14.301664,0.30862877,0.3150049,0.27876002,33584,0.365383149897027,9.28278855402609,0.03785256780490298,0.03549430843667045,0.027109476195281923
random_baseline,792,0.2809063813727109,28.41639469961346,0.3334028772529301,0.3365997294778489,0.200036014018688,0.9373911,16.300276,0.2874041,0.32877862,0.4868762,13655,0.6564847209412845,12.116118897001154,0.04599878708683819,0.007821104943241952,0.28684017569002174
random_baseline,791,0.5012510895400318,23.480616829084727,0.3774640920504383,0.37963480478042877,0.1975201983351917,0.59946287,18.974316,0.33837765,0.3460698,0.216998,98863,0.09821177724311025,4.506301185774181,0.03908643749797858,0.033564992005770566,0.019477797637441674
random_baseline,800,0.4667536188237655,25.34621731007707,0.47151559709402713,0.4758595268319075,0.21496818316341182,0.7600074,21.52298,0.3435528,0.36944008,0.43983027,19140,0.2932537626154435,3.823237573748944,0.1279627990612665,0.10641944809655596,0.22486209022640447
random_baseline,799,0.420690715688023,23.272466907200666,0.23100805142633074,0.23831910276126533,0.26103219087895707,0.5463082,22.130613,0.26028532,0.2919428,0.5216134,98409,0.1256175037448078,1.141853580174299,0.02927726647146589,0.053623702290538255,0.26058122817698165
random_baseline,804,0.030522749636365788,25.45840846519454,0.2380619398848168,0.2773254906104279,0.5600583866924733,0.34329212,23.436014,0.22104931,0.24408455,0.38102192,45792,0.31276936748246964,2.022394289779502,0.017012631107961335,0.03324093868000033,0.17903646982617083
random_baseline,796,0.7089627553282712,13.782784682658004,0.30028386285018915,0.31456416560776423,0.3931981653636625,0.9247539,13.45453,0.17261249,0.18057151,0.39268345,12017,0.21579114901438012,0.32825492038993787,0.12767137458038325,0.13399265421993922,0.0005147189563443622
random_baseline,802,0.9830747260669958,11.049733130614833,0.27815991784428024,0.2862525764287815,0.32116536970863535,0.043909617,26.439438,0.7142151,0.7172091,0.19399683,69549,0.9391651092986356,15.389704735596105,0.4360551819672737,0.4309565242944851,0.12716853793392374
random_baseline,801,0.6072134226888793,23.2990066410289,0.2419277299949279,0.2829545150412377,0.5643142913424932,0.7560368,21.14094,0.20551921,0.2449898,0.6957994,36901,0.148823395338617,2.1580669285044856,0.036408515722428814,0.0379647175682839,0.13148511900067694
random_baseline,803,0.6458175680688646,20.71580568003642,0.308136055930887,0.3120770415644132,0.2583042101753088,0.7745928,18.071827,0.28031263,0.28804195,0.28805438,50737,0.1287752487608168,2.6439787452219683,0.02782342837694718,0.02403509229225742,0.02975016666528263
random_baseline,806,0.3501439363150749,26.303396368968155,0.46743342578340924,0.5173237099227801,0.42116464773146317,0.9756968,4.10861,0.23732993,0.26804554,0.44013456,107666,0.6255528658242073,22.194786215769913,0.23010349571634686,0.24927816529845148,0.018969907369931482
random_baseline,809,0.965811364240196,4.856054486925018,0.24703043916141107,0.28608392081591905,0.4032874785755119,0.87900984,9.316039,0.31491244,0.3329897,0.29915458,22608,0.08680152136757635,4.459984598463166,0.06788199923122809,0.046905771872069235,0.10413289893607708
random_baseline,808,0.4026036090895323,25.658027905001454,0.46130299269611685,0.463049485942038,0.17155766703652428,0.3101753,23.487408,0.2575705,0.26371363,0.24062292,69523,0.09242830944506208,2.170620220675282,0.20373248755390494,0.19933585788837282,0.0690652557416053
random_baseline,805,0.8212501541282191,13.018395364192507,0.31924449887342593,0.3281089220802072,0.29028570013993027,0.84442824,13.998455,0.2684468,0.28938195,0.38597345,94805,0.023178087124680058,0.9800596834149147,0.05079769578046939,0.03872697098653349,0.09568775338179825
random_baseline,811,0.4976913903340607,18.55344201721682,0.3481528210705925,0.35084623558206235,0.19382110407728312,0.8943548,13.768606,0.20110166,0.20826755,0.33838266,87981,0.39666342991740416,4.7848358313037345,0.1470511603421379,0.1425786809412924,0.14456155726533773
random_baseline,814,0.48388792678903597,26.565954008859762,0.49000265517694364,0.4910310695776269,0.12602349160386045,0.9248006,11.521874,0.29261085,0.29581004,0.20646437,117651,0.4409126479904745,15.044079581064352,0.19739180126649747,0.19522102576582878,0.080440873520842
random_baseline,810,0.15271454360430975,22.485117230829612,0.46464087025491474,0.4655699764221042,0.12223975118517164,0.064878836,31.469406,0.75907326,0.7605523,0.11988958,85613,0.08783570733016272,8.984288897100075,0.2944323871913743,0.2949823106796414,0.0023501714718270617
random_baseline,807,0.25044367337869894,26.13057767087395,0.3184339504579895,0.47301126400319543,0.7300120027269769,0.12962247,23.602514,0.21902262,0.2332851,0.41558295,25569,0.12082119906591665,2.5280634039061773,0.09941133371394806,0.23972616473523584,0.3144290478434014
random_baseline,812,0.9450231573427806,12.758070210221042,0.19138857925260394,0.203604401499178,0.38932830348439074,0.26506937,22.355143,0.41623527,0.42139706,0.22063069,24963,0.6799537918413768,9.597072383162747,0.22484668886339337,0.21779265865669054,0.16869761302895403
random_baseline,816,0.9389473792377722,7.4944767307695415,0.25518992883369596,0.26217574723721204,0.29449623145400167,0.9064004,6.6817904,0.32303593,0.3412825,0.34834883,108480,0.03254699671900385,0.8126863789018657,0.0678459967930588,0.07910673967837634,0.053852594715965985
random_baseline,813,0.6719870710146224,20.669155143708995,0.30747214211853685,0.31760402516861547,0.33438397421607013,0.72885317,22.412672,0.40898433,0.41206267,0.23607117,97900,0.05686609508874063,1.7435168991376848,0.1015121911582118,0.09445864959220301,0.09831280483969684
random_baseline,818,0.5315805625206781,23.5285477799023,0.2355820909659069,0.24667051251871377,0.2870183867568078,0.2996049,27.161652,0.73299915,0.7363239,0.19998428,5034,0.2319756697899652,3.6331038314258244,0.4974170550187428,0.4896533805515072,0.08703410450163507
random_baseline,821,0.43412430162141424,23.085761145076987,0.19997641154925985,0.20285039580330758,0.20234372364713255,0.919111,13.938296,0.19545211,0.2457786,0.6171891,117909,0.48498671179106134,9.147464827022787,0.004524302570034694,0.04292820953860374,0.4148453856782764
random_baseline,820,0.7716070675998847,16.905668903776927,0.20681902663313895,0.21258605740626543,0.32794392311140613,0.84841263,13.781755,0.3362932,0.3413659,0.24940942,139307,0.07680556534231497,3.123913456389232,0.1294741640845582,0.1287798462096861,0.0785345008330019
random_baseline,817,0.14472133503680645,26.459567624140803,0.27449352693424184,0.2774793515801734,0.21858278521652222,0.7450477,18.427143,0.23142125,0.24416064,0.3697407,2985,0.6003263534473855,8.032424527216975,0.0430722798095699,0.03331871432069006,0.15115790954475403
random_baseline,815,0.7216042647839426,20.030822492189607,0.25411641204851726,0.26256381965761244,0.36407729365220937,0.96879435,6.4071527,0.54232293,0.56144506,0.40083265,105978,0.24719008107177032,13.623669839449128,0.2882065216253414,0.2988812377345079,0.03675535939344493
random_baseline,823,0.15446639496464878,23.176960454369617,0.2983997265711452,0.300027335943432,0.15326081380484458,0.06856524,20.088528,0.28423795,0.3512373,0.6128073,18814,0.08590115297217518,3.0884327749262575,0.014161775530877274,0.05120996111467346,0.4595464600599015
random_baseline,819,0.4162720139215956,23.897732577232677,0.3505269853446419,0.35551378635763137,0.26075865274973414,0.5337102,21.072554,0.22283942,0.23162706,0.3489993,1950,0.11743816779150867,2.8251789425891225,0.1276875702712471,0.12388672439455001,0.08824063890866735
random_baseline,822,0.8933711297443897,17.136613908432622,0.3752108240013255,0.3840991902596918,0.3116186923387421,0.60842764,19.9278,0.4346861,0.4449064,0.31795454,82603,0.28494348596844976,2.7911853164208935,0.0594752705211507,0.06080722329545346,0.0063358479139434265
random_baseline,826,0.22594520935194182,26.473323641062372,0.4912495688301213,0.4934198872967674,0.11848465919274977,0.8763121,17.15946,0.2852684,0.300304,0.3220501,86856,0.6503668676934988,9.313863573313348,0.20598117269097638,0.19311589168748394,0.20356543541174243
random_baseline,827,0.8485648391727022,16.23460716743022,0.4356152975136567,0.44690629573912866,0.3434317862774866,0.6343188,13.472824,0.3594784,0.37016496,0.27907407,48519,0.21424601058993853,2.761783070750532,0.07613688345497138,0.07674133511634118,0.06435771343965702
random_baseline,830,0.3712380051590792,17.677773509551756,0.258676748975402,0.26876389338414686,0.2958194692285538,0.45608962,26.069906,0.31231514,0.32281986,0.29118606,12744,0.0848516106627592,8.392132725189455,0.05363838721882713,0.05405596540529711,0.004633404746818559
random_baseline,824,0.668259092571092,19.91639787720187,0.26638878386859116,0.2720169695691181,0.2886420263827617,0.82145,13.168421,0.23924363,0.24505822,0.28763178,73442,0.1531909024698016,6.747977085575894,0.027145157274047704,0.02695874596396214,0.001010246473627796
random_baseline,825,0.973341995113114,6.9738559850519835,0.23659982222022416,0.24508255138955665,0.31625405915515176,0.72168005,23.357052,0.4865143,0.4933935,0.28989962,115953,0.2516619499852454,16.38319586431325,0.24991447788773177,0.24831095919050622,0.026354441721603783
random_baseline,829,0.12830832653786486,29.50304262532397,0.7641887512428622,0.7644820395232429,0.06561548792001516,0.116037734,27.270483,0.28377485,0.31920922,0.36089602,108208,0.012270592685001552,2.2325596083561976,0.4804138984901767,0.4452728214980354,0.29528053320768566
random_baseline,834,0.9659851683688369,11.234652250219526,0.21887477468390296,0.2613704149330265,0.7160848317914307,0.85356927,7.755493,0.33613673,0.35637242,0.39742056,112773,0.112415899188539,3.4791590861570256,0.11726195384125879,0.09500200108641321,0.318664276438266
random_baseline,828,0.08695585504501538,22.570696714125223,0.23322936998777027,0.2604258097856245,0.5647736973569406,0.74386096,19.002542,0.38118413,0.3949169,0.32633984,51313,0.6569051049616985,3.5681542183976838,0.14795476091928844,0.13449108226607226,0.23843385646796356
random_baseline,831,0.14577313178857598,26.063888092152236,0.7121715987014945,0.7129717074672232,0.10390882435706643,0.870743,11.789667,0.24569067,0.2562788,0.30571386,100377,0.7249698448769208,14.274220962635635,0.46648092511178807,0.45669289458193874,0.2018050378236434
random_baseline,835,0.7246966602234929,20.593856261495258,0.22107188656131532,0.22707751665228004,0.3329559422382068,0.95762324,8.153419,0.26627958,0.27977383,0.33879477,93535,0.2329265831084163,12.440437720540668,0.04520769164760802,0.05269631471521263,0.005838825618391108
random_baseline,832,0.5754934010483093,17.69882381659429,0.27831015516358,0.289450603383719,0.2695661968067023,0.2752073,20.45429,0.35408905,0.35837314,0.23320015,59088,0.300286090133316,2.7554665734203567,0.07577889632148166,0.06892253194457387,0.03636604905870883
random_baseline,836,0.8245266177420146,19.527469586367314,0.2781636232418517,0.28784851326962296,0.3047290786434213,0.75669754,21.335297,0.30074644,0.30775917,0.33883518,132823,0.06782908222718309,1.8078270444920612,0.022582817645599496,0.019910652494232017,0.03410610116233431
random_baseline,833,0.6973955985930361,23.200247463058528,0.5005499425608925,0.5016862819410945,0.1428045067514691,0.74618495,20.360664,0.34408638,0.36722383,0.29013935,133311,0.04878934651347022,2.8395830953827463,0.15646356374810255,0.13446245291010395,0.1473348405633655
random_baseline,837,0.07532975935770063,27.018500658511797,0.631469684275911,0.6327126055220369,0.09671027017661742,0.023099452,24.851406,0.22580238,0.25124463,0.48452547,17221,0.05223030710054426,2.167094561099688,0.40566730740957035,0.3814679711321596,0.38781520174911804
random_baseline,840,0.6454920973849669,19.758598667845284,0.22773491493927364,0.23718808635689972,0.2712357486451831,0.85459596,12.818325,0.24743383,0.25743693,0.3455627,94153,0.20910386180158702,6.940273625120675,0.019698911388050272,0.02024884477637054,0.07432694781172611
random_baseline,841,0.338476127957921,17.89700277694417,0.25313013912050136,0.27019608584277666,0.48429135204234736,0.9403198,11.392002,0.20249899,0.22068693,0.38673308,75512,0.6018436485771133,6.505000671231279,0.0506311518034161,0.04950915840499437,0.09755826712527887
random_baseline,842,0.9858882076432232,9.200388536512946,0.255350182976612,0.26250537635952176,0.36756258321725616,0.42115393,24.108818,0.26678827,0.26968887,0.19147865,76472,0.5647342748333934,14.908429517686272,0.011438091073146917,0.007183498123586762,0.17608392847501525
random_baseline,844,0.10549937912267099,31.43348307062273,0.6583000299407573,0.659460341515963,0.1296055100111831,0.9100607,10.393353,0.286794,0.30920726,0.3957936,105476,0.804561324631754,21.040129608403493,0.3715060231162639,0.3502530809072899,0.2661880769581925
random_baseline,838,0.3709553876004633,21.60229726865604,0.2590272657439646,0.26640295741676784,0.28175550844349745,0.24263473,29.519373,0.3755339,0.38105866,0.24563609,96556,0.12832065904955237,7.917075671407435,0.11650664286161094,0.11465570571303868,0.03611941780724409
random_baseline,839,0.8527545005926152,14.234686895109057,0.28346634692710476,0.3059832004222546,0.40856838050097033,0.2578966,29.48286,0.46107107,0.4671623,0.29477265,112066,0.5948578984388371,15.24817367007649,0.1776047270818369,0.16117911065486334,0.11379572572916552
random_baseline,847,0.8428492094409126,16.220542632007202,0.3686123996477581,0.37241388294402783,0.2370914183891413,0.8719783,16.817831,0.40870753,0.41162083,0.17925122,763,0.029129073487554225,0.5972884074215088,0.04009512965865364,0.03920694258507068,0.05784019458657477
random_baseline,843,0.9809212088542708,3.0892317481638756,0.2890441488133771,0.3092281391921456,0.3638594428093732,0.08487059,26.376263,0.23114471,0.24115999,0.3760051,68485,0.8960506170945891,23.287030916631046,0.05789943743814058,0.06806814876226736,0.0121456703154742
random_baseline,848,0.9692929631855229,4.747307540175136,0.49417919201944216,0.4991547420894754,0.22325022412108603,0.9689312,6.4305224,0.21282059,0.24809673,0.4241049,98085,0.00036176506540575026,1.6832149016888778,0.28135860247705324,0.2510580078041208,0.2008546750469285
random_baseline,850,0.36435475685794044,22.453302918666687,0.21468608265195538,0.2196574165579771,0.2687481944819317,0.047785092,20.421333,0.2386911,0.24166697,0.18106031,25487,0.3165696647127359,2.0319696056784053,0.0240050237866814,0.02200955607919941,0.08768788030346492
random_baseline,849,0.21175345705112178,24.237808095835707,0.24539384446662715,0.2694019249510192,0.4717254743867483,0.49768242,21.569908,0.3615298,0.36397612,0.18985586,24340,0.28592896534839907,2.667899953745863,0.11613595284897038,0.09457419599777228,0.28186961570316216
random_baseline,845,0.8944108726193933,7.208983174641055,0.27687395958224337,0.2878606442937786,0.2663395735004553,0.97957665,11.570315,0.23809479,0.24375604,0.32002947,9679,0.08516577466225339,4.361332186381894,0.03877916781226198,0.044104603363030626,0.05368989384382877
random_baseline,852,0.9465014426104267,8.887281610433128,0.22283903360353785,0.2541324175118783,0.623702474996378,0.8715715,19.498686,0.2766986,0.27976802,0.20913611,84489,0.07492996138255192,10.611404226358864,0.05385955572141332,0.02563560240274876,0.41456636147194104
random_baseline,851,0.898481400723222,8.273142718746492,0.4896969622807534,0.49980703795035164,0.21278111965601376,0.5376436,22.182491,0.31847245,0.32773072,0.32324842,38153,0.3608377892921002,13.909348583743743,0.17122451726961446,0.17207632267554085,0.11046729652936527
random_baseline,853,0.8919152663418533,17.951100451535794,0.20071580586385565,0.21304901799079018,0.3498606509678042,0.65079284,16.507944,0.32262996,0.32648203,0.21391085,103868,0.24112242919890892,1.4431563444801299,0.12191415252733392,0.11343300977829857,0.13594980306550625
random_baseline,856,0.9829587047961779,3.304952683555605,0.30991889000287315,0.3382388071569695,0.4922049458346612,0.8733641,16.79779,0.35745344,0.3625271,0.236621,80368,0.10959461387668323,13.492837843788145,0.04753454565653542,0.024288295075009847,0.2555839385113961
random_baseline,855,0.8869393489550615,5.29647336271649,0.2899935074245493,0.2963121918576818,0.24101197276075972,0.9745138,11.792207,0.1928191,0.23915985,0.859066,106438,0.0875744797993635,6.495733401504701,0.09717440382595466,0.05715233959137017,0.6180540367607247
random_baseline,846,0.2786096281216054,23.439316254708352,0.2056353213506711,0.28509137730537515,0.903858095020477,0.8340922,14.111992,0.24512175,0.25166106,0.23655048,67264,0.5554825716807933,9.327324372384133,0.039486425904654204,0.03343031506477456,0.6673076148931424
random_baseline,860,0.9872174144033399,5.919273243159914,0.2224645117952151,0.2559326386259044,0.45259627929198926,0.5321997,21.54472,0.2217561,0.24355926,0.5441949,65042,0.4550177335981336,15.625446452885008,0.0007084111406130411,0.01237338242988234,0.0915985978556853
random_baseline,857,0.6586299888154241,22.24396972844203,0.37799913744137403,0.3810225873676185,0.22689060013995457,0.78526163,21.334183,0.25739732,0.29212683,0.4256872,109773,0.12663164219653877,0.9097869891842159,0.12060181359455702,0.08889575297507091,0.19879659373058986
random_baseline,854,0.6585308684862833,20.54787897399745,0.23328173009263892,0.2441277634452278,0.36337461819923345,0.8876563,10.761479,0.28764525,0.34105346,0.48721147,115659,0.22912540297138884,9.786399596250867,0.05436352046621423,0.09692569262281114,0.12383684763633784
random_baseline,862,0.9834383324274109,8.60644228509306,0.2823168050340632,0.3387641781346832,0.6972148928582902,0.96783715,5.3407044,0.34122813,0.35134906,0.26815268,1760,0.015601177562145963,3.265737844022503,0.05891132244549002,0.012584877632376146,0.4290622088849778
random_baseline,858,0.3098291697967365,24.214430181074075,0.2048527500351178,0.23400241591299895,0.5480845313927246,0.16059752,27.687346,0.26097617,0.26410007,0.20385943,91162,0.14923165171030311,3.472915323686667,0.056123415497948,0.03009765885506746,0.34422509786096345
random_baseline,859,0.8290498492981377,19.27766534977322,0.27326153289867183,0.2866488568286869,0.4867593009551216,0.5559053,23.325321,0.23602277,0.24346922,0.26402178,72703,0.27314456680073174,4.0476558477365465,0.03723876249385616,0.0431796334485981,0.22273751688796767
random_baseline,864,0.1521075218956122,29.336236342127012,0.4078706133278695,0.40868879320795587,0.10736836470589187,0.577371,23.826012,0.49060604,0.4929011,0.1822986,40212,0.42526347934797915,5.510224684412169,0.08273542643462745,0.08421229359929511,0.07493023596778367
random_baseline,865,0.7858695336561385,14.877453705733274,0.2755818581508948,0.2800255892094037,0.210850424738647,0.89458567,10.572203,0.2187717,0.22154397,0.18599872,53188,0.10871613538454139,4.3052510232381564,0.05681016206019657,0.058481621485557245,0.02485170182776597
random_baseline,863,0.6441769414380077,21.59378399325311,0.35727774435093684,0.35985194511972673,0.19375746191419368,0.745625,12.435984,0.27666467,0.28635707,0.37367424,53442,0.10144807763547858,9.157800335416194,0.08061307006886287,0.07349487014375933,0.1799167817743897
random_baseline,861,0.45942245375526847,19.21994339857437,0.2409402219165352,0.2731310551476795,0.409319514944727,0.63611805,16.0313,0.33280832,0.33821538,0.24677224,26042,0.17669560063468515,3.1886438075099157,0.09186809383740158,0.06508432575937922,0.16254727037208755
random_baseline,870,0.1515224941381855,28.146910786835214,0.4020374475257192,0.40821195582848735,0.1856145651644528,0.23206744,19.466583,0.23896624,0.2526363,0.34351712,103587,0.08054494184165764,8.680327534882089,0.1630712060467992,0.15557564239007182,0.15790255948840975
random_baseline,866,0.4744552839433645,25.18639196561767,0.3564610163186666,0.3740313774642111,0.326813684960194,0.09639364,21.741287,0.29655087,0.33723298,0.46968248,53352,0.3780616465842222,3.4451047341723573,0.05991014637695519,0.036798400312340385,0.14286879990499463
random_baseline,868,0.016490223688355274,25.68901993127116,0.23457675732536046,0.23847986104177366,0.23104781491389034,0.6977721,17.757969,0.28206044,0.309761,0.33477402,92641,0.6812818619783012,7.931051028683271,0.04748368702965053,0.07128112671686282,0.10372620242009403
random_baseline,867,0.8704711319443992,15.469163051385841,0.21757469367580617,0.22435046033391867,0.33272848714175224,0.5189391,21.543842,0.21915656,0.27205864,0.7483968,128051,0.3515320540902427,6.074679264287987,0.001581869606206765,0.04770817561616983,0.4156683267277241
random_baseline,875,0.9113670023221031,6.07304100461387,0.2730495855484413,0.2782348268363639,0.22027441222794736,0.650819,20.257727,0.4958973,0.50141823,0.24661198,73112,0.26054799874010237,14.184685664697653,0.22284770754237904,0.22318340608142173,0.026337570356052276
random_baseline,869,0.3762717603501577,26.01834144971113,0.2585386682148575,0.2644236413820608,0.275499559317106,0.053153414,31.729973,0.7333999,0.733961,0.07738414,115293,0.3231183460709352,5.711631389644339,0.4748612594012619,0.4695373447553293,0.19811542269992233
random_baseline,874,0.9810061442996701,7.358443577128504,0.2091387688958271,0.2428948835041695,0.584087076383252,0.85354733,19.06421,0.4626057,0.46555114,0.19158868,76273,0.12745880962864964,11.705767314595128,0.2534669459021465,0.22265625442002485,0.3924983914667557
random_baseline,872,0.15945753492639292,24.97620287391817,0.18979774225558116,0.19663976207276773,0.2920935158658314,0.5073852,13.901996,0.2419418,0.24626032,0.23392703,24942,0.3479276593752123,11.074207215043657,0.05214405249749349,0.0496205531070571,0.05816648947480202
random_baseline,877,0.7517184818264371,19.918104041090235,0.24364842426261224,0.24939214598512707,0.2415996056945774,0.342903,26.628868,0.39753038,0.40638548,0.25310308,115365,0.40881549363101777,6.710764061937109,0.1538819526485511,0.1569933353724474,0.01150347171707422
random_baseline,871,0.10101295761217166,23.019923265169055,0.27833175271374905,0.2962940025890053,0.30374146783936806,0.90638757,16.068407,0.3106837,0.318732,0.33904532,2051,0.8053746099079699,6.951516206453235,0.03235194474833286,0.022437990847808065,0.03530384814154319
random_baseline,873,0.32718032987921114,21.384751177817936,0.2223667121055727,0.25667228805561876,0.5502944080400286,0.99382055,3.8106523,0.26952228,0.29201302,0.48818466,134292,0.6666402181783451,17.574098921805973,0.04715556739538859,0.03534073126773024,0.062109747366887125
random_baseline,880,0.29245029608271417,27.407438300744218,0.3027402100716405,0.30526576025796803,0.2058927334386303,0.6515215,21.068537,0.32093278,0.32567686,0.2018101,52668,0.3590712078426093,6.338901542321366,0.01819256566421462,0.020411098167172348,0.004082626803536604
random_baseline,879,0.5963250702727916,19.271730847889792,0.20520032900786625,0.21555968851873653,0.3921272913988535,0.061811052,29.63626,0.6677872,0.67281103,0.25139996,77374,0.5345140180100085,10.3645282310897,0.46258686524414794,0.4572513428228162,0.1407273273046915
random_baseline,876,0.9753648116721874,10.448086691095668,0.24146409428142712,0.25219656930935835,0.33693358933730133,0.6937452,22.419998,0.2567039,0.26568314,0.27450764,26521,0.28161961580655626,11.971911477849645,0.015239818930395388,0.01348657502162004,0.06242594754500397
random_baseline,883,0.5516331927180446,24.171546632519686,0.4552337776301768,0.45825741513981166,0.19034283799984694,0.42081887,26.239532,0.23760197,0.24084072,0.20013571,67472,0.1308143274188197,2.0679858381834393,0.21763181196435955,0.2174166969896728,0.009792869855377667
random_baseline,881,0.13296571220033437,25.429348767978052,0.3153529858808145,0.3197327360893538,0.20548029997334735,0.8444077,8.516929,0.24276932,0.26099914,0.34991148,19298,0.7114419654501173,16.912420095187525,0.07258367004200073,0.05873359296572711,0.14443118116869672
random_baseline,884,0.3212289190165098,24.716982496113815,0.3203815255407282,0.32823973701590337,0.23835744176239426,0.017825283,26.125927,0.22655857,0.2361176,0.2730388,52898,0.30340363590636804,1.4089444753217322,0.09382295944728336,0.09212213562125005,0.03468136276870315
random_baseline,885,0.18484690674305357,23.87972331346373,0.2010760868672317,0.210978686717168,0.38097883673488603,0.9488196,4.9630165,0.24212018,0.24945453,0.25098795,84999,0.7639726709508856,18.916706803453966,0.041044089686494506,0.03847584137617002,0.12999088974773393
random_baseline,878,0.6236085111201963,21.233631529036902,0.3909441152767829,0.39469938742973865,0.24442996311029191,0.27372476,24.000326,0.20137854,0.21115078,0.39044908,102324,0.34988374653470133,2.7666946275793087,0.18956557607218544,0.1835486071095711,0.14601911378065352
random_baseline,886,0.0925499742857443,29.938961219583174,0.3037514969975279,0.3401629014291749,0.4353432164911898,0.350924,24.36004,0.23318832,0.28073177,0.5937065,101521,0.25837401095709933,5.578920554910322,0.07056318077152235,0.059431134013174514,0.15836327211812418
random_baseline,882,0.7882583353622058,18.01707765306019,0.25698491894519265,0.2780596011468616,0.46826395374361907,0.9206972,12.252737,0.29845813,0.30658802,0.27705142,62663,0.13243887685703248,5.764340607772105,0.04147321022236411,0.028528422754124094,0.19121253472391997
random_baseline,889,0.969326318740795,9.794696186615774,0.1937916504738293,0.20256139521949845,0.3519125412779308,0.9641086,8.87326,0.24907732,0.26304534,0.33602992,54182,0.005217732429454669,0.921436642243215,0.05528566962504766,0.06048394555694503,0.01588262427620657
random_baseline,891,0.5256791092885692,24.69333190827652,0.3115340787968729,0.3147335594363588,0.24401543723732955,0.42245373,27.07853,0.3918988,0.39852232,0.27256495,136587,0.10322537799012255,2.385197449633637,0.08036473206662198,0.0837887579731566,0.02854951036780351
random_baseline,887,0.16570950575924348,27.61089819440424,0.6029264295879928,0.6059014379432522,0.19813136733103695,0.19161612,26.645922,0.21861313,0.22262764,0.22896549,92906,0.02590661219501067,0.9649764872509188,0.3843132967535583,0.38327379817274443,0.03083412372540531
random_baseline,890,0.18309693105851146,22.794065217166672,0.3646363863517274,0.37852864531471714,0.3043940702607295,0.4862936,18.252342,0.33568993,0.33775452,0.17704211,93721,0.3031966828521636,4.541722993045578,0.02894645424380199,0.04077412752106174,0.1273519585063121
random_baseline,894,0.5729588971555529,18.461499473514035,0.1878453060009358,0.19120849804918424,0.25266470728906804,0.2633009,24.253426,0.19633445,0.23374833,0.6281728,50398,0.30965800146463496,5.791926124630496,0.008489145436060663,0.04253983361680849,0.3755081075569708
random_baseline,888,0.20359512693077103,24.24823982041473,0.3812128032354501,0.3831148676351719,0.14328795536111916,0.7331022,15.036664,0.409893,0.41562188,0.29244965,61784,0.5295070754846953,9.211575811320493,0.028680202850899394,0.032507009081441884,0.14916169778753197
random_baseline,893,0.7001207277256173,23.32831933900088,0.2584375154479897,0.26056333714242913,0.21541292615765503,0.6609482,21.936636,0.19643714,0.2357703,0.6441909,102203,0.03917251081048667,1.3916833679315452,0.06200038010920644,0.024793037111720817,0.42877798132067746
random_baseline,892,0.8317054136944623,20.3059127653188,0.2953665171739172,0.3074181456867521,0.34505842550019367,0.48899835,24.991411,0.80181074,0.8022883,0.0826577,44451,0.34270706021316955,4.685498443787644,0.5064442242506433,0.4948701481517489,0.2624007232330237
random_baseline,896,0.8173763367401353,18.851588227723845,0.23481674229977376,0.24829611355589495,0.36870466478058467,0.9502686,8.629272,0.2138359,0.22741826,0.41195667,130104,0.1328922894729384,10.222315766786345,0.020980847238280836,0.020877854769693477,0.04325200311950078
random_baseline,895,0.2920225176173902,19.865567271277634,0.3265266563565736,0.33083132485982725,0.23344629938749192,0.1413921,24.822742,0.21169795,0.23587182,0.5546853,89024,0.1506304207402921,4.9571751908805695,0.11482870539736795,0.09495950321790525,0.32123899524065136
random_baseline,900,0.3724126358752736,28.143777496143027,0.6396418876975173,0.6437171467995753,0.20091657121647763,0.7316212,19.277857,0.6905189,0.6919804,0.1038763,52511,0.35920856993145855,8.8659206693608,0.050877027955711474,0.04826327474354608,0.09704027106036114
random_baseline,901,0.8053286248341797,11.973825715872927,0.36332872694215296,0.36690575667211534,0.1939913146553161,0.64228195,14.925413,0.2727037,0.2867194,0.40805823,100861,0.16304667531406858,2.9515874158409403,0.09062501972398279,0.08018634506055833,0.21406691145323492
random_baseline,898,0.9782464866130763,11.992277364481602,0.5104986096979844,0.5172217716632319,0.347601289863579,0.26709038,26.192656,0.39399448,0.40058836,0.23450056,41400,0.7111561064212734,14.20037819887289,0.11650412932650922,0.11663340825418955,0.11310073267935966
random_baseline,897,0.5922776109904766,22.344422792006352,0.2022806841880322,0.23799020581814972,0.5779462723520987,0.12520073,27.29738,0.3038398,0.334308,0.34787557,2777,0.4670768774480343,4.9529576553813435,0.1015591185539722,0.09631779260065826,0.23007070706164767
random_baseline,899,0.6886296362649212,17.70379547731914,0.2405563130747124,0.2557055589070189,0.5428283710069841,0.319169,25.13501,0.3804939,0.38441417,0.27467406,124523,0.3694606215726147,7.43121428830586,0.1399375960458473,0.128708607305063,0.26815431304647386
random_baseline,905,0.3999763292792175,21.841782893934262,0.28213023259949604,0.28644257298025916,0.21528716998996206,0.69967145,22.643763,0.5616817,0.5639726,0.14573354,44605,0.2996951179978516,0.8019796945667146,0.2795514552323826,0.27753001937356164,0.06955363470019765
random_baseline,902,0.25513022851941214,23.78691553995151,0.22718855296182588,0.23307472660529321,0.2681963917143816,0.92528313,10.389412,0.26914302,0.2810756,0.33944628,60811,0.6701529054641999,13.39750361368198,0.04195446218442961,0.04800087020409399,0.07124988471193372
random_baseline,903,0.20951521077074925,29.70479191086921,0.27004576089481613,0.27156735805180027,0.12564228267980285,0.7650523,20.311796,0.44187534,0.45800036,0.43461862,133936,0.5555371078022489,9.39299572251472,0.1718295776595662,0.1864330038676028,0.30897633938478763
random_baseline,906,0.4441868230809653,28.224836841632104,0.36591425605875016,0.36829607765234745,0.19877000945760145,0.7914802,17.64273,0.2691887,0.30782408,0.6656633,126199,0.3472933605204141,10.58210612874148,0.09672555395227433,0.06047200243033207,0.4668932924871312
random_baseline,904,0.5186480502820676,22.93370330275451,0.29261582155932775,0.30940850287446203,0.3348014277768494,0.48038563,22.155483,0.19206777,0.21685629,0.5104086,10666,0.0382624189592069,0.7782200569048996,0.10054804940928808,0.09255221694478216,0.17560715252634274
random_baseline,911,0.5863672179973414,24.697410291282274,0.4121401776411027,0.4140772829955032,0.20696961285835438,0.9524215,13.368615,0.23082398,0.25026196,0.38930023,59237,0.3660542683803747,11.328795140830614,0.1813161988594026,0.16381532058171538,0.18233061430686778
random_baseline,908,0.6824455579549374,23.34751482841679,0.22561216155873148,0.23016518290688215,0.24947769455729663,0.937046,13.042496,0.25015235,0.27515495,0.4343688,52149,0.2546004334658084,10.305019100877729,0.024540187913314415,0.04498976532767596,0.18489109463871778
random_baseline,912,0.9209151811906537,9.280082173286672,0.27052121265394763,0.277539666287078,0.267580218730475,0.5643141,22.478079,0.26913533,0.28150517,0.42108068,118467,0.35660105422226995,13.197996668876414,0.0013858865068681614,0.003965501197205457,0.15350045997092576
random_baseline,907,0.12113842071248113,20.66625360735067,0.21108803219187663,0.22298621288061496,0.28103419935186197,0.30423313,21.457003,0.19765507,0.22261463,0.5138273,63436,0.18309471308039607,0.7907490324198392,0.013432965344075426,0.00037158182382937555,0.23279312456171225
random_baseline,909,0.2529499487207218,23.44371525381661,0.39124255431149774,0.40402827232321215,0.2691373807877871,0.9067012,14.220901,0.22612058,0.2293623,0.21165399,762,0.6537512584402279,9.222814718233113,0.16512197804902368,0.17466597824533892,0.05748338825410332
random_baseline,913,0.869422033340063,7.927288243663668,0.2493518961237963,0.2613202831114671,0.29596836727073983,0.6933662,20.204279,0.2957316,0.29875898,0.20201619,133559,0.1760558038059138,12.276990702259184,0.046379707975477386,0.03743870050059345,0.09395217757633523
random_baseline,915,0.20530182538934802,28.419415002599152,0.2949193609034577,0.30163887422463476,0.27496009953211803,0.79990005,19.064789,0.24423046,0.263869,0.46965408,138145,0.5945982295422926,9.354626184239777,0.05068889680262001,0.03776988666436254,0.1946939837198351
random_baseline,910,0.23712188580614124,26.34286359933585,0.5368238372845539,0.5399890892367107,0.18706161800940269,0.36828646,21.711596,0.30979657,0.31346068,0.17294703,39285,0.13116457483190502,4.631268064057529,0.22702726555298647,0.22652841137454338,0.014114583769633704
random_baseline,914,0.6625907856349533,18.024261002979696,0.45163358343827226,0.4577919055509147,0.23891135481040504,0.27560154,27.171581,0.28137264,0.292628,0.311852,69483,0.3869892495994156,9.147320265330851,0.1702609468816469,0.1651639153050956,0.0729406532939193
random_baseline,919,0.16462555365805404,24.768042315081974,0.42446822777360355,0.44747204479384445,0.3539376712637338,0.55046326,21.28202,0.25466776,0.3815084,0.77048755,51180,0.38583770556206926,3.486021746234318,0.16980046883195316,0.06596363481688522,0.41654987565704255
random_baseline,920,0.49529083496068743,19.866544236523772,0.3352110647712868,0.3489704017344609,0.34974119205042026,0.34522092,19.425344,0.2902765,0.3118679,0.37322077,57088,0.15006991153692034,0.4411997693606864,0.04493456716882405,0.03710250899230394,0.023479579500711945
random_baseline,916,0.9789332224178521,3.0879752251700765,0.2949480330634954,0.3697806270109301,0.6192810288038935,0.9726848,8.115215,0.21439141,0.2296534,0.46081564,38619,0.006248421793004666,5.027240076343595,0.08055662271269581,0.14012722384797388,0.15846539050013675
random_baseline,921,0.9761393956716113,10.462657232618767,0.24949285611151137,0.3066406882385414,0.7863052050879112,0.95348847,9.310511,0.26995516,0.27849934,0.33283037,79504,0.02265092654777101,1.1521465972427904,0.02046230212213121,0.028141353187958518,0.4534748356154076
random_baseline,918,0.9360639297120401,13.384267971147587,0.3243873389219486,0.33591366791588895,0.41728364812869306,0.89234406,14.094269,0.23430258,0.2724958,0.5058347,43340,0.04371987215207307,0.7100008276805383,0.0900847585653507,0.06341786169869534,0.08855105054836993
random_baseline,923,0.9719891462409228,8.890409039438957,0.19529014922385485,0.21389016741422806,0.44657069604946115,0.9584068,12.775544,0.22926243,0.2377723,0.34893048,29896,0.013582340248796343,3.8851351271259844,0.033972277271697215,0.023882133425196073,0.09764021795345285
random_baseline,917,0.4066909442786383,20.046426201904186,0.24788584349374568,0.3029061762592451,0.6733682144983341,0.98416114,6.6782737,0.23772535,0.25999463,0.5395078,72648,0.5774701942559076,13.368152524078258,0.010160496213243358,0.042911550214018046,0.13386040819721712
random_baseline,922,0.9428268012077531,15.47906249457536,0.55141009816323,0.5551014486237982,0.21414982751500636,0.36817273,28.30994,0.54987913,0.5559186,0.22626477,40239,0.5746540662319383,12.830877843559406,0.0015309644619054819,0.0008171257093927409,0.012114947284340566
random_baseline,926,0.7739600538646467,22.778982754950714,0.5198651176989887,0.5229317858639956,0.20327471937815578,0.29377827,22.710182,0.6261268,0.627213,0.11448529,112163,0.48018178338162976,0.0688005650093082,0.10626170811049007,0.10428121538722512,0.0887894257513705
random_baseline,924,0.7201699780840515,22.324074328362354,0.3528623402078081,0.357497885717092,0.20481886252429068,0.7681941,19.173077,0.34699196,0.3536294,0.34229916,138967,0.04802410131505741,3.150997698723682,0.005870383973829829,0.0038684754502157914,0.13748030081723153
random_baseline,930,0.9155832088389516,15.432461238413516,0.2557514916190583,0.26055193350810474,0.28940640058754047,0.96003556,9.013746,0.2769589,0.2871578,0.3111648,138672,0.04445235367630718,6.418714976816837,0.02120742099194939,0.026605870265775267,0.021758395764846006
random_baseline,929,0.652638240158512,20.882585742001794,0.25105588394917033,0.2546586719847817,0.2529709848368111,0.42345348,21.559727,0.3755888,0.618945,0.8331574,40510,0.22918476015324774,0.6771409730860967,0.12453292053424336,0.36428633057106546,0.5801864353215751
random_baseline,928,0.9879149791440569,6.321833184601672,0.3175616305303115,0.3846168047414654,0.6476354553064047,0.9796422,5.790053,0.2850356,0.3373104,0.57048786,70155,0.008272766753157246,0.5317802938240845,0.03252602033133689,0.04730640115603146,0.07714759844147545
random_baseline,925,0.2379071497204027,29.151517177316993,0.6308054043050739,0.6339363728871821,0.1517394517931288,0.2922149,29.64516,0.5304479,0.53441167,0.2168727,117608,0.05430775053480055,0.4936434977318349,0.10035750400981636,0.09952470410971626,0.06513325521618668
random_baseline,927,0.375241522066164,22.073173909655328,0.2223478715061994,0.22725392078842743,0.2368560152535291,0.6032759,17.84656,0.19881113,0.20207034,0.21257631,122448,0.22803437305254937,4.226614385119195,0.023536742770657093,0.025183580274244388,0.02427970044659092
random_baseline,931,0.7684182322310531,19.971831991529598,0.4689913554618122,0.47730619584946044,0.3297063289210576,0.5821299,22.811275,0.2210041,0.22572014,0.24069737,111728,0.18628833654394983,2.8394434906481365,0.24798725680801886,0.25158605849174864,0.08900895994160357
random_baseline,933,0.5486208556542589,19.142818289984955,0.20800047292959323,0.20989246779888404,0.178526434766473,0.39827037,19.743946,0.25387603,0.30252802,0.56595707,22533,0.15035048707820908,0.6011277854544979,0.04587555751550565,0.09263555592090356,0.38743063463049965
random_baseline,932,0.34031271290869713,26.260300550568854,0.35661711736152274,0.36351124486604997,0.2424114981105253,0.6481691,18.81404,0.2956493,0.30428904,0.30844465,81374,0.3078563873758793,7.446261320222174,0.06096782727668387,0.05922220191637345,0.06603315087056907
random_baseline,937,0.9165182353701259,8.74303980343685,0.25812521123818283,0.27011527316373724,0.2945456114570417,0.4935942,20.449076,0.27239332,0.27420944,0.17110798,20756,0.4229240359511043,11.706035895415688,0.014268104792319491,0.004094166590748849,0.12343763382833384
random_baseline,936,0.9894972858340844,4.875210495862355,0.22226321673859184,0.23381735440396517,0.3716958617838981,0.7122578,16.15376,0.32974997,0.3358979,0.30678007,114564,0.2772394833476647,11.278550414171825,0.10748675488959725,0.10208053830958158,0.06491579171744605
random_baseline,939,0.9497366678680078,5.105897457244303,0.271742617855798,0.28550373270744783,0.3662782318811842,0.7475401,17.135298,0.23057887,0.23787525,0.29825774,60156,0.20219655155788818,12.029400318024251,0.041163748274575473,0.047628479745335406,0.06802049352936229
random_baseline,934,0.4900999855402882,21.738203171684656,0.6623935676176733,0.6639613101570575,0.12561703603632016,0.9595471,9.739053,0.3211356,0.32575026,0.22983202,78734,0.46944711691103624,11.999150399162684,0.34125795727564756,0.33821104861187623,0.10421498734586673
random_baseline,941,0.1406586980206537,25.23227426937682,0.251400542574313,0.2677911850302109,0.3688445037931887,0.69275993,11.825057,0.31477907,0.32326886,0.23546235,4612,0.5521012330668402,13.407217239652699,0.06337853042564123,0.05547767554832611,0.13338215115971247
random_baseline,938,0.29672252544773803,23.87444449149643,0.2099181839444293,0.22103847051103018,0.4948458221839156,0.54899615,22.752865,0.25121728,0.26598427,0.38069707,31889,0.2522736250458838,1.1215796538499454,0.04129909191349612,0.04494579648535349,0.11414875063163898
random_baseline,935,0.8645227193844276,17.073662228583785,0.20882106869057598,0.2335344418850664,0.49097634566579157,0.90963435,14.774024,0.39075086,0.39853978,0.22460996,95851,0.045111632345919084,2.2996382188791955,0.18192978651686725,0.16500533968536818,0.266366389520505
random_baseline,940,0.4857275184494711,14.589596436290385,0.2726813372848447,0.29142916675281283,0.4112004149213885,0.034491178,21.069416,0.3197381,0.34318835,0.31456754,100972,0.4512363408011652,6.479819609852193,0.047056752753454834,0.051759178679468665,0.09663287880574212
random_baseline,944,0.651129444452109,24.653342188842792,0.6191457397019783,0.6205994651383813,0.1565570196876661,0.38895562,22.45186,0.33418542,0.3394896,0.24024624,63373,0.2621738215406557,2.201481760986347,0.2849603182351509,0.28110985613531425,0.08368921663664419
random_baseline,943,0.5690539329885432,20.24666310076072,0.2673543203514701,0.2722844036705687,0.24099022727073965,0.97834504,11.321638,0.3334958,0.34195074,0.30408514,33123,0.4092911035181096,8.925024993460916,0.06614147537530601,0.06966634071991895,0.06309490818916025
random_baseline,946,0.8899798191052263,15.702144900622251,0.2933606510005955,0.32775826896847365,0.6220689352005201,0.25230572,22.778788,0.28079793,0.30474338,0.4330975,70399,0.6376741028290575,7.076642712292788,0.012562722428894446,0.023014889613996725,0.1889714236705976
random_baseline,942,0.8286180947424007,9.92174600277567,0.29228428318513644,0.302424066420273,0.35611587695969527,0.17161937,27.450245,0.30578044,0.30876613,0.16015938,33462,0.6569987241626811,17.528498900788783,0.01349615738378751,0.006342060212417455,0.19595649771584456
random_baseline,950,0.0979134291661088,31.43328859074206,0.7772163666729063,0.7778671371516187,0.07876156293186488,0.8506357,17.036924,0.24177907,0.26218128,0.4030643,83613,0.7527222782122787,14.396364228559442,0.5354372926000684,0.5156858551081617,0.3243027476188248
random_baseline,949,0.9189953627102325,5.257738243980107,0.27868022400422676,0.2982569319843626,0.3522581588625708,0.8047017,19.57317,0.40438575,0.40835792,0.2711665,21079,0.11429367680477598,14.315431464271846,0.12570552152113335,0.1101009862781191,0.08109165543315794
random_baseline,945,0.7915310484189593,18.080992953552066,0.2079744667422055,0.23563162367204094,0.4440066201617075,0.9815074,6.5414824,0.22938833,0.2766466,0.6662839,67724,0.18997637212089669,11.539510504974185,0.021413859664273394,0.041014990402666096,0.22227728534442653
random_baseline,948,0.06904496148206968,27.279296057402753,0.2614416635633706,0.26382171066175875,0.15384955853199908,0.82101154,10.389992,0.39539912,0.40065783,0.19587244,30393,0.7519665817918562,16.889304297148847,0.13395745986688146,0.13683612196076933,0.04202288240218213
random_baseline,947,0.29630902789956787,19.984482560247994,0.21234177962846604,0.21467175788402873,0.21052715674239011,0.9804085,8.046389,0.27094376,0.35258675,0.7262613,70753,0.6840994618045642,11.93809393414936,0.05860198124342117,0.13791498833179158,0.5157341609875599
random_baseline,951,0.013654418653172825,27.63653792663474,0.19791300454679683,0.20398315020322794,0.25555992800133276,0.27722174,27.01156,0.75704265,0.7580726,0.1266458,14927,0.2635673206389719,0.6249774865712645,0.5591296418612842,0.5540894644665719,0.12891412454979467
random_baseline,954,0.9681980318256427,7.667811548605741,0.2079239641410975,0.24543934098638448,0.6126089542121619,0.17678416,23.257652,0.25689152,0.26303113,0.26592356,110804,0.791413874072652,15.589840734109103,0.04896755469015554,0.01759178408228007,0.34668539454648195
random_baseline,952,0.8589928414819058,15.225246427754534,0.2259879166082742,0.2416648487170323,0.471383247621798,0.7258901,19.339994,0.18591307,0.19534288,0.36535096,66599,0.13310274147961698,4.114748002787458,0.040074845571935386,0.046321965249358055,0.10603228593661734
random_baseline,956,0.8591152268278471,20.116085628821462,0.22340457187577042,0.23826281493925214,0.37446202266142686,0.89216834,17.034542,0.3264587,0.33026856,0.22967462,116110,0.033053116239322056,3.081543545081228,0.10305412067488876,0.09200574690080524,0.1447874002449306
random_baseline,957,0.9132300910074086,12.023494638474986,0.23864909636994358,0.25234202673340433,0.3888718704448723,0.8737547,10.102742,0.36118668,0.38821444,0.33712333,112198,0.03947541085070083,1.9207524433455916,0.12253758680800442,0.13587241242026693,0.05174853603706592
random_baseline,953,0.07719175631067958,25.929342950966216,0.22804840912324598,0.23660247450157218,0.3530955222209565,0.13044788,28.727377,0.28851244,0.28985053,0.14224637,35027,0.05325612312295232,2.798033986899995,0.06046402941244433,0.05324805850700326,0.21084915667377635
random_baseline,955,0.8561885681518904,11.69607574552073,0.2423071780950228,0.25497817547084795,0.3351073231445896,0.106921494,25.175964,0.23720576,0.25686738,0.43085557,20639,0.7492670741447798,13.47988860994802,0.005101419404188762,0.0018892034792710732,0.09574824907907376
random_baseline,960,0.5452624240432923,18.552464827782067,0.24752192867710965,0.24983811730449215,0.16479584804587058,0.8562495,13.823387,0.25637937,0.279719,0.53630334,129166,0.31098708719862056,4.729077681785974,0.00885743724391086,0.029880877789807164,0.37150749334283184
random_baseline,961,0.6410387257346049,17.424373251905855,0.3209550464501413,0.3240082710170906,0.213107435554274,0.8766431,15.198413,0.22010013,0.223847,0.2641178,63964,0.23560439550791834,2.2259603567032187,0.10085491183901152,0.10016126922609025,0.051010371595613085
random_baseline,963,0.921868715095907,16.947165942222682,0.2670377237475417,0.26960244320953153,0.20290789650991128,0.0506878,24.407324,0.20697156,0.21413006,0.32013997,91338,0.8711809140030439,7.460157895057591,0.060066167799284254,0.05547238432491086,0.11723207784578635
random_baseline,958,0.16318539009155292,20.548239656381153,0.4265285905308415,0.43161011053091275,0.18569778624443375,0.6247369,24.078648,0.48511598,0.48675308,0.1612137,3641,0.4615515150064085,3.530407957144238,0.058587384610683746,0.0551429657840134,0.02448409024147355
random_baseline,964,0.1470332916130409,27.083986119259002,0.5577070442996993,0.5815418736204383,0.35642824343225354,0.5530839,26.548082,0.42476973,0.42730507,0.19291241,125504,0.406050605023922,0.5359037675744318,0.13293731492386007,0.15423680107443305,0.163515828762263
random_baseline,959,0.9530813544876553,11.540054004409157,0.33902841383600746,0.34313630384338073,0.20562785410127457,0.7837815,19.704144,0.4285409,0.4333179,0.24493283,97943,0.1692998260147549,8.164089519760765,0.08951247161244835,0.09018159586059876,0.039304976232435146
random_baseline,966,0.306488706996587,22.685775281301495,0.32745775632955426,0.33343513260254526,0.23777072365177065,0.53785443,25.54105,0.5453327,0.54644996,0.1428948,37554,0.2313657260631054,2.855274675973895,0.21787491388223773,0.21301482667556143,0.094875919174079
random_baseline,962,0.746798464698196,19.52899012526602,0.4380841338501902,0.4478808868454352,0.3956248380987631,0.86947787,15.917178,0.21835071,0.22345679,0.2697422,55122,0.12267940338194316,3.611811971274321,0.21973342536554052,0.22442410176261812,0.12588264726090298
random_baseline,968,0.6616062615628043,18.643669234221935,0.23245297795351438,0.2801389617613744,0.7089181749273226,0.7613112,19.206514,0.27873358,0.29800326,0.44611934,13892,0.09970491187622155,0.5628451242985726,0.04628060335103579,0.01786429455957894,0.2627988366533205
random_baseline,965,0.0823880195657813,21.097801825716942,0.22329789923014626,0.228064406791751,0.23719709562620875,0.9210695,16.164253,0.30663526,0.3092137,0.20700629,7024,0.838681483264724,4.933548590853661,0.08333736135182396,0.08114929111855784,0.030190805071208443
random_baseline,971,0.9595611143034599,9.93106948203971,0.2645731541301958,0.270748140047207,0.267639911757971,0.29423884,27.709335,0.30042893,0.3032192,0.17075296,63676,0.6653222787302635,17.778265845108727,0.03585577281453689,0.03247105913339604,0.09688695429470656
random_baseline,967,0.9912137070866898,2.4590797532671047,0.44088293681933227,0.509197347677607,0.5337334472516772,0.8292622,17.561625,0.20040555,0.21771908,0.5097958,36100,0.1619515100690201,15.102544773710434,0.24047738383604828,0.2914782696136422,0.023937662301420803
random_baseline,970,0.9444436786807776,15.700950380245175,0.21645455874226052,0.22746921666231937,0.3880474389737888,0.16355546,26.235617,0.29262534,0.29364786,0.11724969,34601,0.7808882204927207,10.534666303714786,0.07617077909686606,0.06617863885792905,0.27079774897754627
random_baseline,969,0.33952785386943957,27.78588522495535,0.33461562794133826,0.34589063300532574,0.30688745254352,0.06924335,24.13663,0.22386958,0.26898915,0.65000165,121660,0.27028450473451754,3.649256120341093,0.11074605089112921,0.07690148724955792,0.3431141925446758
random_baseline,975,0.8523986499891396,12.3588647571041,0.3023036816560934,0.3191795705501771,0.3632389992759087,0.99204063,7.0438666,0.17539856,0.2104582,0.7355865,102119,0.13964198416613383,5.314998122735204,0.1269051232778738,0.1087213663999772,0.3723475247337959
random_baseline,976,0.7747416371738448,13.555376303600006,0.2685871947326783,0.296201901237356,0.374279992171213,0.7302237,18.54206,0.1977592,0.22062029,0.46663278,27429,0.04451792186851644,4.986684548450775,0.07082799857045446,0.07558161179243261,0.09235279124172036
random_baseline,978,0.562840389381368,24.3446612902531,0.35694907150054206,0.3619910174287089,0.2432293335453231,0.7479091,19.241869,0.19327994,0.25706863,0.90497833,2819,0.18506873928455603,5.10279231747478,0.16366913459086646,0.1049223833955058,0.661749001358394
random_baseline,973,0.983081201329525,10.384276424731802,0.30900345315828237,0.32012942791112076,0.44253298404739594,0.89209133,18.385166,0.47311878,0.48095503,0.2848858,88392,0.09098986746340565,8.000889743481089,0.16411532888517466,0.16082560658327927,0.15764719012306427
random_baseline,974,0.29607079373530104,25.027630865215524,0.24226892993226498,0.28655141719879945,0.5225334865201954,0.178642,27.147287,0.93290675,0.93363845,0.088856325,23861,0.11742878900698378,2.1196565035588897,0.6906378169320538,0.647087036284782,0.4336771619667057
random_baseline,972,0.9665815017961702,3.5458289770738247,0.242760757252132,0.3147757425482554,0.7729572765230618,0.9782174,3.4259353,0.28566405,0.31918043,0.3905963,118505,0.011635921166018526,0.11989370867172511,0.04290329451903194,0.004404686433525595,0.38236097615952114
random_baseline,977,0.9566984034058795,12.862890387561627,0.2128451091635198,0.24865840154429894,0.653059544521318,0.39733192,27.27248,0.48501095,0.49722373,0.32870194,72920,0.5593664801594959,14.4095896234247,0.2721658425939112,0.24856533331135292,0.3243576013622146
random_baseline,981,0.12987160882278492,28.756861169291998,0.36424494993511614,0.36539919949244515,0.13965349131623497,0.9601258,5.605202,0.3749286,0.37965736,0.2405342,35042,0.8302541951246638,23.151658971263434,0.010683643700442946,0.014258158438691937,0.10088070994814644
random_baseline,980,0.5164826754909563,25.740211857981116,0.27661414826065744,0.2870584466318204,0.28128326584265767,0.726082,21.71793,0.22893505,0.23415019,0.2711679,49627,0.2095993514675093,4.022282017893225,0.047679100276534214,0.052908260450751976,0.010115361704092607
random_baseline,979,0.9046533378810779,4.240826570511139,0.29661407705381326,0.30739059509460426,0.24384779105562737,0.36181617,17.521343,0.21418272,0.22137085,0.3264155,55034,0.542837170049657,13.280516660690033,0.08243135746553354,0.08601974906150794,0.08256771792989204
random_baseline,984,0.38279984708263315,25.150364992534087,0.3289707337565446,0.35013191690652984,0.36169161985526904,0.2193006,26.643793,0.29975104,0.30524713,0.21111889,63773,0.16349924917652048,1.493428113545015,0.02921969043684247,0.044884788896733696,0.15057272802005633
random_baseline,987,0.4368178133874707,22.587827562037774,0.21136161920928032,0.22572373935279125,0.4222482326368343,0.9020502,18.782125,0.42976412,0.43459922,0.24769625,42403,0.4652323837370105,3.8057020890153126,0.21840250256157845,0.20887548139992482,0.17455198195972554
random_baseline,986,0.9025452244595783,14.426703503767115,0.19628095822299982,0.21314392419380015,0.4385425449636973,0.6973837,18.714375,0.24919657,0.2569734,0.3447105,40013,0.20516152265827825,4.287671038469213,0.0529156158689115,0.043829461617051896,0.09383204591546429
random_baseline,983,0.9590447323601698,7.52843947760573,0.2754370891008011,0.296521821172443,0.5250598237542038,0.29424864,25.666697,0.46813968,0.47378114,0.19244988,40370,0.6647960918229079,18.138257070856184,0.19270258913902127,0.17725931748608054,0.3326099411276703
random_baseline,988,0.39370830238526433,26.305330342675056,0.5106025872343818,0.5137893768660963,0.17304241792417893,0.54142725,21.67643,0.3271299,0.33034238,0.193406,102181,0.14771895229155452,4.6289005941399,0.18347268677890693,0.18344699467348458,0.020363582809196618
random_baseline,982,0.9871050795003402,8.851210602957075,0.22095347543900912,0.24140820724021703,0.5144829846899099,0.97581416,5.2510104,0.36895105,0.38628113,0.37772638,36919,0.01129091581549524,3.600200185018842,0.14799757698828275,0.14487292545784206,0.1367566086332388
random_baseline,985,0.39082026674711595,21.867056662916617,0.2973376973676525,0.30108412632812903,0.19213963976155438,0.7443527,23.100006,0.2890042,0.31640932,0.37108287,66000,0.3535324315789949,1.2329494405990076,0.008333490710242808,0.015325193311076901,0.17894323239077412
random_baseline,991,0.8033876099783717,13.612209093214688,0.2877431793920349,0.29390168362710223,0.22676719984407304,0.5414959,21.140804,0.23423591,0.25293297,0.4521782,74643,0.26189169075077157,7.528595197556797,0.053507266830618294,0.04096871787163958,0.22541101017599227
random_baseline,992,0.3080904935476529,25.48466143271369,0.2628517674873442,0.26714044902615003,0.19514081217638857,0.44150457,23.306345,0.22121704,0.2659345,0.8438313,49226,0.13341407431390412,2.1783164467517757,0.04163473124009076,0.0012059519081538128,0.6486904885590851
random_baseline,993,0.5457141391375573,21.816023388189905,0.7833018571588355,0.7847167671607566,0.11165968290629295,0.71020895,22.95563,0.41139838,0.4140401,0.22537066,85966,0.16449481328935311,1.1396059605649782,0.37190347616403874,0.3706766785071921,0.11371097751793953
random_baseline,989,0.7794073860546643,21.301307183418633,0.2999243682877599,0.31560829737323515,0.38317007779689505,0.26212144,24.331442,0.27538976,0.2804465,0.27184635,39050,0.5172859470745618,3.030134695853828,0.024534607555109167,0.0351617977871298,0.1113237237891741
random_baseline,996,0.4483294780609101,13.795847237226049,0.2479160172426878,0.25074279769717966,0.20342857107779574,0.97611487,13.621482,0.4075573,0.4137913,0.3266382,30624,0.5277853910568266,0.17436534177927143,0.15964129143117084,0.1630485011690923,0.12320962086060452
random_baseline,990,0.7736470091728122,17.95881351508764,0.19308945406845276,0.1982169220285128,0.28106817135632284,0.7193226,22.25183,0.4060398,0.40813142,0.16133983,78461,0.05432438735045497,4.293015632251226,0.21295035015174682,0.2099144985838224,0.11972833702385671
random_baseline,997,0.6828001657820221,21.30598284807665,0.21071127029155712,0.22220672156219543,0.4048188681274932,0.96010333,13.609767,0.31119263,0.31621498,0.29383358,118379,0.27730316721434634,7.696215887932606,0.10048136142993946,0.09400825713272035,0.11098528453412465
random_baseline,998,0.565236169178896,22.689012040073283,0.8669635623784184,0.8713977806286611,0.18107435690837315,0.8620118,10.020809,0.37383422,0.40889284,0.6140294,80624,0.29677562109667777,12.668202866489299,0.4931293398232579,0.4625049404816427,0.43295505059284756
random_baseline,994,0.18968160443749363,27.76018756769503,0.3682867610268103,0.37271716048438425,0.20638508907056688,0.9869026,7.095591,0.20714635,0.23366755,0.49821338,71125,0.7972209901288516,20.66459649942721,0.16114041445774901,0.13904960801322336,0.2918282915046132
random_baseline,999,0.8114668229270274,20.018119873593204,0.4623895792543916,0.4777897279451495,0.4413556949186743,0.1059202,26.758583,0.29375872,0.36184826,0.5995507,122098,0.705546619896918,6.740463195254453,0.16863085909486097,0.11594146301251707,0.1581950291108667
random_baseline,995,0.8928122347538625,16.429944442742197,0.3967313181989442,0.3998594713396953,0.15544921030260883,0.049119532,25.253155,0.21722645,0.25014082,0.48023608,60720,0.8436927026455556,8.823210311896474,0.17950487252404795,0.14971865536641343,0.32478687296651043
