method,target_id,dataset_index,neighbor_index,neighbor_context_distance,eta,target_eta,abs_err_eta,tau_transfer,target_tau_transfer,abs_err_tau_transfer,ipr,target_ipr,abs_err_ipr,purity,target_purity,abs_err_purity,c_l1,target_c_l1,abs_err_c_l1
nearest_neighbor_baseline,0,33458,5802,0.8399141181722702,0.7570713758468628,0.7584671,0.0013957241531371567,14.370298385620117,13.679777,0.6905213856201176,0.22676751017570496,0.24725586,0.020488349824295038,0.23907333612442017,0.26755,0.028476663875579844,0.40737399458885193,0.47606024,0.0686862454111481
nearest_neighbor_baseline,1,74123,135208,0.6165765032622167,0.21729658544063568,0.19029836,0.02699822544063568,28.372333526611328,29.206373,0.8340394733886711,0.6309887170791626,0.668512,0.0375232829208374,0.6315032243728638,0.67043525,0.03893202562713627,0.08322573453187943,0.12942995,0.04620421546812056
nearest_neighbor_baseline,2,57950,30881,0.9605152379561062,0.20839367806911469,0.27761433,0.06922065193088534,17.065401077270508,16.832853,0.23254807727050775,0.21631400287151337,0.26614442,0.049830417128486626,0.27152198553085327,0.30238298,0.030860994469146752,0.5434059500694275,0.5041054,0.03930055006942745
nearest_neighbor_baseline,3,132514,76385,0.6898487166615647,0.8160954117774963,0.8215711,0.005475688222503661,20.104475021362305,20.109015,0.00453997863769473,0.2711862027645111,0.26017472,0.011011482764511082,0.2775639295578003,0.27023384,0.00733008955780029,0.27871909737586975,0.29238144,0.013662342624130241
nearest_neighbor_baseline,4,16005,74510,0.8293342084139591,0.9080417156219482,0.9542749,0.046233184378051795,11.3579740524292,7.8531504,3.5048236524291996,0.2867775857448578,0.23684888,0.049928705744857776,0.29824671149253845,0.24990356,0.048343151492538455,0.35877493023872375,0.3851833,0.02640836976127625
nearest_neighbor_baseline,5,117269,64891,0.6907022412477847,0.8275898098945618,0.8926104,0.06502059010543826,16.702924728393555,17.333122,0.6301972716064448,0.19997388124465942,0.20670004,0.006726158755340578,0.21054208278656006,0.21893375,0.008391667213439952,0.3856940269470215,0.43974382,0.05404979305297852
nearest_neighbor_baseline,6,79622,64346,0.7742355384785847,0.9768711924552917,0.9328691,0.04400209245529174,6.7859883308410645,6.2080483,0.5779400308410647,0.24511905014514923,0.2524332,0.007314149854850793,0.25231361389160156,0.26191923,0.00960561610839844,0.26467424631118774,0.3260561,0.06138185368881227
nearest_neighbor_baseline,7,3648,47762,0.45648714936206314,0.9809659123420715,0.9816332,0.0006672876579284504,6.288252830505371,5.389304,0.898948830505371,0.2349594086408615,0.2285614,0.006398008640861513,0.2569689452648163,0.24210514,0.014863805264816288,0.4482889175415039,0.4024908,0.045798117541503924
nearest_neighbor_baseline,8,71597,36987,1.4045159825007818,0.9869744777679443,0.99189395,0.004919472232055688,5.319565773010254,2.958586,2.360979773010254,0.3278069794178009,0.3242428,0.0035641794178009056,0.3793202042579651,0.39422894,0.01490873574203494,0.6432797908782959,0.7152921,0.07201230912170409
nearest_neighbor_baseline,9,15184,4490,0.7477288977690822,0.9393200278282166,0.9380948,0.0012252278282165463,14.473809242248535,15.09445,0.620640757751465,0.22483088076114655,0.21274278,0.012088100761146553,0.23191365599632263,0.22207873,0.00983492599632263,0.31961560249328613,0.37097368,0.05135807750671384
nearest_neighbor_baseline,10,116513,32832,1.157438458919486,0.29938599467277527,0.3533679,0.053981905327224744,21.789024353027344,15.903919,5.885105353027344,0.255734920501709,0.26431936,0.008584439498291019,0.2851327657699585,0.2954089,0.010276134230041478,0.521700918674469,0.5033014,0.018399518674468984
nearest_neighbor_baseline,11,72301,36998,0.7347145809704948,0.43956369161605835,0.58143514,0.1418714483839416,19.153926849365234,20.258993,1.1050661506347659,0.23236678540706635,0.23310496,0.0007381745929336547,0.24888677895069122,0.26235133,0.01346455104930877,0.4496452212333679,0.45395133,0.004306108766632066
nearest_neighbor_baseline,12,105690,19973,0.8446235140977091,0.3099328875541687,0.17833596,0.1315969275541687,27.620410919189453,27.576347,0.04406391918945474,0.8090837597846985,0.8260057,0.016921940215301468,0.8097410202026367,0.82681197,0.017070949797363233,0.10266454517841339,0.10525237,0.0025878248215866068
nearest_neighbor_baseline,13,8656,69975,1.3393620128422634,0.6173688769340515,0.6999377,0.08256882306594848,23.591766357421875,19.408997,4.182769357421876,0.2402929961681366,0.30825895,0.06796595383186338,0.2718311548233032,0.37106785,0.09923669517669675,0.6029049754142761,0.69473225,0.09182727458572393
nearest_neighbor_baseline,14,56719,132371,0.4041787839569807,0.5867980122566223,0.56644064,0.020357372256622264,20.875268936157227,22.261204,1.3859350638427728,0.2001802921295166,0.2002014,2.1107870483400015e-05,0.21758557856082916,0.22082578,0.0032402014391708367,0.4544305205345154,0.4909403,0.036509779465484615
nearest_neighbor_baseline,15,6689,29549,0.6394158591978422,0.7122849822044373,0.8357882,0.12350321779556273,15.413310050964355,15.258431,0.1548790509643556,0.3348286747932434,0.35309833,0.018269655206756608,0.3496185839176178,0.35740274,0.007784156082382199,0.3047468662261963,0.2472404,0.05750646622619629
nearest_neighbor_baseline,16,100831,124739,0.7605067612559552,0.9713948965072632,0.97950435,0.00810945349273684,4.598341464996338,3.3362637,1.262077764996338,0.26803192496299744,0.2791093,0.011077375037002568,0.3068886995315552,0.30948865,0.0025999504684448005,0.42222362756729126,0.4676934,0.04546977243270872
nearest_neighbor_baseline,17,116679,1585,0.9610341820610195,0.814178466796875,0.8213266,0.007148133203125018,19.876941680908203,20.952593,1.0756513190917971,0.5097410678863525,0.45154494,0.05819612788635253,0.5148810744285583,0.46469358,0.050187494428558355,0.288770854473114,0.2972435,0.00847264552688598
nearest_neighbor_baseline,18,101305,122929,0.9097283758332598,0.13961051404476166,0.07165852,0.06795199404476165,25.636938095092773,30.52825,4.8913119049072264,0.3952825665473938,0.41275868,0.01747611345260619,0.40045642852783203,0.42202425,0.02156782147216796,0.21530771255493164,0.2335222,0.018214487445068372
nearest_neighbor_baseline,19,84681,94621,0.6936712735514801,0.3163650333881378,0.44525677,0.1288917366118622,26.237199783325195,25.671879,0.5653207833251948,0.31984370946884155,0.3178487,0.0019950094688415687,0.32221946120262146,0.32355633,0.0013368687973785431,0.21279004216194153,0.26838478,0.05559473783805846
nearest_neighbor_baseline,20,29614,91082,0.9239237270321001,0.1242300346493721,0.11241332,0.011816714649372104,26.995872497558594,27.629997,0.6341245024414057,0.3392733037471771,0.3617695,0.022496196252822898,0.34603211283683777,0.36447397,0.018441857163162212,0.22329699993133545,0.1772296,0.04606739993133546
nearest_neighbor_baseline,21,123859,117627,0.7406128777597324,0.9734295606613159,0.90898746,0.06444210066131595,10.224406242370605,11.489827,1.2654207576293945,0.19896982610225677,0.19924553,0.0002757038977432291,0.2090386152267456,0.2113309,0.0022922847732543827,0.366204172372818,0.39048547,0.024281297627182008
nearest_neighbor_baseline,22,23074,84945,0.8110184845979401,0.2076483964920044,0.14017388,0.0674745164920044,27.600969314575195,27.405123,0.19584631457519563,0.5525657534599304,0.50211406,0.05045169345993039,0.5579079389572144,0.5138985,0.04400943895721432,0.20577460527420044,0.28082356,0.07504895472579959
nearest_neighbor_baseline,23,39388,415,0.6039425038692003,0.9403792023658752,0.96750814,0.027128937634124717,12.496611595153809,10.810547,1.686064595153809,0.2124888300895691,0.21717158,0.004682749910430911,0.2430005520582199,0.2430961,9.554794178009973e-05,0.5054430365562439,0.46855432,0.03688871655624387
nearest_neighbor_baseline,24,43478,14945,1.1366405362521632,0.5500732660293579,0.57894224,0.028868973970642142,17.73351287841797,12.69378,5.0397328784179685,0.24453827738761902,0.24781907,0.003280792612380984,0.27572810649871826,0.27554154,0.000186566498718288,0.4912455976009369,0.46762252,0.023623077600936904
nearest_neighbor_baseline,25,20356,106937,0.8750383524153872,0.19230644404888153,0.14926344,0.043043004048881534,28.704933166503906,27.982382,0.722551166503905,0.3249993324279785,0.34924078,0.024241447572021457,0.3434171974658966,0.36339417,0.01997697253410341,0.2790652811527252,0.30188543,0.02282014884727479
nearest_neighbor_baseline,26,16026,97010,0.8402289684788091,0.264442503452301,0.17486508,0.08957742345230102,27.14358139038086,27.49588,0.3522986096191403,0.22078952193260193,0.2087741,0.012015421932601938,0.23323370516300201,0.24231182,0.009078114836997997,0.34975293278694153,0.4174216,0.06766866721305848
nearest_neighbor_baseline,27,107466,16594,0.7859243530787985,0.8328167796134949,0.83776194,0.004945160386505165,14.809155464172363,10.556422,4.252733464172364,0.47864651679992676,0.49969897,0.021052453200073262,0.49736520648002625,0.5153278,0.017962593519973757,0.33894017338752747,0.32517964,0.013760533387527474
nearest_neighbor_baseline,28,966,127522,1.002816687380867,0.769625186920166,0.85911524,0.08949005307983393,20.277698516845703,20.116085,0.16161351684570135,0.20346133410930634,0.22340457,0.01994323589069366,0.21981929242610931,0.23826282,0.018443527573890672,0.38680338859558105,0.37446204,0.012341348595581059
nearest_neighbor_baseline,29,64630,40374,0.779679127159933,0.9653640389442444,0.95448196,0.010882078944244422,11.032207489013672,11.806327,0.7741195109863277,0.33338987827301025,0.35742295,0.024033071726989763,0.34099969267845154,0.362317,0.021317307321548462,0.2728116810321808,0.25927675,0.013534931032180786
nearest_neighbor_baseline,30,54231,93708,0.9339874932605327,0.9828067421913147,0.95581746,0.02698928219131469,9.957283020019531,7.8988957,2.0583873200195315,0.5155214667320251,0.5376967,0.02217523326797488,0.5229305028915405,0.5409289,0.01799839710845952,0.25566771626472473,0.19346185,0.06220586626472474
nearest_neighbor_baseline,31,88946,41560,0.6338167116359406,0.7644504308700562,0.8265191,0.0620686691299438,19.126874923706055,18.020243,1.106631923706054,0.28708508610725403,0.25307313,0.03401195610725405,0.2945508658885956,0.26497865,0.0295722158885956,0.35450664162635803,0.3731522,0.018645558373641957
nearest_neighbor_baseline,32,53973,69045,1.2571513403624965,0.4373992681503296,0.4251765,0.012222768150329577,20.384126663208008,26.881758,6.497631336791994,0.3292527198791504,0.34101763,0.011764910120849625,0.3596413731575012,0.3654213,0.005779926842498784,0.3988267481327057,0.4346095,0.03578275186729429
nearest_neighbor_baseline,33,3780,27025,0.8741836344318906,0.35613611340522766,0.26906386,0.08707225340522767,28.736164093017578,29.479458,0.7432939069824229,0.4645438492298126,0.47149256,0.006948710770187383,0.4659617245197296,0.47205588,0.006094155480270369,0.1446371078491211,0.08023107,0.06440603784912109
nearest_neighbor_baseline,34,33369,108366,0.6682095087030906,0.8479993343353271,0.7910845,0.05691483433532718,7.331169128417969,8.753873,1.4227038715820317,0.2995883822441101,0.32675344,0.0271650577558899,0.30223989486694336,0.330872,0.02863210513305664,0.1799180507659912,0.18104318,0.001125129234008787
nearest_neighbor_baseline,35,107298,63766,0.9003937209249072,0.943875253200531,0.9604588,0.01658354679946894,13.610283851623535,10.726496,2.883787851623536,0.27588269114494324,0.26803547,0.00784722114494324,0.28263893723487854,0.27506015,0.007578787234878537,0.2689830958843231,0.2394322,0.02955089588432311
nearest_neighbor_baseline,36,438,4691,0.746157480213747,0.8521806597709656,0.74816424,0.10401641977096554,18.895723342895508,20.599714,1.703990657104491,0.2041568160057068,0.2153853,0.011228483994293215,0.2129121720790863,0.22379883,0.0108866579209137,0.2705366015434265,0.30053902,0.030002418456573476
nearest_neighbor_baseline,37,114877,12254,0.7727137514782879,0.7515590786933899,0.7057752,0.045783878693389846,18.628555297851562,20.88893,2.260374702148436,0.3104604482650757,0.33743313,0.026972681734924342,0.3500755727291107,0.378856,0.02878042727088931,0.43815508484840393,0.4793313,0.041176215151596085
nearest_neighbor_baseline,38,7605,7692,0.6047112084138458,0.9391726851463318,0.9171716,0.02200108514633181,11.901802062988281,11.977125,0.07532293701171788,0.2556758224964142,0.21092434,0.0447514824964142,0.2610502541065216,0.21796142,0.04308883410652162,0.28736457228660583,0.2701651,0.017199472286605844
nearest_neighbor_baseline,39,15555,57216,0.860574393058995,0.8776434063911438,0.8091837,0.06845970639114385,17.119749069213867,16.048763,1.0709860692138662,0.3321560025215149,0.35426044,0.022104437478485117,0.334486722946167,0.35733542,0.022848697053833023,0.19893339276313782,0.22742453,0.028491137236862196
nearest_neighbor_baseline,40,79003,86928,0.8743400043260793,0.5269177556037903,0.4872733,0.03964445560379026,25.09383773803711,24.499378,0.5944597380371093,0.6911028623580933,0.6528329,0.03826996235809321,0.6968104839324951,0.65993994,0.036870543932495115,0.27827662229537964,0.2622686,0.01600802229537962
nearest_neighbor_baseline,41,21133,20304,0.6292317239650769,0.28868991136550903,0.3272198,0.03852988863449097,25.811561584472656,28.572351,2.760789415527345,0.2890753149986267,0.2764688,0.012606514998626694,0.3139410614967346,0.29257074,0.021370321496734623,0.3339643180370331,0.33818063,0.004216311962966901
nearest_neighbor_baseline,42,13497,119011,0.7764654927482322,0.7552163600921631,0.6676844,0.08753196009216313,16.53308868408203,17.194998,0.661909315917967,0.35604411363601685,0.35203397,0.004010143636016872,0.3644455075263977,0.3696623,0.005216792473602294,0.34698906540870667,0.32533953,0.021649535408706677
nearest_neighbor_baseline,43,138175,58496,0.8889666260442559,0.2264994978904724,0.20223852,0.024260977890472407,25.063838958740234,26.457943,1.3941040412597658,0.317514568567276,0.3336268,0.016112231432724,0.3317076563835144,0.35060653,0.018898873616485623,0.38638609647750854,0.35357392,0.03281217647750856
nearest_neighbor_baseline,44,14756,126477,0.7353188757379616,0.6066317558288574,0.71210027,0.10546851417114256,21.31981086730957,20.609009,0.71080186730957,0.2022096961736679,0.20744209,0.005232393826332088,0.21153825521469116,0.21471155,0.003173294785308839,0.3147742748260498,0.3618089,0.047034625173950184
nearest_neighbor_baseline,45,86386,6489,0.6663126200991574,0.9163198471069336,0.92296517,0.006645322893066408,7.480191707611084,8.217064,0.7368722923889166,0.3106224238872528,0.28740525,0.023217173887252807,0.3193170130252838,0.2927139,0.026603113025283787,0.2699388861656189,0.24605627,0.023882616165618903
nearest_neighbor_baseline,46,62112,111677,1.082665941245542,0.9829234480857849,0.99411213,0.01118868191421507,8.157546997070312,5.7093306,2.448216397070312,0.21221792697906494,0.18793839,0.02427953697906493,0.24557219445705414,0.21306454,0.03250765445705414,0.6300548315048218,0.569427,0.06062783150482176
nearest_neighbor_baseline,47,90336,13535,0.7543406186666363,0.37306806445121765,0.39657944,0.023511375548782354,26.464927673339844,25.758356,0.7065716733398446,0.33123505115509033,0.29651713,0.034717921155090314,0.33335715532302856,0.3012383,0.03211885532302855,0.16050414741039276,0.23993585,0.07943170258960724
nearest_neighbor_baseline,48,26553,66901,0.49600921905642303,0.268379807472229,0.3051758,0.03679599252777099,22.96808433532715,22.778698,0.18938633532714988,0.19680412113666534,0.20980999,0.013005868863334658,0.20236067473888397,0.21571718,0.013356505261116036,0.2550065517425537,0.2750041,0.019997548257446263
nearest_neighbor_baseline,49,71595,133834,0.952894473349977,0.22171162068843842,0.23206739,0.010355769311561597,24.19317054748535,27.365128,3.171957452514647,0.24799324572086334,0.27865744,0.030664194279136636,0.28947141766548157,0.3234331,0.033961682334518406,0.5704330801963806,0.52623135,0.04420173019638063
nearest_neighbor_baseline,50,54029,133575,0.79822720025418,0.9864688515663147,0.9519933,0.034475551566314655,10.085783958435059,8.143304,1.942479958435058,0.37149450182914734,0.39042464,0.01893013817085265,0.3758123517036438,0.4010223,0.0252099482963562,0.2798421382904053,0.33748624,0.05764410170959472
nearest_neighbor_baseline,51,126241,88330,0.7758647809575001,0.2551339566707611,0.15314956,0.10198439667076112,26.82755470275879,25.967892,0.85966270275879,0.29408028721809387,0.29575887,0.001678582781906135,0.3092886805534363,0.309474,0.00018531944656374755,0.37803685665130615,0.3785461,0.0005092433486938441
nearest_neighbor_baseline,52,48181,67671,0.9942650799031384,0.5951944589614868,0.6138185,0.018624041038513228,23.548715591430664,23.328236,0.22047959143066365,0.3142698109149933,0.32066396,0.0063941490850067395,0.3429865837097168,0.370717,0.027730416290283222,0.5072506666183472,0.6176781,0.11042743338165284
nearest_neighbor_baseline,53,118408,55061,0.7061675271666147,0.9530391693115234,0.9128947,0.04014446931152349,14.74569034576416,15.74081,0.9951196542358396,0.20803362131118774,0.22438486,0.016351238688812247,0.223212331533432,0.25013077,0.026918438466567995,0.49583908915519714,0.50879335,0.01295426084480289
nearest_neighbor_baseline,54,132888,27708,0.5906814546281917,0.8695929646492004,0.9406932,0.07110023535079957,13.98708438873291,12.716965,1.27011938873291,0.2472158670425415,0.27513498,0.02791911295745847,0.2684482932090759,0.29039907,0.021950776790924054,0.5015552043914795,0.5042295,0.002674295608520505
nearest_neighbor_baseline,55,77211,44630,0.8218414779413341,0.06972938776016235,0.1713736,0.10164421223983763,24.000347137451172,24.089294,0.088946862548827,0.307072252035141,0.33033255,0.02326029796485901,0.3125290870666504,0.33302355,0.02049446293334961,0.19926676154136658,0.22643408,0.027167318458633433
nearest_neighbor_baseline,56,24993,35920,1.0888908445372625,0.8289669156074524,0.928411,0.0994440843925476,13.952932357788086,12.686552,1.2663803577880852,0.25507652759552,0.2703113,0.015234772404479957,0.2769070565700531,0.30094028,0.024033223429946904,0.4918176233768463,0.54258186,0.05076423662315366
nearest_neighbor_baseline,57,89584,20923,0.6688776772458286,0.186771422624588,0.08381365,0.10295777262458801,28.77935791015625,29.16065,0.3812920898437504,0.296932190656662,0.30132908,0.00439688934333804,0.29908376932144165,0.3048634,0.005779630678558356,0.1891964226961136,0.21369682,0.024500397303886423
nearest_neighbor_baseline,58,21287,94042,0.6644989552935767,0.8348528146743774,0.81023276,0.024620054674377445,16.68416404724121,16.308239,0.37592504724121056,0.27021902799606323,0.25414038,0.016078647996063233,0.27647435665130615,0.26776546,0.008708896651306142,0.3306313455104828,0.35070863,0.020077284489517233
nearest_neighbor_baseline,59,87885,127885,1.1414347500791568,0.23900526762008667,0.24107951,0.002074242379913327,24.825590133666992,26.234648,1.4090578663330078,0.9089305400848389,0.86947674,0.0394538000848389,0.9100373983383179,0.87010956,0.03992783833831792,0.09763631969690323,0.08143045,0.016205869696903227
nearest_neighbor_baseline,60,123520,91849,0.8934747671637691,0.7094618082046509,0.6373154,0.0721464082046509,20.57335090637207,22.101055,1.5277040936279285,0.2854660153388977,0.22667082,0.05879519533889771,0.3139578402042389,0.2654196,0.048538240204238914,0.4256560802459717,0.4601942,0.03453811975402832
nearest_neighbor_baseline,61,92683,116906,0.9730430308376389,0.613788366317749,0.7488985,0.135110133682251,24.403987884521484,22.824816,1.579171884521486,0.4897266626358032,0.4855495,0.0041771626358032,0.5040176510810852,0.49909177,0.004925881081085215,0.4159804582595825,0.39332604,0.02265441825958253
nearest_neighbor_baseline,62,62402,7799,1.0313222533094635,0.8621600270271301,0.9635143,0.10135427297286992,11.909272193908691,12.703297,0.7940248060913078,0.37959396839141846,0.3846223,0.0050283316085815155,0.39816203713417053,0.41405958,0.01589754286582945,0.33656245470046997,0.43764108,0.10107862529953004
nearest_neighbor_baseline,63,107660,66301,0.8598063756843402,0.04184626042842865,0.120743476,0.07889721557157135,29.077131271362305,30.155148,1.0780167286376958,0.23875965178012848,0.22219725,0.016562401780128466,0.2419929802417755,0.22367024,0.01832274024177552,0.19615192711353302,0.14986375,0.04628817711353303
nearest_neighbor_baseline,64,114838,93298,0.88665980927534,0.6989010572433472,0.69193363,0.006967427243347202,21.341062545776367,23.776144,2.4350814542236314,0.31816601753234863,0.3273452,0.00917918246765137,0.3243349492549896,0.3301339,0.005798950745010356,0.25886648893356323,0.2449256,0.013940888933563239
nearest_neighbor_baseline,65,129419,39885,1.0675098324894499,0.7857347130775452,0.9033592,0.11762448692245486,19.668746948242188,16.808657,2.8600899482421873,0.37801283597946167,0.3665114,0.011501435979461683,0.3837580680847168,0.37366894,0.010089128084716792,0.3030373752117157,0.33575636,0.03271898478828428
nearest_neighbor_baseline,66,104180,138006,0.4572002925744078,0.9918150305747986,0.9810648,0.010750230574798625,5.015067100524902,6.784301,1.7692338994750978,0.18021336197853088,0.1867344,0.006521038021469111,0.21020609140396118,0.22869974,0.01849364859603883,0.6487239003181458,0.6699938,0.02126989968185422
nearest_neighbor_baseline,67,45584,42826,0.7243228542594039,0.9238123297691345,0.9050931,0.018719229769134538,14.085098266601562,10.385718,3.699380266601562,0.2568298876285553,0.27195257,0.015122682371444707,0.26235949993133545,0.2771916,0.014832100068664533,0.2766510248184204,0.25640616,0.020244864818420416
nearest_neighbor_baseline,68,107511,68917,0.7446380079919672,0.9507398009300232,0.95060927,0.00013053093002324268,6.124938011169434,3.6110168,2.513921211169434,0.2431899756193161,0.26646313,0.02327315438068389,0.25160476565361023,0.27673438,0.025129614346389773,0.274657279253006,0.27322555,0.0014317292530059977
nearest_neighbor_baseline,69,130638,70754,0.7085314439303921,0.9930620193481445,0.9828951,0.01016691934814451,6.053533554077148,6.010696,0.04283755407714818,0.2693946063518524,0.25168145,0.017713156351852444,0.28544914722442627,0.2906723,0.005223152775573725,0.48240846395492554,0.45278525,0.029623213954925565
nearest_neighbor_baseline,70,84389,36663,1.0521009519141324,0.12125327438116074,0.16552414,0.04427086561883925,26.043258666992188,26.884502,0.8412433330078137,0.7483932971954346,0.81300145,0.06460815280456544,0.752979576587677,0.8157679,0.06278832341232299,0.1702210158109665,0.14969918,0.020521835810966504
nearest_neighbor_baseline,71,77346,132375,0.6740434863623634,0.9704613089561462,0.98331374,0.012852431043853807,4.950401782989502,4.9777174,0.02731561701049845,0.3394431173801422,0.3490426,0.009599482619857769,0.34834063053131104,0.35605392,0.007713289468688989,0.29286497831344604,0.28701532,0.005849658313446027
nearest_neighbor_baseline,72,132543,52489,1.3687178295771105,0.9238012433052063,0.95227647,0.028475226694793743,12.30454158782959,9.029182,3.2753595878295894,0.5976800918579102,0.63416433,0.0364842381420899,0.60201495885849,0.64924705,0.04723209114151006,0.23789165914058685,0.24559991,0.007708250859413152
nearest_neighbor_baseline,73,34829,81731,0.7815968997594313,0.40588927268981934,0.4156221,0.009732827310180658,23.4681453704834,21.96439,1.5037553704833968,0.2285999059677124,0.25565356,0.0270536540322876,0.24865491688251495,0.2694603,0.020805383117485032,0.40241536498069763,0.43903217,0.03661680501930237
nearest_neighbor_baseline,74,16447,89699,0.7100124933141267,0.6272390484809875,0.50898254,0.11825650848098757,23.19070816040039,22.379879,0.8108291604003917,0.3240223824977875,0.32197392,0.002048462497787451,0.3276098966598511,0.33196816,0.004358263340148938,0.21879589557647705,0.23478936,0.01599346442352295
nearest_neighbor_baseline,75,41036,70225,0.9565987853325557,0.3584207594394684,0.18796815,0.17045260943946838,28.451045989990234,24.718775,3.7322709899902335,0.3460123538970947,0.33605602,0.009956333897094716,0.3478088974952698,0.33791295,0.009895947495269786,0.13697479665279388,0.14140126,0.0044264633472061166
nearest_neighbor_baseline,76,95966,35588,0.6363203256149178,0.6963090300559998,0.7675487,0.07123966994400022,18.383296966552734,16.072035,2.3112619665527347,0.23872505128383636,0.23194991,0.006775141283836356,0.2430606186389923,0.23660281,0.006457808638992313,0.22287152707576752,0.28200436,0.05913283292423249
nearest_neighbor_baseline,77,8251,43445,0.9579238521160022,0.9581048488616943,0.96104586,0.0029410111383056936,12.905308723449707,13.033727,0.1284182765502937,0.19219927489757538,0.18100923,0.011190044897575385,0.2153775542974472,0.20873229,0.006645264297447218,0.6784233450889587,0.61596453,0.062458815088958786
nearest_neighbor_baseline,78,18874,20054,0.9145671733991078,0.32570263743400574,0.35552377,0.02982113256599428,27.883852005004883,27.470287,0.4135650050048838,0.8001286387443542,0.7829671,0.01716153874435422,0.8016183376312256,0.7839013,0.017717037631225563,0.13845866918563843,0.0946497,0.043808969185638424
nearest_neighbor_baseline,79,75139,58401,0.6654938798627285,0.9174510836601257,0.9606615,0.043210416339874214,18.193252563476562,14.723011,3.470241563476563,0.4010249078273773,0.3858661,0.01515880782737733,0.40741637349128723,0.39102417,0.016392203491287227,0.3071326017379761,0.2935697,0.013562901737976085
nearest_neighbor_baseline,80,131370,15902,0.7671820003175784,0.6268435716629028,0.57568127,0.05116230166290281,22.483322143554688,21.917786,0.565536143554688,0.25431546568870544,0.2784825,0.024167034311294577,0.26135241985321045,0.28892547,0.02757305014678957,0.32131266593933105,0.32041407,0.0008985959393310594
nearest_neighbor_baseline,81,115990,136482,0.7043718905440561,0.9853577017784119,0.9504329,0.03492480177841184,8.074222564697266,7.114172,0.9600505646972657,0.30630138516426086,0.31666517,0.010363784835739132,0.31299006938934326,0.3219526,0.008962530610656716,0.28453686833381653,0.24728559,0.03725127833381653
nearest_neighbor_baseline,82,109934,46019,1.0692116212724194,0.5191139578819275,0.4137369,0.10537705788192747,25.132457733154297,24.832193,0.3002647331542967,0.44753995537757874,0.46234486,0.014804904622421289,0.46714910864830017,0.4684225,0.0012733913516998485,0.33118367195129395,0.24307573,0.08810794195129396
nearest_neighbor_baseline,83,48295,130466,1.2512381804600754,0.182287335395813,0.25834417,0.076056834604187,24.35237693786621,28.8861,4.533723062133788,0.3517269492149353,0.3619847,0.01025775078506469,0.36322298645973206,0.40253738,0.039314393540267945,0.3682716488838196,0.45567232,0.08740067111618044
nearest_neighbor_baseline,84,70309,84240,0.7122766724731264,0.46007874608039856,0.4281423,0.031936446080398584,22.687671661376953,23.391497,0.703825338623048,0.23314744234085083,0.26030293,0.027155487659149158,0.24254047870635986,0.29315227,0.05061179129364013,0.34044933319091797,0.39063296,0.050183626809082005
nearest_neighbor_baseline,85,64679,138073,0.7440307145804584,0.8994284272193909,0.84018725,0.05924117721939082,13.188704490661621,10.883569,2.3051354906616215,0.22889715433120728,0.21391621,0.01498094433120728,0.23438535630702972,0.21809272,0.016292636307029734,0.26417359709739685,0.22822689,0.03594670709739686
nearest_neighbor_baseline,86,4107,51140,0.5637283156331018,0.6584190130233765,0.6466955,0.011723513023376486,23.168684005737305,23.988289,0.8196049942626971,0.25150641798973083,0.27970874,0.028202322010269176,0.2663092315196991,0.28765595,0.021346718480300897,0.35510537028312683,0.32606697,0.02903840028312682
nearest_neighbor_baseline,87,13073,29642,0.9366247907692493,0.4373210370540619,0.50196135,0.06464031294593808,24.614421844482422,22.163916,2.4505058444824215,0.30286574363708496,0.2749696,0.02789614363708498,0.30824223160743713,0.28339043,0.024851801607437107,0.2483423501253128,0.2803597,0.032017349874687184
nearest_neighbor_baseline,88,90441,52860,1.2437239358636236,0.3674541413784027,0.48985597,0.12240182862159726,26.35921859741211,22.574947,3.7842715974121077,0.6868671774864197,0.6303898,0.05647737748641968,0.6909441351890564,0.63209766,0.05884647518905639,0.1901276558637619,0.13119675,0.0589309058637619
nearest_neighbor_baseline,89,84205,75940,0.8380837060471884,0.38898715376853943,0.38836735,0.0006198037685394286,30.133525848388672,27.611963,2.5215628483886725,0.3154154419898987,0.26168185,0.05373359198989869,0.31806662678718567,0.26483282,0.053233806787185645,0.17259803414344788,0.21164095,0.03904291585655212
nearest_neighbor_baseline,90,68647,116880,0.5897285859199775,0.6761614680290222,0.62825906,0.047902408029022236,20.938796997070312,21.258476,0.3196790029296892,0.26965346932411194,0.2420109,0.027642569324111937,0.2764868140220642,0.25033903,0.02614778402206419,0.3429129123687744,0.34484452,0.0019316076312255737
nearest_neighbor_baseline,91,87033,126446,0.776187920451562,0.7956988215446472,0.7754382,0.02026062154464725,12.850885391235352,13.57105,0.720164608764648,0.26547443866729736,0.24259923,0.022875208667297364,0.27184489369392395,0.25187498,0.019969913693923924,0.248330220580101,0.23061833,0.017711890580101003
nearest_neighbor_baseline,92,107365,39955,0.5409984170924769,0.7109594345092773,0.67514026,0.035819174509277296,15.999037742614746,14.355022,1.6440157426147461,0.24159181118011475,0.2481612,0.006569388819885252,0.24723690748214722,0.25377217,0.006535262517852802,0.26594600081443787,0.2566046,0.00934140081443785
nearest_neighbor_baseline,93,40735,61005,1.1294218516311145,0.9547761678695679,0.9862209,0.031444732130432085,8.080038070678711,4.992883,3.087155070678711,0.37139225006103516,0.3819591,0.01056684993896484,0.3772566020488739,0.38894114,0.011684537951126117,0.23082315921783447,0.26344714,0.03262398078216555
nearest_neighbor_baseline,94,3418,90174,0.9359258870348112,0.9314271807670593,0.95812285,0.026695669232940644,7.315703392028809,8.599814,1.2841106079711917,0.34918370842933655,0.39020193,0.04101822157066343,0.3548557162284851,0.39981133,0.04495561377151491,0.21157504618167877,0.30177665,0.09020160381832121
nearest_neighbor_baseline,95,5376,8021,0.6826206400273863,0.25407421588897705,0.19651225,0.05756196588897705,24.23478889465332,26.84561,2.6108211053466803,0.2466934472322464,0.2628127,0.01611925276775361,0.2521277070045471,0.2727467,0.02061899299545289,0.28462350368499756,0.2764581,0.008165403684997574
nearest_neighbor_baseline,96,85534,27014,0.6836757999853359,0.39789336919784546,0.45572323,0.05782986080215452,22.01312255859375,22.520437,0.5073144414062511,0.19404956698417664,0.22139704,0.027347473015823354,0.20941706001758575,0.2307772,0.021360139982414234,0.3622148633003235,0.32520247,0.037012393300323465
nearest_neighbor_baseline,97,87802,32264,0.8291198954284575,0.9468254446983337,0.8888163,0.05800914469833374,12.204771995544434,14.852062,2.6472900044555665,0.2732688784599304,0.30021733,0.026948451540069585,0.2774815559387207,0.30192927,0.024447714061279324,0.2094544768333435,0.17083138,0.0386230968333435
nearest_neighbor_baseline,98,19714,54549,0.5521528155959278,0.906984269618988,0.85772574,0.04925852961898802,15.1441068649292,16.761538,1.6174311350708024,0.1997857689857483,0.18706726,0.012718508985748278,0.20602762699127197,0.19379604,0.01223158699127197,0.3326212763786316,0.34753338,0.014912103621368411
nearest_neighbor_baseline,99,112128,78504,0.634502493563092,0.43920111656188965,0.4667186,0.027517483438110335,22.182188034057617,22.163942,0.018246034057618488,0.2229551523923874,0.2250121,0.0020569476076126025,0.23661604523658752,0.23329534,0.0033207052365875345,0.4172377288341522,0.41175765,0.005480078834152247
nearest_neighbor_baseline,100,128721,38728,0.7463000730657686,0.5017030835151672,0.448897,0.052806083515167246,25.204648971557617,24.891273,0.31337597155761543,0.3258046507835388,0.34677616,0.02097150921646118,0.3327399790287018,0.3497091,0.016969120971298213,0.22632655501365662,0.18294977,0.043376785013656605
nearest_neighbor_baseline,101,41700,8824,0.679488007102788,0.2874867022037506,0.18957847,0.09790823220375061,25.464405059814453,27.44778,1.9833749401855485,0.2957282066345215,0.26025674,0.0354714666345215,0.3127494156360626,0.26997843,0.04277098563606263,0.3274642527103424,0.32319087,0.004273382710342388
nearest_neighbor_baseline,102,111415,14674,0.9279520917847319,0.3473733365535736,0.2560727,0.09130063655357362,28.27927589416504,27.185375,1.0939008941650386,0.29123541712760925,0.30448842,0.013253002872390729,0.30551454424858093,0.30994168,0.004427135751419065,0.32647210359573364,0.29291958,0.03355252359573363
nearest_neighbor_baseline,103,41846,55832,0.9397449743356897,0.4973077178001404,0.41071266,0.08659505780014037,25.282466888427734,28.079338,2.7968711115722655,0.31907010078430176,0.3259311,0.006860999215698216,0.3202070891857147,0.32747525,0.007268160814285274,0.14741206169128418,0.12081507,0.026596991691284183
nearest_neighbor_baseline,104,88985,84645,0.5729026231954832,0.6215384602546692,0.6528381,0.03129963974533079,20.256776809692383,21.131826,0.8750491903076174,0.25309157371520996,0.23231246,0.020779113715209963,0.26442447304725647,0.24861024,0.01581423304725646,0.4523407816886902,0.4301315,0.022209281688690186
nearest_neighbor_baseline,105,61083,33536,0.8821345405174178,0.2241598665714264,0.19462454,0.02953532657142638,25.13627815246582,24.111979,1.0242991524658187,0.28203487396240234,0.29124674,0.00921186603759766,0.29449039697647095,0.29981074,0.005320343023529073,0.34014761447906494,0.36894187,0.028794255520935064
nearest_neighbor_baseline,106,2507,22465,1.0596635715036062,0.2546789050102234,0.17344321,0.0812356950102234,27.18757438659668,28.497353,1.3097786134033207,0.6986115574836731,0.67832756,0.020283997483673044,0.699402391910553,0.6789487,0.020453691910553018,0.10633166879415512,0.10123794,0.005093728794155122
nearest_neighbor_baseline,107,88701,114577,0.8251984189374174,0.06532959640026093,0.07984919,0.014519593599739075,25.545276641845703,23.431452,2.113824641845703,0.24525730311870575,0.22278814,0.022469163118705754,0.2717658579349518,0.24091251,0.030853347934951786,0.40908128023147583,0.47333917,0.06425788976852415
nearest_neighbor_baseline,108,20233,66088,0.7856042202336443,0.2792789936065674,0.19782972,0.0814492736065674,26.443605422973633,27.096684,0.653078577026367,0.3065660297870636,0.30239072,0.004175309787063597,0.3161989748477936,0.3105972,0.005601774847793561,0.2705700695514679,0.23516855,0.03540151955146789
nearest_neighbor_baseline,109,65784,10301,0.6840182573446891,0.9495908617973328,0.96223354,0.01264267820266729,10.486320495605469,10.65801,0.17168950439453212,0.21183885633945465,0.17620383,0.035635026339454645,0.22361423075199127,0.18585497,0.037759260751991264,0.36384904384613037,0.35803276,0.005816283846130366
nearest_neighbor_baseline,110,77021,28676,0.7345547616481123,0.7146922945976257,0.67912954,0.0355627545976257,24.366479873657227,22.619465,1.7470148736572249,0.3104858696460724,0.33696523,0.026479360353927617,0.3144029676914215,0.33971024,0.025307272308578488,0.20517928898334503,0.20639324,0.0012139510166549738
nearest_neighbor_baseline,111,91847,68933,0.9114347458977009,0.9064007997512817,0.8104544,0.09594639975128172,11.695403099060059,10.749181,0.9462220990600585,0.26147958636283875,0.26448187,0.0030022836371612627,0.2696831524372101,0.2722839,0.00260074756278994,0.346414715051651,0.34195542,0.004459295051650991
nearest_neighbor_baseline,112,134768,2311,0.9459590765799545,0.03666682541370392,0.11953876,0.08287193458629608,26.406068801879883,23.177954,3.228114801879883,0.6719000339508057,0.66743,0.004470033950805696,0.672766387462616,0.67032707,0.002439317462615942,0.10462003201246262,0.19682221,0.09220217798753738
nearest_neighbor_baseline,113,1618,44260,2.0108589405749213,0.8215870261192322,0.91650623,0.0949192038807678,17.71690559387207,7.1120553,10.60485029387207,0.46507036685943604,0.46790993,0.0028395631405639388,0.47173401713371277,0.47189492,0.00016090286628722694,0.3093814253807068,0.1981455,0.11123592538070678
nearest_neighbor_baseline,114,102678,42684,1.1807315389254125,0.46099257469177246,0.5597202,0.09872762530822754,22.96637725830078,22.602724,0.36365325830078277,0.27195167541503906,0.27822566,0.006273984584960923,0.343621164560318,0.35036916,0.00674799543968202,0.6001886129379272,0.5864679,0.013720712937927204
nearest_neighbor_baseline,115,100814,79206,1.0488830523624728,0.8951912522315979,0.95395523,0.05876397776840214,9.537724494934082,15.153366,5.615641505065918,0.25524482131004333,0.29831457,0.043069748689956666,0.2857034206390381,0.32274783,0.03704440936096193,0.44617393612861633,0.49964646,0.05347252387138368
nearest_neighbor_baseline,116,127274,63998,0.8955746673305706,0.924656867980957,0.9485913,0.023934432019042995,12.074076652526855,11.611339,0.4627376525268563,0.24115465581417084,0.22809029,0.013064365814170836,0.2784169912338257,0.24676704,0.03164995123382569,0.49216142296791077,0.5080616,0.015900177032089235
nearest_neighbor_baseline,117,24292,2504,0.6781207388545543,0.8923958539962769,0.8512997,0.04109615399627686,17.233755111694336,17.14421,0.08954511169433488,0.22525224089622498,0.23024854,0.004996299103775026,0.23037461936473846,0.2371178,0.006743180635261525,0.31087443232536316,0.30796364,0.0029107923253631762
nearest_neighbor_baseline,118,124114,88666,0.5890571120835209,0.9547036290168762,0.95481944,0.00011581098312374305,10.030102729797363,9.069697,0.9604057297973636,0.19710128009319305,0.18998358,0.007117700093193041,0.21088309586048126,0.20126101,0.009622085860481272,0.38870003819465637,0.3852934,0.003406638194656364
nearest_neighbor_baseline,119,68315,114716,0.9499023937946347,0.8130040168762207,0.7292272,0.08377681687622074,14.40478515625,15.352625,0.9478398437499997,0.29979977011680603,0.33287448,0.03307470988319394,0.31959083676338196,0.34990236,0.030311523236618065,0.45411232113838196,0.45254073,0.0015715911383819559
nearest_neighbor_baseline,120,98069,84904,0.789185837486349,0.6751289963722229,0.6859267,0.0107977036277771,23.448383331298828,22.776274,0.6721093312988273,0.5054078102111816,0.46233478,0.04307303021118164,0.5073361396789551,0.46717453,0.0401616096789551,0.1679929941892624,0.18751529,0.01952229581073761
nearest_neighbor_baseline,121,67798,89135,0.9244187593579719,0.9814735054969788,0.99406284,0.012589334503021243,8.178975105285645,5.2553906,2.9235845052856444,0.18356233835220337,0.20289335,0.01933101164779663,0.2256794273853302,0.23949708,0.013817652614669801,0.6609333753585815,0.6908754,0.029942024641418485
nearest_neighbor_baseline,122,91722,38501,0.6359995871158015,0.43293628096580505,0.5330355,0.10009921903419494,25.996305465698242,24.512684,1.483621465698242,0.5987652540206909,0.58080995,0.0179553040206909,0.6022013425827026,0.5824037,0.019797642582702668,0.19713713228702545,0.1626165,0.034520632287025454
nearest_neighbor_baseline,123,88491,45276,0.8100010071707968,0.8187950849533081,0.8638806,0.04508551504669189,12.998393058776855,14.797662,1.7992689412231453,0.2764548063278198,0.2344146,0.042040206327819823,0.2862073481082916,0.24700767,0.039199678108291613,0.37271928787231445,0.3999716,0.02725231212768553
nearest_neighbor_baseline,124,128377,116218,1.3698619424648748,0.5747065544128418,0.5930979,0.01839134558715816,19.436397552490234,19.38417,0.052227552490233364,0.31774893403053284,0.37228206,0.05453312596946719,0.38584211468696594,0.47810468,0.09226256531303406,0.4912550747394562,0.57866937,0.08741429526054378
nearest_neighbor_baseline,125,66005,96223,0.932569589303868,0.16079255938529968,0.11936989,0.041422669385299676,23.101703643798828,25.506084,2.404380356201173,0.25418269634246826,0.20436344,0.049819256342468254,0.29252108931541443,0.25969046,0.03283062931541442,0.6293514370918274,0.628498,0.0008534370918273915
nearest_neighbor_baseline,126,60871,30182,0.5817954932147255,0.9203833341598511,0.91243213,0.007951204159851066,16.243053436279297,16.227629,0.015424436279296572,0.2467685341835022,0.26331612,0.01654758581649779,0.2604324519634247,0.27107987,0.010647418036575318,0.3674643039703369,0.32694593,0.04051837397033692
nearest_neighbor_baseline,127,3661,75454,0.7595103847573313,0.7587302327156067,0.815457,0.0567267672843933,17.565370559692383,19.4621,1.8967294403076167,0.2624635100364685,0.25892687,0.00353664003646853,0.2670825719833374,0.2634544,0.003628171983337425,0.2636730670928955,0.26724717,0.0035741029071044705
nearest_neighbor_baseline,128,5254,38071,0.8324518570336842,0.23156675696372986,0.16135001,0.07021674696372987,29.140172958374023,28.301107,0.8390659583740252,0.3338755965232849,0.37974232,0.04586672347671511,0.3412899374961853,0.3824067,0.041116762503814686,0.26303958892822266,0.2346681,0.028371488928222666
nearest_neighbor_baseline,129,103048,138528,0.7892742756987868,0.7929320931434631,0.79903287,0.006100776856536871,15.801260948181152,14.983558,0.817702948181152,0.2530067265033722,0.27745393,0.024447203496627823,0.2562974691390991,0.28180128,0.025503810860900866,0.2392461895942688,0.2387503,0.0004958895942688002
nearest_neighbor_baseline,130,41610,107524,0.6902895499105879,0.9796866178512573,0.9764666,0.003220017851257362,10.524221420288086,8.969985,1.5542364202880865,0.17908981442451477,0.17663778,0.0024520344245147763,0.20634455978870392,0.22192945,0.015584890211296082,0.6164488196372986,0.6562025,0.03975368036270144
nearest_neighbor_baseline,131,43739,9101,0.7330467452801416,0.48357954621315,0.49949542,0.01591587378685,18.6893367767334,18.65179,0.03754677673340012,0.20480358600616455,0.21536367,0.010560083993835456,0.22758330404758453,0.2405355,0.01295219595241548,0.46961715817451477,0.49498078,0.02536362182548524
nearest_neighbor_baseline,132,106331,25003,0.8439830130718761,0.9494711756706238,0.9611297,0.011658524329376196,7.597252368927002,4.2591558,3.3380965689270017,0.31808528304100037,0.32463923,0.006553946958999635,0.3287115693092346,0.33303913,0.004327560690765397,0.26185905933380127,0.2031044,0.05875465933380128
nearest_neighbor_baseline,133,99376,51444,0.6635023390242313,0.6619259119033813,0.66716266,0.005236748096618671,20.280078887939453,21.724648,1.4445691120605453,0.19950971007347107,0.23176423,0.03225451992652892,0.21065270900726318,0.24029805,0.02964534099273683,0.37200355529785156,0.35671666,0.015286895297851544
nearest_neighbor_baseline,134,17825,96899,0.5648108535881504,0.9284749031066895,0.9083497,0.020125203106689415,8.823101997375488,9.554885,0.7317830026245122,0.2514212429523468,0.26990777,0.01848652704765319,0.2586286664009094,0.28174427,0.023115603599090595,0.29986336827278137,0.3503315,0.050468131727218646
nearest_neighbor_baseline,135,104515,87123,0.9877624239397521,0.7781000137329102,0.6736085,0.1044915137329101,21.704566955566406,23.783697,2.079130044433594,0.5689859986305237,0.5372027,0.03178329863052365,0.570758581161499,0.54148954,0.029269041161498976,0.1747635304927826,0.21574281,0.040979279507217414
nearest_neighbor_baseline,136,48891,53869,0.7395687898531906,0.677036702632904,0.7665359,0.089499197367096,17.916215896606445,19.221857,1.3056411033935547,0.21462635695934296,0.20338193,0.011244426959342968,0.2322998344898224,0.2209849,0.011314934489822376,0.4990445673465729,0.49562517,0.003419397346572872
nearest_neighbor_baseline,137,29684,11751,0.9995211861765458,0.8519947528839111,0.87290853,0.020913777116088883,20.204452514648438,18.840435,1.3640175146484381,0.1843150407075882,0.17920546,0.005109580707588185,0.21489393711090088,0.20985526,0.005038677110900891,0.4952382445335388,0.48163995,0.013598294533538835
nearest_neighbor_baseline,138,25533,109002,0.8483564267853599,0.08119700103998184,0.09075033,0.009553328960018162,25.943021774291992,26.818455,0.875433225708008,0.24685710668563843,0.26332998,0.01647287331436159,0.2520282566547394,0.26608127,0.014053013345260601,0.2520221769809723,0.18700095,0.06502122698097229
nearest_neighbor_baseline,139,20962,98154,2.1422161535532314,0.8303178548812866,0.7681416,0.06217625488128664,18.49862289428711,18.334352,0.16427089428711028,0.7169856429100037,0.8197346,0.10274895708999632,0.7195794582366943,0.8252538,0.1056743417633057,0.1875690519809723,0.1902688,0.002699748019027698
nearest_neighbor_baseline,140,119733,81450,0.7798218533957018,0.2629729211330414,0.34637225,0.08339932886695861,27.54688262939453,28.02469,0.4778073706054684,0.22095565497875214,0.2612827,0.04032704502124784,0.23202663660049438,0.2771357,0.0451090633995056,0.3532770872116089,0.29447126,0.058805827211608874
nearest_neighbor_baseline,141,55846,17979,1.1257414138586115,0.38452064990997314,0.3930655,0.008544850090026868,25.605470657348633,25.216278,0.38919265734863373,0.3354134261608124,0.33799875,0.0025853238391876365,0.3552473485469818,0.35717443,0.0019270814530181757,0.4486207067966461,0.4834872,0.03486649320335389
nearest_neighbor_baseline,142,42954,33357,0.6927498080297154,0.2113269716501236,0.13220209,0.0791248816501236,26.842437744140625,27.442757,0.6003192558593753,0.26599258184432983,0.3016329,0.03564031815567015,0.27418336272239685,0.3157956,0.04161223727760316,0.3456454575061798,0.36197683,0.016331372493820218
nearest_neighbor_baseline,143,113506,66674,0.40014937221391,0.5442975759506226,0.52073383,0.023563745950622605,20.850807189941406,22.369987,1.519179810058592,0.17705577611923218,0.18364699,0.006591213880767832,0.20268110930919647,0.20918016,0.006499050690803532,0.5908750891685486,0.5864407,0.004434389168548547
nearest_neighbor_baseline,144,44350,135218,0.8696404629187944,0.1510768085718155,0.157177,0.00610019142818452,28.135725021362305,29.427174,1.2914489786376961,0.33306530117988586,0.32874823,0.00431707117988589,0.34403353929519653,0.33604646,0.007987079295196542,0.3578115403652191,0.3037447,0.05406684036521914
nearest_neighbor_baseline,145,51254,134125,0.7426545928449928,0.8909173607826233,0.9027792,0.011861839217376713,8.850312232971191,8.970675,0.12036276702880855,0.24766863882541656,0.25184458,0.00417594117458342,0.27235862612724304,0.278499,0.0061403738727569546,0.5260304808616638,0.4988706,0.02715988086166382
nearest_neighbor_baseline,146,18035,62693,0.7653416438115671,0.5133286118507385,0.50012565,0.013202961850738548,15.56238842010498,16.461933,0.8995445798950179,0.22328324615955353,0.23202096,0.00873771384044647,0.2390146404504776,0.23934329,0.00032864954952238623,0.268084853887558,0.28994894,0.021864086112442005
nearest_neighbor_baseline,147,57139,7014,0.7402297640869798,0.4834403395652771,0.53644776,0.05300742043472295,22.55248260498047,21.155361,1.3971216049804696,0.23782402276992798,0.22251806,0.015305962769927989,0.25190839171409607,0.23083885,0.021069541714096057,0.41874200105667114,0.38375568,0.034986321056671155
nearest_neighbor_baseline,148,288,30815,0.7035342190068571,0.6374900341033936,0.6634564,0.02596636589660639,20.783742904663086,18.851463,1.932279904663087,0.29123494029045105,0.2600071,0.03122784029045106,0.29456502199172974,0.26329082,0.031274201991729755,0.22948971390724182,0.23805518,0.008565466092758184
nearest_neighbor_baseline,149,54183,66657,0.7138707406452369,0.7615050077438354,0.79485834,0.03335333225616455,16.68880271911621,15.779094,0.9097087191162103,0.22429604828357697,0.2263196,0.0020235517164230443,0.24783095717430115,0.23980963,0.008021327174301152,0.4125930964946747,0.39517897,0.017414126494674664
nearest_neighbor_baseline,150,17827,128049,0.9206343741527538,0.05334332585334778,0.070121095,0.016777769146652216,28.959312438964844,27.556084,1.4032284389648453,0.9446243047714233,0.96538943,0.020765125228576653,0.9461948275566101,0.96554184,0.019347012443389877,0.10400991886854172,0.038153097,0.06585682186854172
nearest_neighbor_baseline,151,42200,76905,0.6154108010953868,0.45004892349243164,0.4973401,0.04729117650756837,27.431230545043945,27.58751,0.15627945495605644,0.5216919779777527,0.5062406,0.015451377977752645,0.5230058431625366,0.5076567,0.01534914316253666,0.13727004826068878,0.15230675,0.015036701739311209
nearest_neighbor_baseline,152,50369,133774,0.657914401690082,0.09011247009038925,0.17702001,0.08690753990961075,25.566972732543945,28.349092,2.7821192674560535,0.2682490646839142,0.28710875,0.01885968531608584,0.2709338068962097,0.28924185,0.018308043103790306,0.15668904781341553,0.1408743,0.01581474781341552
nearest_neighbor_baseline,153,119874,113684,0.9803779113093395,0.6385403871536255,0.7470299,0.10848951284637454,20.58971405029297,19.496372,1.0933420502929678,0.21391364932060242,0.22233842,0.008424770679397592,0.23824813961982727,0.24333227,0.005084130380172719,0.4932764172554016,0.50226736,0.00899094274459844
nearest_neighbor_baseline,154,110298,41573,0.7625516394999186,0.3139804005622864,0.2259466,0.08803380056228638,24.226991653442383,22.633484,1.5935076534423835,0.224100261926651,0.22624949,0.0021492280733489966,0.22926174104213715,0.23233566,0.0030739189578628534,0.2763206362724304,0.24709448,0.029226156272430415
nearest_neighbor_baseline,155,1539,85899,0.8286869028867451,0.8546883463859558,0.85445946,0.00022888638595586208,19.129301071166992,18.22089,0.9084110711669915,0.24355927109718323,0.25985387,0.01629459890281676,0.252969354391098,0.30349293,0.05052357560890197,0.35275334119796753,0.42551678,0.07276343880203245
nearest_neighbor_baseline,156,52379,84113,1.1063640920086075,0.8004897832870483,0.84594667,0.04545688671295167,17.52585792541504,15.744453,1.781404925415039,0.3670065104961395,0.39838147,0.03137495950386049,0.38305631279945374,0.42650217,0.04344585720054628,0.43883994221687317,0.5314537,0.09261375778312686
nearest_neighbor_baseline,157,68642,54485,0.8712667430955305,0.9085253477096558,0.77376485,0.1347604977096558,15.384448051452637,15.272466,0.11198205145263707,0.4451141059398651,0.4046297,0.04048440593986513,0.45164260268211365,0.41623184,0.03541076268211363,0.32663828134536743,0.3413217,0.014683418654632574
nearest_neighbor_baseline,158,139498,49198,0.8016592200250772,0.09936367720365524,0.1847325,0.08536882279634475,23.4047794342041,24.587997,1.1832175657958999,0.2901632785797119,0.29889354,0.008730261420288099,0.3183206021785736,0.31951642,0.0011958178214264148,0.4111535847187042,0.38287804,0.02827554471870425
nearest_neighbor_baseline,159,1502,93733,0.7284711886095925,0.987871527671814,0.8747653,0.113106227671814,6.48031759262085,5.966621,0.5136965926208497,0.2124517560005188,0.23841435,0.0259625939994812,0.22054289281368256,0.24276061,0.02221771718631743,0.28229597210884094,0.26273558,0.01956039210884092
nearest_neighbor_baseline,160,127469,50499,1.3120694976035785,0.2640175521373749,0.16614236,0.09787519213737489,22.531736373901367,25.79963,3.2678936260986333,0.5927896499633789,0.49021357,0.10257607996337892,0.6087387204170227,0.5076604,0.1010783204170227,0.309282511472702,0.3123826,0.003100088527297984
nearest_neighbor_baseline,161,43268,106910,0.6089338110306067,0.9280849099159241,0.9592159,0.031130990084075938,5.8416547775268555,5.5796895,0.2619652775268557,0.24996542930603027,0.26853508,0.018569650693969708,0.2625437080860138,0.27953848,0.016994771913986184,0.3167990446090698,0.30148184,0.015317204609069823
nearest_neighbor_baseline,162,42803,111035,0.859910113260826,0.7632778882980347,0.9084822,0.14520431170196535,20.777376174926758,17.564554,3.2128221749267567,0.21844352781772614,0.24044713,0.022003602182273874,0.2288447618484497,0.24926578,0.020421018151550285,0.33566322922706604,0.3240329,0.011630329227066027
nearest_neighbor_baseline,163,1459,49591,1.5065979766601914,0.22096070647239685,0.31125742,0.09029671352760316,19.706832885742188,22.369558,2.662725114257814,0.23056969046592712,0.26200303,0.0314333395340729,0.29579827189445496,0.36804664,0.07224836810554502,0.6825200915336609,0.71938926,0.03686916846633914
nearest_neighbor_baseline,164,68069,114934,0.6515616158852146,0.3396316468715668,0.4174658,0.07783415312843323,20.33010482788086,19.837389,0.49271582788085766,0.23283548653125763,0.21155006,0.021285426531257617,0.2380194365978241,0.21506488,0.022954556597824083,0.24362069368362427,0.22330345,0.02031724368362428
nearest_neighbor_baseline,165,46663,97746,0.9297723759493124,0.6364367604255676,0.6306602,0.005776560425567623,18.00817108154297,12.79828,5.209891081542969,0.3258427083492279,0.32826695,0.0024242416507720965,0.3373413681983948,0.34460637,0.00726500180160522,0.3474229574203491,0.3558489,0.008425942579650902
nearest_neighbor_baseline,166,102649,42451,0.7292916208811526,0.9114173650741577,0.87527996,0.03613740507415775,12.510061264038086,14.113092,1.603030735961914,0.21616318821907043,0.21014732,0.006015868219070436,0.240533709526062,0.23421419,0.006319519526062023,0.425847589969635,0.47727737,0.05142978003036497
nearest_neighbor_baseline,167,23918,101204,0.7282789613189697,0.039642952382564545,0.055500045,0.015857092617435453,25.173664093017578,26.757128,1.5834639069824235,0.3484390676021576,0.36788923,0.01945016239784242,0.35278037190437317,0.3722383,0.019457928095626853,0.19122222065925598,0.20740405,0.016181829340744025
nearest_neighbor_baseline,168,129278,31676,0.6887099861197618,0.9460570812225342,0.9634831,0.017426018777465857,12.768467903137207,9.824373,2.9440949031372075,0.21034814417362213,0.22221565,0.011867505826377855,0.22594814002513885,0.23145387,0.005505729974861151,0.3715054392814636,0.34987503,0.021630409281463647
nearest_neighbor_baseline,169,88135,37155,0.9437205176422022,0.926604688167572,0.9512185,0.024613811832427945,4.530569076538086,5.435145,0.9045759234619144,0.2768428921699524,0.31485316,0.03801026783004763,0.3136889338493347,0.35973653,0.04604759615066528,0.4132517874240875,0.40417278,0.009079007424087515
nearest_neighbor_baseline,170,83412,12920,0.7831372312268058,0.12664292752742767,0.17418015,0.04753722247257233,27.577434539794922,27.298477,0.27895753979492355,0.2911653220653534,0.34834108,0.05717575793464663,0.2954027056694031,0.3515214,0.05611869433059691,0.1952039897441864,0.19718997,0.001985980255813591
nearest_neighbor_baseline,171,95843,44557,1.3242564853988996,0.2460198998451233,0.26585367,0.019833770154876695,26.611064910888672,28.249697,1.6386320891113293,0.38661789894104004,0.40244472,0.01582682105895994,0.44613608717918396,0.4884497,0.04231361282081603,0.4927109181880951,0.5374531,0.044742181811904924
nearest_neighbor_baseline,172,127898,14997,0.8566237551193048,0.5401479601860046,0.6105009,0.07035293981399537,25.31389808654785,23.13431,2.1795880865478523,0.5504937171936035,0.55489653,0.004402812806396539,0.5541691184043884,0.56111866,0.006949541595611564,0.20252977311611176,0.22003186,0.01750208688388824
nearest_neighbor_baseline,173,131660,90153,0.4788608701107857,0.6970492601394653,0.6201903,0.07685896013946536,22.646377563476562,22.282326,0.3640515634765613,0.2949623763561249,0.27630904,0.018653336356124872,0.30570441484451294,0.28633088,0.01937353484451293,0.37401995062828064,0.39370427,0.019684319371719383
nearest_neighbor_baseline,174,116898,52122,0.8391865009630015,0.8882390856742859,0.920569,0.03232991432571408,7.021270751953125,5.976424,1.0448467519531253,0.4542270600795746,0.45569226,0.0014651999204254307,0.457319051027298,0.46005416,0.002735108972702016,0.16649813950061798,0.15364957,0.012848569500617968
nearest_neighbor_baseline,175,62291,74062,1.2091852863690038,0.3657127320766449,0.4368854,0.07117266792335508,25.14780616760254,27.196178,2.0483718323974607,0.2701740562915802,0.28598428,0.01581022370841978,0.2785329222679138,0.30417836,0.025645437732086163,0.33481353521347046,0.3518146,0.01700106478652952
nearest_neighbor_baseline,176,59051,102218,1.0789117813347426,0.9438395500183105,0.9371833,0.0066562500183104945,5.665499210357666,4.2727866,1.3927126103576661,0.3231958746910095,0.37492657,0.05173069530899049,0.3378513753414154,0.3836945,0.04584312465858459,0.3470461964607239,0.28719553,0.0598506664607239
nearest_neighbor_baseline,177,11502,79817,0.713980627452964,0.41365501284599304,0.3774842,0.03617081284599305,25.19748306274414,25.969688,0.7722049372558608,0.8096053004264832,0.8260946,0.016489299573516858,0.8120823502540588,0.82788026,0.015797909745941197,0.15952062606811523,0.13646677,0.023053856068115247
nearest_neighbor_baseline,178,42254,56154,0.795075641888455,0.0650624930858612,0.15072244,0.08565994691413881,28.451147079467773,28.104229,0.3469180794677733,0.2891713082790375,0.29563823,0.006466921720962526,0.29191523790359497,0.3006917,0.008776462096405035,0.1679781973361969,0.21228768,0.04430948266380311
nearest_neighbor_baseline,179,46132,124349,0.895991997064907,0.9682940244674683,0.9381767,0.030117324467468287,2.6215336322784424,2.7796597,0.15812606772155746,0.3282333314418793,0.34425157,0.016018238558120734,0.35459503531455994,0.36166787,0.007072834685440066,0.3344970643520355,0.32354036,0.010956704352035496
nearest_neighbor_baseline,180,51618,122908,0.6705197089143038,0.28044864535331726,0.37032053,0.08987188464668272,26.770023345947266,26.036715,0.7333083459472647,0.30022555589675903,0.31001493,0.009789374103240989,0.31714990735054016,0.32229596,0.005146052649459831,0.3439338207244873,0.3179883,0.025945520724487303
nearest_neighbor_baseline,181,67014,56546,0.9376331631380724,0.8316803574562073,0.9761339,0.14445354254379272,12.032617568969727,12.398172,0.3655544310302741,0.28680339455604553,0.26405317,0.02275022455604553,0.2924395501613617,0.26692203,0.025517520161361718,0.22835102677345276,0.19055498,0.037796046773452746
nearest_neighbor_baseline,182,99602,52135,0.5575184948967606,0.9872940182685852,0.98323125,0.004062768268585204,7.9058332443237305,7.293705,0.6121282443237304,0.17285098135471344,0.18892466,0.016073678645286554,0.1864093542098999,0.20418373,0.017774375790100105,0.3893117904663086,0.38552797,0.003783820466308596
nearest_neighbor_baseline,183,67695,131815,0.632669486322873,0.9798989295959473,0.97444177,0.005457159595947281,7.565459251403809,9.519079,1.953619748596191,0.21659362316131592,0.24165972,0.025066096838684077,0.23788832128047943,0.26373178,0.025843458719520596,0.4884144067764282,0.49248752,0.004073113223571789
nearest_neighbor_baseline,184,41623,58560,1.0507420030541819,0.7635399103164673,0.67017376,0.09336615031646733,21.96696662902832,21.726582,0.2403846290283198,0.45918652415275574,0.42676258,0.032423944152755735,0.46149852871894836,0.42880788,0.03269064871894839,0.18966130912303925,0.18695776,0.002703549123039245
nearest_neighbor_baseline,185,67410,100726,1.246018449648018,0.11539243906736374,0.17347693,0.05808449093263626,24.173002243041992,23.181128,0.9918742430419911,0.2978023588657379,0.24559449,0.052207868865737916,0.38089314103126526,0.3122152,0.06867794103126523,0.7602121829986572,0.71904093,0.041171252998657204
nearest_neighbor_baseline,186,57821,58821,0.6959916440132904,0.3400815725326538,0.40926892,0.06918734746734617,26.097761154174805,23.096407,3.0013541541748054,0.2123156040906906,0.22079779,0.008482185909309381,0.2220415472984314,0.23269965,0.010658102701568611,0.3833078145980835,0.39379376,0.010485945401916497
nearest_neighbor_baseline,187,5920,121860,0.6421046494249668,0.8355811834335327,0.87789935,0.04231816656646725,11.311083793640137,11.328646,0.017562206359864163,0.2593984603881836,0.2570406,0.002357860388183586,0.26339057087898254,0.25945377,0.0039368008789825715,0.21214701235294342,0.17801166,0.03413535235294343
nearest_neighbor_baseline,188,70264,130863,1.0344252181760791,0.3692924976348877,0.4099868,0.04069430236511229,25.87555694580078,25.91455,0.03899305419921717,0.5002956390380859,0.54621243,0.045916790961914034,0.5010603666305542,0.5467785,0.045718133369445746,0.11038407683372498,0.09397277,0.01641130683372498
nearest_neighbor_baseline,189,122404,66593,0.757572426251942,0.6249541640281677,0.6421041,0.01714993597183223,20.99076271057129,24.806776,3.81601328942871,0.34169214963912964,0.38167205,0.039979900360870346,0.3448111414909363,0.3842057,0.039394558509063704,0.2018965631723404,0.19629765,0.005598913172340403
nearest_neighbor_baseline,190,125615,86089,0.6521735416765202,0.40137115120887756,0.42721227,0.02584111879112244,27.125255584716797,25.1097,2.0155555847167967,0.7612732648849487,0.76693326,0.0056599951150512195,0.7629749774932861,0.7684736,0.005498622506713846,0.15035249292850494,0.11646682,0.033885672928504945
nearest_neighbor_baseline,191,61615,29892,0.6840606576155988,0.0936342105269432,0.09353386,0.00010035052694321034,23.74908447265625,23.870848,0.12176352734374873,0.22250781953334808,0.21282002,0.009687799533348085,0.23161408305168152,0.22480519,0.0068088930516815305,0.41645047068595886,0.39727622,0.01917425068595885
nearest_neighbor_baseline,192,4980,39623,0.7401363800562611,0.9356282949447632,0.91231287,0.02331542494476313,11.999103546142578,12.093957,0.0948534538574215,0.21942004561424255,0.23634078,0.016920734385757447,0.2286084145307541,0.2517658,0.023157385469245895,0.3848956823348999,0.3823296,0.0025660823348999107
nearest_neighbor_baseline,193,100008,43469,1.0199469895399769,0.9263165593147278,0.9666059,0.040289340685272235,10.684959411621094,11.439846,0.7548865883789055,0.3049057424068451,0.36922804,0.06432229759315489,0.3351750671863556,0.3845366,0.049361532813644415,0.42763641476631165,0.4353785,0.007742085233688356
nearest_neighbor_baseline,194,49295,130943,0.8599943019198567,0.1231807991862297,0.21902457,0.0958437708137703,27.741497039794922,28.33867,0.5971729602050786,0.827679455280304,0.8564889,0.028809444719696042,0.8286038041114807,0.85750955,0.02890574588851924,0.11025538295507431,0.09974089,0.010514492955074312
nearest_neighbor_baseline,195,82382,61326,1.0636812976483991,0.7785407900810242,0.95940125,0.1808604599189758,18.983930587768555,16.17942,2.8045105877685543,0.34411144256591797,0.33367944,0.010432002565917975,0.34792277216911316,0.33721516,0.010707612169113145,0.24341633915901184,0.24706848,0.003652140840988166
nearest_neighbor_baseline,196,24276,56796,0.7118377564504662,0.6848599314689636,0.5333079,0.15155203146896368,22.102582931518555,24.617947,2.5153640684814462,0.3385906219482422,0.33726513,0.0013254919482421634,0.34020450711250305,0.3399275,0.0002770071125030582,0.18821464478969574,0.19957608,0.01136143521030425
nearest_neighbor_baseline,197,53983,3074,0.9885102567075027,0.18750780820846558,0.18479988,0.0027079282084655765,26.889684677124023,24.577337,2.3123476771240234,0.5597873330116272,0.6083756,0.04858826698837282,0.5672340393066406,0.6118201,0.04458606069335935,0.21708917617797852,0.20934775,0.0077414261779785165
nearest_neighbor_baseline,198,92812,79444,0.8444577657971698,0.6153470873832703,0.5756875,0.039659587383270245,20.623504638671875,24.135557,3.5120523613281236,0.28014451265335083,0.27257717,0.00756734265335085,0.2869779169559479,0.2769333,0.010044616955947883,0.21616658568382263,0.21184646,0.004320125683822645
nearest_neighbor_baseline,199,136517,103642,0.7301746533984571,0.7507351636886597,0.7944265,0.04369133631134037,17.736501693725586,16.446856,1.2896456937255856,0.25674018263816833,0.2887997,0.03205951736183166,0.2674912214279175,0.30435038,0.036859158572082495,0.34590944647789,0.35470855,0.008799103522109997
nearest_neighbor_baseline,200,76666,24640,0.928838843288266,0.9215846657752991,0.91785604,0.003728625775299088,3.9975311756134033,4.7940564,0.7965252243865963,0.2861793637275696,0.28115964,0.005019723727569592,0.2924346625804901,0.2912199,0.0012147625804901363,0.266277015209198,0.3271654,0.060888384790802
nearest_neighbor_baseline,201,79555,39015,0.9763110151317153,0.20063099265098572,0.031251553,0.16937943965098573,23.746906280517578,24.826643,1.0797367194824226,0.27809637784957886,0.29425612,0.016159742150421152,0.2850499749183655,0.3056174,0.020567425081634505,0.2275596261024475,0.28451583,0.056956203897552515
nearest_neighbor_baseline,202,117461,25055,0.6125621252104915,0.3159542679786682,0.28820732,0.027746947978668224,22.12181282043457,19.60513,2.5166828204345713,0.22541022300720215,0.2335871,0.008176876992797844,0.23380938172340393,0.23656078,0.0027513982765960676,0.2721557915210724,0.22775514,0.04440065152107239
nearest_neighbor_baseline,203,73404,49779,0.4538750944016556,0.9154002070426941,0.84077525,0.07462495704269412,14.812994003295898,14.30075,0.5122440032958977,0.22635427117347717,0.21515587,0.011198401173477174,0.23157885670661926,0.22222431,0.009354546706619254,0.32405221462249756,0.30185437,0.022197844622497576
nearest_neighbor_baseline,204,93290,105244,1.1202743886568718,0.5640841126441956,0.38218084,0.18190327264419553,19.114736557006836,19.519865,0.4051284429931634,0.3708573281764984,0.4165194,0.04566207182350157,0.3829621970653534,0.46556637,0.08260417293464661,0.3220088481903076,0.37398532,0.05197647180969239
nearest_neighbor_baseline,205,60388,42988,0.840139186148853,0.5565372109413147,0.4991929,0.0573443109413147,17.287195205688477,19.237764,1.950568794311522,0.39355045557022095,0.42686492,0.033314464429779034,0.39533546566963196,0.42910475,0.03376928433036802,0.15190856158733368,0.15040667,0.0015018915873336869
nearest_neighbor_baseline,206,138453,59149,1.002496922656373,0.4396398663520813,0.5038399,0.06420003364791871,17.90220069885254,15.150395,2.7518056988525395,0.30174288153648376,0.34107965,0.03933676846351625,0.3048384189605713,0.3478903,0.0430518810394287,0.19151008129119873,0.26401186,0.07250177870880126
nearest_neighbor_baseline,207,137789,106407,0.7030727996610995,0.7167369723320007,0.6337114,0.0830255723320007,19.71183967590332,18.721075,0.9907646759033213,0.4939260184764862,0.5062929,0.01236688152351384,0.4957588315010071,0.5074835,0.011724668498992896,0.15563827753067017,0.11481538,0.04082289753067017
nearest_neighbor_baseline,208,73576,6907,0.7119202989624303,0.4596145451068878,0.5218997,0.06228515489311215,26.18695068359375,24.327305,1.859645683593751,0.22236914932727814,0.22080491,0.001564239327278144,0.23115074634552002,0.23131151,0.00016076365447997842,0.33078533411026,0.3985246,0.06773926588974
nearest_neighbor_baseline,209,65699,134450,0.7662204301047387,0.9329583048820496,0.96925884,0.036300535117950394,9.893000602722168,9.788651,0.1043496027221682,0.2529102563858032,0.29172635,0.0388160936141968,0.2661688029766083,0.30962852,0.04345971702339174,0.3806491196155548,0.3831538,0.0025046803844451793
nearest_neighbor_baseline,210,131957,31110,0.736571145009872,0.08492597937583923,0.09494855,0.010022570624160773,24.948894500732422,25.680159,0.7312644992675779,0.22348156571388245,0.2657775,0.042295934286117554,0.22983485460281372,0.2686766,0.03884174539718627,0.24138294160366058,0.18744282,0.053940121603660574
nearest_neighbor_baseline,211,56838,16137,0.7603716572511897,0.23375463485717773,0.09700054,0.13675409485717774,29.640417098999023,29.897211,0.2567939010009752,0.532345712184906,0.5346303,0.002284587815093997,0.5346187949180603,0.5360146,0.001395805081939705,0.16052821278572083,0.13757811,0.022950102785720822
nearest_neighbor_baseline,212,74392,56243,0.6480998762903012,0.8284215927124023,0.922102,0.09368040728759763,14.563554763793945,12.47795,2.0856047637939454,0.24096427857875824,0.25534257,0.014378291421241751,0.2507771849632263,0.26792622,0.017149035036773674,0.3419864773750305,0.3647414,0.022754922624969476
nearest_neighbor_baseline,213,27582,10229,1.1919930786508655,0.9254817962646484,0.9525448,0.027063003735351532,10.825154304504395,9.497598,1.3275563045043945,0.6236396431922913,0.669496,0.04585635680770872,0.6337371468544006,0.6802452,0.04650805314559936,0.2173345386981964,0.2390646,0.021730061301803577
nearest_neighbor_baseline,214,39616,15838,1.082000698759192,0.0919145941734314,0.022575999,0.0693385951734314,26.757970809936523,26.11699,0.6409808099365222,0.21209730207920074,0.28480977,0.07271246792079927,0.2168109118938446,0.29009497,0.0732840581061554,0.2576812207698822,0.22421275,0.033468470769882214
nearest_neighbor_baseline,215,118498,125267,1.8804241007130336,0.9662544131278992,0.98219115,0.015936736872100843,4.687283992767334,6.200924,1.5136400072326657,0.5874233841896057,0.6923044,0.10488101581039433,0.5967351794242859,0.7000263,0.1032911205757141,0.24747055768966675,0.18214685,0.06532370768966675
nearest_neighbor_baseline,216,3750,96831,0.7588325509868309,0.8393083214759827,0.89664364,0.0573353185240173,18.318201065063477,15.457788,2.860413065063476,0.3747623860836029,0.41100755,0.036245163916397094,0.37739822268486023,0.41481394,0.03741571731513976,0.22013846039772034,0.19530971,0.02482875039772034
nearest_neighbor_baseline,217,124660,120463,0.8741789466756563,0.3801080882549286,0.31246853,0.06763955825492857,20.20316505432129,18.686245,1.5169200543212895,0.20160377025604248,0.22260462,0.021000849743957523,0.2043069750070572,0.23056856,0.026261584992942816,0.2047424614429474,0.30568507,0.10094260855705262
nearest_neighbor_baseline,218,58244,44608,0.6405269997326171,0.6788081526756287,0.6954102,0.016602047324371316,24.094568252563477,23.035995,1.0585732525634768,0.6624741554260254,0.61984855,0.04262560542602534,0.6640668511390686,0.6221708,0.04189605113906858,0.1797281801700592,0.18806607,0.008337889829940798
nearest_neighbor_baseline,219,22477,137023,0.6438608391902195,0.648756206035614,0.66224164,0.013485433964385951,23.589637756347656,24.630816,1.0411782436523431,0.2994318902492523,0.29796034,0.0014715502492523291,0.3087470829486847,0.30647868,0.002268402948684689,0.3012571334838867,0.33943483,0.0381776965161133
nearest_neighbor_baseline,220,22625,104137,1.320075384830717,0.3870100975036621,0.33128765,0.05572244750366212,22.975875854492188,20.73046,2.2454158544921867,0.24660234153270721,0.29129928,0.04469693846729278,0.29141148924827576,0.33917317,0.04776168075172427,0.5276404619216919,0.49903515,0.02860531192169191
nearest_neighbor_baseline,221,35316,124736,0.8927290432925798,0.0903860554099083,0.22036391,0.1299778545900917,27.57103729248047,28.427147,0.8561097075195327,0.2426932007074356,0.23846011,0.004233090707435605,0.24908743798732758,0.2458106,0.0032768379873275855,0.2982340455055237,0.26518774,0.033046305505523677
nearest_neighbor_baseline,222,51030,85777,0.7387820176723767,0.5449894070625305,0.47545728,0.06953212706253054,16.73982048034668,19.119091,2.3792705196533213,0.3393588364124298,0.3490778,0.009718963587570184,0.34165504574775696,0.35220948,0.010554434252243061,0.1683221012353897,0.17081214,0.0024900387646102917
nearest_neighbor_baseline,223,1072,84381,0.7765621459570532,0.9467378258705139,0.9441092,0.0026286258705139343,7.434802532196045,7.9127345,0.4779319678039551,0.2884892225265503,0.2731104,0.015378822526550318,0.30040156841278076,0.30915132,0.008749751587219246,0.40295544266700745,0.4763951,0.07343965733299257
nearest_neighbor_baseline,224,43252,27391,0.8924353201452933,0.752035915851593,0.83115256,0.07911664414840702,17.597421646118164,17.963335,0.36591335388183666,0.2799832820892334,0.24856496,0.0314183220892334,0.3260582387447357,0.2796273,0.046430938744735695,0.5744145512580872,0.6282146,0.0538000487419128
nearest_neighbor_baseline,225,122611,4458,0.7591739948354811,0.747321367263794,0.7710879,0.023766532736206103,13.578631401062012,11.999344,1.579287401062011,0.22483086585998535,0.26896265,0.044131784140014674,0.23335503041744232,0.28558514,0.05223010958255769,0.3607800602912903,0.39653227,0.03575220970870974
nearest_neighbor_baseline,226,100627,120442,0.9006066543535907,0.09968418627977371,0.08373386,0.01595032627977372,22.29448127746582,21.750286,0.5441952774658212,0.2670653462409973,0.23191199,0.0351533562409973,0.2740861475467682,0.23914018,0.03494596754676818,0.30870357155799866,0.2567246,0.05197897155799863
nearest_neighbor_baseline,227,2721,101014,0.887696302862227,0.48680415749549866,0.39124614,0.09555801749549864,26.45871353149414,25.54052,0.9181935314941398,0.5577052235603333,0.59793234,0.0402271164396667,0.5610584616661072,0.60088986,0.03983139833389282,0.2247316688299179,0.16352816,0.0612035088299179
nearest_neighbor_baseline,228,24569,76797,1.147095670926612,0.12460799515247345,0.07997736,0.04463063515247345,23.5272216796875,25.063278,1.5360563203125004,0.3024921417236328,0.37589064,0.07339849827636719,0.31315770745277405,0.37932542,0.06616771254722598,0.25943267345428467,0.18083556,0.07859711345428466
nearest_neighbor_baseline,229,41521,124936,0.9690265657795997,0.19300369918346405,0.07289079,0.12011290918346405,28.381513595581055,28.077456,0.30405759558105316,0.3519793152809143,0.38031256,0.028333244719085715,0.36726292967796326,0.3924869,0.02522397032203677,0.35155850648880005,0.29339442,0.05816408648880006
nearest_neighbor_baseline,230,62517,38228,0.8677556970791072,0.06427613645792007,0.13931303,0.07503689354207993,23.34939193725586,23.992552,0.6431600627441405,0.26286208629608154,0.290519,0.027656913703918484,0.27404266595840454,0.299823,0.025780334041595465,0.34509310126304626,0.2844439,0.06064920126304624
nearest_neighbor_baseline,231,17066,139689,0.673005144575142,0.659548819065094,0.6362742,0.023274619065093982,18.25682258605957,20.406773,2.149950413940431,0.23807601630687714,0.261379,0.023302983693122836,0.2445048838853836,0.2719739,0.027469016114616385,0.2994612455368042,0.33112547,0.03166422446319578
nearest_neighbor_baseline,232,91418,124745,0.7474079410450749,0.1718442440032959,0.29394087,0.12209662599670412,23.16515350341797,21.852108,1.3130455034179676,0.2117273509502411,0.2483825,0.03665514904975892,0.21517400443553925,0.25417295,0.03899894556446076,0.2814655005931854,0.24930929,0.032156210593185436
nearest_neighbor_baseline,233,32688,40497,0.871211070285076,0.1641586422920227,0.16406295,9.569229202269214e-05,28.006999969482422,30.972347,2.9653470305175773,0.36206668615341187,0.4185848,0.056518113846588114,0.3633884787559509,0.42051584,0.057127361244049046,0.13140621781349182,0.16478589,0.03337967218650817
nearest_neighbor_baseline,234,91789,50040,0.8058457000160534,0.5585231781005859,0.4917091,0.06681407810058593,25.781391143798828,27.438684,1.6572928562011704,0.36653459072113037,0.42513898,0.05860438927886963,0.370723158121109,0.42835578,0.05763262187889101,0.26541563868522644,0.24036537,0.025050268685226446
nearest_neighbor_baseline,235,13028,47036,0.9218719520998095,0.8399932980537415,0.91147655,0.0714832519462586,16.72794532775879,15.363368,1.3645773277587896,0.20814882218837738,0.19837642,0.009772402188377383,0.27444103360176086,0.24767542,0.026765613601760857,0.7472447752952576,0.8043472,0.05710242470474247
nearest_neighbor_baseline,236,70948,122729,0.5304854383492851,0.11525055766105652,0.044724163,0.07052639466105652,22.93363380432129,23.031775,0.0981411956787106,0.23011761903762817,0.21503708,0.015080539037628182,0.23581534624099731,0.22414741,0.011667936240997323,0.2763986587524414,0.28810146,0.01170280124755857
nearest_neighbor_baseline,237,28223,131342,0.7869382996193722,0.3862442672252655,0.5405529,0.1543086327747345,22.3121280670166,22.52343,0.2113019329833996,0.3534530699253082,0.34466538,0.008787689925308206,0.3754686713218689,0.38059124,0.005122568678131101,0.3917844891548157,0.35471535,0.03706913915481569
nearest_neighbor_baseline,238,78181,92560,0.7500698199780091,0.10995916277170181,0.14918949,0.039230327228298195,25.840837478637695,25.68636,0.1544774786376948,0.2550443410873413,0.2929502,0.037905858912658685,0.27455103397369385,0.30875295,0.03420191602630618,0.4095892906188965,0.43659955,0.02701025938110352
nearest_neighbor_baseline,239,105157,64350,0.9048443939948011,0.40299588441848755,0.44862574,0.045629855581512446,25.10530662536621,26.42577,1.320463374633789,0.5776631832122803,0.6325838,0.054920616787719756,0.5826498866081238,0.6380062,0.05535631339187619,0.22386182844638824,0.24677007,0.022908241553611763
nearest_neighbor_baseline,240,108248,66293,0.8427195952846549,0.036258358508348465,0.079751275,0.04349291649165153,25.496997833251953,24.599041,0.8979568332519534,0.22833086550235748,0.22688648,0.0014443855023574814,0.23041373491287231,0.22869721,0.0017165249128723026,0.1712614893913269,0.17098586,0.0002756293913269148
nearest_neighbor_baseline,241,103589,131870,0.6648231270706346,0.9603548049926758,0.9245767,0.03577810499267575,11.00843334197998,9.835166,1.1732673419799813,0.3120166063308716,0.29755396,0.014462646330871576,0.32499074935913086,0.32644728,0.001456530640869147,0.4117065966129303,0.38868377,0.023022826612930314
nearest_neighbor_baseline,242,8463,23612,1.0426805981748168,0.6765609979629517,0.5976879,0.07887309796295161,19.271059036254883,22.338085,3.0670259637451167,0.2372659593820572,0.2626575,0.025391540617942798,0.2623848021030426,0.3146407,0.05225589789695739,0.543170154094696,0.52752966,0.015640494094696034
nearest_neighbor_baseline,243,100731,89086,0.8102873882028115,0.8674431443214417,0.9736238,0.10618065567855839,8.613066673278809,12.105621,3.4925543267211907,0.31342270970344543,0.29644313,0.016979579703445435,0.35315099358558655,0.31168774,0.04146325358558656,0.43822115659713745,0.4676204,0.02939924340286254
nearest_neighbor_baseline,244,16512,122100,0.9838084374614798,0.9880145192146301,0.97604,0.011974519214630108,4.467947006225586,4.076639,0.3913080062255858,0.21625252068042755,0.2797953,0.06354277931957247,0.25344863533973694,0.32368872,0.07024008466026305,0.6042022705078125,0.56989783,0.03430444050781245
nearest_neighbor_baseline,245,125001,6378,0.7219220820326382,0.9226941466331482,0.96457726,0.0418831133668518,12.345379829406738,11.064753,1.2806268294067387,0.23354260623455048,0.20988674,0.023655866234550488,0.25587162375450134,0.22788495,0.02798667375450134,0.5047032833099365,0.4876974,0.01700588330993652
nearest_neighbor_baseline,246,99304,16974,0.929281509088257,0.819642961025238,0.81628245,0.0033605110252380443,17.556325912475586,17.2654,0.2909259124755863,0.1679372787475586,0.1774206,0.009483321252441418,0.18653012812137604,0.19805776,0.011527631878623962,0.5443511009216309,0.61438125,0.07003014907836913
nearest_neighbor_baseline,247,59368,98834,1.305875183876929,0.8950040936470032,0.8557076,0.03929649364700316,15.445110321044922,14.390379,1.0547313210449225,0.2726794183254242,0.30840245,0.0357230316745758,0.3043588101863861,0.37506026,0.07070144981361387,0.4596441090106964,0.5678094,0.10816529098930361
nearest_neighbor_baseline,248,135254,62576,0.8145371006431099,0.5307944416999817,0.5286346,0.002159841699981735,21.969709396362305,21.211502,0.7582073963623053,0.2375824898481369,0.22244284,0.015139649848136899,0.26354506611824036,0.25232762,0.011217446118240382,0.6042070984840393,0.56189287,0.04231422848403932
nearest_neighbor_baseline,249,31376,93352,0.6984192535782414,0.2772460877895355,0.34231502,0.0650689322104645,25.41012191772461,25.90376,0.49363808227538897,0.25633761286735535,0.25250646,0.0038311528673553585,0.268337607383728,0.2626259,0.005711707383728004,0.35606157779693604,0.3366831,0.019378477796936022
nearest_neighbor_baseline,250,43095,45254,0.5178363270573764,0.674892246723175,0.59944224,0.07545000672317503,21.518592834472656,22.630375,1.1117821655273445,0.23127716779708862,0.2234351,0.007842067797088625,0.24120694398880005,0.23458858,0.006618363988800058,0.36813831329345703,0.3840917,0.01595338670654295
nearest_neighbor_baseline,251,94578,37042,0.5249418596660569,0.5423523187637329,0.503693,0.038659318763732964,23.959924697875977,22.85769,1.102234697875975,0.274715393781662,0.29215786,0.017442466218338004,0.27839627861976624,0.295182,0.016785721380233765,0.21353867650032043,0.21559742,0.0020587434996795773
nearest_neighbor_baseline,252,54985,54103,0.9688798909228481,0.8522880673408508,0.8442917,0.007996367340850852,14.467781066894531,12.085671,2.3821100668945316,0.28671959042549133,0.24455297,0.042166620425491325,0.29974907636642456,0.26482847,0.03492060636642458,0.32509270310401917,0.3846271,0.059534396895980835
nearest_neighbor_baseline,253,13421,84751,0.9375292014564905,0.702189028263092,0.72779435,0.025605321736907993,19.403949737548828,16.673859,2.730090737548828,0.24543017148971558,0.25857168,0.01314150851028445,0.2610228359699249,0.26630026,0.005277424030075084,0.38781535625457764,0.3865754,0.0012399562545776233
nearest_neighbor_baseline,254,14240,95149,0.9915701953082792,0.8924738764762878,0.7968547,0.09561917647628781,18.15924072265625,18.645573,0.48633227734374884,0.495458722114563,0.49175027,0.003708452114562999,0.4990856945514679,0.4992052,0.00011950544853212008,0.24710910022258759,0.25957227,0.012463169777412408
nearest_neighbor_baseline,255,48132,116118,0.8102083017256783,0.801625669002533,0.7083659,0.09325976900253297,15.406289100646973,18.70371,3.2974208993530283,0.2653266489505768,0.24550048,0.01982616895057679,0.2906847298145294,0.26725075,0.023433979814529438,0.5005562901496887,0.51385146,0.013295169850311317
nearest_neighbor_baseline,256,57668,39190,0.8127969475374155,0.8957993388175964,0.9134295,0.01763016118240357,14.332661628723145,13.021815,1.3108466287231444,0.1868772804737091,0.21295598,0.026078699526290883,0.21212562918663025,0.23470072,0.022575090813369753,0.6313550472259521,0.5485922,0.08276284722595217
nearest_neighbor_baseline,257,36940,98371,0.8705104676267532,0.5974889397621155,0.5782253,0.019263639762115425,20.068872451782227,22.619211,2.5503385482177734,0.2905964255332947,0.30117878,0.010582354466705302,0.2952888607978821,0.30450645,0.009217589202117904,0.23136602342128754,0.2280414,0.0033246234212875314
nearest_neighbor_baseline,258,33477,87713,0.6346632903493057,0.9867358207702637,0.9824236,0.004312220770263719,8.953463554382324,9.724348,0.7708844456176767,0.1721561700105667,0.21044233,0.0382861599894333,0.18930763006210327,0.23029381,0.040986179937896716,0.5278778672218323,0.51846653,0.009411337221832294
nearest_neighbor_baseline,259,52426,2474,1.4228860060557555,0.9524940252304077,0.9172222,0.03527182523040773,15.262078285217285,11.376332,3.8857462852172855,0.2256660908460617,0.21989527,0.005770820846061703,0.2744714319705963,0.29873827,0.02426683802940366,0.7252386212348938,0.8243051,0.09906647876510621
nearest_neighbor_baseline,260,38779,78842,0.7332074251773985,0.6056865453720093,0.5971405,0.008546045372009314,21.48619842529297,24.50838,3.02218157470703,0.3221099376678467,0.32135475,0.0007551876678466574,0.32951146364212036,0.32503062,0.004480843642120369,0.2613130211830139,0.2820252,0.02071217881698606
nearest_neighbor_baseline,261,91841,95257,0.9191162916679632,0.9566001892089844,0.8585684,0.09803178920898437,13.43270206451416,14.2007885,0.7680864354858397,0.2517277002334595,0.25513637,0.0034086697665405286,0.27062278985977173,0.29645187,0.025829080140228278,0.5245127081871033,0.52818686,0.0036741518128967643
nearest_neighbor_baseline,262,24873,75467,0.9631121039545442,0.03924347087740898,0.020702537,0.01854093387740898,31.119020462036133,28.997772,2.1212484620361316,0.7743650674819946,0.7701232,0.004241867481994621,0.7753883600234985,0.7711211,0.004267260023498531,0.11546114087104797,0.13712277,0.02166162912895203
nearest_neighbor_baseline,263,51934,3478,0.721027598426938,0.9604305028915405,0.8966085,0.0638220028915405,12.759183883666992,12.671608,0.08757588366699132,0.40352311730384827,0.39034554,0.013177577303848276,0.4137916564941406,0.4013261,0.012465556494140606,0.3424402177333832,0.36303815,0.020597932266616825
nearest_neighbor_baseline,264,39532,8172,0.8271459647220378,0.11164423078298569,0.052459534,0.059184696782985685,28.141685485839844,28.339094,0.1974085141601556,0.3694557249546051,0.3252173,0.044238424954605116,0.38338029384613037,0.33479056,0.048589733846130356,0.29315778613090515,0.25707704,0.03608074613090517
nearest_neighbor_baseline,265,31062,35422,0.8919377968568389,0.8858678340911865,0.87256724,0.013300594091186557,14.132936477661133,11.510583,2.6223534776611324,0.2403387725353241,0.26516834,0.024829567464675906,0.2514781355857849,0.28399855,0.032520414414215104,0.26974889636039734,0.28436866,0.014619763639602656
nearest_neighbor_baseline,266,50183,72064,0.8423034278407399,0.265903502702713,0.29948872,0.03358521729728697,27.697954177856445,24.913795,2.784159177856445,0.44638413190841675,0.44163948,0.004744651908416775,0.4488627016544342,0.4461289,0.002733801654434209,0.18236760795116425,0.2384472,0.05607959204883575
nearest_neighbor_baseline,267,36167,36424,0.985030992357127,0.6914744973182678,0.7044345,0.012960002681732141,20.79608726501465,22.294357,1.498269734985353,0.2655770480632782,0.26164585,0.003931198063278185,0.2761784493923187,0.26541677,0.010761679392318702,0.2802015542984009,0.22317527,0.05702628429840087
nearest_neighbor_baseline,268,8665,102420,0.6356155345537498,0.7677051424980164,0.6832746,0.0844305424980164,15.771147727966309,17.090548,1.3194002720336897,0.26361513137817383,0.26792148,0.0043063486218261615,0.277987539768219,0.2834196,0.005432060231781,0.41907835006713867,0.40337574,0.01570261006713869
nearest_neighbor_baseline,269,76263,45619,0.555744520531852,0.23133647441864014,0.17031556,0.06102091441864013,22.74919319152832,21.382309,1.366884191528321,0.2469647079706192,0.22443794,0.0225267679706192,0.2630062997341156,0.25195977,0.011046529734115573,0.39338138699531555,0.3877402,0.0056411869953155724
nearest_neighbor_baseline,270,35307,108244,0.7528025318734103,0.9473240375518799,0.9905427,0.043218662448120115,10.2077054977417,8.425476,1.7822294977416995,0.2202674150466919,0.24991564,0.0296482249533081,0.2497115582227707,0.26711765,0.017406091777229293,0.4988003373146057,0.4856078,0.013192537314605735
nearest_neighbor_baseline,271,3600,131006,0.5429225015934402,0.9559383988380432,0.9666776,0.010739201161956813,9.83066177368164,11.373203,1.5425412263183595,0.20339642465114594,0.18051122,0.022885204651145935,0.21423117816448212,0.19229783,0.021933348164482114,0.39221638441085815,0.42983165,0.037615265589141855
nearest_neighbor_baseline,272,22106,65866,1.5515727693459962,0.26972317695617676,0.34110647,0.07138329304382324,21.915605545043945,26.640862,4.725256454956053,0.28206244111061096,0.27078304,0.011279401110610987,0.3609236478805542,0.32109302,0.03983062788055419,0.5965276956558228,0.48733088,0.10919681565582273
nearest_neighbor_baseline,273,4726,30799,0.7758596740352972,0.392042338848114,0.4112961,0.019253761151885984,24.68650245666504,26.475035,1.7885325433349593,0.36221832036972046,0.37116262,0.00894429963027954,0.3647981882095337,0.3724164,0.007618211790466289,0.17466245591640472,0.13212761,0.04253484591640472
nearest_neighbor_baseline,274,40472,114663,0.7244907949932209,0.9569658637046814,0.98767126,0.030705396295318654,6.190279960632324,4.3296614,1.8606185606323242,0.25325554609298706,0.2382341,0.015021446092987056,0.2977784276008606,0.27962372,0.018154707600860576,0.6047658324241638,0.5912923,0.013473532424163825
nearest_neighbor_baseline,275,75375,85588,0.7601556575036268,0.39029520750045776,0.50767136,0.11737615249954225,23.73059844970703,22.754032,0.9765664497070325,0.2134428322315216,0.21536247,0.0019196377684783938,0.23832808434963226,0.23122686,0.007101224349632257,0.4320692718029022,0.39781028,0.034258991802902206
nearest_neighbor_baseline,276,72147,86415,0.9714819810576575,0.8722227215766907,0.87499845,0.0027757284233093094,8.564116477966309,7.6722603,0.891856177966309,0.2384667843580246,0.26142305,0.022956265641975393,0.2714405655860901,0.29634565,0.024905084413909928,0.4483529329299927,0.42765832,0.020694612929992695
nearest_neighbor_baseline,277,63301,60978,0.7383150733708097,0.7613400220870972,0.7035127,0.05782732208709718,20.19605255126953,19.36888,0.8271725512695305,0.21888893842697144,0.22432528,0.0054363415730285525,0.22762520611286163,0.23307046,0.005445253887138374,0.43255671858787537,0.37396392,0.05859279858787536
nearest_neighbor_baseline,278,54225,125689,1.0935604613023628,0.19524431228637695,0.3403389,0.14509458771362305,27.0884952545166,24.13241,2.9560852545166014,0.27324342727661133,0.24628319,0.026960237276611315,0.30518120527267456,0.26130217,0.04387903527267456,0.5369945764541626,0.47656867,0.06042590645416257
nearest_neighbor_baseline,279,113564,57173,0.5100123623053311,0.8378027081489563,0.87947303,0.04167032185104369,20.85877227783203,20.354042,0.5047302778320315,0.4188621938228607,0.41001642,0.008845773822860725,0.42074090242385864,0.41278175,0.00795915242385864,0.2057144045829773,0.20789205,0.0021776454170227
nearest_neighbor_baseline,280,81275,76651,0.9033986810958043,0.10394085198640823,0.053582173,0.05035867898640824,28.64089584350586,27.387335,1.2535608435058592,0.3515571653842926,0.38918698,0.03762981461570741,0.3534589111804962,0.3955653,0.04210638881950379,0.16969673335552216,0.2267816,0.057084866644477844
nearest_neighbor_baseline,281,33040,112337,1.1405017930794263,0.9196681976318359,0.9785827,0.05891450236816409,12.790596008300781,6.7831244,6.007471608300781,0.3339874744415283,0.31473753,0.019249944441528333,0.3633405864238739,0.3415968,0.021743786423873923,0.47670742869377136,0.48362392,0.006916491306228623
nearest_neighbor_baseline,282,10154,30334,0.8835636689027935,0.29560527205467224,0.098473705,0.19713156705467225,28.08000946044922,27.787012,0.29299746044921804,0.7761867046356201,0.7885107,0.012323995364379892,0.7767083048820496,0.7911142,0.014405895117950429,0.07869066298007965,0.14258045,0.06388978701992035
nearest_neighbor_baseline,283,28013,133868,0.7894738018775153,0.9287766218185425,0.9169395,0.011837121818542462,7.104349136352539,4.2195415,2.884807636352539,0.2672705352306366,0.29325196,0.02598142476936338,0.281795859336853,0.32434544,0.04254958066314696,0.3912176489830017,0.4232211,0.03200345101699831
nearest_neighbor_baseline,284,64595,80606,0.8024796907847809,0.8968832492828369,0.94863003,0.0517467807171631,5.24876594543457,3.9497595,1.2990064454345704,0.37113434076309204,0.38458106,0.013446719236907934,0.3779006898403168,0.39139143,0.013490740159683212,0.22844499349594116,0.23233356,0.0038885665040588324
nearest_neighbor_baseline,285,101396,96619,0.8501283210498239,0.6516848206520081,0.5383165,0.11336832065200808,22.337059020996094,25.504929,3.167869979003907,0.25576817989349365,0.25300983,0.0027583498934936612,0.25928232073783875,0.25603256,0.003249760737838725,0.22891570627689362,0.21325514,0.015660566276893606
nearest_neighbor_baseline,286,76265,72770,0.8579240743852842,0.10437626391649246,0.13756576,0.03318949608350755,24.367788314819336,25.181318,0.813529685180665,0.3021947145462036,0.28689077,0.015303944546203596,0.3100832998752594,0.29042092,0.019662379875259373,0.28856199979782104,0.19157448,0.09698751979782105
nearest_neighbor_baseline,287,75669,300,0.5395324612295084,0.9704240560531616,0.9724585,0.0020344439468383824,11.271296501159668,11.131249,0.14004750115966758,0.18311463296413422,0.19539723,0.012282597035865789,0.1936202496290207,0.21733171,0.02371146037097932,0.4524020850658417,0.51052403,0.05812194493415834
nearest_neighbor_baseline,288,137408,36693,0.8182726862834107,0.9026023745536804,0.8090895,0.0935128745536804,9.132915496826172,9.103118,0.02979749682617161,0.2667351961135864,0.27225062,0.005515423886413573,0.27597343921661377,0.28069246,0.0047190207833862075,0.2736045718193054,0.251169,0.022435571819305444
nearest_neighbor_baseline,289,103445,75264,0.8847710068107743,0.44656845927238464,0.37279156,0.07377689927238462,21.453792572021484,19.20243,2.2513625720214847,0.26511475443840027,0.28224108,0.01712632556159971,0.26757729053497314,0.28331393,0.015736639465026847,0.1795346438884735,0.1267166,0.0528180438884735
nearest_neighbor_baseline,290,92865,46935,0.7569328417606483,0.8440994620323181,0.9592784,0.11517893796768186,12.200096130371094,12.128454,0.07164213037109413,0.3814551532268524,0.34557536,0.03587979322685242,0.3862590789794922,0.3493677,0.036891378979492184,0.23830921947956085,0.22845373,0.009855489479560858
nearest_neighbor_baseline,291,46257,109694,0.49233329957491256,0.5047737956047058,0.44090167,0.06387212560470579,24.470439910888672,25.284513,0.8140730891113286,0.23771268129348755,0.25462192,0.016909238706512453,0.24193204939365387,0.25806665,0.01613460060634614,0.23374338448047638,0.22859465,0.005148734480476369
nearest_neighbor_baseline,292,41425,72851,1.0276786400946905,0.9910402894020081,0.95820147,0.03283881940200806,7.702723979949951,10.146467,2.4437430200500483,0.22134444117546082,0.23355508,0.012210638824539183,0.2331230789422989,0.24389672,0.010773641057701122,0.45946094393730164,0.41561747,0.04384347393730165
nearest_neighbor_baseline,293,54336,100813,1.1176122181417936,0.6867257356643677,0.6343021,0.052423635664367696,21.73412322998047,22.703932,0.9698087700195295,0.36031633615493774,0.38604996,0.02573362384506228,0.5000248551368713,0.50838137,0.008356514863128717,0.8311266303062439,0.7699292,0.061197430306243916
nearest_neighbor_baseline,294,68603,29804,0.6717626443803759,0.8250016570091248,0.83460915,0.009607492990875266,14.795905113220215,15.194866,0.3989608867797845,0.24470338225364685,0.2382669,0.006436482253646847,0.2524811327457428,0.24308197,0.00939916274574279,0.2549342215061188,0.25055584,0.0043783815061188
nearest_neighbor_baseline,295,172,136464,0.6779659445429149,0.2481563240289688,0.20137583,0.046780494028968805,22.994945526123047,22.813358,0.18158752612304596,0.2381017506122589,0.2420166,0.003914849387741087,0.24462316930294037,0.24741398,0.002790810697059637,0.2636784017086029,0.25468296,0.008995441708602891
nearest_neighbor_baseline,296,123016,71632,0.9602224569711963,0.9936279058456421,0.9812167,0.012411205845642037,4.916337490081787,4.9363704,0.02003290991821327,0.21219225227832794,0.24906309,0.036870837721672045,0.23631156980991364,0.28835976,0.052048190190086385,0.5134969353675842,0.54516137,0.03166443463241575
nearest_neighbor_baseline,297,41918,70081,0.7953092711624613,0.6169689893722534,0.6875048,0.07053581062774661,23.053245544433594,23.04109,0.012155544433593235,0.615105926990509,0.56519747,0.049908456990509054,0.6193298697471619,0.5686443,0.050685569747161874,0.21967945992946625,0.22414039,0.004460930070533747
nearest_neighbor_baseline,298,116501,4805,0.8277825340404825,0.8799071311950684,0.961938,0.0820308688049316,13.167876243591309,11.166701,2.001175243591309,0.256629079580307,0.29986548,0.04323640041969301,0.29600825905799866,0.3183474,0.022339140942001345,0.47715502977371216,0.4789732,0.0018181702262878296
nearest_neighbor_baseline,299,83289,134359,0.6809905520742042,0.1853589564561844,0.10203388,0.0833250764561844,27.2700252532959,26.510551,0.7594742532958989,0.3409726321697235,0.33324665,0.007725982169723533,0.34259459376335144,0.33710477,0.005489823763351442,0.15079495310783386,0.1958459,0.04505094689216613
nearest_neighbor_baseline,300,81192,44900,0.9252015469217112,0.4592228829860687,0.490944,0.031721117013931266,23.225879669189453,23.12739,0.09848966918945479,0.2278660237789154,0.25164253,0.02377650622108457,0.2736082077026367,0.3019152,0.028306992297363276,0.6373715996742249,0.6454462,0.008074600325775116
nearest_neighbor_baseline,301,98843,28951,1.1492391514704365,0.9059268832206726,0.923299,0.017372116779327373,13.747138023376465,14.699223,0.9520849766235351,0.29274246096611023,0.30026478,0.007522319033889779,0.343005895614624,0.3555695,0.01256360438537596,0.5105026364326477,0.6123233,0.10182066356735231
nearest_neighbor_baseline,302,118308,70644,0.6818866963907728,0.6397985219955444,0.5867815,0.05301702199554448,18.809946060180664,19.040152,0.23020593981933501,0.26337677240371704,0.26382,0.00044322759628295794,0.2738611102104187,0.2698244,0.004036710210418681,0.26165783405303955,0.2739238,0.012265965946960444
nearest_neighbor_baseline,303,39536,36617,0.8634611051492195,0.15344993770122528,0.14542727,0.008022667701225283,27.422508239746094,24.447695,2.9748132397460942,0.39531993865966797,0.36044312,0.03487681865966796,0.39592981338500977,0.36110398,0.034825833385009775,0.10579925775527954,0.09438489,0.011414367755279542
nearest_neighbor_baseline,304,14631,6401,0.7054862450142648,0.9455457925796509,0.90485644,0.040689352579650895,11.141120910644531,12.909215,1.7680940893554684,0.2627756893634796,0.2646462,0.0018705106365203839,0.27848684787750244,0.2729385,0.005548347877502469,0.41889292001724243,0.37923038,0.039662540017242454
nearest_neighbor_baseline,305,73046,56807,1.1393367751262153,0.633169412612915,0.3854943,0.24767511261291503,21.367948532104492,21.239113,0.1288355321044925,0.27961087226867676,0.25528932,0.02432155226867677,0.3018627166748047,0.28744483,0.014417886674804703,0.46940797567367554,0.48869804,0.019290064326324463
nearest_neighbor_baseline,306,92435,116884,1.170494676654618,0.98193359375,0.9186843,0.06324929374999999,4.15915584564209,2.886876,1.2722798456420898,0.32500335574150085,0.279381,0.045622355741500864,0.3615500330924988,0.3340104,0.027539633092498794,0.49375393986701965,0.44246468,0.051289259867019654
nearest_neighbor_baseline,307,33698,126568,0.5872947541190223,0.9749367237091064,0.9102682,0.06466852370910647,7.973058700561523,8.709953,0.7368942994384771,0.24117842316627502,0.25203067,0.010852246833724988,0.24565333127975464,0.26211572,0.016462388720245358,0.2675900459289551,0.29503158,0.027441534071044937
nearest_neighbor_baseline,308,39362,11559,0.9865310035840786,0.3823314309120178,0.4348035,0.05247206908798219,24.924522399902344,21.646608,3.2779143999023432,0.22780197858810425,0.211076,0.016725978588104234,0.30780550837516785,0.29017657,0.017628938375167824,0.8849901556968689,0.8920513,0.007061144303131095
nearest_neighbor_baseline,309,71514,15855,0.6990425494099772,0.9837606549263,0.9647048,0.01905585492630002,6.858628749847412,7.9841905,1.1255617501525883,0.20801620185375214,0.19930682,0.00870938185375214,0.21878384053707123,0.20805982,0.010724020537071222,0.3677266538143158,0.37749887,0.00977221618568419
nearest_neighbor_baseline,310,117528,78748,0.8700596464647522,0.21188044548034668,0.30567494,0.09379449451965333,29.721294403076172,27.366968,2.354326403076172,0.5182077288627625,0.5179925,0.00021522886276248432,0.519183337688446,0.51924,5.666231155398993e-05,0.12769566476345062,0.13638976,0.008694095236549376
nearest_neighbor_baseline,311,131305,122871,0.9283305883332233,0.3391631245613098,0.25995806,0.07920506456130982,21.387697219848633,18.83032,2.5573772198486324,0.21541468799114227,0.21972083,0.004306142008857733,0.23966623842716217,0.24762735,0.007961111572837826,0.5581218004226685,0.5050828,0.0530390004226684
nearest_neighbor_baseline,312,36270,1573,0.8728643224575034,0.9156777858734131,0.92470616,0.009028374126586969,11.560441970825195,8.289946,3.270495970825195,0.47100964188575745,0.41474327,0.05626637188575745,0.4743722379207611,0.4221024,0.05226983792076112,0.20394054055213928,0.2142116,0.01027105944786072
nearest_neighbor_baseline,313,126305,57551,0.8479493190292132,0.5852970480918884,0.66858584,0.08328879190811156,23.174325942993164,24.711943,1.5376170570068375,0.2910741865634918,0.30780885,0.0167346634365082,0.298721581697464,0.31068867,0.01196708830253601,0.28425171971321106,0.20432056,0.07993115971321105
nearest_neighbor_baseline,314,19407,18592,1.1443646630941233,0.5674788355827332,0.657395,0.0899161644172668,22.098039627075195,22.130531,0.03249137292480597,0.4463961124420166,0.5336939,0.08729778755798345,0.5131535530090332,0.5518591,0.038705546990966844,0.49427440762519836,0.41703588,0.07723852762519834
nearest_neighbor_baseline,315,57889,136548,1.3174557037924046,0.38367167115211487,0.23976566,0.14390601115211488,28.946128845214844,25.276556,3.6695728452148444,0.427007257938385,0.44294608,0.01593882206161501,0.44649675488471985,0.4741078,0.027611045115280175,0.38828304409980774,0.37475488,0.013528164099807727
nearest_neighbor_baseline,316,106156,126939,0.9542645180850541,0.41377297043800354,0.23105118,0.18272179043800355,27.15666961669922,28.889288,1.7326183833007818,0.6062390804290771,0.557855,0.04838408042907716,0.607516348361969,0.5610712,0.046445148361969,0.13064897060394287,0.16851021,0.03786123939605712
nearest_neighbor_baseline,317,125247,134179,0.6465133995689021,0.5378875732421875,0.45700952,0.0808780532421875,22.52845001220703,24.155535,1.6270849877929692,0.28847217559814453,0.26423794,0.024234235598144527,0.2929185926914215,0.2692116,0.023706992691421513,0.2588212490081787,0.28750113,0.028679880991821283
nearest_neighbor_baseline,318,92795,115380,0.7092279650990716,0.7047843337059021,0.7394128,0.03462846629409788,19.200326919555664,17.904608,1.2957189195556644,0.19363535940647125,0.23486462,0.041229260593528744,0.205343559384346,0.25301483,0.047671270615654016,0.43347272276878357,0.3827207,0.050752022768783545
nearest_neighbor_baseline,319,6400,65006,1.0536868193971303,0.746131181716919,0.89365727,0.147526088283081,22.09002685546875,16.786804,5.30322285546875,0.313147634267807,0.32529032,0.012142685732193015,0.3753368556499481,0.3571512,0.018185655649948118,0.4489482045173645,0.44236517,0.006583034517364528
nearest_neighbor_baseline,320,43454,66335,0.8583520456303714,0.37339717149734497,0.32275113,0.050646041497344974,28.82488250732422,28.142456,0.6824265073242195,0.2474592626094818,0.28867918,0.04121991739051817,0.25014519691467285,0.29126674,0.04112154308532717,0.17163719236850739,0.22427547,0.05263827763149262
nearest_neighbor_baseline,321,24302,47035,0.8149813905718246,0.9143001437187195,0.9050683,0.009231843718719435,10.15169906616211,11.274244,1.1225449338378901,0.32810479402542114,0.3446026,0.01649780597457884,0.3326357901096344,0.34796268,0.015326889890365625,0.23124836385250092,0.1711779,0.06007046385250092
nearest_neighbor_baseline,322,134431,47460,1.5050221163071948,0.9334840178489685,0.94564897,0.012164952151031527,14.814133644104004,13.800077,1.014056644104004,0.23044347763061523,0.1814734,0.04897007763061523,0.30838271975517273,0.2639116,0.044471119755172706,0.9631390571594238,1.0787532,0.11561414284057614
nearest_neighbor_baseline,323,89991,74080,0.5903757436732584,0.8756095170974731,0.8050401,0.07056941709747311,14.974747657775879,14.9229355,0.05181215777587944,0.2313963770866394,0.22444968,0.006946697086639392,0.24817347526550293,0.23672551,0.01144796526550293,0.3872222602367401,0.36564004,0.021582220236740113
nearest_neighbor_baseline,324,58068,8047,0.813215501370734,0.7343076467514038,0.6402763,0.09403134675140379,22.42089080810547,23.677908,1.2570171918945299,0.4807901680469513,0.4627116,0.018078568046951293,0.48411285877227783,0.46429175,0.01982110877227783,0.20501545071601868,0.15736014,0.04765531071601867
nearest_neighbor_baseline,325,8442,17761,1.1134961837554083,0.2117086946964264,0.30077958,0.0890708853035736,29.68248748779297,25.690079,3.992408487792968,0.5092673301696777,0.5367874,0.02752006983032229,0.5139166116714478,0.5396353,0.025718688328552286,0.18216319382190704,0.13487516,0.04728803382190705
nearest_neighbor_baseline,326,88077,7107,0.8442976627788051,0.6800144910812378,0.7691884,0.0891739089187622,21.274311065673828,18.937822,2.3364890656738275,0.2737237513065338,0.26469985,0.0090239013065338,0.29356586933135986,0.2769085,0.01665736933135986,0.42938682436943054,0.3884387,0.040948124369430516
nearest_neighbor_baseline,327,107582,82206,0.681396402416601,0.8608534932136536,0.732066,0.12878749321365357,14.441892623901367,14.123938,0.3179546239013664,0.25024816393852234,0.24891457,0.0013335939385223372,0.2594374418258667,0.26345873,0.004021288174133275,0.2764393985271454,0.29674077,0.0203013714728546
nearest_neighbor_baseline,328,104320,105431,0.878881468932472,0.8654404878616333,0.9191997,0.05375921213836665,16.23984146118164,13.772166,2.4676754611816403,0.38586318492889404,0.4102315,0.024368315071105984,0.4000479578971863,0.42607796,0.0260300021028137,0.39999920129776,0.3466368,0.05336240129775999
nearest_neighbor_baseline,329,137267,32825,0.894706054340607,0.39127662777900696,0.41259184,0.02131521222099303,25.298206329345703,27.475092,2.176885670654297,0.455997109413147,0.44638544,0.00961166941314695,0.46786409616470337,0.45441663,0.013447466164703381,0.25104817748069763,0.2732255,0.022177322519302378
nearest_neighbor_baseline,330,4810,85355,0.9497476642963416,0.9580537676811218,0.9717661,0.01371233231887814,10.404793739318848,12.911549,2.506755260681153,0.24077188968658447,0.22539449,0.01537739968658447,0.27174702286720276,0.24735048,0.024396542867202747,0.4760991036891937,0.52861905,0.052519946310806254
nearest_neighbor_baseline,331,110343,128616,0.6942065125567293,0.8089121580123901,0.8560561,0.04714394198760985,17.95185661315918,15.76437,2.18748661315918,0.2920694351196289,0.29652497,0.004455534880371093,0.2959006130695343,0.30799785,0.012097236930465716,0.22454561293125153,0.25539446,0.030848847068748464
nearest_neighbor_baseline,332,49176,6439,0.5201630493149896,0.9709815382957458,0.93799037,0.03299116829574589,11.930889129638672,11.271418,0.6594711296386713,0.23288068175315857,0.24299385,0.010113168246841442,0.237474724650383,0.24889544,0.011420715349617,0.30548807978630066,0.28999135,0.015496729786300678
nearest_neighbor_baseline,333,41159,95785,0.6051716882411802,0.8727979063987732,0.8681791,0.004618806398773212,18.00052261352539,18.227242,0.22671938647460976,0.18474796414375305,0.22086164,0.036113675856246946,0.20374880731105804,0.24349432,0.03974551268894194,0.5105587840080261,0.50858754,0.001971244008026174
nearest_neighbor_baseline,334,10270,86808,0.4777115291295258,0.30884674191474915,0.330599,0.02175225808525083,23.925073623657227,23.561222,0.3638516236572258,0.2524438798427582,0.23971626,0.012727619842758192,0.25770750641822815,0.24284868,0.014858826418228138,0.20101609826087952,0.21254627,0.011530171739120493
nearest_neighbor_baseline,335,121837,43611,0.4434672597432731,0.9832476377487183,0.97456056,0.008687077748718242,8.76494312286377,8.709268,0.055675122863769744,0.2026294618844986,0.19734758,0.0052818818844986015,0.21023263037204742,0.2071362,0.0030964303720474318,0.3334023058414459,0.3424488,0.009046494158554075
nearest_neighbor_baseline,336,30030,118583,1.2064142474364963,0.19243450462818146,0.027540525,0.16489397962818145,22.886348724365234,24.195015,1.3086662756347671,0.6923478841781616,0.702881,0.010533115821838357,0.6933088302612305,0.70330316,0.00999432973876957,0.10224127769470215,0.07366444,0.02857683769470215
nearest_neighbor_baseline,337,60972,10667,0.7230929428139619,0.513716995716095,0.5943585,0.08064150428390504,21.211050033569336,22.772343,1.5612929664306634,0.38260945677757263,0.3816662,0.0009432567775726208,0.3884679973125458,0.38638133,0.0020866673125457535,0.2688582241535187,0.21377258,0.05508564415351869
nearest_neighbor_baseline,338,75095,101385,1.0266788521988788,0.45837029814720154,0.36463356,0.09373673814720151,27.375905990600586,27.009958,0.3659479906005849,0.3323862850666046,0.31489873,0.0174875550666046,0.3337116539478302,0.3163603,0.017351353947830217,0.13717982172966003,0.15160444,0.014424618270339973
nearest_neighbor_baseline,339,5749,137437,0.8020470357453215,0.6649233102798462,0.74119526,0.07627194972015383,17.430419921875,15.460986,1.9694339218749999,0.2373485416173935,0.2534969,0.01614835838260653,0.24203523993492126,0.25991252,0.017877280065078716,0.23713819682598114,0.26770148,0.03056328317401885
nearest_neighbor_baseline,340,63652,19733,0.8290568147166886,0.8356608748435974,0.85701734,0.02135646515640255,8.316702842712402,8.216132,0.10057084271240235,0.2670891284942627,0.2765919,0.009502771505737306,0.281427264213562,0.28981075,0.008383485786437994,0.3595929741859436,0.31186992,0.04772305418594358
nearest_neighbor_baseline,341,80826,75935,0.9390344621090113,0.7915777564048767,0.9050151,0.11343734359512325,18.897706985473633,18.699442,0.19826498547363158,0.3779442608356476,0.42024383,0.0422995691643524,0.3895418345928192,0.42450008,0.03495824540718079,0.3383159637451172,0.24924581,0.08907015374511718
nearest_neighbor_baseline,342,1331,113125,0.6865634096254093,0.8936464190483093,0.8546216,0.039024819048309345,19.21770668029785,17.806498,1.4112086802978503,0.26845794916152954,0.29050747,0.02204952083847045,0.2794002592563629,0.30768958,0.028289320743637103,0.3569491505622864,0.33445007,0.02249908056228639
nearest_neighbor_baseline,343,92981,1322,1.0345706504354593,0.7414945960044861,0.7034151,0.038079496004486124,17.796018600463867,19.68113,1.8851113995361324,0.3272666931152344,0.33106682,0.003800126884765609,0.4173337519168854,0.38792288,0.02941087191688535,0.5767934918403625,0.6058313,0.029037808159637413
nearest_neighbor_baseline,344,25673,4873,0.5800741920332937,0.4897695779800415,0.50458926,0.014819682019958536,24.883169174194336,23.130035,1.7531341741943365,0.27469033002853394,0.25564048,0.019049850028533932,0.2796407639980316,0.2622711,0.017369663998031637,0.2834360599517822,0.291332,0.007895940048217753
nearest_neighbor_baseline,345,32015,131570,1.0725071684509329,0.1427382081747055,0.30130863,0.15857042182529452,24.808767318725586,25.175379,0.36661168127441357,0.21542976796627045,0.19328962,0.02214014796627045,0.23669227957725525,0.2053981,0.03129417957725525,0.3971676230430603,0.4114699,0.014302276956939697
nearest_neighbor_baseline,346,46005,116117,1.0695324416312104,0.7234123349189758,0.7752736,0.05186126508102418,22.447351455688477,19.406694,3.040657455688475,0.47160980105400085,0.4986808,0.027070998945999125,0.47767844796180725,0.50538456,0.02770611203819273,0.283766508102417,0.24310313,0.04066337810241699
nearest_neighbor_baseline,347,74040,30064,0.6890845115036138,0.6141728162765503,0.58710676,0.027066056276550343,21.02667808532715,21.892153,0.865474914672852,0.21862995624542236,0.21306601,0.005563946245422363,0.224110946059227,0.22027192,0.00383902605922698,0.25928637385368347,0.3254593,0.06617292614631654
nearest_neighbor_baseline,348,50131,90713,0.8337380756777603,0.486314058303833,0.5409324,0.05461834169616697,22.455867767333984,21.753227,0.7026407673339854,0.369530588388443,0.38500348,0.015472891611557016,0.37193334102630615,0.38675088,0.014817538973693867,0.160393625497818,0.1553964,0.004997225497818003
nearest_neighbor_baseline,349,52836,174,0.7132654592656792,0.9748123288154602,0.93265074,0.04216158881546017,6.450656414031982,7.4492674,0.9986109859680177,0.3106948137283325,0.30763975,0.00305506372833253,0.31665998697280884,0.31141207,0.005247916972808853,0.2411244511604309,0.2108651,0.03025935116043091
nearest_neighbor_baseline,350,10853,128917,0.6438366274435039,0.9527621865272522,0.9066476,0.0461145865272522,13.187237739562988,9.459951,3.727286739562988,0.24379847943782806,0.24396086,0.00016238056217193764,0.24997515976428986,0.25258455,0.002609390235710163,0.2881004512310028,0.28588873,0.002211721231002828
nearest_neighbor_baseline,351,29405,69054,0.7213673930148875,0.6597080826759338,0.6695798,0.00987171732406611,19.815956115722656,21.5644,1.7484438842773429,0.21300660073757172,0.2356383,0.02263169926242828,0.2171081155538559,0.23902915,0.0219210344461441,0.2384381890296936,0.1832147,0.055223489029693595
nearest_neighbor_baseline,352,83794,85267,1.1759033343308538,0.344590425491333,0.4784927,0.13390227450866699,23.561054229736328,20.775179,2.7858752297363267,0.7376221418380737,0.68206495,0.05555719183807373,0.7427003383636475,0.69098955,0.05171078836364751,0.21379698812961578,0.2314612,0.017664211870384222
nearest_neighbor_baseline,353,76415,129375,0.8125009043584805,0.4794522225856781,0.508977,0.029524777414321912,24.642702102661133,24.81757,0.1748678973388671,0.6157379150390625,0.57029223,0.045445685039062544,0.6172444820404053,0.57133555,0.04590893204040525,0.1424880474805832,0.1462439,0.003755852519416819
nearest_neighbor_baseline,354,136889,98310,0.6421095372473976,0.6126753687858582,0.69928706,0.0866116912141418,20.985319137573242,21.260862,0.2755428624267573,0.22720828652381897,0.23150632,0.004298033476181018,0.235414057970047,0.2393943,0.003980242029953007,0.3387477695941925,0.3283905,0.01035726959419253
nearest_neighbor_baseline,355,39837,86472,1.0601046604587459,0.9567784667015076,0.82905596,0.12772250670150753,13.274120330810547,15.367041,2.0929206691894535,0.21159280836582184,0.20931473,0.002278078365821834,0.23552139103412628,0.22283678,0.01268461103412627,0.5256587266921997,0.45504782,0.07061090669219972
nearest_neighbor_baseline,356,76996,106896,0.8674804850424024,0.40563490986824036,0.27781293,0.12782197986824034,24.90707778930664,27.503887,2.5968092106933582,0.21557578444480896,0.23664585,0.02107006555519103,0.21748752892017365,0.2400437,0.022556171079826354,0.16542521119117737,0.18906361,0.023638398808822625
nearest_neighbor_baseline,357,86257,32456,1.0555450246603908,0.795944333076477,0.86240333,0.06645899692352297,18.052949905395508,16.007492,2.0454579053955086,0.3414759635925293,0.36390293,0.022426966407470716,0.3451524078845978,0.36720103,0.022048622115402206,0.2311815470457077,0.22759818,0.0035833670457076916
nearest_neighbor_baseline,358,61418,98685,0.6551029866116818,0.5395176410675049,0.6073094,0.06779175893249512,21.536243438720703,22.492666,0.9564225612792967,0.24108856916427612,0.24542265,0.004334080835723869,0.2446901649236679,0.248188,0.0034978350763320842,0.2507757842540741,0.22020233,0.030573454254074095
nearest_neighbor_baseline,359,105897,62576,0.7715232734847274,0.5307944416999817,0.44597816,0.08481628169998168,21.969709396362305,22.952667,0.982957603637697,0.2375824898481369,0.237915,0.00033251015186308575,0.26354506611824036,0.25834075,0.0052043161182403486,0.6042070984840393,0.5683225,0.035884598484039354
nearest_neighbor_baseline,360,22583,58984,0.9175046591253778,0.505233108997345,0.5793359,0.07410279100265504,18.803733825683594,17.706892,1.096841825683594,0.2913926839828491,0.2956425,0.004249816017150854,0.29606807231903076,0.2972913,0.0012232276809692189,0.22092781960964203,0.1402211,0.08070671960964204
nearest_neighbor_baseline,361,120835,58545,0.9962469316772266,0.9785146713256836,0.98255837,0.0040436986743164205,11.235123634338379,7.8438067,3.391316934338379,0.2237929254770279,0.18648213,0.0373107954770279,0.24920153617858887,0.24216722,0.007034316178588879,0.7326907515525818,0.7846514,0.05196064844741821
nearest_neighbor_baseline,362,56385,79478,1.0826012781620826,0.4644439220428467,0.46006468,0.004379242042846676,24.480636596679688,21.037758,3.4428785966796873,0.6835917234420776,0.65144384,0.03214788344207764,0.6844571828842163,0.65235484,0.03210234288421632,0.12330354005098343,0.09922745,0.024076090050983434
nearest_neighbor_baseline,363,48010,132496,0.7703336404965341,0.9306995868682861,0.9875173,0.05681771313171391,9.966394424438477,8.657264,1.309130424438477,0.29071006178855896,0.34454933,0.05383926821144103,0.30254778265953064,0.35175616,0.049208377340469345,0.3412294387817383,0.30301982,0.038209618781738286
nearest_neighbor_baseline,364,108455,131995,1.0026540684777046,0.9873215556144714,0.9755411,0.011780455614471386,5.492208957672119,2.7574332,2.7347757576721192,0.2644680440425873,0.2956459,0.031177855957412737,0.28793275356292725,0.34374234,0.055809586437072733,0.49722209572792053,0.49602807,0.0011940257279205446
nearest_neighbor_baseline,365,16621,54441,0.7739858059412803,0.7767237424850464,0.8077846,0.031060857514953577,20.496902465820312,20.378887,0.11801546582031364,0.5937563180923462,0.5749483,0.018808018092346224,0.5952312350273132,0.57677805,0.01845318502731319,0.14348618686199188,0.14658864,0.00310245313800811
nearest_neighbor_baseline,366,108201,58966,0.6240480383439752,0.9356975555419922,0.93529975,0.0003978055419922022,12.68932056427002,12.992382,0.3030614357299797,0.21702149510383606,0.24704927,0.030027774896163928,0.2295074313879013,0.25915724,0.029649808612098705,0.40114930272102356,0.42993608,0.02878677727897644
nearest_neighbor_baseline,367,133681,67672,0.6078758937043549,0.9529217481613159,0.92506063,0.027861118161315868,10.815247535705566,13.249135,2.4338874642944344,0.23847661912441254,0.25135317,0.012876550875587478,0.2557792067527771,0.26898745,0.013208243247222917,0.396993488073349,0.38612136,0.010872128073348974
nearest_neighbor_baseline,368,11630,45987,0.6548690651187301,0.5950589179992676,0.6203297,0.025270782000732406,19.278844833374023,18.492188,0.7866568333740247,0.2888219356536865,0.28353617,0.005285765653686547,0.29927220940589905,0.2937061,0.005566109405899022,0.29099464416503906,0.35993224,0.06893759583496095
nearest_neighbor_baseline,369,130214,87573,1.139065825090831,0.7730386257171631,0.8571819,0.08414327428283697,13.521995544433594,12.492165,1.0298305444335938,0.34757116436958313,0.31600344,0.031567724369583106,0.3517601490020752,0.32022804,0.031532109002075204,0.25514188408851624,0.21154135,0.043600534088516246
nearest_neighbor_baseline,370,106179,44986,0.8434943060602925,0.8129553198814392,0.9339273,0.1209719801185608,15.402633666992188,17.456198,2.053564333007813,0.4076124131679535,0.42965928,0.022046866832046486,0.4149262011051178,0.43965527,0.02472906889488219,0.3209318518638611,0.32727706,0.0063452081361389245
nearest_neighbor_baseline,371,8272,87726,0.5602013632647569,0.21665382385253906,0.2407927,0.024138876147460936,27.607572555541992,26.25108,1.3564925555419904,0.3213006556034088,0.3181193,0.0031813556034088197,0.3303705155849457,0.32604605,0.0043244655849457025,0.2625750005245209,0.24647482,0.016100180524520863
nearest_neighbor_baseline,372,133477,77743,0.6725966509746077,0.7317588925361633,0.8176798,0.08592090746383663,22.60477066040039,19.57138,3.0333906604003893,0.39380595088005066,0.3682184,0.025587550880050658,0.39523667097091675,0.3701209,0.025115770970916773,0.17085716128349304,0.20028445,0.02942728871650696
nearest_neighbor_baseline,373,126941,113523,0.8020907997560426,0.9874712228775024,0.987361,0.00011022287750239723,8.322183609008789,7.2971435,1.0250401090087893,0.21893803775310516,0.21352538,0.005412657753105177,0.23845027387142181,0.24780773,0.00935745612857819,0.5754133462905884,0.5999285,0.024515153709411597
nearest_neighbor_baseline,374,71400,102997,0.7441530101103835,0.951496422290802,0.9808278,0.029331377709198025,10.321773529052734,7.200929,3.120844529052734,0.20169098675251007,0.20095976,0.0007312267525100835,0.2266617864370346,0.22564816,0.0010136264370346204,0.5524045825004578,0.54885876,0.0035458225004577626
nearest_neighbor_baseline,375,8588,44819,0.8814521027453333,0.5725774168968201,0.59236413,0.01978671310317992,25.12241554260254,23.570591,1.5518245426025388,0.21926572918891907,0.21439296,0.004872769188919074,0.2226199507713318,0.21860562,0.004014330771331787,0.19311650097370148,0.21576987,0.022653369026298525
nearest_neighbor_baseline,376,58924,47599,0.6006157333576976,0.8840805292129517,0.9458337,0.06175317078704834,10.66913890838623,11.176071,0.5069320916137698,0.25824615359306335,0.27157214,0.013325986406936663,0.2682272493839264,0.28455418,0.0163269306160736,0.34526142477989197,0.38199484,0.036733415220108034
nearest_neighbor_baseline,377,118268,28512,0.7484599239469795,0.10227809846401215,0.14953674,0.047258641535987855,26.966861724853516,26.999628,0.03276627514648567,0.25591444969177246,0.3190921,0.06317765030822753,0.2628331482410431,0.32509002,0.06225687175895689,0.22593849897384644,0.2537565,0.02781800102615356
nearest_neighbor_baseline,378,69853,38960,1.1620229573049052,0.29328012466430664,0.4083557,0.11507557533569335,25.94159507751465,27.730673,1.789077922485351,0.6251259446144104,0.62580574,0.0006797953855895988,0.6266523599624634,0.6269689,0.00031654003753667226,0.15175651013851166,0.1202478,0.031508710138511656
nearest_neighbor_baseline,379,60645,24892,0.7457781361864897,0.7215980291366577,0.6601562,0.061441829136657744,17.175844192504883,17.456558,0.2807138074951183,0.2762616276741028,0.30393577,0.02767414232589721,0.293856143951416,0.3102106,0.016354456048583987,0.38011693954467773,0.3070319,0.07308503954467771
nearest_neighbor_baseline,380,95234,94476,0.9545091102681114,0.8935365080833435,0.9271995,0.03366299191665645,17.844085693359375,15.929985,1.9141006933593747,0.18647199869155884,0.1846433,0.0018286986915588277,0.19540756940841675,0.20985167,0.014444100591583242,0.39538899064064026,0.47504967,0.07966067935935972
nearest_neighbor_baseline,381,63921,61471,0.6780625623482949,0.9262827038764954,0.9513495,0.025066796123504598,14.226399421691895,11.320383,2.906016421691895,0.221685990691185,0.20829318,0.013392810691185003,0.24867309629917145,0.23389399,0.014779106299171452,0.6794409155845642,0.65823007,0.02121084558456421
nearest_neighbor_baseline,382,70346,16593,0.6639602346200397,0.8638680577278137,0.8447194,0.01914865772781371,19.990915298461914,18.86852,1.1223952984619139,0.21997639536857605,0.21774314,0.002233255368576048,0.22861383855342865,0.22505257,0.0035612685534286426,0.2931312620639801,0.26045832,0.03267294206398008
nearest_neighbor_baseline,383,35981,107037,0.6584241919263796,0.2554471492767334,0.24552983,0.009917319276733394,24.212881088256836,25.506907,1.2940259117431658,0.21228273212909698,0.21609637,0.003813637870903025,0.22678902745246887,0.22993435,0.0031453225475311375,0.417949914932251,0.42299077,0.005040855067749039
nearest_neighbor_baseline,384,40051,135766,0.785716978207293,0.5765071511268616,0.5492954,0.027211751126861583,23.41585350036621,23.574694,0.15884049963379,0.34175437688827515,0.33636335,0.005391026888275141,0.3472297787666321,0.34518835,0.002041428766632103,0.27778345346450806,0.3267265,0.04894304653549192
nearest_neighbor_baseline,385,13204,14753,0.5792630019219849,0.9087911248207092,0.8622392,0.046551924820709245,12.926198959350586,14.423808,1.4976090406494134,0.22633716464042664,0.21883625,0.007500914640426626,0.22972305119037628,0.22360179,0.006121261190376287,0.23187792301177979,0.25654277,0.02466484698822019
nearest_neighbor_baseline,386,75824,109232,0.8013410980476506,0.9349753260612488,0.9674413,0.03246597393875117,16.559951782226562,12.634002,3.925949782226562,0.34791299700737,0.37697485,0.029061852992629977,0.3676372468471527,0.3875173,0.0198800531528473,0.3981963098049164,0.42318583,0.024989520195083603
nearest_neighbor_baseline,387,20307,96070,0.7572328598865015,0.030525460839271545,0.097547434,0.06702197316072846,26.755449295043945,29.821735,3.066285704956055,0.6132538914680481,0.620935,0.007681108531951919,0.6150527000427246,0.6225348,0.007482099957275445,0.17917096614837646,0.12945186,0.04971910614837646
nearest_neighbor_baseline,388,110524,57012,0.5340780253910816,0.8641535043716431,0.81373644,0.05041706437164306,20.39666748046875,21.91906,1.5223925195312518,0.23854689300060272,0.23652063,0.0020262630006027127,0.24082238972187042,0.24086946,4.7070278129585086e-05,0.18910002708435059,0.23290618,0.043806152915649405
nearest_neighbor_baseline,389,119881,29194,0.7917612867154659,0.5994477272033691,0.69142824,0.09198051279663089,21.18592071533203,22.646313,1.460392284667968,0.34200000762939453,0.3010357,0.040964307629394514,0.34749746322631836,0.3124578,0.03503966322631835,0.28156688809394836,0.27880985,0.0027570380939483385
nearest_neighbor_baseline,390,77427,34117,0.8175796778549588,0.1021634116768837,0.21227527,0.11011185832311629,26.544158935546875,23.496109,3.0480499355468744,0.3363199532032013,0.35338318,0.017063226796798725,0.3468450903892517,0.36563972,0.018794629610748292,0.2984590232372284,0.32119486,0.022735836762771633
nearest_neighbor_baseline,391,107529,46475,0.9117386901526655,0.6503651142120361,0.609456,0.040909114212036135,19.25301742553711,19.936169,0.6831515744628902,0.2274135947227478,0.2263238,0.001089794722747811,0.2381293624639511,0.23711468,0.0010146824639511165,0.35000649094581604,0.2691413,0.08086519094581601
nearest_neighbor_baseline,392,68428,80680,0.9057478923112935,0.8240039348602295,0.8510731,0.027069165139770535,19.618877410888672,15.85611,3.7627674108886726,0.2831375300884247,0.24815091,0.03498662008842468,0.3013809621334076,0.27998236,0.021398602133407607,0.4428940713405609,0.51524407,0.07234999865943914
nearest_neighbor_baseline,393,120665,19166,0.6197375054836048,0.9756889343261719,0.98240215,0.006713215673828099,8.120750427246094,5.504512,2.6162384272460937,0.22597657144069672,0.22059989,0.005376681440696723,0.2436056286096573,0.23708025,0.006525378609657295,0.41320765018463135,0.4140505,0.0008428498153686403
nearest_neighbor_baseline,394,97373,69495,0.9242025393785438,0.6580761671066284,0.5896801,0.06839606710662838,20.414703369140625,16.736021,3.678682369140624,0.21297581493854523,0.23207158,0.019095765061454772,0.22489331662654877,0.25690183,0.03200851337345123,0.4004274010658264,0.40174028,0.0013128789341735891
nearest_neighbor_baseline,395,8208,101019,0.924153642924985,0.8036074638366699,0.88869727,0.08508980616333006,18.682506561279297,17.067566,1.6149405612792975,0.25444111227989197,0.29308587,0.03864475772010806,0.26642438769340515,0.3328983,0.06647391230659483,0.38075199723243713,0.4433532,0.06260120276756287
nearest_neighbor_baseline,396,102313,4910,0.7443827599346,0.9140182137489319,0.9302492,0.016230986251068114,16.55577278137207,14.864946,1.6908267813720705,0.3213988244533539,0.32705274,0.005653915546646127,0.3276084065437317,0.33495492,0.0073465134562683,0.22397588193416595,0.29526386,0.07128797806583403
nearest_neighbor_baseline,397,86117,97062,0.7686561940043345,0.1276523619890213,0.096419446,0.031232915989021295,25.78466796875,23.234922,2.549745968749999,0.22120089828968048,0.21608031,0.005120588289680483,0.2464539110660553,0.24044994,0.006003971066055297,0.4680560529232025,0.41493818,0.053117872923202525
nearest_neighbor_baseline,398,82604,119169,0.5054525353844668,0.7032262682914734,0.6928712,0.010355068291473368,22.959135055541992,20.031834,2.9273010555419923,0.2667141258716583,0.26634645,0.00036767587165831284,0.2738371193408966,0.2728888,0.0009483193408966195,0.27359139919281006,0.28505608,0.011464680807189931
nearest_neighbor_baseline,399,25424,120361,0.6289605622908453,0.16358515620231628,0.14974362,0.01384153620231629,28.41574478149414,25.273773,3.141971781494142,0.3299621343612671,0.3341477,0.004185565638732902,0.3331434726715088,0.3377355,0.004592027328491233,0.16628651320934296,0.17705144,0.010764926790657048
nearest_neighbor_baseline,400,118671,5259,1.0504205957786932,0.6592544317245483,0.55196285,0.10729158172454833,19.535470962524414,22.751373,3.215902037475587,0.21037113666534424,0.205083,0.005288136665344251,0.2767268717288971,0.27379757,0.0029293017288971046,0.6919428110122681,0.6702842,0.02165861101226807
nearest_neighbor_baseline,401,84745,12711,0.7011991768927305,0.9002543687820435,0.8926292,0.0076251687820434455,8.0604248046875,8.369392,0.3089671953124995,0.22690512239933014,0.23620242,0.009297297600669857,0.23183000087738037,0.24258825,0.010758249122619634,0.2608853876590729,0.25611493,0.004770457659072858
nearest_neighbor_baseline,402,63618,19327,1.0303345029876678,0.3279916048049927,0.3703981,0.04240649519500733,19.179834365844727,16.534481,2.645353365844727,0.2958526611328125,0.25760466,0.038248001132812515,0.3003292977809906,0.26832104,0.03200825778099059,0.29892459511756897,0.32386884,0.02494424488243102
nearest_neighbor_baseline,403,33526,63299,0.8092641080754314,0.46047186851501465,0.5058872,0.04541533148498533,18.9561710357666,15.117291,3.8388800357666018,0.31489646434783936,0.2760435,0.03885296434783936,0.33419129252433777,0.2921941,0.041997192524337756,0.3538609743118286,0.34754685,0.006314124311828595
nearest_neighbor_baseline,404,70761,45605,0.7943524516653095,0.1640739142894745,0.22564398,0.06157006571052551,25.99332046508789,26.173058,0.17973753491211042,0.3891146183013916,0.39538223,0.0062676116986084,0.3907543420791626,0.39713076,0.006376417920837429,0.13493669033050537,0.16294678,0.028010089669494642
nearest_neighbor_baseline,405,71767,53786,1.172973491227698,0.06356273591518402,0.025165962,0.03839677391518402,26.10503387451172,25.53785,0.5671838745117199,0.20576846599578857,0.20723885,0.001470384004211428,0.27294138073921204,0.26105285,0.011888530739212033,0.7266308665275574,0.8069689,0.08033803347244262
nearest_neighbor_baseline,406,80302,55297,0.8112149306693407,0.14757847785949707,0.060419187,0.08715929085949707,23.194704055786133,25.594225,2.3995209442138687,0.24051937460899353,0.23516266,0.005356714608993535,0.24677766859531403,0.24057095,0.00620671859531402,0.31101006269454956,0.25462127,0.05638879269454955
nearest_neighbor_baseline,407,2546,70125,0.627724015788517,0.8416402339935303,0.7942341,0.04740613399353022,18.66773223876953,20.027014,1.35928176123047,0.22846928238868713,0.24218825,0.01371896761131286,0.24174149334430695,0.26746652,0.02572502665569304,0.37654855847358704,0.41629732,0.03974876152641299
nearest_neighbor_baseline,408,93339,102760,0.8667752724056421,0.9152606129646301,0.87701637,0.03824424296463014,13.108192443847656,11.215318,1.8928744438476564,0.2108340710401535,0.20359962,0.0072344510401534945,0.2186814546585083,0.21175574,0.006925714658508303,0.3091702461242676,0.32320172,0.014031473875732448
nearest_neighbor_baseline,409,85142,52622,1.3441064884933127,0.386275053024292,0.660475,0.27419994697570804,24.178268432617188,22.539038,1.639230432617186,0.8361018300056458,0.78928775,0.0468140800056458,0.837414026260376,0.7919403,0.045473726260375935,0.12270598113536835,0.14180689,0.019100908864631644
nearest_neighbor_baseline,410,29771,6571,0.9330575362577473,0.17604243755340576,0.093164235,0.08287820255340576,29.70086097717285,32.212555,2.5116940228271503,0.37135225534439087,0.3261667,0.04518555534439089,0.3732362985610962,0.32947475,0.04376154856109621,0.13409379124641418,0.1435537,0.009459908753585822
nearest_neighbor_baseline,411,96187,22622,0.745016334850672,0.7424426674842834,0.6870739,0.05536876748428343,16.215747833251953,17.462496,1.2467481667480484,0.3077130615711212,0.35679868,0.04908561842887876,0.31288835406303406,0.36313614,0.05024778593696594,0.24800705909729004,0.23593065,0.012076409097290047
nearest_neighbor_baseline,412,15985,20406,1.1040824327587417,0.9022757411003113,0.93979496,0.03751921889968868,12.886329650878906,14.546271,1.6599413491210946,0.4633902609348297,0.4555793,0.0078109609348296916,0.47535645961761475,0.46029684,0.015059619617614761,0.3056069016456604,0.21690576,0.0887011416456604
nearest_neighbor_baseline,413,70015,130617,0.6293923156571765,0.9637993574142456,0.96610206,0.0023027025857543792,9.969558715820312,10.955995,0.9864362841796872,0.29464250802993774,0.29586053,0.0012180219700622663,0.3012126684188843,0.3035099,0.002297231581115722,0.2888179123401642,0.32777035,0.038952437659835804
nearest_neighbor_baseline,414,15545,97383,0.789755588013137,0.4932539463043213,0.4475488,0.045705146304321265,22.510698318481445,21.256071,1.2546273184814467,0.2161378115415573,0.2223608,0.006222988458442685,0.2251872718334198,0.23887521,0.013687938166580205,0.3595859706401825,0.3126221,0.04696387064018248
nearest_neighbor_baseline,415,118759,85559,1.0248650331111637,0.9764228463172913,0.9736429,0.002779946317291282,2.173741579055786,2.072812,0.10092957905578626,0.46729594469070435,0.4496887,0.01760724469070435,0.49037882685661316,0.47154343,0.018835396856613174,0.32089459896087646,0.30519414,0.015700458960876462
nearest_neighbor_baseline,416,53776,99393,1.4230839992646276,0.2631012499332428,0.25168735,0.011413899933242821,21.994140625,17.494328,4.499812625000001,0.24826538562774658,0.22433883,0.023926555627746593,0.2662869989871979,0.24548428,0.020802718987197877,0.5388913154602051,0.4572499,0.08164141546020509
nearest_neighbor_baseline,417,105268,16997,0.9045214104216415,0.34790414571762085,0.3014636,0.04644054571762085,24.673803329467773,19.404078,5.269725329467775,0.2796007990837097,0.28241053,0.002809730916290276,0.29563331604003906,0.29699707,0.0013637539599609116,0.3242020010948181,0.32189697,0.0023050310948181107
nearest_neighbor_baseline,418,399,107251,0.5958229920794396,0.8437212705612183,0.85204136,0.008320089438781708,14.439886093139648,15.314283,0.8743969068603512,0.23920539021492004,0.20758916,0.03161623021492005,0.24335645139217377,0.2106899,0.032666551392173754,0.2571338713169098,0.21691096,0.040222911316909776
nearest_neighbor_baseline,419,10504,43759,0.7571338325648668,0.7348532676696777,0.74112934,0.0062760723303222354,19.938528060913086,20.859688,0.9211599390869125,0.21826660633087158,0.24638127,0.02811466366912843,0.23002499341964722,0.2663435,0.036318506580352794,0.41998034715652466,0.494652,0.07467165284347532
nearest_neighbor_baseline,420,2064,581,0.643564647449271,0.49201810359954834,0.48315126,0.008866843599548313,25.56675910949707,26.02192,0.4551608905029312,0.24895980954170227,0.23358752,0.015372289541702278,0.251962274312973,0.23651955,0.015442724312973027,0.20760491490364075,0.22982325,0.02221833509635926
nearest_neighbor_baseline,421,101804,9858,1.2590764332233495,0.2995830476284027,0.36313397,0.06355092237159726,25.03416633605957,26.42509,1.3909236639404305,0.3628046214580536,0.4244968,0.06169217854194642,0.4045383632183075,0.51612735,0.11158898678169249,0.48596808314323425,0.54545176,0.0594836768567657
nearest_neighbor_baseline,422,78183,83932,0.903281144540929,0.9837064146995544,0.97241265,0.011293764699554454,10.70832347869873,10.355257,0.35306647869873053,0.39326584339141846,0.38947734,0.003788503391418452,0.40165022015571594,0.3976851,0.003965120155715929,0.34353581070899963,0.29418844,0.04934737070899964
nearest_neighbor_baseline,423,1379,62901,0.8331417362708702,0.6900458931922913,0.59867984,0.0913660531922913,20.3104190826416,23.300983,2.990563917358397,0.3099743127822876,0.2653468,0.044627512782287604,0.3347235918045044,0.30563372,0.029089871804504397,0.3908337950706482,0.45186168,0.061027884929351794
nearest_neighbor_baseline,424,104686,16932,0.7526221664242086,0.39198487997055054,0.33428624,0.057698639970550525,23.61612892150879,25.671724,2.055595078491212,0.2248193323612213,0.2252977,0.00047836763877867616,0.23396418988704681,0.23285809,0.0011060998870468242,0.32293543219566345,0.29209477,0.03084066219566345
nearest_neighbor_baseline,425,74551,4886,0.7019687400537813,0.9414913654327393,0.9640703,0.02257893456726079,4.35078763961792,8.061404,3.7106163603820796,0.3050821125507355,0.3266203,0.0215381874492645,0.31820857524871826,0.33938453,0.021175954751281756,0.31458204984664917,0.32232115,0.007739100153350831
nearest_neighbor_baseline,426,71017,58356,0.8405908469601175,0.7900689840316772,0.855834,0.06576501596832274,15.151339530944824,18.255991,3.1046514690551774,0.29924264550209045,0.33403835,0.03479570449790953,0.3013153672218323,0.33785176,0.036536392778167726,0.19614414870738983,0.2351786,0.039034451292610156
nearest_neighbor_baseline,427,137398,63733,0.5488049399265335,0.2925722599029541,0.31972533,0.027153070097045873,25.01820945739746,25.776886,0.7586765426025401,0.22532925009727478,0.22954065,0.0042113999027252325,0.22701357305049896,0.23410827,0.007094696949501045,0.17419841885566711,0.20473331,0.030534891144332887
nearest_neighbor_baseline,428,102077,48743,1.1611242765627154,0.5601471662521362,0.60189754,0.04175037374786372,22.62645149230957,18.60164,4.024811492309571,0.4232581555843353,0.48617184,0.0629136844156647,0.4268083870410919,0.4875026,0.06069421295890809,0.20045001804828644,0.11828915,0.08216086804828644
nearest_neighbor_baseline,429,135278,124664,0.7346508048232637,0.9677225351333618,0.93709314,0.030629395133361825,10.572610855102539,14.612816,4.040205144897461,0.24926984310150146,0.25041947,0.0011496268984985125,0.27674010396003723,0.2710377,0.005702403960037239,0.4266704320907593,0.38893855,0.03773188209075928
nearest_neighbor_baseline,430,47049,31374,1.6209562447299308,0.5757834911346436,0.68625176,0.11046826886535643,21.198200225830078,21.581131,0.38293077416992105,0.299161434173584,0.30810326,0.008941825826416006,0.4510048031806946,0.42385277,0.02715203318069459,0.7266572117805481,0.87158567,0.14492845821945188
nearest_neighbor_baseline,431,117119,135049,0.7688716376591654,0.2830560505390167,0.4168812,0.13382514946098328,24.104093551635742,25.275162,1.1710684483642595,0.23012693226337433,0.21883665,0.011290282263374335,0.23524567484855652,0.22762202,0.00762365484855651,0.24277573823928833,0.2679944,0.02521866176071169
nearest_neighbor_baseline,432,84365,84651,0.715955965717008,0.9536628127098083,0.9435291,0.01013371270980834,9.047948837280273,11.115973,2.068024162719727,0.21247625350952148,0.20686091,0.005615343509521475,0.22272619605064392,0.22173175,0.0009944460506439157,0.4341406524181366,0.47151893,0.037378277581863406
nearest_neighbor_baseline,433,13915,131629,1.2616487845916275,0.7892053723335266,0.90928966,0.12008428766647339,16.26987075805664,14.92835,1.3415207580566406,0.34293052554130554,0.3106316,0.032298925541305534,0.34882840514183044,0.3218303,0.02699810514183043,0.27219444513320923,0.35969543,0.08750098486679075
nearest_neighbor_baseline,434,95322,81828,0.9478388193211977,0.6145937442779541,0.71406585,0.0994721057220459,22.32158851623535,21.631275,0.6903135162353529,0.40103933215141296,0.4288585,0.027819167848587012,0.41595184803009033,0.4460244,0.030072551969909656,0.3522014915943146,0.38872296,0.03652146840568543
nearest_neighbor_baseline,435,113633,38556,0.7375157957104773,0.1212569922208786,0.07876922,0.0424877722208786,26.964523315429688,27.292582,0.32805868457031195,0.2914459705352783,0.30663913,0.015193159464721662,0.2979007661342621,0.3197184,0.02181763386573793,0.27232199907302856,0.26566666,0.0066553390730285655
nearest_neighbor_baseline,436,102066,93608,0.653338382332737,0.5319731831550598,0.5586218,0.02664861684494013,22.796188354492188,23.580378,0.7841896455078121,0.24136720597743988,0.2578641,0.016496894022560105,0.2499982863664627,0.27516028,0.025161993633537272,0.36573004722595215,0.35782245,0.007907597225952134
nearest_neighbor_baseline,437,106077,24284,0.8720085174580119,0.8810421228408813,0.7690482,0.11199392284088139,15.639089584350586,18.016954,2.3778644156494124,0.2531403601169586,0.2792818,0.026141439883041406,0.269269198179245,0.32162344,0.05235424182075499,0.4626736044883728,0.51135635,0.04868274551162721
nearest_neighbor_baseline,438,46341,613,0.8685945126153284,0.660628616809845,0.62897617,0.031652446809845025,19.076385498046875,19.251526,0.17514050195312336,0.30989500880241394,0.35030138,0.040406371197586055,0.3206977844238281,0.35636353,0.03566574557617186,0.29508277773857117,0.26995966,0.025123117738571177
nearest_neighbor_baseline,439,16037,103313,0.6593922919189392,0.8417259454727173,0.89046806,0.04874211452728272,16.0850830078125,17.426674,1.3415909921874984,0.27212637662887573,0.2705322,0.001594176628875732,0.28425681591033936,0.28827265,0.004015834089660664,0.3800085186958313,0.37918258,0.0008259386958313075
nearest_neighbor_baseline,440,39875,93258,0.7838632109181691,0.9917142391204834,0.969594,0.022120239120483443,7.504914283752441,9.881126,2.3762117162475587,0.2814454436302185,0.25358987,0.02785557363021851,0.2906590700149536,0.2587054,0.03195367001495364,0.3239348828792572,0.25548974,0.06844514287925718
nearest_neighbor_baseline,441,69920,27233,1.4025328708870297,0.5668380260467529,0.6708246,0.10398657395324706,23.792173385620117,23.49503,0.29714338562011733,0.700650691986084,0.6468565,0.05379419198608404,0.7013756632804871,0.6485633,0.05281236328048711,0.11012828350067139,0.17294164,0.06281335649932862
nearest_neighbor_baseline,442,111315,81477,1.135515025339639,0.8734882473945618,0.8016627,0.07182554739456182,19.611310958862305,19.986227,0.37491604113769483,0.47786960005760193,0.4438819,0.03398770005760193,0.4820249676704407,0.4502332,0.031791767670440674,0.2548294961452484,0.32970843,0.07487893385475158
nearest_neighbor_baseline,443,16068,96682,0.7035816623717882,0.7824217081069946,0.791598,0.009176291893005395,13.889559745788574,13.676237,0.2133227457885738,0.2821345329284668,0.25744924,0.024685292928466773,0.2915801405906677,0.26838863,0.023191510590667708,0.32408228516578674,0.26368243,0.06039985516578672
nearest_neighbor_baseline,444,104964,21822,0.6456635938424138,0.9544258713722229,0.9706099,0.016184028627777125,12.067049026489258,10.290705,1.776344026489257,0.3119327425956726,0.2600145,0.051918242595672626,0.32821595668792725,0.27200693,0.056209026687927266,0.3976801633834839,0.41036358,0.012683416616516119
nearest_neighbor_baseline,445,57652,26621,0.917935726898597,0.41942963004112244,0.48900244,0.06957280995887755,21.899904251098633,21.435978,0.46392625109863417,0.2714029848575592,0.25333387,0.018069114857559188,0.28037264943122864,0.2627498,0.01762284943122866,0.3703479468822479,0.35750073,0.012847216882247936
nearest_neighbor_baseline,446,52960,129966,0.8891867238419814,0.3389603793621063,0.35469022,0.015729840637893677,23.77874755859375,23.876146,0.09739844140624854,0.2994624674320221,0.26085445,0.03860801743202208,0.3260883688926697,0.2810055,0.04508286889266966,0.5051265954971313,0.44404155,0.06108504549713134
nearest_neighbor_baseline,447,22311,59821,1.061371421986943,0.990659236907959,0.86890393,0.121755306907959,2.469032049179077,5.2734604,2.804428350820923,0.5078513026237488,0.48190168,0.02594962262374878,0.5352375507354736,0.49637008,0.03886747073547364,0.3385966122150421,0.25977257,0.07882404221504213
nearest_neighbor_baseline,448,105304,132140,0.7491632887947219,0.6078859567642212,0.66965634,0.06177038323577877,23.74964714050293,21.440884,2.308763140502929,0.2880249619483948,0.31923956,0.031214598051605202,0.2923868000507355,0.32258534,0.030198539949264525,0.22010491788387299,0.22870527,0.008600352116127002
nearest_neighbor_baseline,449,35061,110454,0.47856862916301596,0.9170064330101013,0.85199964,0.06500679301010137,8.787522315979004,10.282875,1.4953526840209967,0.3388694226741791,0.33762363,0.0012457926741790692,0.34532588720321655,0.34471473,0.000611157203216528,0.27367064356803894,0.24079955,0.03287109356803894
nearest_neighbor_baseline,450,16182,104427,0.9450362329819038,0.5873649716377258,0.57321054,0.014154431637725784,20.439327239990234,15.980522,4.458805239990234,0.27058467268943787,0.30753973,0.036955057310562145,0.28741300106048584,0.33023635,0.04282334893951417,0.4050725996494293,0.41290957,0.007836970350570682
nearest_neighbor_baseline,451,1662,138872,1.2358793908345256,0.11368802934885025,0.015325507,0.09836252234885025,21.547292709350586,16.445606,5.101686709350584,0.28386586904525757,0.23911263,0.044753239045257576,0.29240715503692627,0.24526525,0.04714190503692628,0.20558853447437286,0.23326856,0.02768002552562715
nearest_neighbor_baseline,452,90083,54012,0.8060401642870174,0.5222217440605164,0.61277336,0.09055161593948369,21.50849151611328,20.114727,1.3937645161132828,0.21335956454277039,0.22514631,0.011786745457229603,0.23439860343933105,0.23401982,0.0003787834393310652,0.38422733545303345,0.37312427,0.011103065453033467
nearest_neighbor_baseline,453,70281,23850,0.63027426654687,0.055751536041498184,0.10011466,0.04436312395850181,31.034879684448242,30.22186,0.8130196844482427,0.4161853492259979,0.39037156,0.02581378922599792,0.4172411561012268,0.39583242,0.02140873610122679,0.13970141112804413,0.17524615,0.03554473887195586
nearest_neighbor_baseline,454,33665,73844,0.7498041073527261,0.748775839805603,0.6619706,0.08680523980560306,18.612518310546875,20.114,1.5014816894531258,0.22839151322841644,0.251009,0.02261748677158354,0.23300406336784363,0.25614774,0.023143676632156385,0.27504268288612366,0.26009503,0.014947652886123652
nearest_neighbor_baseline,455,102212,37682,0.6540476021974543,0.9336839318275452,0.8647998,0.06888413182754516,9.259078025817871,8.874828,0.38425002581787027,0.3287220895290375,0.32233503,0.006387059529037453,0.3355203866958618,0.32824504,0.0072753466958618285,0.3051912188529968,0.2880843,0.01710691885299681
nearest_neighbor_baseline,456,40612,122421,0.7151228169213796,0.4964010715484619,0.36501986,0.13138121154846194,19.352725982666016,19.7475,0.3947740173339831,0.2729795277118683,0.26429716,0.00868236771186831,0.27584484219551086,0.2701042,0.005740642195510848,0.18318834900856018,0.25007695,0.06688860099143984
nearest_neighbor_baseline,457,103700,93459,0.9251434292807925,0.9559684991836548,0.97857314,0.022604640816345167,10.130105972290039,8.012368,2.1177379722900387,0.20440274477005005,0.22568129,0.021278545229949958,0.2194613814353943,0.24334335,0.023881968564605727,0.42568129301071167,0.5032514,0.07757010698928835
nearest_neighbor_baseline,458,48622,5649,1.2128190259579712,0.040983304381370544,0.04867287,0.007689565618629456,31.72398567199707,32.28031,0.5563243280029297,0.7660596370697021,0.80906403,0.0430043929302979,0.7665985226631165,0.81249875,0.04590022733688359,0.09365314990282059,0.17129473,0.07764158009717942
nearest_neighbor_baseline,459,130470,29785,0.6940164898762908,0.8002726435661316,0.82274085,0.022468206433868376,19.023359298706055,16.94025,2.0831092987060558,0.23697371780872345,0.23337804,0.003595677808723441,0.24604637920856476,0.24175075,0.004295629208564772,0.3090256452560425,0.34210002,0.033074374743957524
nearest_neighbor_baseline,460,58811,135164,0.8943538543388582,0.3990488648414612,0.31947726,0.0795716048414612,23.300485610961914,22.775103,0.5253826109619126,0.23770058155059814,0.21885704,0.018843541550598142,0.26391875743865967,0.2390014,0.024917357438659665,0.4701230227947235,0.54421633,0.07409330720527652
nearest_neighbor_baseline,461,83443,70828,0.8089534552450542,0.6348276734352112,0.7337999,0.09897222656478877,21.133502960205078,20.56803,0.5654729602050779,0.2871246337890625,0.2604,0.02672463378906248,0.3238402009010315,0.2886654,0.03517480090103148,0.5117104053497314,0.5359168,0.024206394650268526
nearest_neighbor_baseline,462,121868,125619,0.8853690142313336,0.6838183403015137,0.65869087,0.025127470301513632,23.587556838989258,22.659275,0.9282818389892569,0.28665754199028015,0.28444415,0.0022133919902801447,0.2921474277973175,0.29000148,0.0021459477973175267,0.2078370749950409,0.24691032,0.039073245004959095
nearest_neighbor_baseline,463,83272,41719,0.5696169433023675,0.8963284492492676,0.86973745,0.026590999249267555,17.377578735351562,19.233873,1.8562942646484366,0.24347136914730072,0.23482433,0.008647039147300722,0.254265695810318,0.24548665,0.008779045810317992,0.3893893361091614,0.39032185,0.0009325138908386488
nearest_neighbor_baseline,464,118179,131207,0.7720821610959975,0.853664219379425,0.9426444,0.088980180620575,9.647940635681152,10.715453,1.0675123643188478,0.2501091957092285,0.24870545,0.001403745709228521,0.2604038417339325,0.25611576,0.0042880817339324695,0.31016525626182556,0.28264108,0.027524176261825573
nearest_neighbor_baseline,465,24382,128539,0.8419387422530904,0.9725167155265808,0.949273,0.023243715526580777,9.735527038574219,8.3491955,1.3863315385742183,0.2554493844509125,0.2618289,0.0063795155490875,0.2804577350616455,0.30587384,0.0254161049383545,0.5055986642837524,0.5935135,0.08791483571624759
nearest_neighbor_baseline,466,6267,34279,0.7803160629274108,0.2059178650379181,0.19839948,0.007518385037918102,28.919628143310547,29.703096,0.7834678566894517,0.3259233832359314,0.37819213,0.05226874676406862,0.33368852734565735,0.38099542,0.047306892654342625,0.24078917503356934,0.22007759,0.020711585033569346
nearest_neighbor_baseline,467,121344,82036,0.7950934081862802,0.9664784669876099,0.84843093,0.11804753698760984,13.296171188354492,12.07403,1.2221411883544917,0.38079532980918884,0.38128123,0.00048590019081118374,0.3841087818145752,0.38418144,7.265818542478986e-05,0.2055460661649704,0.19278978,0.012756286164970404
nearest_neighbor_baseline,468,128366,36372,0.9230614531303606,0.41360345482826233,0.31194627,0.1016571848282623,21.75225830078125,20.057972,1.6942863007812505,0.489327996969223,0.46503207,0.024295926969223003,0.49075332283973694,0.4673155,0.023437822839736944,0.14911562204360962,0.14357163,0.0055439920436096135
nearest_neighbor_baseline,469,98349,111133,0.7261142148031882,0.39851927757263184,0.5140788,0.11555952242736811,27.226701736450195,25.174053,2.0526487364501946,0.24840284883975983,0.25718194,0.008779091160240171,0.25794944167137146,0.26548454,0.007535098328628531,0.3551671802997589,0.29700541,0.058161770299758886
nearest_neighbor_baseline,470,3557,25682,0.6171705988638406,0.1527319848537445,0.1910429,0.03831091514625548,30.359010696411133,30.054562,0.30444869641113215,0.5144174695014954,0.48884574,0.025571729501495388,0.5179185271263123,0.49314195,0.02477657712631226,0.25177210569381714,0.2738882,0.022116094306182887
nearest_neighbor_baseline,471,78673,138382,0.8931499158455392,0.8928897976875305,0.8353903,0.05749949768753049,12.598074913024902,11.830295,0.7677799130249028,0.38292720913887024,0.34254083,0.04038637913887022,0.3886081576347351,0.3448896,0.04371855763473509,0.24747146666049957,0.17432255,0.07314891666049958
nearest_neighbor_baseline,472,67036,115405,0.8793422932632401,0.31697356700897217,0.25232223,0.06465133700897219,19.2537899017334,20.028503,0.7747130982666022,0.22269144654273987,0.24326368,0.020572233457260142,0.22680290043354034,0.25040963,0.02360672956645965,0.23603694140911102,0.25297165,0.01693470859088897
nearest_neighbor_baseline,473,90314,95351,0.8901653822800236,0.6584503650665283,0.59844345,0.06000691506652833,18.909921646118164,18.507324,0.4025976461181635,0.2832992672920227,0.3182068,0.03490753270797731,0.330098420381546,0.39481357,0.06471514961845398,0.5430120825767517,0.6019837,0.0589716174232483
nearest_neighbor_baseline,474,940,30981,0.613606065974001,0.8647252321243286,0.9155832,0.05085796787567143,17.5399112701416,15.432462,2.1074492701416023,0.25602254271507263,0.2557515,0.00027104271507261135,0.2652546167373657,0.26055193,0.0047026867373657355,0.32661953568458557,0.2894064,0.03721313568458556
nearest_neighbor_baseline,475,60928,68197,0.8554885264725731,0.18324163556098938,0.1662858,0.01695583556098937,21.797000885009766,21.128765,0.6682358850097643,0.24948379397392273,0.294074,0.04459020602607727,0.25553932785987854,0.3030115,0.04747217214012145,0.18733631074428558,0.28033528,0.09299896925571444
nearest_neighbor_baseline,476,113164,6677,0.8738522692447884,0.4234446883201599,0.33617508,0.0872696083201599,22.990922927856445,21.141315,1.8496079278564466,0.21277716755867004,0.23916873,0.026391562441329952,0.24336253106594086,0.25264388,0.00928134893405913,0.5132405757904053,0.43631202,0.07692855579040525
nearest_neighbor_baseline,477,84492,124983,0.8214649286331479,0.586326003074646,0.49052718,0.09579882307464599,19.423105239868164,20.457476,1.0343707601318357,0.4310130178928375,0.37951455,0.05149846789283752,0.4336135983467102,0.3818304,0.05178319834671019,0.18130166828632355,0.16833334,0.01296832828632355
nearest_neighbor_baseline,478,12666,56454,1.04886346098842,0.6424202919006348,0.45570648,0.18671381190063474,21.910194396972656,20.047976,1.8622183969726578,0.3498157262802124,0.3654662,0.015650473719787616,0.35289427638053894,0.36740986,0.014515583619461037,0.16970065236091614,0.18089235,0.01119169763908387
nearest_neighbor_baseline,479,105631,32331,1.6118474234380136,0.9842784404754639,0.98829424,0.004015799524536123,4.896426200866699,2.354413,2.542013200866699,0.3674897849559784,0.3601907,0.007299084955978419,0.4563409984111786,0.47650057,0.020159571588821423,0.5728656053543091,0.633335,0.0604693946456909
nearest_neighbor_baseline,480,6080,122111,0.7062135427316619,0.09274023771286011,0.1844303,0.09169006228713988,24.84482192993164,26.261986,1.4171640700683596,0.21935167908668518,0.19996451,0.01938716908668517,0.22754307091236115,0.2109612,0.016581870912361157,0.33326655626296997,0.34405375,0.01078719373703002
nearest_neighbor_baseline,481,112172,36001,0.7771286607183938,0.9645491242408752,0.9841253,0.019576175759124737,11.1025972366333,10.221961,0.8806362366333005,0.17329414188861847,0.1778399,0.004545758111381526,0.19730974733829498,0.20346832,0.006158572661705025,0.592618465423584,0.5767278,0.01589066542358397
nearest_neighbor_baseline,482,138859,67192,1.1324294820249319,0.01087789237499237,0.1520367,0.14115880762500763,27.091209411621094,24.452404,2.6388054116210924,0.218243807554245,0.20982838,0.008415427554244986,0.2362341433763504,0.23539537,0.0008387733763504102,0.43589577078819275,0.53203994,0.09614416921180724
nearest_neighbor_baseline,483,74622,136671,1.0065199428927225,0.47412288188934326,0.4767871,0.0026642181106567575,21.138221740722656,16.993988,4.144233740722655,0.4092596173286438,0.4260383,0.016778682671356182,0.4130837917327881,0.4275707,0.01448690826721194,0.2050386518239975,0.15325525,0.05178340182399749
nearest_neighbor_baseline,484,139914,105195,1.0089900176757471,0.5733596086502075,0.60125834,0.027898731349792483,18.98670768737793,16.958212,2.02849568737793,0.42662250995635986,0.4294457,0.0028231900436401225,0.43338945508003235,0.4326774,0.0007120550800323588,0.22537459433078766,0.2092386,0.016135994330787662
nearest_neighbor_baseline,485,83547,45742,0.768308597067026,0.48973944783210754,0.5442518,0.05451235216789241,22.761272430419922,23.89097,1.1296975695800775,0.31278300285339355,0.2776508,0.03513220285339358,0.3231201767921448,0.29399607,0.029124106792144777,0.3273332417011261,0.35163072,0.02429747829887391
nearest_neighbor_baseline,486,131164,105086,0.7570528894821312,0.749997615814209,0.91872776,0.16873014418579102,19.42373275756836,17.807226,1.6165067575683594,0.25790244340896606,0.28880164,0.03089919659103396,0.2725223898887634,0.29349345,0.02097106011123656,0.29953423142433167,0.3012433,0.0017090685756683266
nearest_neighbor_baseline,487,9691,35238,0.5815831653500991,0.07147226482629776,0.028795075,0.04267718982629776,23.085708618164062,22.918543,0.16716561816406283,0.1867367923259735,0.21407782,0.02734102767402649,0.1893409639596939,0.21675098,0.0274100160403061,0.21603691577911377,0.19131288,0.02472403577911378
nearest_neighbor_baseline,488,28543,44759,0.9699949667085414,0.6626557111740112,0.5932763,0.06937941117401125,23.80364990234375,24.09589,0.2922400976562507,0.7104054689407349,0.72097486,0.010569391059265132,0.7121112942695618,0.72391874,0.011807445730438237,0.1602223515510559,0.20189045,0.04166809844894409
nearest_neighbor_baseline,489,125136,42712,0.7645131512026222,0.9109745025634766,0.8260569,0.08491760256347658,14.136775970458984,14.227068,0.09029202954101478,0.28576597571372986,0.24131638,0.04444959571372986,0.315165251493454,0.25510925,0.06005600149345397,0.5164170861244202,0.5063876,0.010029486124420117
nearest_neighbor_baseline,490,131652,37751,0.766772906131597,0.6448148488998413,0.7878926,0.14307775110015875,15.168122291564941,13.793733,1.3743892915649418,0.24225762486457825,0.25734174,0.015084115135421738,0.24891431629657745,0.26478523,0.01587091370342253,0.2916729152202606,0.30030662,0.008633704779739404
nearest_neighbor_baseline,491,108996,34859,0.735900371312722,0.6796160936355591,0.6463978,0.03321829363555906,20.28093719482422,18.433767,1.8471701948242192,0.2162032276391983,0.22445075,0.008247522360801701,0.2219383269548416,0.23514926,0.013210933045158385,0.3343443274497986,0.33046016,0.003884167449798581
nearest_neighbor_baseline,492,29005,102395,0.8086985750392963,0.20476046204566956,0.20532067,0.000560207954330455,23.525224685668945,23.252842,0.2723826856689442,0.2987677752971649,0.29176506,0.0070027152971648965,0.30656084418296814,0.30648866,7.21841829681158e-05,0.25223878026008606,0.26212054,0.009881759739913953
nearest_neighbor_baseline,493,101393,86495,0.8375335425958342,0.9913802146911621,0.97677594,0.0146042746911621,7.336189270019531,8.158229,0.8220397299804691,0.23269225656986237,0.21904571,0.013646546569862361,0.2484789490699768,0.23619747,0.012281479069976814,0.42460066080093384,0.42445773,0.00014293080093386035
nearest_neighbor_baseline,494,122704,128741,0.7688521570335025,0.9820612668991089,0.9644431,0.01761816689910889,10.044554710388184,7.3163295,2.7282252103881834,0.2524827718734741,0.28776467,0.03528189812652588,0.26036614179611206,0.29492864,0.03456249820388796,0.3090050220489502,0.30807558,0.0009294420489501798
nearest_neighbor_baseline,495,125106,49143,0.7464295001167058,0.9605381488800049,0.8992788,0.06125934888000484,9.778298377990723,10.887625,1.1093266220092772,0.27673259377479553,0.27677312,4.052622520445137e-05,0.2846512198448181,0.28129256,0.0033586598448180904,0.3028362989425659,0.2487881,0.054048198942565906
nearest_neighbor_baseline,496,75960,86863,1.2209216793371198,0.412979394197464,0.46906823,0.056088835802535986,22.27696990966797,21.150536,1.1264339096679699,0.26703929901123047,0.27265495,0.005615650988769538,0.40721333026885986,0.40545577,0.0017575602688598702,0.9247291684150696,1.0028958,0.07816663158493031
nearest_neighbor_baseline,497,36206,16942,0.5462314436724034,0.8698142170906067,0.900502,0.030687782909393335,17.67374610900879,16.006483,1.6672631090087897,0.2326054573059082,0.24003118,0.0074257226940918075,0.23641157150268555,0.24343659,0.007025018497314461,0.24820707738399506,0.21117835,0.03702872738399507
nearest_neighbor_baseline,498,44081,11459,0.6409629685608789,0.598453164100647,0.48291755,0.115535614100647,22.789905548095703,24.859468,2.0695624519042966,0.2879941761493683,0.2694692,0.018524976149368266,0.3095860481262207,0.3057245,0.003861548126220693,0.4251480996608734,0.40265882,0.02248927966087344
nearest_neighbor_baseline,499,66888,129812,0.9511501690298261,0.38880008459091187,0.5534485,0.16464841540908814,21.261425018310547,19.648323,1.6131020183105456,0.25435394048690796,0.26681364,0.01245969951309206,0.2631734311580658,0.27396747,0.010794038841934195,0.2252904623746872,0.2470171,0.021726637625312795
nearest_neighbor_baseline,500,90965,87942,0.9924960857307178,0.30407145619392395,0.36743867,0.06336721380607607,24.315475463867188,25.060791,0.7453155361328108,0.3554266095161438,0.3160509,0.039375709516143775,0.35969772934913635,0.31791618,0.04178154934913636,0.22860932350158691,0.16680965,0.06179967350158691
nearest_neighbor_baseline,501,61270,32130,0.8370559149705245,0.07476119697093964,0.11254361,0.037782413029060366,26.130067825317383,29.078642,2.9485741746826157,0.24927115440368652,0.26134795,0.012076795596313472,0.26095137000083923,0.28369623,0.02274485999916076,0.4139136075973511,0.4011888,0.012724807597351062
nearest_neighbor_baseline,502,77429,139339,0.6854388846192937,0.7654003500938416,0.7996153,0.034214949906158476,10.3350191116333,12.152144,1.817124888366699,0.4034736752510071,0.37087217,0.03260150525100708,0.4053325951099396,0.37332782,0.0320047751099396,0.12272428721189499,0.17462762,0.05190333278810502
nearest_neighbor_baseline,503,124891,388,0.6995264134128741,0.8945808410644531,0.83551836,0.05906248106445311,5.36802339553833,7.239979,1.8719556044616699,0.2387077361345291,0.24240625,0.003698513865470876,0.24664625525474548,0.26068288,0.014036624745254522,0.34022852778434753,0.3919754,0.05174687221565244
nearest_neighbor_baseline,504,21114,31502,0.6027923990705505,0.3892386853694916,0.36025137,0.028987315369491562,25.0897274017334,25.309942,0.22021459826660106,0.21455030143260956,0.23134136,0.016791058567390438,0.22141088545322418,0.23905241,0.01764152454677581,0.2979113459587097,0.3311226,0.03321125404129027
nearest_neighbor_baseline,505,12097,115927,0.7245448932726833,0.19279780983924866,0.3092958,0.11649799016075135,27.68408203125,27.611074,0.07300803125000144,0.39147570729255676,0.3988728,0.007397092707443265,0.39356911182403564,0.4002728,0.00670368817596434,0.15683519840240479,0.13831599,0.018519208402404785
nearest_neighbor_baseline,506,89472,68498,1.0478265712611212,0.6823866367340088,0.57669336,0.10569327673400875,13.763855934143066,12.65129,1.112565934143067,0.3074438273906708,0.32000378,0.012559952609329239,0.3096384108066559,0.3225815,0.012943089193344137,0.20354661345481873,0.16992757,0.033619043454818726
nearest_neighbor_baseline,507,77221,44566,1.0073059488889897,0.38041314482688904,0.518526,0.138112855173111,20.516088485717773,19.97889,0.5371984857177736,0.5512327551841736,0.6216082,0.07037544481582647,0.5538490414619446,0.6240617,0.07021265853805547,0.17200584709644318,0.16482972,0.007176127096443163
nearest_neighbor_baseline,508,95413,132389,0.6759241888759082,0.7226387858390808,0.72394794,0.001309154160919146,21.240219116210938,20.154459,1.0857601162109383,0.201984703540802,0.20893359,0.006948886459198,0.2095147967338562,0.21862468,0.009109883266143787,0.3731221854686737,0.4458563,0.07273411453132628
nearest_neighbor_baseline,509,100996,113770,0.6677073029508044,0.9490036964416504,0.9564389,0.00743520355834959,6.495767116546631,9.109828,2.6140608834533694,0.2845146656036377,0.27242395,0.01209071560363767,0.3012748062610626,0.30015045,0.001124356261062609,0.41633594036102295,0.43811324,0.021777299638977066
nearest_neighbor_baseline,510,17485,75214,0.6939880708752151,0.7826645970344543,0.6937274,0.08893719703445435,20.442699432373047,22.9943,2.551600567626952,0.3252924978733063,0.3045525,0.02073999787330627,0.3312191963195801,0.31103653,0.0201826663195801,0.27361777424812317,0.26827884,0.0053389342481231505
nearest_neighbor_baseline,511,3401,73345,0.9537568379302727,0.7862735986709595,0.8913892,0.10511560132904052,14.471223831176758,12.079499,2.3917248311767576,0.4237416982650757,0.37830257,0.04543912826507568,0.4270896017551422,0.383051,0.04403860175514224,0.21220611035823822,0.26912144,0.05691532964176177
nearest_neighbor_baseline,512,60254,3108,0.6542097101396254,0.5469047427177429,0.56460273,0.017697987282257133,25.593318939208984,22.896826,2.6964929392089836,0.5152281522750854,0.51076835,0.004459802275085467,0.5171836018562317,0.5120907,0.00509290185623168,0.16691026091575623,0.147964,0.018946260915756213
nearest_neighbor_baseline,513,136754,127073,0.7929901278313569,0.9725632071495056,0.96642226,0.006140947149505638,2.6646852493286133,6.505414,3.8407287506713867,0.37407559156417847,0.3261024,0.04797319156417845,0.39737728238105774,0.35012406,0.047253222381057725,0.33367058634757996,0.34620205,0.012531463652420027
nearest_neighbor_baseline,514,53545,98006,0.6983330832828017,0.11918013542890549,0.04299533,0.07618480542890549,24.827617645263672,28.241432,3.4138143547363278,0.4639642834663391,0.43329823,0.030666053466339105,0.4679109454154968,0.43676203,0.031148915415496803,0.18351763486862183,0.18029302,0.003224614868621828
nearest_neighbor_baseline,515,113601,28770,1.3023644075834302,0.6011181473731995,0.71697736,0.11585921262680055,22.706480026245117,22.600525,0.1059550262451161,0.34655195474624634,0.34604067,0.0005112847462463432,0.4534415602684021,0.4576096,0.004168039731597906,0.5949869155883789,0.6331878,0.03820088441162106
nearest_neighbor_baseline,516,53116,75585,0.8212138423380559,0.6721442341804504,0.6291179,0.04302633418045043,20.402217864990234,23.407984,3.0057661350097646,0.23992981016635895,0.270446,0.030516189833641072,0.2520114481449127,0.28097823,0.028966781855087276,0.3818126320838928,0.38807705,0.006264417916107157
nearest_neighbor_baseline,517,119683,101397,0.7344923002478213,0.11174338310956955,0.127303,0.01555961689043045,23.523006439208984,26.036758,2.5137515607910146,0.21446006000041962,0.21456872,0.00010865999958037387,0.22588253021240234,0.2284461,0.0025635697875976693,0.3360815942287445,0.3563548,0.02027320577125552
nearest_neighbor_baseline,518,25525,13734,0.5528429946211538,0.20998726785182953,0.20740697,0.0025802978518295328,24.18683624267578,25.58758,1.4007437573242179,0.28428396582603455,0.291301,0.007017034173965431,0.29011574387550354,0.29386115,0.0037454061244964754,0.208134263753891,0.15171261,0.05642165375389099
nearest_neighbor_baseline,519,74800,45146,0.5409983778117067,0.938701868057251,0.99078375,0.052081881942748987,8.7878999710083,8.451201,0.3366989710083015,0.22428883612155914,0.22205076,0.0022380761215591294,0.23779179155826569,0.24228019,0.00448839844173432,0.4304793179035187,0.4494483,0.018968982096481346
nearest_neighbor_baseline,520,113879,121108,0.706856670204364,0.5762737989425659,0.6274624,0.05118860105743406,23.77971076965332,23.354504,0.4252067696533217,0.2489531934261322,0.24172638,0.0072268134261322114,0.2560124695301056,0.25170487,0.004307599530105566,0.29100772738456726,0.2714628,0.019544927384567257
nearest_neighbor_baseline,521,69146,95103,0.9618153409677659,0.24921555817127228,0.20115994,0.04805561817127227,30.10426902770996,29.14764,0.9566290277099618,0.46856993436813354,0.46051162,0.008058314368133535,0.4699662923812866,0.46329418,0.006672112381286621,0.1395462304353714,0.20273778,0.06319154956462861
nearest_neighbor_baseline,522,88632,91022,0.8108900284799225,0.7494426369667053,0.75980604,0.010363403033294638,16.770742416381836,14.048605,2.7221374163818357,0.24262230098247528,0.25357798,0.0109556790175247,0.24594394862651825,0.25748354,0.011539591373481761,0.20783211290836334,0.23213936,0.024307247091636647
nearest_neighbor_baseline,523,37447,42529,0.6975369492661532,0.838275134563446,0.8724896,0.03421446543655393,18.44530487060547,20.812439,2.3671341293945325,0.3581395745277405,0.36634177,0.008202195472259532,0.3603822588920593,0.36842424,0.008041981107940688,0.19736430048942566,0.19080688,0.006557420489425647
nearest_neighbor_baseline,524,43816,114165,0.7815354937557681,0.20625925064086914,0.2899978,0.08373854935913083,27.844202041625977,28.369846,0.5256439583740224,0.6034809947013855,0.58686805,0.016612944701385524,0.6064860224723816,0.5926722,0.01381382247238161,0.1906987875699997,0.26539946,0.07470067243000028
nearest_neighbor_baseline,525,100272,56214,1.009544638921954,0.13406547904014587,0.097351626,0.03671385304014588,26.600465774536133,24.46244,2.138025774536132,0.30484679341316223,0.28402218,0.02082461341316222,0.3643190860748291,0.30884877,0.05547031607482911,0.49726060032844543,0.5081417,0.010881099671554595
nearest_neighbor_baseline,526,76662,122943,0.9624909340463887,0.268094539642334,0.22519776,0.04289677964233399,26.289424896240234,25.94654,0.34288489624023555,0.2070935070514679,0.20812334,0.0010298329485320945,0.23585371673107147,0.235612,0.00024171673107148406,0.4461563229560852,0.4375678,0.008588522956085198
nearest_neighbor_baseline,527,34621,120568,0.904683376078092,0.990513026714325,0.99415547,0.00364244328567509,3.649304151535034,4.384458,0.7351538484649662,0.27939537167549133,0.25930282,0.020092551675491344,0.3186523914337158,0.3013697,0.017282691433715802,0.6352118253707886,0.58215326,0.05305856537078857
nearest_neighbor_baseline,528,64552,123964,2.28393287658168,0.98662930727005,0.99255604,0.005926732729949924,2.146358013153076,1.8965497,0.24980831315307617,0.440334290266037,0.511681,0.07134670973396307,0.6289851069450378,0.76698846,0.13800335305496214,0.8220957517623901,0.7937462,0.02834955176239018
nearest_neighbor_baseline,529,4130,20540,0.8174867545070438,0.42022067308425903,0.45041785,0.030197176915740975,24.838212966918945,26.10022,1.2620070330810549,0.3049201965332031,0.33895403,0.03403383346679689,0.3111951947212219,0.34417996,0.03298476527877808,0.23799006640911102,0.21740223,0.02058783640911102
nearest_neighbor_baseline,530,100772,15193,1.0822584882155795,0.8106035590171814,0.82990533,0.0193017709828186,18.461448669433594,18.61961,0.1581613305664078,0.18353156745433807,0.2094308,0.025899232545661927,0.19858136773109436,0.24673145,0.04815008226890563,0.5322474241256714,0.59679496,0.0645475358743286
nearest_neighbor_baseline,531,37382,105721,0.844150797997889,0.6161795258522034,0.6015729,0.014606625852203403,20.638349533081055,21.649431,1.0110814669189452,0.28319481015205383,0.3594494,0.07625458984794614,0.3073766231536865,0.3744892,0.0671125768463135,0.321917861700058,0.317012,0.004905861700057967
nearest_neighbor_baseline,532,135707,55786,0.9484225529474782,0.9813984036445618,0.8989567,0.08244170364456171,11.404991149902344,8.576449,2.8285421499023435,0.23952616751194,0.25781804,0.018291872488060024,0.24649430811405182,0.27081344,0.024319131885948198,0.34369784593582153,0.41956142,0.07586357406417849
nearest_neighbor_baseline,533,14776,9667,0.7719646474190546,0.9660572409629822,0.97416437,0.008107129037017824,9.432312965393066,6.6567287,2.775584265393066,0.2875146269798279,0.33006704,0.0425524130201721,0.30214419960975647,0.33978084,0.0376366403902435,0.4084584712982178,0.37641975,0.032038721298217776
nearest_neighbor_baseline,534,52567,129122,0.7880146504336162,0.31800296902656555,0.2479822,0.07002076902656554,28.0817928314209,28.440626,0.3588331685791033,0.20625273883342743,0.21846165,0.012208911166572578,0.21515999734401703,0.22998716,0.014827162655982967,0.2821004390716553,0.33792156,0.055821120928344736
nearest_neighbor_baseline,535,51687,104034,1.0093610558037398,0.9668930172920227,0.97036743,0.0034744127079773257,11.752141952514648,12.073354,0.3212120474853517,0.23388932645320892,0.18807729,0.045812036453208915,0.3156914710998535,0.22315034,0.09254113109985351,0.8358911275863647,0.7935803,0.04231082758636473
nearest_neighbor_baseline,536,37153,63108,0.9752603870955264,0.45863503217697144,0.4918897,0.03325466782302855,24.99839210510254,25.352304,0.3539118948974611,0.3681666851043701,0.38324153,0.01507484489562988,0.3814280331134796,0.39241588,0.01098784688652038,0.3953036069869995,0.3144274,0.08087620698699949
nearest_neighbor_baseline,537,1655,21560,0.9014222569970541,0.14508385956287384,0.23385225,0.08876839043712617,27.341623306274414,29.57408,2.2324566937255845,0.7211534380912781,0.7288262,0.0076727619087219034,0.7218506932258606,0.729597,0.007746306774139455,0.09284237027168274,0.1049654,0.012123029728317261
nearest_neighbor_baseline,538,107023,3788,0.9484239235582299,0.4473230540752411,0.36633575,0.08098730407524107,27.799894332885742,23.410688,4.389206332885742,0.620391845703125,0.60417295,0.016218895703124958,0.6220070719718933,0.6083877,0.013619371971893335,0.18383604288101196,0.20875104,0.024914997118988036
nearest_neighbor_baseline,539,83835,21122,0.604386811218308,0.919355571269989,0.92047703,0.0011214587300110157,9.992341041564941,8.371471,1.6208700415649417,0.22686102986335754,0.23864922,0.011788190136642451,0.24513283371925354,0.2550316,0.009898766280746485,0.45879802107810974,0.4254453,0.033352721078109715
nearest_neighbor_baseline,540,110879,78909,0.8227517834317692,0.7876303791999817,0.84024227,0.05261189080001827,17.124500274658203,14.098247,3.0262532746582025,0.3763083815574646,0.412862,0.03655361844253541,0.39437881112098694,0.4345449,0.04016608887901307,0.4526066482067108,0.42084295,0.03176369820671082
nearest_neighbor_baseline,541,129267,124485,0.5496518991933548,0.4980453550815582,0.5088033,0.01075794491844173,23.486928939819336,21.498247,1.9886819398193367,0.2564413249492645,0.27294868,0.016507355050735473,0.2750028967857361,0.28468412,0.009681223214263901,0.40662628412246704,0.369901,0.03672528412246706
nearest_neighbor_baseline,542,80496,71178,0.7934175558371034,0.07934058457612991,0.034575075,0.04476550957612992,29.36749839782715,29.888807,0.5213086021728515,0.7113335132598877,0.70585346,0.005480053259887652,0.7119359374046326,0.7071043,0.004831637404632549,0.10056129842996597,0.11547966,0.014918361570034025
nearest_neighbor_baseline,543,20174,70670,0.7686662302100908,0.7469504475593567,0.8334814,0.08653095244064335,15.501420974731445,13.234088,2.2673329747314455,0.2546488344669342,0.280433,0.025784165533065784,0.25904473662376404,0.28704214,0.027997403376235963,0.22594031691551208,0.25779453,0.03185421308448794
nearest_neighbor_baseline,544,31774,24640,0.788247534055231,0.9215846657752991,0.939248,0.0176633342247009,3.9975311756134033,4.6200237,0.6224925243865966,0.2861793637275696,0.27246633,0.013713033727569601,0.2924346625804901,0.27961096,0.012823702580490093,0.266277015209198,0.26598975,0.00028726520919797327
nearest_neighbor_baseline,545,2806,74771,0.977886941904856,0.3699718415737152,0.40796944,0.03799759842628481,24.5544490814209,21.9051,2.6493490814208975,0.20036762952804565,0.22408827,0.023720640471954352,0.2779422402381897,0.29959115,0.021648909761810275,0.7860881686210632,0.75054085,0.035547318621063195
nearest_neighbor_baseline,546,79908,390,0.925181865319737,0.22655034065246582,0.20663439,0.01991595065246582,26.780244827270508,26.539753,0.24049182727050677,0.9252167344093323,0.9282647,0.0030479655906677783,0.9260768890380859,0.92886984,0.002792950961914009,0.09107404202222824,0.075227804,0.015846238022228246
nearest_neighbor_baseline,547,29620,20858,0.6821161001631658,0.9297030568122864,0.815775,0.11392805681228635,16.08121109008789,15.545132,0.53607909008789,0.28629663586616516,0.28129026,0.005006375866165147,0.29933929443359375,0.3031637,0.0038244055664062304,0.41499266028404236,0.41173542,0.00325724028404234
nearest_neighbor_baseline,548,50703,12713,0.7222501518177656,0.7797338366508484,0.7266238,0.05311003665084835,18.87843132019043,20.732729,1.8542976798095694,0.2147599160671234,0.22863391,0.013873993932876583,0.226936474442482,0.23594843,0.009011955557517992,0.42782002687454224,0.4044834,0.023336626874542243
nearest_neighbor_baseline,549,108487,18377,0.7289879433002299,0.8896758556365967,0.8360564,0.05361945563659665,15.812359809875488,17.863283,2.050923190124511,0.3412487804889679,0.36408868,0.022839899511032102,0.35480156540870667,0.37812954,0.02332797459129332,0.3892024755477905,0.40307897,0.013876494452209454
nearest_neighbor_baseline,550,137915,71599,0.9009198299529382,0.3662538230419159,0.24724793,0.11900589304191589,22.547935485839844,26.48304,3.9351045141601553,0.33043691515922546,0.33372656,0.0032896448407745416,0.3560715615749359,0.36532095,0.009249388425064065,0.4624289870262146,0.48030734,0.017878352973785427
nearest_neighbor_baseline,551,58438,76432,0.6205771223468081,0.9901100397109985,0.98803884,0.0020711997109985614,6.127014636993408,6.116672,0.010342636993407872,0.21032215654850006,0.22070016,0.010378003451499945,0.22399461269378662,0.23958364,0.015589027306213366,0.43907055258750916,0.44861326,0.009542707412490858
nearest_neighbor_baseline,552,21143,30716,0.6616530234999008,0.8424294590950012,0.7788192,0.06361025909500118,18.588130950927734,18.200243,0.387887950927734,0.3299424350261688,0.29903224,0.03091019502616882,0.3430112898349762,0.31870311,0.024308179834976185,0.39595848321914673,0.43272537,0.03676688678085327
nearest_neighbor_baseline,553,49832,83007,0.5777723788481929,0.9420251846313477,0.930598,0.01142718463134762,13.812124252319336,14.218661,0.40653674768066494,0.17859740555286407,0.18666604,0.00806863444713593,0.19939513504505157,0.2013833,0.0019881649549484126,0.5601739287376404,0.5146873,0.04548662873764042
nearest_neighbor_baseline,554,9621,94691,0.7097630414915572,0.474549263715744,0.4122784,0.06227086371574403,20.38291358947754,19.964928,0.4179855894775386,0.24869874119758606,0.22994068,0.01875806119758605,0.2735864520072937,0.25961086,0.013975592007293702,0.4251546859741211,0.41013217,0.015022515974121076
nearest_neighbor_baseline,555,90382,139681,0.9995967736381576,0.42852842807769775,0.36652547,0.062002958077697734,23.84941291809082,25.000937,1.15152408190918,0.32766225934028625,0.33578712,0.00812486065971374,0.33241888880729675,0.34686038,0.01444149119270327,0.28030839562416077,0.26807517,0.012233225624160793
nearest_neighbor_baseline,556,104374,17905,0.9023254486871701,0.6590617299079895,0.5745502,0.08451152990798949,22.07416343688965,22.54313,0.468966563110353,0.38460782170295715,0.4191703,0.03456247829704284,0.3863935172557831,0.42043617,0.03404265274421692,0.17560450732707977,0.15435867,0.02124583732707977
nearest_neighbor_baseline,557,102897,90228,0.7531505917342582,0.48861610889434814,0.48853737,7.87388943481182e-05,18.808744430541992,18.768845,0.0398994305419933,0.2225503921508789,0.23619995,0.013649557849121086,0.2371002584695816,0.25528818,0.01818792153041837,0.33163711428642273,0.31242603,0.01921108428642271
nearest_neighbor_baseline,558,54633,35504,0.8572418290073858,0.14645913243293762,0.1699406,0.023481467567062375,28.35245704650879,28.404053,0.05159595349121204,0.501830518245697,0.545037,0.04320648175430297,0.5025618672370911,0.5469396,0.044377732762908906,0.1119784340262413,0.13961226,0.027633825973758686
nearest_neighbor_baseline,559,70060,61032,0.881384990496983,0.7325025200843811,0.6315362,0.10096632008438111,22.01468276977539,20.097155,1.9175277697753899,0.3611377775669098,0.38572633,0.024588552433090216,0.3705964982509613,0.3903929,0.019796401749038683,0.2723029851913452,0.23717067,0.035132315191345215
nearest_neighbor_baseline,560,102016,132238,0.8741898590686298,0.8579404950141907,0.92987037,0.07192987498580927,19.41396713256836,15.045594,4.36837313256836,0.3860836327075958,0.37743837,0.008645262707595802,0.3900359272956848,0.38207573,0.007960197295684812,0.2476869821548462,0.24619722,0.001489762154846197
nearest_neighbor_baseline,561,49983,138342,0.7613234388516934,0.8734824061393738,0.7942748,0.07920760613937383,16.155500411987305,17.296724,1.1412235880126964,0.3250178396701813,0.28271684,0.04230099967018125,0.33362627029418945,0.29130936,0.042316910294189436,0.3036569356918335,0.33616364,0.03250670430816649
nearest_neighbor_baseline,562,46417,45018,0.617168429039793,0.8510565757751465,0.8300228,0.021033775775146535,17.878814697265625,18.867785,0.9889703027343764,0.3184771239757538,0.30040523,0.01807189397575376,0.3238379657268524,0.30494532,0.018892645726852397,0.279671311378479,0.28056476,0.0008934486215210202
nearest_neighbor_baseline,563,103676,74716,0.6164781311009587,0.5429332852363586,0.53584135,0.0070919352363586485,24.509931564331055,23.69682,0.8131115643310558,0.31985440850257874,0.28008547,0.03976893850257873,0.3222033977508545,0.28281537,0.03938802775085448,0.1855003535747528,0.20950103,0.024000676425247197
nearest_neighbor_baseline,564,104307,40137,0.924147621063592,0.8666191101074219,0.82662374,0.039995370107421824,15.048211097717285,17.281738,2.2335269022827156,0.21076366305351257,0.2485447,0.037781036946487434,0.2358744740486145,0.26954558,0.033671105951385505,0.4669252634048462,0.40305954,0.0638657234048462
nearest_neighbor_baseline,565,91888,137097,0.7365814116354721,0.5538809895515442,0.556569,0.002688010448455791,22.026151657104492,21.1384,0.8877516571044914,0.2575415372848511,0.24153994,0.016001597284851066,0.2620081305503845,0.24434067,0.01766746055038451,0.22655633091926575,0.19871552,0.02784081091926574
nearest_neighbor_baseline,566,129660,48766,0.6797018618935112,0.9705320596694946,0.99202263,0.021490570330505387,4.709904193878174,5.4880505,0.7781463061218261,0.23987559974193573,0.25867078,0.01879518025806426,0.2524445354938507,0.2673578,0.01491326450614927,0.3713805675506592,0.37014934,0.0012312275506591863
nearest_neighbor_baseline,567,68192,106852,0.7911292600505996,0.3578577935695648,0.36798972,0.0101319264304352,23.255170822143555,24.716265,1.4610941778564452,0.23139135539531708,0.26536438,0.03397302460468293,0.24171939492225647,0.2838323,0.04211290507774351,0.3665241599082947,0.36910075,0.0025765900917052997
nearest_neighbor_baseline,568,12639,52065,0.7918965774562076,0.077897809445858,0.15887499,0.08097718055414199,29.967878341674805,26.643608,3.3242703416748043,0.35564106702804565,0.33000398,0.02563708702804568,0.36117061972618103,0.33297437,0.02819624972618101,0.17817118763923645,0.21469231,0.03652112236076355
nearest_neighbor_baseline,569,100153,33253,0.8433056395504979,0.3417430520057678,0.24419552,0.09754753200576782,24.95833969116211,24.24337,0.7149696911621106,0.22531749308109283,0.2576526,0.032335106918907175,0.23119623959064484,0.27031475,0.039118510409355156,0.3256319463253021,0.35851282,0.032880873674697886
nearest_neighbor_baseline,570,70656,39185,0.8075533615753623,0.9607764482498169,0.91865546,0.042120988249816915,9.686396598815918,12.471125,2.7847284011840827,0.3434765934944153,0.35718575,0.01370915650558474,0.3476311266422272,0.36350662,0.01587549335777283,0.22512149810791016,0.2668871,0.04176560189208983
nearest_neighbor_baseline,571,123777,15379,0.7418815091707187,0.4452895522117615,0.43275505,0.0125345022117615,21.398160934448242,23.107105,1.7089440655517585,0.2113695740699768,0.25684872,0.04547914593002317,0.21547991037368774,0.26370314,0.04822322962631226,0.26219770312309265,0.27922386,0.01702615687690734
nearest_neighbor_baseline,572,79970,12611,0.9316111055144604,0.7869672775268555,0.7686641,0.018303177526855507,20.95881462097168,21.870243,0.9114283790283189,0.46673864126205444,0.43748,0.029258641262054463,0.47117915749549866,0.44281736,0.028361797495498664,0.25678491592407227,0.27633426,0.019549344075927733
nearest_neighbor_baseline,573,83530,121086,0.8903316332197823,0.5212673544883728,0.44586882,0.0753985344883728,23.15302848815918,22.929441,0.22358748815917906,0.2893989086151123,0.31668133,0.02728242138488768,0.2986931800842285,0.33990926,0.041216079915771475,0.3453681468963623,0.3637202,0.01835205310363769
nearest_neighbor_baseline,574,50999,30363,0.9070912444943414,0.9905893802642822,0.99352896,0.00293957973571779,6.368329048156738,5.4803944,0.8879346481567385,0.21494629979133606,0.19955805,0.015388249791336073,0.25310391187667847,0.24271014,0.010393771876678476,0.68202805519104,0.7340186,0.051990544808959926
nearest_neighbor_baseline,575,125945,91942,0.810226497596444,0.6100961565971375,0.62766373,0.017567573402862524,22.059467315673828,21.978476,0.08099131567382756,0.21545347571372986,0.20862669,0.006826785713729855,0.22859588265419006,0.22099835,0.007597532654190053,0.40118342638015747,0.48816904,0.08698561361984253
nearest_neighbor_baseline,576,27314,55852,0.8236041263458355,0.17923587560653687,0.17537346,0.0038624156065368564,24.376033782958984,23.672255,0.7037787829589846,0.30023497343063354,0.27379435,0.026440623430633525,0.3459877073764801,0.31168753,0.03430017737648011,0.5786275267601013,0.5252819,0.05334562676010135
nearest_neighbor_baseline,577,69269,115793,0.6341725192656915,0.7828469276428223,0.8555595,0.07271257235717776,13.473167419433594,12.950553,0.5226144194335944,0.22161215543746948,0.2405056,0.01889344456253053,0.22927139699459076,0.25330868,0.02403728300540925,0.327363520860672,0.34123018,0.013866659139327997
nearest_neighbor_baseline,578,108908,22186,0.9356746197737884,0.34666040539741516,0.25485057,0.09180983539741516,29.71318817138672,27.649908,2.063280171386719,0.42476674914360046,0.45685756,0.03209081085639953,0.4269487261772156,0.46346062,0.036511893822784414,0.21471336483955383,0.21556951,0.000856145160446159
nearest_neighbor_baseline,579,139818,133338,0.823169152911404,0.9354903101921082,0.8427517,0.09273861019210816,8.913604736328125,12.5081,3.5944952636718757,0.25812435150146484,0.26804525,0.009920898498535169,0.28312140703201294,0.2852381,0.002116692967987055,0.43381887674331665,0.436076,0.0022571232566833688
nearest_neighbor_baseline,580,98508,81261,0.6228027836146,0.6349542737007141,0.63105476,0.0038995137007140634,23.49397850036621,24.87715,1.3831714996337894,0.3105470836162567,0.29275542,0.017791663616256725,0.31647789478302,0.2964441,0.02003379478302003,0.30084168910980225,0.26472098,0.03612070910980225
nearest_neighbor_baseline,581,59867,14992,0.71708512765502,0.7233813405036926,0.78773725,0.06435590949630743,22.478660583496094,19.940672,2.5379885834960945,0.3760754466056824,0.39074472,0.014669273394317617,0.37898144125938416,0.39235625,0.013374808740615862,0.21649932861328125,0.18346275,0.03303657861328124
nearest_neighbor_baseline,582,107960,92221,0.7843770795145195,0.9841096997261047,0.9533724,0.030737299726104728,7.184765815734863,9.861614,2.676848184265136,0.2381151020526886,0.23027451,0.00784059205268861,0.27074331045150757,0.25247434,0.01826897045150755,0.6149076819419861,0.56449246,0.05041522194198611
nearest_neighbor_baseline,583,113742,9466,0.7251427571191104,0.3211434781551361,0.26744822,0.053695258155136094,27.839054107666016,29.145437,1.3063828923339855,0.535711944103241,0.534603,0.0011089441032409164,0.5365878939628601,0.5358465,0.0007413939628601041,0.12089172005653381,0.11039409,0.010497630056533813
nearest_neighbor_baseline,584,40824,74502,0.898495293399664,0.9767976999282837,0.95122933,0.025568369928283707,10.457348823547363,10.09479,0.3625588235473636,0.31117525696754456,0.29022178,0.02095347696754457,0.31521981954574585,0.29607192,0.01914789954574586,0.25413385033607483,0.26129594,0.007162089663925175
nearest_neighbor_baseline,585,134630,139152,1.2076297240181495,0.3568304181098938,0.41190627,0.05507585189010622,26.66631507873535,22.834793,3.8315220787353503,0.39692988991737366,0.32805955,0.06887033991737368,0.399985671043396,0.33040127,0.06958440104339597,0.218295156955719,0.16550323,0.05279192695571899
nearest_neighbor_baseline,586,78969,3971,0.7839593114687904,0.9729635119438171,0.9363359,0.03662761194381714,11.249966621398926,11.504751,0.25478437860107483,0.2578570544719696,0.27798116,0.0201241055280304,0.26731809973716736,0.29334202,0.026023920262832623,0.35222506523132324,0.35795787,0.005732804768676769
nearest_neighbor_baseline,587,68142,12099,0.8856758076191507,0.8865919709205627,0.8009974,0.08559457092056277,12.285139083862305,13.38691,1.1017709161376956,0.27837949991226196,0.33836082,0.059981320087738044,0.2854292392730713,0.3412181,0.055788860726928735,0.24130557477474213,0.18231064,0.05899493477474213
nearest_neighbor_baseline,588,111405,121806,1.222287775517041,0.5209183692932129,0.47696835,0.043950019293212905,26.446184158325195,25.903982,0.5422021583251961,0.5688716173171997,0.5846743,0.015802682682800273,0.5779984593391418,0.59656215,0.018563690660858168,0.3590433597564697,0.34771103,0.01133232975646975
nearest_neighbor_baseline,589,2797,66142,0.7202686464385752,0.813271164894104,0.90631706,0.093045895105896,14.614853858947754,14.551181,0.06367285894775421,0.24671605229377747,0.25665516,0.009939107706222527,0.3022512197494507,0.28955525,0.012695969749450697,0.517477810382843,0.47952405,0.03795376038284304
nearest_neighbor_baseline,590,83146,78821,0.940880939370988,0.29255449771881104,0.32539976,0.03284526228118895,25.267385482788086,26.988537,1.721151517211915,0.8219435811042786,0.77491575,0.04702783110427855,0.826210081577301,0.77859867,0.04761141157730098,0.17018556594848633,0.21702033,0.04683476405151368
nearest_neighbor_baseline,591,91207,74955,0.6277789397991526,0.3927190899848938,0.33455402,0.05816506998489379,22.961441040039062,22.401274,0.5601670400390617,0.2913465201854706,0.2727487,0.01859782018547057,0.30275318026542664,0.27979276,0.022960420265426662,0.33967292308807373,0.3171873,0.022485623088073725
nearest_neighbor_baseline,592,9929,53418,0.7788562612942651,0.8822546005249023,0.7346471,0.14760750052490235,11.368288040161133,12.456335,1.0880469598388665,0.34331390261650085,0.31691405,0.026399852616500852,0.3545072078704834,0.32659796,0.027909247870483378,0.2936457395553589,0.26441398,0.029231759555358894
nearest_neighbor_baseline,593,87728,134672,0.6430976166124459,0.5662661194801331,0.6582459,0.091979780519867,24.58098030090332,23.619196,0.9617843009033216,0.28208792209625244,0.2640903,0.01799762209625244,0.28754130005836487,0.2720891,0.015452200058364896,0.2782900333404541,0.2966313,0.018341266659545885
nearest_neighbor_baseline,594,12919,99341,1.3449285587126742,0.38930678367614746,0.32047957,0.06882721367614747,28.236982345581055,28.294926,0.057943654418945556,0.623047947883606,0.63296336,0.009915412116394018,0.6259109377861023,0.63457644,0.008665502213897724,0.18895287811756134,0.1587935,0.030159378117561336
nearest_neighbor_baseline,595,130288,136624,0.910619326566749,0.8159319162368774,0.8896298,0.07369788376312258,19.07434844970703,19.973223,0.8988745502929696,0.30575108528137207,0.3568901,0.05113901471862792,0.3095855414867401,0.36138672,0.05180117851325988,0.22415126860141754,0.2740659,0.04991463139858243
nearest_neighbor_baseline,596,37943,30970,0.7962326023827735,0.7941505312919617,0.8334441,0.03929356870803835,18.724254608154297,17.898413,0.8258416081542954,0.37300676107406616,0.39724222,0.024235458925933817,0.3783239722251892,0.40248412,0.024160147774810792,0.26834923028945923,0.28895807,0.020608839710540783
nearest_neighbor_baseline,597,89595,137416,0.9717764474473133,0.717741072177887,0.7024166,0.015324472177887016,23.813928604125977,22.61972,1.1942086041259756,0.5383912324905396,0.5739068,0.0355155675094605,0.541557252407074,0.5819679,0.04041064759292601,0.20324841141700745,0.261467,0.05821858858299256
nearest_neighbor_baseline,598,123810,82971,0.7629655985728369,0.3006296753883362,0.2892659,0.011363775388336161,22.67127227783203,20.376766,2.2945062778320313,0.21463249623775482,0.24822108,0.03358858376224519,0.22872672975063324,0.2643944,0.035667670249366734,0.3657386302947998,0.3343902,0.03134843029479978
nearest_neighbor_baseline,599,35838,32653,0.8564492412428216,0.8810937404632568,0.8969147,0.015820959536743118,17.435977935791016,14.729623,2.7063549357910155,0.2734396159648895,0.26725742,0.006182195964889503,0.2799036204814911,0.27222648,0.007677140481491096,0.2703191936016083,0.24398555,0.02633364360160828
nearest_neighbor_baseline,600,77590,58807,0.6318721721608372,0.6572633981704712,0.68587065,0.028607251829528835,15.797149658203125,16.724934,0.9277843417968761,0.22397036850452423,0.2235358,0.00043456850452422424,0.23050911724567413,0.23076867,0.00025955275432587577,0.2886206805706024,0.31767005,0.029049369429397565
nearest_neighbor_baseline,601,30470,52959,0.9388086670838687,0.29258492588996887,0.1463244,0.14626052588996888,25.935501098632812,24.497746,1.4377550986328131,0.26945483684539795,0.29790226,0.028447423154602025,0.28491318225860596,0.32059744,0.035684257741394054,0.294915109872818,0.3295305,0.03461539012718201
nearest_neighbor_baseline,602,27360,31405,0.8958073923755568,0.8886547684669495,0.9592805,0.07062573153305052,14.744500160217285,12.925335,1.8191651602172847,0.2239200621843338,0.22379889,0.00012117218433380095,0.23688602447509766,0.24815561,0.011269585524902342,0.4445353150367737,0.546064,0.10152868496322631
nearest_neighbor_baseline,603,115410,57408,0.6581087214444945,0.3174973428249359,0.30424413,0.013253212824935912,20.874652862548828,21.371769,0.49711613745117234,0.3305659294128418,0.3089149,0.021651029412841805,0.3399967551231384,0.31567028,0.024326475123138402,0.25565123558044434,0.22173005,0.033921185580444324
nearest_neighbor_baseline,604,128538,138056,0.7563316889686132,0.6908172369003296,0.7971967,0.10637946309967039,14.62295150756836,15.311357,0.6884054924316398,0.30328965187072754,0.30972338,0.0064337281292724535,0.30747756361961365,0.31354976,0.006072196380386363,0.21354106068611145,0.20261912,0.010921940686111437
nearest_neighbor_baseline,605,50502,103506,1.1854033109150681,0.11071262508630753,0.062754646,0.04795797908630753,29.120874404907227,27.072792,2.048082404907227,0.44584718346595764,0.45650977,0.01066258653404234,0.47782430052757263,0.48401707,0.006192769472427362,0.4101869761943817,0.3588983,0.05128867619438171
nearest_neighbor_baseline,606,100812,56733,0.9982135698080074,0.7601763010025024,0.6605614,0.09961490100250248,11.306828498840332,11.977976,0.6711475011596679,0.30375176668167114,0.25165686,0.05209490668167116,0.3067398965358734,0.25589105,0.050848846535873404,0.2088371068239212,0.20482118,0.004015926823921212
nearest_neighbor_baseline,607,121745,62491,0.8878866208997667,0.1961146891117096,0.2617722,0.06565751088829042,24.992904663085938,22.352373,2.6405316630859375,0.2683863043785095,0.28599292,0.017606615621490462,0.2724650800228119,0.28818053,0.0157154499771881,0.25244593620300293,0.19848569,0.05396024620300294
nearest_neighbor_baseline,608,90430,118718,0.7953601624797338,0.9216930270195007,0.95601225,0.034319222980499275,15.408255577087402,11.907859,3.500396577087402,0.18912196159362793,0.19964951,0.010527548406372073,0.22780822217464447,0.2385509,0.01074267782535554,0.6131091713905334,0.57430327,0.038805901390533415
nearest_neighbor_baseline,609,113420,5439,0.8304441030229904,0.017930688336491585,0.0067370525,0.011193635836491585,31.416898727416992,29.635548,1.7813507274169922,0.28558292984962463,0.30677193,0.021189000150375392,0.2896280288696289,0.30984873,0.02022070113037111,0.20323128998279572,0.17768624,0.02554504998279572
nearest_neighbor_baseline,610,97861,131288,0.7621383287454206,0.4097576439380646,0.41429013,0.0045324860619354035,21.035930633544922,21.78199,0.7460593664550785,0.25214719772338867,0.26912236,0.016975162276611333,0.2666240334510803,0.28383508,0.017211046548919695,0.3297039270401001,0.30641672,0.023287207040100122
nearest_neighbor_baseline,611,127102,45063,0.6365657129989248,0.7568393349647522,0.75914407,0.0023047350352477514,20.79166030883789,19.163265,1.6283953088378915,0.2646828293800354,0.27024958,0.005566750619964589,0.273116797208786,0.27579156,0.0026747627912139804,0.289421945810318,0.2775482,0.01187374581031797
nearest_neighbor_baseline,612,19167,23258,0.7238999861293028,0.8889631032943726,0.94115186,0.05218875670562739,14.125740051269531,14.36936,0.2436199487304691,0.2519223988056183,0.23768744,0.014234958805618286,0.26352396607398987,0.24619175,0.01733221607398988,0.35908567905426025,0.34416538,0.014920299054260233
nearest_neighbor_baseline,613,55245,44726,0.9338603948750748,0.3258208930492401,0.428266,0.10244510695075987,27.14301300048828,26.549637,0.5933760004882807,0.6882365345954895,0.7042726,0.016036065404510524,0.6895690560340881,0.7059732,0.016404143965911833,0.14523808658123016,0.1516048,0.006366713418769848
nearest_neighbor_baseline,614,48338,853,0.7221942203729346,0.98092120885849,0.97351927,0.007401938858489943,3.0892317295074463,4.7573614,1.6681296704925535,0.2890441417694092,0.31469178,0.025647638230590797,0.30922815203666687,0.34727067,0.03804251796333313,0.3638594448566437,0.37109524,0.007235795143356316
nearest_neighbor_baseline,615,125492,119125,0.8758577101984878,0.9371473789215088,0.7796087,0.15753867892150875,8.345703125,8.582299,0.2365958750000008,0.3275679647922516,0.31954214,0.008025824792251612,0.3348996639251709,0.32732004,0.00757962392517092,0.23376373946666718,0.27324918,0.039485440533332805
nearest_neighbor_baseline,616,70463,74746,0.7836341279621811,0.504907488822937,0.4757294,0.029178088822936987,22.967845916748047,25.9048,2.9369540832519547,0.28149980306625366,0.27964148,0.0018583230662536643,0.28674742579460144,0.281631,0.00511642579460142,0.23257409036159515,0.149555,0.08301909036159516
nearest_neighbor_baseline,617,78246,95941,0.9192490053552452,0.1386914849281311,0.062054276,0.07663720892813111,29.15386390686035,31.767565,2.6137010931396496,0.6238712668418884,0.57117265,0.05269861684188848,0.6246894001960754,0.5760272,0.04866220019607548,0.10874443501234055,0.17619276,0.06744832498765946
nearest_neighbor_baseline,618,2696,123263,1.0919574090086488,0.17698578536510468,0.05178229,0.12520349536510467,25.13640022277832,30.338377,5.201976777221681,0.8964933156967163,0.93121284,0.03471952430328373,0.897010087966919,0.9315458,0.034535712033081034,0.06696061044931412,0.046954427,0.020006183449314117
nearest_neighbor_baseline,619,111402,121882,1.0385763664738064,0.37319618463516235,0.3673673,0.005828884635162346,23.309553146362305,23.782982,0.4734288536376958,0.20415158569812775,0.242593,0.038441414301872256,0.26928916573524475,0.3091599,0.039870734264755237,0.764406144618988,0.71257186,0.05183428461898809
nearest_neighbor_baseline,620,11879,88466,0.8696357996051212,0.7471394538879395,0.8497569,0.10261744611206058,18.349149703979492,19.334507,0.9853572960205064,0.19270607829093933,0.19922595,0.006519871709060682,0.20367121696472168,0.22343221,0.019760993035278313,0.43348199129104614,0.47987142,0.04638942870895385
nearest_neighbor_baseline,621,84596,56504,0.6600404198234036,0.5840365886688232,0.56735057,0.016686018668823244,22.698915481567383,21.497921,1.2009944815673812,0.4614749252796173,0.4731077,0.01163277472038271,0.46307438611984253,0.47618183,0.013107443880157443,0.16176779568195343,0.20162503,0.03985723431804658
nearest_neighbor_baseline,622,68689,123278,0.8456756160451838,0.3243144154548645,0.46995777,0.1456433545451355,27.81713104248047,24.662842,3.1542890424804675,0.3165632486343384,0.3164217,0.00014154863433840648,0.31861212849617004,0.3183237,0.0002884284961700567,0.18725208938121796,0.16049322,0.026758869381217965
nearest_neighbor_baseline,623,46126,120495,0.8477555634229059,0.24528536200523376,0.30118528,0.055899917994766235,24.823827743530273,22.472153,2.3516747435302747,0.2668231129646301,0.26837012,0.0015470070353698628,0.2726828455924988,0.27313685,0.0004540044075012073,0.26542726159095764,0.24924564,0.01618162159095765
nearest_neighbor_baseline,624,107742,87058,1.3286530205433404,0.16092398762702942,0.07225859,0.08866539762702942,24.511825561523438,27.3179,2.806074438476564,0.32569611072540283,0.3942051,0.06850898927459714,0.3365950584411621,0.42144302,0.08484796155883789,0.32418206334114075,0.39558935,0.07140728665885926
nearest_neighbor_baseline,625,25060,20331,1.0774149639754245,0.041678790003061295,0.04066832,0.0010104700030612937,31.210582733154297,29.331545,1.8790377331542985,0.505401611328125,0.56394607,0.058544458671874966,0.5070421695709229,0.56808996,0.06104779042907715,0.12255822867155075,0.18306577,0.06050754132844924
nearest_neighbor_baseline,626,39402,128341,0.6636866585730089,0.4054267108440399,0.36496246,0.04046425084403993,26.630908966064453,23.868633,2.762275966064454,0.24360421299934387,0.27883738,0.03523316700065615,0.25030601024627686,0.28412932,0.03382330975372316,0.28065285086631775,0.27350235,0.007150500866317744
nearest_neighbor_baseline,627,61296,120383,0.6030971098980272,0.11239366233348846,0.19365644,0.08126277766651155,24.281476974487305,23.961311,0.3201659744873062,0.21350106596946716,0.20566729,0.00783377596946716,0.21689960360527039,0.21187723,0.005022373605270386,0.22462014853954315,0.28184748,0.05722733146045683
nearest_neighbor_baseline,628,75973,94565,0.9619797931965712,0.24963988363742828,0.21893464,0.03070524363742827,22.246564865112305,25.505432,3.2588671348876943,0.2820053696632385,0.2872557,0.005250330336761477,0.28722482919692993,0.3031009,0.015876070803070075,0.26141801476478577,0.3264603,0.06504228523521421
nearest_neighbor_baseline,629,53509,21550,1.1722205464816446,0.9788511991500854,0.9739017,0.004949499150085468,9.75905704498291,11.372887,1.6138299550170903,0.22818352282047272,0.22634445,0.0018390728204727147,0.2604338824748993,0.2731191,0.012685217525100712,0.6915026903152466,0.83081764,0.13931494968475344
nearest_neighbor_baseline,630,39250,546,0.9776928642735875,0.6492251753807068,0.6010825,0.04814267538070682,19.33687400817871,22.482584,3.1457099918212883,0.26827067136764526,0.23166527,0.03660540136764526,0.27521568536758423,0.24494222,0.03027346536758424,0.32432791590690613,0.34047782,0.01614990409309386
nearest_neighbor_baseline,631,25624,77391,0.5756900359311304,0.6722748875617981,0.7535858,0.08131091243820188,22.314624786376953,20.614689,1.6999357863769546,0.20488184690475464,0.19494088,0.009940966904754628,0.2175799310207367,0.20822044,0.009359491020736688,0.3959871232509613,0.40048322,0.004496096749038669
nearest_neighbor_baseline,632,103645,111005,0.7500181588603878,0.8563965559005737,0.86698025,0.010583694099426277,16.478450775146484,19.450756,2.972305224853514,0.39408427476882935,0.41552997,0.02144569523117068,0.3955309987068176,0.41746053,0.02192953129318237,0.13982491195201874,0.16887243,0.029047518047981252
nearest_neighbor_baseline,633,128371,16659,0.6254449682609416,0.9006664156913757,0.8654767,0.035189715691375745,16.83010482788086,16.102531,0.7275738278808603,0.27489396929740906,0.26276374,0.012130229297409034,0.28905895352363586,0.28100514,0.008053813523635878,0.4077972173690796,0.43802258,0.030225362630920405
nearest_neighbor_baseline,634,2650,130498,0.8721385219084143,0.9889517426490784,0.9855545,0.003397242649078369,4.188549041748047,4.388352,0.19980295825195338,0.26612022519111633,0.26869288,0.00257265480888369,0.2916707396507263,0.29079586,0.0008748796507263013,0.4992602467536926,0.4193577,0.07990254675369263
nearest_neighbor_baseline,635,137164,13082,1.5469698254145707,0.06647291034460068,0.12343894,0.05696602965539932,22.17461585998535,17.995314,4.179301859985351,0.28166696429252625,0.25462866,0.02703830429252624,0.2849363386631012,0.2616309,0.023305438663101197,0.1586364507675171,0.21330401,0.0546675592324829
nearest_neighbor_baseline,636,31437,6098,0.7704705566232879,0.9240295886993408,0.86187357,0.06215601869934084,13.648198127746582,10.900923,2.7472751277465814,0.27658236026763916,0.25419953,0.022382830267639153,0.29134249687194824,0.26405042,0.027292076871948234,0.3822161853313446,0.31313014,0.0690860453313446
nearest_neighbor_baseline,637,101233,100593,0.8182466796808401,0.9823883175849915,0.96857846,0.013809857584991425,9.890944480895996,9.450259,0.44068548089599524,0.22444774210453033,0.24510393,0.020656187895469663,0.24966385960578918,0.28640524,0.03674138039421082,0.5422646999359131,0.52477336,0.01749133993591312
nearest_neighbor_baseline,638,3963,84435,0.758533398417241,0.47102653980255127,0.5628802,0.09185366019744878,22.712129592895508,20.709646,2.0024835928955085,0.22365806996822357,0.21782602,0.005832049968223563,0.23356781899929047,0.22205868,0.011509138999290458,0.3258264660835266,0.30619943,0.019627036083526617
nearest_neighbor_baseline,639,53892,66375,0.7556993083205583,0.14776282012462616,0.15930204,0.011539219875373846,24.844158172607422,22.646526,2.1976321726074204,0.23360104858875275,0.23189345,0.0017075985887527456,0.2371562272310257,0.24530265,0.008146422768974315,0.21029886603355408,0.2915048,0.08120593396644593
nearest_neighbor_baseline,640,117653,135846,0.922436524797524,0.056923817843198776,0.14187954,0.08495572215680122,28.024232864379883,30.089148,2.0649151356201187,0.324309378862381,0.3123196,0.011989778862381006,0.3299100399017334,0.31520227,0.014707769901733392,0.22612085938453674,0.21212779,0.013993069384536733
nearest_neighbor_baseline,641,131891,115492,0.6160899827956139,0.8723272681236267,0.93264836,0.060321091876373245,15.904973030090332,16.124361,0.21938796990966836,0.25293976068496704,0.2681512,0.015211439315032937,0.2625415325164795,0.2715137,0.008972167483520532,0.27607953548431396,0.23229906,0.04378047548431396
nearest_neighbor_baseline,642,12908,81462,0.6923647951462609,0.5899710059165955,0.64984494,0.05987393408340458,22.013351440429688,21.96659,0.04676144042968744,0.23290446400642395,0.22937779,0.003526674006423952,0.2425278276205063,0.2668561,0.0243282723794937,0.3828889727592468,0.3946374,0.011748427240753201
nearest_neighbor_baseline,643,53915,84475,1.0027412224014842,0.9092070460319519,0.86029714,0.04890990603195189,13.108624458312988,16.484114,3.3754895416870134,0.3073101043701172,0.29549626,0.011813844370117177,0.31924065947532654,0.30289778,0.016342879475326533,0.3472541868686676,0.339715,0.007539186868667613
nearest_neighbor_baseline,644,73861,31036,0.6796085731202327,0.15090851485729218,0.17102456,0.020116045142707817,23.833818435668945,24.165997,0.3321785643310555,0.604840099811554,0.5994839,0.005356199811553997,0.6103644371032715,0.6005712,0.009793237103271513,0.18026770651340485,0.124235734,0.056031972513404846
nearest_neighbor_baseline,645,44613,25346,1.2027697879378565,0.6941503882408142,0.5905001,0.10365028824081424,21.687667846679688,23.315342,1.6276741533203136,0.828275203704834,0.7941955,0.03407970370483393,0.8303279280662537,0.8007459,0.02958202806625365,0.1778232306241989,0.26402217,0.08619893937580109
nearest_neighbor_baseline,646,988,137583,0.5813201210864556,0.4821476936340332,0.5628404,0.08069270636596682,22.652347564697266,24.344662,1.692314435302734,0.35305681824684143,0.3569491,0.0038922817531585885,0.3581709563732147,0.36199102,0.003820063626785275,0.22767215967178345,0.24322933,0.015557170328216546
nearest_neighbor_baseline,647,110286,90454,0.8390374641147156,0.9352407455444336,0.94953763,0.014296884455566428,9.375361442565918,11.079328,1.7039665574340823,0.2546343505382538,0.23485743,0.01977692053825378,0.2586284577846527,0.24263023,0.015998227784652708,0.17365922033786774,0.24975216,0.07609293966213226
nearest_neighbor_baseline,648,45176,45875,0.7691847046453342,0.09381129592657089,0.182499,0.0886877040734291,26.570348739624023,23.083523,3.486825739624024,0.22043435275554657,0.21311751,0.00731684275554656,0.2319447547197342,0.21978803,0.012156724719734197,0.31425026059150696,0.26806578,0.04618448059150698
nearest_neighbor_baseline,649,24962,22513,0.68930510375105,0.7752975225448608,0.79918003,0.0238825074551392,17.567401885986328,19.814804,2.2474021140136706,0.3667586147785187,0.3575659,0.009192714778518685,0.3704751133918762,0.36507872,0.0053963933918761975,0.23229330778121948,0.27241305,0.04011974221878051
nearest_neighbor_baseline,650,98676,39995,0.4444688523418649,0.8822847008705139,0.8602925,0.0219922008705139,14.195735931396484,16.143923,1.9481870686035165,0.19707974791526794,0.19769433,0.0006145820847320571,0.20559673011302948,0.2019675,0.0036292301130294857,0.2867925763130188,0.26977336,0.01701921631301878
nearest_neighbor_baseline,651,34672,47948,1.0931334295039767,0.21455450356006622,0.27085182,0.0562973164399338,28.552871704101562,25.037786,3.515085704101562,0.22544129192829132,0.29450196,0.06906066807170869,0.2785380184650421,0.32795072,0.04941270153495786,0.48080021142959595,0.48865393,0.007853718570404067
nearest_neighbor_baseline,652,114589,115621,0.5388625517886204,0.20332378149032593,0.17427784,0.02904594149032594,26.563243865966797,25.842402,0.720841865966797,0.22548939287662506,0.21001062,0.015478772876625052,0.24034114181995392,0.22250748,0.01783366181995391,0.372600257396698,0.3726597,5.944260330198459e-05
nearest_neighbor_baseline,653,58694,53207,0.6340585953224758,0.7348065376281738,0.7473209,0.012514362371826127,17.653799057006836,18.637589,0.9837899429931625,0.27378955483436584,0.2889062,0.015116645165634157,0.3170326352119446,0.2992221,0.01781053521194459,0.4326931834220886,0.37170115,0.06099203342208864
nearest_neighbor_baseline,654,32067,35074,0.7017545109272978,0.6369766592979431,0.6587219,0.021745240702056856,22.757099151611328,22.447256,0.3098431516113287,0.3049220144748688,0.29350454,0.011417474474868794,0.31985193490982056,0.30304283,0.01680910490982057,0.3608248829841614,0.35430518,0.00651970298416138
nearest_neighbor_baseline,655,1302,105175,0.8826320524350995,0.919984757900238,0.92100173,0.0010169720997619258,7.253519058227539,7.612123,0.35860394177246135,0.27595895528793335,0.27558297,0.00037598528793336694,0.28182452917099,0.28205022,0.0002256908290100279,0.2503308057785034,0.27791792,0.027587114221496567
nearest_neighbor_baseline,656,911,79843,0.9864575163704886,0.8026517033576965,0.8053286,0.002676896642303417,10.80002212524414,11.973825,1.173802874755859,0.4020019769668579,0.36332873,0.03867324696685792,0.4071810841560364,0.36690575,0.0402753341560364,0.20042778551578522,0.19399132,0.006436465515785222
nearest_neighbor_baseline,657,18919,84520,0.6355288353461376,0.7120599746704102,0.78544974,0.07338976532958985,19.53594970703125,19.110508,0.4254417070312506,0.22775383293628693,0.2503496,0.02259576706371308,0.24374932050704956,0.264695,0.020945679492950453,0.4373287558555603,0.40212587,0.035202885855560306
nearest_neighbor_baseline,658,90950,6947,0.9758512767109396,0.7159914374351501,0.61314756,0.10284387743515011,22.606277465820312,20.604382,2.0018954658203114,0.528300404548645,0.54873514,0.02043473545135499,0.5336911678314209,0.55470836,0.021017192168579113,0.27151793241500854,0.27629018,0.004772247584991451
nearest_neighbor_baseline,659,45949,43479,1.0537642001020562,0.24319244921207428,0.17349294,0.06969950921207427,28.68594741821289,25.114897,3.5710504182128915,0.713893473148346,0.7663895,0.052496026851654,0.7151609659194946,0.7693599,0.05419893408050536,0.14027240872383118,0.16830127,0.028028861276168826
nearest_neighbor_baseline,660,19061,92387,1.1644222115007432,0.62050861120224,0.6613964,0.040887788797760005,24.5958194732666,24.007174,0.5886454732666024,0.5661032795906067,0.53431284,0.03179043959060668,0.5674667358398438,0.5361736,0.03129313583984372,0.1334141492843628,0.1349038,0.0014896507156371974
nearest_neighbor_baseline,661,30409,25218,0.7898453209309829,0.9069968461990356,0.9350634,0.028066553800964344,12.079071998596191,14.210244,2.131172001403808,0.2840414345264435,0.29717025,0.013128815473556543,0.2958860993385315,0.30693743,0.011051330661468517,0.3185550570487976,0.35884506,0.040290002951202386
nearest_neighbor_baseline,662,16536,108125,0.6756068628022895,0.9642553925514221,0.9727905,0.008535107448577883,9.62515926361084,8.580047,1.0451122636108394,0.18784993886947632,0.18281254,0.005037398869476323,0.2049546241760254,0.19683442,0.00812020417602538,0.4639119803905487,0.42691994,0.03699204039054871
nearest_neighbor_baseline,663,29288,138063,1.0396512764045733,0.4585611820220947,0.57834965,0.11978846797790532,22.881757736206055,23.053211,0.17145326379394632,0.2727856934070587,0.25177988,0.021005813407058704,0.27971068024635315,0.26047269,0.019237990246353143,0.3419451415538788,0.3380977,0.003847441553878783
nearest_neighbor_baseline,664,57615,86966,0.6959232035807309,0.9639427661895752,0.93306065,0.03088211618957515,10.68734359741211,9.761845,0.9254985974121102,0.28425759077072144,0.30969554,0.025437949229278556,0.28925958275794983,0.31368032,0.024420737242050183,0.24323506653308868,0.23431548,0.008919586533088691
nearest_neighbor_baseline,665,69016,94208,0.8803989182422062,0.13583940267562866,0.14738007,0.01154066732437134,27.11559295654297,28.482708,1.36711504345703,0.9270499348640442,0.91278386,0.014266074864044187,0.9273942708969116,0.9132182,0.014176070896911641,0.06488581001758575,0.07558972,0.010703909982414245
nearest_neighbor_baseline,666,10763,133637,0.924770674122178,0.40905505418777466,0.42430085,0.015245795812225349,24.907440185546875,25.802114,0.8946738144531245,0.3695111572742462,0.40080956,0.03129840272575379,0.39922308921813965,0.40602532,0.0068022307818603744,0.3884064555168152,0.30922204,0.07918441551681521
nearest_neighbor_baseline,667,40434,80737,0.9490833348528057,0.2479419708251953,0.22231221,0.025629760825195302,24.258935928344727,24.781895,0.5229590716552721,0.5798437595367432,0.58880574,0.008961980463256802,0.5809267163276672,0.5920002,0.01107348367233274,0.13173311948776245,0.19048919,0.05875607051223755
nearest_neighbor_baseline,668,123941,23193,0.6102166213474693,0.29981178045272827,0.28896764,0.010844140452728246,26.544078826904297,27.589819,1.0457401730957017,0.44913992285728455,0.43257973,0.01656019285728455,0.4512770175933838,0.4363762,0.014900817593383797,0.17880773544311523,0.22045971,0.04165197455688477
nearest_neighbor_baseline,669,123298,64803,0.9659322413214372,0.34952497482299805,0.40734175,0.057816775177001956,25.874570846557617,23.834337,2.0402338465576157,0.3807186782360077,0.39806083,0.017342151763992286,0.43065211176872253,0.44932052,0.018668408231277467,0.5021278262138367,0.5413495,0.03922167378616337
nearest_neighbor_baseline,670,30053,32007,0.4645293223237084,0.8343297243118286,0.8074876,0.02684212431182864,16.433021545410156,17.271378,0.8383564545898423,0.2580910623073578,0.27987647,0.0217854076926422,0.2629459798336029,0.28294185,0.01999587016639709,0.26596200466156006,0.25962916,0.006332844661560033
nearest_neighbor_baseline,671,58728,57193,0.9106816424971818,0.530060887336731,0.6053704,0.07530951266326902,20.45189666748047,21.312756,0.8608593325195315,0.47269561886787415,0.5044568,0.03176118113212589,0.4795098602771759,0.5186435,0.03913363972282413,0.2839306890964508,0.33066615,0.046735460903549186
nearest_neighbor_baseline,672,66456,48409,0.7827608903945206,0.7119897603988647,0.7761057,0.06411593960113526,21.89925193786621,20.365795,1.5334569378662124,0.2262791395187378,0.19952007,0.0267590695187378,0.23620100319385529,0.21180972,0.02439128319385528,0.3620574474334717,0.37084657,0.008789122566528307
nearest_neighbor_baseline,673,41579,120964,0.8378044144400271,0.9865738749504089,0.9705888,0.015985074950408906,9.283075332641602,10.343152,1.0600766673583983,0.2806617021560669,0.29648733,0.0158256278439331,0.2929634749889374,0.3202598,0.027296325011062605,0.4278874099254608,0.45691204,0.029024630074539204
nearest_neighbor_baseline,674,64745,52534,0.766571553539163,0.8776402473449707,0.9485041,0.07086385265502926,14.803971290588379,14.108398,0.6955732905883796,0.23576153814792633,0.2231568,0.012604738147926342,0.26533186435699463,0.2464392,0.018892664356994632,0.4264174699783325,0.49283993,0.06642246002166746
nearest_neighbor_baseline,675,137958,2430,0.7510086104418057,0.28812140226364136,0.19525152,0.09286988226364135,26.922138214111328,30.35674,3.4346017858886704,0.5481066107749939,0.55621165,0.00810503922500605,0.5539198517799377,0.55973035,0.005810498220062299,0.2791516184806824,0.25542262,0.023728998480682384
nearest_neighbor_baseline,676,48932,45489,0.7785129030673598,0.07195650786161423,0.06893155,0.003024957861614233,29.147356033325195,28.784948,0.36240803332519533,0.33689427375793457,0.2980198,0.03887447375793457,0.3377484977245331,0.29936898,0.038379517724533074,0.1446063369512558,0.17686048,0.03225414304874419
nearest_neighbor_baseline,677,49647,21232,0.7071332287484148,0.99228435754776,0.99077934,0.0015050175477600014,5.916459560394287,8.270407,2.3539474396057134,0.18931040167808533,0.19196244,0.002652038321914685,0.19879628717899323,0.20209584,0.0032995528210067737,0.3761255741119385,0.36545885,0.010666724111938475
nearest_neighbor_baseline,678,15236,31249,0.7541602626693509,0.9055209159851074,0.79923725,0.10628366598510741,16.596879959106445,18.130651,1.533771040893555,0.3945257365703583,0.35333124,0.041194496570358285,0.39875471591949463,0.3601387,0.03861601591949465,0.2340722680091858,0.24270606,0.00863379199081421
nearest_neighbor_baseline,679,65673,34834,0.6428877237765427,0.923640787601471,0.93396425,0.010323462398529104,9.26840591430664,10.034842,0.7664360856933587,0.26066404581069946,0.2970408,0.03637675418930053,0.2671586275100708,0.30247214,0.0353135124899292,0.3187951445579529,0.30064937,0.018145774557952854
nearest_neighbor_baseline,680,57688,104066,1.341298070030788,0.9407439231872559,0.9609867,0.020242776812744112,5.581484317779541,12.847464,7.265979682220459,0.46308115124702454,0.48307595,0.01999479875297544,0.47817540168762207,0.4869006,0.008725198312377946,0.22814106941223145,0.22947106,0.0013299905877685592
nearest_neighbor_baseline,681,137202,1076,0.7342373650948782,0.46388575434684753,0.36801112,0.09587463434684751,25.607107162475586,23.78781,1.8192971624755856,0.2632424533367157,0.26816574,0.0049232866632842875,0.2726168632507324,0.2833294,0.010712536749267587,0.40725794434547424,0.43842283,0.031164885654525742
nearest_neighbor_baseline,682,61185,87202,0.6310033941597903,0.733346700668335,0.71494704,0.018399660668334983,16.535968780517578,17.858223,1.3222542194824207,0.20930716395378113,0.23654655,0.027239386046218866,0.22123457491397858,0.25577214,0.034537565086021405,0.37284550070762634,0.37258565,0.0002598507076263523
nearest_neighbor_baseline,683,43300,90848,0.9116752348635716,0.9694021940231323,0.9915586,0.022156405976867632,7.453367710113525,7.006035,0.4473327101135256,0.20829740166664124,0.1929311,0.015366301666641241,0.23066018521785736,0.22572498,0.004935205217857369,0.6261732578277588,0.639522,0.013348742172241246
nearest_neighbor_baseline,684,129982,122996,1.0051720018219867,0.4502989947795868,0.57920337,0.1289043752204132,23.975173950195312,23.377485,0.5976889501953124,0.35345888137817383,0.37148663,0.018027748621826156,0.3892264664173126,0.38123122,0.00799524641731264,0.4410606920719147,0.38092202,0.0601386720719147
nearest_neighbor_baseline,685,126889,98130,1.2869077187134568,0.9305899143218994,0.8116477,0.11894221432189944,10.374212265014648,13.875265,3.501052734985352,0.22002242505550385,0.26519343,0.04517100494449616,0.2278781682252884,0.2828263,0.054948131774711584,0.3096699118614197,0.36613455,0.056464638138580325
nearest_neighbor_baseline,686,12773,75526,1.13761291306899,0.07364239543676376,0.09511676,0.02147436456323623,28.433670043945312,22.461796,5.971874043945313,0.4409335255622864,0.40238678,0.03854674556228638,0.44282734394073486,0.40461972,0.03820762394073485,0.15786446630954742,0.12943128,0.028433186309547415
nearest_neighbor_baseline,687,100606,69022,0.4548133419576524,0.4230981767177582,0.3960004,0.027097776717758204,24.0902099609375,25.777498,1.6872880390625014,0.30919283628463745,0.29386696,0.01532587628463744,0.3211873471736908,0.3013947,0.01979264717369078,0.28775522112846375,0.30281806,0.015062838871536255
nearest_neighbor_baseline,688,69929,37318,0.8649569959324429,0.5436800122261047,0.4796985,0.06398151222610471,25.403047561645508,24.73689,0.6661575616455089,0.592375636100769,0.55573946,0.03663617610076908,0.5954885482788086,0.567465,0.028023548278808597,0.218474879860878,0.28139156,0.062916680139122
nearest_neighbor_baseline,689,137309,42919,0.44228300473961274,0.7848809957504272,0.80910057,0.024219574249572773,18.000886917114258,18.508072,0.5071850828857407,0.20478694140911102,0.20964913,0.004862188590888966,0.21762590110301971,0.21808238,0.000456478896980278,0.3835599422454834,0.38087255,0.002687392245483422
nearest_neighbor_baseline,690,21863,45353,0.8808785037869835,0.48173555731773376,0.496637,0.01490144268226623,25.660442352294922,24.24041,1.4200323522949212,0.5116661190986633,0.5056748,0.00599131909866335,0.5129223465919495,0.5106752,0.002247146591949467,0.14816385507583618,0.24811354,0.09994968492416381
nearest_neighbor_baseline,691,125720,134958,0.533176746708416,0.825385570526123,0.76095283,0.06443274052612302,17.787487030029297,18.804876,1.0173889699707033,0.20087097585201263,0.20807086,0.007199884147987362,0.2067863941192627,0.21804179,0.011255395880737318,0.32590097188949585,0.33175653,0.005855558110504144
nearest_neighbor_baseline,692,114621,18029,0.7248167345673233,0.6738808751106262,0.64581686,0.028064015110626173,15.146415710449219,15.556148,0.40973228955078156,0.26937177777290344,0.25686237,0.012509407772903436,0.2712017893791199,0.26566476,0.005537029379119873,0.17614543437957764,0.26571038,0.08956494562042239
nearest_neighbor_baseline,693,14305,54846,0.5329737037493856,0.9698888659477234,0.9151379,0.05475096594772344,11.252144813537598,12.926447,1.674302186462402,0.1901932954788208,0.1997188,0.009525504521179201,0.19600391387939453,0.2055792,0.009575286120605458,0.257700651884079,0.2844627,0.026762048115921033
nearest_neighbor_baseline,694,125196,6182,0.7132785511666334,0.28271445631980896,0.37801126,0.09529680368019106,23.908714294433594,26.988708,3.0799937055664053,0.2495282143354416,0.23655222,0.012975994335441582,0.2529062032699585,0.2396197,0.013286503269958505,0.21069398522377014,0.19094047,0.01975351522377014
nearest_neighbor_baseline,695,37242,111860,0.7371099438020522,0.889629602432251,0.91282207,0.023192467567749064,14.996060371398926,16.717255,1.7211946286010757,0.220633402466774,0.24728583,0.026652427533226025,0.2272651344537735,0.2502825,0.02301736554622652,0.2969200909137726,0.21766427,0.07925582091377259
nearest_neighbor_baseline,696,60535,12877,0.6649194626625607,0.34036093950271606,0.27616337,0.06419756950271605,23.804885864257812,23.65038,0.1545058642578141,0.20485179126262665,0.19031784,0.01453395126262666,0.22269903123378754,0.21620676,0.006492271233787539,0.4727984666824341,0.5380394,0.06524093331756586
nearest_neighbor_baseline,697,85628,87538,0.9446857154437787,0.5933324694633484,0.59593415,0.0026016805366516627,20.809823989868164,15.550814,5.259009989868163,0.3211183547973633,0.28072625,0.04039210479736327,0.3286088705062866,0.28918037,0.0394285005062866,0.29910215735435486,0.28936926,0.009732897354354841
nearest_neighbor_baseline,698,98426,132344,0.5370055496952615,0.9798442721366882,0.96355516,0.016289112136688266,10.503972053527832,12.096337,1.592364946472168,0.22531431913375854,0.23516595,0.009851630866241468,0.2320127785205841,0.24711229,0.015099511479415906,0.3501400053501129,0.37640205,0.026262044649887073
nearest_neighbor_baseline,699,56792,62098,0.8421828290030388,0.9712724089622498,0.98085135,0.009578941037750255,6.328414440155029,5.747394,0.5810204401550294,0.22542491555213928,0.19508187,0.03034304555213929,0.23567494750022888,0.20745306,0.028221887500228887,0.3286915421485901,0.31964758,0.009043962148590101
nearest_neighbor_baseline,700,58449,29540,0.8202135182561542,0.44283241033554077,0.4680798,0.02524738966445922,24.304838180541992,24.749275,0.4444368194580086,0.40706926584243774,0.40795985,0.0008905841575622686,0.4097084403038025,0.41045117,0.0007427296961974861,0.1683626025915146,0.20566677,0.03730416740848541
nearest_neighbor_baseline,701,118897,58267,0.8912718738561534,0.6879364848136902,0.71889484,0.03095835518630985,23.001968383789062,22.051268,0.9507003837890622,0.4790792465209961,0.48240465,0.0033254034790038967,0.4803038537502289,0.4856448,0.005340946249771106,0.15226173400878906,0.20729472,0.055032985991210925
nearest_neighbor_baseline,702,24381,95136,1.1352593662783528,0.15740615129470825,0.22795749,0.07055133870529176,30.635414123535156,25.877628,4.757786123535155,0.4621798098087311,0.5139555,0.05177569019126893,0.4631224572658539,0.5145583,0.05143584273414614,0.09640084952116013,0.09249924,0.0039016095211601293
nearest_neighbor_baseline,703,124366,86766,0.9129473023073844,0.9364339113235474,0.90570945,0.030724461323547336,12.121532440185547,9.296479,2.825053440185547,0.4529685378074646,0.43487218,0.018096357807464603,0.4564576745033264,0.44293344,0.013524234503326404,0.21829429268836975,0.27423662,0.055942327311630236
nearest_neighbor_baseline,704,104545,9559,0.8047029799429274,0.204752579331398,0.18210131,0.022651269331398022,28.51425552368164,29.992968,1.4787124763183606,0.5680869221687317,0.56518316,0.0029037621687316717,0.5688351392745972,0.56629306,0.002542079274597153,0.12077230960130692,0.14215466,0.021382350398693073
nearest_neighbor_baseline,705,19482,120988,0.8059872709647123,0.8453758955001831,0.8495493,0.004173404499816846,16.361040115356445,16.616158,0.25511788464355334,0.3227842450141907,0.27957463,0.04320961501419068,0.3322988748550415,0.28391567,0.048383204855041495,0.30953526496887207,0.25588733,0.053647934968872046
nearest_neighbor_baseline,706,69482,39246,0.8167380978346327,0.9751843214035034,0.9215299,0.053654421403503405,7.202516555786133,5.713529,1.4889875557861325,0.2619960308074951,0.2643134,0.002317369192504859,0.2725835144519806,0.2739288,0.0013452855480193815,0.29892319440841675,0.2955867,0.003336494408416768
nearest_neighbor_baseline,707,109697,42765,0.828688511775171,0.15610311925411224,0.27573404,0.11963092074588777,22.818323135375977,23.011116,0.19279286462402467,0.6455286145210266,0.6560122,0.010483585478973434,0.6478132009506226,0.6591758,0.01136259904937742,0.1437714397907257,0.16336855,0.019597110209274293
nearest_neighbor_baseline,708,13163,108169,0.8586899682557446,0.8265970349311829,0.8622685,0.03567146506881713,10.35436725616455,8.519239,1.83512825616455,0.27104422450065613,0.28420258,0.013158355499343855,0.27742940187454224,0.2892603,0.01183089812545779,0.25744128227233887,0.20997639,0.047464892272338854
nearest_neighbor_baseline,709,21756,51295,0.7442004954618158,0.32263484597206116,0.19886526,0.12376958597206117,22.288570404052734,25.066118,2.777547595947265,0.20028916001319885,0.19675383,0.003535330013198862,0.22638721764087677,0.21666636,0.009720857640876768,0.5303108096122742,0.5491437,0.018832890387725842
nearest_neighbor_baseline,710,55855,44743,0.4884723647262032,0.9837529063224792,0.9755264,0.008226506322479232,7.768203258514404,6.7030206,1.065182658514404,0.17571179568767548,0.20579168,0.03007988431232453,0.18286891281604767,0.21268742,0.02981850718395232,0.3183785080909729,0.30410117,0.014277338090972924
nearest_neighbor_baseline,711,71436,55580,1.027159445992974,0.10334834456443787,0.03093618,0.07241216456443786,29.013973236083984,27.015682,1.9982912360839826,0.4681960642337799,0.4052048,0.06299126423377993,0.4729645550251007,0.41503423,0.057930325025100704,0.2559715211391449,0.28771064,0.03173911886085512
nearest_neighbor_baseline,712,3488,24358,0.9617389557112614,0.3741174042224884,0.25663862,0.11747878422248842,22.747661590576172,24.073792,1.326130409423829,0.4422116279602051,0.48857486,0.04636323203979492,0.44725826382637024,0.4938723,0.04661403617362975,0.22597621381282806,0.27663612,0.05065990618717192
nearest_neighbor_baseline,713,88527,109826,0.9162228016248323,0.47557350993156433,0.37551528,0.10005822993156432,23.37294578552246,23.664787,0.2918412144775395,0.5086693167686462,0.48969874,0.01897057676864622,0.5181821584701538,0.49680102,0.021381138470153827,0.2883930802345276,0.2632934,0.025099680234527577
nearest_neighbor_baseline,714,97067,366,0.7446930500544018,0.5453546047210693,0.44112176,0.10423284472106936,22.558443069458008,20.933249,1.6251940694580078,0.3035716712474823,0.28293812,0.020633551247482285,0.3076806664466858,0.28689262,0.020788046446685804,0.2379932999610901,0.24546087,0.00746757003890991
nearest_neighbor_baseline,715,76062,8049,0.7896019105914136,0.13680638372898102,0.0660849,0.07072148372898102,27.922426223754883,29.342728,1.4203017762451182,0.3542117178440094,0.31974488,0.03446683784400939,0.3601299226284027,0.3270311,0.03309882262840269,0.2605344355106354,0.28220826,0.021673824489364613
nearest_neighbor_baseline,716,45199,119197,0.7376614531677779,0.6464217901229858,0.6305837,0.01583809012298587,24.751739501953125,24.962725,0.21098549804687394,0.3889162838459015,0.40436742,0.015451136154098488,0.3916000425815582,0.4105566,0.018956557418441766,0.18108199536800385,0.22126126,0.04017926463199614
nearest_neighbor_baseline,717,64676,102149,0.6991282367949613,0.9649032950401306,0.9460164,0.018886895040130636,5.357183456420898,5.712701,0.3555175435791016,0.2156233787536621,0.26232114,0.0466977612463379,0.2256794273853302,0.27754635,0.0518669226146698,0.35182321071624756,0.35810623,0.006283019283752467
nearest_neighbor_baseline,718,129728,58393,0.5261336608121895,0.166276216506958,0.122711554,0.04356466250695801,25.599946975708008,27.602333,2.0023860242919937,0.29053524136543274,0.29656005,0.00602480863456728,0.2945523262023926,0.303002,0.008449673797607415,0.24481351673603058,0.22309849,0.021715026736030568
nearest_neighbor_baseline,719,67282,1156,0.8299177654145032,0.11382095515727997,0.21347836,0.09965740484272004,30.759729385375977,30.154163,0.6055663853759761,0.6624011993408203,0.6193803,0.04302089934082032,0.6630036234855652,0.6209859,0.042017723485565206,0.092967689037323,0.15370548,0.06073779096267701
nearest_neighbor_baseline,720,139772,8565,1.0241779265879385,0.7783859372138977,0.7837793,0.0053933627861022515,22.61528968811035,17.974567,4.640722688110351,0.3983144760131836,0.39782348,0.0004909960131835867,0.40171918272972107,0.39956695,0.002152232729721093,0.1938311904668808,0.16181608,0.0320151104668808
nearest_neighbor_baseline,721,128213,81624,0.6393934564623074,0.2163323611021042,0.22988173,0.01354936889789582,25.668987274169922,26.720173,1.0511857258300772,0.2431538999080658,0.22409628,0.019057619908065787,0.26170098781585693,0.23886372,0.022837267815856932,0.35794419050216675,0.36112475,0.0031805594978332463
nearest_neighbor_baseline,722,97773,105146,0.7897384013987321,0.3265726566314697,0.33215523,0.005582573368530297,27.96048355102539,23.907267,4.05321655102539,0.2292545884847641,0.23452787,0.0052732815152359,0.23404480516910553,0.23566322,0.0016184148308944768,0.20881444215774536,0.14522482,0.06358962215774536
nearest_neighbor_baseline,723,27442,4532,0.7401434962432304,0.9474427700042725,0.8791462,0.06829657000427247,8.08831787109375,5.8812275,2.2070903710937504,0.28421109914779663,0.27350503,0.010706069147796649,0.2977101802825928,0.28128216,0.01642802028259277,0.3521883189678192,0.30898508,0.04320323896781919
nearest_neighbor_baseline,724,91024,118482,0.996958222413459,0.9919331669807434,0.9512979,0.04063526698074338,4.688002586364746,7.557986,2.8699834136352536,0.2579095959663391,0.2735986,0.015689004033660914,0.3018006682395935,0.32613438,0.024333711760406496,0.638248085975647,0.65719795,0.018949864024353058
nearest_neighbor_baseline,725,130877,81092,0.8499912264321117,0.4079388678073883,0.36439523,0.04354363780738829,20.481496810913086,23.138187,2.6566901890869126,0.2344086468219757,0.27518603,0.04077738317802432,0.2397775948047638,0.2855157,0.04573810519523619,0.2577960789203644,0.27424112,0.016445041079635625
nearest_neighbor_baseline,726,136110,100385,0.8616925875653267,0.5296383500099182,0.5353737,0.0057353499900817395,25.337697982788086,25.961458,0.6237600172119144,0.38944706320762634,0.42238605,0.03293898679237367,0.39232635498046875,0.42528588,0.032959525019531255,0.21004755795001984,0.19260523,0.017442327950019848
nearest_neighbor_baseline,727,112895,93806,0.9744376007264088,0.16192220151424408,0.329764,0.16784179848575592,27.438690185546875,27.615551,0.17686081445312496,0.3372686207294464,0.3461752,0.008906579270553605,0.36390799283981323,0.37103602,0.0071280271601867895,0.3141593337059021,0.3405027,0.026343366294097892
nearest_neighbor_baseline,728,122922,34066,0.9697773705082513,0.45358556509017944,0.3461275,0.10745806509017947,23.764053344726562,25.014786,1.2507326552734384,0.49436381459236145,0.4804868,0.013877014592361459,0.5173704028129578,0.48979822,0.027572182812957757,0.3538259267807007,0.28969485,0.06413107678070068
nearest_neighbor_baseline,729,107929,11159,0.597491540894022,0.13840697705745697,0.15579304,0.017386062942543024,25.42896842956543,25.512444,0.08347557043456888,0.19912604987621307,0.21662425,0.017498200123786917,0.20343166589736938,0.21849175,0.015060084102630628,0.25650981068611145,0.20467652,0.05183329068611145
nearest_neighbor_baseline,730,113637,114990,1.0450369130890218,0.953825831413269,0.96207917,0.00825333858673094,11.367325782775879,10.52854,0.8387857827758793,0.22609573602676392,0.19534951,0.030746226026763912,0.2718302607536316,0.24053334,0.03129692075363158,0.7345150113105774,0.7246744,0.00984061131057734
nearest_neighbor_baseline,731,96930,11674,0.8320018698363956,0.8471468091011047,0.92533064,0.07818383089889525,19.37841796875,17.275572,2.1028459687499996,0.5595585107803345,0.51255894,0.046999570780334454,0.5638597011566162,0.5192822,0.044577501156616184,0.2339291274547577,0.263426,0.029496872545242303
nearest_neighbor_baseline,732,93972,91399,1.013040063927729,0.6435864567756653,0.63458794,0.008998516775665322,21.56855583190918,20.49717,1.0713858319091791,0.2945081889629364,0.23320682,0.06130136896293639,0.35656970739364624,0.2853689,0.07120080739364626,0.5417047739028931,0.5536647,0.011959926097106943
nearest_neighbor_baseline,733,56965,66585,0.8736627364526602,0.201557457447052,0.28102356,0.079466102552948,26.888551712036133,26.616869,0.2716827120361316,0.48817893862724304,0.47735384,0.010825098627243068,0.4964786469936371,0.48087215,0.015606496993637087,0.28239887952804565,0.21912508,0.06327379952804565
nearest_neighbor_baseline,734,31551,122336,0.9778361801107291,0.8359353542327881,0.8584845,0.022549145767211898,15.000480651855469,17.545712,2.545231348144533,0.25532451272010803,0.25552782,0.00020330727989198438,0.3020782768726349,0.30308685,0.001008573127365131,0.5402605533599854,0.5390641,0.0011964533599853056
nearest_neighbor_baseline,735,41957,93856,0.4849674579344963,0.9454115629196167,0.94056726,0.004844302919616683,13.473965644836426,12.368313,1.1056526448364252,0.1985142081975937,0.20894487,0.010430661802406316,0.2303185611963272,0.2385528,0.0082342388036728,0.6779032349586487,0.64497226,0.03293097495864872
nearest_neighbor_baseline,736,89703,138130,0.9208374610851164,0.6032980680465698,0.6789212,0.07562313195343018,21.089752197265625,20.249977,0.8397751972656238,0.44996705651283264,0.44709453,0.0028725265128326516,0.4667483866214752,0.449261,0.0174873866214752,0.26794418692588806,0.16402584,0.10391834692588806
nearest_neighbor_baseline,737,62692,77724,0.9269091476902499,0.9568985104560852,0.9492476,0.007650910456085236,10.69009780883789,13.88194,3.1918421911621095,0.16573555767536163,0.19837923,0.032643672324638356,0.2077527642250061,0.2452453,0.037492535774993896,0.6694081425666809,0.6697798,0.00037165743331912804
nearest_neighbor_baseline,738,133095,13870,0.9749867830218137,0.19216269254684448,0.042134393,0.1500282995468445,28.584726333618164,28.519365,0.06536133361816354,0.4106805622577667,0.41700473,0.0063241677422332665,0.4118846654891968,0.4188601,0.006975434510803236,0.11053422093391418,0.16348727,0.052953049066085806
nearest_neighbor_baseline,739,38025,131853,0.6406144885248732,0.6522794365882874,0.66399384,0.011714403411712593,21.64093589782715,18.517868,3.1230678978271484,0.2658820152282715,0.27633017,0.010448154771728502,0.2698315680027008,0.28149956,0.011667991997299176,0.24503986537456512,0.23333858,0.011701285374565135
nearest_neighbor_baseline,740,120024,132237,1.1098960595285736,0.23666775226593018,0.31443456,0.0777668077340698,26.88095474243164,27.897131,1.016176257568361,0.3755871653556824,0.35374594,0.021841225355682392,0.42815378308296204,0.3999178,0.028235983082962046,0.5661022067070007,0.47618893,0.08991327670700072
nearest_neighbor_baseline,741,117063,135053,0.7000227985572178,0.14336846768856049,0.11566569,0.027702777688560484,26.225927352905273,25.263535,0.9623923529052725,0.24179470539093018,0.27474204,0.032947334609069845,0.2545661926269531,0.28992954,0.03536334737304686,0.4370056092739105,0.41867027,0.01833533927391051
nearest_neighbor_baseline,742,9469,25503,0.8404385809984727,0.3059614896774292,0.28424543,0.021716059677429178,28.335124969482422,28.624516,0.289391030517578,0.6064502596855164,0.5841926,0.022257659685516407,0.6083720922470093,0.5871004,0.02127169224700931,0.17241354286670685,0.1786869,0.0062733571332931615
nearest_neighbor_baseline,743,69116,88216,0.7635825170251769,0.5965394377708435,0.624487,0.02794756222915651,22.236648559570312,23.049679,0.8130304404296886,0.2817634046077728,0.26250497,0.019258434607772823,0.2963128387928009,0.27551338,0.02079945879280093,0.37492215633392334,0.3556491,0.019273056333923344
nearest_neighbor_baseline,744,54054,40933,0.8438103265667607,0.9136433601379395,0.9867491,0.07310573986206059,10.090028762817383,6.256563,3.833465762817383,0.24147829413414001,0.25242615,0.010947855865860001,0.26632267236709595,0.26772958,0.0014069076329040753,0.5288041234016418,0.48691654,0.04188758340164184
nearest_neighbor_baseline,745,110875,76123,0.7548319673129674,0.9392892718315125,0.96383125,0.024541978168487577,2.711867332458496,3.6828706,0.9710032675415041,0.27489250898361206,0.2757874,0.0008948910163879553,0.29953867197036743,0.282905,0.016633671970367414,0.27679353952407837,0.2231898,0.053603739524078375
nearest_neighbor_baseline,746,38872,41941,0.7849016857149661,0.7239946722984314,0.63223654,0.09175813229843144,14.339082717895508,14.575602,0.23651928210449213,0.23642896115779877,0.26232326,0.025894298842201235,0.2418844848871231,0.2658193,0.023934815112876873,0.22262132167816162,0.23566844,0.013047118321838386
nearest_neighbor_baseline,747,83664,79906,0.8217333017329187,0.260322630405426,0.32402557,0.06370293959457396,26.654861450195312,25.24644,1.4084214501953127,0.4870600700378418,0.4600338,0.027026270037841804,0.49098825454711914,0.47161618,0.019372074547119145,0.2512649893760681,0.27236578,0.021100790623931887
nearest_neighbor_baseline,748,51150,87044,0.829381793178945,0.9396525621414185,0.92891383,0.010738732141418406,13.529025077819824,11.326196,2.2028290778198247,0.3970024585723877,0.40738854,0.010386081427612326,0.40066975355148315,0.41093522,0.010265466448516836,0.23973076045513153,0.18929538,0.05043538045513152
nearest_neighbor_baseline,749,12280,56334,0.7485484951086726,0.5557767748832703,0.62068605,0.06490927511672973,21.761938095092773,22.319551,0.5576129049072271,0.3536095917224884,0.35467276,0.0010631682775115725,0.3583928048610687,0.35942963,0.0010368251389312744,0.2226748764514923,0.2729082,0.05023332354850768
nearest_neighbor_baseline,750,108089,106471,0.7868691979813545,0.6108349561691284,0.51407087,0.09676408616912846,20.335500717163086,18.037323,2.2981777171630853,0.27801868319511414,0.3022026,0.024183916804885852,0.2824149429798126,0.30379167,0.02137672702018739,0.22272320091724396,0.16269009,0.06003311091724395
nearest_neighbor_baseline,751,8144,61034,0.5664705009679557,0.7661756873130798,0.8272738,0.061098112686920114,17.073837280273438,17.09672,0.02288271972656375,0.20017322897911072,0.19333977,0.006833458979110724,0.20630255341529846,0.20690589,0.000603336584701547,0.3222900331020355,0.32910386,0.006813826897964503
nearest_neighbor_baseline,752,83737,138029,0.6780534203320587,0.968450665473938,0.9386853,0.029765365473938044,12.872336387634277,12.858724,0.013612387634276857,0.2602219879627228,0.2613711,0.0011491120372772445,0.2667486369609833,0.26773545,0.0009868130390167096,0.30543044209480286,0.259314,0.04611644209480287
nearest_neighbor_baseline,753,2565,126056,0.8581907703476207,0.6948199272155762,0.7206576,0.025837672784423837,18.325145721435547,18.339954,0.014808278564451882,0.29711058735847473,0.2757548,0.02135578735847471,0.31162723898887634,0.28168714,0.02994009898887634,0.3024286925792694,0.2787962,0.023632492579269415
nearest_neighbor_baseline,754,1796,27290,0.7346520840308483,0.4008920192718506,0.2297464,0.1711456192718506,25.022090911865234,26.58047,1.558379088134764,0.3003850281238556,0.27985048,0.020534548123855578,0.30150306224823,0.28195795,0.019545112248229968,0.14963500201702118,0.1630385,0.013403497982978824
nearest_neighbor_baseline,755,54159,139269,1.010617916894581,0.6196345090866089,0.7052057,0.08557119091339116,20.222524642944336,20.965828,0.7433033570556624,0.253373384475708,0.3057663,0.05239291552429198,0.25585317611694336,0.30781746,0.05196428388305663,0.16546599566936493,0.15573308,0.009732915669364933
nearest_neighbor_baseline,756,83809,60814,0.6178716300339825,0.9474228620529175,0.9179486,0.029474262052917477,12.074539184570312,15.312695,3.2381558154296872,0.256719172000885,0.26894796,0.012228787999114976,0.26156145334243774,0.27347046,0.011909006657562282,0.2388046681880951,0.24368086,0.004876191811904906
nearest_neighbor_baseline,757,36966,69222,0.6911212404042387,0.6093484163284302,0.7188212,0.10947278367156987,21.77552032470703,23.282179,1.506658675292968,0.28464987874031067,0.26146644,0.023183438740310647,0.2907576560974121,0.27154002,0.019217636097412116,0.2682931423187256,0.28852347,0.020230327681274418
nearest_neighbor_baseline,758,85630,78698,0.7984074070839273,0.6472408771514893,0.561989,0.0852518771514893,19.958179473876953,23.860765,3.9025855261230475,0.30943575501441956,0.31856877,0.009133014985580445,0.3144751489162445,0.3219168,0.007441651083755496,0.22776812314987183,0.23131114,0.0035430168501281722
nearest_neighbor_baseline,759,71935,44382,0.7594583248210351,0.3239174485206604,0.34047797,0.01656052147933962,24.815486907958984,23.237242,1.578244907958986,0.26205310225486755,0.21820621,0.04384689225486754,0.266004741191864,0.22101076,0.04499398119186401,0.24557165801525116,0.20919298,0.03637867801525116
nearest_neighbor_baseline,760,36591,56923,0.9747406182442203,0.9888709187507629,0.9386763,0.05019461875076292,4.528902053833008,8.173751,3.6448489461669915,0.2542840242385864,0.25781628,0.003532255761413583,0.31708088517189026,0.31843534,0.0013544548281097524,0.6841250061988831,0.66513956,0.018985446198883094
nearest_neighbor_baseline,761,73724,95313,0.7848881875687368,0.1310703456401825,0.18791723,0.056846884359817496,29.206787109375,28.928452,0.27833510937499994,0.453690767288208,0.46270692,0.009016152711792014,0.46734869480133057,0.46781167,0.00046297519866944636,0.21280092000961304,0.23167673,0.01887580999038696
nearest_neighbor_baseline,762,32123,52929,0.7236453982337607,0.9906746745109558,0.9812449,0.009429774510955835,4.650707721710205,5.1715565,0.5208487782897953,0.24817416071891785,0.23413822,0.014035940718917839,0.2590333819389343,0.24592929,0.013104091938934331,0.386275053024292,0.36784026,0.018434793024292018
nearest_neighbor_baseline,763,46898,114294,0.719403302818924,0.9514724016189575,0.8288601,0.12261230161895753,6.972031116485596,6.4539657,0.5180654164855953,0.2678900361061096,0.2535195,0.01437053610610961,0.2830009460449219,0.2769209,0.00608004604492185,0.4103364944458008,0.4444916,0.034155105554199205
nearest_neighbor_baseline,764,22971,99984,0.986620279453601,0.04739866778254509,0.030538395,0.01686027278254509,28.53464698791504,27.569656,0.9649909879150407,0.30683284997940063,0.24240702,0.06442582997940063,0.32432523369789124,0.281182,0.04314323369789125,0.3694721460342407,0.43246186,0.06298971396575925
nearest_neighbor_baseline,765,112596,19001,0.9335423966158799,0.24315939843654633,0.11710492,0.12605447843654632,26.212934494018555,23.78434,2.4285944940185544,0.2699849009513855,0.2717382,0.0017532990486144873,0.30183079838752747,0.29609716,0.00573363838752744,0.35580524802207947,0.3858561,0.030050851977920512
nearest_neighbor_baseline,766,102892,28491,0.929345771538008,0.6163771152496338,0.6824019,0.06602478475036622,25.005008697509766,21.66604,3.3389686975097668,0.5331036448478699,0.4960711,0.037032544847869886,0.5448452830314636,0.5092071,0.0356381830314636,0.3215067386627197,0.32594162,0.004434881337280261
nearest_neighbor_baseline,767,129342,111675,0.784256398436267,0.112495057284832,0.058273792,0.054221265284832,24.903480529785156,25.544632,0.6411514702148438,0.20770840346813202,0.2265509,0.01884249653186798,0.21147392690181732,0.22845492,0.016980993098182684,0.2076425850391388,0.15778206,0.04986052503913879
nearest_neighbor_baseline,768,97793,7089,0.8208654640564392,0.5206477642059326,0.60164493,0.08099716579406735,21.14459228515625,18.015358,3.129234285156251,0.31143930554389954,0.29304653,0.01839277554389951,0.31583061814308167,0.29804865,0.01778196814308164,0.23373310267925262,0.22421816,0.009514942679252625
nearest_neighbor_baseline,769,39591,19954,0.8627279765093557,0.9281366467475891,0.88633156,0.04180508674758909,9.295991897583008,6.357116,2.9388758975830074,0.23133952915668488,0.24697702,0.015637490843315116,0.24472343921661377,0.26263988,0.017916440783386223,0.4151701331138611,0.41662005,0.0014499168861389355
nearest_neighbor_baseline,770,117298,99107,0.7984033621698488,0.6497532725334167,0.6133823,0.0363709725334167,21.31850242614746,21.855005,0.5365025738525375,0.3556636571884155,0.34501153,0.010652127188415517,0.3649233281612396,0.3616968,0.003226528161239639,0.34805870056152344,0.31182456,0.036234140561523465
nearest_neighbor_baseline,771,117812,113056,0.7116756695919564,0.2733272314071655,0.3678344,0.09450716859283448,24.990285873413086,26.228338,1.2380521265869149,0.2079443633556366,0.20010921,0.007835153355636587,0.22072675824165344,0.20996815,0.01075860824165345,0.38808301091194153,0.38456494,0.0035180709119415066
nearest_neighbor_baseline,772,103496,77042,0.7089207473202597,0.8305200338363647,0.78991586,0.04060417383636472,18.887531280517578,21.76208,2.874548719482423,0.4108879566192627,0.41703415,0.006146193380737297,0.4174138903617859,0.42052573,0.003111839638214098,0.25514164566993713,0.2053714,0.049770245669937124
nearest_neighbor_baseline,773,119873,125563,1.151373883213711,0.3696175217628479,0.52076787,0.15115034823715212,23.054611206054688,24.395554,1.3409427939453131,0.2844875156879425,0.34825858,0.06377106431205748,0.30609816312789917,0.3773273,0.0712291368721008,0.4553530812263489,0.46659917,0.01124608877365113
nearest_neighbor_baseline,774,34710,139921,0.8774893427996493,0.2094005048274994,0.20612553,0.0032749748274993884,25.43431854248047,24.561184,0.873134542480468,0.32998934388160706,0.34922385,0.019234506118392947,0.3368680477142334,0.3544411,0.01757305228576661,0.22200855612754822,0.27720395,0.05519539387245176
nearest_neighbor_baseline,775,87102,114996,1.0007114089125217,0.74467933177948,0.7558086,0.011129268220520072,15.404839515686035,21.024445,5.619605484313965,0.20812653005123138,0.19105119,0.017075340051231375,0.21866777539253235,0.20548974,0.013178035392532345,0.3507377505302429,0.40307555,0.052337799469757085
nearest_neighbor_baseline,776,39745,117780,0.7071600287764455,0.954821765422821,0.9797903,0.024968534577178958,11.20565128326416,9.041464,2.1641872832641607,0.24730123579502106,0.25412706,0.006825824204978959,0.26592427492141724,0.27075157,0.004827295078582761,0.41373640298843384,0.44774666,0.03401025701156618
nearest_neighbor_baseline,777,112312,81611,0.8987708301375643,0.646471381187439,0.6189152,0.027556181187438966,21.594947814941406,21.972467,0.3775191850585955,0.41430553793907166,0.44038516,0.026079622060928342,0.43546542525291443,0.45807207,0.02260664474708557,0.4443378150463104,0.39580497,0.04853284504631045
nearest_neighbor_baseline,778,8528,3042,0.8357532165762364,0.9503695964813232,0.947948,0.0024215964813232294,6.512363910675049,3.591769,2.9205949106750486,0.2955617308616638,0.29131505,0.0042466808616637985,0.3030499815940857,0.29871163,0.004338351594085688,0.26686158776283264,0.22402523,0.04283635776283265
nearest_neighbor_baseline,779,139865,16554,0.8351400588657797,0.2935269773006439,0.15414824,0.13937873730064393,23.66185760498047,22.994436,0.6674216049804684,0.25254878401756287,0.29066956,0.03812077598243713,0.26424068212509155,0.30404016,0.03979947787490845,0.3023214638233185,0.29651284,0.005808623823318482
nearest_neighbor_baseline,780,9519,36718,0.7487048994024389,0.7125349044799805,0.6398945,0.07264040447998044,20.365711212158203,22.05278,1.6870687878417954,0.8813470005989075,0.8401244,0.04122260059890748,0.8831092119216919,0.84324545,0.03986376192169194,0.13289661705493927,0.13910647,0.00620985294506074
nearest_neighbor_baseline,781,117984,45968,0.7774361460419229,0.8490300178527832,0.8524211,0.0033910821472168395,20.301719665527344,20.508192,0.20647233447265734,0.5275113582611084,0.51523894,0.012272418261108364,0.5332444906234741,0.5205988,0.012645690623474093,0.2842040956020355,0.23249274,0.05171135560203552
nearest_neighbor_baseline,782,43991,83845,0.4232658490710588,0.5226660370826721,0.55218023,0.02951419291732793,25.684627532958984,24.239046,1.445581532958986,0.31905147433280945,0.3381311,0.01907962566719057,0.3237910866737366,0.3438967,0.020105613326263427,0.24471572041511536,0.24177964,0.0029360804151153663
nearest_neighbor_baseline,783,50769,58490,0.8864350941446663,0.24577543139457703,0.109907046,0.13586838539457702,27.317676544189453,27.197996,0.11968054418945329,0.24178892374038696,0.2489474,0.00715847625961305,0.2465921938419342,0.25129956,0.004707366158065773,0.2344689518213272,0.22078718,0.01368177182132721
nearest_neighbor_baseline,784,131704,87716,0.7843018663147957,0.9821379780769348,0.98097515,0.0011628280769347965,3.6509289741516113,3.5607574,0.09017157415161137,0.3011740446090698,0.30584252,0.004668475390930182,0.3170998692512512,0.33464316,0.017543290748748774,0.39392930269241333,0.4137086,0.019779297307586652
nearest_neighbor_baseline,785,13949,105018,0.5989381353154852,0.9409196376800537,0.8632484,0.07767123768005368,13.743099212646484,16.21423,2.471130787353516,0.22778815031051636,0.2375223,0.009734149689483634,0.23460835218429565,0.2494248,0.014816447815704348,0.325703501701355,0.3468818,0.021178298298645037
nearest_neighbor_baseline,786,25115,9342,0.6221110447185527,0.8386762738227844,0.8162877,0.022388573822784474,17.479324340820312,18.553108,1.0737836591796892,0.28039151430130005,0.26423275,0.016158764301300033,0.28961360454559326,0.27976727,0.00984633454559325,0.32715630531311035,0.36892626,0.041769954686889654
nearest_neighbor_baseline,787,9668,119383,0.7261261776177088,0.8936864733695984,0.8281579,0.06552857336959839,13.715121269226074,13.349785,0.36533626922607354,0.23898504674434662,0.23719877,0.0017862767443466154,0.2474467158317566,0.24403088,0.0034158358317565862,0.29251328110694885,0.28638783,0.006125451106948843
nearest_neighbor_baseline,788,118781,127872,0.9474820116611489,0.5518954992294312,0.46817136,0.08372413922943117,24.301530838012695,26.198893,1.8973621619873065,0.7794908285140991,0.7820694,0.0025785714859009046,0.7816080451011658,0.7839202,0.0023121548988341845,0.15935732424259186,0.1551131,0.004244224242591854
nearest_neighbor_baseline,789,138363,65467,0.8328916327475785,0.25289061665534973,0.20286459,0.05002602665534972,23.42828941345215,24.783894,1.3556045865478517,0.219792440533638,0.25130647,0.031514029466362004,0.2285109907388687,0.25439805,0.025887059261131273,0.3052256107330322,0.22871582,0.07650979073303224
nearest_neighbor_baseline,790,51574,16656,0.7315626108610243,0.9483528733253479,0.8458292,0.10252367332534795,12.96839427947998,10.793976,2.17441827947998,0.2270076721906662,0.2341862,0.007178527809333812,0.2647571563720703,0.26530603,0.0005488736279297135,0.5311172604560852,0.4764667,0.054650560456085184
nearest_neighbor_baseline,791,98863,73752,0.8601711060401674,0.7043245434761047,0.59946287,0.10486167347610476,17.74795913696289,18.974316,1.2263568630371111,0.28775644302368164,0.33837765,0.050621206976318334,0.29223403334617615,0.3460698,0.053835766653823836,0.2575056552886963,0.216998,0.04050765528869629
nearest_neighbor_baseline,792,13655,89552,1.0373397036688268,0.9308176636695862,0.9373911,0.006573436330413851,12.88722038269043,16.300276,3.4130556173095705,0.2561001479625702,0.2874041,0.031303952037429805,0.27480989694595337,0.32877862,0.05396872305404665,0.5225890278816223,0.4868762,0.03571282788162233
nearest_neighbor_baseline,793,54571,83968,0.7476839340368556,0.7950430512428284,0.8987009,0.10365784875717166,19.319440841674805,18.045307,1.2741338416748036,0.36180463433265686,0.34844077,0.01336386433265685,0.37925076484680176,0.36515146,0.014099304846801775,0.36974582076072693,0.39374682,0.02400099923927307
nearest_neighbor_baseline,794,42628,10989,0.7172284806874916,0.21149297058582306,0.2328298,0.021336829414176944,28.805288314819336,30.245413,1.4401246851806633,0.7456510663032532,0.72353137,0.022119696303253167,0.7465745806694031,0.7243967,0.02217788066940307,0.11619063466787338,0.09887269,0.017317944667873383
nearest_neighbor_baseline,795,103339,130943,0.8879540433203786,0.1231807991862297,0.16896933,0.045788530813770295,27.741497039794922,29.494652,1.7531549602050767,0.827679455280304,0.79489785,0.03278160528030394,0.8286038041114807,0.79545385,0.033149954111480695,0.11025538295507431,0.08396156,0.026293822955074306
nearest_neighbor_baseline,796,12017,51523,0.6710220158679948,0.9344685673713684,0.9247539,0.00971466737136839,12.762724876403809,13.45453,0.6918051235961915,0.17282235622406006,0.17261249,0.0002098662240600513,0.18395251035690308,0.18057151,0.0033810003569030855,0.4442076086997986,0.39268345,0.051524158699798595
nearest_neighbor_baseline,797,81184,109029,0.4807150424447597,0.9351271390914917,0.8935061,0.04162103909149173,11.454097747802734,11.393676,0.060421747802735126,0.2768073081970215,0.25939396,0.017413348197021505,0.28657856583595276,0.27400625,0.012572315835952752,0.35257387161254883,0.3454277,0.007146171612548824
nearest_neighbor_baseline,798,33584,103816,0.7246225510086155,0.8079983592033386,0.8867507,0.07875234079666138,13.699621200561523,14.301664,0.6020427994384772,0.27396419644355774,0.30862877,0.03466457355644226,0.28514060378074646,0.3150049,0.029864296219253517,0.3193172216415405,0.27876002,0.04055720164154053
nearest_neighbor_baseline,799,98409,15827,0.9341032475102654,0.6133998036384583,0.5463082,0.06709160363845823,23.32120704650879,22.130613,1.1905940465087888,0.2422368824481964,0.26028532,0.018048437551803576,0.25844046473503113,0.2919428,0.033502335264968874,0.47845616936683655,0.5216134,0.04315723063316346
nearest_neighbor_baseline,800,19140,117952,0.765296875604503,0.7655395269393921,0.7600074,0.00553212693939209,19.495119094848633,21.52298,2.0278609051513676,0.3526422083377838,0.3435528,0.009089408337783822,0.3678285777568817,0.36944008,0.0016115022431182902,0.4275415539741516,0.43983027,0.012288716025848412
nearest_neighbor_baseline,801,36901,110677,1.3207660801670202,0.8569701910018921,0.7560368,0.10093339100189214,18.132305145263672,21.14094,3.0086348547363286,0.2291366308927536,0.20551921,0.023617420892753593,0.2509441077709198,0.2449898,0.005954307770919792,0.6024581789970398,0.6957994,0.09334122100296016
nearest_neighbor_baseline,802,69549,139283,1.1573393953257134,0.20136910676956177,0.043909617,0.15745948976956176,28.455835342407227,26.439438,2.0163973424072275,0.7554717063903809,0.7142151,0.04125660639038087,0.7566137313842773,0.7172091,0.0394046313842773,0.11732228100299835,0.19399683,0.07667454899700166
nearest_neighbor_baseline,803,50737,60279,0.7172942331033771,0.8046010136604309,0.7745928,0.030008213660430938,15.07647705078125,18.071827,2.995349949218749,0.2722562551498413,0.28031263,0.008056374850158698,0.2805963158607483,0.28804195,0.0074456341392517,0.33635181188583374,0.28805438,0.04829743188583374
nearest_neighbor_baseline,804,45792,48811,0.8302670065526099,0.2413209229707718,0.34329212,0.10197119702922819,25.717330932617188,23.436014,2.2813169326171874,0.2500613331794739,0.22104931,0.029012023179473878,0.2634090781211853,0.24408455,0.01932452812118529,0.324491024017334,0.38102192,0.05653089598266603
nearest_neighbor_baseline,805,94805,93072,0.6593057385590074,0.9363879561424255,0.84442824,0.09195971614242548,14.711797714233398,13.998455,0.7133427142333986,0.2492392659187317,0.2684468,0.019207534081268296,0.2695809006690979,0.28938195,0.0198010493309021,0.45383313298225403,0.38597345,0.06785968298225403
nearest_neighbor_baseline,806,107666,94684,0.797829260461674,0.9839603900909424,0.9756968,0.008263590090942352,4.168349266052246,4.10861,0.05973926605224644,0.2329620122909546,0.23732993,0.004367917709045405,0.2629614770412445,0.26804554,0.00508406295875552,0.4043145179748535,0.44013456,0.03582004202514649
nearest_neighbor_baseline,807,25569,93807,0.887166217462692,0.08335564285516739,0.12962247,0.0462668271448326,24.924564361572266,23.602514,1.3220503615722663,0.2406861037015915,0.21902262,0.02166348370159149,0.2787128686904907,0.2332851,0.04542776869049073,0.49711161851882935,0.41558295,0.08152866851882934
nearest_neighbor_baseline,808,69523,74309,0.929807775356406,0.3254622519016266,0.3101753,0.0152869519016266,24.775768280029297,23.487408,1.2883602800292984,0.3173358142375946,0.2575705,0.059765314237594624,0.32519251108169556,0.26371363,0.06147888108169558,0.23324806988239288,0.24062292,0.007374850117607107
nearest_neighbor_baseline,809,22608,19071,0.7647245308627023,0.9627015590667725,0.87900984,0.08369171906677242,7.978320121765137,9.316039,1.3377188782348632,0.31172746419906616,0.31491244,0.0031849758009338536,0.32210680842399597,0.3329897,0.010882891576004028,0.2742859423160553,0.29915458,0.024868637683944705
nearest_neighbor_baseline,810,85613,33664,1.0221865892671327,0.028247278183698654,0.064878836,0.03663155781630134,32.639068603515625,31.469406,1.1696626035156257,0.8170124292373657,0.75907326,0.05793916923736575,0.8179523944854736,0.7605523,0.057400094485473674,0.09691484272480011,0.11988958,0.022974737275199886
nearest_neighbor_baseline,811,87981,21598,0.3951973343523087,0.9007587432861328,0.8943548,0.006403943286132807,14.463973045349121,13.768606,0.695367045349121,0.21069921553134918,0.20110166,0.009597555531349194,0.21739333868026733,0.20826755,0.009125788680267338,0.3682321608066559,0.33838266,0.029849500806655882
nearest_neighbor_baseline,812,24963,15124,0.8984250773368313,0.241865336894989,0.26506937,0.023204033105011013,25.936689376831055,22.355143,3.581546376831053,0.3819170594215393,0.41623527,0.034318210578460684,0.38480517268180847,0.42139706,0.03659188731819152,0.19546088576316833,0.22063069,0.025169804236831655
nearest_neighbor_baseline,813,97900,15704,0.742255944299194,0.624393880367279,0.72885317,0.104459289632721,22.803308486938477,22.412672,0.39063648693847597,0.36144107580184937,0.40898433,0.04754325419815064,0.3638193905353546,0.41206267,0.048243279464645406,0.22834019362926483,0.23607117,0.007730976370735165
nearest_neighbor_baseline,814,117651,118421,1.252092646617552,0.7449949979782104,0.9248006,0.17980560202178952,11.486258506774902,11.521874,0.03561549322509805,0.29292523860931396,0.29261085,0.00031438860931398693,0.2992098331451416,0.29581004,0.0033997931451416052,0.2592109739780426,0.20646437,0.052746603978042594
nearest_neighbor_baseline,815,105978,22247,1.7549940366545305,0.9367448091506958,0.96879435,0.032049540849304226,13.95224380493164,6.4071527,7.5450911049316405,0.5987012982368469,0.54232293,0.05637836823684694,0.6471716165542603,0.56144506,0.0857265565542602,0.4944496750831604,0.40083265,0.09361702508316039
nearest_neighbor_baseline,816,108480,73518,0.8281049590425474,0.97160804271698,0.9064004,0.06520764271697999,5.752457618713379,6.6817904,0.9293327812866208,0.28454267978668213,0.32303593,0.0384932502133179,0.2959502935409546,0.3412825,0.0453322064590454,0.3696804940700531,0.34834883,0.021331664070053102
nearest_neighbor_baseline,817,2985,72676,0.7400492093923189,0.7747381925582886,0.7450477,0.029690492558288595,20.324100494384766,18.427143,1.8969574943847647,0.2519248127937317,0.23142125,0.020503562793731694,0.25983357429504395,0.24416064,0.015672934295043933,0.3018818199634552,0.3697407,0.06785888003654478
nearest_neighbor_baseline,818,5034,136324,1.115974184977937,0.4483799338340759,0.2996049,0.14877503383407592,22.054615020751953,27.161652,5.107036979248047,0.7062404751777649,0.73299915,0.02675867482223515,0.7079707384109497,0.7363239,0.028353161589050324,0.14414197206497192,0.19998428,0.05584230793502806
nearest_neighbor_baseline,819,1950,41744,0.8194682108541014,0.6508499979972839,0.5337102,0.11713979799728391,19.285667419433594,21.072554,1.7868865805664065,0.20938201248645782,0.22283942,0.013457407513542186,0.22849920392036438,0.23162706,0.003127856079635616,0.3721632957458496,0.3489993,0.023163995745849597
nearest_neighbor_baseline,820,139307,117593,0.9199494925261285,0.8377617597579956,0.84841263,0.010650870242004395,15.836216926574707,13.781755,2.0544619265747066,0.26481929421424866,0.3362932,0.07147390578575136,0.27267390489578247,0.3413659,0.06869199510421753,0.3082282543182373,0.24940942,0.05881883431823731
nearest_neighbor_baseline,821,117909,23039,0.9434522458496815,0.9595000147819519,0.919111,0.04038901478195189,13.535087585449219,13.938296,0.4032084145507806,0.24177247285842896,0.19545211,0.04632036285842894,0.2579927444458008,0.2457786,0.012214144445800768,0.5535262227058411,0.6171891,0.06366287729415898
nearest_neighbor_baseline,822,82603,61561,0.7902938988331404,0.5770233869552612,0.60842764,0.03140425304473882,18.700233459472656,19.9278,1.227566540527345,0.4212486743927002,0.4346861,0.013437425607299824,0.42628124356269836,0.4449064,0.018625156437301615,0.24578717350959778,0.31795454,0.07216736649040223
nearest_neighbor_baseline,823,18814,78856,1.3913679775342793,0.1483805775642395,0.06856524,0.0798153375642395,27.51291275024414,20.088528,7.4243847502441405,0.2777283191680908,0.28423795,0.006509630831909197,0.31185805797576904,0.3512373,0.03937924202423093,0.5246431827545166,0.6128073,0.08816411724548345
nearest_neighbor_baseline,824,73442,85546,0.467483640061321,0.9198500514030457,0.82145,0.09840005140304564,13.879769325256348,13.168421,0.7113483252563473,0.23535944521427155,0.23924363,0.0038841847857284673,0.23950494825839996,0.24505822,0.00555327174160003,0.2644568979740143,0.28763178,0.02317488202598572
nearest_neighbor_baseline,825,115953,73870,0.992976007293587,0.5674763917922974,0.72168005,0.15420365820770265,22.586313247680664,23.357052,0.7707387523193354,0.48656895756721497,0.4865143,5.465756721495518e-05,0.4940173625946045,0.4933935,0.0006238625946045073,0.26351985335350037,0.28989962,0.02637976664649966
nearest_neighbor_baseline,826,86856,19248,0.6584391540592144,0.8599877953529358,0.8763121,0.016324304647064247,18.857755661010742,17.15946,1.698295661010743,0.30117958784103394,0.2852684,0.015911187841033958,0.30964815616607666,0.300304,0.009344156166076645,0.2992517054080963,0.3220501,0.022798394591903692
nearest_neighbor_baseline,827,48519,129509,0.7867463500311815,0.6252591013908386,0.6343188,0.009059698609161337,14.622859001159668,13.472824,1.1500350011596687,0.3817812502384186,0.3594784,0.022302850238418603,0.38771480321884155,0.37016496,0.017549843218841565,0.24184414744377136,0.27907407,0.037229922556228645
nearest_neighbor_baseline,828,51313,58388,1.4802458300182104,0.74704909324646,0.74386096,0.0031881332464599454,15.60257339477539,19.002542,3.3999686052246076,0.39586079120635986,0.38118413,0.014676661206359853,0.4034439027309418,0.3949169,0.008527002730941757,0.3248772919178009,0.32633984,0.0014625480821990888
nearest_neighbor_baseline,829,108208,26726,0.8959201344337441,0.11316566169261932,0.116037734,0.0028720723073806798,28.558717727661133,27.270483,1.2882347276611341,0.34812140464782715,0.28377485,0.06434655464782713,0.36136260628700256,0.31920922,0.04215338628700255,0.3123019337654114,0.36089602,0.04859408623458861
nearest_neighbor_baseline,830,12744,64794,0.98346016833955,0.37730544805526733,0.45608962,0.07878417194473264,23.248823165893555,26.069906,2.821082834106445,0.3131970763206482,0.31231514,0.0008819363206482023,0.3213052749633789,0.32281986,0.0015145850366211078,0.2924562692642212,0.29118606,0.001270209264221167
nearest_neighbor_baseline,831,100377,42443,0.7650493137521623,0.9667080044746399,0.870743,0.09596500447463985,11.248465538024902,11.789667,0.5412014619750973,0.25303953886032104,0.24569067,0.007348868860321045,0.26193514466285706,0.2562788,0.005656344662857082,0.31861478090286255,0.30571386,0.012900920902862545
nearest_neighbor_baseline,832,59088,83518,0.8268898797946361,0.2493990659713745,0.2752073,0.025808234028625476,23.34468650817871,20.45429,2.8903965081787106,0.3061204254627228,0.35408905,0.04796862453727724,0.31142452359199524,0.35837314,0.04694861640800474,0.25192320346832275,0.23320015,0.01872305346832276
nearest_neighbor_baseline,833,133311,94544,0.8479189144418169,0.6528860926628113,0.74618495,0.09329885733718868,18.981731414794922,20.360664,1.378932585205078,0.30436933040618896,0.34408638,0.03971704959381106,0.3102338910102844,0.36722383,0.05698993898971555,0.2568972706794739,0.29013935,0.03324207932052614
nearest_neighbor_baseline,834,112773,105997,0.7531156188074307,0.8350232243537903,0.85356927,0.018546045646209763,10.970813751220703,7.755493,3.2153207512207027,0.3024582862854004,0.33613673,0.033678443714599604,0.32172366976737976,0.35637242,0.03464875023262026,0.40842825174331665,0.39742056,0.011007691743316672
nearest_neighbor_baseline,835,93535,103465,0.7275093296509793,0.9301202297210693,0.95762324,0.02750301027893065,6.694223403930664,8.153419,1.4591955960693355,0.28030097484588623,0.26627958,0.014021394845886215,0.2902606427669525,0.27977383,0.010486812766952514,0.30051174759864807,0.33879477,0.03828302240135195
nearest_neighbor_baseline,836,132823,22004,0.9928687753181329,0.7610134482383728,0.75669754,0.004315908238372801,21.033096313476562,21.335297,0.3022006865234381,0.3195986747741699,0.30074644,0.018852234774169918,0.3256412744522095,0.30775917,0.017882104452209446,0.31238850951194763,0.33883518,0.026446670488052382
nearest_neighbor_baseline,837,17221,45410,0.9856286275293549,0.08778407424688339,0.023099452,0.0646846222468834,24.82021141052246,24.851406,0.031194589477539836,0.25322628021240234,0.22580238,0.027423900212402347,0.27659666538238525,0.25124463,0.02535203538238523,0.5023015737533569,0.48452547,0.01777610375335692
nearest_neighbor_baseline,838,96556,42356,0.9817314349208376,0.32575157284736633,0.24263473,0.08311684284736634,24.202686309814453,29.519373,5.3166866901855485,0.3355753421783447,0.3755339,0.03995855782165525,0.34368830919265747,0.38105866,0.03737035080734252,0.2794046700000763,0.24563609,0.03376858000007629
nearest_neighbor_baseline,839,112066,55580,0.8836671061168818,0.10334834456443787,0.2578966,0.1545482554355621,29.013973236083984,29.48286,0.46888676391601436,0.4681960642337799,0.46107107,0.00712499423377988,0.4729645550251007,0.4671623,0.005802255025100733,0.2559715211391449,0.29477265,0.03880112886085513
nearest_neighbor_baseline,840,94153,44279,0.6143314275341328,0.8967439532279968,0.85459596,0.04214799322799678,11.227150917053223,12.818325,1.591174082946777,0.2392474114894867,0.24743383,0.0081864185105133,0.25174278020858765,0.25743693,0.005694149791412362,0.3264332711696625,0.3455627,0.019129428830337525
nearest_neighbor_baseline,841,75512,34357,0.9393813233018465,0.9077548980712891,0.9403198,0.032564901928710976,12.617301940917969,11.392002,1.225299940917969,0.19509312510490417,0.20249899,0.007405864895095815,0.2129838466644287,0.22068693,0.0077030833355712924,0.3727550506591797,0.38673308,0.01397802934082032
nearest_neighbor_baseline,842,76472,67956,0.8285702827114034,0.36383572220802307,0.42115393,0.05731820779197694,22.682859420776367,24.108818,1.4259585792236322,0.2813202738761902,0.26678827,0.014532003876190192,0.2851163446903229,0.26968887,0.015427474690322851,0.21098411083221436,0.19147865,0.019505460832214355
nearest_neighbor_baseline,843,68485,101391,0.8905982709704454,0.04598219692707062,0.08487059,0.03888839307292938,25.501611709594727,26.376263,0.874651290405275,0.24698089063167572,0.23114471,0.015836180631675717,0.261756956577301,0.24115999,0.020596966577301035,0.39021608233451843,0.3760051,0.014210982334518452
nearest_neighbor_baseline,844,105476,45404,1.0781885146513177,0.9716421961784363,0.9100607,0.061581496178436335,5.487886905670166,10.393353,4.905466094329833,0.270304411649704,0.286794,0.016489588350296014,0.28731057047843933,0.30920726,0.021896689521560653,0.4257638156414032,0.3957936,0.029970215641403175
nearest_neighbor_baseline,845,9679,134151,0.6257465248721217,0.9617184996604919,0.97957665,0.017858150339508105,8.875385284423828,11.570315,2.6949297155761727,0.24938316643238068,0.23809479,0.011288376432380676,0.25980013608932495,0.24375604,0.016044096089324944,0.3378463387489319,0.32002947,0.017816868748931902
nearest_neighbor_baseline,846,67264,109086,0.6954545674417799,0.7750971913337708,0.8340922,0.0589950086662292,15.451541900634766,14.111992,1.3395499006347649,0.27710288763046265,0.24512175,0.03198113763046265,0.28131353855133057,0.25166106,0.029652478551330574,0.2048642635345459,0.23655048,0.03168621646545411
nearest_neighbor_baseline,847,763,72665,0.8196541681331893,0.8433619141578674,0.8719783,0.028616385842132552,14.75687313079834,16.817831,2.060957869201662,0.40765905380249023,0.40870753,0.0010484761975097512,0.4115532636642456,0.41162083,6.756633575438764e-05,0.2585125267505646,0.17925122,0.07926130675056459
nearest_neighbor_baseline,848,98085,69750,0.8536727317159133,0.9737679958343506,0.9689312,0.0048367958343505935,7.527961730957031,6.4305224,1.0974393309570312,0.2305288314819336,0.21282059,0.01770824148193359,0.2482047826051712,0.24809673,0.00010805260517121607,0.41572484374046326,0.4241049,0.00838005625953675
nearest_neighbor_baseline,849,24340,49022,0.8842413899527908,0.5523101687431335,0.49768242,0.05462774874313353,18.315683364868164,21.569908,3.2542246351318376,0.29647794365882874,0.3615298,0.06505185634117128,0.3027527928352356,0.36397612,0.06122332716476442,0.20145916938781738,0.18985586,0.011603309387817395
nearest_neighbor_baseline,850,25487,113840,0.9413743704677217,0.0622069388628006,0.047785092,0.014421846862800597,19.89016342163086,20.421333,0.5311695783691412,0.24441233277320862,0.2386911,0.005721232773208629,0.24536460638046265,0.24166697,0.0036976363804626378,0.11309351027011871,0.18106031,0.06796679972988129
nearest_neighbor_baseline,851,38153,133120,0.7601975917138161,0.5824207663536072,0.5376436,0.04477716635360718,21.696903228759766,22.182491,0.4855877712402332,0.3345910608768463,0.31847245,0.016118610876846295,0.3447621166706085,0.32773072,0.017031396670608545,0.2881968915462494,0.32324842,0.03505152845375059
nearest_neighbor_baseline,852,84489,25968,0.931797259206561,0.8085667490959167,0.8715715,0.0630047509040833,18.588857650756836,19.498686,0.9098283492431634,0.31081172823905945,0.2766986,0.03411312823905943,0.3164288401603699,0.27976802,0.03666082016036987,0.2392732948064804,0.20913611,0.03013718480648042
nearest_neighbor_baseline,853,103868,42144,0.7883405253576583,0.6818152666091919,0.65079284,0.031022426609191855,18.089908599853516,16.507944,1.5819645998535172,0.28301456570625305,0.32262996,0.03961539429374694,0.2868923246860504,0.32648203,0.039589705313949564,0.21835942566394806,0.21391085,0.004448575663948046
nearest_neighbor_baseline,854,115659,29967,1.0049775237473262,0.8911131024360657,0.8876563,0.00345680243606572,9.926368713378906,10.761479,0.8351102866210933,0.2771543860435486,0.28764525,0.010490863956451435,0.2993733286857605,0.34105346,0.04168013131423948,0.44166645407676697,0.48721147,0.04554501592323301
nearest_neighbor_baseline,855,106438,102615,1.3913995462833069,0.8879103660583496,0.9745138,0.08660343394165038,15.174921989440918,11.792207,3.3827149894409185,0.2169395387172699,0.1928191,0.024120438717269904,0.25166407227516174,0.23915985,0.012504222275161736,0.7442123889923096,0.859066,0.11485361100769043
nearest_neighbor_baseline,856,80368,97145,1.1475020201113915,0.8648571968078613,0.8733641,0.008506903192138648,16.530914306640625,16.79779,0.2668756933593741,0.2938542664051056,0.35745344,0.06359917359489442,0.29660913348197937,0.3625271,0.06591796651802062,0.17831607162952423,0.236621,0.05830492837047577
nearest_neighbor_baseline,857,109773,102545,1.0251920409833115,0.7525867819786072,0.78526163,0.032674848021392866,19.447399139404297,21.334183,1.8867838605957026,0.2670804262161255,0.25739732,0.009683106216125503,0.31422293186187744,0.29212683,0.022096101861877437,0.4918978810310364,0.4256872,0.06621068103103639
nearest_neighbor_baseline,858,91162,124197,0.5717299169111315,0.03637510910630226,0.16059752,0.12422241089369773,26.88005828857422,27.687346,0.8072877114257828,0.2651701867580414,0.26097617,0.0041940167580413745,0.2691759467124939,0.26410007,0.005075876712493876,0.23294609785079956,0.20385943,0.029086667850799552
nearest_neighbor_baseline,859,72703,51900,0.6526546544876791,0.5143430829048157,0.5559053,0.04156221709518437,22.697372436523438,23.325321,0.6279485634765614,0.25590333342552185,0.23602277,0.019880563425521858,0.26055634021759033,0.24346922,0.017087120217590346,0.23826245963573456,0.26402178,0.025759320364265426
nearest_neighbor_baseline,860,65042,61433,0.7026250112662658,0.46148359775543213,0.5321997,0.07071610224456792,21.570049285888672,21.54472,0.025329285888670228,0.21524332463741302,0.2217561,0.006512775362586987,0.23849806189537048,0.24355926,0.005061198104629516,0.47444257140159607,0.5441949,0.06975232859840397
nearest_neighbor_baseline,861,26042,48555,0.9474881647245791,0.6572064161300659,0.63611805,0.021088366130065928,19.424915313720703,16.0313,3.3936153137207015,0.3018017113208771,0.33280832,0.031006608679122916,0.3075452744960785,0.33821538,0.03067010550392152,0.23699527978897095,0.24677224,0.009776960211029057
nearest_neighbor_baseline,862,1760,107826,0.744100422121289,0.9477025270462036,0.96783715,0.02013462295379642,6.711962699890137,5.3407044,1.3712582998901368,0.3069765865802765,0.34122813,0.03425154341972353,0.31608089804649353,0.35134906,0.03526816195350646,0.3167075514793396,0.26815268,0.04855487147933962
nearest_neighbor_baseline,863,53442,36891,0.8161625643672448,0.7659826278686523,0.745625,0.02035762786865236,16.88176727294922,12.435984,4.445783272949219,0.24316252768039703,0.27666467,0.03350214231960297,0.2608530819416046,0.28635707,0.025503988058395377,0.3637344241142273,0.37367424,0.009939815885772696
nearest_neighbor_baseline,864,40212,78702,1.1375424028204804,0.5841909050941467,0.577371,0.006819905094146761,19.536890029907227,23.826012,4.289121970092772,0.4794950485229492,0.49060604,0.011110991477050802,0.4808942973613739,0.4929011,0.01200680263862608,0.1407807469367981,0.1822986,0.04151785306320191
nearest_neighbor_baseline,865,53188,135801,0.8398381819987994,0.9676986336708069,0.89458567,0.07311296367080689,9.31814956665039,10.572203,1.2540534333496094,0.21079882979393005,0.2187717,0.00797287020606996,0.21611066162586212,0.22154397,0.005433308374137885,0.270689994096756,0.18599872,0.08469127409675598
nearest_neighbor_baseline,866,53352,24303,0.8919375545682864,0.019713381305336952,0.09639364,0.07668025869466305,23.979625701904297,21.741287,2.238338701904297,0.25513070821762085,0.29655087,0.04142016178237917,0.288500040769577,0.33723298,0.04873293923042299,0.4659631848335266,0.46968248,0.003719295166473402
nearest_neighbor_baseline,867,128051,73627,1.346531149423055,0.40704968571662903,0.5189391,0.11188941428337096,22.803674697875977,21.543842,1.259832697875975,0.2528066337108612,0.21915656,0.033650073710861206,0.29566746950149536,0.27205864,0.023608829501495343,0.7043313384056091,0.7483968,0.04406546159439084
nearest_neighbor_baseline,868,92641,6660,0.5136056501576617,0.5886504054069519,0.6977721,0.1091216945930481,18.570648193359375,17.757969,0.8126791933593758,0.28989967703819275,0.28206044,0.007839237038192726,0.2999345660209656,0.309761,0.009826433979034432,0.33368900418281555,0.33477402,0.0010850158171844537
nearest_neighbor_baseline,869,115293,116077,1.053565010520061,0.08688507974147797,0.053153414,0.03373166574147796,31.534793853759766,31.729973,0.19517914624023547,0.7853250503540039,0.7333999,0.05192515035400391,0.7856130003929138,0.733961,0.051652000392913844,0.05909689515829086,0.07738414,0.01828724484170914
nearest_neighbor_baseline,870,103587,46187,0.9003839919402624,0.20376114547252655,0.23206744,0.028306294527473463,18.086406707763672,19.466583,1.380176292236328,0.24321503937244415,0.23896624,0.004248799372444156,0.25459811091423035,0.2526363,0.0019618109142303664,0.33774545788764954,0.34351712,0.005771662112350473
nearest_neighbor_baseline,871,2051,19472,0.6966421170040675,0.8267735838890076,0.90638757,0.07961398611099246,16.649402618408203,16.068407,0.5809956184082026,0.3438577651977539,0.3106837,0.0331740651977539,0.3486841917037964,0.318732,0.02995219170379637,0.3124208450317383,0.33904532,0.026624474968261702
nearest_neighbor_baseline,872,24942,40493,0.8794808322949516,0.5458476543426514,0.5073852,0.038462454342651387,14.156022071838379,13.901996,0.25402607183837844,0.28570789098739624,0.2419418,0.04376609098739623,0.2947138547897339,0.24626032,0.04845353478973388,0.27306291460990906,0.23392703,0.03913588460990905
nearest_neighbor_baseline,873,134292,49470,0.7631198384004003,0.9815609455108643,0.99382055,0.012259604489135767,7.207378387451172,3.8106523,3.3967260874511718,0.27050846815109253,0.26952228,0.0009861881510925263,0.2856334149837494,0.29201302,0.006379605016250622,0.4688544273376465,0.48818466,0.019330232662353508
nearest_neighbor_baseline,874,76273,4376,0.8356883405636052,0.8457344770431519,0.85354733,0.007812852956848193,19.88623809814453,19.06421,0.822028098144532,0.5005913376808167,0.4626057,0.03798563768081664,0.5045739412307739,0.46555114,0.03902280123077395,0.24304324388504028,0.19158868,0.05145456388504027
nearest_neighbor_baseline,875,73112,134249,0.8093115561030626,0.6767578721046448,0.650819,0.02593887210464474,18.674856185913086,20.257727,1.5828708140869132,0.5064052939414978,0.4958973,0.010507993941497817,0.5167493224143982,0.50141823,0.015331092414398229,0.26477715373039246,0.24661198,0.018165173730392448
nearest_neighbor_baseline,876,26521,29275,0.7989026256734401,0.6112359166145325,0.6937452,0.08250928338546748,21.771648406982422,22.419998,0.6483495930175778,0.2178352028131485,0.2567039,0.038868697186851486,0.22260712087154388,0.26568314,0.0430760191284561,0.3050996661186218,0.27450764,0.03059202611862183
nearest_neighbor_baseline,877,115365,16528,0.8497366271311679,0.31535089015960693,0.342903,0.02755210984039308,25.411954879760742,26.628868,1.2169131202392585,0.3658471703529358,0.39753038,0.031683209647064225,0.3713264465332031,0.40638548,0.035059033466796896,0.2738465964794159,0.25310308,0.020743516479415913
nearest_neighbor_baseline,878,102324,86344,0.5362980192875774,0.3078100085258484,0.27372476,0.03408524852584838,24.715930938720703,24.000326,0.715604938720702,0.2031553089618683,0.20137854,0.0017767689618682914,0.22304722666740417,0.21115078,0.011896446667404165,0.43027013540267944,0.39044908,0.03982105540267944
nearest_neighbor_baseline,879,77374,57208,1.1940619445717275,0.0697251483798027,0.061811052,0.007914096379802706,29.137950897216797,29.63626,0.4983091027832032,0.613206684589386,0.6677872,0.05458051541061404,0.6229236125946045,0.67281103,0.049887417405395484,0.2250051647424698,0.25139996,0.02639479525753019
nearest_neighbor_baseline,880,52668,91315,0.6685259951734455,0.7423578500747681,0.6515215,0.09083635007476809,21.812744140625,21.068537,0.7442071406250008,0.2766360640525818,0.32093278,0.044296715947418186,0.27995961904525757,0.32567686,0.045717240954742444,0.18162663280963898,0.2018101,0.020183467190361015
nearest_neighbor_baseline,881,19298,51593,0.5853227055403778,0.8079866170883179,0.8444077,0.03642108291168211,6.5335259437561035,8.516929,1.9834030562438958,0.25355491042137146,0.24276932,0.01078559042137145,0.2692008912563324,0.26099914,0.008201751256332379,0.3864903748035431,0.34991148,0.036578894803543094
nearest_neighbor_baseline,882,62663,15045,0.5829849521618582,0.9425219893455505,0.9206972,0.021824789345550544,12.257280349731445,12.252737,0.004543349731445545,0.2681620121002197,0.29845813,0.03029611789978026,0.27530381083488464,0.30658802,0.03128420916511537,0.3077579140663147,0.27705142,0.030706494066314705
nearest_neighbor_baseline,883,67472,99776,0.5135861196152662,0.4111061990261078,0.42081887,0.009712670973892223,24.99501609802246,26.239532,1.2445159019775396,0.24633920192718506,0.23760197,0.008737231927185063,0.24932074546813965,0.24084072,0.00848002546813964,0.2002602517604828,0.20013571,0.00012454176048279364
nearest_neighbor_baseline,884,52898,77206,0.6458310887216662,0.04683690890669823,0.017825283,0.029011625906698226,26.53947639465332,26.125927,0.4135493946533195,0.21296976506710052,0.22655857,0.013588804932899462,0.21602626144886017,0.2361176,0.020091338551139842,0.20775754749774933,0.2730388,0.0652812525022507
nearest_neighbor_baseline,885,84999,65785,0.626335658632817,0.9574334621429443,0.9488196,0.00861386214294435,7.896688938140869,4.9630165,2.933672438140869,0.23489944636821747,0.24212018,0.007220733631782522,0.23998479545116425,0.24945453,0.009469734548835762,0.2840656340122223,0.25098795,0.033077684012222275
nearest_neighbor_baseline,886,101521,134380,1.0357255022899143,0.45009279251098633,0.350924,0.09916879251098631,20.758214950561523,24.36004,3.601825049438478,0.25012871623039246,0.23318832,0.01694039623039245,0.2958586513996124,0.28073177,0.015126881399612435,0.5358713269233704,0.5937065,0.057835173076629665
nearest_neighbor_baseline,887,92906,123088,0.6637643138148048,0.1856050044298172,0.19161612,0.006011115570182801,27.820512771606445,26.645922,1.1745907716064465,0.24506433308124542,0.21861313,0.026451203081245434,0.24721312522888184,0.22262764,0.024585485228881848,0.17537617683410645,0.22896549,0.05358931316589355
nearest_neighbor_baseline,888,61784,20737,0.8116584053118729,0.7615258097648621,0.7331022,0.028423609764862023,18.37971305847168,15.036664,3.3430490584716797,0.41226255893707275,0.409893,0.0023695589370727466,0.41927799582481384,0.41562188,0.0036561158248138437,0.2755385935306549,0.29244965,0.016911056469345098
nearest_neighbor_baseline,889,54182,111905,0.5722244432280633,0.951854407787323,0.9641086,0.012254192212676984,8.031325340270996,8.87326,0.841934659729004,0.2241830825805664,0.24907732,0.024894237419433585,0.2311338484287262,0.26304534,0.03191149157127382,0.3262139856815338,0.33602992,0.009815934318466168
nearest_neighbor_baseline,890,93721,47382,0.7752802773148432,0.5583766102790833,0.4862936,0.07208301027908326,21.150653839111328,18.252342,2.8983118391113294,0.3165934085845947,0.33568993,0.0190965214154053,0.32034429907798767,0.33775452,0.01741022092201233,0.19218499958515167,0.17704211,0.01514288958515167
nearest_neighbor_baseline,891,136587,11703,0.7474513651228976,0.2641569972038269,0.42245373,0.15829673279617312,29.046634674072266,27.07853,1.968104674072265,0.3635115325450897,0.3918988,0.02838726745491027,0.3877820372581482,0.39852232,0.010740282741851792,0.30146005749702454,0.27256495,0.028895107497024564
nearest_neighbor_baseline,892,44451,106249,1.2833842258582795,0.6144423484802246,0.48899835,0.12544399848022458,22.718809127807617,24.991411,2.272601872192382,0.794497013092041,0.80181074,0.007313726907958951,0.7960111498832703,0.8022883,0.006277150116729691,0.1305186003446579,0.0826577,0.0478609003446579
nearest_neighbor_baseline,893,102203,16052,0.6673016886590055,0.6166030168533325,0.6609482,0.044345183146667466,21.62503433227539,21.936636,0.3116016677246094,0.19274230301380157,0.19643714,0.0036948369861984354,0.22866219282150269,0.2357703,0.007108107178497303,0.6728008985519409,0.6441909,0.028609998551940907
nearest_neighbor_baseline,894,50398,8639,0.7705270290368984,0.29639774560928345,0.2633009,0.03309684560928344,23.485517501831055,24.253426,0.7679084981689464,0.1991678774356842,0.19633445,0.0028334274356842104,0.23031435906887054,0.23374833,0.0034339709311294597,0.6727330684661865,0.6281728,0.04456026846618655
nearest_neighbor_baseline,895,89024,131787,0.7503692587312193,0.08867169916629791,0.1413921,0.05272040083370208,24.766199111938477,24.822742,0.056542888061525076,0.2603471279144287,0.21169795,0.048649177914428715,0.2866349220275879,0.23587182,0.05076310202758788,0.5703743100166321,0.5546853,0.015689010016632032
nearest_neighbor_baseline,896,130104,27239,0.5877340501205816,0.9259973764419556,0.9502686,0.024271223558044452,9.658334732055664,8.629272,1.0290627320556638,0.22933125495910645,0.2138359,0.01549535495910645,0.2475694864988327,0.22741826,0.02015122649883269,0.4202422797679901,0.41195667,0.008285609767990088
nearest_neighbor_baseline,897,2777,58423,0.7478902974309266,0.13993802666664124,0.12520073,0.014737296666641225,27.906455993652344,27.29738,0.6090759936523433,0.34546419978141785,0.3038398,0.04162439978141785,0.3663690686225891,0.334308,0.03206106862258912,0.3799099624156952,0.34787557,0.03203439241569517
nearest_neighbor_baseline,898,41400,15451,0.890114746238947,0.24219819903373718,0.26709038,0.024892180966262833,25.265249252319336,26.192656,0.9274067476806636,0.3735194504261017,0.39399448,0.020475029573898296,0.37794506549835205,0.40058836,0.022643294501647926,0.21471595764160156,0.23450056,0.019784602358398434
nearest_neighbor_baseline,899,124523,27890,1.4627125770256253,0.6875007152557373,0.319169,0.3683317152557373,24.734867095947266,25.13501,0.40014290405273556,0.3834758996963501,0.3804939,0.0029819996963501016,0.3911114037036896,0.38441417,0.006697233703689576,0.3592033386230469,0.27467406,0.08452927862304688
nearest_neighbor_baseline,900,52511,132963,1.1284829770120146,0.6560280323028564,0.7316212,0.07559316769714353,23.47710609436035,19.277857,4.199249094360351,0.7030903100967407,0.6905189,0.012571410096740676,0.7046007513999939,0.6919804,0.012620351399993845,0.15172117948532104,0.1038763,0.04784487948532104
nearest_neighbor_baseline,901,100861,89324,1.0372808681279955,0.7217798829078674,0.64228195,0.07949793290786744,17.12542152404785,14.925413,2.200008524047851,0.3111914098262787,0.2727037,0.03848770982627869,0.3283778727054596,0.2867194,0.04165847270545958,0.43098679184913635,0.40805823,0.02292856184913633
nearest_neighbor_baseline,902,60811,16673,0.5204660110411233,0.9443507194519043,0.92528313,0.019067589451904343,10.049092292785645,10.389412,0.34031970721435556,0.2680718004703522,0.26914302,0.0010712195296478377,0.27726659178733826,0.2810756,0.003809008212661724,0.31432050466537476,0.33944628,0.025125775334625233
nearest_neighbor_baseline,903,133936,13956,1.1226106368654805,0.7204956412315369,0.7650523,0.04455665876846315,20.172136306762695,20.311796,0.13965969323730576,0.3666360378265381,0.44187534,0.07523930217346192,0.41551274061203003,0.45800036,0.042487619387969966,0.465994656085968,0.43461862,0.031376036085968007
nearest_neighbor_baseline,904,10666,132391,0.7851764603575242,0.5739040970802307,0.48038563,0.0935184670802307,23.07769775390625,22.155483,0.9222147539062497,0.2225714474916458,0.19206777,0.030503677491645814,0.2705492377281189,0.21685629,0.05369294772811889,0.5072684288024902,0.5104086,0.0031401711975097557
nearest_neighbor_baseline,905,44605,125480,0.8957306923616137,0.860899806022644,0.69967145,0.16122835602264407,20.254241943359375,22.643763,2.389521056640625,0.5933728218078613,0.5616817,0.03169112180786138,0.5949938893318176,0.5639726,0.03102128933181758,0.17423853278160095,0.14573354,0.028504992781600957
nearest_neighbor_baseline,906,126199,116812,1.1629192148110907,0.844841718673706,0.7914802,0.05336151867370609,18.13587760925293,17.64273,0.49314760925292944,0.24409203231334686,0.2691887,0.02509666768665314,0.31060248613357544,0.30782408,0.0027784061335754395,0.7043827176094055,0.6656633,0.03871941760940556
nearest_neighbor_baseline,907,63436,24900,1.0210054079317243,0.4248413145542145,0.30423313,0.12060818455421446,22.8203182220459,21.457003,1.3633152220458982,0.24784445762634277,0.19765507,0.050189387626342785,0.29762113094329834,0.22261463,0.07500650094329833,0.5622765421867371,0.5138273,0.048449242186737074
nearest_neighbor_baseline,908,52149,56260,0.8106702431662397,0.9422981142997742,0.937046,0.005252114299774124,12.649373054504395,13.042496,0.39312294549560534,0.24006538093090057,0.25015235,0.01008696906909945,0.2713662087917328,0.27515495,0.003788741208267221,0.4316332936286926,0.4343688,0.0027355063713073724
nearest_neighbor_baseline,909,762,8111,0.6604703824254446,0.8969997763633728,0.9067012,0.009701423636627182,14.039729118347168,14.220901,0.1811718816528316,0.19174320995807648,0.22612058,0.03437737004192351,0.19678537547588348,0.2293623,0.03257692452411651,0.27624404430389404,0.21165399,0.06459005430389406
nearest_neighbor_baseline,910,39285,57543,0.7734257870596769,0.2641378343105316,0.36828646,0.10414862568946837,23.700008392333984,21.711596,1.9884123923339843,0.2901037335395813,0.30979657,0.019692836460418695,0.29329612851142883,0.31346068,0.02016455148857116,0.22836187481880188,0.17294703,0.05541484481880188
nearest_neighbor_baseline,911,59237,10003,0.9547654118197682,0.9285970330238342,0.9524215,0.023824466976165803,12.575140953063965,13.368615,0.7934740469360353,0.22306963801383972,0.23082398,0.00775434198616029,0.23492655158042908,0.25026196,0.015335408419570928,0.3425391614437103,0.38930023,0.0467610685562897
nearest_neighbor_baseline,912,118467,44050,0.7437567925065086,0.5281806588172913,0.5643141,0.03613344118270878,23.8244686126709,22.478079,1.3463896126708974,0.27411893010139465,0.26913533,0.004983600101394647,0.2856290638446808,0.28150517,0.004123893844680759,0.4090172350406647,0.42108068,0.012063444959335312
nearest_neighbor_baseline,913,133559,118519,0.7472429716062857,0.682985782623291,0.6933662,0.010380417376709028,20.13402557373047,20.204279,0.0702534262695309,0.25888267159461975,0.2957316,0.03684892840538023,0.26169469952583313,0.29875898,0.03706428047416688,0.2081233412027359,0.20201619,0.006107151202735889
nearest_neighbor_baseline,914,69483,85076,0.5791327933447971,0.34215325117111206,0.27560154,0.06655171117111208,24.90486717224121,27.171581,2.266713827758789,0.2871492803096771,0.28137264,0.005776640309677117,0.29884040355682373,0.292628,0.006212403556823731,0.3269542455673218,0.311852,0.01510224556732176
nearest_neighbor_baseline,915,138145,53770,0.7105139954695335,0.7822175025939941,0.79990005,0.017682547406005833,19.934309005737305,19.064789,0.8695200057373036,0.25549381971359253,0.24423046,0.011263359713592519,0.28250378370285034,0.263869,0.01863478370285032,0.5499801635742188,0.46965408,0.08032608357421878
nearest_neighbor_baseline,916,38619,26580,0.49818925836508465,0.9873819947242737,0.9726848,0.014697194724273666,5.602990627288818,8.115215,2.512224372711181,0.22093726694583893,0.21439141,0.006545856945838924,0.23567816615104675,0.2296534,0.006024766151046745,0.4634002149105072,0.46081564,0.002584574910507176
nearest_neighbor_baseline,917,72648,108918,0.6665338844660841,0.988964855670929,0.98416114,0.004803715670928965,5.5449113845825195,6.6782737,1.1333623154174806,0.21650227904319763,0.23772535,0.02122307095680237,0.2363344430923462,0.25999463,0.023660186907653813,0.5160037875175476,0.5395078,0.023504012482452374
nearest_neighbor_baseline,918,43340,14315,0.8050821700966265,0.8314077854156494,0.89234406,0.06093627458435058,11.83366870880127,14.094269,2.260600291198731,0.24769175052642822,0.23430258,0.013389170526428212,0.27630311250686646,0.2724958,0.003807312506866445,0.47720611095428467,0.5058347,0.028628589045715302
nearest_neighbor_baseline,919,51180,87600,1.727083610638059,0.28125500679016113,0.55046326,0.2692082532098389,23.76152992248535,21.28202,2.4795099224853523,0.2716747224330902,0.25466776,0.01700696243309019,0.38583892583847046,0.3815084,0.004330525838470434,0.9212408661842346,0.77048755,0.1507533161842346
nearest_neighbor_baseline,920,57088,17055,0.6804512507388597,0.4255286753177643,0.34522092,0.0803077553177643,18.31093406677246,19.425344,1.1144099332275381,0.27437758445739746,0.2902765,0.015898915542602532,0.28494420647621155,0.3118679,0.026923693523788428,0.3546754717826843,0.37322077,0.018545298217315653
nearest_neighbor_baseline,921,79504,139730,0.7121447819222491,0.9693904519081116,0.95348847,0.01590198190811154,9.847826957702637,9.310511,0.5373159577026367,0.27558958530426025,0.26995516,0.005634425304260227,0.281812846660614,0.27849934,0.0033135066606140295,0.3175585865974426,0.33283037,0.01527178340255736
nearest_neighbor_baseline,922,40239,92775,0.8594815474084563,0.41321861743927,0.36817273,0.045045887439270016,28.333629608154297,28.30994,0.023689608154295883,0.49811843037605286,0.54987913,0.05176069962394714,0.5012133717536926,0.5559186,0.054705228246307414,0.1981169581413269,0.22626477,0.0281478118586731
nearest_neighbor_baseline,923,29896,62088,0.6479220096528767,0.9340093731880188,0.9584068,0.024397426811981204,11.394237518310547,12.775544,1.3813064816894531,0.22685293853282928,0.22926243,0.0024094914671707046,0.23850227892398834,0.2377723,0.0007299789239883503,0.3476696312427521,0.34893048,0.0012608487572479121
nearest_neighbor_baseline,924,138967,113895,0.9085084546031571,0.7673280835151672,0.7681941,0.0008660164848327545,19.36815643310547,19.173077,0.1950794331054695,0.3154153525829315,0.34699196,0.03157660741706847,0.3291902244091034,0.3536294,0.02443917559089659,0.4094066619873047,0.34229916,0.0671075019873047
nearest_neighbor_baseline,925,117608,54626,1.080835853355447,0.17703229188919067,0.2922149,0.11518260811080933,29.02733039855957,29.64516,0.6178296014404303,0.5832667946815491,0.5304479,0.0528188946815491,0.5845476984977722,0.53441167,0.05013602849777221,0.15269240736961365,0.2168727,0.06418029263038635
nearest_neighbor_baseline,926,112163,70025,1.4066912946120342,0.1641751378774643,0.29377827,0.1296031321225357,23.002395629882812,22.710182,0.29221362988281285,0.6002035737037659,0.6261268,0.025923226296234114,0.6012387871742249,0.627213,0.025974212825775167,0.11261384934186935,0.11448529,0.0018714406581306492
nearest_neighbor_baseline,927,122448,117326,0.5459375954019939,0.652736246585846,0.6032759,0.04946034658584597,17.362459182739258,17.84656,0.4841008172607424,0.19801998138427734,0.19881113,0.0007911486157226588,0.20355018973350525,0.20207034,0.0014798497335052618,0.25400540232658386,0.21257631,0.04142909232658387
nearest_neighbor_baseline,928,70155,22536,0.8049281533311216,0.9529953002929688,0.9796422,0.02664689970703127,6.626648426055908,5.790053,0.8365954260559079,0.2627107799053192,0.2850356,0.022324820094680786,0.3025442957878113,0.3373104,0.03476610421218873,0.547768771648407,0.57048786,0.022719088351592975
nearest_neighbor_baseline,929,40510,43907,1.3007467799808337,0.3463228642940521,0.42345348,0.07713061570594787,21.137615203857422,21.559727,0.4221117961425769,0.4408314824104309,0.3755888,0.06524268241043091,0.5927887558937073,0.618945,0.026156244106292692,0.6802419424057007,0.8331574,0.15291545759429936
nearest_neighbor_baseline,930,138672,103225,0.7558111382132738,0.9282814264297485,0.96003556,0.031754133570251475,6.643820762634277,9.013746,2.369925237365722,0.26594167947769165,0.2769589,0.011017220522308357,0.275460809469223,0.2871578,0.011696990530776996,0.31074535846710205,0.3111648,0.00041944153289796837
nearest_neighbor_baseline,931,111728,132616,0.7279023096856807,0.541305661201477,0.5821299,0.04082423879852293,19.080575942993164,22.811275,3.7306990570068344,0.23834605515003204,0.2210041,0.017341955150032035,0.241697296500206,0.22572014,0.01597715650020598,0.22467388212680817,0.24069737,0.016023487873191827
nearest_neighbor_baseline,932,81374,19008,0.7918086897870116,0.7226285338401794,0.6481691,0.07445943384017939,18.568925857543945,18.81404,0.24511414245605323,0.26340216398239136,0.2956493,0.032247136017608646,0.27459442615509033,0.30428904,0.02969461384490968,0.3360409438610077,0.30844465,0.027596293861007704
nearest_neighbor_baseline,933,22533,139419,1.0800603868941008,0.5715882182121277,0.39827037,0.1733178482121277,20.763154983520508,19.743946,1.0192089835205067,0.27609413862228394,0.25387603,0.02221810862228396,0.33145660161972046,0.30252802,0.02892858161972045,0.5785895586013794,0.56595707,0.012632488601379444
nearest_neighbor_baseline,934,78734,60463,0.9855104525782609,0.9426758289337158,0.9595471,0.016871271066284166,10.828451156616211,9.739053,1.0893981566162108,0.3353862166404724,0.3211356,0.014250616640472391,0.3433775007724762,0.32575026,0.017627240772476183,0.3262147903442383,0.22983202,0.09638277034423828
nearest_neighbor_baseline,935,95851,1290,0.67227971635656,0.9453561902046204,0.90963435,0.035721840204620325,13.592939376831055,14.774024,1.181084623168946,0.3623729944229126,0.39075086,0.02837786557708738,0.3663840591907501,0.39853978,0.03215572080924989,0.24820318818092346,0.22460996,0.023593228180923465
nearest_neighbor_baseline,936,114564,23260,0.8156122683329194,0.8183968663215637,0.7122578,0.10613906632156367,19.447263717651367,16.15376,3.293503717651369,0.3187943696975708,0.32974997,0.010955600302429203,0.33264321088790894,0.3358979,0.0032546891120910915,0.34653282165527344,0.30678007,0.03975275165527342
nearest_neighbor_baseline,937,20756,100961,0.5687251557238967,0.5312081575393677,0.4935942,0.03761395753936769,20.067291259765625,20.449076,0.3817847402343766,0.2719801068305969,0.27239332,0.0004132131694030705,0.2747267186641693,0.27420944,0.000517278664169285,0.2121865600347519,0.17110798,0.0410785800347519
nearest_neighbor_baseline,938,31889,88427,0.8453233460960837,0.5932158827781677,0.54899615,0.04421973277816771,21.795028686523438,22.752865,0.9578363134765624,0.25007498264312744,0.25121728,0.0011422973568725459,0.27275538444519043,0.26598427,0.006771114445190407,0.45417022705078125,0.38069707,0.07347315705078122
nearest_neighbor_baseline,939,60156,132549,0.5830612898561732,0.6738593578338623,0.7475401,0.07368074216613774,16.356037139892578,17.135298,0.7792608601074207,0.21923282742500305,0.23057887,0.01134604257499694,0.22490327060222626,0.23787525,0.012971979397773753,0.27277979254722595,0.29825774,0.02547794745277404
nearest_neighbor_baseline,940,100972,35392,1.0347539038299438,0.0863402783870697,0.034491178,0.051849100387069705,19.723299026489258,21.069416,1.3461169735107426,0.31308606266975403,0.3197381,0.006652037330245997,0.3182730972766876,0.34318835,0.024915252723312353,0.2509523034095764,0.31456754,0.06361523659042356
nearest_neighbor_baseline,941,4612,138717,0.544311526646104,0.7669256329536438,0.69275993,0.07416570295364378,9.793686866760254,11.825057,2.0313701332397454,0.31526219844818115,0.31477907,0.0004831284481811582,0.31919941306114197,0.32326886,0.0040694469388580234,0.20504409074783325,0.23546235,0.030418259252166735
nearest_neighbor_baseline,942,33462,91654,0.7496257895044421,0.10418567806482315,0.17161937,0.06743369193517684,27.137893676757812,27.450245,0.3123513232421864,0.29865220189094543,0.30578044,0.007128238109054552,0.30196651816368103,0.30876613,0.006799611836318997,0.21556417644023895,0.16015938,0.05540479644023896
nearest_neighbor_baseline,943,33123,110493,0.9770015911317151,0.9637344479560852,0.97834504,0.014610592043914794,10.801796913146973,11.321638,0.5198410868530274,0.3131534159183502,0.3334958,0.02034238408164979,0.3331804871559143,0.34195074,0.008770252844085669,0.43310829997062683,0.30408514,0.12902315997062686
nearest_neighbor_baseline,944,63373,139832,0.9950414200159174,0.34472087025642395,0.38895562,0.04423474974357605,21.743972778320312,22.45186,0.7078872216796874,0.35141658782958984,0.33418542,0.017231167829589833,0.35654327273368835,0.3394896,0.017053672733688352,0.23044946789741516,0.24024624,0.009796772102584839
nearest_neighbor_baseline,945,67724,124641,0.8323970711426607,0.9820675849914551,0.9815074,0.0005601849914550483,7.428234100341797,6.5414824,0.8867517003417973,0.2783709764480591,0.22938833,0.04898264644805908,0.3195004165172577,0.2766466,0.04285381651725767,0.6358423233032227,0.6662839,0.030441576696777384
nearest_neighbor_baseline,946,70399,78585,0.6132382516684213,0.23055945336818695,0.25230572,0.02174626663181306,25.27452850341797,22.778788,2.49574050341797,0.2893993854522705,0.28079793,0.008601455452270534,0.307564914226532,0.30474338,0.0028215342265319743,0.3930339217185974,0.4330975,0.04006357828140261
nearest_neighbor_baseline,947,70753,71796,0.9417390947299432,0.9907296299934387,0.9804085,0.010321129993438705,4.372897148132324,8.046389,3.6734918518676754,0.28592023253440857,0.27094376,0.014976472534408591,0.35146936774253845,0.35258675,0.0011173822574615522,0.7001699805259705,0.7262613,0.02609131947402954
nearest_neighbor_baseline,948,30393,109216,0.8861025270487097,0.8694892525672913,0.82101154,0.048477712567291276,12.276350021362305,10.389992,1.8863580213623052,0.3576813042163849,0.39539912,0.037717815783615105,0.36104801297187805,0.40065783,0.03960981702812194,0.18097704648971558,0.19587244,0.014895393510284433
nearest_neighbor_baseline,949,21079,21404,0.9073864639332248,0.8527752161026001,0.8047017,0.04807351610260013,15.805378913879395,19.57317,3.7677910861206065,0.40332821011543274,0.40438575,0.001057539884567249,0.42035508155822754,0.40835792,0.011997161558227554,0.3193120062351227,0.2711665,0.048145506235122704
nearest_neighbor_baseline,950,83613,91941,0.5396527755645006,0.7414869070053101,0.8506357,0.10914879299468994,17.687219619750977,17.036924,0.6502956197509775,0.23070335388183594,0.24177907,0.011075716118164075,0.24208839237689972,0.26218128,0.020092887623100297,0.41620346903800964,0.4030643,0.013139169038009657
nearest_neighbor_baseline,951,14927,127680,0.6510136417896396,0.31720444560050964,0.27722174,0.03998270560050965,27.01893424987793,27.01156,0.007374249877930339,0.7587549686431885,0.75704265,0.0017123186431884374,0.7624714374542236,0.7580726,0.0043988374542236475,0.17996415495872498,0.1266458,0.05331835495872497
nearest_neighbor_baseline,952,66599,40459,0.7356428913658928,0.67384272813797,0.7258901,0.05204737186203001,20.634315490722656,19.339994,1.2943214907226555,0.20737449824810028,0.18591307,0.021461428248100267,0.2188425362110138,0.19534288,0.023499656211013797,0.32403564453125,0.36535096,0.04131531546875
nearest_neighbor_baseline,953,35027,75919,0.8615325113028443,0.25100111961364746,0.13044788,0.12055323961364747,29.134016036987305,28.727377,0.4066390369873041,0.2506437301635742,0.28851244,0.03786870983642576,0.2557207942008972,0.28985053,0.03412973579910278,0.20681828260421753,0.14224637,0.06457191260421752
nearest_neighbor_baseline,954,110804,59294,0.8236572941179575,0.2614026963710785,0.17678416,0.0846185363710785,23.971996307373047,23.257652,0.7143443073730467,0.23101580142974854,0.25689152,0.02587571857025145,0.23539327085018158,0.26303113,0.027637859149818422,0.27843278646469116,0.26592356,0.012509226464691159
nearest_neighbor_baseline,955,20639,112514,1.1556308067654921,0.04286941513419151,0.106921494,0.06405207886580849,26.32737159729004,25.175964,1.1514075972900386,0.20580406486988068,0.23720576,0.03140169513011931,0.23062197864055634,0.25686738,0.026245401359443643,0.4284907281398773,0.43085557,0.0023648418601227017
nearest_neighbor_baseline,956,116110,96837,0.7612087258953828,0.8108742237091064,0.89216834,0.08129411629089356,18.239940643310547,17.034542,1.2053986433105486,0.3201047480106354,0.3264587,0.006353951989364615,0.32541272044181824,0.33026856,0.0048558395581817515,0.239903062582016,0.22967462,0.010228442582015995
nearest_neighbor_baseline,957,112198,121911,0.9871506326396555,0.8151633739471436,0.8737547,0.05859132605285644,15.058677673339844,10.102742,4.9559356733398445,0.3972788453102112,0.36118668,0.0360921653102112,0.41279110312461853,0.38821444,0.024576663124618536,0.37403279542922974,0.33712333,0.03690946542922974
nearest_neighbor_baseline,958,3641,53142,1.020293866822598,0.7048747539520264,0.6247369,0.08013785395202633,19.126005172729492,24.078648,4.952642827270509,0.48420682549476624,0.48511598,0.0009091545052337668,0.48657387495040894,0.48675308,0.0001792050495910691,0.17352037131786346,0.1612137,0.012306671317863477
nearest_neighbor_baseline,959,97943,122063,0.8001283213510694,0.6678831577301025,0.7837815,0.11589834226989748,21.991151809692383,19.704144,2.2870078096923834,0.42899012565612793,0.4285409,0.0004492256561279273,0.4380059838294983,0.4333179,0.004688083829498313,0.2831628918647766,0.24493283,0.03823006186477662
nearest_neighbor_baseline,960,129166,53520,0.526343703410037,0.814089298248291,0.8562495,0.04216020175170898,15.6349458694458,13.823387,1.8115588694458005,0.27238789200782776,0.25637937,0.016008522007827763,0.29188090562820435,0.279719,0.01216190562820435,0.5187470316886902,0.53630334,0.01755630831130983
nearest_neighbor_baseline,961,63964,69173,0.49622937557885455,0.8665284514427185,0.8766431,0.010114648557281503,17.01693344116211,15.198413,1.818520441162109,0.2081737518310547,0.22010013,0.011926378168945317,0.2124578058719635,0.223847,0.01138919412803649,0.2744535803794861,0.2641178,0.01033578037948607
nearest_neighbor_baseline,962,55122,1000,0.5899353495275127,0.7736470103263855,0.86947787,0.09583085967361449,17.958812713623047,15.917178,2.041634713623047,0.19308945536613464,0.21835071,0.02526125463386536,0.19821691513061523,0.22345679,0.025239874869384754,0.28106817603111267,0.2697422,0.011325976031112683
nearest_neighbor_baseline,963,91338,66097,0.9018089333473333,0.061269618570804596,0.0506878,0.010581818570804598,23.477767944335938,24.407324,0.9295560556640616,0.2050207406282425,0.20697156,0.0019508193717575062,0.21379266679286957,0.21413006,0.0003373932071304431,0.3703480660915375,0.32013997,0.05020809609153748
nearest_neighbor_baseline,964,125504,112104,0.8032084376765999,0.4641236960887909,0.5530839,0.08896020391120907,24.318058013916016,26.548082,2.230023986083985,0.4243670403957367,0.42476973,0.0004026896042633177,0.42906853556632996,0.42730507,0.001763465566329947,0.25122007727622986,0.19291241,0.05830766727622985
nearest_neighbor_baseline,965,7024,54089,0.8908887803358296,0.8235913515090942,0.9210695,0.09747814849090575,17.354089736938477,16.164253,1.189836736938478,0.29275673627853394,0.30663526,0.013878523721466085,0.3004763424396515,0.3092137,0.008737357560348491,0.26675543189048767,0.20700629,0.05974914189048766
nearest_neighbor_baseline,966,37554,120831,0.8969210630090569,0.6532618999481201,0.53785443,0.11540746994812012,22.684946060180664,25.54105,2.8561039398193344,0.5509121417999268,0.5453327,0.005579441799926754,0.5525306463241577,0.54644996,0.0060806863241577025,0.1586059033870697,0.1428948,0.015711103387069714
nearest_neighbor_baseline,967,36100,47296,0.6103240188768487,0.7961356043815613,0.8292622,0.03312659561843867,18.692031860351562,17.561625,1.1304068603515631,0.19663028419017792,0.20040555,0.0037752658098220704,0.216597318649292,0.21771908,0.001121761350708017,0.5333966016769409,0.5097958,0.023600801676940897
nearest_neighbor_baseline,968,13892,7854,0.6456367137951705,0.8840330839157104,0.7613112,0.12272188391571048,16.95517349243164,19.206514,2.251340507568358,0.2895602881908417,0.27873358,0.010826708190841694,0.31691300868988037,0.29800326,0.01890974868988038,0.41825777292251587,0.44611934,0.027861567077484106
nearest_neighbor_baseline,969,121660,51251,0.651194443313966,0.0431707464158535,0.06924335,0.026072603584146495,25.506120681762695,24.13663,1.369490681762695,0.2330065816640854,0.22386958,0.009137001664085376,0.2867111563682556,0.26898915,0.017722006368255605,0.6701356172561646,0.65000165,0.020133967256164564
nearest_neighbor_baseline,970,34601,63451,1.0426365909686577,0.0412999726831913,0.16355546,0.12225548731680871,28.98805809020996,26.235617,2.7524410902099596,0.3190191984176636,0.29262534,0.026393858417663563,0.32137489318847656,0.29364786,0.02772703318847658,0.17838767170906067,0.11724969,0.061137981709060665
nearest_neighbor_baseline,971,63676,72062,0.888066738200528,0.21838513016700745,0.29423884,0.07585370983299256,25.23265838623047,27.709335,2.4766766137695306,0.2840162515640259,0.30042893,0.016412678435974104,0.28712084889411926,0.3032192,0.01609835110588076,0.21536746621131897,0.17075296,0.04461450621131896
nearest_neighbor_baseline,972,118505,12931,0.8047395294032099,0.9269998073577881,0.9782174,0.05121759264221193,3.254880666732788,3.4259353,0.17105463326721182,0.27740365266799927,0.28566405,0.008260397332000735,0.2994421124458313,0.31918043,0.019738317554168716,0.3638697564601898,0.3905963,0.026726543539810188
nearest_neighbor_baseline,973,88392,80486,0.9530503015689272,0.8802708983421326,0.89209133,0.011820431657867392,13.874683380126953,18.385166,4.5104826198730485,0.4274682104587555,0.47311878,0.04565056954124452,0.43217045068740845,0.48095503,0.04878457931259156,0.23887012898921967,0.2848858,0.04601567101078036
nearest_neighbor_baseline,974,23861,25050,0.9464284670333596,0.09797614812850952,0.178642,0.08066585187149047,29.26922035217285,27.147287,2.121933352172853,0.9402450323104858,0.93290675,0.007338282310485833,0.9406797885894775,0.93363845,0.0070413385894775304,0.07182489335536957,0.088856325,0.017031431644630432
nearest_neighbor_baseline,975,102119,41863,0.8881830611350571,0.9941920042037964,0.99204063,0.002151374203796408,4.282654285430908,7.0438666,2.761212314569092,0.21257992088794708,0.17539856,0.037181360887947074,0.2530049979686737,0.2104582,0.042546797968673694,0.6796553730964661,0.7355865,0.05593112690353397
nearest_neighbor_baseline,976,27429,88815,0.6500170832814878,0.7834160923957825,0.7302237,0.05319239239578244,18.96684455871582,18.54206,0.424784558715821,0.17412559688091278,0.1977592,0.023633603119087215,0.1858575940132141,0.22062029,0.034762695986785885,0.453026682138443,0.46663278,0.013606097861557032
nearest_neighbor_baseline,977,72920,94285,0.860857865200481,0.22248177230358124,0.39733192,0.17485014769641877,27.66219711303711,27.27248,0.38971711303710777,0.4462299942970276,0.48501095,0.03878095570297241,0.4830881655216217,0.49722373,0.01413556447837827,0.37570905685424805,0.32870194,0.04700711685424802
nearest_neighbor_baseline,978,2819,32311,1.1995678614549214,0.7912573218345642,0.7479091,0.043348221834564216,17.89919090270996,19.241869,1.3426780972900403,0.18734672665596008,0.19327994,0.005933213344039928,0.24666059017181396,0.25706863,0.010408039828186055,0.9021406173706055,0.90497833,0.0028377126293945842
nearest_neighbor_baseline,979,55034,38766,0.8529935620221406,0.4787196218967438,0.36181617,0.11690345189674378,19.447040557861328,17.521343,1.9256975578613265,0.26153016090393066,0.21418272,0.04734744090393067,0.26712310314178467,0.22137085,0.04575225314178466,0.29844868183135986,0.3264155,0.027966818168640162
nearest_neighbor_baseline,980,49627,69156,0.8056955809703794,0.6457815170288086,0.726082,0.08030048297119141,22.551485061645508,21.71793,0.8335550616455087,0.25046306848526,0.22893505,0.02152801848526001,0.25737273693084717,0.23415019,0.02322254693084716,0.3107032775878906,0.2711679,0.03953537758789061
nearest_neighbor_baseline,981,35042,49856,0.7593543615475122,0.9413361549377441,0.9601258,0.01878964506225589,9.421740531921387,5.605202,3.8165385319213865,0.36017906665802,0.3749286,0.014749533341979981,0.36689305305480957,0.37965736,0.012764306945190429,0.22156856954097748,0.2405342,0.018965630459022526
nearest_neighbor_baseline,982,36919,91978,0.8887366922655049,0.9095754623413086,0.97581416,0.06623869765869139,8.296966552734375,5.2510104,3.045956152734375,0.33034154772758484,0.36895105,0.038609502272415164,0.3497152626514435,0.38628113,0.03656586734855649,0.4151650667190552,0.37772638,0.0374386867190552
nearest_neighbor_baseline,983,40370,69505,0.7046078722624436,0.3205057978630066,0.29424864,0.026257157863006586,24.36931037902832,25.666697,1.297386620971679,0.4645235240459442,0.46813968,0.0036161559540557886,0.4708283543586731,0.47378114,0.002952785641326894,0.2404690682888031,0.19244988,0.04801918828880311
nearest_neighbor_baseline,984,63773,136163,0.7798870144486254,0.1720009446144104,0.2193006,0.04729965538558961,27.936262130737305,26.643793,1.292469130737306,0.32682836055755615,0.29975104,0.027077320557556128,0.33596232533454895,0.30524713,0.030715195334548973,0.24257975816726685,0.21111889,0.03146086816726684
nearest_neighbor_baseline,985,66000,2660,0.8872509359500046,0.6878982186317444,0.7443527,0.056454481368255593,22.603954315185547,23.100006,0.4960516848144536,0.29050326347351074,0.2890042,0.0014990634735107533,0.3297879099845886,0.31640932,0.01337858998458863,0.3816129267215729,0.37108287,0.010530056721572867
nearest_neighbor_baseline,986,40013,97242,0.6646807538880114,0.6529677510261536,0.6973837,0.044415948973846486,18.90836524963379,18.714375,0.19399024963378864,0.2275143712759018,0.24919657,0.02168219872409821,0.24820685386657715,0.2569734,0.00876654613342287,0.41339510679244995,0.3447105,0.06868460679244998
nearest_neighbor_baseline,987,42403,97212,0.8559198277891599,0.8064769506454468,0.9020502,0.09557324935455325,18.95702362060547,18.782125,0.17489862060546812,0.40363550186157227,0.42976412,0.02612861813842776,0.4074423313140869,0.43459922,0.027156888685913094,0.2400510013103485,0.24769625,0.007645248689651496
nearest_neighbor_baseline,988,102181,10723,0.960177131662148,0.5999739766120911,0.54142725,0.05854672661209104,19.97735595703125,21.67643,1.6990740429687499,0.30969321727752686,0.3271299,0.017436682722473118,0.32037782669067383,0.33034238,0.009964553309326163,0.26722654700279236,0.193406,0.07382054700279236
nearest_neighbor_baseline,989,39050,75843,0.6858530562556736,0.27105626463890076,0.26212144,0.008934824638900773,22.475257873535156,24.331442,1.8561841264648429,0.25524023175239563,0.27538976,0.020149528247604354,0.2633087635040283,0.2804465,0.017137736495971667,0.23281313478946686,0.27184635,0.039033215210533156
nearest_neighbor_baseline,990,78461,48882,0.6776898845012711,0.7680931687355042,0.7193226,0.048770568735504116,23.412944793701172,22.25183,1.16111479370117,0.39629578590393066,0.4060398,0.009744014096069342,0.3985356390476227,0.40813142,0.009595780952377342,0.1775541454553604,0.16133983,0.016214315455360423
nearest_neighbor_baseline,991,74643,102315,0.8601234335841069,0.4069788157939911,0.5414959,0.13451708420600894,19.02933692932129,21.140804,2.11146707067871,0.22976122796535492,0.23423591,0.004474682034645072,0.24223019182682037,0.25293297,0.010702778173179606,0.44395190477371216,0.4521782,0.008226295226287816
nearest_neighbor_baseline,992,49226,131912,1.3838436251251394,0.4287413954734802,0.44150457,0.01276317452651976,23.045928955078125,23.306345,0.2604160449218753,0.20953810214996338,0.22121704,0.011678937850036625,0.251935213804245,0.2659345,0.013999286195755023,0.7294925451278687,0.8438313,0.1143387548721313
nearest_neighbor_baseline,993,85966,89680,1.0979880151905845,0.5332347750663757,0.71020895,0.17697417493362422,22.92034912109375,22.95563,0.03528087890624931,0.3654171824455261,0.41139838,0.045981197554473885,0.3694550395011902,0.4140401,0.044585060498809836,0.24743036925792694,0.22537066,0.02205970925792694
nearest_neighbor_baseline,994,71125,41861,0.975597396817769,0.9401964545249939,0.9869026,0.04670614547500607,8.445658683776855,7.095591,1.3500676837768557,0.254227876663208,0.20714635,0.047081526663208,0.28881174325942993,0.23366755,0.05514419325942993,0.5196414589881897,0.49821338,0.021428078988189714
nearest_neighbor_baseline,995,60720,61919,1.001308160860084,0.1558198481798172,0.049119532,0.1067003161798172,22.875144958496094,25.253155,2.378010041503906,0.2519301176071167,0.21722645,0.03470366760711671,0.2693016231060028,0.25014082,0.01916080310600282,0.4986706078052521,0.48023608,0.018434527805252066
nearest_neighbor_baseline,996,30624,72665,0.8985303213937151,0.8433619141578674,0.97611487,0.13275295584213254,14.75687313079834,13.621482,1.1353911307983395,0.40765905380249023,0.4075573,0.00010175380249022314,0.4115532636642456,0.4137913,0.0022380363357543676,0.2585125267505646,0.3266382,0.06812567324943541
nearest_neighbor_baseline,997,118379,93266,0.43031691414650686,0.935039222240448,0.96010333,0.025064107759552035,13.47769832611084,13.609767,0.13206867388915988,0.2885707914829254,0.31119263,0.02262183851707461,0.29511770606040955,0.31621498,0.021097273939590433,0.30581071972846985,0.29383358,0.011977139728469866
nearest_neighbor_baseline,998,80624,77640,1.0994251104570751,0.9500680565834045,0.8620118,0.08805625658340455,7.446849822998047,10.020809,2.573959177001953,0.3380078971385956,0.37383422,0.035826322861404414,0.39420825242996216,0.40889284,0.014684587570037821,0.6250540018081665,0.6140294,0.011024601808166556
nearest_neighbor_baseline,999,122098,31953,1.1443563961670573,0.13389024138450623,0.1059202,0.02797004138450622,27.85187530517578,26.758583,1.0932923051757797,0.28560078144073486,0.29375872,0.00815793855926511,0.32546424865722656,0.36184826,0.036384011342773415,0.6365514993667603,0.5995507,0.03700079936676026
