method,target_id,dataset_index,neighbor_index,neighbor_context_distance,eta,target_eta,abs_err_eta,tau_transfer,target_tau_transfer,abs_err_tau_transfer,ipr,target_ipr,abs_err_ipr,purity,target_purity,abs_err_purity,c_l1,target_c_l1,abs_err_c_l1
nearest_neighbor_baseline,0,33458,124278,0.06524186612731481,0.7741990685462952,0.7584671,0.015731968546295216,13.780494689941406,13.679777,0.10071768994140662,0.24705617129802704,0.24725586,0.0001996887019729554,0.26838839054107666,0.26755,0.0008383905410766501,0.4813322126865387,0.47606024,0.005271972686538673
nearest_neighbor_baseline,1,74123,12051,0.08881073230404998,0.19244901835918427,0.19029836,0.0021506583591842654,29.583873748779297,29.206373,0.3775007487792976,0.6636534929275513,0.668512,0.004858507072448726,0.6651818156242371,0.67043525,0.0052534343757629776,0.1223418191075325,0.12942995,0.007088130892467487
nearest_neighbor_baseline,2,57950,78305,0.3096824370330104,0.22442969679832458,0.27761433,0.053184633201675435,18.46048355102539,16.832853,1.6276305510253906,0.26054126024246216,0.26614442,0.0056031597575378345,0.30696097016334534,0.30238298,0.0045779901633453135,0.5183064341545105,0.5041054,0.014201034154510461
nearest_neighbor_baseline,3,132514,105002,0.08778917781893227,0.8306404948234558,0.8215711,0.009069394823455812,20.328296661376953,20.109015,0.2192816613769537,0.26044249534606934,0.26017472,0.00026777534606930997,0.26899218559265137,0.27023384,0.0012416544073486357,0.30351030826568604,0.29238144,0.011128868265686043
nearest_neighbor_baseline,4,16005,470,0.05184037388306102,0.952938973903656,0.9542749,0.0013359260963440311,8.193072319030762,7.8531504,0.3399219190307621,0.23910653591156006,0.23684888,0.002257655911560047,0.2513405978679657,0.24990356,0.0014370378679657014,0.38523396849632263,0.3851833,5.06684963226256e-05
nearest_neighbor_baseline,5,117269,39419,0.07447472282203733,0.9103743433952332,0.8926104,0.017763943395233128,17.23357582092285,17.333122,0.09954617907714791,0.20458881556987762,0.20670004,0.002111224430122377,0.21897552907466888,0.21893375,4.177907466887398e-05,0.445700466632843,0.43974382,0.00595664663284301
nearest_neighbor_baseline,6,79622,11581,0.0658781596247621,0.9291310906410217,0.9328691,0.003738009358978278,6.0220723152160645,6.2080483,0.1859759847839353,0.25574803352355957,0.2524332,0.003314833523559546,0.2651572823524475,0.26191923,0.003238052352447507,0.3332135081291199,0.3260561,0.007157408129119858
nearest_neighbor_baseline,7,3648,42507,0.05367272366357869,0.9873567819595337,0.9816332,0.005723581959533708,5.0643815994262695,5.389304,0.32492240057373056,0.22581800818443298,0.2285614,0.0027433918155670145,0.24264514446258545,0.24210514,0.0005400044625854528,0.4018193781375885,0.4024908,0.0006714218624114809
nearest_neighbor_baseline,8,71597,110072,0.08290044475432604,0.9889247417449951,0.99189395,0.002969208255004907,2.806812047958374,2.958586,0.15177395204162591,0.32548704743385315,0.3242428,0.0012442474338531517,0.4009019136428833,0.39422894,0.006672973642883273,0.7061566710472107,0.7152921,0.009135428952789293
nearest_neighbor_baseline,9,15184,39619,0.04317454876493048,0.942017674446106,0.9380948,0.003922874446105951,15.37786865234375,15.09445,0.28341865234374986,0.21333470940589905,0.21274278,0.0005919294058990554,0.22120161354541779,0.22207873,0.0008771164545822163,0.37188246846199036,0.37097368,0.0009087884619903841
nearest_neighbor_baseline,10,116513,46862,0.2735981858213606,0.3371272385120392,0.3533679,0.016240661487960828,15.83016300201416,15.903919,0.07375599798583998,0.24702559411525726,0.26431936,0.01729376588474274,0.277850478887558,0.2954089,0.01755842111244199,0.4738770127296448,0.5033014,0.029424387270355234
nearest_neighbor_baseline,11,72301,39977,0.06891674954397142,0.5707148313522339,0.58143514,0.010720308647766075,19.877527236938477,20.258993,0.3814657630615237,0.23650504648685455,0.23310496,0.0034000864868545533,0.262424498796463,0.26235133,7.316879646301899e-05,0.45383694767951965,0.45395133,0.00011438232048033292
nearest_neighbor_baseline,12,105690,99111,0.09726138189352052,0.1822829246520996,0.17833596,0.0039469646520996216,27.93494987487793,27.576347,0.3586028748779313,0.832862138748169,0.8260057,0.0068564387481689915,0.8335669040679932,0.82681197,0.006754934067993212,0.09883269667625427,0.10525237,0.006419673323745725
nearest_neighbor_baseline,13,8656,103060,0.1595791389476055,0.732515811920166,0.6999377,0.03257811192016602,19.295482635498047,19.408997,0.11351436450195251,0.2963508069515228,0.30825895,0.011908143048477149,0.3635777533054352,0.37106785,0.007490096694564796,0.7031912803649902,0.69473225,0.008459030364990183
nearest_neighbor_baseline,14,56719,103658,0.09888624045897806,0.5531808733940125,0.56644064,0.0132597666059876,22.308862686157227,22.261204,0.04765868615722724,0.2081100344657898,0.2002014,0.007908634465789793,0.22776342928409576,0.22082578,0.006937649284095765,0.4975956380367279,0.4909403,0.006655338036727909
nearest_neighbor_baseline,15,6689,39564,0.08032768346286592,0.8511034846305847,0.8357882,0.015315284630584736,15.11546516418457,15.258431,0.14296583581542954,0.3555825352668762,0.35309833,0.002484205266876205,0.3598417043685913,0.35740274,0.002438964368591312,0.25504881143569946,0.2472404,0.007808411435699464
nearest_neighbor_baseline,16,100831,112279,0.03716098993528021,0.9812953472137451,0.97950435,0.0017909972137450936,3.154594898223877,3.3362637,0.181668801776123,0.2794022560119629,0.2791093,0.000292956011962886,0.3059116303920746,0.30948865,0.0035770196079253913,0.46728911995887756,0.4676934,0.0004042800411224179
nearest_neighbor_baseline,17,116679,105661,0.10138771006843697,0.8117944598197937,0.8213266,0.009532140180206317,20.29767608642578,20.952593,0.654916913574219,0.4542374908924103,0.45154494,0.0026925508924102726,0.46467775106430054,0.46469358,1.582893569945787e-05,0.29439061880111694,0.2972435,0.0028528811988830505
nearest_neighbor_baseline,18,101305,59773,0.11340221713925398,0.06928887218236923,0.07165852,0.002369647817630771,30.468481063842773,30.52825,0.05976893615722645,0.42012596130371094,0.41275868,0.007367281303710949,0.4240669012069702,0.42202425,0.002042651206970225,0.2190532684326172,0.2335222,0.014468931567382826
nearest_neighbor_baseline,19,84681,24599,0.06656754668530013,0.44107532501220703,0.44525677,0.004181444987792993,25.573238372802734,25.671879,0.09864062719726618,0.31867435574531555,0.3178487,0.0008256557453155677,0.3229759633541107,0.32355633,0.0005803666458892853,0.2776501476764679,0.26838478,0.009265367676467906
nearest_neighbor_baseline,20,29614,6390,0.11055135383374785,0.09176646173000336,0.11241332,0.02064685826999664,27.75776481628418,27.629997,0.1277678162841802,0.3656148612499237,0.3617695,0.0038453612499236844,0.36887696385383606,0.36447397,0.004402993853836079,0.1880311518907547,0.1772296,0.010801551890754713
nearest_neighbor_baseline,21,123859,105786,0.07254550784265941,0.9214239120483398,0.90898746,0.012436452048339874,11.836770057678223,11.489827,0.34694305767822264,0.2013658583164215,0.19924553,0.0021203283164215048,0.21149751543998718,0.2113309,0.00016661543998719441,0.3949720561504364,0.39048547,0.0044865861504364
nearest_neighbor_baseline,22,23074,74301,0.10167062351150839,0.1544153392314911,0.14017388,0.014241459231491088,27.760848999023438,27.405123,0.3557259990234378,0.5068477392196655,0.50211406,0.004733679219665499,0.5187046527862549,0.5138985,0.004806152786254847,0.2724995017051697,0.28082356,0.00832405829483035
nearest_neighbor_baseline,23,39388,14416,0.08402927687760792,0.9680109620094299,0.96750814,0.0005028220094299707,10.992898941040039,10.810547,0.18235194104003938,0.21784158051013947,0.21717158,0.0006700005101394624,0.23248732089996338,0.2430961,0.01060877910003663,0.46555987000465393,0.46855432,0.0029944499953460935
nearest_neighbor_baseline,24,43478,46540,0.17753557632692807,0.6212133169174194,0.57894224,0.04227107691741938,12.864946365356445,12.69378,0.17116636535644503,0.23494698107242584,0.24781907,0.01287208892757416,0.2764512002468109,0.27554154,0.0009096602468109394,0.47535374760627747,0.46762252,0.00773122760627748
nearest_neighbor_baseline,25,20356,107393,0.06867476347565388,0.15342141687870026,0.14926344,0.004157976878700259,28.169017791748047,27.982382,0.18663579174804568,0.3556409776210785,0.34924078,0.006400197621078518,0.368230938911438,0.36339417,0.004836768911437972,0.30517998337745667,0.30188543,0.003294553377456655
nearest_neighbor_baseline,26,16026,30316,0.11879304287745913,0.15708023309707642,0.17486508,0.01778484690292359,27.303340911865234,27.49588,0.19253908813476528,0.214152529835701,0.2087741,0.0053784298357009985,0.2334698885679245,0.24231182,0.008841931432075512,0.4270153343677521,0.4174216,0.009593734367752071
nearest_neighbor_baseline,27,107466,30567,0.10385482976671702,0.8593689203262329,0.83776194,0.021606980326232872,10.594836235046387,10.556422,0.03841423504638719,0.4961926341056824,0.49969897,0.003506335894317647,0.52483731508255,0.5153278,0.009509515082550046,0.32307136058807373,0.32517964,0.0021082794119262616
nearest_neighbor_baseline,28,966,50619,0.08763499653216039,0.8518322110176086,0.85911524,0.007283028982391304,19.64117431640625,20.116085,0.47491068359375177,0.22539180517196655,0.22340457,0.001987235171966556,0.23291131854057312,0.23826282,0.005351501459426866,0.378843754529953,0.37446204,0.004381714529953007
nearest_neighbor_baseline,29,64630,11342,0.07299260526521709,0.9463464617729187,0.95448196,0.008135498227081261,11.72437572479248,11.806327,0.0819512752075191,0.3522433042526245,0.35742295,0.005179645747375505,0.3626767694950104,0.362317,0.0003597694950103758,0.2511253356933594,0.25927675,0.008151414306640625
nearest_neighbor_baseline,30,54231,102607,0.1555964356565687,0.9687824249267578,0.95581746,0.012964964926757805,8.2903413772583,7.8988957,0.39144567725830104,0.5367292165756226,0.5376967,0.0009674834243774688,0.5410827994346619,0.5409289,0.00015389943466181943,0.21381361782550812,0.19346185,0.020351767825508127
nearest_neighbor_baseline,31,88946,3183,0.06077078852772022,0.8175351023674011,0.8265191,0.008983997632598828,17.69147300720215,18.020243,0.32876999279785224,0.2560911178588867,0.25307313,0.0030179878588867393,0.2668500542640686,0.26497865,0.0018714042640686213,0.3734823167324066,0.3731522,0.00033011673240662676
nearest_neighbor_baseline,32,53973,82201,0.11499364722383036,0.4013703763484955,0.4251765,0.02380612365150453,27.37932777404785,26.881758,0.4975697740478502,0.3385898470878601,0.34101763,0.0024277829121399086,0.3609417974948883,0.3654213,0.004479502505111699,0.43849310278892517,0.4346095,0.003883602788925189
nearest_neighbor_baseline,33,3780,51509,0.1514464896000792,0.24085527658462524,0.26906386,0.028208583415374744,29.050155639648438,29.479458,0.42930236035156355,0.4658602178096771,0.47149256,0.005632342190322881,0.46634641289711,0.47205588,0.005709467102889998,0.09264899045228958,0.08023107,0.01241792045228958
nearest_neighbor_baseline,34,33369,102592,0.1228903460934244,0.7873692512512207,0.7910845,0.003715248748779265,9.001028060913086,8.753873,0.24715506091308548,0.3273763060569763,0.32675344,0.0006228660569763123,0.330600768327713,0.330872,0.00027123167228698675,0.16387324035167694,0.18104318,0.017169939648323057
nearest_neighbor_baseline,35,107298,62981,0.08093112309251624,0.9518507122993469,0.9604588,0.008608087700653022,10.336400032043457,10.726496,0.3900959679565421,0.268342524766922,0.26803547,0.0003070547669219992,0.2768576741218567,0.27506015,0.0017975241218566862,0.24681052565574646,0.2394322,0.007378325655746448
nearest_neighbor_baseline,36,438,91335,0.08660318774729342,0.7521495819091797,0.74816424,0.003985341909179652,20.837617874145508,20.599714,0.23790387414550906,0.2202729731798172,0.2153853,0.004887673179817198,0.22557224333286285,0.22379883,0.0017734133328628499,0.31071293354034424,0.30053902,0.010173913540344248
nearest_neighbor_baseline,37,114877,3605,0.12533719886353942,0.7171725630760193,0.7057752,0.01139736307601924,21.338916778564453,20.88893,0.4499867785644547,0.3391323983669281,0.33743313,0.001699268366928075,0.37816163897514343,0.378856,0.0006943610248565935,0.4646097421646118,0.4793313,0.0147215578353882
nearest_neighbor_baseline,38,7605,54481,0.08495897826439189,0.9389763474464417,0.9171716,0.021804747446441675,12.106973648071289,11.977125,0.12984864807128993,0.21282173693180084,0.21092434,0.0018973969318008543,0.22003260254859924,0.21796142,0.002071182548599254,0.2753312587738037,0.2701651,0.00516615877380372
nearest_neighbor_baseline,39,15555,134101,0.06528827296294828,0.7927883267402649,0.8091837,0.016395373259735058,15.92093276977539,16.048763,0.12783023022461037,0.35243621468544006,0.35426044,0.0018242253145599463,0.35615307092666626,0.35733542,0.001182349073333755,0.23140378296375275,0.22742453,0.003979252963752733
nearest_neighbor_baseline,40,79003,36716,0.23896896338377757,0.45546284317970276,0.4872733,0.03181045682029726,23.61153221130371,24.499378,0.8878457886962892,0.6549782752990723,0.6528329,0.0021453752990722164,0.659004807472229,0.65993994,0.0009351325277709988,0.2368655800819397,0.2622686,0.02540301991806032
nearest_neighbor_baseline,41,21133,11167,0.10695970538738674,0.2956634759902954,0.3272198,0.031556324009704595,28.639312744140625,28.572351,0.06696174414062384,0.2756289541721344,0.2764688,0.0008398458278656151,0.293998658657074,0.29257074,0.0014279186570739788,0.3405085802078247,0.33818063,0.002327950207824725
nearest_neighbor_baseline,42,13497,17857,0.05864651902379078,0.6754778027534485,0.6676844,0.007793402753448531,17.205333709716797,17.194998,0.010335709716798647,0.3577558100223541,0.35203397,0.005721840022354152,0.3718566596508026,0.3696623,0.002194359650802613,0.329598605632782,0.32533953,0.0042590756327819945
nearest_neighbor_baseline,43,138175,108420,0.09228517177405475,0.20410770177841187,0.20223852,0.0018691817784118603,26.48884391784668,26.457943,0.030900917846679476,0.3311659097671509,0.3336268,0.0024608902328491222,0.34811046719551086,0.35060653,0.002496062804489163,0.36654093861579895,0.35357392,0.012967018615798964
nearest_neighbor_baseline,44,14756,61089,0.07293184789747169,0.7202578186988831,0.71210027,0.008157548698883077,20.836742401123047,20.609009,0.22773340112304652,0.2109459638595581,0.20744209,0.00350387385955811,0.2213989645242691,0.21471155,0.006687414524269103,0.3583329916000366,0.3618089,0.0034759083999633678
nearest_neighbor_baseline,45,86386,95395,0.06493638805050288,0.9179922938346863,0.92296517,0.004972876165313722,8.3104887008667,8.217064,0.09342470086669863,0.2883546054363251,0.28740525,0.0009493554363250722,0.2927519977092743,0.2927139,3.8097709274265146e-05,0.23710694909095764,0.24605627,0.008949320909042352
nearest_neighbor_baseline,46,62112,116339,0.04325346073357413,0.9920768141746521,0.99411213,0.002035315825347883,5.99884033203125,5.7093306,0.28950973203124963,0.18773628771305084,0.18793839,0.00020210228694916843,0.21420305967330933,0.21306454,0.0011385196733093295,0.5680558085441589,0.569427,0.001371191455841081
nearest_neighbor_baseline,47,90336,44562,0.08647816828347181,0.4148366451263428,0.39657944,0.018257205126342768,26.187532424926758,25.758356,0.42917642492675867,0.2958132028579712,0.29651713,0.0007039271420288262,0.3011050224304199,0.3012383,0.00013327756958009251,0.24155224859714508,0.23993585,0.0016163985971450745
nearest_neighbor_baseline,48,26553,112886,0.08388618371646571,0.3218102753162384,0.3051758,0.016634475316238406,22.69588851928711,22.778698,0.08280948071288918,0.2061525583267212,0.20980999,0.0036574316732788104,0.21061931550502777,0.21571718,0.005097864494972237,0.2687860131263733,0.2750041,0.0062180868736266826
nearest_neighbor_baseline,49,71595,130879,0.12989482786905943,0.20900101959705353,0.23206739,0.023066370402946484,27.818300247192383,27.365128,0.45317224719238425,0.2884252071380615,0.27865744,0.009767767138061545,0.3294212222099304,0.3234331,0.0059881222099304465,0.5243295431137085,0.52623135,0.0019018068862914905
nearest_neighbor_baseline,50,54029,56819,0.06118809028415962,0.9554541110992432,0.9519933,0.003460811099243122,8.156993865966797,8.143304,0.013689865966796333,0.38576123118400574,0.39042464,0.004663408815994252,0.39498597383499146,0.4010223,0.006036326165008543,0.340987890958786,0.33748624,0.003501650958786018
nearest_neighbor_baseline,51,126241,80789,0.037361601930502,0.1511552780866623,0.15314956,0.0019942819133376977,26.097963333129883,25.967892,0.13007133312988373,0.2973830997943878,0.29575887,0.0016242297943878103,0.31343957781791687,0.309474,0.003965577817916843,0.37752312421798706,0.3785461,0.001022975782012936
nearest_neighbor_baseline,52,48181,91854,0.19724271771216745,0.6376080513000488,0.6138185,0.023789551300048783,22.64141273498535,23.328236,0.6868232650146489,0.3239278495311737,0.32066396,0.0032638895311736804,0.3914037048816681,0.370717,0.020686704881668072,0.6191608309745789,0.6176781,0.0014827309745788497
nearest_neighbor_baseline,53,118408,105170,0.07371640521665909,0.9006931185722351,0.9128947,0.01220158142776484,16.002681732177734,15.74081,0.26187173217773463,0.22298626601696014,0.22438486,0.0013985939830398475,0.24792829155921936,0.25013077,0.002202478440780642,0.5021129250526428,0.50879335,0.006680424947357211
nearest_neighbor_baseline,54,132888,134474,0.10958821526365553,0.9555782079696655,0.9406932,0.01488500796966552,13.118376731872559,12.716965,0.4014117318725585,0.2746894657611847,0.27513498,0.00044551423881528107,0.29072925448417664,0.29039907,0.00033018448417665436,0.4925437867641449,0.5042295,0.0116857132358551
nearest_neighbor_baseline,55,77211,75128,0.07585600645932937,0.1713058054447174,0.1713736,6.779455528257983e-05,24.246854782104492,24.089294,0.1575607821044933,0.32326626777648926,0.33033255,0.007066282223510745,0.33009836077690125,0.33302355,0.0029251892230987564,0.21946397423744202,0.22643408,0.006970105762557993
nearest_neighbor_baseline,56,24993,87768,0.0931143899347216,0.9505206346511841,0.928411,0.022109634651184096,12.7775239944458,12.686552,0.09097199444580006,0.2694682478904724,0.2703113,0.0008430521095275645,0.3085443079471588,0.30094028,0.007604027947158809,0.5417630076408386,0.54258186,0.0008188523591613484
nearest_neighbor_baseline,57,89584,27464,0.08010482183460801,0.08420820534229279,0.08381365,0.0003945553422927822,29.3463134765625,29.16065,0.1856634765624996,0.2935795783996582,0.30132908,0.007749501600341824,0.29958367347717285,0.3048634,0.005279726522827155,0.21875445544719696,0.21369682,0.005057635447196951
nearest_neighbor_baseline,58,21287,36341,0.08097829895341316,0.815271258354187,0.81023276,0.005038498354187015,15.863738059997559,16.308239,0.4445009400024418,0.2566944658756256,0.25414038,0.0025540858756256113,0.2701254189014435,0.26776546,0.0023599589014434708,0.34462639689445496,0.35070863,0.006082233105545065
nearest_neighbor_baseline,59,87885,99758,0.08308517078112916,0.2411426305770874,0.24107951,6.312057708740548e-05,25.96794891357422,26.234648,0.2666990864257812,0.8680407404899597,0.86947674,0.0014359995100402534,0.8689219951629639,0.87010956,0.0011875648370360814,0.09211387485265732,0.08143045,0.010683424852657317
nearest_neighbor_baseline,60,123520,77010,0.0965115091627392,0.637441098690033,0.6373154,0.00012569869003298262,21.625917434692383,22.101055,0.47513756530761597,0.22084136307239532,0.22667082,0.00582945692760467,0.25841882824897766,0.2654196,0.007000771751022317,0.45692893862724304,0.4601942,0.0032652613727569557
nearest_neighbor_baseline,61,92683,137853,0.192603132821717,0.7295824885368347,0.7488985,0.019316011463165306,21.824947357177734,22.824816,0.9998686428222641,0.47565391659736633,0.4855495,0.00989558340263369,0.4874747097492218,0.49909177,0.011617060250778188,0.3887676000595093,0.39332604,0.0045584399404907106
nearest_neighbor_baseline,62,62402,101974,0.13950338175790425,0.9714926481246948,0.9635143,0.007978348124694778,13.128850936889648,12.703297,0.42555393688964926,0.40082263946533203,0.3846223,0.01620033946533206,0.41279861330986023,0.41405958,0.0012609666901397532,0.443656325340271,0.43764108,0.0060152453402709805
nearest_neighbor_baseline,63,107660,57910,0.11201404400117,0.12510602176189423,0.120743476,0.004362545761894224,30.235689163208008,30.155148,0.0805411632080073,0.22268974781036377,0.22219725,0.0004924978103637567,0.22533190250396729,0.22367024,0.0016616625039672928,0.16595999896526337,0.14986375,0.016096248965263377
nearest_neighbor_baseline,64,114838,117425,0.049349226949728695,0.6905023455619812,0.69193363,0.001431284438018765,23.562166213989258,23.776144,0.2139777860107408,0.33006665110588074,0.3273452,0.0027214511058807345,0.334436297416687,0.3301339,0.004302397416687032,0.24316327273845673,0.2449256,0.0017623272615432672
nearest_neighbor_baseline,65,129419,75058,0.10386532581942431,0.8894955515861511,0.9033592,0.013863648413848906,16.867761611938477,16.808657,0.05910461193847638,0.3666381537914276,0.3665114,0.0001267537914276251,0.3738026022911072,0.37366894,0.00013366229110717276,0.32215651869773865,0.33575636,0.013599841302261328
nearest_neighbor_baseline,66,104180,91018,0.07295864612056456,0.9915907979011536,0.9810648,0.010525997901153605,6.81425142288208,6.784301,0.02995042288207994,0.18405745923519135,0.1867344,0.0026769407648086496,0.22299562394618988,0.22869974,0.005704116053810132,0.6634387969970703,0.6699938,0.00655500300292966
nearest_neighbor_baseline,67,45584,56670,0.032087825624121595,0.9065109491348267,0.9050931,0.0014178491348266764,10.40556812286377,10.385718,0.01985012286376886,0.26893121004104614,0.27195257,0.003021359958953862,0.2743055522441864,0.2771916,0.002886047755813581,0.2578204274177551,0.25640616,0.0014142674177551329
nearest_neighbor_baseline,68,107511,40142,0.0723524412243247,0.9393463730812073,0.95060927,0.011262896918792675,3.212111711502075,3.6110168,0.3989050884979246,0.26545703411102295,0.26646313,0.0010060958889770433,0.27860143780708313,0.27673438,0.0018670578070831279,0.276294469833374,0.27322555,0.0030689198333740397
nearest_neighbor_baseline,69,130638,95168,0.08703620810373497,0.9843090176582336,0.9828951,0.001413917658233621,5.871334075927734,6.010696,0.13936192407226589,0.2613861858844757,0.25168145,0.009704735884475735,0.2901165783405304,0.2906723,0.0005557216594695991,0.4598858058452606,0.45278525,0.007100555845260648
nearest_neighbor_baseline,70,84389,80070,0.06511426970466089,0.15990526974201202,0.16552414,0.005618870257987962,27.258047103881836,26.884502,0.3735451038818347,0.811743438243866,0.81300145,0.0012580117561340476,0.8137292861938477,0.8157679,0.002038613806152334,0.1538887917995453,0.14969918,0.004189611799545301
nearest_neighbor_baseline,71,77346,113177,0.10372018230312015,0.9846203327178955,0.98331374,0.0013065927178954606,4.281956195831299,4.9777174,0.6957612041687016,0.3501639664173126,0.3490426,0.0011213664173126414,0.35787829756736755,0.35605392,0.00182437756736753,0.29134055972099304,0.28701532,0.004325239720993024
nearest_neighbor_baseline,72,132543,50549,0.2135267791374274,0.9573607444763184,0.95227647,0.005084274476318318,8.950077056884766,9.029182,0.07910494311523486,0.6207345724105835,0.63416433,0.013429757589416558,0.629805326461792,0.64924705,0.019441723538208056,0.22706608474254608,0.24559991,0.018533825257453923
nearest_neighbor_baseline,73,34829,82019,0.09345200373211565,0.3983723521232605,0.4156221,0.017249747876739496,22.13694953918457,21.96439,0.17255953918456868,0.2526692748069763,0.25565356,0.0029842851930236836,0.26938092708587646,0.2694603,7.93729141235211e-05,0.429291695356369,0.43903217,0.00974047464363098
nearest_neighbor_baseline,74,16447,68991,0.10354700768816694,0.5141204595565796,0.50898254,0.0051379195565796065,22.03363800048828,22.379879,0.3462409995117177,0.33223143219947815,0.32197392,0.010257512199478125,0.33544909954071045,0.33196816,0.003480939540710437,0.22817151248455048,0.23478936,0.006617847515449526
nearest_neighbor_baseline,75,41036,53750,0.07646317414621895,0.17278991639614105,0.18796815,0.015178233603858948,24.869693756103516,24.718775,0.1509187561035148,0.3414003252983093,0.33605602,0.005344305298309315,0.34292563796043396,0.33791295,0.00501268796043397,0.14015881717205048,0.14140126,0.0012424428279495248
nearest_neighbor_baseline,76,95966,17699,0.06605444907574641,0.7836558818817139,0.7675487,0.016107181881713895,16.182186126708984,16.072035,0.11015112670898475,0.22976361215114594,0.23194991,0.002186297848854074,0.23858366906642914,0.23660281,0.0019808590664291414,0.2778156101703644,0.28200436,0.00418874982963563
nearest_neighbor_baseline,77,8251,88285,0.1075923039141124,0.9691534638404846,0.96104586,0.00810760384048459,12.66567325592041,13.033727,0.3680537440795906,0.18373186886310577,0.18100923,0.0027226388631057807,0.20097829401493073,0.20873229,0.007753995985069262,0.6060216426849365,0.61596453,0.009942887315063431
nearest_neighbor_baseline,78,18874,71022,0.06933947165417914,0.3584272563457489,0.35552377,0.0029034863457488846,27.86406135559082,27.470287,0.3937743555908213,0.7863672971725464,0.7829671,0.0034001971725463598,0.786825954914093,0.7839013,0.0029246549140929945,0.09109293669462204,0.0946497,0.0035567633053779635
nearest_neighbor_baseline,79,75139,27653,0.05086526403124488,0.9586819410324097,0.9606615,0.001979558967590278,14.853567123413086,14.723011,0.1305561234130863,0.3851591944694519,0.3858661,0.0007069055305480854,0.38987961411476135,0.39102417,0.0011445558852386517,0.2868337631225586,0.2935697,0.006735936877441395
nearest_neighbor_baseline,80,131370,31296,0.07507754071486994,0.5771263241767883,0.57568127,0.0014450541767883074,21.408084869384766,21.917786,0.5097011306152339,0.28039875626564026,0.2784825,0.001916256265640237,0.28973081707954407,0.28892547,0.0008053470795440498,0.318217009305954,0.32041407,0.0021970606940460158
nearest_neighbor_baseline,81,115990,2030,0.04921796783209021,0.9558934569358826,0.9504329,0.005460556935882543,7.172985076904297,7.114172,0.058813076904296935,0.3173569142818451,0.31666517,0.000691744281845097,0.323589950799942,0.3219526,0.001637350799942039,0.24096296727657318,0.24728559,0.006322622723426818
nearest_neighbor_baseline,82,109934,95470,0.11862921725921892,0.43015041947364807,0.4137369,0.016413519473648053,24.562971115112305,24.832193,0.2692218848876955,0.4513295292854309,0.46234486,0.011015330714569116,0.46058833599090576,0.4684225,0.007834164009094258,0.24086324870586395,0.24307573,0.0022124812941360372
nearest_neighbor_baseline,83,48295,12438,0.19218122717697522,0.24345149099826813,0.25834417,0.014892679001731857,28.702016830444336,28.8861,0.18408316955566306,0.36600351333618164,0.3619847,0.004018813336181648,0.41773730516433716,0.40253738,0.015199925164337158,0.47680312395095825,0.45567232,0.021130803950958232
nearest_neighbor_baseline,84,70309,85449,0.10874884918379307,0.4118216037750244,0.4281423,0.01632069622497556,23.741331100463867,23.391497,0.3498341004638661,0.26964133977890015,0.26030293,0.009338409778900159,0.2872503697872162,0.29315227,0.005901900212783806,0.39253509044647217,0.39063296,0.0019021304464721944
nearest_neighbor_baseline,85,64679,102358,0.11965836390521378,0.8462073802947998,0.84018725,0.006020130294799753,11.713373184204102,10.883569,0.829804184204102,0.21417772769927979,0.21391621,0.00026151769927978963,0.21768654882907867,0.21809272,0.0004061711709213156,0.22609654068946838,0.22822689,0.002130349310531604
nearest_neighbor_baseline,86,4107,102059,0.11297440948774566,0.6524311304092407,0.6466955,0.005735630409240744,23.353004455566406,23.988289,0.6352845444335955,0.280656635761261,0.27970874,0.0009478957612609751,0.295596718788147,0.28765595,0.007940768788146979,0.32145214080810547,0.32606697,0.004614829191894543
nearest_neighbor_baseline,87,13073,107745,0.08173043497734447,0.507457435131073,0.50196135,0.005496085131073025,22.44447898864746,22.163916,0.28056298864746054,0.27285924553871155,0.2749696,0.002110354461288433,0.28000175952911377,0.28339043,0.003388670470886257,0.289571613073349,0.2803597,0.00921191307334901
nearest_neighbor_baseline,88,90441,41172,0.08271289877095102,0.5006629824638367,0.48985597,0.010807012463836696,23.003570556640625,22.574947,0.42862355664062335,0.6345934867858887,0.6303898,0.004203686785888672,0.6359205842018127,0.63209766,0.0038229242018127385,0.13340651988983154,0.13119675,0.002209769889831542
nearest_neighbor_baseline,89,84205,75175,0.07314605918508417,0.3687799274921417,0.38836735,0.019587422507858276,27.569469451904297,27.611963,0.042493548095702494,0.25829222798347473,0.26168185,0.003389622016525262,0.2624116837978363,0.26483282,0.0024211362021637206,0.2136990875005722,0.21164095,0.0020581375005722102
nearest_neighbor_baseline,90,68647,17844,0.08039047815396122,0.625156819820404,0.62825906,0.0031022401795959276,20.72339630126953,21.258476,0.5350796987304705,0.24276535212993622,0.2420109,0.0007544521299362172,0.25243064761161804,0.25033903,0.002091617611618024,0.34190717339515686,0.34484452,0.0029373466048431274
nearest_neighbor_baseline,91,87033,52570,0.07310856582745505,0.7701231837272644,0.7754382,0.005315016272735562,13.981108665466309,13.57105,0.410058665466309,0.2447197586297989,0.24259923,0.00212052862979889,0.25027555227279663,0.25187498,0.0015994277272033952,0.2359551340341568,0.23061833,0.005336804034156789
nearest_neighbor_baseline,92,107365,87520,0.07241398102273813,0.6851628422737122,0.67514026,0.01002258227371211,13.97724437713623,14.355022,0.3777776228637695,0.24772068858146667,0.2481612,0.00044051141853332365,0.2531401813030243,0.25377217,0.0006319886969757271,0.2513813078403473,0.2566046,0.005223292159652726
nearest_neighbor_baseline,93,40735,115972,0.062407294518189875,0.970487117767334,0.9862209,0.01573378223266597,5.203036308288574,4.992883,0.21015330828857426,0.3828250765800476,0.3819591,0.0008659765800476116,0.38830581307411194,0.38894114,0.00063532692588808,0.26120811700820923,0.26344714,0.0022390229917907956
nearest_neighbor_baseline,94,3418,117926,0.09300225509429738,0.9722339510917664,0.95812285,0.014111101091766387,8.901971817016602,8.599814,0.30215781701660127,0.39681708812713623,0.39020193,0.006615158127136256,0.40400633215904236,0.39981133,0.004195002159042338,0.3074147403240204,0.30177665,0.005638090324020406
nearest_neighbor_baseline,95,5376,101245,0.0574584460350483,0.19807907938957214,0.19651225,0.0015668293895721441,26.648040771484375,26.84561,0.19756922851562564,0.26722681522369385,0.2628127,0.0044141152236938375,0.2740294337272644,0.2727467,0.0012827337272643957,0.2819773256778717,0.2764581,0.00551922567787172
nearest_neighbor_baseline,96,85534,84435,0.06323350221401015,0.47102653980255127,0.45572323,0.01530330980255129,22.712129592895508,22.520437,0.19169259289550666,0.22365806996822357,0.22139704,0.0022610299682235824,0.23356781899929047,0.2307772,0.0027906189992904784,0.3258264660835266,0.32520247,0.0006239960835265901
nearest_neighbor_baseline,97,87802,107150,0.08410871500962559,0.8776094913482666,0.8888163,0.011206808651733402,14.378424644470215,14.852062,0.47363735552978525,0.3009393811225891,0.30021733,0.0007220511225891069,0.30343857407569885,0.30192927,0.0015093040756988252,0.17565755546092987,0.17083138,0.004826175460929866
nearest_neighbor_baseline,98,19714,80917,0.06894651258896672,0.8452746272087097,0.85772574,0.012451112791290297,16.932357788085938,16.761538,0.1708197880859359,0.1910865306854248,0.18706726,0.004019270685424792,0.19919165968894958,0.19379604,0.005395619688949582,0.3460488021373749,0.34753338,0.001484577862625125
nearest_neighbor_baseline,99,112128,28613,0.08542703972189951,0.4629579484462738,0.4667186,0.0037606515537261798,21.8619441986084,22.163942,0.30199780139160026,0.2151426374912262,0.2250121,0.009869462508773796,0.23078018426895142,0.23329534,0.002515155731048574,0.4124618172645569,0.41175765,0.0007041672645569097
nearest_neighbor_baseline,100,128721,31042,0.07896042928780163,0.4480856955051422,0.448897,0.0008113044948577786,24.802064895629883,24.891273,0.08920810437011895,0.3518356382846832,0.34677616,0.005059478284683228,0.35719895362854004,0.3497091,0.007489853628540044,0.17673924565315247,0.18294977,0.006210524346847546
nearest_neighbor_baseline,101,41700,42381,0.06396213767456814,0.1768781840801239,0.18957847,0.012700285919876098,27.35268211364746,27.44778,0.09509788635254068,0.25599411129951477,0.26025674,0.004262628700485216,0.2655688524246216,0.26997843,0.0044095775753784094,0.32122090458869934,0.32319087,0.001969965411300678
nearest_neighbor_baseline,102,111415,68493,0.09359607554347532,0.25903019309043884,0.2560727,0.0029574930904388563,27.173994064331055,27.185375,0.011380935668945824,0.31205031275749207,0.30448842,0.0075618927574920836,0.3189062178134918,0.30994168,0.008964537813491824,0.2872590720653534,0.29291958,0.005660507934646619
nearest_neighbor_baseline,103,41846,28958,0.15976774334093338,0.39790213108062744,0.41071266,0.012810528919372566,28.213184356689453,28.079338,0.13384635668945322,0.3351137936115265,0.3259311,0.009182693611526516,0.33662816882133484,0.32747525,0.009152918821334843,0.13854916393756866,0.12081507,0.017734093937568668
nearest_neighbor_baseline,104,88985,100283,0.048488131961904234,0.6623324751853943,0.6528381,0.00949437518539431,21.34869384765625,21.131826,0.21686784765624978,0.23268289864063263,0.23231246,0.000370438640632631,0.2466295063495636,0.24861024,0.0019807336504364115,0.42801034450531006,0.4301315,0.0021211554946899414
nearest_neighbor_baseline,105,61083,17127,0.06127594242318715,0.19219151139259338,0.19462454,0.0024330286074066287,24.459003448486328,24.111979,0.3470244484863265,0.2936466932296753,0.29124674,0.002399953229675289,0.3041210472583771,0.29981074,0.004310307258377055,0.36833634972572327,0.36894187,0.0006055202742767385
nearest_neighbor_baseline,106,2507,130191,0.185678474566969,0.1531350314617157,0.17344321,0.02030817853828429,27.591476440429688,28.497353,0.9058765595703129,0.6676988005638123,0.67832756,0.010628759436187796,0.668623149394989,0.6789487,0.010325550605010947,0.10813039541244507,0.10123794,0.00689245541244507
nearest_neighbor_baseline,107,88701,110987,0.05852097199664684,0.08144783228635788,0.07984919,0.0015986422863578792,23.226600646972656,23.431452,0.20485135302734392,0.22084598243236542,0.22278814,0.0019421575676345781,0.24169376492500305,0.24091251,0.0007812549250030554,0.48042789101600647,0.47333917,0.007088721016006494
nearest_neighbor_baseline,108,20233,14499,0.07684337523175355,0.1978757083415985,0.19782972,4.598834159852405e-05,27.180118560791016,27.096684,0.08343456079101585,0.3105872571468353,0.30239072,0.008196537146835325,0.3162075877189636,0.3105972,0.005610387718963605,0.231366366147995,0.23516855,0.003802183852005009
nearest_neighbor_baseline,109,65784,74438,0.058348763368024255,0.9738914966583252,0.96223354,0.011657956658325141,10.719695091247559,10.65801,0.06168509124755772,0.1778491586446762,0.17620383,0.0016453286446762028,0.18805204331874847,0.18585497,0.002197073318748466,0.3524683117866516,0.35803276,0.005564448213348394
nearest_neighbor_baseline,110,77021,56058,0.03046075651914736,0.6813368201255798,0.67912954,0.0022072801255798025,22.44249725341797,22.619465,0.17696774658203296,0.3361690044403076,0.33696523,0.0007962255596923873,0.3403773605823517,0.33971024,0.0006671205823516879,0.20844309031963348,0.20639324,0.0020498503196334783
nearest_neighbor_baseline,111,91847,137683,0.11654410871925676,0.8283432722091675,0.8104544,0.01788887220916746,10.823930740356445,10.749181,0.07474974035644522,0.26268407702445984,0.26448187,0.001797792975540169,0.2786405384540558,0.2722839,0.006356638454055763,0.32913270592689514,0.34195542,0.012822714073104868
nearest_neighbor_baseline,112,134768,134941,0.26504594842227136,0.17281080782413483,0.11953876,0.05327204782413483,24.000635147094727,23.177954,0.8226811470947268,0.6657930016517639,0.66743,0.0016369983482360517,0.6700750589370728,0.67032707,0.00025201106292727093,0.2202034443616867,0.19682221,0.02338123436168671
nearest_neighbor_baseline,113,1618,114850,0.10411279520719693,0.9414032101631165,0.91650623,0.024896980163116478,7.183085918426514,7.1120553,0.07103061842651393,0.47002407908439636,0.46790993,0.0021141490843963884,0.4759208559989929,0.47189492,0.004025935998992924,0.19033971428871155,0.1981455,0.007805785711288454
nearest_neighbor_baseline,114,102678,16272,0.17242695363979552,0.5510455965995789,0.5597202,0.008674603400421144,23.038494110107422,22.602724,0.4357701101074234,0.28089162707328796,0.27822566,0.002665967073287978,0.3298751413822174,0.35036916,0.020494018617782606,0.5790871977806091,0.5864679,0.007380702219390911
nearest_neighbor_baseline,115,100814,24663,0.10083285946465398,0.9400120973587036,0.95395523,0.01394313264129643,14.96360969543457,15.153366,0.1897563045654298,0.3028971552848816,0.29831457,0.004582585284881591,0.3245209753513336,0.32274783,0.0017731453513336048,0.5110746026039124,0.49964646,0.011428142603912339
nearest_neighbor_baseline,116,127274,22329,0.06862339640480418,0.9614129662513733,0.9485913,0.012821666251373265,11.950692176818848,11.611339,0.33935317681884847,0.2261490821838379,0.22809029,0.0019412078161621105,0.24548792839050293,0.24676704,0.0012791116094970634,0.5107297301292419,0.5080616,0.0026681301292419413
nearest_neighbor_baseline,117,24292,61443,0.042780155332064224,0.8619931936264038,0.8512997,0.010693493626403816,17.24737548828125,17.14421,0.10316548828124894,0.22998690605163574,0.23024854,0.00026163394836425935,0.2358037680387497,0.2371178,0.0013140319612502949,0.3103530704975128,0.30796364,0.0023894304975128344
nearest_neighbor_baseline,118,124114,52154,0.06458058730471779,0.9659655690193176,0.95481944,0.011146129019317663,9.318951606750488,9.069697,0.2492546067504886,0.19420044124126434,0.18998358,0.00421686124126433,0.20460635423660278,0.20126101,0.003345344236602793,0.3865066170692444,0.3852934,0.0012132170692443767
nearest_neighbor_baseline,119,68315,83902,0.1486472277461105,0.7546483874320984,0.7292272,0.025421187432098424,14.896942138671875,15.352625,0.45568286132812474,0.3264852464199066,0.33287448,0.006389233580093356,0.3554815351963043,0.34990236,0.005579175196304298,0.4649185240268707,0.45254073,0.012377794026870725
nearest_neighbor_baseline,120,98069,41859,0.07521336230148999,0.7053442597389221,0.6859267,0.01941755973892212,23.023250579833984,22.776274,0.24697657983398358,0.462555855512619,0.46233478,0.0002210755126190178,0.4648379385471344,0.46717453,0.0023365914528655773,0.18781957030296326,0.18751529,0.0003042803029632557
nearest_neighbor_baseline,121,67798,92572,0.019621819747750676,0.9912001490592957,0.99406284,0.002862690940704349,5.360847473144531,5.2553906,0.10545687314453112,0.20246313512325287,0.20289335,0.00043021487674713144,0.24052584171295166,0.23949708,0.001028761712951659,0.6912951469421387,0.6908754,0.0004197469421386435
nearest_neighbor_baseline,122,91722,6522,0.09552694515911099,0.5160372257232666,0.5330355,0.016998274276733394,24.00670623779297,24.512684,0.5059777622070314,0.5834962129592896,0.58080995,0.0026862629592895315,0.5854324102401733,0.5824037,0.003028710240173371,0.1624961793422699,0.1626165,0.0001203206577300997
nearest_neighbor_baseline,123,88491,122903,0.06998929924724452,0.8498641848564148,0.8638806,0.014016415143585204,14.578164100646973,14.797662,0.2194978993530281,0.2308153361082077,0.2344146,0.003599263891792298,0.24543176591396332,0.24700767,0.0015759040860366946,0.40457683801651,0.3999716,0.004605238016510027
nearest_neighbor_baseline,124,128377,33159,0.31310191508330093,0.6166129112243652,0.5930979,0.02351501122436528,21.16585350036621,19.38417,1.78168350036621,0.35316264629364014,0.37228206,0.01911941370635989,0.48497167229652405,0.47810468,0.006866992296524044,0.5915033221244812,0.57866937,0.01283395212448124
nearest_neighbor_baseline,125,66005,61003,0.15706869497920062,0.12105970829725266,0.11936989,0.0016898182972526488,25.32562828063965,25.506084,0.18045571936035287,0.21747881174087524,0.20436344,0.013115371740875237,0.25853466987609863,0.25969046,0.001155790123901379,0.6104536652565002,0.628498,0.018044334743499757
nearest_neighbor_baseline,126,60871,6539,0.039880576744211346,0.9021197557449341,0.91243213,0.010312374255065926,16.327823638916016,16.227629,0.10019463891601532,0.2626800835132599,0.26331612,0.0006360364867400992,0.2703128159046173,0.27107987,0.000767054095382691,0.32885241508483887,0.32694593,0.0019064850848388715
nearest_neighbor_baseline,127,3661,71561,0.043789243668116706,0.8174390196800232,0.815457,0.001982019680023206,19.220151901245117,19.4621,0.24194809875488232,0.2611618638038635,0.25892687,0.0022349938038635497,0.2644878327846527,0.2634544,0.0010334327846527325,0.2701743245124817,0.26724717,0.002927154512481711
nearest_neighbor_baseline,128,5254,110787,0.0812033763093575,0.1666070967912674,0.16135001,0.005257086791267407,28.217824935913086,28.301107,0.0832820640869123,0.38211897015571594,0.37974232,0.0023766501557159203,0.3862248659133911,0.3824067,0.003818165913391125,0.22420457005500793,0.2346681,0.010463529944992056
nearest_neighbor_baseline,129,103048,125046,0.07836197723672612,0.8016578555107117,0.79903287,0.0026249855107116637,14.994952201843262,14.983558,0.011394201843261342,0.28527525067329407,0.27745393,0.007821320673294052,0.2890552580356598,0.28180128,0.007253978035659803,0.2405802458524704,0.2387503,0.0018299458524703993
nearest_neighbor_baseline,130,41610,126736,0.07632191462756664,0.9862827062606812,0.9764666,0.00981610626068119,9.339332580566406,8.969985,0.3693475805664068,0.1805730015039444,0.17663778,0.003935221503944403,0.21710644662380219,0.22192945,0.004823003376197815,0.655396580696106,0.6562025,0.0008059193038940649
nearest_neighbor_baseline,131,43739,131415,0.12797836769696588,0.4961244761943817,0.49949542,0.0033709438056183094,18.190610885620117,18.65179,0.4611791143798811,0.2099897861480713,0.21536367,0.005373883851928718,0.23676474392414093,0.2405355,0.003770756075859083,0.5094942450523376,0.49498078,0.014513465052337637
nearest_neighbor_baseline,132,106331,138540,0.07588193025224983,0.9397362470626831,0.9611297,0.02139345293731687,4.226156711578369,4.2591558,0.03299908842163113,0.32632923126220703,0.32463923,0.0016900012622070304,0.3305381238460541,0.33303913,0.0025010061539459394,0.20090754330158234,0.2031044,0.002196856698417654
nearest_neighbor_baseline,133,99376,45254,0.08732161307573455,0.674892246723175,0.66716266,0.00772958672317503,21.518592834472656,21.724648,0.20605516552734215,0.23127716779708862,0.23176423,0.0004870622029113647,0.24120694398880005,0.24029805,0.0009088939888000358,0.36813831329345703,0.35671666,0.011421653293457013
nearest_neighbor_baseline,134,17825,10761,0.07226534087131822,0.9164788722991943,0.9083497,0.008129172299194298,9.655675888061523,9.554885,0.10079088806152292,0.27302196621894836,0.26990777,0.003114196218948373,0.28764185309410095,0.28174427,0.005897583094100933,0.34384405612945557,0.3503315,0.0064874438705444515
nearest_neighbor_baseline,135,104515,47593,0.09869177240517765,0.6913048624992371,0.6736085,0.017696362499237006,23.389453887939453,23.783697,0.39424311206054696,0.5388007760047913,0.5372027,0.0015980760047912268,0.5424938797950745,0.54148954,0.001004339795074416,0.22380033135414124,0.21574281,0.008057521354141228
nearest_neighbor_baseline,136,48891,55590,0.0693060837506782,0.7648165822029114,0.7665359,0.0017193177970886708,18.931764602661133,19.221857,0.29009239733886716,0.20425264537334442,0.20338193,0.0008707153733444328,0.22593936324119568,0.2209849,0.004954463241195667,0.5017750859260559,0.49562517,0.006149915926055904
nearest_neighbor_baseline,137,29684,139609,0.1720065598384191,0.8571462631225586,0.87290853,0.015762266877441422,18.653806686401367,18.840435,0.1866283135986322,0.20013347268104553,0.17920546,0.02092801268104552,0.21786268055438995,0.20985526,0.008007420554389966,0.4786416292190552,0.48163995,0.0029983207809448076
nearest_neighbor_baseline,138,25533,122527,0.06635751960794134,0.08896621316671371,0.09075033,0.0017841168332862894,26.41913604736328,26.818455,0.3993189526367189,0.26004159450531006,0.26332998,0.0032883854946899604,0.26259273290634155,0.26608127,0.003488537093658428,0.1868734359741211,0.18700095,0.00012751402587890537
nearest_neighbor_baseline,139,20962,82322,0.2096388709515454,0.7776127457618713,0.7681416,0.009471145761871358,18.510082244873047,18.334352,0.17573024487304778,0.835260808467865,0.8197346,0.01552620846786501,0.8411130905151367,0.8252538,0.01585929051513668,0.1713002324104309,0.1902688,0.01896856758956908
nearest_neighbor_baseline,140,119733,127137,0.09317837194630452,0.36369481682777405,0.34637225,0.017322566827774055,28.083541870117188,28.02469,0.05885187011718784,0.26973727345466614,0.2612827,0.008454573454666159,0.2761537432670593,0.2771357,0.0009819567329406587,0.28858083486557007,0.29447126,0.005890425134429944
nearest_neighbor_baseline,141,55846,29513,0.1371875642512633,0.39734384417533875,0.3930655,0.004278344175338733,25.791202545166016,25.216278,0.5749245451660165,0.32277339696884155,0.33799875,0.015225353031158462,0.3590857684612274,0.35717443,0.0019113384612274298,0.48418644070625305,0.4834872,0.0006992407062530459
nearest_neighbor_baseline,142,42954,132009,0.06856464590979668,0.14089563488960266,0.13220209,0.008693544889602667,27.700395584106445,27.442757,0.257638584106445,0.29676946997642517,0.3016329,0.004863430023574811,0.3130462169647217,0.3157956,0.00274938303527833,0.3664781153202057,0.36197683,0.004501285320205661
nearest_neighbor_baseline,143,113506,17895,0.14205064127872283,0.4869104027748108,0.52073383,0.03382342722518916,21.974727630615234,22.369987,0.3952593693847639,0.18686550855636597,0.18364699,0.003218518556365957,0.21757672727108002,0.20918016,0.008396567271080013,0.5842416882514954,0.5864407,0.0021990117485046756
nearest_neighbor_baseline,144,44350,61871,0.08103743606415684,0.1416037380695343,0.157177,0.01557326193046571,29.192277908325195,29.427174,0.23489609167480552,0.3271256983280182,0.32874823,0.0016225316719817862,0.34230145812034607,0.33604646,0.006254998120346078,0.30732542276382446,0.3037447,0.0035807227638244843
nearest_neighbor_baseline,145,51254,121447,0.12134388437565503,0.9019745588302612,0.9027792,0.0008046411697387734,9.14363956451416,8.970675,0.1729645645141602,0.2654920816421509,0.25184458,0.013647501642150894,0.2827281951904297,0.278499,0.004229195190429691,0.507755696773529,0.4988706,0.008885096773529055
nearest_neighbor_baseline,146,18035,58852,0.0804235411903645,0.4972173869609833,0.50012565,0.002908263039016701,15.906516075134277,16.461933,0.555416924865721,0.2329341471195221,0.23202096,0.0009131871195220964,0.2408379763364792,0.23934329,0.0014946863364792007,0.28865307569503784,0.28994894,0.0012958643049621466
nearest_neighbor_baseline,147,57139,120032,0.08232651978656418,0.5470545291900635,0.53644776,0.010606769190063425,21.518407821655273,21.155361,0.36304682165527424,0.22146591544151306,0.22251806,0.0010521445584869282,0.2323995977640152,0.23083885,0.0015607477640151857,0.3914211690425873,0.38375568,0.007665489042587292
nearest_neighbor_baseline,148,288,31315,0.057393908738114736,0.6496290564537048,0.6634564,0.013827343546295112,19.058311462402344,18.851463,0.20684846240234478,0.2616828680038452,0.2600071,0.0016757680038452238,0.26521074771881104,0.26329082,0.0019199277188110542,0.2382170855998993,0.23805518,0.00016190559989928688
nearest_neighbor_baseline,149,54183,81494,0.07481280630205632,0.7957870960235596,0.79485834,0.0009287560235595738,15.403202056884766,15.779094,0.375891943115235,0.2218666523694992,0.2263196,0.004452947630500803,0.23755142092704773,0.23980963,0.0022582090729522664,0.38950875401496887,0.39517897,0.005670215985031146
nearest_neighbor_baseline,150,17827,104248,0.08703391299953107,0.07139275968074799,0.070121095,0.0012716646807479914,27.88802719116211,27.556084,0.3319431911621109,0.9718337655067444,0.96538943,0.006444335506744392,0.9719690084457397,0.96554184,0.0064271684457397615,0.04292706027626991,0.038153097,0.004773963276269916
nearest_neighbor_baseline,151,42200,26967,0.10098919796463227,0.5098090767860413,0.4973401,0.012468976786041253,27.688274383544922,27.58751,0.10076438354492012,0.5140809416770935,0.5062406,0.007840341677093465,0.5160027742385864,0.5076567,0.008346074238586465,0.15791532397270203,0.15230675,0.005608573972702036
nearest_neighbor_baseline,152,50369,13396,0.0966505358956111,0.16064000129699707,0.17702001,0.016380008703002935,28.290420532226562,28.349092,0.05867146777343635,0.2807115316390991,0.28710875,0.006397218360900903,0.2818438410758972,0.28924185,0.007398008924102806,0.1462341994047165,0.1408743,0.005359899404716484
nearest_neighbor_baseline,153,119874,89446,0.05981409222786804,0.7428770065307617,0.7470299,0.004152893469238306,19.563364028930664,19.496372,0.06699202893066314,0.2171229124069214,0.22233842,0.005215507593078622,0.24128271639347076,0.24333227,0.0020495536065292252,0.5082924962043762,0.50226736,0.006025136204376169
nearest_neighbor_baseline,154,110298,73043,0.10708807533737345,0.24531929194927216,0.2259466,0.01937269194927216,22.806522369384766,22.633484,0.17303836938476636,0.21875828504562378,0.22624949,0.007491204954376218,0.22497054934501648,0.23233566,0.00736511065498352,0.2424369603395462,0.24709448,0.004657519660453802
nearest_neighbor_baseline,155,1539,79225,0.10732842863210275,0.8624448180198669,0.85445946,0.007985358019866995,17.784143447875977,18.22089,0.43674655212402413,0.2699095606803894,0.25985387,0.010055690680389417,0.2975910007953644,0.30349293,0.005901929204635614,0.4261825382709503,0.42551678,0.000665758270950334
nearest_neighbor_baseline,156,52379,75084,0.21058520301401212,0.8747755289077759,0.84594667,0.028828858907775867,16.455615997314453,15.744453,0.7111629973144531,0.39696216583251953,0.39838147,0.001419304167480484,0.44599223136901855,0.42650217,0.01949006136901854,0.5211527943611145,0.5314537,0.010300905638885527
nearest_neighbor_baseline,157,68642,44468,0.1665473773949093,0.782307505607605,0.77376485,0.008542655607605032,16.356698989868164,15.272466,1.0842329898681644,0.4057265818119049,0.4046297,0.0010968818119049262,0.4243529140949249,0.41623184,0.008121074094924907,0.3412112593650818,0.3413217,0.00011044063491821854
nearest_neighbor_baseline,158,139498,113914,0.07038124539107546,0.18134257197380066,0.1847325,0.0033899280261993348,24.399248123168945,24.587997,0.18874887683105612,0.30439406633377075,0.29889354,0.005500526333770739,0.32610276341438293,0.31951642,0.006586343414382911,0.38532572984695435,0.38287804,0.0024476898469543706
nearest_neighbor_baseline,159,1502,24012,0.047179463275819226,0.8705897927284241,0.8747653,0.004175507271575896,6.1746134757995605,5.966621,0.2079924757995606,0.2375248670578003,0.23841435,0.0008894829421997041,0.24728181958198547,0.24276061,0.004521209581985486,0.2637861967086792,0.26273558,0.0010506167086791751
nearest_neighbor_baseline,160,127469,87463,0.13766026833393538,0.15624494850635529,0.16614236,0.009897411493644703,25.281524658203125,25.79963,0.5181053417968755,0.4801546633243561,0.49021357,0.010058906675643908,0.5063296556472778,0.5076604,0.0013307443527221796,0.3248908817768097,0.3123826,0.012508281776809682
nearest_neighbor_baseline,161,43268,68768,0.06485111659086464,0.9563721418380737,0.9592159,0.0028437581619262797,5.878185272216797,5.5796895,0.29849577221679713,0.26590749621391296,0.26853508,0.0026275837860870177,0.2734542489051819,0.27953848,0.006084231094818093,0.3006408214569092,0.30148184,0.0008410185430908212
nearest_neighbor_baseline,162,42803,39883,0.08438217986666251,0.900333046913147,0.9084822,0.008149153086853045,17.252643585205078,17.564554,0.311910414794923,0.2359432429075241,0.24044713,0.0045038870924759,0.24599333107471466,0.24926578,0.0032724489252853317,0.33186471462249756,0.3240329,0.007831814622497546
nearest_neighbor_baseline,163,1459,7196,0.2521658182069349,0.32982516288757324,0.31125742,0.018567742887573235,22.88520622253418,22.369558,0.5156482225341783,0.28939878940582275,0.26200303,0.02739575940582273,0.3508184254169464,0.36804664,0.01722821458305357,0.7161098718643188,0.71938926,0.0032793881356811827
nearest_neighbor_baseline,164,68069,44470,0.10282904241750113,0.4133571684360504,0.4174658,0.004108631563949583,20.292739868164062,19.837389,0.4553508681640608,0.20358364284038544,0.21155006,0.007966417159614575,0.20886407792568207,0.21506488,0.006200802074317946,0.22791838645935059,0.22330345,0.004614936459350599
nearest_neighbor_baseline,165,46663,39305,0.1325043531259799,0.621642529964447,0.6306602,0.009017670035552983,13.203666687011719,12.79828,0.40538668701171865,0.3197242319583893,0.32826695,0.00854271804161072,0.33357787132263184,0.34460637,0.01102849867736816,0.34751179814338684,0.3558489,0.008337101856613183
nearest_neighbor_baseline,166,102649,43556,0.058557736239117614,0.8740230202674866,0.87527996,0.0012569397325133957,14.463818550109863,14.113092,0.3507265501098633,0.21068286895751953,0.21014732,0.0005355489575195327,0.2338896244764328,0.23421419,0.0003245655235671885,0.48178425431251526,0.47727737,0.00450688431251528
nearest_neighbor_baseline,167,23918,69819,0.1125309114716419,0.05438829958438873,0.055500045,0.001111745415611265,26.047935485839844,26.757128,0.7091925141601578,0.37277254462242126,0.36788923,0.004883314622421253,0.37556758522987366,0.3722383,0.0033292852298736353,0.20314891636371613,0.20740405,0.004255133636283881
nearest_neighbor_baseline,168,129278,459,0.060065122637465475,0.9744046926498413,0.9634831,0.010921592649841272,10.073356628417969,9.824373,0.24898362841796917,0.22122934460639954,0.22221565,0.0009863053936004507,0.22950080037117004,0.23145387,0.001953069628829962,0.34569936990737915,0.34987503,0.004175660092620825
nearest_neighbor_baseline,169,88135,95956,0.1031204464551703,0.9668191075325012,0.9512185,0.015600607532501254,5.340698719024658,5.435145,0.09444628097534213,0.3260636627674103,0.31485316,0.011210502767410258,0.3595990836620331,0.35973653,0.00013744633796691774,0.40959057211875916,0.40417278,0.005417792118759146
nearest_neighbor_baseline,170,83412,84695,0.07733196645117736,0.15386825799942017,0.17418015,0.02031189200057984,27.045177459716797,27.298477,0.25329954028320145,0.34922006726264954,0.34834108,0.000878987262649511,0.35301801562309265,0.3515214,0.0014966156230926675,0.19758298993110657,0.19718997,0.0003930199311065752
nearest_neighbor_baseline,171,95843,57936,0.23607954486687804,0.3178022503852844,0.26585367,0.05194858038528444,27.697702407836914,28.249697,0.5519945921630871,0.40397047996520996,0.40244472,0.001525759965209983,0.504362940788269,0.4884497,0.015913240788269056,0.5256657600402832,0.5374531,0.011787339959716814
nearest_neighbor_baseline,172,127898,79735,0.11571558369108793,0.6148554086685181,0.6105009,0.004354508668518053,23.01097297668457,23.13431,0.12333702331542895,0.5501818656921387,0.55489653,0.004714664307861383,0.5535356998443604,0.56111866,0.00758296015563964,0.23370973765850067,0.22003186,0.013677877658500676
nearest_neighbor_baseline,173,131660,4814,0.11099610357811916,0.6005334854125977,0.6201903,0.019656814587402316,22.04692268371582,22.282326,0.23540331628418087,0.27614277601242065,0.27630904,0.00016626398757935146,0.29009780287742615,0.28633088,0.0037669228774261376,0.40526363253593445,0.39370427,0.011559362535934425
nearest_neighbor_baseline,174,116898,18061,0.08427233817722105,0.9227009415626526,0.920569,0.0021319415626526173,5.427608966827393,5.976424,0.5488150331726072,0.4531553089618683,0.45569226,0.0025369510381317295,0.45634594559669495,0.46005416,0.0037082144033050435,0.15396419167518616,0.15364957,0.00031462167518614415
nearest_neighbor_baseline,175,62291,58241,0.0844771260860782,0.4204811751842499,0.4368854,0.0164042248157501,26.985519409179688,27.196178,0.21065859082031224,0.28325119614601135,0.28598428,0.002733083853988627,0.3106524348258972,0.30417836,0.006474074825897236,0.3556765913963318,0.3518146,0.0038619913963318098
nearest_neighbor_baseline,176,59051,107419,0.13116024390169426,0.9130268692970276,0.9371833,0.024156430702972465,4.6646647453308105,4.2727866,0.39187814533081067,0.3674490451812744,0.37492657,0.0074775248187256005,0.3925834596157074,0.3836945,0.008888959615707404,0.29105761647224426,0.28719553,0.003862086472244286
nearest_neighbor_baseline,177,11502,21988,0.12165458875434963,0.3657935857772827,0.3774842,0.011690614222717277,26.45076560974121,25.969688,0.4810776097412095,0.8209913372993469,0.8260946,0.005103262700653088,0.8219195008277893,0.82788026,0.005960759172210728,0.1256086826324463,0.13646677,0.010858087367553698
nearest_neighbor_baseline,178,42254,27503,0.046249771514506856,0.16153104603290558,0.15072244,0.010808606032905566,27.977170944213867,28.104229,0.12705805578613294,0.2972763180732727,0.29563823,0.0016380880732727032,0.3022119104862213,0.3006917,0.0015202104862213073,0.20986293256282806,0.21228768,0.0024247474371719424
nearest_neighbor_baseline,179,46132,50584,0.10910695244875959,0.9250788688659668,0.9381767,0.013097831134033178,3.133470296859741,2.7796597,0.35381059685974137,0.33742764592170715,0.34425157,0.006823924078292853,0.35185351967811584,0.36166787,0.009814350321884158,0.32247352600097656,0.32354036,0.0010668339990234643
nearest_neighbor_baseline,180,51618,1698,0.07564774775231148,0.37060627341270447,0.37032053,0.00028574341270448667,26.11482048034668,26.036715,0.07810548034667875,0.3073178231716156,0.31001493,0.0026971068283844213,0.3157294690608978,0.32229596,0.006566490939102165,0.3100282549858093,0.3179883,0.007960045014190675
nearest_neighbor_baseline,181,67014,115841,0.12287259093699526,0.9572936296463013,0.9761339,0.01884027035369873,12.579919815063477,12.398172,0.18174781506347593,0.2594044506549835,0.26405317,0.004648719345016483,0.26214632391929626,0.26692203,0.004775706080703712,0.20385389029979706,0.19055498,0.013298910299797045
nearest_neighbor_baseline,182,99602,81313,0.04223068348383627,0.9821233153343201,0.98323125,0.0011079346656799327,7.245353698730469,7.293705,0.048351301269531355,0.1946066915988922,0.18892466,0.005682031598892218,0.20538005232810974,0.20418373,0.0011963223281097335,0.3854506015777588,0.38552797,7.736842224120855e-05
nearest_neighbor_baseline,183,67695,127363,0.044905261600888105,0.9818885922431946,0.97444177,0.007446822243194595,9.51839828491211,9.519079,0.000680715087890249,0.24530984461307526,0.24165972,0.003650124613075262,0.2660595774650574,0.26373178,0.0023277974650573463,0.4894126355648041,0.49248752,0.003074884435195935
nearest_neighbor_baseline,184,41623,135167,0.06648544682162322,0.6791396737098694,0.67017376,0.008965913709869433,21.63141632080078,21.726582,0.09516567919921926,0.4272497296333313,0.42676258,0.00048714963333129635,0.4289596378803253,0.42880788,0.00015175788032534276,0.17848040163516998,0.18695776,0.008477358364830018
nearest_neighbor_baseline,185,67410,6623,0.19400770317666596,0.1547643393278122,0.17347693,0.018712590672187807,24.062026977539062,23.181128,0.8808989775390614,0.2350730150938034,0.24559449,0.010521474906196593,0.2967498004436493,0.3122152,0.015465399556350734,0.7180658578872681,0.71904093,0.0009750721127319562
nearest_neighbor_baseline,186,57821,24103,0.05875323671338979,0.39525818824768066,0.40926892,0.014010731752319316,23.056665420532227,23.096407,0.03974157946777268,0.21934056282043457,0.22079779,0.0014572271795654235,0.23558968305587769,0.23269965,0.0028900330558776777,0.39770230650901794,0.39379376,0.003908546509017952
nearest_neighbor_baseline,187,5920,43801,0.0724868556263651,0.8718269467353821,0.87789935,0.006072403264617887,11.460347175598145,11.328646,0.13170117559814365,0.26351600885391235,0.2570406,0.0064754088539123456,0.26610714197158813,0.25945377,0.006653371971588162,0.1773373931646347,0.17801166,0.0006742668353652836
nearest_neighbor_baseline,188,70264,117169,0.2283673909509062,0.3985048830509186,0.4099868,0.011481916949081405,26.829605102539062,25.91455,0.9150551025390641,0.5398938655853271,0.54621243,0.006318564414672823,0.5408427119255066,0.5467785,0.005935788074493353,0.11943116039037704,0.09397277,0.025458390390377048
nearest_neighbor_baseline,189,122404,47160,0.07506998583763416,0.6420156955718994,0.6421041,8.840442810054139e-05,24.588180541992188,24.806776,0.21859545800781177,0.38068321347236633,0.38167205,0.000988836527633652,0.38307225704193115,0.3842057,0.001133442958068831,0.1863882690668106,0.19629765,0.009909380933189382
nearest_neighbor_baseline,190,125615,72199,0.1245979673047862,0.42569321393966675,0.42721227,0.001519056060333257,24.486299514770508,25.1097,0.6234004852294923,0.7606284618377686,0.76693326,0.006304798162231395,0.7618772387504578,0.7684736,0.006596361249542215,0.1250644028186798,0.11646682,0.008597582818679811
nearest_neighbor_baseline,191,61615,21706,0.03774641583456463,0.10084126144647598,0.09353386,0.007307401446475986,23.83982276916504,23.870848,0.03102523083495967,0.2126539945602417,0.21282002,0.00016602543975829942,0.2283371239900589,0.22480519,0.003531933990058911,0.3991107940673828,0.39727622,0.0018345740673827993
nearest_neighbor_baseline,192,4980,9557,0.03426661925390908,0.9184435606002808,0.91231287,0.006130690600280708,12.007596015930176,12.093957,0.08636098406982384,0.23752924799919128,0.23634078,0.0011884679991912839,0.2487211972475052,0.2517658,0.003044602752494796,0.38336309790611267,0.3823296,0.0010334979061126792
nearest_neighbor_baseline,193,100008,116765,0.11454449014910269,0.9772707223892212,0.9666059,0.010664822389221174,11.932554244995117,11.439846,0.4927082449951179,0.36382851004600525,0.36922804,0.005399529953994731,0.37673723697662354,0.3845366,0.007799363023376471,0.44246137142181396,0.4353785,0.007082871421813963
nearest_neighbor_baseline,194,49295,60566,0.0829097208436716,0.23693250119686127,0.21902457,0.017907931196861265,27.97347068786621,28.33867,0.36519931213378953,0.8550670146942139,0.8564889,0.0014218853057861303,0.8557319045066833,0.85750955,0.0017776454933166042,0.09672623872756958,0.09974089,0.0030146512724304186
nearest_neighbor_baseline,195,82382,6187,0.07997526623968228,0.9520542621612549,0.95940125,0.0073469878387451,16.182720184326172,16.17942,0.003300184326171518,0.3269897699356079,0.33367944,0.006689670064392084,0.3307230770587921,0.33721516,0.0064920829412078995,0.24180656671524048,0.24706848,0.0052619132847595285
nearest_neighbor_baseline,196,24276,28150,0.1143524562351005,0.5055362582206726,0.5333079,0.02777164177932734,24.832576751708984,24.617947,0.21462975170898346,0.3333817720413208,0.33726513,0.0038833579586792233,0.3360741138458252,0.3399275,0.0038533861541747982,0.19282497465610504,0.19957608,0.0067511053438949475
nearest_neighbor_baseline,197,53983,39204,0.09047137674529368,0.20120158791542053,0.18479988,0.016401707915420533,24.473846435546875,24.577337,0.10349056445312499,0.6111419200897217,0.6083756,0.0027663200897216633,0.6174017190933228,0.6118201,0.005581619093322776,0.2013525515794754,0.20934775,0.007995198420524596
nearest_neighbor_baseline,198,92812,18297,0.057791003662862335,0.5660539865493774,0.5756875,0.009633513450622577,23.996593475341797,24.135557,0.13896352465820172,0.27110424637794495,0.27257717,0.0014729236220550335,0.2738637626171112,0.2769333,0.0030695373828887873,0.21718455851078033,0.21184646,0.005338098510780348
nearest_neighbor_baseline,199,136517,123488,0.06905311084951198,0.8085010647773743,0.7944265,0.014074564777374232,16.120281219482422,16.446856,0.3265747805175785,0.288972407579422,0.2887997,0.00017270757942200454,0.3024294972419739,0.30435038,0.001920882758026099,0.3571218252182007,0.35470855,0.0024132752182006723
nearest_neighbor_baseline,200,76666,78379,0.06578000972366771,0.9299296140670776,0.91785604,0.012073574067077653,4.529841423034668,4.7940564,0.2642149769653317,0.2802976965904236,0.28115964,0.0008619434095764045,0.2920443117618561,0.2912199,0.0008244117618561031,0.32195863127708435,0.3271654,0.0052067687229156445
nearest_neighbor_baseline,201,79555,120125,0.09681218526317444,0.037473004311323166,0.031251553,0.0062214513113231645,25.421194076538086,24.826643,0.5945510765380853,0.2910270094871521,0.29425612,0.0032291105128479103,0.3021771013736725,0.3056174,0.003440298626327498,0.28855061531066895,0.28451583,0.00403478531066892
nearest_neighbor_baseline,202,117461,21973,0.09184708267816298,0.298254132270813,0.28820732,0.010046812270813,20.16874885559082,19.60513,0.5636188555908213,0.23046845197677612,0.2335871,0.003118648023223869,0.23520608246326447,0.23656078,0.001354697536735533,0.22477363049983978,0.22775514,0.002981509500160212
nearest_neighbor_baseline,203,73404,67124,0.05064362370682166,0.8464309573173523,0.84077525,0.005655707317352321,14.457748413085938,14.30075,0.15699841308593676,0.21313485503196716,0.21515587,0.002021014968032836,0.21887432038784027,0.22222431,0.0033499896121597372,0.30630242824554443,0.30185437,0.004448058245544451
nearest_neighbor_baseline,204,93290,55513,0.32350150618990375,0.391387015581131,0.38218084,0.00920617558113096,18.554113388061523,19.519865,0.9657516119384759,0.44247114658355713,0.4165194,0.025951746583557145,0.4720045030117035,0.46556637,0.006438133011703484,0.4063141345977783,0.37398532,0.03232881459777831
nearest_neighbor_baseline,205,60388,77404,0.13666394100172313,0.5112548470497131,0.4991929,0.01206194704971314,18.500988006591797,19.237764,0.7367759934082017,0.42340850830078125,0.42686492,0.003456411699218731,0.4262755513191223,0.42910475,0.002829198680877665,0.16102689504623413,0.15040667,0.010620225046234139
nearest_neighbor_baseline,206,138453,70613,0.15605313413359978,0.48753616213798523,0.5038399,0.016303737862014778,15.350090026855469,15.150395,0.19969502685546914,0.3405825197696686,0.34107965,0.0004971302303314329,0.3461754024028778,0.3478903,0.001714897597122178,0.24303443729877472,0.26401186,0.020977422701225268
nearest_neighbor_baseline,207,137789,75789,0.20739705400862357,0.6559242606163025,0.6337114,0.022212860616302454,19.17827033996582,18.721075,0.4571953399658213,0.513969361782074,0.5062929,0.007676461782073929,0.5160511136054993,0.5074835,0.008567613605499291,0.13870131969451904,0.11481538,0.02388593969451905
nearest_neighbor_baseline,208,73576,35050,0.1038252065219444,0.5310161709785461,0.5218997,0.009116470978546176,24.171728134155273,24.327305,0.15557686584472563,0.21738354861736298,0.22080491,0.003421361382637017,0.22919544577598572,0.23131151,0.00211606422401428,0.3849664628505707,0.3985246,0.013558137149429328
nearest_neighbor_baseline,209,65699,97035,0.07502407398265756,0.9787004590034485,0.96925884,0.009441619003448531,9.346517562866211,9.788651,0.44213343713378883,0.29438647627830505,0.29172635,0.0026601262783050306,0.31204554438591003,0.30962852,0.002417024385910016,0.381767600774765,0.3831538,0.0013861992252349742
nearest_neighbor_baseline,210,131957,104223,0.07351107851521661,0.10874439775943756,0.09494855,0.013795847759437554,25.316558837890625,25.680159,0.36360016210937474,0.2643842101097107,0.2657775,0.0013932898902893065,0.2691799998283386,0.2686766,0.0005033998283386354,0.18394839763641357,0.18744282,0.0034944223635864358
nearest_neighbor_baseline,211,56838,56305,0.0828812958235956,0.10614296048879623,0.09700054,0.009142420488796238,29.532304763793945,29.897211,0.36490623620605334,0.5316696763038635,0.5346303,0.0029606236961364774,0.5328103303909302,0.5360146,0.003204269609069832,0.13052985072135925,0.13757811,0.0070482592786407505
nearest_neighbor_baseline,212,74392,45527,0.0684297927447885,0.9117110967636108,0.922102,0.010390903236389137,12.756479263305664,12.47795,0.2785292633056642,0.25408628582954407,0.25534257,0.0012562841704559236,0.2680520713329315,0.26792622,0.00012585133293152584,0.3710828721523285,0.3647414,0.006341472152328498
nearest_neighbor_baseline,213,27582,111856,0.3312168333707418,0.9674898982048035,0.9525448,0.014945098204803497,8.303536415100098,9.497598,1.1940615848999023,0.6659155488014221,0.669496,0.003580451198577861,0.6780872344970703,0.6802452,0.002157965502929682,0.28001317381858826,0.2390646,0.04094857381858827
nearest_neighbor_baseline,214,39616,24011,0.09300153462038577,0.031038599088788033,0.022575999,0.008462600088788033,26.695459365844727,26.11699,0.5784693658447253,0.28836914896965027,0.28480977,0.003559378969650251,0.29275843501091003,0.29009497,0.0026634650109100266,0.22619935870170593,0.22421275,0.001986608701705944
nearest_neighbor_baseline,215,118498,72813,0.24727774669733776,0.9745131134986877,0.98219115,0.007678036501312269,7.253332138061523,6.200924,1.0524081380615238,0.7116106152534485,0.6923044,0.019306215253448444,0.7164135575294495,0.7000263,0.016387257529449473,0.1715371310710907,0.18214685,0.0106097189289093
nearest_neighbor_baseline,216,3750,42571,0.10585443765321717,0.896543025970459,0.89664364,0.00010061402954097964,15.7153902053833,15.457788,0.25760220538330003,0.41213423013687134,0.41100755,0.0011266801368713386,0.4152657389640808,0.41481394,0.00045179896408081843,0.209832563996315,0.19530971,0.014522853996315005
nearest_neighbor_baseline,217,124660,121596,0.08701512351358791,0.3223840594291687,0.31246853,0.009915529429168679,18.34783935546875,18.686245,0.33840564453124955,0.22032922506332397,0.22260462,0.0022753949366760284,0.22662575542926788,0.23056856,0.003942804570732122,0.29748788475990295,0.30568507,0.008197185240097049
nearest_neighbor_baseline,218,58244,23131,0.08893368947839038,0.6905747056007385,0.6954102,0.004835494399261453,23.190351486206055,23.035995,0.1543564862060549,0.6122413277626038,0.61984855,0.007607222237396294,0.6154742240905762,0.6221708,0.006696575909423852,0.19437584280967712,0.18806607,0.006309772809677122
nearest_neighbor_baseline,219,22477,39465,0.125577226584464,0.6539864540100098,0.66224164,0.0082551859899902,24.2810115814209,24.630816,0.34980441857910094,0.2876897156238556,0.29796034,0.0102706243761444,0.2958029508590698,0.30647868,0.010675729140930179,0.34445327520370483,0.33943483,0.005018445203704813
nearest_neighbor_baseline,220,22625,114931,0.21599040910150832,0.32807645201683044,0.33128765,0.0032111979831695447,20.412717819213867,20.73046,0.3177421807861336,0.2976207733154297,0.29129928,0.006321493315429694,0.351094514131546,0.33917317,0.011921344131545997,0.4716149866580963,0.49903515,0.02742016334190367
nearest_neighbor_baseline,221,35316,139668,0.03884128726413301,0.22520287334918976,0.22036391,0.004838963349189762,28.35071563720703,28.427147,0.07643136279297025,0.23711323738098145,0.23846011,0.0013468726190185576,0.24224023520946503,0.2458106,0.0035703647905349634,0.26237642765045166,0.26518774,0.002811312349548345
nearest_neighbor_baseline,222,51030,131670,0.0914225643964242,0.4630886912345886,0.47545728,0.012368588765411359,18.709365844726562,19.119091,0.40972515527343845,0.3517957925796509,0.3490778,0.0027179925796508853,0.3553234040737152,0.35220948,0.0031139240737151908,0.1780637800693512,0.17081214,0.007251640069351195
nearest_neighbor_baseline,223,1072,67077,0.07165590692020875,0.9457993507385254,0.9441092,0.0016901507385254089,7.501021862030029,7.9127345,0.4117126379699707,0.27500513195991516,0.2731104,0.0018947319599151857,0.30737489461898804,0.30915132,0.0017764253810119701,0.48184487223625183,0.4763951,0.005449772236251815
nearest_neighbor_baseline,224,43252,3444,0.09022256504310908,0.827257513999939,0.83115256,0.0038950460000610754,17.82322883605957,17.963335,0.1401061639404304,0.252032607793808,0.24856496,0.003467647793807982,0.29018428921699524,0.2796273,0.010556989216995216,0.6330119967460632,0.6282146,0.004797396746063276
nearest_neighbor_baseline,225,122611,14773,0.11827291287916712,0.790522575378418,0.7710879,0.01943467537841792,12.077948570251465,11.999344,0.07860457025146417,0.26730984449386597,0.26896265,0.0016528055061340585,0.28872066736221313,0.28558514,0.0031355273622131197,0.41048192977905273,0.39653227,0.013949659779052714
nearest_neighbor_baseline,226,100627,67374,0.07337732986100572,0.08757679909467697,0.08373386,0.003842939094676978,21.88979148864746,21.750286,0.13950548864746182,0.22894541919231415,0.23191199,0.0029665708076858643,0.23391076922416687,0.23914018,0.005229410775833138,0.26467278599739075,0.2567246,0.007948185997390722
nearest_neighbor_baseline,227,2721,45139,0.06392470744742912,0.3950802683830261,0.39124614,0.003834128383026103,25.720230102539062,25.54052,0.17971010253906172,0.6040442585945129,0.59793234,0.006111918594512988,0.6057385802268982,0.60088986,0.0048487202268981955,0.16521179676055908,0.16352816,0.0016836367605590763
nearest_neighbor_baseline,228,24569,75978,0.08471836262827262,0.0870196670293808,0.07997736,0.007042307029380801,25.491975784301758,25.063278,0.4286977843017574,0.3807041347026825,0.37589064,0.004813494702682497,0.3835753798484802,0.37932542,0.0042499598484802,0.17659123241901398,0.18083556,0.004244327580986029
nearest_neighbor_baseline,229,41521,3868,0.08870945123459593,0.07309284806251526,0.07289079,0.00020205806251526182,28.58406639099121,28.077456,0.5066103909912094,0.37811997532844543,0.38031256,0.002192584671554587,0.3856126666069031,0.3924869,0.006874233393096951,0.2927803695201874,0.29339442,0.0006140504798126112
nearest_neighbor_baseline,230,62517,19171,0.10041653757549808,0.14044323563575745,0.13931303,0.001130205635757442,24.3074893951416,23.992552,0.3149373951416017,0.2919001579284668,0.290519,0.0013811579284667697,0.3029709458351135,0.299823,0.0031479458351135192,0.29712116718292236,0.2844439,0.012677267182922336
nearest_neighbor_baseline,231,17066,117255,0.05264469772066372,0.6452208161354065,0.6362742,0.008946616135406482,20.47589683532715,20.406773,0.06912383532714728,0.2600533068180084,0.261379,0.0013256931819915496,0.2673324942588806,0.2719739,0.004641405741119375,0.3346138596534729,0.33112547,0.003488389653472923
nearest_neighbor_baseline,232,91418,51396,0.07843799910802263,0.2760060727596283,0.29394087,0.017934797240371725,22.102867126464844,21.852108,0.25075912646484255,0.2473965287208557,0.2483825,0.0009859712791442932,0.25207799673080444,0.25417295,0.0020949532691955652,0.2541308104991913,0.24930929,0.004821520499191295
nearest_neighbor_baseline,233,32688,5054,0.08022669240461677,0.1407749354839325,0.16406295,0.023288014516067518,30.886981964111328,30.972347,0.08536503588867106,0.4182474911212921,0.4185848,0.00033730887870786486,0.41999542713165283,0.42051584,0.0005204128683471421,0.1622258722782135,0.16478589,0.0025600177217864895
nearest_neighbor_baseline,234,91789,89564,0.11851383360421158,0.47848328948020935,0.4917091,0.01322581051979066,26.756418228149414,27.438684,0.6822657718505845,0.4255962669849396,0.42513898,0.00045728698493957554,0.4301828145980835,0.42835578,0.0018270345980834768,0.24794919788837433,0.24036537,0.007583827888374334
nearest_neighbor_baseline,235,13028,85281,0.08930677845372392,0.9299727082252502,0.91147655,0.018496158225250192,15.340227127075195,15.363368,0.023140872924804157,0.1916060447692871,0.19837642,0.006770375230712888,0.2502419650554657,0.24767542,0.002566545055465691,0.798642098903656,0.8043472,0.005705101096344034
nearest_neighbor_baseline,236,70948,87464,0.052855249086809206,0.03539837524294853,0.044724163,0.009325787757051465,22.829694747924805,23.031775,0.20208025207519498,0.21343377232551575,0.21503708,0.0016033076744842445,0.22008658945560455,0.22414741,0.004060820544395438,0.2887679636478424,0.28810146,0.0006665036478424313
nearest_neighbor_baseline,237,28223,13514,0.12150012302642671,0.5500526428222656,0.5405529,0.009499742822265622,22.757301330566406,22.52343,0.23387133056640508,0.3599303960800171,0.34466538,0.015265016080017069,0.3779034912586212,0.38059124,0.0026877487413787815,0.35174956917762756,0.35471535,0.0029657808223724214
nearest_neighbor_baseline,238,78181,105874,0.09663782447506289,0.16431327164173126,0.14918949,0.015123781641731254,25.586132049560547,25.68636,0.10022795043945365,0.2955487072467804,0.2929502,0.0025985072467804016,0.31937626004219055,0.30875295,0.010623310042190526,0.43916064500808716,0.43659955,0.0025610950080871553
nearest_neighbor_baseline,239,105157,32519,0.07678020657631707,0.4371621608734131,0.44862574,0.01146357912658691,26.733049392700195,26.42577,0.30727939270019533,0.6353941559791565,0.6325838,0.0028103559791564647,0.6393113732337952,0.6380062,0.0013051732337951982,0.25345462560653687,0.24677007,0.006684555606536857
nearest_neighbor_baseline,240,108248,85049,0.15466569894347673,0.08636222779750824,0.079751275,0.006610952797508243,23.794567108154297,24.599041,0.8044738918457028,0.23501263558864594,0.22688648,0.008126155588645934,0.23686128854751587,0.22869721,0.008164078547515857,0.16210196912288666,0.17098586,0.008883890877113332
nearest_neighbor_baseline,241,103589,94255,0.06677439525793202,0.9324944615364075,0.9245767,0.007917761536407442,9.662087440490723,9.835166,0.17307855950927653,0.2957838177680969,0.29755396,0.0017701422319030824,0.3222067058086395,0.32644728,0.00424057419136048,0.3953416049480438,0.38868377,0.006657834948043839
nearest_neighbor_baseline,242,8463,138422,0.120581262349188,0.6112565398216248,0.5976879,0.013568639821624706,22.10502815246582,22.338085,0.2330568475341792,0.2619798183441162,0.2626575,0.0006776816558837773,0.299967497587204,0.3146407,0.014673202412796016,0.5281002521514893,0.52752966,0.0005705921514892465
nearest_neighbor_baseline,243,100731,96388,0.09083043772107502,0.9805180430412292,0.9736238,0.006894243041229209,11.774335861206055,12.105621,0.3312851387939446,0.30199792981147766,0.29644313,0.005554799811477662,0.31653112173080444,0.31168774,0.0048433817308044524,0.459961473941803,0.4676204,0.007658926058197013
nearest_neighbor_baseline,244,16512,113374,0.09439438762831949,0.9817980527877808,0.97604,0.005758052787780743,4.222582817077637,4.076639,0.1459438170776366,0.2845650613307953,0.2797953,0.0047697613307952635,0.3324945867061615,0.32368872,0.008805866706161514,0.5620604753494263,0.56989783,0.00783735465057378
nearest_neighbor_baseline,245,125001,3763,0.06675073669658611,0.9559853076934814,0.96457726,0.008591952306518547,11.284241676330566,11.064753,0.2194886763305668,0.21079860627651215,0.20988674,0.0009118662765121577,0.23279662430286407,0.22788495,0.004911674302864072,0.4931167960166931,0.4876974,0.005419396016693112
nearest_neighbor_baseline,246,99304,63091,0.06818481313948001,0.8284371495246887,0.81628245,0.012154699524688728,17.200725555419922,17.2654,0.06467444458007776,0.17090876400470734,0.1774206,0.006511835995292675,0.19494569301605225,0.19805776,0.0031120669839477533,0.6119971871376038,0.61438125,0.00238406286239623
nearest_neighbor_baseline,247,59368,88745,0.2055686250604717,0.8138166666030884,0.8557076,0.041890933396911634,15.076333045959473,14.390379,0.6859540459594733,0.3185451328754425,0.30840245,0.01014268287544251,0.3760640025138855,0.37506026,0.0010037425138855194,0.581160843372345,0.5678094,0.013351443372344951
nearest_neighbor_baseline,248,135254,14557,0.09615449048194147,0.5174646973609924,0.5286346,0.011169902639007523,21.45207405090332,21.211502,0.2405720509033209,0.21283510327339172,0.22244284,0.00960773672660828,0.25654488801956177,0.25232762,0.004217268019561793,0.5666903257369995,0.56189287,0.004797455736999523
nearest_neighbor_baseline,249,31376,52864,0.044262731884557156,0.3354571461677551,0.34231502,0.0068578738322448984,26.03878402709961,25.90376,0.13502402709961103,0.25265079736709595,0.25250646,0.00014433736709595912,0.2643173635005951,0.2626259,0.0016914635005950696,0.3411467373371124,0.3366831,0.004463637337112414
nearest_neighbor_baseline,250,43095,352,0.08431296863512315,0.6170017719268799,0.59944224,0.017559531926879868,22.897478103637695,22.630375,0.2671031036376945,0.2190687358379364,0.2234351,0.004366364162063596,0.236310213804245,0.23458858,0.0017216338042450041,0.3891024589538574,0.3840917,0.0050107589538574415
nearest_neighbor_baseline,251,94578,61864,0.06600725194968442,0.49665457010269165,0.503693,0.007038429897308296,22.767656326293945,22.85769,0.0900336737060563,0.2954384684562683,0.29215786,0.003280608456268319,0.2982495129108429,0.295182,0.0030675129108428956,0.22307924926280975,0.21559742,0.007481829262809742
nearest_neighbor_baseline,252,54985,40180,0.10155643319990329,0.8290283679962158,0.8442917,0.015263332003784158,11.712064743041992,12.085671,0.3736062569580074,0.25359266996383667,0.24455297,0.009039699963836662,0.2637577950954437,0.26482847,0.001070674904556257,0.38062742352485657,0.3846271,0.003999676475143432
nearest_neighbor_baseline,253,13421,63793,0.06155531733666297,0.7122936248779297,0.72779435,0.015500725122070347,16.637548446655273,16.673859,0.03631055334472677,0.25770291686058044,0.25857168,0.0008687631394195816,0.2696782946586609,0.26630026,0.003378034658660878,0.38337287306785583,0.3865754,0.0032025269321441785
nearest_neighbor_baseline,254,14240,83639,0.11881252882708129,0.8190284371376038,0.7968547,0.022173737137603733,18.094131469726562,18.645573,0.5514415302734363,0.4970409572124481,0.49175027,0.005290687212448131,0.5023435950279236,0.4992052,0.0031383950279235684,0.2556672990322113,0.25957227,0.00390497096778869
nearest_neighbor_baseline,255,48132,127834,0.0726737185052856,0.7218605279922485,0.7083659,0.013494627992248542,18.60002326965332,18.70371,0.10368673034668063,0.23781540989875793,0.24550048,0.007685070101242059,0.2679487466812134,0.26725075,0.0006979966812133975,0.5131208896636963,0.51385146,0.0007305703363037486
nearest_neighbor_baseline,256,57668,99128,0.09318837314487012,0.9259966611862183,0.9134295,0.012567161186218256,12.943154335021973,13.021815,0.07866066497802748,0.20902039110660553,0.21295598,0.003935588893394459,0.22724929451942444,0.23470072,0.007451425480575563,0.5404354333877563,0.5485922,0.008156766612243627
nearest_neighbor_baseline,257,36940,109849,0.061712488257081796,0.5730952024459839,0.5782253,0.005130097554016166,22.861900329589844,22.619211,0.2426893295898438,0.29746702313423157,0.30117878,0.003711756865768412,0.301139235496521,0.30450645,0.003367214503478988,0.2233029305934906,0.2280414,0.004738469406509405
nearest_neighbor_baseline,258,33477,47433,0.05934226159824333,0.9673629999160767,0.9824236,0.015060600083923292,9.62588882446289,9.724348,0.09845917553711026,0.20790214836597443,0.21044233,0.0025401816340255845,0.22724764049053192,0.23029381,0.0030461695094680663,0.5189942121505737,0.51846653,0.0005276821505737495
nearest_neighbor_baseline,259,52426,83334,0.17611220122527926,0.9195659160614014,0.9172222,0.0023437160614013797,12.231291770935059,11.376332,0.8549597709350589,0.22132903337478638,0.21989527,0.0014337633747863732,0.2990301251411438,0.29873827,0.0002918551411438264,0.8430294990539551,0.8243051,0.018724399053955065
nearest_neighbor_baseline,260,38779,124030,0.05740101038829008,0.6001973748207092,0.5971405,0.0030568748207092655,24.32229995727539,24.50838,0.18608004272460832,0.31842294335365295,0.32135475,0.0029318066463470682,0.32294610142707825,0.32503062,0.0020845185729217452,0.28830602765083313,0.2820252,0.006280827650833154
nearest_neighbor_baseline,261,91841,124762,0.08604267251445145,0.840168833732605,0.8585684,0.01839956626739503,14.124236106872559,14.2007885,0.07655239312744122,0.2544969618320465,0.25513637,0.0006394081679534924,0.304561585187912,0.29645187,0.008109715187911981,0.5270458459854126,0.52818686,0.0011410140145874381
nearest_neighbor_baseline,262,24873,114446,0.13922164636908838,0.045423075556755066,0.020702537,0.024720538556755066,28.737247467041016,28.997772,0.2605245329589856,0.7675447463989258,0.7701232,0.0025784536010742265,0.7702071666717529,0.7711211,0.0009139333282470741,0.15244989097118378,0.13712277,0.015327120971183772
nearest_neighbor_baseline,263,51934,110667,0.07865728558054223,0.9166462421417236,0.8966085,0.020037742141723602,12.741006851196289,12.671608,0.06939885119628819,0.3941139280796051,0.39034554,0.0037683880796051117,0.405163437128067,0.4013261,0.0038373371280669977,0.3611263334751129,0.36303815,0.0019118165248870889
nearest_neighbor_baseline,264,39532,12181,0.05972108780319088,0.05032981559634209,0.052459534,0.0021297184036579153,28.372276306152344,28.339094,0.03318230615234441,0.33021828532218933,0.3252173,0.005000985322189344,0.33893072605133057,0.33479056,0.004140166051330552,0.25176697969436646,0.25707704,0.005310060305633524
nearest_neighbor_baseline,265,31062,37698,0.09028298862879874,0.8891206383705139,0.87256724,0.01655339837051395,11.344926834106445,11.510583,0.16565616589355514,0.26901644468307495,0.26516834,0.003848104683074949,0.2755085229873657,0.28399855,0.008490027012634294,0.28502434492111206,0.28436866,0.0006556849211120652
nearest_neighbor_baseline,266,50183,134544,0.09112947410196788,0.3092658221721649,0.29948872,0.009777102172164931,25.356416702270508,24.913795,0.44262170227050746,0.4361850619316101,0.44163948,0.005454418068389866,0.44349896907806396,0.4461289,0.00262993092193603,0.24407292902469635,0.2384472,0.005625729024696352
nearest_neighbor_baseline,267,36167,32929,0.10319856407249878,0.7136176824569702,0.7044345,0.009183182456970251,22.268314361572266,22.294357,0.02604263842773591,0.25312891602516174,0.26164585,0.00851693397483827,0.2568580210208893,0.26541677,0.008558748979110742,0.22994308173656464,0.22317527,0.006767811736564627
nearest_neighbor_baseline,268,8665,135653,0.11655595954063584,0.7073920965194702,0.6832746,0.02411749651947026,17.39931297302246,17.090548,0.30876497302246264,0.2714708745479584,0.26792148,0.0035493945479583844,0.28865307569503784,0.2834196,0.005233475695037848,0.3950842320919037,0.40337574,0.008291507908096296
nearest_neighbor_baseline,269,76263,101959,0.1340647215703928,0.1748555451631546,0.17031556,0.004539985163154597,21.169397354125977,21.382309,0.21291164587402278,0.23306125402450562,0.22443794,0.008623314024505613,0.24810826778411865,0.25195977,0.003851502215881375,0.3715008497238159,0.3877402,0.01623935027618406
nearest_neighbor_baseline,270,35307,3994,0.06579771801894434,0.991172730922699,0.9905427,0.0006300309226989764,8.241129875183105,8.425476,0.18434612481689427,0.2534846365451813,0.24991564,0.00356899654518128,0.26893436908721924,0.26711765,0.001816719087219254,0.47781509160995483,0.4856078,0.007792708390045144
nearest_neighbor_baseline,271,3600,32550,0.09680268793733064,0.9744688868522644,0.9666776,0.0077912868522643786,12.01404094696045,11.373203,0.640837946960449,0.17737746238708496,0.18051122,0.003133757612915039,0.19282831251621246,0.19229783,0.0005304825162124605,0.4304610788822174,0.42983165,0.0006294288822173977
nearest_neighbor_baseline,272,22106,55537,0.17135403384023376,0.3723611533641815,0.34110647,0.031254683364181524,26.187515258789062,26.640862,0.453346741210936,0.2840595543384552,0.27078304,0.013276514338455225,0.3173467218875885,0.32109302,0.003746298112411506,0.4771820306777954,0.48733088,0.010148849322204612
nearest_neighbor_baseline,273,4726,57890,0.11144345055387848,0.41500332951545715,0.4112961,0.0037072295154571555,26.848764419555664,26.475035,0.37372941955566574,0.37069690227508545,0.37116262,0.00046571772491454944,0.37139755487442017,0.3724164,0.0010188451255798148,0.11789284646511078,0.13212761,0.014234763534889228
nearest_neighbor_baseline,274,40472,107447,0.0876316446979727,0.9925270676612854,0.98767126,0.00485580766128535,3.9383809566497803,4.3296614,0.3912804433502197,0.2425064593553543,0.2382341,0.004272359355354305,0.2764508128166199,0.27962372,0.003172907183380147,0.5833817720413208,0.5912923,0.007910527958679192
nearest_neighbor_baseline,275,75375,95183,0.055650642871359485,0.5051952004432678,0.50767136,0.0024761595567321937,22.994531631469727,22.754032,0.24049963146972786,0.21450470387935638,0.21536247,0.000857766120643616,0.2268620878458023,0.23122686,0.004364772154197699,0.3935777544975281,0.39781028,0.00423252550247194
nearest_neighbor_baseline,276,72147,85299,0.069862459860609,0.8904186487197876,0.87499845,0.015420198719787614,7.827149391174316,7.6722603,0.15488909117431682,0.2583360970020294,0.26142305,0.003086952997970571,0.29245540499687195,0.29634565,0.0038902450031280678,0.42437827587127686,0.42765832,0.0032800441287231252
nearest_neighbor_baseline,277,63301,45379,0.06639189971373625,0.694333553314209,0.7035127,0.009179146685791006,19.29266929626465,19.36888,0.07621070373535233,0.21921996772289276,0.22432528,0.005105312277107227,0.22737891972064972,0.23307046,0.005691540279350288,0.37133702635765076,0.37396392,0.0026268936423492484
nearest_neighbor_baseline,278,54225,69525,0.07629688700021359,0.3266371786594391,0.3403389,0.013701721340560913,24.01335334777832,24.13241,0.11905665222167983,0.23954913020133972,0.24628319,0.006734059798660291,0.2626475691795349,0.26130217,0.0013453991795349118,0.4813520908355713,0.47656867,0.0047834208355712615
nearest_neighbor_baseline,279,113564,12670,0.15253111404231806,0.8529358506202698,0.87947303,0.026537179379730214,20.18307113647461,20.354042,0.17097086352539037,0.42214706540107727,0.41001642,0.012130645401077278,0.42462530732154846,0.41278175,0.011843557321548459,0.20759370923042297,0.20789205,0.00029834076957702127
nearest_neighbor_baseline,280,81275,80245,0.0919458348141371,0.03577826917171478,0.053582173,0.017803903828285214,27.83785057067871,27.387335,0.45051557067871073,0.3898581862449646,0.38918698,0.0006712062449645839,0.3944823145866394,0.3955653,0.0010829854133606043,0.22252000868320465,0.2267816,0.004261591316795349
nearest_neighbor_baseline,281,33040,69092,0.08357400092400222,0.9831977486610413,0.9785827,0.004615048661041232,6.9544267654418945,6.7831244,0.17130236544189437,0.31115075945854187,0.31473753,0.0035867705414581175,0.3436931371688843,0.3415968,0.002096337168884299,0.4942762553691864,0.48362392,0.010652335369186416
nearest_neighbor_baseline,282,10154,22340,0.10652258855039018,0.08384954184293747,0.098473705,0.014624163157062525,27.97096061706543,27.787012,0.18394861706542898,0.7891427874565125,0.7885107,0.0006320874565124424,0.793863832950592,0.7911142,0.0027496329505920514,0.15561386942863464,0.14258045,0.013033419428634646
nearest_neighbor_baseline,283,28013,137569,0.12238510654399332,0.9527856707572937,0.9169395,0.03584617075729368,4.153897285461426,4.2195415,0.06564421453857427,0.29690587520599365,0.29325196,0.003653915205993674,0.3246840834617615,0.32434544,0.00033864346176148974,0.424437552690506,0.4232211,0.0012164526905059647
nearest_neighbor_baseline,284,64595,52564,0.08606736021972568,0.9604490995407104,0.94863003,0.011819069540710436,3.637854814529419,3.9497595,0.3119046854705809,0.37920084595680237,0.38458106,0.005380214043197606,0.38665473461151123,0.39139143,0.004736695388488754,0.2271055281162262,0.23233356,0.005228031883773798
nearest_neighbor_baseline,285,101396,66864,0.08785353263203578,0.5276060700416565,0.5383165,0.010710429958343481,25.670494079589844,25.504929,0.16556507958984312,0.24968822300434113,0.25300983,0.0033216069956588656,0.2525605261325836,0.25603256,0.003472033867416402,0.22331835329532623,0.21325514,0.010063213295326223
nearest_neighbor_baseline,286,76265,102168,0.07088117125520292,0.14537671208381653,0.13756576,0.007810952083816519,25.361080169677734,25.181318,0.1797621696777334,0.28079289197921753,0.28689077,0.006097878020782488,0.2845775783061981,0.29042092,0.005843341693801907,0.1919226497411728,0.19157448,0.0003481697411727991
nearest_neighbor_baseline,287,75669,52613,0.05301112729797436,0.9720830321311951,0.9724585,0.0003754678688049351,11.022615432739258,11.131249,0.10863356726074258,0.20058698952198029,0.19539723,0.0051897595219802806,0.21448509395122528,0.21733171,0.0028466160487747305,0.5064533352851868,0.51052403,0.00407069471481325
nearest_neighbor_baseline,288,137408,19957,0.09298232784620926,0.8175036907196045,0.8090895,0.008414190719604475,9.054525375366211,9.103118,0.04859262463378933,0.2780752182006836,0.27225062,0.005824598200683595,0.2822032570838928,0.28069246,0.0015107970838928453,0.23984135687351227,0.251169,0.011327643126487708
nearest_neighbor_baseline,289,103445,115415,0.20129398631776826,0.3851296901702881,0.37279156,0.012338130170288064,19.583398818969727,19.20243,0.3809688189697269,0.286404013633728,0.28224108,0.00416293363372805,0.28793999552726746,0.28331393,0.0046260655272674645,0.15373052656650543,0.1267166,0.02701392656650542
nearest_neighbor_baseline,290,92865,124868,0.07660311342612675,0.9472805857658386,0.9592784,0.011997814234161353,11.88568115234375,12.128454,0.24277284765624962,0.34341633319854736,0.34557536,0.002159026801452635,0.34667259454727173,0.3493677,0.0026951054527282747,0.23577028512954712,0.22845373,0.007316555129547125
nearest_neighbor_baseline,291,46257,31876,0.09651521479878454,0.43818187713623047,0.44090167,0.0027197928637695545,25.55181884765625,25.284513,0.26730584765624954,0.2620520293712616,0.25462192,0.007430109371261595,0.26700159907341003,0.25806665,0.008934949073410026,0.23266416788101196,0.22859465,0.0040695178810119526
nearest_neighbor_baseline,292,41425,38580,0.04632168799486999,0.9657389521598816,0.95820147,0.007537482159881592,10.121989250183105,10.146467,0.02447774981689399,0.23467344045639038,0.23355508,0.0011183604563903826,0.248772993683815,0.24389672,0.004876273683814991,0.4176194965839386,0.41561747,0.0020020265839386098
nearest_neighbor_baseline,293,54336,18249,0.3052586005198778,0.6062801480293274,0.6343021,0.028021951970672587,21.77012062072754,22.703932,0.9338113792724592,0.363395094871521,0.38604996,0.02265486512847903,0.5336330533027649,0.50838137,0.025251683302764838,0.7574337720870972,0.7699292,0.012495427912902812
nearest_neighbor_baseline,294,68603,128646,0.05804471501270176,0.8210769295692444,0.83460915,0.013532220430755637,15.310538291931152,15.194866,0.11567229193115303,0.24175500869750977,0.2382669,0.003488108697509762,0.24593301117420197,0.24308197,0.002851041174201957,0.24965889751911163,0.25055584,0.0008969424808883408
nearest_neighbor_baseline,295,172,100083,0.04366710857266495,0.20629486441612244,0.20137583,0.004919034416122431,22.736644744873047,22.813358,0.07671325512695404,0.24608023464679718,0.2420166,0.004063634646797182,0.25068870186805725,0.24741398,0.0032747218680572454,0.2562442719936371,0.25468296,0.0015613119936370712
nearest_neighbor_baseline,296,123016,44418,0.07196442699680679,0.9923078417778015,0.9812167,0.011091141777801461,5.028271675109863,4.9363704,0.0919012751098629,0.2564913034439087,0.24906309,0.007428213443908704,0.289823979139328,0.28835976,0.0014642191393279824,0.541203498840332,0.54516137,0.003957871159667947
nearest_neighbor_baseline,297,41918,121305,0.04333996236194432,0.6981638669967651,0.6875048,0.01065906699676511,23.089929580688477,23.04109,0.04883958068847605,0.562825620174408,0.56519747,0.0023718498255920206,0.5683966279029846,0.5686443,0.0002476720970153723,0.22664034366607666,0.22414039,0.0024999536660766652
nearest_neighbor_baseline,298,116501,17024,0.04194978459296033,0.962965726852417,0.961938,0.0010277268524170324,11.261422157287598,11.166701,0.09472115728759789,0.3044009506702423,0.29986548,0.004535470670242292,0.318215012550354,0.3183474,0.0001323874496459987,0.4756322205066681,0.4789732,0.003340979493331897
nearest_neighbor_baseline,299,83289,116121,0.0724592485918687,0.10420019924640656,0.10203388,0.0021663192464065617,26.43088722229004,26.510551,0.07966377770996047,0.32687467336654663,0.33324665,0.006371976633453347,0.32995739579200745,0.33710477,0.007147374207992552,0.19331921637058258,0.1958459,0.002526683629417409
nearest_neighbor_baseline,300,81192,49461,0.1335881065496638,0.45859286189079285,0.490944,0.032351138109207145,23.46794319152832,23.12739,0.340553191528322,0.24339798092842102,0.25164253,0.008244549071578955,0.30364277958869934,0.3019152,0.0017275795886993461,0.6483736038208008,0.6454462,0.0029274038208008113
nearest_neighbor_baseline,301,98843,133702,0.10915585452905102,0.9319393634796143,0.923299,0.008640363479614277,14.421337127685547,14.699223,0.27788587231445305,0.3077423572540283,0.30026478,0.007477577254028311,0.3468838930130005,0.3555695,0.008685606986999495,0.6199591159820557,0.6123233,0.007635815982055649
nearest_neighbor_baseline,302,118308,23777,0.04743354929633846,0.5900843143463135,0.5867815,0.0033028143463135207,19.260339736938477,19.040152,0.22018773693847749,0.2633554935455322,0.26382,0.0004645064544677724,0.2706979513168335,0.2698244,0.0008735513168334763,0.2690293490886688,0.2739238,0.004894450911331172
nearest_neighbor_baseline,303,39536,72368,0.210835970112458,0.1693718433380127,0.14542727,0.023944573338012698,25.058012008666992,24.447695,0.6103170086669927,0.3680110573768616,0.36044312,0.0075679373768615665,0.3690362274646759,0.36110398,0.007932247464675912,0.11732815951108932,0.09438489,0.022943269511089326
nearest_neighbor_baseline,304,14631,120268,0.03523781576206186,0.8995224833488464,0.90485644,0.0053339566511535486,12.923233985900879,12.909215,0.014018985900879244,0.26125940680503845,0.2646462,0.003386793194961546,0.2753799557685852,0.2729385,0.0024414557685852323,0.37851178646087646,0.37923038,0.0007185935391235132
nearest_neighbor_baseline,305,73046,79758,0.15530700915928408,0.3704075515270233,0.3854943,0.015086748472976697,20.941606521606445,21.239113,0.2975064783935544,0.25666508078575134,0.25528932,0.0013757607857513565,0.2785434126853943,0.28744483,0.008901417314605697,0.47040408849716187,0.48869804,0.018293951502838135
nearest_neighbor_baseline,306,92435,67099,0.14944399400334174,0.9244518280029297,0.9186843,0.005767528002929678,3.6977341175079346,2.886876,0.8108581175079346,0.28485673666000366,0.279381,0.005475736660003672,0.32233375310897827,0.3340104,0.011676646891021714,0.44422072172164917,0.44246468,0.0017560417216491708
nearest_neighbor_baseline,307,33698,131955,0.04331920347213258,0.9175426959991455,0.9102682,0.007274495999145536,8.705164909362793,8.709953,0.004788090637207532,0.2542814314365387,0.25203067,0.002250761436538684,0.2637326121330261,0.26211572,0.0016168921330261266,0.29942330718040466,0.29503158,0.004391727180404648
nearest_neighbor_baseline,308,39362,90521,0.2971359860530866,0.4152851402759552,0.4348035,0.01951835972404481,22.11199188232422,21.646608,0.46538388232421823,0.21233056485652924,0.211076,0.0012545648565292222,0.2707427144050598,0.29017657,0.019433855594940208,0.8562176823616028,0.8920513,0.03583361763839721
nearest_neighbor_baseline,309,71514,27409,0.05765419195572938,0.9687079191207886,0.9647048,0.004003119120788545,8.09156322479248,7.9841905,0.10737272479248006,0.20344561338424683,0.19930682,0.0041387933842468305,0.21062378585338593,0.20805982,0.002563965853385919,0.3714595139026642,0.37749887,0.006039356097335802
nearest_neighbor_baseline,310,117528,21533,0.11905511566736164,0.31967878341674805,0.30567494,0.01400384341674804,27.02995491027832,27.366968,0.33701308972167965,0.5273230075836182,0.5179925,0.009330507583618197,0.5286312699317932,0.51924,0.009391269931793178,0.14012041687965393,0.13638976,0.003730656879653932
nearest_neighbor_baseline,311,131305,135078,0.24291418307357202,0.29908186197280884,0.25995806,0.03912380197280885,19.899269104003906,18.83032,1.0689491040039059,0.22309249639511108,0.21972083,0.003371666395111078,0.24458980560302734,0.24762735,0.0030375443969726523,0.5249573588371277,0.5050828,0.01987455883712763
nearest_neighbor_baseline,312,36270,106496,0.10789723784011306,0.932740330696106,0.92470616,0.008034170696105902,8.519519805908203,8.289946,0.22957380590820264,0.41022989153862,0.41474327,0.004513378461380002,0.4158235192298889,0.4221024,0.006278880770111073,0.22626513242721558,0.2142116,0.012053532427215574
nearest_neighbor_baseline,313,126305,134694,0.0324050222554614,0.6593092083930969,0.66858584,0.009276631606903063,24.64598274230957,24.711943,0.06596025769043123,0.30799558758735657,0.30780885,0.00018673758735654467,0.31071940064430237,0.31068867,3.073064430236805e-05,0.20488809049129486,0.20432056,0.0005675304912948487
nearest_neighbor_baseline,314,19407,106684,0.16790214110673302,0.6616690754890442,0.657395,0.004274075489044238,22.773536682128906,22.130531,0.643005682128905,0.5216307640075684,0.5336939,0.012063135992431695,0.5375099182128906,0.5518591,0.014349181787109422,0.42260658740997314,0.41703588,0.005570707409973119
nearest_neighbor_baseline,315,57889,85950,0.16088059698433507,0.2748265266418457,0.23976566,0.03506086664184571,25.886951446533203,25.276556,0.6103954465332038,0.44605135917663574,0.44294608,0.0031052791766357224,0.47123268246650696,0.4741078,0.0028751175334930656,0.38405007123947144,0.37475488,0.009295191239471423
nearest_neighbor_baseline,316,106156,425,0.10898911392272134,0.24311937391757965,0.23105118,0.012068193917579656,29.524250030517578,28.889288,0.6349620305175776,0.562384843826294,0.557855,0.0045298438262939555,0.5649585127830505,0.5610712,0.003887312783050545,0.16554059088230133,0.16851021,0.002969619117698663
nearest_neighbor_baseline,317,125247,65265,0.06284944088516357,0.4675590991973877,0.45700952,0.010549579197387693,24.355131149291992,24.155535,0.19959614929199176,0.26734280586242676,0.26423794,0.0031048658624267533,0.27393412590026855,0.2692116,0.004722525900268559,0.2851324677467346,0.28750113,0.0023686622532653745
nearest_neighbor_baseline,318,92795,1683,0.07593679858763067,0.7408630847930908,0.7394128,0.0014502847930908391,18.166582107543945,17.904608,0.2619741075439457,0.23439735174179077,0.23486462,0.0004672682582092247,0.2447485327720642,0.25301483,0.008266297227935815,0.3787039816379547,0.3827207,0.004016718362045313
nearest_neighbor_baseline,319,6400,10271,0.13755695596421502,0.8703687191009521,0.89365727,0.0232885508990478,16.45229721069336,16.786804,0.3345067893066407,0.33549702167510986,0.32529032,0.010206701675109842,0.35122784972190857,0.3571512,0.005923350278091433,0.4336201846599579,0.44236517,0.008744985340042088
nearest_neighbor_baseline,320,43454,87657,0.07738819135323984,0.33092716336250305,0.32275113,0.008176033362503055,27.729658126831055,28.142456,0.41279787316894456,0.29059258103370667,0.28867918,0.0019134010337066854,0.29421117901802063,0.29126674,0.002944439018020606,0.22939381003379822,0.22427547,0.005118340033798213
nearest_neighbor_baseline,321,24302,123687,0.09159289880824466,0.8951760530471802,0.9050683,0.009892246952819872,10.820432662963867,11.274244,0.4538113370361323,0.34109994769096375,0.3446026,0.003502652309036236,0.3439764678478241,0.34796268,0.0039862121521759275,0.1773107349872589,0.1711779,0.006132834987258917
nearest_neighbor_baseline,322,134431,30170,0.12539737127308617,0.9553382396697998,0.94564897,0.009689269669799772,13.54753589630127,13.800077,0.2525411036987304,0.1939583569765091,0.1814734,0.012484956976509087,0.2720801532268524,0.2639116,0.008168553226852393,1.0852081775665283,1.0787532,0.006454977566528353
nearest_neighbor_baseline,323,89991,65019,0.02594056311854083,0.8012605309486389,0.8050401,0.00377956905136112,14.804866790771484,14.9229355,0.11806870922851509,0.22514156997203827,0.22444968,0.0006918899720382565,0.23798410594463348,0.23672551,0.0012585959446334838,0.3673132359981537,0.36564004,0.001673195998153687
nearest_neighbor_baseline,324,58068,36994,0.08400553654283736,0.6316843032836914,0.6402763,0.008591996716308614,23.680809020996094,23.677908,0.002901020996095127,0.4685850739479065,0.4627116,0.0058734739479064935,0.4702266752719879,0.46429175,0.005934925271987912,0.1648656725883484,0.15736014,0.007505532588348379
nearest_neighbor_baseline,325,8442,99157,0.05521303257056638,0.30303725600242615,0.30077958,0.0022576760024261566,25.996248245239258,25.690079,0.30616924523925704,0.5383639335632324,0.5367874,0.0015765335632323962,0.541459858417511,0.5396353,0.0018245584175109464,0.13908645510673523,0.13487516,0.0042112951067352355
nearest_neighbor_baseline,326,88077,136806,0.051466725723820925,0.781732439994812,0.7691884,0.012544039994812017,18.822406768798828,18.937822,0.11541523120117247,0.2656981945037842,0.26469985,0.0009983445037841654,0.28012922406196594,0.2769085,0.0032207240619659405,0.38950493931770325,0.3884387,0.0010662393177032214
nearest_neighbor_baseline,327,107582,30100,0.08500700058687069,0.7523801922798157,0.732066,0.02031419227981568,14.248465538024902,14.123938,0.12452753802490157,0.25532910227775574,0.24891457,0.006414532277755736,0.2617952227592468,0.26345873,0.0016635072407531482,0.2984243333339691,0.29674077,0.0016835633339691292
nearest_neighbor_baseline,328,104320,127811,0.12333647578375935,0.9560708403587341,0.9191997,0.03687114035873418,13.797739028930664,13.772166,0.02557302893066371,0.40943485498428345,0.4102315,0.0007966450157165794,0.42570966482162476,0.42607796,0.00036829517837522197,0.3445471227169037,0.3466368,0.002089677283096336
nearest_neighbor_baseline,329,137267,47860,0.09686997216026438,0.38711684942245483,0.41259184,0.025474990577545154,27.22179412841797,27.475092,0.2532978715820313,0.444572776556015,0.44638544,0.0018126634439850076,0.4582715630531311,0.45441663,0.0038549330531311155,0.27376967668533325,0.2732255,0.0005441766853332419
nearest_neighbor_baseline,330,4810,34569,0.0443737519907583,0.9756847023963928,0.9717661,0.003918602396392856,13.04080867767334,12.911549,0.129259677673339,0.22567734122276306,0.22539449,0.00028285122276305863,0.2507757842540741,0.24735048,0.0034253042540740852,0.5243624448776245,0.52861905,0.0042566051223754675
nearest_neighbor_baseline,331,110343,5113,0.07888038777659222,0.8530726432800293,0.8560561,0.0029834567199706896,16.214794158935547,15.76437,0.4504241589355473,0.3026822805404663,0.29652497,0.00615731054046631,0.3062940835952759,0.30799785,0.0017037664047241385,0.255280077457428,0.25539446,0.0001143825425720113
nearest_neighbor_baseline,332,49176,77497,0.06394324476202681,0.9411880373954773,0.93799037,0.0031976673954773327,11.488940238952637,11.271418,0.21752223895263612,0.23707665503025055,0.24299385,0.005917194969749462,0.24628806114196777,0.24889544,0.002607378858032222,0.2856200933456421,0.28999135,0.004371256654357891
nearest_neighbor_baseline,333,41159,18129,0.09351624812790017,0.8522612452507019,0.8681791,0.015917854749298077,17.949827194213867,18.227242,0.2774148057861332,0.21869511902332306,0.22086164,0.002166520976676939,0.23767825961112976,0.24349432,0.005816060388870226,0.5014083385467529,0.50858754,0.007179201453247019
nearest_neighbor_baseline,334,10270,14314,0.07650012398508042,0.3192584216594696,0.330599,0.011340578340530372,23.28008460998535,23.561222,0.2811373900146492,0.2426619529724121,0.23971626,0.002945692972412123,0.24546214938163757,0.24284868,0.002613469381637562,0.20588946342468262,0.21254627,0.006656806575317392
nearest_neighbor_baseline,335,121837,55631,0.04907486938617048,0.9743846654891968,0.97456056,0.0001758945108032428,8.479178428649902,8.709268,0.23008957135009744,0.19656619429588318,0.19734758,0.000781385704116816,0.2034641057252884,0.2071362,0.0036720942747116014,0.3460707366466522,0.3424488,0.003621936646652224
nearest_neighbor_baseline,336,30030,54981,0.1533596364439779,0.02248912863433361,0.027540525,0.005051396365666389,25.150104522705078,24.195015,0.9550895227050766,0.6968390345573425,0.702881,0.006041965442657449,0.6972522139549255,0.70330316,0.006050946045074501,0.07893875986337662,0.07366444,0.00527431986337662
nearest_neighbor_baseline,337,60972,92165,0.07680106420308598,0.6093226671218872,0.5943585,0.014964167121887195,22.79501724243164,22.772343,0.02267424243164129,0.3825312852859497,0.3816662,0.000865085285949696,0.3855937421321869,0.38638133,0.0007875878678131332,0.20528104901313782,0.21377258,0.008491530986862172
nearest_neighbor_baseline,338,75095,120580,0.09012010102413115,0.3549456000328064,0.36463356,0.009687959967193627,26.837486267089844,27.009958,0.17247173291015727,0.306805819272995,0.31489873,0.00809291072700502,0.308787077665329,0.3163603,0.007573222334671004,0.1532098352909088,0.15160444,0.0016053952909088065
nearest_neighbor_baseline,339,5749,91753,0.04496831883953493,0.7475271224975586,0.74119526,0.006331862497558571,15.201203346252441,15.460986,0.2597826537475587,0.25251954793930054,0.2534969,0.0009773520606994879,0.2581811845302582,0.25991252,0.0017313354697418015,0.26688072085380554,0.26770148,0.0008207591461944497
nearest_neighbor_baseline,340,63652,90913,0.07571912868773756,0.8581340312957764,0.85701734,0.0011166912957764064,8.49161148071289,8.216132,0.27547948071289063,0.28404560685157776,0.2765919,0.007453706851577757,0.2936950922012329,0.28981075,0.0038843422012329043,0.30834850668907166,0.31186992,0.0035214133109283674
nearest_neighbor_baseline,341,80826,32672,0.15186301849757336,0.9149818420410156,0.9050151,0.009966742041015664,18.776758193969727,18.699442,0.07731619396972533,0.41963040828704834,0.42024383,0.000613421712951645,0.4223783314228058,0.42450008,0.0021217485771942157,0.2276988923549652,0.24924581,0.021546917645034802
nearest_neighbor_baseline,342,1331,49424,0.0737650746647875,0.868129551410675,0.8546216,0.013507951410675068,17.922595977783203,17.806498,0.11609797778320186,0.29567617177963257,0.29050747,0.0051687017796325785,0.3125336468219757,0.30768958,0.00484406682197569,0.33097803592681885,0.33445007,0.0034720340731811405
nearest_neighbor_baseline,343,92981,87982,0.19973693667417086,0.7025359272956848,0.7034151,0.0008791727043151454,18.52981185913086,19.68113,1.1513181408691402,0.3259955644607544,0.33106682,0.005071255539245589,0.3772595226764679,0.38792288,0.01066335732353213,0.5942946076393127,0.6058313,0.011536692360687217
nearest_neighbor_baseline,344,25673,220,0.06963612636025968,0.48929721117019653,0.50458926,0.015292048829803506,22.828304290771484,23.130035,0.3017307092285151,0.2543206214904785,0.25564048,0.0013198585095214876,0.2608482837677002,0.2622711,0.001422816232299784,0.2889242172241211,0.291332,0.002407782775878886
nearest_neighbor_baseline,345,32015,16117,0.1106831617032919,0.3124249279499054,0.30130863,0.011116297949905374,24.962617874145508,25.175379,0.2127611258544917,0.20102572441101074,0.19328962,0.007736104411010747,0.21671907603740692,0.2053981,0.011320976037406921,0.40965190529823303,0.4114699,0.0018179947017669673
nearest_neighbor_baseline,346,46005,131193,0.10729458465949678,0.7628856897354126,0.7752736,0.01238791026458741,19.78119468688965,19.406694,0.37450068688964677,0.49357402324676514,0.4986808,0.005106776753234843,0.4965939521789551,0.50538456,0.008790607821044905,0.2372131645679474,0.24310313,0.005889965432052613
nearest_neighbor_baseline,347,74040,61947,0.06099715244166479,0.5849649310112,0.58710676,0.0021418289887999986,21.56800079345703,21.892153,0.32415220654296917,0.20901387929916382,0.21306601,0.004052130700836182,0.21842388808727264,0.22027192,0.0018480319127273659,0.3289341926574707,0.3254593,0.003474892657470696
nearest_neighbor_baseline,348,50131,13995,0.11310601286974768,0.5130963921546936,0.5409324,0.027836007845306376,21.617658615112305,21.753227,0.1355683848876943,0.39098280668258667,0.38500348,0.005979326682586661,0.39263153076171875,0.38675088,0.005880650761718731,0.15308550000190735,0.1553964,0.0023108999980926415
nearest_neighbor_baseline,349,52836,136687,0.071180017646888,0.9478843808174133,0.93265074,0.015233640817413296,7.165433406829834,7.4492674,0.2838339931701661,0.310256689786911,0.30763975,0.002616939786911021,0.314617395401001,0.31141207,0.0032053254010009913,0.21148580312728882,0.2108651,0.0006207031272888186
nearest_neighbor_baseline,350,10853,94936,0.05251111287719487,0.9175216555595398,0.9066476,0.010874055559539797,9.584625244140625,9.459951,0.12467424414062478,0.24320188164710999,0.24396086,0.0007589783528900163,0.24947725236415863,0.25258455,0.0031072976358413884,0.2822762131690979,0.28588873,0.0036125168309020794
nearest_neighbor_baseline,351,29405,44588,0.11897149855133451,0.68804532289505,0.6695798,0.0184655228950501,21.823577880859375,21.5644,0.2591778808593759,0.24422553181648254,0.2356383,0.008587231816482549,0.24620264768600464,0.23902915,0.007173497686004643,0.19066354632377625,0.1832147,0.007448846323776237
nearest_neighbor_baseline,352,83794,35381,0.24677665233352894,0.547450840473175,0.4784927,0.06895814047317506,21.074777603149414,20.775179,0.29959860314941267,0.6917712092399597,0.68206495,0.009706259239959714,0.6959989666938782,0.69098955,0.005009416693878221,0.23523879051208496,0.2314612,0.003777590512084955
nearest_neighbor_baseline,353,76415,6317,0.06374282188038638,0.4922809898853302,0.508977,0.016696010114669813,24.669382095336914,24.81757,0.14818790466308585,0.5724771022796631,0.57029223,0.0021848722796631304,0.5737558007240295,0.57133555,0.0024202507240295157,0.14660382270812988,0.1462439,0.0003599227081298728
nearest_neighbor_baseline,354,136889,10676,0.061354290355173965,0.7136964797973633,0.69928706,0.014409419797363321,21.424318313598633,21.260862,0.16345631359863333,0.23241400718688965,0.23150632,0.0009076871868896608,0.2417670637369156,0.2393943,0.002372763736915584,0.33200803399086,0.3283905,0.0036175339908600113
nearest_neighbor_baseline,355,39837,4933,0.08051781660288548,0.8119434118270874,0.82905596,0.017112548172912634,15.226451873779297,15.367041,0.14058912622070352,0.2107466757297516,0.20931473,0.0014319457297515825,0.22691379487514496,0.22283678,0.004077014875144946,0.461412250995636,0.45504782,0.006364430995635995
nearest_neighbor_baseline,356,76996,6073,0.14298412819876274,0.25482258200645447,0.27781293,0.022990347993545546,27.076461791992188,27.503887,0.42742520800781136,0.2348903864622116,0.23664585,0.001755463537788382,0.23880942165851593,0.2400437,0.0012342783414840686,0.20427224040031433,0.18906361,0.015208630400314338
nearest_neighbor_baseline,357,86257,126447,0.02493141327677284,0.8600971698760986,0.86240333,0.0023061601239013907,16.15788459777832,16.007492,0.15039259777832115,0.3627091646194458,0.36390293,0.0011937653805542126,0.36798912286758423,0.36720103,0.0007880928675842447,0.22800227999687195,0.22759818,0.0004040999968719372
nearest_neighbor_baseline,358,61418,77139,0.06378829524981168,0.6002559065818787,0.6073094,0.007053493418121337,22.109806060791016,22.492666,0.3828599392089842,0.24736450612545013,0.24542265,0.001941856125450142,0.25078916549682617,0.248188,0.00260116549682618,0.21911002695560455,0.22020233,0.0010923030443954485
nearest_neighbor_baseline,359,105897,61238,0.09965561716130575,0.441672146320343,0.44597816,0.004306013679656995,22.62819480895996,22.952667,0.32447219104004077,0.24225904047489166,0.237915,0.004344040474891675,0.2695621848106384,0.25834075,0.01122143481063842,0.5679764747619629,0.5683225,0.0003460252380370621
nearest_neighbor_baseline,360,22583,59823,0.08842074595643142,0.5901025533676147,0.5793359,0.010766653367614731,17.434633255004883,17.706892,0.27225874499511704,0.2991518974304199,0.2956425,0.003509397430419947,0.3006117641925812,0.2972913,0.003320464192581196,0.1493271142244339,0.1402211,0.009106014224433912
nearest_neighbor_baseline,361,120835,131132,0.12709016652869595,0.9871733784675598,0.98255837,0.0046150084675598,7.650291919708252,7.8438067,0.19351478029174807,0.1829194277524948,0.18648213,0.003562702247505184,0.2267652451992035,0.24216722,0.015401974800796497,0.7911588549613953,0.7846514,0.006507454961395265
nearest_neighbor_baseline,362,56385,61117,0.1790014125895087,0.4251536428928375,0.46006468,0.03491103710716248,21.9899845123291,21.037758,0.9522265123291014,0.6496617197990417,0.65144384,0.0017821202009582482,0.6504974365234375,0.65235484,0.0018574034765624914,0.101560078561306,0.09922745,0.002332628561306005
nearest_neighbor_baseline,363,48010,23277,0.07375766587697292,0.9891051054000854,0.9875173,0.001587805400085407,8.535648345947266,8.657264,0.121615654052734,0.35210973024368286,0.34454933,0.007560400243682874,0.35792428255081177,0.35175616,0.006168122550811783,0.3050302267074585,0.30301982,0.002010406707458501
nearest_neighbor_baseline,364,108455,62068,0.06216955668963236,0.9759466648101807,0.9755411,0.0004055648101806142,2.974669933319092,2.7574332,0.21723673331909188,0.3018462359905243,0.2956459,0.006200335990524275,0.341378390789032,0.34374234,0.002363949210967997,0.4998154044151306,0.49602807,0.0037873344151306276
nearest_neighbor_baseline,365,16621,65648,0.12857015907059532,0.8249402046203613,0.8077846,0.017155604620361364,20.57365608215332,20.378887,0.19476908215332145,0.5667227506637573,0.5749483,0.008225549336242644,0.5684337019920349,0.57677805,0.00834434800796513,0.15736401081085205,0.14658864,0.010775370810852059
nearest_neighbor_baseline,366,108201,98495,0.0563612174110393,0.9296748042106628,0.93529975,0.0056249457893371435,13.179118156433105,12.992382,0.18673615643310626,0.25009581446647644,0.24704927,0.003046544466476453,0.2629026174545288,0.25915724,0.0037453774545287977,0.4343808889389038,0.42993608,0.00444480893890381
nearest_neighbor_baseline,367,133681,697,0.06410752481893915,0.9294776916503906,0.92506063,0.004417061650390575,13.289848327636719,13.249135,0.04071332763671798,0.24902379512786865,0.25135317,0.0023293748721313623,0.2607710659503937,0.26898745,0.00821638404960634,0.38663384318351746,0.38612136,0.0005124831835174315
nearest_neighbor_baseline,368,11630,110978,0.07162419092186185,0.6349313259124756,0.6203297,0.014601625912475602,18.670198440551758,18.492188,0.17801044055175907,0.2803382873535156,0.28353617,0.0031978826464843513,0.29422974586486816,0.2937061,0.0005236458648681386,0.36583006381988525,0.35993224,0.0058978238198852395
nearest_neighbor_baseline,369,130214,107541,0.07791161539323872,0.8796910047531128,0.8571819,0.02250910475311274,12.573895454406738,12.492165,0.08173045440673832,0.31573280692100525,0.31600344,0.0002706330789947753,0.3188449740409851,0.32022804,0.0013830659590148842,0.21389837563037872,0.21154135,0.002357025630378734
nearest_neighbor_baseline,370,106179,20302,0.09463413560222746,0.9118760228157043,0.9339273,0.02205127718429567,17.474740982055664,17.456198,0.018542982055663515,0.43622076511383057,0.42965928,0.00656148511383059,0.4423567056655884,0.43965527,0.002701435665588392,0.3319512605667114,0.32727706,0.004674200566711417
nearest_neighbor_baseline,371,8272,96636,0.08014603080358916,0.22354473173618317,0.2407927,0.017247968263816832,26.61399269104004,26.25108,0.3629126910400373,0.31712546944618225,0.3181193,0.0009938305538177428,0.32396525144577026,0.32604605,0.0020807985542297125,0.2487991601228714,0.24647482,0.002324340122871388
nearest_neighbor_baseline,372,133477,108589,0.1011236561651677,0.8217337131500244,0.8176798,0.004053913150024457,18.90271759033203,19.57138,0.6686624096679701,0.3679204285144806,0.3682184,0.00029797148551941044,0.3714686632156372,0.3701209,0.0013477632156372321,0.19553019106388092,0.20028445,0.004754258936119082
nearest_neighbor_baseline,373,126941,39042,0.07723347805271312,0.974456250667572,0.987361,0.012904749332428023,6.9882493019104,7.2971435,0.3088941980895994,0.21175837516784668,0.21352538,0.0017670048321533072,0.24993808567523956,0.24780773,0.002130355675239559,0.6062105894088745,0.5999285,0.006282089408874536
nearest_neighbor_baseline,374,71400,47116,0.048019107801521056,0.9862992763519287,0.9808278,0.0054714763519286835,7.02130126953125,7.200929,0.17962773046875036,0.2002546191215515,0.20095976,0.0007051408784484736,0.22904129326343536,0.22564816,0.0033931332634353772,0.5449793934822083,0.54885876,0.003879366517791749
nearest_neighbor_baseline,375,8588,32590,0.05990363007489483,0.5867030620574951,0.59236413,0.0056610679425048716,23.201871871948242,23.570591,0.3687191280517581,0.21657337248325348,0.21439296,0.0021804124832534855,0.22076550126075745,0.21860562,0.002159881260757446,0.2148175686597824,0.21576987,0.0009523013402175928
nearest_neighbor_baseline,376,58924,23185,0.06694945024785352,0.955155074596405,0.9458337,0.00932137459640503,11.32973575592041,11.176071,0.15366475592040985,0.2646770477294922,0.27157214,0.00689509227050783,0.2812308967113495,0.28455418,0.0033232832886505026,0.38299188017845154,0.38199484,0.000997040178451536
nearest_neighbor_baseline,377,118268,37141,0.08424217097684508,0.13081547617912292,0.14953674,0.018721263820877077,27.20591163635254,26.999628,0.20628363635253777,0.31673306226730347,0.3190921,0.002359037732696523,0.32602089643478394,0.32509002,0.000930876434783956,0.24709375202655792,0.2537565,0.006662747973442074
nearest_neighbor_baseline,378,69853,45820,0.14235772146531167,0.4051661789417267,0.4083557,0.0031895210582733036,28.112140655517578,27.730673,0.38146765551757866,0.6201614737510681,0.62580574,0.005644266248931884,0.6212111711502075,0.6269689,0.005757728849792532,0.13752242922782898,0.1202478,0.017274629227828978
nearest_neighbor_baseline,379,60645,4433,0.08615417274012653,0.6697685718536377,0.6601562,0.009612371853637725,17.476850509643555,17.456558,0.020292509643553558,0.29464191198349,0.30393577,0.009293858016510004,0.30461275577545166,0.3102106,0.005597844224548343,0.30436044931411743,0.3070319,0.0026714506858825926
nearest_neighbor_baseline,380,95234,110171,0.0783912460938723,0.9247711300849915,0.9271995,0.002428369915008499,15.985158920288086,15.929985,0.055173920288085654,0.18310387432575226,0.1846433,0.001539425674247752,0.2066255509853363,0.20985167,0.0032261190146636864,0.4857728183269501,0.47504967,0.010723148326950094
nearest_neighbor_baseline,381,63921,73935,0.11591282548035654,0.940728485584259,0.9513495,0.010621014415740926,11.557760238647461,11.320383,0.2373772386474613,0.21130415797233582,0.20829318,0.003010977972335821,0.24302731454372406,0.23389399,0.009133324543724064,0.6466877460479736,0.65823007,0.011542323952026368
nearest_neighbor_baseline,382,70346,61540,0.0860877241359792,0.832737147808075,0.8447194,0.011982252191925058,18.638450622558594,18.86852,0.23006937744140643,0.21674852073192596,0.21774314,0.0009946192680740373,0.2205124944448471,0.22505257,0.0045400755551529,0.2516149878501892,0.26045832,0.008843332149810812
nearest_neighbor_baseline,383,35981,46516,0.07753986483715726,0.24517196416854858,0.24552983,0.0003578658314514205,25.65833282470703,25.506907,0.15142582470702948,0.20974339544773102,0.21609637,0.006352974552268992,0.23376154899597168,0.22993435,0.00382719899597167,0.4153430461883545,0.42299077,0.007647723811645524
nearest_neighbor_baseline,384,40051,29108,0.1093873719633205,0.5708956122398376,0.5492954,0.021600212239837657,23.923616409301758,23.574694,0.3489224093017569,0.33057114481925964,0.33636335,0.005792205180740362,0.33893847465515137,0.34518835,0.00624987534484861,0.3304120898246765,0.3267265,0.0036855898246765384
nearest_neighbor_baseline,385,13204,20458,0.08670287044048905,0.8665032386779785,0.8622392,0.004264038677978532,15.013777732849121,14.423808,0.5899697328491218,0.2168811410665512,0.21883625,0.0019551089334488014,0.2217177003622055,0.22360179,0.0018840896377944893,0.25605109333992004,0.25654277,0.0004916766600799316
nearest_neighbor_baseline,386,75824,138314,0.05239558972779726,0.9697930216789246,0.9674413,0.002351721678924612,12.713088989257812,12.634002,0.07908698925781188,0.37262335419654846,0.37697485,0.0043514958034515105,0.3875250816345215,0.3875173,7.7816345214754e-06,0.41733187437057495,0.42318583,0.005853955629425034
nearest_neighbor_baseline,387,20307,132860,0.07429551658418182,0.10364992916584015,0.097547434,0.006102495165840147,29.33332061767578,29.821735,0.4884143823242191,0.6206457018852234,0.620935,0.00028929811477662604,0.6221500039100647,0.6225348,0.0003847960899353575,0.1266963630914688,0.12945186,0.002755496908531191
nearest_neighbor_baseline,388,110524,8962,0.12644229514956695,0.81939297914505,0.81373644,0.0056565391450500435,22.296857833862305,21.91906,0.3777978338623029,0.24402368068695068,0.23652063,0.007503050686950674,0.24714644253253937,0.24086946,0.00627698253253936,0.24588842689990997,0.23290618,0.012982246899909983
nearest_neighbor_baseline,389,119881,133227,0.07556803409086006,0.7098212838172913,0.69142824,0.018393043817291233,22.35234832763672,22.646313,0.2939646723632805,0.30109432339668274,0.3010357,5.8623396682722095e-05,0.31101325154304504,0.3124578,0.0014445484569549638,0.2806601822376251,0.27880985,0.0018503322376250964
nearest_neighbor_baseline,390,77427,139648,0.12722070006167074,0.21278737485408783,0.21227527,0.0005121048540878415,23.77176856994629,23.496109,0.2756595699462885,0.3515050411224365,0.35338318,0.0018781388775634955,0.36213138699531555,0.36563972,0.0035083330046844496,0.30394503474235535,0.32119486,0.01724982525764468
nearest_neighbor_baseline,391,107529,50433,0.08080971831439888,0.627996027469635,0.609456,0.018540027469635012,19.746437072753906,19.936169,0.18973192724609333,0.22888821363449097,0.2263238,0.002564413634490975,0.23370163142681122,0.23711468,0.003413048573188776,0.27396127581596375,0.2691413,0.004819975815963717
nearest_neighbor_baseline,392,68428,13354,0.10087507211594184,0.8624387383460999,0.8510731,0.011365638346099827,15.398999214172363,15.85611,0.457110785827636,0.2477586418390274,0.24815091,0.00039226816097259753,0.2736261785030365,0.27998236,0.006356181496963487,0.5225054025650024,0.51524407,0.0072613325650023874
nearest_neighbor_baseline,393,120665,106224,0.04258625531508306,0.9854118227958679,0.98240215,0.003009672795867946,5.724992752075195,5.504512,0.22048075207519524,0.2181583046913147,0.22059989,0.0024415853086852957,0.23422153294086456,0.23708025,0.0028587170591354294,0.4135797917842865,0.4140505,0.000470708215713489
nearest_neighbor_baseline,394,97373,42740,0.09169182290057601,0.6152889132499695,0.5896801,0.025608813249969442,16.65496253967285,16.736021,0.08105846032714936,0.23100659251213074,0.23207158,0.0010649874878692622,0.2563657760620117,0.25690183,0.0005360539379882789,0.4063510000705719,0.40174028,0.004610720070571894
nearest_neighbor_baseline,395,8208,68041,0.051640806388119534,0.8888659477233887,0.88869727,0.00016867772338868825,16.80799674987793,17.067566,0.25956925012206966,0.29757776856422424,0.29308587,0.004491898564224217,0.33055081963539124,0.3328983,0.002347480364608745,0.4430221915245056,0.4433532,0.0003310084754943876
nearest_neighbor_baseline,396,102313,69947,0.0974001098476681,0.9318190813064575,0.9302492,0.0015698813064575212,15.153060913085938,14.864946,0.28811491308593773,0.3357985019683838,0.32705274,0.00874576196838378,0.34319767355918884,0.33495492,0.008242753559188853,0.2926837205886841,0.29526386,0.002580139411315907
nearest_neighbor_baseline,397,86117,29892,0.10812134444438365,0.0936342105269432,0.096419446,0.002785235473056799,23.74908447265625,23.234922,0.514162472656249,0.22250781953334808,0.21608031,0.006427509533348086,0.23161408305168152,0.24044994,0.008835856948318482,0.41645047068595886,0.41493818,0.0015122906859588725
nearest_neighbor_baseline,398,82604,82818,0.06477570418826112,0.6864431500434875,0.6928712,0.006428049956512472,19.89434051513672,20.031834,0.13749348486328117,0.26264137029647827,0.26634645,0.003705079703521741,0.2672562897205353,0.2728888,0.005632510279464709,0.28965967893600464,0.28505608,0.004603598936004649
nearest_neighbor_baseline,399,25424,134540,0.05851721042556189,0.16592518985271454,0.14974362,0.016181569852714545,25.27090835571289,25.273773,0.002864644287107865,0.33310773968696594,0.3341477,0.0010399603130340496,0.337356299161911,0.3377355,0.00037920083808901106,0.17383672297000885,0.17705144,0.0032147170299911543
nearest_neighbor_baseline,400,118671,124734,0.15799199484157128,0.5776562690734863,0.55196285,0.025693419073486323,23.338815689086914,22.751373,0.5874426890869131,0.215749591588974,0.205083,0.010666591588974011,0.26423999667167664,0.27379757,0.009557573328323354,0.6723294258117676,0.6702842,0.0020452258117675814
nearest_neighbor_baseline,401,84745,59494,0.06598910444433978,0.9093427658081055,0.8926292,0.016713565808105457,8.14809799194336,8.369392,0.22129400805664012,0.2362825870513916,0.23620242,8.016705139160529e-05,0.24018505215644836,0.24258825,0.002403197843551641,0.25628334283828735,0.25611493,0.0001684128382873351
nearest_neighbor_baseline,402,63618,285,0.09464993264034566,0.36430734395980835,0.3703981,0.006090756040191658,16.255544662475586,16.534481,0.2789363375244136,0.26384758949279785,0.25760466,0.006242929492797866,0.27309897541999817,0.26832104,0.004777935419998158,0.3329148590564728,0.32386884,0.009046019056472787
nearest_neighbor_baseline,403,33526,21584,0.15716770296003063,0.5097840428352356,0.5058872,0.0038968428352356144,16.1110897064209,15.117291,0.9937987064208986,0.27560335397720337,0.2760435,0.00044014602279662807,0.28534722328186035,0.2921941,0.006846876718139661,0.35472866892814636,0.34754685,0.007181818928146344
nearest_neighbor_baseline,404,70761,52930,0.11850831583401746,0.2212025672197342,0.22564398,0.004441412780265802,26.805652618408203,26.173058,0.6325946184082021,0.39342832565307617,0.39538223,0.0019539043469238293,0.3958655297756195,0.39713076,0.0012652302243805202,0.15198570489883423,0.16294678,0.010961075101165785
nearest_neighbor_baseline,405,71767,102739,0.07630838803098394,0.028475414961576462,0.025165962,0.0033094529615764617,25.511384963989258,25.53785,0.026465036010741017,0.21504153311252594,0.20723885,0.007802683112525938,0.2586037516593933,0.26105285,0.0024490983406066924,0.8139467239379883,0.8069689,0.006977823937988292
nearest_neighbor_baseline,406,80302,90546,0.08308748470196171,0.06801935285329819,0.060419187,0.007600165853298188,25.39419174194336,25.594225,0.20003325805664218,0.2320919632911682,0.23516266,0.0030706967088317827,0.23783868551254272,0.24057095,0.002732264487457281,0.26456189155578613,0.25462127,0.009940621555786122
nearest_neighbor_baseline,407,2546,25016,0.06979651915666917,0.8104247450828552,0.7942341,0.01619064508285517,20.109037399291992,20.027014,0.08202339929199098,0.23984193801879883,0.24218825,0.0023463119812011657,0.26211223006248474,0.26746652,0.005354289937515244,0.41520392894744873,0.41629732,0.0010933910525512958
nearest_neighbor_baseline,408,93339,135861,0.0616607888449662,0.8850066661834717,0.87701637,0.00799029618347169,11.053861618041992,11.215318,0.1614563819580077,0.20548827946186066,0.20359962,0.0018886594618606478,0.21370232105255127,0.21175574,0.0019465810525512717,0.3163262903690338,0.32320172,0.006875429630966212
nearest_neighbor_baseline,409,85142,93936,0.10882047679513282,0.6508861780166626,0.660475,0.009588821983337437,22.60478401184082,22.539038,0.06574601184081885,0.780433177947998,0.78928775,0.008854572052001908,0.7817694544792175,0.7919403,0.010170845520782512,0.1365840882062912,0.14180689,0.005222801793708792
nearest_neighbor_baseline,410,29771,43463,0.16479960945021677,0.07396405935287476,0.093164235,0.019200175647125242,32.09562683105469,32.212555,0.11692816894531433,0.3360326886177063,0.3261667,0.009865988617706323,0.3373420536518097,0.32947475,0.00786730365180971,0.12584304809570312,0.1435537,0.01771065190429688
nearest_neighbor_baseline,411,96187,42697,0.08367068184893872,0.7044974565505981,0.6870739,0.01742355655059813,17.04756736755371,17.462496,0.41492863244629064,0.35544484853744507,0.35679868,0.0013538314625549108,0.36203786730766296,0.36313614,0.0010982726923370323,0.23723499476909637,0.23593065,0.0013043447690963828
nearest_neighbor_baseline,412,15985,90964,0.09011293744426542,0.9553136229515076,0.93979496,0.015518662951507611,14.928101539611816,14.546271,0.38183053961181557,0.45163023471832275,0.4555793,0.0039490652816772664,0.45451024174690247,0.46029684,0.005786598253097519,0.2171565592288971,0.21690576,0.0002507992288970917
nearest_neighbor_baseline,413,70015,2910,0.04614329630853005,0.9699957370758057,0.96610206,0.0038936770758056793,10.852259635925293,10.955995,0.10373536407470674,0.29244542121887207,0.29586053,0.00341510878112794,0.2999679446220398,0.3035099,0.003541955377960204,0.3310137391090393,0.32777035,0.0032433891090393185
nearest_neighbor_baseline,414,15545,36145,0.07214068923786322,0.45511916279792786,0.4475488,0.007570362797927832,20.88406753540039,21.256071,0.372003464599608,0.22451946139335632,0.2223608,0.002158661393356326,0.23345567286014557,0.23887521,0.005419537139854436,0.31341004371643066,0.3126221,0.0007879437164306502
nearest_neighbor_baseline,415,118759,89247,0.12312452557150645,0.9814997315406799,0.9736429,0.007856831540679954,2.7906668186187744,2.072812,0.7178548186187745,0.44297733902931213,0.4496887,0.006711360970687863,0.46557238698005676,0.47154343,0.005971043019943223,0.3042071759700775,0.30519414,0.000986964029922488
nearest_neighbor_baseline,416,53776,76805,0.19964212548520657,0.25977516174316406,0.25168735,0.008087811743164086,17.824352264404297,17.494328,0.33002426440429744,0.2379341721534729,0.22433883,0.013595342153472911,0.25295722484588623,0.24548428,0.007472944845886231,0.4802406430244446,0.4572499,0.022990743024444593
nearest_neighbor_baseline,417,105268,102331,0.14867005894616586,0.3050673305988312,0.3014636,0.0036037305988311785,20.41734504699707,19.404078,1.013267046997072,0.2859841585159302,0.28241053,0.003573628515930183,0.29537567496299744,0.29699707,0.0016213950370025376,0.32590538263320923,0.32189697,0.004008412633209224
nearest_neighbor_baseline,418,399,110504,0.09390310146258711,0.8652464747428894,0.85204136,0.013205114742889434,15.741793632507324,15.314283,0.4275106325073246,0.20258034765720367,0.20758916,0.0050088123427963205,0.20614203810691833,0.2106899,0.004547861893081678,0.21253830194473267,0.21691096,0.004372658055267348
nearest_neighbor_baseline,419,10504,88435,0.09144399280908531,0.729694664478302,0.74112934,0.011434675521697968,21.14000701904297,20.859688,0.2803190190429703,0.24351607263088226,0.24638127,0.00286519736911775,0.27223774790763855,0.2663435,0.005894247907638539,0.4864841401576996,0.494652,0.008167859842300396
nearest_neighbor_baseline,420,2064,2912,0.11421591224472533,0.4878627359867096,0.48315126,0.004711475986709568,25.329526901245117,26.02192,0.6923930987548843,0.23086488246917725,0.23358752,0.002722637530822747,0.23594561219215393,0.23651955,0.0005739378078460644,0.23767827451229095,0.22982325,0.007855024512290948
nearest_neighbor_baseline,421,101804,63353,0.12472647803772682,0.3456901013851166,0.36313397,0.017443868614883395,26.128005981445312,26.42509,0.29708401855468836,0.429023414850235,0.4244968,0.004526614850234978,0.5144851207733154,0.51612735,0.001642229226684555,0.531337559223175,0.54545176,0.014114200776824903
nearest_neighbor_baseline,422,78183,127783,0.07485946285881867,0.9688816070556641,0.97241265,0.003531042944335927,10.54895305633545,10.355257,0.19369605633544928,0.3827742636203766,0.38947734,0.006703076379623418,0.3921939730644226,0.3976851,0.005491126935577406,0.2984178364276886,0.29418844,0.004229396427688603
nearest_neighbor_baseline,423,1379,96518,0.1400538550706453,0.6042486429214478,0.59867984,0.005568802921447791,22.462675094604492,23.300983,0.8383079053955065,0.27408909797668457,0.2653468,0.008742297976684577,0.3011491000652313,0.30563372,0.004484619934768674,0.4545307755470276,0.45186168,0.0026690955470276
nearest_neighbor_baseline,424,104686,107534,0.04837965147740817,0.3312895596027374,0.33428624,0.0029966803972625855,25.575096130371094,25.671724,0.09662786962890735,0.22900345921516418,0.2252977,0.003705759215164195,0.23789829015731812,0.23285809,0.005040200157318125,0.2916125953197479,0.29209477,0.00048217468025207877
nearest_neighbor_baseline,425,74551,51264,0.058366533764980036,0.9774006009101868,0.9640703,0.013330300910186721,7.812397480010986,8.061404,0.24900651998901324,0.3282569944858551,0.3266203,0.001636694485855128,0.3397373557090759,0.33938453,0.00035282570907591015,0.32104992866516113,0.32232115,0.001271221334838868
nearest_neighbor_baseline,426,71017,8879,0.07528225465685681,0.8375487327575684,0.855834,0.018285267242431624,18.280282974243164,18.255991,0.02429197424316243,0.3317197263240814,0.33403835,0.002318623675918563,0.3378560543060303,0.33785176,4.294306030272477e-06,0.22912746667861938,0.2351786,0.006051133321380603
nearest_neighbor_baseline,427,137398,26419,0.08373822531827746,0.3255773186683655,0.31972533,0.005851988668365504,25.61209487915039,25.776886,0.16479112084961045,0.22320428490638733,0.22954065,0.006336365093612684,0.2253655046224594,0.23410827,0.008742765377540596,0.20487798750400543,0.20473331,0.00014467750400543045
nearest_neighbor_baseline,428,102077,138979,0.15425357176569035,0.5929365158081055,0.60189754,0.008961024191894484,19.380359649658203,18.60164,0.7787196496582034,0.47596481442451477,0.48617184,0.010207025575485251,0.47754159569740295,0.4875026,0.009961004302597054,0.11582911759614944,0.11828915,0.002460032403850551
nearest_neighbor_baseline,429,135278,38118,0.07348964742858784,0.9448227286338806,0.93709314,0.007729588633880624,14.763287544250488,14.612816,0.1504715442504878,0.2527259588241577,0.25041947,0.0023064888241577375,0.2625858783721924,0.2710377,0.00845182162780761,0.3866629898548126,0.38893855,0.002275560145187372
nearest_neighbor_baseline,430,47049,48301,0.2163024022302695,0.7259925603866577,0.68625176,0.039740800386657726,20.904512405395508,21.581131,0.6766185946044914,0.3248539865016937,0.30810326,0.016750726501693736,0.42391809821128845,0.42385277,6.532821128846233e-05,0.8602387309074402,0.87158567,0.011346939092559793
nearest_neighbor_baseline,431,117119,33861,0.08439485645321948,0.40184101462364197,0.4168812,0.01504018537635804,25.6780948638916,25.275162,0.4029328638915999,0.22047977149486542,0.21883665,0.0016431214948654238,0.22812679409980774,0.22762202,0.000504774099807731,0.2628033459186554,0.2679944,0.005191054081344626
nearest_neighbor_baseline,432,84365,62007,0.07901487296180168,0.935820460319519,0.9435291,0.0077086396804809665,11.352572441101074,11.115973,0.2365994411010739,0.210794597864151,0.20686091,0.003933687864150992,0.22818376123905182,0.22173175,0.006452011239051814,0.4658716320991516,0.47151893,0.0056472979008483914
nearest_neighbor_baseline,433,13915,75070,0.044054531763213764,0.9030293226242065,0.90928966,0.006260337375793457,14.721555709838867,14.92835,0.20679429016113282,0.31093287467956543,0.3106316,0.000301274679565422,0.3215380907058716,0.3218303,0.00029220929412843155,0.35595738887786865,0.35969543,0.0037380411221313303
nearest_neighbor_baseline,434,95322,102050,0.09486848963432021,0.7088711857795715,0.71406585,0.005194664220428469,21.47100830078125,21.631275,0.1602666992187487,0.42373931407928467,0.4288585,0.005119185920715308,0.4372720420360565,0.4460244,0.008752357963943469,0.3809630572795868,0.38872296,0.007759902720413214
nearest_neighbor_baseline,435,113633,98445,0.05107461879427135,0.08571033924818039,0.07876922,0.0069411192481803885,27.26331329345703,27.292582,0.029268706542968204,0.3106565475463867,0.30663913,0.004017417546386737,0.31619900465011597,0.3197184,0.003519395349884047,0.26212790608406067,0.26566666,0.00353875391593933
nearest_neighbor_baseline,436,102066,121728,0.08509924297192434,0.5638116598129272,0.5586218,0.0051898598129273,23.947750091552734,23.580378,0.36737209155273476,0.26067039370536804,0.2578641,0.002806293705368057,0.2724837362766266,0.27516028,0.0026765437233733924,0.3664725422859192,0.35782245,0.008650092285919175
nearest_neighbor_baseline,437,106077,97893,0.10971695682460081,0.7719128727912903,0.7690482,0.0028646727912903236,18.331396102905273,18.016954,0.3144421029052751,0.2713604271411896,0.2792818,0.00792137285881045,0.3312596082687378,0.32162344,0.00963616826873781,0.5176878571510315,0.51135635,0.006331507151031479
nearest_neighbor_baseline,438,46341,92388,0.12624537353453963,0.6429792046546936,0.62897617,0.014003034654693658,20.05857276916504,19.251526,0.8070467691650407,0.34702223539352417,0.35030138,0.0032791446064758256,0.35443922877311707,0.35636353,0.0019243012268829185,0.2686414420604706,0.26995966,0.0013182179395294091
nearest_neighbor_baseline,439,16037,96963,0.06330399310871346,0.8791788220405579,0.89046806,0.011289237959442144,17.402660369873047,17.426674,0.02401363012695157,0.27621757984161377,0.2705322,0.005685379841613769,0.28524667024612427,0.28827265,0.0030259797538757516,0.38232696056365967,0.37918258,0.0031443805636596767
nearest_neighbor_baseline,440,39875,74397,0.0277222686669625,0.9732258319854736,0.969594,0.003631831985473677,9.81203842163086,9.881126,0.0690875783691407,0.25335341691970825,0.25358987,0.00023645308029174306,0.2577294707298279,0.2587054,0.0009759292701720934,0.2586861848831177,0.25548974,0.003196444883117655
nearest_neighbor_baseline,441,69920,12546,0.0613238883737935,0.6778929829597473,0.6708246,0.007068382959747321,23.11968231201172,23.49503,0.3753476879882811,0.647298276424408,0.6468565,0.00044177642440801357,0.6495338082313538,0.6485633,0.000970508231353806,0.17568039894104004,0.17294164,0.0027387589410400315
nearest_neighbor_baseline,442,111315,102570,0.12693099891142703,0.7777653932571411,0.8016627,0.023897306742858837,19.568178176879883,19.986227,0.4180488231201167,0.4423213005065918,0.4438819,0.001560599493408199,0.4597804546356201,0.4502332,0.009547254635620117,0.3352026641368866,0.32970843,0.0054942341368866
nearest_neighbor_baseline,443,16068,42421,0.09132270225529171,0.7781500220298767,0.791598,0.013447977970123315,13.682389259338379,13.676237,0.006152259338378485,0.25778675079345703,0.25744924,0.00033751079345700763,0.26492634415626526,0.26838863,0.003462285843734758,0.25260305404663086,0.26368243,0.011079375953369164
nearest_neighbor_baseline,444,104964,137970,0.061564889727758414,0.9742061495780945,0.9706099,0.003596249578094457,10.151214599609375,10.290705,0.13949040039062588,0.25894632935523987,0.2600145,0.0010681706447601136,0.27407899498939514,0.27200693,0.0020720649893951615,0.418362021446228,0.41036358,0.007998441446228022
nearest_neighbor_baseline,445,57652,54615,0.08322466093201795,0.49311044812202454,0.48900244,0.0041080081220245535,21.553905487060547,21.435978,0.11792748706054823,0.2515353858470917,0.25333387,0.0017984841529083417,0.2615206837654114,0.2627498,0.0012291162345886009,0.36906424164772034,0.35750073,0.011563511647720348
nearest_neighbor_baseline,446,52960,33728,0.11869797507847595,0.34033286571502686,0.35469022,0.014357354284973145,23.904220581054688,23.876146,0.028074581054688963,0.26638805866241455,0.26085445,0.005533608662414535,0.28611403703689575,0.2810055,0.005108537036895733,0.43023788928985596,0.44404155,0.01380366071014405
nearest_neighbor_baseline,447,22311,112439,0.24328598757502592,0.9390876293182373,0.86890393,0.07018369931823731,5.366635799407959,5.2734604,0.09317539940795871,0.47735729813575745,0.48190168,0.004544381864242553,0.48901528120040894,0.49637008,0.007354798799591056,0.25535330176353455,0.25977257,0.0044192682364654345
nearest_neighbor_baseline,448,105304,122256,0.05081870483916863,0.6712889075279236,0.66965634,0.001632567527923623,21.735994338989258,21.440884,0.2951103389892573,0.3207448124885559,0.31923956,0.0015052524885559304,0.32434558868408203,0.32258534,0.001760248684082033,0.22529365122318268,0.22870527,0.00341161877681731
nearest_neighbor_baseline,449,35061,50457,0.07180041946077537,0.8550134301185608,0.85199964,0.003013790118560844,10.04837703704834,10.282875,0.2344979629516608,0.3343401849269867,0.33762363,0.0032834450730133136,0.3402714431285858,0.34471473,0.004443286871414209,0.2336663156747818,0.24079955,0.007133234325218202
nearest_neighbor_baseline,450,16182,90455,0.17316376834091404,0.5866633057594299,0.57321054,0.013452765759429886,15.712639808654785,15.980522,0.2678821913452154,0.29612287878990173,0.30753973,0.011416851210098278,0.3287246525287628,0.33023635,0.0015116974712371944,0.4335400462150574,0.41290957,0.02063047621505737
nearest_neighbor_baseline,451,1662,40004,0.19114492038044578,0.00743691623210907,0.015325507,0.00788859076789093,15.135653495788574,16.445606,1.3099525042114273,0.23632341623306274,0.23911263,0.0027892137669372485,0.2442517727613449,0.24526525,0.0010134772386550805,0.22804561257362366,0.23326856,0.0052229474263763565
nearest_neighbor_baseline,452,90083,39742,0.0906033047668602,0.6138288974761963,0.61277336,0.0010555374761962444,20.514249801635742,20.114727,0.3995228016357437,0.2274981439113617,0.22514631,0.002351833911361706,0.2396060973405838,0.23401982,0.005586277340583812,0.38127240538597107,0.37312427,0.00814813538597109
nearest_neighbor_baseline,453,70281,106750,0.0699944903325148,0.10050617903470993,0.10011466,0.0003915190347099362,29.96832275390625,30.22186,0.2535372460937495,0.38724884390830994,0.39037156,0.00312271609169007,0.3898579776287079,0.39583242,0.005974442371292132,0.17009902000427246,0.17524615,0.0051471299957275285
nearest_neighbor_baseline,454,33665,12009,0.08812179375361669,0.6382388472557068,0.6619706,0.023731752744293177,20.054067611694336,20.114,0.05993238830566483,0.25288859009742737,0.251009,0.001879590097427386,0.25868502259254456,0.25614774,0.002537282592544543,0.26467835903167725,0.26009503,0.004583329031677241
nearest_neighbor_baseline,455,102212,117759,0.05788754642719023,0.8485895395278931,0.8647998,0.01621026047210694,8.742497444152832,8.874828,0.1323305558471688,0.32194873690605164,0.32233503,0.0003862930939483866,0.3290138840675354,0.32824504,0.0007688440675354125,0.2868325114250183,0.2880843,0.0012517885749817048
nearest_neighbor_baseline,456,40612,75609,0.08963175436942386,0.3803309202194214,0.36501986,0.015311060219421413,19.28014373779297,19.7475,0.46735626220702997,0.2679343819618225,0.26429716,0.0036372219618225343,0.2721921503543854,0.2701042,0.0020879503543853595,0.2479800581932068,0.25007695,0.002096891806793233
nearest_neighbor_baseline,457,103700,84627,0.045667003036111306,0.972355842590332,0.97857314,0.006217297409667921,7.946768760681152,8.012368,0.06559923931884803,0.223984956741333,0.22568129,0.0016963332586669988,0.24434824287891388,0.24334335,0.0010048928789138656,0.5086873173713684,0.5032514,0.005435917371368393
nearest_neighbor_baseline,458,48622,56165,0.1635039667912305,0.054371271282434464,0.04867287,0.0056984012824344635,31.946138381958008,32.28031,0.33417161804199225,0.8143859505653381,0.80906403,0.00532192056533809,0.8168058395385742,0.81249875,0.004307089538574171,0.14968062937259674,0.17129473,0.021614100627403265
nearest_neighbor_baseline,459,130470,60377,0.019871160441668197,0.8241477608680725,0.82274085,0.0014069108680725417,17.00397491455078,16.94025,0.06372491455078233,0.23159977793693542,0.23337804,0.001778262063064584,0.24022209644317627,0.24175075,0.001528653556823717,0.3417043685913086,0.34210002,0.0003956514086914109
nearest_neighbor_baseline,460,58811,109490,0.09404376404660766,0.3419512212276459,0.31947726,0.02247396122764589,23.05930519104004,22.775103,0.28420219104003763,0.21868585050106049,0.21885704,0.00017118949893951685,0.23531804978847504,0.2390014,0.003683350211524966,0.5396695733070374,0.54421633,0.004546756692962672
nearest_neighbor_baseline,461,83443,72242,0.09529935235548613,0.7226318120956421,0.7337999,0.01116808790435786,21.13584327697754,20.56803,0.5678132769775388,0.2560157775878906,0.2604,0.004384222412109395,0.2865670621395111,0.2886654,0.002098337860488908,0.5372527837753296,0.5359168,0.0013359837753296189
nearest_neighbor_baseline,462,121868,55334,0.07083963451801432,0.674748957157135,0.65869087,0.01605808715713497,22.738361358642578,22.659275,0.07908635864257718,0.28634101152420044,0.28444415,0.0018968615242004327,0.29214009642601013,0.29000148,0.0021386164260101537,0.24098792672157288,0.24691032,0.005922393278427113
nearest_neighbor_baseline,463,83272,13133,0.0735824738157974,0.8605257868766785,0.86973745,0.009211663123321556,18.845043182373047,19.233873,0.38882981762695223,0.23287418484687805,0.23482433,0.001950145153121946,0.24377617239952087,0.24548665,0.0017104776004791267,0.3854042887687683,0.39032185,0.004917561231231715
nearest_neighbor_baseline,464,118179,57533,0.0401993299289535,0.9369968771934509,0.9426444,0.005647522806549121,10.785801887512207,10.715453,0.07034888751220691,0.2454919070005417,0.24870545,0.0032135429994583076,0.25462499260902405,0.25611576,0.0014907673909759778,0.2792906165122986,0.28264108,0.003350463487701405
nearest_neighbor_baseline,465,24382,86524,0.04133276569749634,0.9464533925056458,0.949273,0.0028196074943542815,8.383131980895996,8.3491955,0.03393648089599566,0.25938546657562256,0.2618289,0.002443433424377417,0.3031861484050751,0.30587384,0.0026876915949249347,0.5979393720626831,0.5935135,0.004425872062683078
nearest_neighbor_baseline,466,6267,133488,0.0652305883804556,0.18289339542388916,0.19839948,0.015506084576110829,29.787771224975586,29.703096,0.08467522497558733,0.37439560890197754,0.37819213,0.003796521098022476,0.37861543893814087,0.38099542,0.0023799810618591044,0.22312523424625397,0.22007759,0.0030476442462539777
nearest_neighbor_baseline,467,121344,83724,0.11451535785069117,0.8323690295219421,0.84843093,0.01606190047805789,12.612427711486816,12.07403,0.5383977114868159,0.3879425823688507,0.38128123,0.0066613523688506815,0.3904300630092621,0.38418144,0.0062486230092621,0.19475194811820984,0.19278978,0.001962168118209845
nearest_neighbor_baseline,468,128366,87330,0.08033625023808381,0.29583895206451416,0.31194627,0.016107317935485865,19.69371223449707,20.057972,0.36425976550292916,0.4625037610530853,0.46503207,0.0025283089469146924,0.4639990031719208,0.4673155,0.0033164968280792184,0.14251291751861572,0.14357163,0.001058712481384283
nearest_neighbor_baseline,469,98349,49410,0.09282558768945116,0.5324612855911255,0.5140788,0.01838248559112554,25.387409210205078,25.174053,0.21335621020507745,0.26415738463401794,0.25718194,0.0069754446340179466,0.2707661986351013,0.26548454,0.005281658635101327,0.29786521196365356,0.29700541,0.0008598019636535392
nearest_neighbor_baseline,470,3557,63867,0.07997033066590484,0.17916570603847504,0.1910429,0.011877193961524951,30.006542205810547,30.054562,0.04801979418945379,0.48269224166870117,0.48884574,0.006153498331298801,0.48732665181159973,0.49314195,0.005815298188400264,0.2690795958042145,0.2738882,0.0048086041957855485
nearest_neighbor_baseline,471,78673,118038,0.07798565818790584,0.8498796224594116,0.8353903,0.014489322459411591,11.874922752380371,11.830295,0.04462775238037153,0.3371700048446655,0.34254083,0.005370825155334491,0.3396340608596802,0.3448896,0.005255539140319843,0.17846661806106567,0.17432255,0.004144068061065681
nearest_neighbor_baseline,472,67036,125366,0.05894587198207249,0.2646254301071167,0.25232223,0.012303200107116719,19.816940307617188,20.028503,0.2115626923828131,0.2434532642364502,0.24326368,0.0001895842364501854,0.24780845642089844,0.25040963,0.0026011735791015567,0.2495044469833374,0.25297165,0.00346720301666259
nearest_neighbor_baseline,473,90314,27469,0.20196103691211062,0.6353100538253784,0.59844345,0.03686660382537843,17.46869468688965,18.507324,1.0386293131103521,0.31556862592697144,0.3182068,0.0026381740730285763,0.3869937062263489,0.39481357,0.007819863773651126,0.5978699326515198,0.6019837,0.004113767348480235
nearest_neighbor_baseline,474,940,38814,0.08873409039032011,0.9326052665710449,0.9155832,0.01702206657104488,15.040369033813477,15.432462,0.3920929661865227,0.2570653557777405,0.2557515,0.001313855777740458,0.26278939843177795,0.26055193,0.002237468431777967,0.2946423888206482,0.2894064,0.005235988820648185
nearest_neighbor_baseline,475,60928,94796,0.09601382852383857,0.1832013577222824,0.1662858,0.0169155577222824,20.663511276245117,21.128765,0.46525372375488416,0.2948053181171417,0.294074,0.0007313181171417216,0.30161774158477783,0.3030115,0.0013937584152221572,0.2744060158729553,0.28033528,0.005929264127044698
nearest_neighbor_baseline,476,113164,76271,0.12277845274549751,0.3118002712726593,0.33617508,0.024374808727340713,21.284053802490234,21.141315,0.14273880249023563,0.22813871502876282,0.23916873,0.011030014971237179,0.2466326653957367,0.25264388,0.006011214604263293,0.43683263659477234,0.43631202,0.0005206165947723163
nearest_neighbor_baseline,477,84492,107655,0.13870344227621295,0.5075581669807434,0.49052718,0.0170309869807434,21.06525421142578,20.457476,0.6077782114257815,0.37549394369125366,0.37951455,0.004020606308746344,0.3773529827594757,0.3818304,0.004477417240524306,0.15622912347316742,0.16833334,0.012104216526832579
nearest_neighbor_baseline,478,12666,74253,0.09755850810057634,0.46761488914489746,0.45570648,0.011908409144897436,19.98567008972168,20.047976,0.06230591027831878,0.35698452591896057,0.3654662,0.008481674081039448,0.3590732514858246,0.36740986,0.008336608514175392,0.18427181243896484,0.18089235,0.0033794624389648364
nearest_neighbor_baseline,479,105631,108990,0.1126782983775067,0.9893714785575867,0.98829424,0.0010772385575866794,2.1153218746185303,2.354413,0.23909112538146982,0.37248700857162476,0.3601907,0.012296308571624781,0.482998788356781,0.47650057,0.006498218356780994,0.6391938924789429,0.633335,0.00585889247894289
nearest_neighbor_baseline,480,6080,126720,0.09027082290259353,0.19790080189704895,0.1844303,0.013470501897048959,26.32896614074707,26.261986,0.06698014074707004,0.1988399475812912,0.19996451,0.0011245624187088132,0.20708760619163513,0.2109612,0.003873593808364856,0.3334752917289734,0.34405375,0.010578458271026603
nearest_neighbor_baseline,481,112172,6344,0.07216569115556302,0.97954261302948,0.9841253,0.00458268697052,9.854859352111816,10.221961,0.3671016478881839,0.17962424457073212,0.1778399,0.0017843445707321215,0.20288477838039398,0.20346832,0.0005835416196060261,0.5834726095199585,0.5767278,0.0067448095199584834
nearest_neighbor_baseline,482,138859,77449,0.058534019602119916,0.14669708907604218,0.1520367,0.0053396109239578216,24.26534652709961,24.452404,0.18705747290039199,0.2030981332063675,0.20982838,0.006730246793632516,0.23410092294216156,0.23539537,0.0012944470578384326,0.5314420461654663,0.53203994,0.0005978938345336804
nearest_neighbor_baseline,483,74622,98612,0.09525542879567975,0.5032868981361389,0.4767871,0.026499798136138897,17.16915512084961,16.993988,0.17516712084960773,0.42796388268470764,0.4260383,0.0019255826847076607,0.42989838123321533,0.4275707,0.0023276812332153063,0.150883287191391,0.15325525,0.0023719628086090183
nearest_neighbor_baseline,484,139914,82709,0.15575995827822917,0.6053802967071533,0.60125834,0.004121956707153318,17.08506965637207,16.958212,0.1268576563720707,0.4423956573009491,0.4294457,0.012949957300949111,0.4478183686733246,0.4326774,0.015140968673324595,0.20112277567386627,0.2092386,0.008115824326133725
nearest_neighbor_baseline,485,83547,79859,0.07158096640453294,0.5325846672058105,0.5442518,0.011667132794189405,23.850549697875977,23.89097,0.04042030212402281,0.2820242941379547,0.2776508,0.0043734941379547365,0.2928992807865143,0.29399607,0.001096789213485716,0.3590412437915802,0.35163072,0.0074105237915801925
nearest_neighbor_baseline,486,131164,88449,0.1038185396833465,0.9031137824058533,0.91872776,0.015613977594146733,17.904788970947266,17.807226,0.09756297094726563,0.29185229539871216,0.28880164,0.003050655398712132,0.29731249809265137,0.29349345,0.003819048092651378,0.31320974230766296,0.3012433,0.011966442307662972
nearest_neighbor_baseline,487,9691,57540,0.03864135115389226,0.021896112710237503,0.028795075,0.006898962289762497,23.07792854309082,22.918543,0.15938554309082065,0.21384823322296143,0.21407782,0.00022958677703857622,0.21665489673614502,0.21675098,9.608326385499022e-05,0.1944614201784134,0.19131288,0.0031485401784134004
nearest_neighbor_baseline,488,28543,139053,0.10420832629663232,0.5797099471092224,0.5932763,0.013566352890777567,23.816946029663086,24.09589,0.27894397033691476,0.7143185138702393,0.72097486,0.006656346129760737,0.7176066637039185,0.72391874,0.006312076296081548,0.20981042087078094,0.20189045,0.007919970870780946
nearest_neighbor_baseline,489,125136,92725,0.08686932967714968,0.8401565551757812,0.8260569,0.014099655175781267,14.332850456237793,14.227068,0.10578245623779381,0.2387721687555313,0.24131638,0.002544211244468686,0.26429250836372375,0.25510925,0.009183258363723745,0.5091025829315186,0.5063876,0.002714982931518506
nearest_neighbor_baseline,490,131652,96019,0.0636954550721663,0.8056582808494568,0.7878926,0.017765680849456733,13.94890022277832,13.793733,0.15516722277832073,0.2587778866291046,0.25734174,0.0014361466291046288,0.26472675800323486,0.26478523,5.847199676511927e-05,0.30020177364349365,0.30030662,0.00010484635650637175
nearest_neighbor_baseline,491,108996,20610,0.07128922626557255,0.6500831842422485,0.6463978,0.003685384242248513,18.309219360351562,18.433767,0.12454763964843707,0.23021820187568665,0.22445075,0.005767451875686641,0.23688249289989471,0.23514926,0.0017332328998947155,0.32274577021598816,0.33046016,0.007714389784011844
nearest_neighbor_baseline,492,29005,102395,0.09232182025547364,0.20476046204566956,0.20532067,0.000560207954330455,23.525224685668945,23.252842,0.2723826856689442,0.2987677752971649,0.29176506,0.0070027152971648965,0.30656084418296814,0.30648866,7.21841829681158e-05,0.25223878026008606,0.26212054,0.009881759739913953
nearest_neighbor_baseline,493,101393,111935,0.04772328258040922,0.9794977307319641,0.97677594,0.002721790731964102,8.00829792022705,8.158229,0.14993107977294962,0.22417545318603516,0.21904571,0.005129743186035152,0.23875200748443604,0.23619747,0.0025545374844360424,0.4233143925666809,0.42445773,0.0011433374333190693
nearest_neighbor_baseline,494,122704,26294,0.08553734099368186,0.9411697387695312,0.9644431,0.023273361230468748,7.193146705627441,7.3163295,0.12318279437255875,0.2871934771537781,0.28776467,0.000571192846221924,0.29656076431274414,0.29492864,0.001632124312744121,0.3036808669567108,0.30807558,0.0043947130432892
nearest_neighbor_baseline,495,125106,69907,0.043972276749032944,0.8981937766075134,0.8992788,0.001085023392486617,10.904756546020508,10.887625,0.017131546020507926,0.2804396152496338,0.27677312,0.0036664952496338055,0.28580161929130554,0.28129256,0.004509059291305517,0.24697601795196533,0.2487881,0.00181208204803468
nearest_neighbor_baseline,496,75960,126158,0.3670680307551973,0.4193478524684906,0.46906823,0.049720377531509374,21.632156372070312,21.150536,0.4816203720703136,0.2793633043766022,0.27265495,0.006708354376602166,0.36205151677131653,0.40545577,0.043404253228683465,0.9984473586082458,1.0028958,0.004448441391754043
nearest_neighbor_baseline,497,36206,101271,0.07921019450989462,0.9050072431564331,0.900502,0.004505243156433081,16.394636154174805,16.006483,0.38815315417480534,0.2456892877817154,0.24003118,0.005658107781715382,0.24796584248542786,0.24343659,0.004529252485427848,0.20849502086639404,0.21117835,0.002683329133605944
nearest_neighbor_baseline,498,44081,11151,0.1367217441376282,0.48848387598991394,0.48291755,0.005566325989913967,24.85370635986328,24.859468,0.005761640136718427,0.2761443853378296,0.2694692,0.00667518533782957,0.2986043095588684,0.3057245,0.007120190441131602,0.4196290969848633,0.40265882,0.01697027698486331
nearest_neighbor_baseline,499,66888,104473,0.06958678391437202,0.5430046319961548,0.5534485,0.010443868003845225,19.428010940551758,19.648323,0.2203120594482435,0.2720056474208832,0.26681364,0.00519200742088316,0.2789077162742615,0.27396747,0.004940246274261484,0.24656131863594055,0.2470171,0.0004557813640594377
nearest_neighbor_baseline,500,90965,100896,0.055980343478682255,0.3563557267189026,0.36743867,0.011082943281097435,24.829561233520508,25.060791,0.23122976647949045,0.3180450201034546,0.3160509,0.0019941201034545664,0.32031428813934326,0.31791618,0.002398108139343269,0.16894309222698212,0.16680965,0.002133442226982113
nearest_neighbor_baseline,501,61270,15753,0.05352597553363362,0.11311493813991547,0.11254361,0.000571328139915464,29.331016540527344,29.078642,0.2523745405273452,0.2600879371166229,0.26134795,0.0012600128833770707,0.28126412630081177,0.28369623,0.002432103699188226,0.39610832929611206,0.4011888,0.0050804707038879515
nearest_neighbor_baseline,502,77429,128734,0.07002426125748559,0.8007059693336487,0.7996153,0.0010906693336486528,11.810404777526855,12.152144,0.34173922247314437,0.3669518828392029,0.37087217,0.00392028716079712,0.37101709842681885,0.37332782,0.0023107215731811293,0.1689475178718567,0.17462762,0.005680102128143322
nearest_neighbor_baseline,503,124891,112605,0.09238794772381509,0.8268606662750244,0.83551836,0.008657693724975601,7.393281936645508,7.239979,0.15330293664550787,0.24402272701263428,0.24240625,0.0016164770126342876,0.2627412974834442,0.26068288,0.002058417483444208,0.4041430354118347,0.3919754,0.012167635411834743
nearest_neighbor_baseline,504,21114,29550,0.06517784407364373,0.34397631883621216,0.36025137,0.016275051163787857,25.542490005493164,25.309942,0.23254800549316457,0.23134340345859528,0.23134136,2.04345859527999e-06,0.23689498007297516,0.23905241,0.0021574299270248343,0.3316330015659332,0.3311226,0.0005104015659332384
nearest_neighbor_baseline,505,12097,73186,0.04005486140517192,0.2974163591861725,0.3092958,0.011879440813827524,27.59101676940918,27.611074,0.020057230590818875,0.39855945110321045,0.3988728,0.0003133488967895781,0.3996705710887909,0.4002728,0.0006022289112090906,0.1376660317182541,0.13831599,0.0006499582817459104
nearest_neighbor_baseline,506,89472,80537,0.18041387408217655,0.6225718855857849,0.57669336,0.04587852558578487,12.385396957397461,12.65129,0.26589304260253854,0.31493037939071655,0.32000378,0.005073400609283463,0.31798115372657776,0.3225815,0.004600346273422262,0.18085449934005737,0.16992757,0.010926929340057373
nearest_neighbor_baseline,507,77221,15333,0.09671312740574484,0.4957258403301239,0.518526,0.02280015966987614,20.26365852355957,19.97889,0.2847685235595705,0.6253117322921753,0.6216082,0.003703532292175238,0.6275416612625122,0.6240617,0.0034799612625121545,0.16100455820560455,0.16482972,0.0038251617943954597
nearest_neighbor_baseline,508,95413,24627,0.06451045384486226,0.7117395401000977,0.72394794,0.0122083998999023,19.935564041137695,20.154459,0.21889495886230392,0.20737224817276,0.20893359,0.0015613418272399926,0.22321714460849762,0.21862468,0.004592464608497632,0.44851258397102356,0.4458563,0.0026562839710235764
nearest_neighbor_baseline,509,100996,50949,0.06613339687573189,0.9461199045181274,0.9564389,0.01031899548187254,9.023848533630371,9.109828,0.08597946636962917,0.2744971811771393,0.27242395,0.0020732311771392564,0.29506856203079224,0.30015045,0.005081887969207777,0.4324933588504791,0.43811324,0.005619881149520889
nearest_neighbor_baseline,510,17485,13241,0.06952639100383104,0.6746795177459717,0.6937274,0.019047882254028314,22.98438262939453,22.9943,0.009917370605467823,0.3040342926979065,0.3045525,0.0005182073020935096,0.31080180406570435,0.31103653,0.00023472593429563204,0.2640702426433563,0.26827884,0.004208597356643695
nearest_neighbor_baseline,511,3401,117243,0.09087293081491035,0.889756977558136,0.8913892,0.0016322224418640063,11.91887092590332,12.079499,0.1606280740966799,0.37922725081443787,0.37830257,0.0009246808144378615,0.39463162422180176,0.383051,0.011580624221801783,0.27263325452804565,0.26912144,0.0035118145280456647
nearest_neighbor_baseline,512,60254,13230,0.047827393003957025,0.5650755763053894,0.56460273,0.0004728463053893517,23.117277145385742,22.896826,0.2204511453857414,0.508118748664856,0.51076835,0.002649601335144025,0.5092342495918274,0.5120907,0.002856450408172617,0.14459379017353058,0.147964,0.0033702098264694336
nearest_neighbor_baseline,513,136754,107633,0.09841182090507726,0.9740321636199951,0.96642226,0.00760990361999514,6.37554407119751,6.505414,0.12986992880249026,0.33103838562965393,0.3261024,0.004935985629653916,0.3445148766040802,0.35012406,0.0056091833959198145,0.3350312113761902,0.34620205,0.011170838623809798
nearest_neighbor_baseline,514,53545,66769,0.09443069776523372,0.04087228327989578,0.04299533,0.002123046720104216,28.498262405395508,28.241432,0.25683040539550817,0.42603325843811035,0.43329823,0.007264971561889655,0.42829006910324097,0.43676203,0.008471960896759057,0.175510972738266,0.18029302,0.004782047261734007
nearest_neighbor_baseline,515,113601,38554,0.2233366859412311,0.7135717868804932,0.71697736,0.003405573119506844,22.07215690612793,22.600525,0.5283680938720714,0.33090606331825256,0.34604067,0.015134606681747431,0.4472165107727051,0.4576096,0.010393089227294927,0.657189667224884,0.6331878,0.024001867224884066
nearest_neighbor_baseline,516,53116,25758,0.07061258126210879,0.6334578990936279,0.6291179,0.004339999093627922,23.11708641052246,23.407984,0.2908975894775381,0.268300861120224,0.270446,0.0021451388797760207,0.2803935110569,0.28097823,0.0005847189430999711,0.3802588880062103,0.38807705,0.007818161993789652
nearest_neighbor_baseline,517,119683,79770,0.055514954462823646,0.11501315981149673,0.127303,0.012289840188503265,25.827651977539062,26.036758,0.20910602246093646,0.21628905832767487,0.21456872,0.0017203383276748752,0.231076180934906,0.2284461,0.002630080934905993,0.3572021424770355,0.3563548,0.0008473424770354954
nearest_neighbor_baseline,518,25525,56565,0.05084995615444752,0.21288704872131348,0.20740697,0.0054800787213134805,25.670703887939453,25.58758,0.08312388793945402,0.2889755070209503,0.291301,0.0023254929790496592,0.29048383235931396,0.29386115,0.0033773176406860506,0.15687237679958344,0.15171261,0.005159766799583437
nearest_neighbor_baseline,519,74800,52763,0.05193583879597777,0.9801218509674072,0.99078375,0.010661899032592737,8.53732681274414,8.451201,0.08612581274414133,0.21881437301635742,0.22205076,0.003236386983642592,0.23848333954811096,0.24228019,0.0037968504518890445,0.4492552578449249,0.4494483,0.00019304215507509603
nearest_neighbor_baseline,520,113879,75528,0.08349366129130321,0.6270961761474609,0.6274624,0.0003662238525390382,23.492107391357422,23.354504,0.13760339135742328,0.2500171661376953,0.24172638,0.008290786137695322,0.25544172525405884,0.25170487,0.003736855254058813,0.26435965299606323,0.2714628,0.007103147003936772
nearest_neighbor_baseline,521,69146,1052,0.08814064639121032,0.1773989498615265,0.20115994,0.02376099013847352,29.369659423828125,29.14764,0.2220194238281259,0.45853567123413086,0.46051162,0.001975948765869151,0.4626133441925049,0.46329418,0.0006808358074951171,0.19998164474964142,0.20273778,0.002756135250358588
nearest_neighbor_baseline,522,88632,13675,0.07968409023626406,0.7664433717727661,0.75980604,0.006637331772766153,14.348666191101074,14.048605,0.300061191101074,0.2503816485404968,0.25357798,0.0031963314595031544,0.2540638744831085,0.25748354,0.0034196655168914902,0.2400815486907959,0.23213936,0.00794218869079591
nearest_neighbor_baseline,523,37447,33331,0.08345089318217382,0.8633681535720825,0.8724896,0.009121446427917457,20.509233474731445,20.812439,0.30320552526855593,0.36008578538894653,0.36634177,0.006255984611053478,0.36194559931755066,0.36842424,0.006478640682449355,0.19099192321300507,0.19080688,0.00018504321300505389
nearest_neighbor_baseline,524,43816,35162,0.12679776289839173,0.25919869542121887,0.2899978,0.0307991045787811,28.64423942565918,28.369846,0.2743934256591807,0.5791402459144592,0.58686805,0.007727804085540746,0.5890015959739685,0.5926722,0.0036706040260314765,0.26827272772789,0.26539946,0.0028732677278900387
nearest_neighbor_baseline,525,100272,100851,0.1115923602949153,0.0853920429944992,0.097351626,0.01195958300550079,24.00926971435547,24.46244,0.4531702856445321,0.275169312953949,0.28402218,0.008852867046051038,0.30191636085510254,0.30884877,0.006932409144897456,0.5058146715164185,0.5081417,0.0023270284835815724
nearest_neighbor_baseline,526,76662,33200,0.09010869132752923,0.23810595273971558,0.22519776,0.01290819273971558,25.757305145263672,25.94654,0.18923485473632695,0.20227950811386108,0.20812334,0.005843831886138906,0.22711120545864105,0.235612,0.008500794541358936,0.43795400857925415,0.4375678,0.00038620857925414365
nearest_neighbor_baseline,527,34621,109988,0.07856122962640058,0.9811793565750122,0.99415547,0.012976113424987834,3.9723153114318848,4.384458,0.41214268856811564,0.2612893879413605,0.25930282,0.001986567941360484,0.3002292513847351,0.3013697,0.0011404486152649107,0.578356146812439,0.58215326,0.003797113187561041
nearest_neighbor_baseline,528,64552,90302,0.31523896796642903,0.9902624487876892,0.99255604,0.002293591212310764,2.297607421875,1.8965497,0.401057721875,0.5184295177459717,0.511681,0.006748517745971627,0.7956477403640747,0.76698846,0.028659280364074724,0.8266394734382629,0.7937462,0.03289327343826298
nearest_neighbor_baseline,529,4130,111673,0.09561854757608718,0.4547473192214966,0.45041785,0.0043294692214965735,25.600765228271484,26.10022,0.4994547717285158,0.3419763147830963,0.33895403,0.0030222847830962962,0.34501656889915466,0.34417996,0.0008366088991546561,0.20876246690750122,0.21740223,0.008639763092498781
nearest_neighbor_baseline,530,100772,24241,0.10740820068060498,0.8080127835273743,0.82990533,0.02189254647262573,18.842769622802734,18.61961,0.22315962280273283,0.2098255604505539,0.2094308,0.00039476045055389375,0.25440797209739685,0.24673145,0.0076765220973968595,0.6035880446434021,0.59679496,0.006793084643402114
nearest_neighbor_baseline,531,37382,124912,0.1088876232539567,0.622829258441925,0.6015729,0.021256358441925083,21.580373764038086,21.649431,0.06905723596191393,0.35299912095069885,0.3594494,0.006450279049301122,0.36778494715690613,0.3744892,0.006704252843093894,0.32402727007865906,0.317012,0.007015270078659042
nearest_neighbor_baseline,532,135707,19658,0.09250436400236586,0.8988761901855469,0.8989567,8.050981445317795e-05,8.155964851379395,8.576449,0.4204841486206057,0.25131794810295105,0.25781804,0.006500091897048976,0.27031227946281433,0.27081344,0.0005011605371856853,0.42741817235946655,0.41956142,0.007856752359466534
nearest_neighbor_baseline,533,14776,77218,0.06599313171546686,0.9878493547439575,0.97416437,0.013684984743957518,6.843669414520264,6.6567287,0.18694071452026328,0.3333735764026642,0.33006704,0.0033065364026642063,0.3429480791091919,0.33978084,0.0031672391091919216,0.37310561537742615,0.37641975,0.00331413462257385
nearest_neighbor_baseline,534,52567,84854,0.16069304415461663,0.24025727808475494,0.2479822,0.00772492191524507,29.108539581298828,28.440626,0.6679135812988264,0.227079376578331,0.21846165,0.008617726578330986,0.2418327033519745,0.22998716,0.011845543351974491,0.3483688235282898,0.33792156,0.010447263528289785
nearest_neighbor_baseline,535,51687,46723,0.06877559423374335,0.9635125398635864,0.97036743,0.006854890136413605,11.821284294128418,12.073354,0.2520697058715822,0.1857302337884903,0.18807729,0.0023470562115097127,0.22961418330669403,0.22315034,0.006463843306694028,0.7904462218284607,0.7935803,0.003134078171539323
nearest_neighbor_baseline,536,37153,57748,0.08082334612149084,0.4737120568752289,0.4918897,0.018177643124771103,25.633569717407227,25.352304,0.2812657174072264,0.37832868099212646,0.38324153,0.004912849007873532,0.3911215662956238,0.39241588,0.0012943137043762154,0.314700722694397,0.3144274,0.0002733226943969491
nearest_neighbor_baseline,537,1655,132752,0.09745105647361378,0.23101000487804413,0.23385225,0.002842245121955883,29.231128692626953,29.57408,0.34295130737304547,0.7365044355392456,0.7288262,0.007678235539245626,0.7374768853187561,0.729597,0.007879885318756052,0.10088670998811722,0.1049654,0.004078690011882782
nearest_neighbor_baseline,538,107023,114584,0.14390296571959332,0.39595934748649597,0.36633575,0.029623597486495956,23.07048225402832,23.410688,0.3402057459716801,0.5940073728561401,0.60417295,0.010165577143859905,0.6003016829490662,0.6083877,0.008086017050933814,0.20937256515026093,0.20875104,0.0006215251502609265
nearest_neighbor_baseline,539,83835,79861,0.07541292210247438,0.9329748153686523,0.92047703,0.012497785368652314,7.979247570037842,8.371471,0.39222342996215787,0.2368539720773697,0.23864922,0.0017952479226303053,0.256378710269928,0.2550316,0.0013471102699279536,0.42917877435684204,0.4254453,0.003733474356842015
nearest_neighbor_baseline,540,110879,26787,0.123966507173279,0.86838698387146,0.84024227,0.028144713871460003,14.155585289001465,14.098247,0.057338289001464204,0.42224135994911194,0.412862,0.009379359949111932,0.43865635991096497,0.4345449,0.004111459910964954,0.4259313642978668,0.42084295,0.005088414297866828
nearest_neighbor_baseline,541,129267,99272,0.0886066694656502,0.508197009563446,0.5088033,0.0006062904365539135,21.627817153930664,21.498247,0.12957015393066484,0.270954430103302,0.27294868,0.001994249896697997,0.289859414100647,0.28468412,0.005175294100646988,0.38115695118904114,0.369901,0.011255951189041158
nearest_neighbor_baseline,542,80496,54699,0.07960239095952205,0.039458006620407104,0.034575075,0.004882931620407108,29.922761917114258,29.888807,0.03395491711425791,0.7018833756446838,0.70585346,0.003970084355316206,0.7029156684875488,0.7071043,0.004188631512451191,0.1251155287027359,0.11547966,0.009635868702735903
nearest_neighbor_baseline,543,20174,29467,0.08726178378812428,0.8173650503158569,0.8334814,0.016116349684143105,12.947983741760254,13.234088,0.28610425823974595,0.2789682447910309,0.280433,0.001464755208969104,0.2835315763950348,0.28704214,0.003510563604965211,0.26492878794670105,0.25779453,0.007134257946701028
nearest_neighbor_baseline,544,31774,133377,0.040622515160482514,0.9498770833015442,0.939248,0.010629083301544218,4.683944225311279,4.6200237,0.06392052531127934,0.2718925178050995,0.27246633,0.0005738121949004915,0.2792257070541382,0.27961096,0.0003852529458618359,0.26853522658348083,0.26598975,0.00254547658348081
nearest_neighbor_baseline,545,2806,127779,0.19743971121026402,0.4175661504268646,0.40796944,0.009596710426864608,22.24111557006836,21.9051,0.33601557006835847,0.23485520482063293,0.22408827,0.010766934820632929,0.3200676143169403,0.29959115,0.020476464316940335,0.7377439737319946,0.75054085,0.012796876268005408
nearest_neighbor_baseline,546,79908,116418,0.06713684230433827,0.198795348405838,0.20663439,0.007839041594161988,26.91269302368164,26.539753,0.3729400236816396,0.9308760166168213,0.9282647,0.0026113166168212354,0.931341290473938,0.92886984,0.0024714504739380416,0.0723186656832695,0.075227804,0.0029091383167304946
nearest_neighbor_baseline,547,29620,100573,0.07420251315999352,0.8064926266670227,0.815775,0.009282373332977323,15.614176750183105,15.545132,0.06904475018310485,0.28548693656921387,0.28129026,0.004196676569213853,0.30353352427482605,0.3031637,0.0003698242748260694,0.40298977494239807,0.41173542,0.008745645057601947
nearest_neighbor_baseline,548,50703,72808,0.06438673029145825,0.7281972765922546,0.7266238,0.0015734765922545968,20.551860809326172,20.732729,0.1808681906738272,0.2271576076745987,0.22863391,0.001476302325401302,0.23818795382976532,0.23594843,0.002239523829765333,0.4126357138156891,0.4044834,0.008152313815689094
nearest_neighbor_baseline,549,108487,2662,0.12333379800922871,0.8204728364944458,0.8360564,0.015583563505554232,17.927038192749023,17.863283,0.0637551927490243,0.3738276958465576,0.36408868,0.00973901584655762,0.38878464698791504,0.37812954,0.010655106987915053,0.4089626371860504,0.40307897,0.005883667186050434
nearest_neighbor_baseline,550,137915,3266,0.16178356480305897,0.26210200786590576,0.24724793,0.014854077865905757,27.222900390625,26.48304,0.739860390625001,0.32257315516471863,0.33372656,0.011153404835281377,0.3762897551059723,0.36532095,0.010968805105972312,0.4820612072944641,0.48030734,0.0017538672944640843
nearest_neighbor_baseline,551,58438,43942,0.04633776565275962,0.9816546440124512,0.98803884,0.006384195987548802,5.952820777893066,6.116672,0.16385122210693392,0.22082601487636566,0.22070016,0.0001258548763656553,0.23833255469799042,0.23958364,0.0012510853020095691,0.4534345865249634,0.44861326,0.004821326524963365
nearest_neighbor_baseline,552,21143,57151,0.09259233009608073,0.7761474251747131,0.7788192,0.00267177482528691,18.3072566986084,18.200243,0.10701369860839804,0.2972010374069214,0.29903224,0.001831202593078618,0.3310706615447998,0.31870311,0.012367551544799793,0.4326415956020355,0.43272537,8.377439796447561e-05
nearest_neighbor_baseline,553,49832,53529,0.08277870635615425,0.9140239953994751,0.930598,0.01657400460052494,14.170389175415039,14.218661,0.04827182458496182,0.17971935868263245,0.18666604,0.006946681317367559,0.20295819640159607,0.2013833,0.001574896401596082,0.5197461843490601,0.5146873,0.0050588843490601
nearest_neighbor_baseline,554,9621,133340,0.11206504493311929,0.40773308277130127,0.4122784,0.00454531722869872,20.29155921936035,19.964928,0.3266312193603511,0.23723018169403076,0.22994068,0.007289501694030753,0.25259992480278015,0.25961086,0.0070109351972198475,0.3998718559741974,0.41013217,0.01026031402580263
nearest_neighbor_baseline,555,90382,130173,0.06299610514826642,0.3735573887825012,0.36652547,0.007031918782501201,25.081562042236328,25.000937,0.08062504223632772,0.3430638313293457,0.33578712,0.007276711329345709,0.3499591052532196,0.34686038,0.003098725253219581,0.26672208309173584,0.26807517,0.001353086908264134
nearest_neighbor_baseline,556,104374,86868,0.11230644147893697,0.5667693018913269,0.5745502,0.007780898108673107,22.678709030151367,22.54313,0.13557903015136574,0.40952610969543457,0.4191703,0.009644190304565425,0.4107898771762848,0.42043617,0.009646292823715208,0.14795005321502686,0.15435867,0.006408616784973148
nearest_neighbor_baseline,557,102897,46788,0.07146396173457709,0.48720255494117737,0.48853737,0.0013348150588226582,18.638145446777344,18.768845,0.13069955322265514,0.24531061947345734,0.23619995,0.009110669473457345,0.2583928108215332,0.25528818,0.0031046308215332274,0.3126433193683624,0.31242603,0.00021728936836240553
nearest_neighbor_baseline,558,54633,3218,0.11748248497012209,0.15981325507164001,0.1699406,0.010127344928359983,28.80791473388672,28.404053,0.40386173388671764,0.554870069026947,0.545037,0.009833069026947028,0.5561458468437195,0.5469396,0.009206246843719512,0.13914789259433746,0.13961226,0.00046436740566252466
nearest_neighbor_baseline,559,70060,45200,0.07364053183534763,0.6302947402000427,0.6315362,0.0012414597999572674,20.15633773803711,20.097155,0.059182738037108606,0.3796542286872864,0.38572633,0.006072101312713629,0.3840806782245636,0.3903929,0.0063122217754363885,0.24255047738552094,0.23717067,0.005379807385520935
nearest_neighbor_baseline,560,102016,67363,0.07593257243198005,0.9119642376899719,0.92987037,0.017906132310028022,15.326582908630371,15.045594,0.2809889086303716,0.37767669558525085,0.37743837,0.00023832558525083147,0.3829028606414795,0.38207573,0.0008271306414794899,0.24987418949604034,0.24619722,0.00367696949604035
nearest_neighbor_baseline,561,49983,103909,0.0904980699166141,0.8037225604057312,0.7942748,0.009447760405731254,17.836376190185547,17.296724,0.5396521901855458,0.2831888496875763,0.28271684,0.00047200968757626915,0.2902345359325409,0.29130936,0.0010748240674591236,0.3307904601097107,0.33616364,0.0053731798902892924
nearest_neighbor_baseline,562,46417,31264,0.06828450511686773,0.838080108165741,0.8300228,0.008057308165741017,19.064943313598633,18.867785,0.19715831359863145,0.30130359530448914,0.30040523,0.0008983653044891127,0.3120881915092468,0.30494532,0.0071428715092468065,0.2836188077926636,0.28056476,0.00305404779266355
nearest_neighbor_baseline,563,103676,24803,0.05609762430676973,0.5263660550117493,0.53584135,0.009475294988250726,23.650806427001953,23.69682,0.04601357299804576,0.2786954641342163,0.28008547,0.0013900058657836944,0.2817997932434082,0.28281537,0.0010155767565918072,0.20300287008285522,0.20950103,0.00649815991714478
nearest_neighbor_baseline,564,104307,46541,0.07774364344243742,0.8238490223884583,0.82662374,0.0027747176115417993,17.380830764770508,17.281738,0.0990927647705071,0.2506069242954254,0.2485447,0.0020622242954254077,0.260469913482666,0.26954558,0.009075666517333991,0.4081125557422638,0.40305954,0.0050530157422638
nearest_neighbor_baseline,565,91888,32407,0.027015948560972412,0.5595061779022217,0.556569,0.0029371779022216993,21.109527587890625,21.1384,0.028872412109375745,0.24264435470104218,0.24153994,0.0011044147010421668,0.24521760642528534,0.24434067,0.0008769364252853296,0.19538652896881104,0.19871552,0.0033289910311889714
nearest_neighbor_baseline,566,129660,10824,0.06457701420295682,0.9870463013648987,0.99202263,0.004976328635101335,5.662710189819336,5.4880505,0.174659689819336,0.2514813542366028,0.25867078,0.007189425763397206,0.26458796858787537,0.2673578,0.0027698314121246126,0.3724561631679535,0.37014934,0.002306823167953498
nearest_neighbor_baseline,567,68192,127996,0.07957750455454354,0.3668631911277771,0.36798972,0.0011265288722229205,24.739948272705078,24.716265,0.023683272705078195,0.26835471391677856,0.26536438,0.0029903339167785536,0.2778669595718384,0.2838323,0.005965340428161603,0.3783370554447174,0.36910075,0.00923630544471743
nearest_neighbor_baseline,568,12639,91165,0.08951984762367315,0.14678308367729187,0.15887499,0.012091906322708124,26.330812454223633,26.643608,0.3127955457763676,0.3324356973171234,0.33000398,0.0024317173171234385,0.33727508783340454,0.33297437,0.0043007178334045215,0.22295904159545898,0.21469231,0.008266731595458987
nearest_neighbor_baseline,569,100153,21335,0.08997881238617565,0.2525491416454315,0.24419552,0.00835362164543152,24.073158264160156,24.24337,0.1702117358398425,0.2481079399585724,0.2576526,0.009544660041427622,0.26587411761283875,0.27031475,0.004440632387161247,0.3632868528366089,0.35851282,0.004774032836608877
nearest_neighbor_baseline,570,70656,108536,0.03856584514349764,0.9118009805679321,0.91865546,0.00685447943206785,12.608671188354492,12.471125,0.1375461883544915,0.3597196638584137,0.35718575,0.0025339138584136722,0.3657064735889435,0.36350662,0.002199853588943479,0.266414999961853,0.2668871,0.0004721000381469609
nearest_neighbor_baseline,571,123777,120162,0.05448858472932613,0.4194803237915039,0.43275505,0.013274726208496068,23.20830535888672,23.107105,0.10120035888671808,0.2567348778247833,0.25684872,0.00011384217521664963,0.2618432939052582,0.26370314,0.0018598460947418238,0.2829417884349823,0.27922386,0.0037179284349823094
nearest_neighbor_baseline,572,79970,43766,0.08461488288859631,0.7547938227653503,0.7686641,0.01387027723464962,21.56806755065918,21.870243,0.30217544934081886,0.4360741078853607,0.43748,0.0014058921146392622,0.44056636095046997,0.44281736,0.0022509990495300225,0.2684954106807709,0.27633426,0.007838849319229124
nearest_neighbor_baseline,573,83530,79957,0.07165466684274809,0.4623897671699524,0.44586882,0.016520947169952394,22.76544952392578,22.929441,0.16399147607421938,0.3118915557861328,0.31668133,0.004789774213867171,0.3392055034637451,0.33990926,0.0007037565362548737,0.36665236949920654,0.3637202,0.0029321694992065495
nearest_neighbor_baseline,574,50999,33651,0.10572026253599771,0.9800825715065002,0.99352896,0.013446388493499772,6.023321151733398,5.4803944,0.5429267517333987,0.19562678039073944,0.19955805,0.003931269609260546,0.24711298942565918,0.24271014,0.004402849425659189,0.728320837020874,0.7340186,0.005697762979125942
nearest_neighbor_baseline,575,125945,132175,0.10853718414803178,0.6133432984352112,0.62766373,0.014320431564788794,21.594013214111328,21.978476,0.38446278588867244,0.19922402501106262,0.20862669,0.009402664988937381,0.21988078951835632,0.22099835,0.0011175604816436868,0.494737833738327,0.48816904,0.006568793738327028
nearest_neighbor_baseline,576,27314,120647,0.09185690532496663,0.15701697766780853,0.17537346,0.018356482332191476,23.974027633666992,23.672255,0.30177263366699236,0.26861345767974854,0.27379435,0.0051808923202514845,0.3108065724372864,0.31168753,0.0008809575627136135,0.5309771299362183,0.5252819,0.005695229936218293
nearest_neighbor_baseline,577,69269,117814,0.04392781981108376,0.8448866009712219,0.8555595,0.010672899028778104,12.995205879211426,12.950553,0.044652879211426466,0.24103009700775146,0.2405056,0.000524497007751451,0.2503832280635834,0.25330868,0.0029254519364166343,0.3431409001350403,0.34123018,0.0019107201350402891
nearest_neighbor_baseline,578,108908,27440,0.0681159320364025,0.25417599081993103,0.25485057,0.0006745791800689682,27.833818435668945,27.649908,0.18391043566894538,0.4634527862071991,0.45685756,0.006595226207199101,0.46783965826034546,0.46346062,0.004379038260345469,0.2195247858762741,0.21556951,0.003955275876274117
nearest_neighbor_baseline,579,139818,26381,0.1473770669766188,0.8769197463989258,0.8427517,0.03416804639892579,12.128555297851562,12.5081,0.37954470214843816,0.2622198462486267,0.26804525,0.005825403751373304,0.290789932012558,0.2852381,0.005551832012557989,0.4285304844379425,0.436076,0.007545515562057514
nearest_neighbor_baseline,580,98508,43177,0.09510865563589038,0.6174828410148621,0.63105476,0.013571918985137987,25.21812629699707,24.87715,0.34097629699707,0.28603529930114746,0.29275542,0.0067201206988525275,0.29243072867393494,0.2964441,0.004013371326065052,0.2704935073852539,0.26472098,0.005772527385253912
nearest_neighbor_baseline,581,59867,94736,0.07022762596076275,0.7741087079048157,0.78773725,0.013628542095184382,20.236204147338867,19.940672,0.2955321473388679,0.38926422595977783,0.39074472,0.0014804940402221578,0.39196833968162537,0.39235625,0.0003879103183746513,0.17875337600708008,0.18346275,0.00470937399291993
nearest_neighbor_baseline,582,107960,11399,0.08254636567198764,0.9428691864013672,0.9533724,0.010503213598632821,10.047762870788574,9.861614,0.18614887078857478,0.22569036483764648,0.23027451,0.0045841451623535034,0.2503308355808258,0.25247434,0.0021435044191742136,0.573284924030304,0.56449246,0.008792464030303981
nearest_neighbor_baseline,583,113742,53424,0.11770506029780398,0.29782238602638245,0.26744822,0.030374166026382432,29.521682739257812,29.145437,0.37624573925781135,0.5318791270256042,0.534603,0.0027238729743958023,0.5327708125114441,0.5358465,0.0030756874885559116,0.1108507290482521,0.11039409,0.00045663904825210544
nearest_neighbor_baseline,584,40824,117498,0.05714300381334597,0.9461551904678345,0.95122933,0.005074139532165511,9.721957206726074,10.09479,0.3728327932739255,0.28879159688949585,0.29022178,0.0014301831105041352,0.2969464957714081,0.29607192,0.0008745757714080926,0.26254305243492126,0.26129594,0.0012471124349212603
nearest_neighbor_baseline,585,134630,23557,0.03876262397364389,0.41774511337280273,0.41190627,0.005838843372802716,22.960569381713867,22.834793,0.12577638171386596,0.3257157504558563,0.32805955,0.0023437995441436543,0.3277152478694916,0.33040127,0.0026860221305084475,0.16730301082134247,0.16550323,0.001799780821342467
nearest_neighbor_baseline,586,78969,109029,0.06250407286643558,0.9351271390914917,0.9363359,0.0012087609085082995,11.454097747802734,11.504751,0.05065325219726624,0.2768073081970215,0.27798116,0.0011738518029785205,0.28657856583595276,0.29334202,0.006763454164047222,0.35257387161254883,0.35795787,0.005383998387451183
nearest_neighbor_baseline,587,68142,63877,0.09316152791696522,0.8165246844291687,0.8009974,0.01552728442916873,13.839268684387207,13.38691,0.4523586843872067,0.34137338399887085,0.33836082,0.003012563998870843,0.34497952461242676,0.3412181,0.0037614246124267336,0.1863117516040802,0.18231064,0.004001111604080204
nearest_neighbor_baseline,588,111405,134340,0.18201092525360504,0.48399025201797485,0.47696835,0.007021902017974868,26.20220184326172,25.903982,0.2982198432617196,0.5667049884796143,0.5846743,0.017969311520385722,0.586656391620636,0.59656215,0.009905758379364027,0.3336871564388275,0.34771103,0.014023873561172462
nearest_neighbor_baseline,589,2797,29502,0.082384356497406,0.9194169640541077,0.90631706,0.013099904054107658,14.515814781188965,14.551181,0.035366218811034855,0.26235678791999817,0.25665516,0.005701627919998176,0.2973436415195465,0.28955525,0.0077883915195465225,0.47985395789146423,0.47952405,0.0003299078914642539
nearest_neighbor_baseline,590,83146,41781,0.13436470435417824,0.3430975079536438,0.32539976,0.017697747953643816,26.29264259338379,26.988537,0.6958944066162118,0.7672711610794067,0.77491575,0.007644588920593276,0.7738998532295227,0.77859867,0.004698816770477343,0.22123262286186218,0.21702033,0.004212292861862171
nearest_neighbor_baseline,591,91207,14222,0.12139517325476229,0.3480941951274872,0.33455402,0.013540175127487175,22.915756225585938,22.401274,0.5144822255859367,0.267968088388443,0.2727487,0.004780611611557017,0.2823527753353119,0.27979276,0.002560015335311916,0.30588439106941223,0.3171873,0.011302908930587774
nearest_neighbor_baseline,592,9929,56950,0.11880821114205965,0.7624155282974243,0.7346471,0.02776842829742432,12.262304306030273,12.456335,0.19403069396972583,0.3207741677761078,0.31691405,0.0038601177761077854,0.3263942003250122,0.32659796,0.00020375967498781344,0.2550009787082672,0.26441398,0.009413001291732781
nearest_neighbor_baseline,593,87728,84270,0.07231354060860537,0.6588448286056519,0.6582459,0.0005989286056518051,23.300325393676758,23.619196,0.31887060632324093,0.271205872297287,0.2640903,0.007115572297286987,0.2752138078212738,0.2720891,0.003124707821273831,0.29811638593673706,0.2966313,0.001485085936737074
nearest_neighbor_baseline,594,12919,52301,0.09001898978833765,0.30094286799430847,0.32047957,0.01953670200569152,28.70157814025879,28.294926,0.4066521402587888,0.6307079792022705,0.63296336,0.002255380797729467,0.632789671421051,0.63457644,0.001786768578948994,0.1567903757095337,0.1587935,0.0020031242904663127
nearest_neighbor_baseline,595,130288,134653,0.14018628546426626,0.8611307740211487,0.8896298,0.028499025978851344,20.274383544921875,19.973223,0.30116054492187416,0.3598351776599884,0.3568901,0.0029450776599884154,0.36494922637939453,0.36138672,0.0035625063793945366,0.2870148718357086,0.2740659,0.012948971835708645
nearest_neighbor_baseline,596,37943,40321,0.09979926832427216,0.8485786318778992,0.8334441,0.015134531877899149,17.784748077392578,17.898413,0.11366492260742334,0.3937256336212158,0.39724222,0.003516586378784159,0.400493323802948,0.40248412,0.0019907961970520027,0.30063551664352417,0.28895807,0.011677446643524159
nearest_neighbor_baseline,597,89595,33991,0.07297090341192602,0.7084093689918518,0.7024166,0.00599276899185186,22.807329177856445,22.61972,0.18760917785644438,0.5734566450119019,0.5739068,0.00045015498809819476,0.5801144242286682,0.5819679,0.0018534757713317696,0.27078405022621155,0.261467,0.009317050226211543
nearest_neighbor_baseline,598,123810,45149,0.13907573303333773,0.29689788818359375,0.2892659,0.00763198818359373,20.4876708984375,20.376766,0.11090489843750007,0.25412148237228394,0.24822108,0.005900402372283925,0.2654229402542114,0.2643944,0.001028540254211452,0.31548431515693665,0.3343902,0.01890588484306338
nearest_neighbor_baseline,599,35838,42661,0.05083723132335552,0.8978559970855713,0.8969147,0.0009412970855713354,14.92815113067627,14.729623,0.1985281306762694,0.2710992693901062,0.26725742,0.003841849390106178,0.2749768793582916,0.27222648,0.002750399358291633,0.24028412997722626,0.24398555,0.003701420022773738
nearest_neighbor_baseline,600,77590,5612,0.09024326647683545,0.6950801014900208,0.68587065,0.009209451490020726,17.267234802246094,16.724934,0.5423008022460927,0.21924765408039093,0.2235358,0.0042881459196090765,0.22795772552490234,0.23076867,0.0028109444750976653,0.31735309958457947,0.31767005,0.00031695041542051383
nearest_neighbor_baseline,601,30470,3861,0.041903371419396644,0.14563457667827606,0.1463244,0.0006898233217239313,24.68240737915039,24.497746,0.18466137915039127,0.301984965801239,0.29790226,0.004082705801239039,0.3186531662940979,0.32059744,0.001944273705902111,0.3288460969924927,0.3295305,0.0006844030075073282
nearest_neighbor_baseline,602,27360,66496,0.08059758966470329,0.9645959138870239,0.9592805,0.005315413887023945,12.774548530578613,12.925335,0.15078646942138718,0.21966643631458282,0.22379889,0.004132453685417176,0.24536779522895813,0.24815561,0.002787814771041869,0.5558457374572754,0.546064,0.009781737457275397
nearest_neighbor_baseline,603,115410,37118,0.10422362996882155,0.3101285398006439,0.30424413,0.005884409800643919,21.406293869018555,21.371769,0.03452486901855423,0.308120995759964,0.3089149,0.000793904240036003,0.3123299181461334,0.31567028,0.0033403618538666024,0.20718824863433838,0.22173005,0.014541801365661633
nearest_neighbor_baseline,604,128538,122508,0.10583738208160706,0.8177019953727722,0.7971967,0.020505295372772236,15.507035255432129,15.311357,0.1956782554321297,0.30553704500198364,0.30972338,0.00418633499801635,0.30879050493240356,0.31354976,0.004759255067596446,0.1936744600534439,0.20261912,0.008944659946556105
nearest_neighbor_baseline,605,50502,89106,0.050229565323529776,0.06076550856232643,0.062754646,0.001989137437673566,27.184619903564453,27.072792,0.11182790356445338,0.45206019282341003,0.45650977,0.004449577176589947,0.48299142718315125,0.48401707,0.0010256428168487486,0.363902747631073,0.3588983,0.005004447631072995
nearest_neighbor_baseline,606,100812,94010,0.05499145934166163,0.6487562656402588,0.6605614,0.011805134359741176,11.734314918518066,11.977976,0.24366108148193355,0.2526834309101105,0.25165686,0.0010265709101104914,0.2559577226638794,0.25589105,6.667266387938575e-05,0.20247521996498108,0.20482118,0.0023459600350189125
nearest_neighbor_baseline,607,121745,3452,0.11008658980541165,0.2323942929506302,0.2617722,0.029377907049369822,22.05143928527832,22.352373,0.30093371472167973,0.2872238755226135,0.28599292,0.0012309555226135416,0.2901703715324402,0.28818053,0.0019898415324401952,0.2018803358078003,0.19848569,0.0033946458078003006
nearest_neighbor_baseline,608,90430,8909,0.09695558099697846,0.9761696457862854,0.95601225,0.020157395786285393,11.649627685546875,11.907859,0.2582313144531252,0.20375347137451172,0.19964951,0.0041039613745117165,0.244944229722023,0.2385509,0.006393329722023,0.5707685351371765,0.57430327,0.0035347348628235187
nearest_neighbor_baseline,609,113420,130655,0.0731270416972205,0.008789951913058758,0.0067370525,0.0020528994130587577,29.85032844543457,29.635548,0.2147804454345703,0.30152106285095215,0.30677193,0.0052508671490478775,0.30460697412490845,0.30984873,0.005241755875091569,0.1834077537059784,0.17768624,0.005721513705978398
nearest_neighbor_baseline,610,97861,68705,0.09622774572106098,0.4388837516307831,0.41429013,0.024593621630783102,21.942766189575195,21.78199,0.1607761895751949,0.27480030059814453,0.26912236,0.005677940598144526,0.28628236055374146,0.28383508,0.0024472805537414377,0.30808496475219727,0.30641672,0.0016682447521972898
nearest_neighbor_baseline,611,127102,46578,0.05018765336360268,0.7500779032707214,0.75914407,0.009066166729278513,19.02303123474121,19.163265,0.14023376525878817,0.26751598715782166,0.27024958,0.002733592842178334,0.27471110224723816,0.27579156,0.001080457752761832,0.2734522223472595,0.2775482,0.004095977652740501
nearest_neighbor_baseline,612,19167,96247,0.06234034768533101,0.9432485103607178,0.94115186,0.002096650360717822,14.19946002960205,14.36936,0.16989997039794957,0.24358387291431427,0.23768744,0.00589643291431427,0.25129014253616333,0.24619175,0.005098392536163343,0.3426000773906708,0.34416538,0.0015653026093292444
nearest_neighbor_baseline,613,55245,55966,0.062222770904219224,0.42927712202072144,0.428266,0.0010111220207214555,26.207889556884766,26.549637,0.341747443115235,0.7005766034126282,0.7042726,0.0036959965873718525,0.7024810314178467,0.7059732,0.0034921685821532877,0.14955788850784302,0.1516048,0.002046911492156994
nearest_neighbor_baseline,614,48338,122572,0.06865525095783188,0.982975423336029,0.97351927,0.009456153336029005,5.055408477783203,4.7573614,0.2980470777832034,0.30982890725135803,0.31469178,0.004862872748641944,0.34396904706954956,0.34727067,0.003301622930450443,0.36913177371025085,0.37109524,0.0019634662897491384
nearest_neighbor_baseline,615,125492,39423,0.11369533477304813,0.7522546648979187,0.7796087,0.027354035102081342,8.145257949829102,8.582299,0.4370410501708992,0.3179978132247925,0.31954214,0.001544326775207494,0.323758065700531,0.32732004,0.003561974299468973,0.2747333347797394,0.27324918,0.0014841547797393995
nearest_neighbor_baseline,616,70463,24007,0.10761548952976459,0.48116981983184814,0.4757294,0.00544041983184812,25.653942108154297,25.9048,0.25085789184570473,0.27413350343704224,0.27964148,0.0055079765629577615,0.2761993408203125,0.281631,0.00543165917968752,0.16173002123832703,0.149555,0.012175021238327033
nearest_neighbor_baseline,617,78246,95790,0.1073371471457792,0.04462004452943802,0.062054276,0.01743423147056198,31.541412353515625,31.767565,0.22615264648437616,0.5689676403999329,0.57117265,0.002205009600067087,0.5729552507400513,0.5760272,0.003071949259948692,0.18793469667434692,0.17619276,0.01174193667434692
nearest_neighbor_baseline,618,2696,129588,0.10244703987846242,0.05920307710766792,0.05178229,0.007420787107667921,29.895137786865234,30.338377,0.4432392131347669,0.9387373924255371,0.93121284,0.007524552425537068,0.938931941986084,0.9315458,0.007386141986084005,0.04485316947102547,0.046954427,0.002101257528974533
nearest_neighbor_baseline,619,111402,66132,0.1719704824666144,0.40208497643470764,0.3673673,0.034717676434707634,23.680662155151367,23.782982,0.10231984484863332,0.2269669771194458,0.242593,0.015626022880554202,0.316179096698761,0.3091599,0.007019196698760999,0.7172973155975342,0.71257186,0.004725455597534234
nearest_neighbor_baseline,620,11879,53634,0.09953460397824791,0.8405196666717529,0.8497569,0.009237233328247108,19.942293167114258,19.334507,0.6077861671142593,0.2014375776052475,0.19922595,0.002211627605247485,0.22355470061302185,0.22343221,0.00012249061302185837,0.4744432866573334,0.47987142,0.005428133342666619
nearest_neighbor_baseline,621,84596,27319,0.07627928727102957,0.5676246285438538,0.56735057,0.00027405854385376127,22.02288055419922,21.497921,0.5249595541992171,0.4731467664241791,0.4731077,3.906642417905726e-05,0.4772961437702179,0.47618183,0.0011143137702179229,0.20403631031513214,0.20162503,0.0024112803151321305
nearest_neighbor_baseline,622,68689,85798,0.08822105828906082,0.48553702235221863,0.46995777,0.015579252352218631,24.19774055480957,24.662842,0.46510144519043095,0.31907913088798523,0.3164217,0.002657430887985257,0.32098162174224854,0.3183237,0.002657921742248548,0.16176992654800415,0.16049322,0.0012767065480041584
nearest_neighbor_baseline,623,46126,7213,0.08877344371621397,0.30495378375053406,0.30118528,0.003768503750534058,21.99585723876953,22.472153,0.47629576123046746,0.26265785098075867,0.26837012,0.005712269019241323,0.26891911029815674,0.27313685,0.004217739701843248,0.24563705921173096,0.24924564,0.0036085807882690335
nearest_neighbor_baseline,624,107742,51348,0.16074125576525944,0.08490116894245148,0.07225859,0.01264257894245148,26.826412200927734,27.3179,0.49148779907226725,0.3792179822921753,0.3942051,0.014987117707824682,0.40970104932785034,0.42144302,0.01174197067214966,0.3922579884529114,0.39558935,0.0033313615470886293
nearest_neighbor_baseline,625,25060,115617,0.12367510748913216,0.03944545239210129,0.04066832,0.001222867607898713,30.091718673706055,29.331545,0.7601736737060563,0.5650122165679932,0.56394607,0.001066146567993198,0.5684868693351746,0.56808996,0.0003969093351745556,0.17412401735782623,0.18306577,0.008941752642173756
nearest_neighbor_baseline,626,39402,97918,0.06795501448119029,0.3723842203617096,0.36496246,0.007421760361709606,23.772552490234375,23.868633,0.0960805097656241,0.27868881821632385,0.27883738,0.000148561783676171,0.28500816226005554,0.28412932,0.0008788422600555235,0.282524973154068,0.27350235,0.009022623154067988
nearest_neighbor_baseline,627,61296,53177,0.07349731722448662,0.19280032813549042,0.19365644,0.0008561118645095955,23.803743362426758,23.961311,0.15756763757324066,0.21188819408416748,0.20566729,0.006220904084167478,0.21926583349704742,0.21187723,0.007388603497047425,0.28096914291381836,0.28184748,0.0008783370861816242
nearest_neighbor_baseline,628,75973,36933,0.09853045238842528,0.19094078242778778,0.21893464,0.027993857572212233,25.711517333984375,25.505432,0.206085333984376,0.28546711802482605,0.2872557,0.001788581975173953,0.30195844173431396,0.3031009,0.0011424582656860416,0.32691988348960876,0.3264603,0.0004595834896087836
nearest_neighbor_baseline,629,53509,3421,0.12361356207840662,0.9518761038780212,0.9739017,0.02202559612197874,11.957508087158203,11.372887,0.5846210871582027,0.2233768105506897,0.22634445,0.0029676394493103053,0.2792499363422394,0.2731191,0.006130836342239376,0.8269209861755371,0.83081764,0.0038966538244629145
nearest_neighbor_baseline,630,39250,24090,0.06389905127187213,0.591707170009613,0.6010825,0.009375329990386927,22.51650047302246,22.482584,0.0339164730224617,0.23312251269817352,0.23166527,0.0014572426981735165,0.23971030116081238,0.24494222,0.00523191883918761,0.33473092317581177,0.34047782,0.005746896824188219
nearest_neighbor_baseline,631,25624,61967,0.046941061086785495,0.7618833184242249,0.7535858,0.008297518424224881,20.514108657836914,20.614689,0.10058034216308442,0.1937098652124405,0.19494088,0.00123101478755952,0.2069532722234726,0.20822044,0.0012671677765274114,0.39565885066986084,0.40048322,0.004824369330139133
nearest_neighbor_baseline,632,103645,139347,0.05912395865671915,0.8554408550262451,0.86698025,0.01153939497375489,19.32001495361328,19.450756,0.13074104638671713,0.4161677658557892,0.41552997,0.0006377958557891583,0.4181097447872162,0.41746053,0.0006492147872161902,0.17482440173625946,0.16887243,0.00595197173625947
nearest_neighbor_baseline,633,128371,99845,0.07921724591596192,0.8609597682952881,0.8654767,0.004516931704711902,16.295015335083008,16.102531,0.19248433508300877,0.2668631970882416,0.26276374,0.004099457088241554,0.2796775996685028,0.28100514,0.001327540331497179,0.4283369481563568,0.43802258,0.009685631843643183
nearest_neighbor_baseline,634,2650,113622,0.04944535446425572,0.9732856750488281,0.9855545,0.012268824951171875,4.520208358764648,4.388352,0.13185635876464818,0.2697964906692505,0.26869288,0.0011036106692504655,0.2931768596172333,0.29079586,0.0023809996172332593,0.4180392920970917,0.4193577,0.001318407902908325
nearest_neighbor_baseline,635,137164,82627,0.18174773702053312,0.07247067242860794,0.12343894,0.050968267571392056,18.38996124267578,17.995314,0.3946472426757808,0.2559727132320404,0.25462866,0.0013440532320403986,0.2588939666748047,0.2616309,0.002736933325195312,0.2089875489473343,0.21330401,0.004316461052665699
nearest_neighbor_baseline,636,31437,65495,0.0692105358895189,0.8573378324508667,0.86187357,0.0045357375491332785,10.50616455078125,10.900923,0.3947584492187506,0.2555326521396637,0.25419953,0.0013331221396636894,0.26589471101760864,0.26405042,0.0018442910176086347,0.30806460976600647,0.31313014,0.0050655302339935315
nearest_neighbor_baseline,637,101233,86885,0.04453969881379784,0.9603362679481506,0.96857846,0.008242192051849395,9.535045623779297,9.450259,0.08478662377929602,0.24137142300605774,0.24510393,0.0037325069939422584,0.2855739891529083,0.28640524,0.0008312508470916802,0.5275008082389832,0.52477336,0.0027274482389831878
nearest_neighbor_baseline,638,3963,139209,0.07739291752313936,0.5473658442497253,0.5628802,0.015514355750274711,20.889177322387695,20.709646,0.17953132238769598,0.21991470456123352,0.21782602,0.0020886845612335114,0.2267398089170456,0.22205868,0.004681128917045585,0.31152310967445374,0.30619943,0.005323679674453741
nearest_neighbor_baseline,639,53892,9395,0.11066469451061639,0.15822573006153107,0.15930204,0.001076309938468939,22.078981399536133,22.646526,0.5675446004638687,0.2329421192407608,0.23189345,0.0010486692407608023,0.23954086005687714,0.24530265,0.005761789943122875,0.2822149991989136,0.2915048,0.009289800801086434
nearest_neighbor_baseline,640,117653,69758,0.1340428777579637,0.13620184361934662,0.14187954,0.00567769638065338,29.98637580871582,30.089148,0.10277219128418125,0.30134791135787964,0.3123196,0.010971688642120336,0.30573710799217224,0.31520227,0.009465162007827765,0.2002890557050705,0.21212779,0.011838734294929515
nearest_neighbor_baseline,641,131891,51607,0.07364009014628799,0.9510602951049805,0.93264836,0.018411935104980515,16.257158279418945,16.124361,0.13279727941894492,0.2714599668979645,0.2681512,0.003308766897964499,0.2753332555294037,0.2715137,0.003819555529403662,0.23280316591262817,0.23229906,0.0005041059126281722
nearest_neighbor_baseline,642,12908,95773,0.10922610441064329,0.6384037733078003,0.64984494,0.011441166692199745,22.448654174804688,21.96659,0.48206417480468744,0.23922860622406006,0.22937779,0.00985081622406006,0.2653944790363312,0.2668561,0.0014616209636688082,0.3904811441898346,0.3946374,0.004156255810165432
nearest_neighbor_baseline,643,53915,63046,0.08790311756018938,0.853003203868866,0.86029714,0.007293936131134049,16.48455047607422,16.484114,0.0004364760742170404,0.28779757022857666,0.29549626,0.00769868977142335,0.3007732331752777,0.30289778,0.0021245468247222954,0.34884682297706604,0.339715,0.00913182297706605
nearest_neighbor_baseline,644,73861,91272,0.1206680814700539,0.19823908805847168,0.17102456,0.027214528058471688,24.16853904724121,24.165997,0.002542047241210099,0.5974459052085876,0.5994839,0.002037994791412312,0.5995532870292664,0.6005712,0.0010179129707336143,0.13573101162910461,0.124235734,0.011495277629104614
nearest_neighbor_baseline,645,44613,82441,0.15950377112922898,0.6180058717727661,0.5905001,0.02750577177276614,22.84984588623047,23.315342,0.46549611376953237,0.7825800776481628,0.7941955,0.011615422351837212,0.7901803851127625,0.8007459,0.01056551488723756,0.2634439766407013,0.26402217,0.0005781933592987065
nearest_neighbor_baseline,646,988,74932,0.09291558491123324,0.5493221879005432,0.5628404,0.013518212099456806,24.547876358032227,24.344662,0.20321435803222698,0.3578525185585022,0.3569491,0.0009034185585021781,0.36230358481407166,0.36199102,0.0003125648140716586,0.25435271859169006,0.24322933,0.01112338859169007
nearest_neighbor_baseline,647,110286,128758,0.06777408420292722,0.9541942477226257,0.94953763,0.004656617722625711,11.20903205871582,11.079328,0.12970405871582003,0.2381376326084137,0.23485743,0.0032802026084136904,0.2440413385629654,0.24263023,0.0014111085629653908,0.25825896859169006,0.24975216,0.008506808591690063
nearest_neighbor_baseline,648,45176,30084,0.09751742061144586,0.15841570496559143,0.182499,0.024083295034408564,22.72261619567871,23.083523,0.36090680432128863,0.21537648141384125,0.21311751,0.0022589714138412376,0.21979045867919922,0.21978803,2.4286791992234047e-06,0.2705087661743164,0.26806578,0.0024429861743164305
nearest_neighbor_baseline,649,24962,12680,0.08583147813760794,0.8116666078567505,0.79918003,0.012486577856750447,19.31415367126465,19.814804,0.5006503287353503,0.35867369174957275,0.3575659,0.0011077917495727618,0.3656178414821625,0.36507872,0.0005391214821624524,0.26885688304901123,0.27241305,0.0035561669509887595
nearest_neighbor_baseline,650,98676,501,0.041770763777942414,0.8493746519088745,0.8602925,0.010917848091125504,16.019500732421875,16.143923,0.12442226757812591,0.1967788189649582,0.19769433,0.0009155110350418105,0.20213904976844788,0.2019675,0.00017154976844788172,0.26845216751098633,0.26977336,0.0013211924890136895
nearest_neighbor_baseline,651,34672,57057,0.1190666465053096,0.29708418250083923,0.27085182,0.026232362500839213,25.48557472229004,25.037786,0.4477887222900385,0.294121116399765,0.29450196,0.0003808436002349924,0.33156365156173706,0.32795072,0.003612931561737087,0.4822292625904083,0.48865393,0.006424667409591689
nearest_neighbor_baseline,652,114589,97883,0.0821196761478182,0.15481367707252502,0.17427784,0.019464162927474965,26.11456298828125,25.842402,0.2721609882812501,0.21103091537952423,0.21001062,0.001020295379524222,0.22300167381763458,0.22250748,0.000494193817634575,0.3679393231868744,0.3726597,0.004720376813125593
nearest_neighbor_baseline,653,58694,98775,0.08151523989602084,0.741146981716156,0.7473209,0.006173918283843949,18.994606018066406,18.637589,0.35701701806640784,0.29374557733535767,0.2889062,0.004839377335357664,0.30542582273483276,0.2992221,0.006203722734832773,0.3748396635055542,0.37170115,0.003138513505554219
nearest_neighbor_baseline,654,32067,8178,0.07539004981857918,0.6458427309989929,0.6587219,0.012879169001007051,22.293960571289062,22.447256,0.15329542871093693,0.29548701643943787,0.29350454,0.0019824764394378858,0.30596834421157837,0.30304283,0.002925514211578384,0.3466327488422394,0.35430518,0.0076724311577606175
nearest_neighbor_baseline,655,1302,17461,0.052464203349426405,0.9114363789558411,0.92100173,0.009565351044158898,7.397665977478027,7.612123,0.21445702252197307,0.2730231285095215,0.27558297,0.0025598414904784983,0.28465965390205383,0.28205022,0.002609433902053815,0.2762056887149811,0.27791792,0.0017122312850189059
nearest_neighbor_baseline,656,911,35402,0.10609401273205116,0.8071106672286987,0.8053286,0.0017820672286987804,11.246434211730957,11.973825,0.7273907882690427,0.36208659410476685,0.36332873,0.001242135895233143,0.36607953906059265,0.36690575,0.0008262109394073236,0.19045360386371613,0.19399132,0.0035377161362838694
nearest_neighbor_baseline,657,18919,84023,0.0746977280024423,0.7946155071258545,0.78544974,0.009165767125854485,19.47249984741211,19.110508,0.36199184741211,0.2555493414402008,0.2503496,0.0051997414402008,0.2676396071910858,0.264695,0.002944607191085802,0.39999809861183167,0.40212587,0.0021277713881683313
nearest_neighbor_baseline,658,90950,7528,0.16648904808733483,0.65193110704422,0.61314756,0.038783547044219935,21.145309448242188,20.604382,0.5409274482421864,0.5482720136642456,0.54873514,0.00046312633575440465,0.5581134557723999,0.55470836,0.003405095772399891,0.28637048602104187,0.27629018,0.010080306021041874
nearest_neighbor_baseline,659,45949,131822,0.11479092999841208,0.1603882610797882,0.17349294,0.013104678920211804,25.489055633544922,25.114897,0.37415863354492274,0.7743776440620422,0.7663895,0.00798814406204229,0.7776608467102051,0.7693599,0.008300946710205093,0.17416667938232422,0.16830127,0.005865409382324216
nearest_neighbor_baseline,660,19061,57209,0.09551925163444913,0.6545612215995789,0.6613964,0.006835178400421138,23.940292358398438,24.007174,0.06688164160156163,0.5428481698036194,0.53431284,0.008535329803619374,0.5442532300949097,0.5361736,0.00807963009490964,0.14028839766979218,0.1349038,0.005384597669792185
nearest_neighbor_baseline,661,30409,37311,0.06509949498196366,0.952444314956665,0.9350634,0.01738091495666505,14.089662551879883,14.210244,0.12058144812011662,0.29667437076568604,0.29717025,0.0004958792343139895,0.3097236752510071,0.30693743,0.002786245251007069,0.3567619323730469,0.35884506,0.0020831276269531185
nearest_neighbor_baseline,662,16536,25440,0.038254119154927706,0.9654118418693542,0.9727905,0.007378658130645754,8.505683898925781,8.580047,0.07436310107421917,0.18505437672138214,0.18281254,0.0022418367213821455,0.19965782761573792,0.19683442,0.002823407615737905,0.4256412088871002,0.42691994,0.001278731112899778
nearest_neighbor_baseline,663,29288,88502,0.06894287908608873,0.5911747217178345,0.57834965,0.012825071717834424,23.351640701293945,23.053211,0.2984297012939443,0.2513498365879059,0.25177988,0.00043004341209412766,0.25684788823127747,0.26047269,0.003624801768722541,0.34126731753349304,0.3380977,0.003169617533493041
nearest_neighbor_baseline,664,57615,66691,0.03905110508030342,0.9393798112869263,0.93306065,0.006319161286926223,9.921603202819824,9.761845,0.159758202819825,0.3070189952850342,0.30969554,0.0026765447149658117,0.31247448921203613,0.31368032,0.0012058307879638797,0.23602241277694702,0.23431548,0.0017069327769470288
nearest_neighbor_baseline,665,69016,96960,0.1098709875232072,0.1697470247745514,0.14738007,0.02236695477455139,28.4217586517334,28.482708,0.06094934826660037,0.9075605869293213,0.91278386,0.005223273070678713,0.908129096031189,0.9132182,0.005089103968811015,0.06663316488265991,0.07558972,0.008956555117340087
nearest_neighbor_baseline,666,10763,92777,0.05960530658589947,0.4355907738208771,0.42430085,0.011289923820877068,25.784378051757812,25.802114,0.01773594824218705,0.3953694999217987,0.40080956,0.005440060078201303,0.4090329706668854,0.40602532,0.003007650666885353,0.30739402770996094,0.30922204,0.0018280122900390383
nearest_neighbor_baseline,667,40434,123080,0.14153501070722502,0.26155349612236023,0.22231221,0.03924128612236022,25.174823760986328,24.781895,0.39292876098632945,0.5890617966651917,0.58880574,0.000256056665191684,0.5923999547958374,0.5920002,0.0003997547958374259,0.19091708958148956,0.19048919,0.0004278995814895603
nearest_neighbor_baseline,668,123941,116102,0.04536476603619522,0.28521788120269775,0.28896764,0.0037497587973022717,27.46126937866211,27.589819,0.12854962133788916,0.43469661474227905,0.43257973,0.002116884742279057,0.4388990104198456,0.4363762,0.002522810419845589,0.22511759400367737,0.22045971,0.004657884003677365
nearest_neighbor_baseline,669,123298,133624,0.18652791602797872,0.4219492971897125,0.40734175,0.014607547189712522,24.3975830078125,23.834337,0.5632460078124986,0.39074206352233887,0.39806083,0.0073187664776611094,0.4349110722541809,0.44932052,0.014409447745819093,0.5576857924461365,0.5413495,0.016336292446136436
nearest_neighbor_baseline,670,30053,73722,0.06142199650099129,0.8179628252983093,0.8074876,0.010475225298309354,17.359127044677734,17.271378,0.08774904467773581,0.2781929671764374,0.27987647,0.0016835028235626104,0.2835133373737335,0.28294185,0.0005714873737335258,0.2526731789112091,0.25962916,0.006955981088790919
nearest_neighbor_baseline,671,58728,32032,0.18174759605327512,0.607316255569458,0.6053704,0.0019458555694580326,21.255033493041992,21.312756,0.05772250695800807,0.5159381031990051,0.5044568,0.011481303199005088,0.5346670150756836,0.5186435,0.01602351507568356,0.3471311926841736,0.33066615,0.016465042684173592
nearest_neighbor_baseline,672,66456,716,0.045496919333191124,0.7670181393623352,0.7761057,0.009087560637664804,20.603912353515625,20.365795,0.23811735351562646,0.19999006390571594,0.19952007,0.00046999390571594857,0.21116915345191956,0.21180972,0.0006405665480804512,0.37096476554870605,0.37084657,0.00011819554870606819
nearest_neighbor_baseline,673,41579,33904,0.029963873529033527,0.9684597253799438,0.9705888,0.0021290746200561816,10.191947937011719,10.343152,0.15120406298828115,0.2969105839729309,0.29648733,0.0004232539729309148,0.32147690653800964,0.3202598,0.0012171065380096602,0.4543484151363373,0.45691204,0.002563624863662739
nearest_neighbor_baseline,674,64745,10044,0.046243320708643385,0.9556204676628113,0.9485041,0.007116367662811318,13.837282180786133,14.108398,0.2711158192138665,0.22441796958446503,0.2231568,0.0012611695844650384,0.24585165083408356,0.2464392,0.00058754916591644,0.49349305033683777,0.49283993,0.0006531203368377869
nearest_neighbor_baseline,675,137958,35046,0.13861321266113402,0.17443133890628815,0.19525152,0.020820181093711865,30.68593978881836,30.35674,0.3291997888183609,0.5628898739814758,0.55621165,0.006678223981475884,0.5733634829521179,0.55973035,0.013633132952117877,0.2573692202568054,0.25542262,0.0019466002568054308
nearest_neighbor_baseline,676,48932,80787,0.08917896334763659,0.06279797852039337,0.06893155,0.006133571479606623,28.930498123168945,28.784948,0.14555012316894533,0.28947722911834717,0.2980198,0.008542570881652833,0.2914985120296478,0.29936898,0.00787046797035218,0.17843589186668396,0.17686048,0.0015754118666839734
nearest_neighbor_baseline,677,49647,86955,0.048698728740031595,0.989020586013794,0.99077934,0.001758753986206063,8.087930679321289,8.270407,0.18247632067871145,0.19126614928245544,0.19196244,0.0006962907175445676,0.1999339908361435,0.20209584,0.002161849163856505,0.37095141410827637,0.36545885,0.005492564108276365
nearest_neighbor_baseline,678,15236,118580,0.11120683442327262,0.8085675835609436,0.79923725,0.009330333560943593,18.800939559936523,18.130651,0.6702885599365231,0.35037097334861755,0.35333124,0.002960266651382437,0.3548879325389862,0.3601387,0.005250767461013772,0.23921670019626617,0.24270606,0.003489359803733827
nearest_neighbor_baseline,679,65673,84856,0.06293010015077836,0.9159734845161438,0.93396425,0.017990765483856253,10.096933364868164,10.034842,0.06209136486816469,0.29623594880104065,0.2970408,0.0008048511989593443,0.3025553822517395,0.30247214,8.32422517395015e-05,0.29815539717674255,0.30064937,0.002493972823257473
nearest_neighbor_baseline,680,57688,59177,0.06270594676033657,0.9470313191413879,0.9609867,0.013955380858612032,12.560220718383789,12.847464,0.2872432816162114,0.4824293255805969,0.48307595,0.0006466244194030524,0.4870090186595917,0.4869006,0.00010841865959165808,0.2311195582151413,0.22947106,0.001648498215141292
nearest_neighbor_baseline,681,137202,137701,0.08896940733331384,0.3647877275943756,0.36801112,0.0032233924056244145,23.759788513183594,23.78781,0.028021486816406593,0.2708294093608856,0.26816574,0.0026636693608856343,0.28632351756095886,0.2833294,0.0029941175609588533,0.42619943618774414,0.43842283,0.012223393812255845
nearest_neighbor_baseline,682,61185,51647,0.08680419518615298,0.6999267339706421,0.71494704,0.015020306029357888,18.143930435180664,17.858223,0.2857074351806652,0.24055877327919006,0.23654655,0.004012223279190069,0.24989686906337738,0.25577214,0.005875270936622601,0.3684881329536438,0.37258565,0.004097517046356192
nearest_neighbor_baseline,683,43300,48072,0.06473189285079645,0.9771692752838135,0.9915586,0.01438932471618648,6.9850335121154785,7.006035,0.021001487884521275,0.1889553666114807,0.1929311,0.003975733388519281,0.2251606285572052,0.22572498,0.0005643514427947915,0.6443411707878113,0.639522,0.004819170787811244
nearest_neighbor_baseline,684,129982,15680,0.158880424267406,0.593906819820404,0.57920337,0.014703449820404058,23.644001007080078,23.377485,0.26651600708007805,0.3789508640766144,0.37148663,0.0074642340766143955,0.3949579894542694,0.38123122,0.013726769454269427,0.3945485055446625,0.38092202,0.013626485544662503
nearest_neighbor_baseline,685,126889,117611,0.08583918487101058,0.831343948841095,0.8116477,0.019696248841095,13.775639533996582,13.875265,0.0996254660034186,0.2636120617389679,0.26519343,0.0015813682610321123,0.2772701680660248,0.2828263,0.005556131933975195,0.3710887134075165,0.36613455,0.0049541634075164764
nearest_neighbor_baseline,686,12773,102938,0.06737565827678965,0.10156982392072678,0.09511676,0.0064530639207267815,22.447277069091797,22.461796,0.014518930908202776,0.40674450993537903,0.40238678,0.004357729935379029,0.4080245792865753,0.40461972,0.0034048592865753013,0.1221076250076294,0.12943128,0.007323654992370615
nearest_neighbor_baseline,687,100606,98234,0.06390842647871142,0.38095158338546753,0.3960004,0.015048816614532445,25.69267463684082,25.777498,0.08482336315918104,0.2928101718425751,0.29386696,0.0010567881574249371,0.3007839620113373,0.3013947,0.0006107379886627351,0.3082513213157654,0.30281806,0.005433261315765381
nearest_neighbor_baseline,688,69929,79768,0.11699799011572995,0.47862961888313293,0.4796985,0.001068881116867093,25.41069984436035,24.73689,0.6738098443603526,0.557636559009552,0.55573946,0.001897099009552039,0.5651991367340088,0.567465,0.002265863265991208,0.2719001770019531,0.28139156,0.00949138299804686
nearest_neighbor_baseline,689,137309,129483,0.059629947519760675,0.8105116486549377,0.80910057,0.0014110786549377252,18.475805282592773,18.508072,0.03226671740722509,0.2140561193227768,0.20964913,0.004406989322776805,0.22239628434181213,0.21808238,0.0043139043418121414,0.37512364983558655,0.38087255,0.0057489001644134285
nearest_neighbor_baseline,690,21863,92058,0.12344011941302442,0.5279973149299622,0.496637,0.03136031492996216,24.60382080078125,24.24041,0.3634108007812493,0.5013074278831482,0.5056748,0.0043673721168517865,0.5076728463172913,0.5106752,0.003002353682708736,0.2508198618888855,0.24811354,0.0027063218888855045
nearest_neighbor_baseline,691,125720,67458,0.05950786055528495,0.7718713879585266,0.76095283,0.010918557958526587,18.690006256103516,18.804876,0.11486974389648452,0.21184518933296204,0.20807086,0.0037743293329620398,0.21871918439865112,0.21804179,0.00067739439865111,0.32664328813552856,0.33175653,0.0051132418644714295
nearest_neighbor_baseline,692,114621,26291,0.0660986217880952,0.6526269316673279,0.64581686,0.006810071667327833,15.334878921508789,15.556148,0.22126907849121125,0.26110440492630005,0.25686237,0.004242034926300042,0.2683793604373932,0.26566476,0.0027146004373931887,0.2598879039287567,0.26571038,0.00582247607124331
nearest_neighbor_baseline,693,14305,51288,0.05970007195809883,0.9222022294998169,0.9151379,0.007064329499816946,13.043168067932129,12.926447,0.11672106793212933,0.2008502036333084,0.1997188,0.0011314036333084088,0.207230344414711,0.2055792,0.0016511444147110088,0.2918446362018585,0.2844627,0.007381936201858508
nearest_neighbor_baseline,694,125196,29924,0.09271164175149046,0.3902125656604767,0.37801126,0.012201305660476669,26.840482711791992,26.988708,0.14822528820800684,0.23981459438800812,0.23655222,0.00326237438800811,0.2425972819328308,0.2396197,0.0029775819328308195,0.18005779385566711,0.19094047,0.010882676144332887
nearest_neighbor_baseline,695,37242,101271,0.08406300140442924,0.9050072431564331,0.91282207,0.007814826843566935,16.394636154174805,16.717255,0.32261884582519684,0.2456892877817154,0.24728583,0.001596542218284619,0.24796584248542786,0.2502825,0.0023166575145721624,0.20849502086639404,0.21766427,0.00916924913360595
nearest_neighbor_baseline,696,60535,66572,0.101315711540915,0.2770864963531494,0.27616337,0.000923126353149395,24.02571678161621,23.65038,0.37533678161621253,0.1863379180431366,0.19031784,0.0039799219568633915,0.20507942140102386,0.21620676,0.011127338598976133,0.5366349220275879,0.5380394,0.0014044779724120549
nearest_neighbor_baseline,697,85628,129615,0.10464969867158988,0.5786944031715393,0.59593415,0.017239746828460745,15.709490776062012,15.550814,0.15867677606201092,0.28556159138679504,0.28072625,0.0048353413867950334,0.299808144569397,0.28918037,0.010627774569396953,0.28982993960380554,0.28936926,0.000460679603805525
nearest_neighbor_baseline,698,98426,51041,0.06100205166026488,0.9739827513694763,0.96355516,0.010427591369476352,12.100184440612793,12.096337,0.0038474406127928518,0.23327776789665222,0.23516595,0.0018881821033477908,0.2407514899969101,0.24711229,0.006360800003089917,0.37432125210762024,0.37640205,0.0020807978923797488
nearest_neighbor_baseline,699,56792,90404,0.07053488379253396,0.9761033058166504,0.98085135,0.00474804418334962,6.0038909912109375,5.747394,0.2564969912109376,0.1994716227054596,0.19508187,0.004389752705459604,0.20719271898269653,0.20745306,0.0002603410173034615,0.31241685152053833,0.31964758,0.007230728479461657
nearest_neighbor_baseline,700,58449,89348,0.1171150203147994,0.47473767399787903,0.4680798,0.006657873997879038,24.822463989257812,24.749275,0.0731889892578117,0.41573306918144226,0.40795985,0.007773219181442248,0.41855552792549133,0.41045117,0.008104357925491357,0.19378846883773804,0.20566677,0.011878301162261962
nearest_neighbor_baseline,701,118897,8047,0.07635275702661866,0.7343076467514038,0.71889484,0.015412806751403774,22.42089080810547,22.051268,0.36962280810546844,0.4807901680469513,0.48240465,0.0016144819530486965,0.48411285877227783,0.4856448,0.0015319412277221556,0.20501545071601868,0.20729472,0.002279269283981311
nearest_neighbor_baseline,702,24381,8847,0.1309139927103036,0.23050454258918762,0.22795749,0.0025470525891876095,26.190439224243164,25.877628,0.31281122424316266,0.5135481953620911,0.5139555,0.0004073046379089451,0.5141714215278625,0.5145583,0.00038687847213747517,0.11052025109529495,0.09249924,0.018021011095294956
nearest_neighbor_baseline,703,124366,105674,0.12391478356746378,0.9097939133644104,0.90570945,0.004084463364410373,9.308247566223145,9.296479,0.011768566223144816,0.428058922290802,0.43487218,0.006813257709197995,0.4368801712989807,0.44293344,0.006053268701019299,0.28951767086982727,0.27423662,0.015281050869827284
nearest_neighbor_baseline,704,104545,67030,0.06444383089960745,0.18018893897533417,0.18210131,0.001912371024665821,29.73410415649414,29.992968,0.25886384350586056,0.5655537843704224,0.56518316,0.00037062437042234553,0.567272424697876,0.56629306,0.0009793646978759618,0.1498050093650818,0.14215466,0.007650349365081799
nearest_neighbor_baseline,705,19482,10877,0.06980252366194006,0.8505657315254211,0.8495493,0.0010164315254211909,16.382272720336914,16.616158,0.2338852796630846,0.2813746929168701,0.27957463,0.0018000629168701265,0.2870346009731293,0.28391567,0.0031189309731292636,0.2640419006347656,0.25588733,0.008154570634765601
nearest_neighbor_baseline,706,69482,78662,0.06910976666602196,0.9142657518386841,0.9215299,0.007264148161315931,5.9557576179504395,5.713529,0.24222861795043915,0.2607317864894867,0.2643134,0.003581613510513282,0.26766759157180786,0.2739288,0.006261208428192111,0.29812273383140564,0.2955867,0.0025360338314056596
nearest_neighbor_baseline,707,109697,91440,0.15130636746107895,0.24538715183734894,0.27573404,0.030346888162651076,23.497089385986328,23.011116,0.4859733859863269,0.6645112633705139,0.6560122,0.00849906337051387,0.667722761631012,0.6591758,0.008546961631011984,0.16004976630210876,0.16336855,0.0033187836978912366
nearest_neighbor_baseline,708,13163,139025,0.06391003946943045,0.8708037734031677,0.8622685,0.008535273403167731,8.282601356506348,8.519239,0.23663764349365302,0.28395676612854004,0.28420258,0.0002458138714599434,0.28921276330947876,0.2892603,4.753669052126597e-05,0.21680067479610443,0.20997639,0.006824284796104418
nearest_neighbor_baseline,709,21756,54132,0.10454868590009737,0.17388030886650085,0.19886526,0.024984951133499134,24.629758834838867,25.066118,0.43635916516113227,0.19598925113677979,0.19675383,0.0007645788632202055,0.21494613587856293,0.21666636,0.001720224121437075,0.5505270957946777,0.5491437,0.001383395794677722
nearest_neighbor_baseline,710,55855,78169,0.048149155870082457,0.983121395111084,0.9755264,0.007594995111083969,6.50465726852417,6.7030206,0.1983633314758304,0.2048572450876236,0.20579168,0.0009344349123764084,0.2157118171453476,0.21268742,0.003024397145347607,0.3069308400154114,0.30410117,0.0028296700154114007
nearest_neighbor_baseline,711,71436,9019,0.11028483605288636,0.030033089220523834,0.03093618,0.0009030907794761664,26.91853141784668,27.015682,0.09715058215332206,0.41454827785491943,0.4052048,0.009343477854919457,0.42181912064552307,0.41503423,0.006784890645523067,0.277264803647995,0.28771064,0.010445836352005022
nearest_neighbor_baseline,712,3488,26268,0.08985738864539389,0.24347098171710968,0.25663862,0.013167638282890304,24.337547302246094,24.073792,0.2637553022460928,0.4846966862678528,0.48857486,0.0038781737321472165,0.5023400187492371,0.4938723,0.008467718749237074,0.2744579613208771,0.27663612,0.00217815867912291
nearest_neighbor_baseline,713,88527,9124,0.12193304917701003,0.38998618721961975,0.37551528,0.014470907219619744,24.293508529663086,23.664787,0.6287215296630855,0.4874739944934845,0.48969874,0.002224745506515524,0.4996899962425232,0.49680102,0.0028889762425232113,0.27257534861564636,0.2632934,0.009281948615646352
nearest_neighbor_baseline,714,97067,28971,0.042871166890361655,0.4326462745666504,0.44112176,0.008475485433349583,21.078046798706055,20.933249,0.1447977987060547,0.2804897725582123,0.28293812,0.002448347441787735,0.2845376431941986,0.28689262,0.0023549768058013787,0.246280238032341,0.24546087,0.0008193680323410057
nearest_neighbor_baseline,715,76062,117823,0.05627404387848554,0.06829046458005905,0.0660849,0.0022055645800590495,29.553030014038086,29.342728,0.2103020140380849,0.31651929020881653,0.31974488,0.0032255897911834808,0.32368314266204834,0.3270311,0.003347957337951679,0.2773243188858032,0.28220826,0.004883941114196766
nearest_neighbor_baseline,716,45199,59783,0.0406430406051569,0.6236414313316345,0.6305837,0.006942268668365448,24.75922203063965,24.962725,0.2035029693603505,0.40563488006591797,0.40436742,0.0012674600659179913,0.409609317779541,0.4105566,0.0009472822204589781,0.22316430509090424,0.22126126,0.0019030450909042484
nearest_neighbor_baseline,717,64676,12676,0.06601707738006603,0.9476572275161743,0.9460164,0.0016408275161743369,6.172245025634766,5.712701,0.4595440256347656,0.26134297251701355,0.26232114,0.0009781674829864584,0.27635863423347473,0.27754635,0.0011877157665252658,0.35842201113700867,0.35810623,0.00031578113700864163
nearest_neighbor_baseline,718,129728,90734,0.08122270981235129,0.13144303858280182,0.122711554,0.008731484582801818,27.628873825073242,27.602333,0.026540825073240626,0.29732969403266907,0.29656005,0.0007696440326690479,0.3006790578365326,0.303002,0.002322942163467401,0.21229487657546997,0.22309849,0.01080361342453004
nearest_neighbor_baseline,719,67282,45036,0.11604577529045712,0.20396165549755096,0.21347836,0.009516704502449042,30.744022369384766,30.154163,0.5898593693847651,0.6259434819221497,0.6193803,0.0065631819221496634,0.6277697086334229,0.6209859,0.006783808633422872,0.1581433266401291,0.15370548,0.004437846640129084
nearest_neighbor_baseline,720,139772,57944,0.09799762586983911,0.7743936777114868,0.7837793,0.00938562228851314,18.164396286010742,17.974567,0.18982928601074178,0.394090861082077,0.39782348,0.0037326189179229807,0.3962119519710541,0.39956695,0.003354998028945899,0.17373837530612946,0.16181608,0.011922295306129455
nearest_neighbor_baseline,721,128213,30767,0.06826438453323264,0.24301469326019287,0.22988173,0.013132963260192865,26.47112464904785,26.720173,0.2490483509521475,0.22332563996315002,0.22409628,0.0007706400368499844,0.23373743891716003,0.23886372,0.005126281082839967,0.36264631152153015,0.36112475,0.001521561521530157
nearest_neighbor_baseline,722,97773,136117,0.12766937722594668,0.3325985372066498,0.33215523,0.00044330720664975676,24.127700805664062,23.907267,0.22043380566406157,0.24525806307792664,0.23452787,0.010730193077926636,0.24695661664009094,0.23566322,0.011293396640090936,0.1528516709804535,0.14522482,0.007626850980453487
nearest_neighbor_baseline,723,27442,115328,0.09386416956498175,0.8729970455169678,0.8791462,0.006149154483032215,6.431309223175049,5.8812275,0.5500817231750492,0.2673419713973999,0.27350503,0.00616305860260008,0.28049466013908386,0.28128216,0.000787499860916141,0.31193557381629944,0.30898508,0.0029504938162994154
nearest_neighbor_baseline,724,91024,52768,0.13342152450291547,0.9214300513267517,0.9512979,0.02986784867324832,7.018263816833496,7.557986,0.5397221831665036,0.26795583963394165,0.2735986,0.005642760366058375,0.32458600401878357,0.32613438,0.0015483759812164322,0.6602784991264343,0.65719795,0.0030805491264342955
nearest_neighbor_baseline,725,130877,123585,0.06542472185928203,0.34790951013565063,0.36439523,0.01648571986434938,22.917539596557617,23.138187,0.22064740344238132,0.2775214910507202,0.27518603,0.002335461050720189,0.2854839563369751,0.2855157,3.174366302488574e-05,0.27327194809913635,0.27424112,0.0009691719008636523
nearest_neighbor_baseline,726,136110,89314,0.07467435304726,0.546118974685669,0.5353737,0.010745274685668993,26.002967834472656,25.961458,0.04150983447265588,0.4284953474998474,0.42238605,0.006109297499847399,0.4308713674545288,0.42528588,0.005585487454528804,0.1886814683675766,0.19260523,0.003923761632423389
nearest_neighbor_baseline,727,112895,137928,0.12550431585038316,0.3367309868335724,0.329764,0.006966986833572386,27.30098533630371,27.615551,0.314565663696289,0.3566665053367615,0.3461752,0.010491305336761458,0.371724009513855,0.37103602,0.0006879895138549585,0.3532922863960266,0.3405027,0.01278958639602662
nearest_neighbor_baseline,728,122922,89694,0.08511736382674691,0.338954359292984,0.3461275,0.007173140707015968,24.907285690307617,25.014786,0.10750030969238367,0.4693496525287628,0.4804868,0.011137147471237174,0.4911743700504303,0.48979822,0.0013761500504302915,0.2890433073043823,0.28969485,0.0006515426956176795
nearest_neighbor_baseline,729,107929,126647,0.07926364713435177,0.1513928472995758,0.15579304,0.004400192700424188,24.970367431640625,25.512444,0.5420765683593736,0.21702167391777039,0.21662425,0.0003974239177703953,0.21992281079292297,0.21849175,0.0014310607929229613,0.20314913988113403,0.20467652,0.0015273801188659675
nearest_neighbor_baseline,730,113637,101075,0.08715871518346292,0.9769288301467896,0.96207917,0.014849660146789567,10.720500946044922,10.52854,0.1919609460449223,0.20252899825572968,0.19534951,0.007179488255729671,0.23589225113391876,0.24053334,0.00464108886608125,0.7284629940986633,0.7246744,0.0037885940986632782
nearest_neighbor_baseline,731,96930,138349,0.11962685097573379,0.9238029718399048,0.92533064,0.001527668160095197,17.404521942138672,17.275572,0.1289499421386715,0.5088832378387451,0.51255894,0.0036757021612549012,0.5125802755355835,0.5192822,0.006701924464416531,0.2481260448694229,0.263426,0.015299955130577081
nearest_neighbor_baseline,732,93972,80536,0.121976560731141,0.6540296673774719,0.63458794,0.019441727377471962,19.89809799194336,20.49717,0.5990720080566412,0.229588583111763,0.23320682,0.0036182368882370086,0.2881811261177063,0.2853689,0.002812226117706318,0.5609887838363647,0.5536647,0.0073240838363647365
nearest_neighbor_baseline,733,56965,43640,0.0754865512504605,0.2667519748210907,0.28102356,0.014271585178909307,26.87607192993164,26.616869,0.2592029299316394,0.47242650389671326,0.47735384,0.004927336103286717,0.47826695442199707,0.48087215,0.002605195578002928,0.22247855365276337,0.21912508,0.003353473652763367
nearest_neighbor_baseline,734,31551,67752,0.07463760400219732,0.8722805380821228,0.8584845,0.013796038082122819,17.661823272705078,17.545712,0.11611127270507637,0.25878995656967163,0.25552782,0.0032621365696716143,0.3087722957134247,0.30308685,0.005685445713424664,0.5345330834388733,0.5390641,0.004531016561126755
nearest_neighbor_baseline,735,41957,129213,0.08392800118691791,0.9452696442604065,0.94056726,0.004702384260406478,12.395812034606934,12.368313,0.027499034606933037,0.21798618137836456,0.20894487,0.009041311378364558,0.24112902581691742,0.2385528,0.00257622581691741,0.6379965543746948,0.64497226,0.00697570562530514
nearest_neighbor_baseline,736,89703,45592,0.0553771335262777,0.670458197593689,0.6789212,0.008463002406311038,20.479108810424805,20.249977,0.22913181042480346,0.444122850894928,0.44709453,0.0029716791050720115,0.44623658061027527,0.449261,0.003024419389724753,0.16148757934570312,0.16402584,0.002538260654296881
nearest_neighbor_baseline,737,62692,96747,0.08575410267617438,0.957899272441864,0.9492476,0.008651672441864044,14.366816520690918,13.88194,0.4848765206909178,0.2043113112449646,0.19837923,0.00593208124496461,0.24600045382976532,0.2452453,0.0007551538297653204,0.6705579161643982,0.6697798,0.0007781161643981571
nearest_neighbor_baseline,738,133095,66769,0.12496467976752497,0.04087228327989578,0.042134393,0.0012621097201042167,28.498262405395508,28.519365,0.021102594604492708,0.42603325843811035,0.41700473,0.009028528438110361,0.42829006910324097,0.4188601,0.009429969103240954,0.175510972738266,0.16348727,0.012023702738266001
nearest_neighbor_baseline,739,38025,70701,0.0844500976222447,0.6622999310493469,0.66399384,0.0016939089506530225,18.78036880493164,18.517868,0.26250080493164063,0.2693067789077759,0.27633017,0.007023391092224107,0.2743977904319763,0.28149956,0.007101769568023664,0.22992095351219177,0.23333858,0.0034176264878082174
nearest_neighbor_baseline,740,120024,82450,0.19773665564593718,0.32493752241134644,0.31443456,0.010502962411346461,26.880271911621094,27.897131,1.016859088378908,0.36118096113204956,0.35374594,0.00743502113204958,0.4164447486400604,0.3999178,0.016526948640060435,0.47523823380470276,0.47618893,0.0009506961952972515
nearest_neighbor_baseline,741,117063,17434,0.10155606694823441,0.11548111587762833,0.11566569,0.00018457412237167514,25.20978355407715,25.263535,0.053751445922852525,0.2759314775466919,0.27474204,0.0011894375466918738,0.295484721660614,0.28992954,0.005555181660614028,0.4322289228439331,0.41867027,0.013558652843933094
nearest_neighbor_baseline,742,9469,54130,0.1434798537042165,0.28962963819503784,0.28424543,0.005384208195037821,28.93194007873535,28.624516,0.3074240787353517,0.5710641741752625,0.5841926,0.0131284258247375,0.5736570358276367,0.5871004,0.013443364172363248,0.1779128611087799,0.1786869,0.0007740388912201024
nearest_neighbor_baseline,743,69116,136259,0.0725120671956021,0.6251135468482971,0.624487,0.0006265468482971048,22.970703125,23.049679,0.07897587500000114,0.27111461758613586,0.26250497,0.00860964758613586,0.28055477142333984,0.27551338,0.005041391423339869,0.35543733835220337,0.3556491,0.00021176164779662665
nearest_neighbor_baseline,744,54054,19552,0.0681248444803049,0.9804635047912598,0.9867491,0.00628559520874028,6.138388633728027,6.256563,0.11817436627197253,0.2501995265483856,0.25242615,0.0022266234516143957,0.2752450406551361,0.26772958,0.007515460655136086,0.49075740575790405,0.48691654,0.003840865757904044
nearest_neighbor_baseline,745,110875,156,0.06727024536753978,0.9465523958206177,0.96383125,0.017278854179382352,3.647024393081665,3.6828706,0.03584620691833518,0.2758474349975586,0.2757874,6.0034997558577885e-05,0.2836161255836487,0.282905,0.0007111255836486641,0.22824424505233765,0.2231898,0.005054445052337653
nearest_neighbor_baseline,746,38872,50106,0.09996776656225884,0.615916907787323,0.63223654,0.01631963221267696,14.476523399353027,14.575602,0.0990786006469726,0.26742109656333923,0.26232326,0.005097836563339231,0.27188706398010254,0.2658193,0.0060677639801025585,0.24445845186710358,0.23566844,0.00879001186710357
nearest_neighbor_baseline,747,83664,52741,0.11390661273473422,0.32633039355278015,0.32402557,0.0023048235527801664,24.734529495239258,25.24644,0.511910504760742,0.46044251322746277,0.4600338,0.00040871322746277583,0.4646769165992737,0.47161618,0.006939263400726314,0.2618463337421417,0.27236578,0.010519446257858278
nearest_neighbor_baseline,748,51150,93303,0.08184522871375637,0.9130837321281433,0.92891383,0.01583009787185674,11.611600875854492,11.326196,0.2854048758544927,0.4077346920967102,0.40738854,0.0003461520967101839,0.41106608510017395,0.41093522,0.00013086510017396025,0.19634975492954254,0.18929538,0.007054374929542528
nearest_neighbor_baseline,749,12280,115660,0.08876760828445962,0.6390647292137146,0.62068605,0.01837867921371461,22.152355194091797,22.319551,0.1671958059082037,0.3527565598487854,0.35467276,0.0019162001512145754,0.3590487837791443,0.35942963,0.00038084622085571285,0.2814740538597107,0.2729082,0.008565853859710704
nearest_neighbor_baseline,750,108089,41984,0.0976823304069697,0.5301432013511658,0.51407087,0.016072331351165814,18.328258514404297,18.037323,0.2909355144042962,0.3044072687625885,0.3022026,0.002204668762588513,0.30595532059669495,0.30379167,0.0021636505966949326,0.1528313010931015,0.16269009,0.009858788906898508
nearest_neighbor_baseline,751,8144,50980,0.049134036375366695,0.8214409351348877,0.8272738,0.005832864865112253,16.91114044189453,17.09672,0.18557955810547,0.1970156729221344,0.19333977,0.0036759029221344053,0.2036736011505127,0.20690589,0.0032322888494873137,0.3306583762168884,0.32910386,0.001554516216888402
nearest_neighbor_baseline,752,83737,73953,0.03143676827036662,0.9440494775772095,0.9386853,0.005364177577209528,12.755908966064453,12.858724,0.10281503393554736,0.26366227865219116,0.2613711,0.0022911786521911393,0.26955530047416687,0.26773545,0.0018198504741668842,0.2586866617202759,0.259314,0.00062733827972411
nearest_neighbor_baseline,753,2565,26309,0.07627946858577137,0.7231206893920898,0.7206576,0.0024630893920898345,18.529373168945312,18.339954,0.18941916894531374,0.28141874074935913,0.2757548,0.005663940749359109,0.2895137667655945,0.28168714,0.00782662676559448,0.27694663405418396,0.2787962,0.001849565945816034
nearest_neighbor_baseline,754,1796,9250,0.10107853628428501,0.23728333413600922,0.2297464,0.007536934136009227,25.99594497680664,26.58047,0.5845250231933576,0.2789962887763977,0.27985048,0.0008541912236023075,0.2810044586658478,0.28195795,0.0009534913341522344,0.15540438890457153,0.1630385,0.00763411109542847
nearest_neighbor_baseline,755,54159,136797,0.09734124010166204,0.7033493518829346,0.7052057,0.001856348117065476,20.554426193237305,20.965828,0.41140180676269367,0.30208253860473633,0.3057663,0.0036837613952636628,0.30350008606910706,0.30781746,0.0043173739308929315,0.14601558446884155,0.15573308,0.009717495531158443
nearest_neighbor_baseline,756,83809,42998,0.048469465599773984,0.9234047532081604,0.9179486,0.005456153208160397,15.435083389282227,15.312695,0.12238838928222684,0.2655484676361084,0.26894796,0.0033994923638915875,0.2689463496208191,0.27347046,0.0045241103791809345,0.24263514578342438,0.24368086,0.0010457142165756217
nearest_neighbor_baseline,757,36966,35605,0.036151420564493886,0.7189211249351501,0.7188212,9.992493515009748e-05,23.149084091186523,23.282179,0.13309490881347585,0.26445460319519043,0.26146644,0.0029881631951904075,0.2713980972766876,0.27154002,0.000141922723312371,0.2852519452571869,0.28852347,0.0032715247428131145
nearest_neighbor_baseline,758,85630,82552,0.11805474900635755,0.5841583013534546,0.561989,0.02216930135345463,24.15622901916504,23.860765,0.2954640191650384,0.30945971608161926,0.31856877,0.009109053918380738,0.3152845501899719,0.3219168,0.006632249810028079,0.22907967865467072,0.23131114,0.002231461345329283
nearest_neighbor_baseline,759,71935,100347,0.06811273431198707,0.33199477195739746,0.34047797,0.008483198042602558,23.435104370117188,23.237242,0.1978623701171891,0.21404919028282166,0.21820621,0.004157019717178356,0.21723730862140656,0.22101076,0.0037734513785934454,0.2147447168827057,0.20919298,0.005551736882705688
nearest_neighbor_baseline,760,36591,49452,0.09693971475462146,0.9536219239234924,0.9386763,0.014945623923492413,8.135030746459961,8.173751,0.038720253540038385,0.25459739565849304,0.25781628,0.003218884341506967,0.31423622369766235,0.31843534,0.004199116302337658,0.6543164849281311,0.66513956,0.01082307507186886
nearest_neighbor_baseline,761,73724,10752,0.11682248796756846,0.17112743854522705,0.18791723,0.01678979145477294,29.388601303100586,28.928452,0.4601493031005859,0.4597776532173157,0.46270692,0.0029292667826843477,0.46417438983917236,0.46781167,0.0036372801608276495,0.22110645473003387,0.23167673,0.010570275269966123
nearest_neighbor_baseline,762,32123,51081,0.03739544912975431,0.9875484108924866,0.9812449,0.006303510892486597,5.000335216522217,5.1715565,0.17122128347778354,0.2360440194606781,0.23413822,0.0019057994606780926,0.24631714820861816,0.24592929,0.0003878582086181692,0.36983397603034973,0.36784026,0.001993716030349757
nearest_neighbor_baseline,763,46898,26037,0.10915845240478125,0.8408321142196655,0.8288601,0.011972014219665539,6.254034996032715,6.4539657,0.19993070396728552,0.24192601442337036,0.2535195,0.011593485576629647,0.27099499106407166,0.2769209,0.00592590893592837,0.4402756094932556,0.4444916,0.0042159905067443715
nearest_neighbor_baseline,764,22971,11365,0.12205197216318393,0.06347068399190903,0.030538395,0.03293228899190903,27.83617401123047,27.569656,0.26651801123047036,0.2417680025100708,0.24240702,0.0006390174899292,0.2806895077228546,0.281182,0.0004924922771453732,0.4381761848926544,0.43246186,0.005714324892654443
nearest_neighbor_baseline,765,112596,82679,0.1243600650328089,0.12598267197608948,0.11710492,0.008877751976089476,24.5576229095459,23.78434,0.7732829095458982,0.26546287536621094,0.2717382,0.006275324633789048,0.29854580760002136,0.29609716,0.0024486476000213364,0.3887059688568115,0.3858561,0.0028498688568115438
nearest_neighbor_baseline,766,102892,88199,0.17719272930355928,0.6935936212539673,0.6824019,0.01119172125396728,22.578947067260742,21.66604,0.9129070672607433,0.509956955909729,0.4960711,0.013885855909729017,0.5170943737030029,0.5092071,0.007887273703002906,0.32852891087532043,0.32594162,0.002587290875320447
nearest_neighbor_baseline,767,129342,121126,0.11619749483156501,0.0426500178873539,0.058273792,0.0156237741126461,25.795074462890625,25.544632,0.250442462890625,0.23068901896476746,0.2265509,0.0041381189647674566,0.23353490233421326,0.22845492,0.005079982334213251,0.17033527791500092,0.15778206,0.012553217915000914
nearest_neighbor_baseline,768,97793,83152,0.03652499990105717,0.600730836391449,0.60164493,0.0009140936085509921,17.903398513793945,18.015358,0.11195948620605378,0.2953602969646454,0.29304653,0.0023137669646453585,0.299100399017334,0.29804865,0.0010517490173339583,0.22821730375289917,0.22421816,0.00399914375289917
nearest_neighbor_baseline,769,39591,87776,0.07165524312374699,0.8763757944107056,0.88633156,0.009955765589294452,6.5922722816467285,6.357116,0.23515628164672808,0.24055978655815125,0.24697702,0.0064172334418487464,0.2588796615600586,0.26263988,0.0037602184399413985,0.41519472002983093,0.41662005,0.001425329970169087
nearest_neighbor_baseline,770,117298,124912,0.12093365241207649,0.622829258441925,0.6133823,0.009446958441925002,21.580373764038086,21.855005,0.2746312359619125,0.35299912095069885,0.34501153,0.007987590950698842,0.36778494715690613,0.3616968,0.006088147156906143,0.32402727007865906,0.31182456,0.012202710078659085
nearest_neighbor_baseline,771,117812,58102,0.10246170470495704,0.35001498460769653,0.3678344,0.017819415392303473,26.464555740356445,26.228338,0.2362177403564445,0.20515146851539612,0.20010921,0.005042258515396109,0.2189764827489853,0.20996815,0.009008332748985298,0.38711681962013245,0.38456494,0.0025518796201324245
nearest_neighbor_baseline,772,103496,32981,0.10977660476644316,0.777590811252594,0.78991586,0.012325048747406031,22.30519676208496,21.76208,0.54311676208496,0.41267532110214233,0.41703415,0.004358828897857658,0.4151785969734192,0.42052573,0.005347133026580797,0.19876530766487122,0.2053714,0.006606092335128794
nearest_neighbor_baseline,773,119873,29713,0.09898811259318618,0.5054760575294495,0.52076787,0.015291812470550559,24.570785522460938,24.395554,0.17523152246093687,0.3429267406463623,0.34825858,0.00533183935363768,0.3792203366756439,0.3773273,0.0018930366756439443,0.4562566578388214,0.46659917,0.010342512161178596
nearest_neighbor_baseline,774,34710,106661,0.12037221008982445,0.22696486115455627,0.20612553,0.020839331154556273,24.489261627197266,24.561184,0.07192237280273517,0.34538981318473816,0.34922385,0.003834036815261843,0.35976746678352356,0.3544411,0.005326366783523551,0.2897811830043793,0.27720395,0.012577233004379296
nearest_neighbor_baseline,775,87102,135697,0.05750605410383774,0.7490672469139099,0.7558086,0.0067413530860901405,20.969974517822266,21.024445,0.054470482177734425,0.19040480256080627,0.19105119,0.0006463874391937352,0.20331218838691711,0.20548974,0.00217755161308289,0.4103713631629944,0.40307555,0.00729581316299438
nearest_neighbor_baseline,776,39745,137959,0.05527961935904375,0.9700030088424683,0.9797903,0.009787291157531741,8.895551681518555,9.041464,0.1459123184814448,0.25457850098609924,0.25412706,0.00045144098609922745,0.27052560448646545,0.27075157,0.00022596551353454286,0.4419451355934143,0.44774666,0.005801524406585712
nearest_neighbor_baseline,777,112312,135622,0.13570504866578437,0.596576988697052,0.6189152,0.022338211302947997,21.818944931030273,21.972467,0.1535220689697283,0.42899423837661743,0.44038516,0.011390921623382566,0.44758298993110657,0.45807207,0.01048908006889343,0.3952661454677582,0.39580497,0.0005388245322417995
nearest_neighbor_baseline,778,8528,66958,0.07847074333014999,0.9531556367874146,0.947948,0.005207636787414538,3.648951292037964,3.591769,0.057182292037963656,0.29796695709228516,0.29131505,0.0066519070922851364,0.3040718138217926,0.29871163,0.005360183821792597,0.23060862720012665,0.22402523,0.006583397200126656
nearest_neighbor_baseline,779,139865,118116,0.07302794501060891,0.15426185727119446,0.15414824,0.00011361727119446607,22.76732635498047,22.994436,0.22710964501953157,0.2966774106025696,0.29066956,0.006007850602569587,0.3083686828613281,0.30404016,0.004328522861328121,0.29088401794433594,0.29651284,0.005628822055664062
nearest_neighbor_baseline,780,9519,11271,0.14085808557202406,0.6244197487831116,0.6398945,0.01547475121688846,22.881635665893555,22.05278,0.8288556658935562,0.8446927070617676,0.8401244,0.004568307061767585,0.8461335897445679,0.84324545,0.002888139744567919,0.1457216590642929,0.13910647,0.006615189064292898
nearest_neighbor_baseline,781,117984,74620,0.12095588921198717,0.8362432718276978,0.8524211,0.01617782817230229,20.66748046875,20.508192,0.1592884687499989,0.5203206539154053,0.51523894,0.005081713915405239,0.5234883427619934,0.5205988,0.00288954276199338,0.2182108610868454,0.23249274,0.014281878913154605
nearest_neighbor_baseline,782,43991,102777,0.06188978521989129,0.5473217964172363,0.55218023,0.0048584335827637215,23.817115783691406,24.239046,0.42193021630859207,0.3380652368068695,0.3381311,6.586319313051092e-05,0.34433406591415405,0.3438967,0.0004373659141540531,0.2411354035139084,0.24177964,0.0006442364860916039
nearest_neighbor_baseline,783,50769,135854,0.10828433960077165,0.09383087605237961,0.109907046,0.016076169947620386,27.35654640197754,27.197996,0.15855040197753922,0.25237730145454407,0.2489474,0.0034299014545440543,0.2564470171928406,0.25129956,0.005147457192840599,0.23249897360801697,0.22078718,0.011711793608016968
nearest_neighbor_baseline,784,131704,51424,0.08457334956620709,0.980670154094696,0.98097515,0.000304995905303973,3.7061071395874023,3.5607574,0.14534973958740238,0.30079856514930725,0.30584252,0.005043954850692756,0.3257811963558197,0.33464316,0.008861963644180293,0.4084694981575012,0.4137086,0.005239101842498761
nearest_neighbor_baseline,785,13949,21302,0.0433795237561467,0.8630942106246948,0.8632484,0.0001541893753052026,16.11430549621582,16.21423,0.09992450378418027,0.23270827531814575,0.2375223,0.00481402468185424,0.24766914546489716,0.2494248,0.0017556545351028463,0.34957465529441833,0.3468818,0.002692855294418317
nearest_neighbor_baseline,786,25115,16550,0.0716329329723682,0.8042747378349304,0.8162877,0.01201296216506953,18.422489166259766,18.553108,0.13061883374023608,0.2658591568470001,0.26423275,0.0016264068470001058,0.2738696038722992,0.27976727,0.005897666127700818,0.3740653991699219,0.36892626,0.005139139169921869
nearest_neighbor_baseline,787,9668,87533,0.025639314256807936,0.831234872341156,0.8281579,0.0030769723411560035,13.442119598388672,13.349785,0.0923345983886712,0.23872004449367523,0.23719877,0.0015212744936752287,0.24476781487464905,0.24403088,0.0007369348746490423,0.28413140773773193,0.28638783,0.0022564222622680763
nearest_neighbor_baseline,788,118781,25492,0.10827655945789703,0.47742605209350586,0.46817136,0.009254692093505879,25.88692855834961,26.198893,0.3119644416503924,0.7757247686386108,0.7820694,0.006344631361389186,0.7777019143104553,0.7839202,0.006218285689544634,0.16521383821964264,0.1551131,0.010100738219642635
nearest_neighbor_baseline,789,138363,47317,0.05999911557974353,0.19369500875473022,0.20286459,0.009169581245269787,25.044315338134766,24.783894,0.26042133813476553,0.2531915009021759,0.25130647,0.0018850309021758993,0.2580006718635559,0.25439805,0.0036026218635559215,0.2318527102470398,0.22871582,0.0031368902470398086
nearest_neighbor_baseline,790,51574,55608,0.08813331255460403,0.8322026133537292,0.8458292,0.0136265866462707,10.483161926269531,10.793976,0.31081407373046943,0.23867864906787872,0.2341862,0.004492449067878712,0.25837966799736023,0.26530603,0.0069263620026397965,0.4787106215953827,0.4764667,0.0022439215953826697
nearest_neighbor_baseline,791,98863,76942,0.08669648165969875,0.609235942363739,0.59946287,0.009773072363739033,18.79291534423828,18.974316,0.1814006557617205,0.346026748418808,0.33837765,0.007649098418808009,0.3511683940887451,0.3460698,0.005098594088745134,0.22258087992668152,0.216998,0.005582879926681522
nearest_neighbor_baseline,792,13655,27581,0.10750224086962619,0.9298628568649292,0.9373911,0.007528243135070833,16.55134391784668,16.300276,0.2510679178466795,0.28646790981292725,0.2874041,0.0009361901870727496,0.3252438008785248,0.32877862,0.003534819121475241,0.472986102104187,0.4868762,0.01389009789581297
nearest_neighbor_baseline,793,54571,80150,0.09510900241902086,0.8990313410758972,0.8987009,0.00033044107589719207,18.241140365600586,18.045307,0.19583336560058484,0.3497515618801117,0.34844077,0.0013107918801116836,0.36005887389183044,0.36515146,0.005092586108169539,0.38163629174232483,0.39374682,0.012110528257675168
nearest_neighbor_baseline,794,42628,119723,0.07106969075801384,0.2427758276462555,0.2328298,0.00994602764625549,30.461261749267578,30.245413,0.2158487492675789,0.7187909483909607,0.72353137,0.004740421609039314,0.719289243221283,0.7243967,0.0051074567787170455,0.09556590765714645,0.09887269,0.0033067823428535453
nearest_neighbor_baseline,795,103339,91973,0.12973451926459015,0.1790682077407837,0.16896933,0.01009887774078369,29.446908950805664,29.494652,0.047743049194334475,0.8069953322410583,0.79489785,0.012097482241058333,0.8077081441879272,0.79545385,0.012254294187927228,0.08627130091190338,0.08396156,0.002309740911903377
nearest_neighbor_baseline,796,12017,138181,0.12440136192767516,0.917807936668396,0.9247539,0.0069459633316040215,14.101348876953125,13.45453,0.6468188769531249,0.17636416852474213,0.17261249,0.003751678524742119,0.18877895176410675,0.18057151,0.00820744176410676,0.3855907917022705,0.39268345,0.007092658297729482
nearest_neighbor_baseline,797,81184,79222,0.03321854418546303,0.8927033543586731,0.8935061,0.0008027456413268741,11.342085838317871,11.393676,0.051590161682128155,0.2609736919403076,0.25939396,0.0015797319403076382,0.275942325592041,0.27400625,0.0019360755920410089,0.3493559658527374,0.3454277,0.003928265852737423
nearest_neighbor_baseline,798,33584,62380,0.08221058948747786,0.9015204906463623,0.8867507,0.014769790646362302,14.311578750610352,14.301664,0.009914750610350964,0.30554670095443726,0.30862877,0.003082069045562741,0.31165289878845215,0.3150049,0.003352001211547828,0.28715434670448303,0.27876002,0.008394326704483035
nearest_neighbor_baseline,799,98409,118323,0.08694851042200866,0.5650171041488647,0.5463082,0.018708904148864725,22.26368522644043,22.130613,0.13307222644042938,0.26040753722190857,0.26028532,0.00012221722190858264,0.2839805483818054,0.2919428,0.007962251618194582,0.5214791893959045,0.5216134,0.00013421060409546381
nearest_neighbor_baseline,800,19140,21950,0.08529803517098074,0.7806539535522461,0.7600074,0.020646553552246094,21.797706604003906,21.52298,0.2747266040039058,0.3442198634147644,0.3435528,0.0006670634147644128,0.3736788034439087,0.36944008,0.004238723443908687,0.4382841885089874,0.43983027,0.0015460814910125964
nearest_neighbor_baseline,801,36901,122325,0.18017147724248556,0.7099431753158569,0.7560368,0.04609362468414302,21.1807804107666,21.14094,0.03984041076660105,0.20561327040195465,0.20551921,9.406040195464316e-05,0.2564470171928406,0.2449898,0.011457217192840569,0.6890668869018555,0.6957994,0.006732513098144488
nearest_neighbor_baseline,802,69549,131321,0.2284725985342581,0.06603570282459259,0.043909617,0.022126085824592592,27.53934669494629,26.439438,1.09990869494629,0.7276476621627808,0.7142151,0.01343256216278077,0.7317680716514587,0.7172091,0.014558971651458696,0.18692684173583984,0.19399683,0.007069988264160165
nearest_neighbor_baseline,803,50737,6648,0.06660708017014626,0.7710744738578796,0.7745928,0.0035183261421203316,18.373069763183594,18.071827,0.3012427631835948,0.28408142924308777,0.28031263,0.0037687992430877615,0.2912363111972809,0.28804195,0.0031943611972808927,0.2931979298591614,0.28805438,0.005143549859161378
nearest_neighbor_baseline,804,45792,114982,0.09480863321334755,0.341887891292572,0.34329212,0.001404228707427957,23.842063903808594,23.436014,0.4060499038085936,0.2276836782693863,0.22104931,0.006634368269386293,0.23674997687339783,0.24408455,0.007334573126602184,0.377447247505188,0.38102192,0.0035746724948120256
nearest_neighbor_baseline,805,94805,30756,0.0636701540952665,0.829878032207489,0.84442824,0.014550207792511038,14.26148796081543,13.998455,0.2630329608154298,0.2709101140499115,0.2684468,0.0024633140499115136,0.28890374302864075,0.28938195,0.00047820697135925183,0.38521280884742737,0.38597345,0.0007606411525726275
nearest_neighbor_baseline,806,107666,82784,0.07282626377819221,0.9866217374801636,0.9756968,0.010924937480163543,4.120014190673828,4.10861,0.011404190673828474,0.2406528741121292,0.23732993,0.003322944112129217,0.27442610263824463,0.26804554,0.006380562638244602,0.4453597366809845,0.44013456,0.005225176680984489
nearest_neighbor_baseline,807,25569,15630,0.06140559748063407,0.1268744021654129,0.12962247,0.002748067834587087,23.22113037109375,23.602514,0.38138362890624933,0.22209258377552032,0.21902262,0.0030699637755203235,0.23347057402133942,0.2332851,0.00018547402133942126,0.4129942059516907,0.41558295,0.0025887440483093327
nearest_neighbor_baseline,808,69523,60221,0.07252802688509473,0.326647013425827,0.3101753,0.01647171342582704,23.372955322265625,23.487408,0.11445267773437351,0.25861337780952454,0.2575705,0.0010428778095245561,0.2633264660835266,0.26371363,0.00038716391647336534,0.24710039794445038,0.24062292,0.006477477944450388
nearest_neighbor_baseline,809,22608,7353,0.09095413043372537,0.8908619284629822,0.87900984,0.011852088462982135,8.923932075500488,9.316039,0.3921069244995117,0.3233001232147217,0.31491244,0.008387683214721664,0.3319104015827179,0.3329897,0.001079298417282104,0.2985386550426483,0.29915458,0.0006159249573516878
nearest_neighbor_baseline,810,85613,113489,0.07178621946533371,0.05407778173685074,0.064878836,0.010801054263149257,31.3853816986084,31.469406,0.08402430139160089,0.7533854842185974,0.75907326,0.00568777578140256,0.7545489072799683,0.7605523,0.006003392720031697,0.12180767953395844,0.11988958,0.0019180995339584395
nearest_neighbor_baseline,811,87981,73804,0.0687971903775003,0.8875249624252319,0.8943548,0.006829837574768072,14.020160675048828,13.768606,0.251554675048828,0.2004169225692749,0.20110166,0.0006847374307250853,0.21079933643341064,0.20826755,0.002531786433410649,0.34585657715797424,0.33838266,0.007473917157974241
nearest_neighbor_baseline,812,24963,33344,0.1747108698129356,0.3091294765472412,0.26506937,0.044060106547241185,22.58946418762207,22.355143,0.23432118762206855,0.40806302428245544,0.41623527,0.008172245717544546,0.412829726934433,0.42139706,0.008567333065567007,0.22473150491714478,0.22063069,0.004100814917144785
nearest_neighbor_baseline,813,97900,133956,0.07934520103426994,0.7359265685081482,0.72885317,0.007073398508148143,22.79021644592285,22.412672,0.37754444592285097,0.4093756675720215,0.40898433,0.00039133757202147734,0.4127007722854614,0.41206267,0.000638102285461406,0.24394114315509796,0.23607117,0.007869973155097965
nearest_neighbor_baseline,814,117651,81630,0.06748407802968581,0.94234299659729,0.9248006,0.017542396597290066,11.754178047180176,11.521874,0.2323040471801754,0.2915078401565552,0.29261085,0.0011030098434448021,0.29530420899391174,0.29581004,0.0005058310060882532,0.20711281895637512,0.20646437,0.0006484489563751139
nearest_neighbor_baseline,815,105978,71048,0.22377883187809375,0.9577985405921936,0.96879435,0.010995809407806423,7.367147922515869,6.4071527,0.959995222515869,0.5423576831817627,0.54232293,3.475318176271447e-05,0.5753196477890015,0.56144506,0.013874587789001414,0.4216868281364441,0.40083265,0.02085417813644408
nearest_neighbor_baseline,816,108480,17518,0.0875678347359898,0.918086588382721,0.9064004,0.011686188382720952,6.7690019607543945,6.6817904,0.08721156075439485,0.3163081109523773,0.32303593,0.006727819047622707,0.33876094222068787,0.3412825,0.0025215577793121224,0.33983880281448364,0.34834883,0.008510027185516356
nearest_neighbor_baseline,817,2985,51115,0.0671323981586887,0.749299168586731,0.7450477,0.004251468586730978,18.284082412719727,18.427143,0.14306058728027438,0.2338436394929886,0.23142125,0.0024223894929885914,0.24542345106601715,0.24416064,0.0012628110660171388,0.3784365653991699,0.3697407,0.008695865399169944
nearest_neighbor_baseline,818,5034,27943,0.0599835080552977,0.294544517993927,0.2996049,0.005060382006073005,27.22996711730957,27.161652,0.06831511730957018,0.7277539968490601,0.73299915,0.005245153150939985,0.7310008406639099,0.7363239,0.005323059336090119,0.19736137986183167,0.19998428,0.0026229001381683215
nearest_neighbor_baseline,819,1950,137449,0.04849853431121356,0.527742326259613,0.5337102,0.005967873740386986,21.05135154724121,21.072554,0.021202452758789292,0.22280585765838623,0.22283942,3.35623416137798e-05,0.23228992521762848,0.23162706,0.0006628652176284833,0.3554377853870392,0.3489993,0.006438485387039172
nearest_neighbor_baseline,820,139307,6099,0.0464843667707518,0.8508025407791138,0.84841263,0.0023899107791137686,13.695893287658691,13.781755,0.08586171234130902,0.3352157771587372,0.3362932,0.0010774228412628317,0.3406561613082886,0.3413659,0.0007097386917114257,0.25574252009391785,0.24940942,0.006333100093917854
nearest_neighbor_baseline,821,117909,19990,0.13295632658950374,0.9112383723258972,0.919111,0.007872627674102795,13.578485488891602,13.938296,0.3598105111083978,0.19670253992080688,0.19545211,0.0012504299208068725,0.23618824779987335,0.2457786,0.009590352200126662,0.6029178500175476,0.6171891,0.014271249982452439
nearest_neighbor_baseline,822,82603,11302,0.09588242339610657,0.6258968114852905,0.60842764,0.01746917148529048,19.755115509033203,19.9278,0.17268449096679817,0.4257963299751282,0.4346861,0.008889770024871846,0.4479736387729645,0.4449064,0.003067238772964498,0.31404033303260803,0.31795454,0.0039142069673919755
nearest_neighbor_baseline,823,18814,50019,0.23043039931055995,0.12478204071521759,0.06856524,0.05621680071521759,20.521827697753906,20.088528,0.4332996977539061,0.2974850535392761,0.28423795,0.013247103539276106,0.3490358591079712,0.3512373,0.002201440892028783,0.6235672831535339,0.6128073,0.01075998315353388
nearest_neighbor_baseline,824,73442,87533,0.055961229414914576,0.831234872341156,0.82145,0.009784872341155992,13.442119598388672,13.168421,0.2736985983886715,0.23872004449367523,0.23924363,0.0005235855063247807,0.24476781487464905,0.24505822,0.0002904051253509454,0.28413140773773193,0.28763178,0.00350037226226807
nearest_neighbor_baseline,825,115953,117347,0.10374442143093232,0.7038322687149048,0.72168005,0.017847781285095232,22.97245216369629,23.357052,0.3845998363037104,0.4925678074359894,0.4865143,0.006053507435989369,0.4991629719734192,0.4933935,0.005769471973419205,0.28606274724006653,0.28989962,0.003836872759933496
nearest_neighbor_baseline,826,86856,83371,0.07356332716150167,0.8734726309776306,0.8763121,0.002839469022369423,17.39092254638672,17.15946,0.23146254638671948,0.2897118330001831,0.2852684,0.004443433000183128,0.2966359257698059,0.300304,0.003668074230194107,0.31466352939605713,0.3220501,0.007386570603942877
nearest_neighbor_baseline,827,48519,63501,0.13588612053892501,0.6684417128562927,0.6343188,0.034122912856292764,13.468184471130371,13.472824,0.004639528869628151,0.35418054461479187,0.3594784,0.005297855385208106,0.3631577491760254,0.37016496,0.007007210823974597,0.27316516637802124,0.27907407,0.005908903621978767
nearest_neighbor_baseline,828,51313,52429,0.08723386261214909,0.7358371019363403,0.74386096,0.008023858063659683,19.007802963256836,19.002542,0.00526096325683767,0.38725200295448303,0.38118413,0.006067872954483022,0.39541468024253845,0.3949169,0.000497780242538437,0.3159620463848114,0.32633984,0.01037779361518859
nearest_neighbor_baseline,829,108208,66141,0.07487421385292028,0.10706716775894165,0.116037734,0.008970566241058353,27.50916290283203,27.270483,0.23867990283203255,0.2866012752056122,0.28377485,0.0028264252056121597,0.3124191462993622,0.31920922,0.006790073700637833,0.36488449573516846,0.36089602,0.003988475735168473
nearest_neighbor_baseline,830,12744,46868,0.08288513803149139,0.43736931681632996,0.45608962,0.018720303183670017,25.847415924072266,26.069906,0.22249007592773395,0.31407833099365234,0.31231514,0.0017631909936523527,0.31988149881362915,0.32281986,0.0029383611863708636,0.2856717109680176,0.29118606,0.005514349031982446
nearest_neighbor_baseline,831,100377,35487,0.09346163964824541,0.8765224814414978,0.870743,0.005779481441497758,12.370865821838379,11.789667,0.5811988218383792,0.24261879920959473,0.24569067,0.0030718707904052733,0.2519046366214752,0.2562788,0.0043741633785247536,0.3038909435272217,0.30571386,0.0018229164727783242
nearest_neighbor_baseline,832,59088,105419,0.08401216010380907,0.29533851146698,0.2752073,0.020131211466979992,20.556535720825195,20.45429,0.10224572082519501,0.3538968861103058,0.35408905,0.00019216388969423015,0.3584931194782257,0.35837314,0.00011997947822572907,0.24036705493927002,0.23320015,0.007166904939270025
nearest_neighbor_baseline,833,133311,106992,0.07459944287668202,0.7382829785346985,0.74618495,0.007901971465301472,20.221006393432617,20.360664,0.13965760656738269,0.3530946373939514,0.34408638,0.009008257393951391,0.36943545937538147,0.36722383,0.0022116293753814964,0.2915351688861847,0.29013935,0.0013958188861846743
nearest_neighbor_baseline,834,112773,1444,0.16807471366120957,0.8367878198623657,0.85356927,0.016781450137634324,8.066383361816406,7.755493,0.31089036181640584,0.3462131917476654,0.33613673,0.01007646174766541,0.3654814064502716,0.35637242,0.009108986450271583,0.3802854120731354,0.39742056,0.017135147926864602
nearest_neighbor_baseline,835,93535,107243,0.04857080680640759,0.9513094425201416,0.95762324,0.006313797479858385,8.115996360778809,8.153419,0.037422639221190934,0.27048563957214355,0.26627958,0.004206059572143539,0.28272101283073425,0.27977383,0.002947182830734252,0.33541813492774963,0.33879477,0.003376635072250389
nearest_neighbor_baseline,836,132823,34808,0.07861465735934459,0.7552051544189453,0.75669754,0.0014923855810546893,21.01136016845703,21.335297,0.3239368315429694,0.29685720801353455,0.30074644,0.003889231986465458,0.31191661953926086,0.30775917,0.004157449539260838,0.34599149227142334,0.33883518,0.007156312271423326
nearest_neighbor_baseline,837,17221,54882,0.11989189582374632,0.04172488674521446,0.023099452,0.018625434745214463,25.293773651123047,24.851406,0.4423676511230461,0.23468703031539917,0.22580238,0.008884650315399173,0.25218701362609863,0.25124463,0.0009423836260986085,0.47706252336502075,0.48452547,0.007462946634979262
nearest_neighbor_baseline,838,96556,27033,0.07698212734457992,0.25383633375167847,0.24263473,0.011201603751678474,29.535531997680664,29.519373,0.016158997680662424,0.379367470741272,0.3755339,0.0038335707412719966,0.3882967531681061,0.38105866,0.007238093168106086,0.25031426548957825,0.24563609,0.004678175489578246
nearest_neighbor_baseline,839,112066,84122,0.10346783917604493,0.22849725186824799,0.2578966,0.02939934813175199,29.598474502563477,29.48286,0.11561450256347783,0.4594229757785797,0.46107107,0.0016480942214203154,0.4702456593513489,0.4671623,0.003083359351348902,0.2972662150859833,0.29477265,0.0024935650859832514
nearest_neighbor_baseline,840,94153,9375,0.06555592236037784,0.8587599396705627,0.85459596,0.004163979670562701,12.832588195800781,12.818325,0.014263195800781503,0.24650482833385468,0.24743383,0.0009290016661453182,0.260172963142395,0.25743693,0.0027360331423950113,0.3544366657733917,0.3455627,0.008873965773391723
nearest_neighbor_baseline,841,75512,138215,0.07450096139103889,0.944869875907898,0.9403198,0.00455007590789791,11.212124824523926,11.392002,0.17987717547607396,0.20521405339241028,0.20249899,0.0027150633924102885,0.2140713781118393,0.22068693,0.006615551888160709,0.380197674036026,0.38673308,0.006535405963974006
nearest_neighbor_baseline,842,76472,102877,0.052773372006330345,0.42241784930229187,0.42115393,0.0012639193022918604,23.82297134399414,24.108818,0.2858466560058588,0.26297175884246826,0.26678827,0.0038165111575317323,0.26701104640960693,0.26968887,0.0026778235903930914,0.19083163142204285,0.19147865,0.0006470185779571536
nearest_neighbor_baseline,843,68485,130693,0.07620914930157853,0.10381296277046204,0.08487059,0.01894237277046204,26.559602737426758,26.376263,0.18333973742675624,0.22995516657829285,0.23114471,0.0011895434217071565,0.24253369867801666,0.24115999,0.0013737086780166718,0.3806874752044678,0.3760051,0.004682375204467792
nearest_neighbor_baseline,844,105476,121085,0.06277594293100622,0.9050507545471191,0.9100607,0.005009945452880804,10.64527416229248,10.393353,0.25192116229248107,0.29087507724761963,0.286794,0.0040810772476196355,0.3053358793258667,0.30920726,0.0038713806741332846,0.39983394742012024,0.3957936,0.004040347420120216
nearest_neighbor_baseline,845,9679,136805,0.07511078251114141,0.9713019132614136,0.97957665,0.008274736738586475,11.398850440979004,11.570315,0.1714645590209969,0.24309545755386353,0.23809479,0.005000667553863525,0.2506205439567566,0.24375604,0.006864503956756585,0.3166424334049225,0.32002947,0.003387036595077497
nearest_neighbor_baseline,846,67264,82008,0.06221785616377978,0.8503283262252808,0.8340922,0.01623612622528081,14.033027648925781,14.111992,0.07896435107421951,0.24662335216999054,0.24512175,0.0015016021699905402,0.25180625915527344,0.25166106,0.0001451991552734455,0.23258666694164276,0.23655048,0.003963813058357246
nearest_neighbor_baseline,847,763,131452,0.0748401293138114,0.8791877627372742,0.8719783,0.007209462737274186,16.937496185302734,16.817831,0.11966518530273262,0.40875932574272156,0.40870753,5.179574272157206e-05,0.41168344020843506,0.41162083,6.261020843506548e-05,0.18935076892375946,0.17925122,0.010099548923759472
nearest_neighbor_baseline,848,98085,16048,0.09694486360183036,0.9731099605560303,0.9689312,0.004178760556030281,6.7292985916137695,6.4305224,0.29877619161376945,0.22255323827266693,0.21282059,0.009732648272666927,0.24119921028614044,0.24809673,0.006897519713859546,0.4228001534938812,0.4241049,0.0013047465061187813
nearest_neighbor_baseline,849,24340,44198,0.11577401533931281,0.5002042055130005,0.49768242,0.002521785513000474,22.208070755004883,21.569908,0.6381627550048812,0.3569636642932892,0.3615298,0.004566135706710828,0.3591132164001465,0.36397612,0.00486290359985353,0.1819354146718979,0.18985586,0.0079204453281021
nearest_neighbor_baseline,850,25487,61665,0.17955616636976265,0.00785269495099783,0.047785092,0.03993239704900217,20.44906997680664,20.421333,0.02773697680664,0.23155562579631805,0.2386911,0.007135474203681935,0.23518036305904388,0.24166697,0.0064866069409561244,0.1956184357404709,0.18106031,0.014558125740470884
nearest_neighbor_baseline,851,38153,128637,0.07300238653258002,0.549460768699646,0.5376436,0.011817168699645997,21.892539978027344,22.182491,0.2899510219726551,0.3146982491016388,0.31847245,0.003774200898361224,0.3294121325016022,0.32773072,0.0016814125016021975,0.318075954914093,0.32324842,0.005172465085906963
nearest_neighbor_baseline,852,84489,39290,0.09422895217897315,0.8613232970237732,0.8715715,0.010248202976226861,19.059724807739258,19.498686,0.4389611922607415,0.275858610868454,0.2766986,0.0008399891315460373,0.2805262804031372,0.27976802,0.0007582604031372009,0.21820427477359772,0.20913611,0.009068164773597731
nearest_neighbor_baseline,853,103868,971,0.13508772890781423,0.641038715839386,0.65079284,0.009754124160614053,17.424373626708984,16.507944,0.916429626708986,0.3209550380706787,0.32262996,0.0016749219293212825,0.3240082561969757,0.32648203,0.0024737738030242706,0.21310743689537048,0.21391085,0.0008034131046295301
nearest_neighbor_baseline,854,115659,92255,0.15489602008853876,0.8748127222061157,0.8876563,0.012843577793884231,10.591761589050293,10.761479,0.1697174109497066,0.3059830963611603,0.28764525,0.01833784636116026,0.34504181146621704,0.34105346,0.003988351466217066,0.47840824723243713,0.48721147,0.008803222767562846
nearest_neighbor_baseline,855,106438,103611,0.11879458591587065,0.9581128358840942,0.9745138,0.016400964115905747,11.750530242919922,11.792207,0.041676757080077564,0.19263695180416107,0.1928191,0.0001821481958389215,0.24008235335350037,0.23915985,0.0009225033535003591,0.843637228012085,0.859066,0.015428771987915035
nearest_neighbor_baseline,856,80368,14358,0.052684711142283826,0.870270848274231,0.8733641,0.0030932517257690195,16.494874954223633,16.79779,0.3029150457763663,0.35761040449142456,0.35745344,0.00015696449142454938,0.36160457134246826,0.3625271,0.0009225286575317293,0.23247623443603516,0.236621,0.004144765563964842
nearest_neighbor_baseline,857,109773,96119,0.1175664591081538,0.7754867076873779,0.78526163,0.009774922312622114,22.00159454345703,21.334183,0.6674115434570318,0.26398617029190063,0.25739732,0.00658885029190065,0.29555317759513855,0.29212683,0.003426347595138546,0.4208814799785614,0.4256872,0.0048057200214385865
nearest_neighbor_baseline,858,91162,136911,0.06813414972407315,0.15151941776275635,0.16059752,0.009078102237243646,27.904111862182617,27.687346,0.21676586218261562,0.25752168893814087,0.26097617,0.003454481061859138,0.2615240216255188,0.26410007,0.0025760483744812213,0.21015070378780365,0.20385943,0.006291273787803642
nearest_neighbor_baseline,859,72703,87391,0.08778344463749076,0.5455670952796936,0.5559053,0.010338204720306443,23.49123764038086,23.325321,0.16591664038086051,0.23581790924072266,0.23602277,0.0002048607592773366,0.2427317500114441,0.24346922,0.0007374699885558944,0.25270962715148926,0.26402178,0.011312152848510726
nearest_neighbor_baseline,860,65042,98871,0.09993637211755994,0.5415432453155518,0.5321997,0.009343545315551705,20.98668670654297,21.54472,0.5580332934570329,0.21638734638690948,0.2217561,0.005368753613090527,0.23963868618011475,0.24355926,0.0039205738198852536,0.5476293563842773,0.5441949,0.003434456384277307
nearest_neighbor_baseline,861,26042,90669,0.0970484736690536,0.6571416854858398,0.63611805,0.021023635485839853,15.907649040222168,16.0313,0.12365095977783369,0.32780641317367554,0.33280832,0.005001906826324454,0.331319659948349,0.33821538,0.006895720051651011,0.24991154670715332,0.24677224,0.0031393067071533165
nearest_neighbor_baseline,862,1760,100017,0.05071297962587278,0.9775397777557373,0.96783715,0.00970262775573727,5.098344326019287,5.3407044,0.2423600739807128,0.3432139456272125,0.34122813,0.001985815627212506,0.34968727827072144,0.35134906,0.0016617817292785553,0.26881521940231323,0.26815268,0.0006625394023132558
nearest_neighbor_baseline,863,53442,139120,0.08116016590994815,0.7543960809707642,0.745625,0.008771080970764178,12.291007995605469,12.435984,0.14497600439453073,0.26697078347206116,0.27666467,0.009693886527938844,0.2882426381111145,0.28635707,0.0018855681111145106,0.37637561559677124,0.37367424,0.0027013755967712494
nearest_neighbor_baseline,864,40212,48852,0.08050613750001501,0.5554279088973999,0.577371,0.021943091102600065,24.06884002685547,23.826012,0.2428280268554701,0.49059006571769714,0.49060604,1.597428230287745e-05,0.4925990700721741,0.4929011,0.00030202992782590865,0.18192873895168304,0.1822986,0.00036986104831696065
nearest_neighbor_baseline,865,53188,5814,0.14998472234107596,0.8979494571685791,0.89458567,0.003363787168579102,9.703685760498047,10.572203,0.8685172395019531,0.22618016600608826,0.2187717,0.0074084660060882435,0.2303154170513153,0.22154397,0.008771447051315301,0.18925896286964417,0.18599872,0.0032602428696441588
nearest_neighbor_baseline,866,53352,17626,0.2273639702750724,0.1324133723974228,0.09639364,0.03601973239742279,23.055997848510742,21.741287,1.3147108485107424,0.2889958620071411,0.29655087,0.007555007992858909,0.33832934498786926,0.33723298,0.0010963649878692472,0.4685029983520508,0.46968248,0.001179481647949232
nearest_neighbor_baseline,867,128051,27376,0.16168258138723138,0.5542482137680054,0.5189391,0.035309113768005385,21.111278533935547,21.543842,0.4325634660644546,0.2250611037015915,0.21915656,0.0059045437015914914,0.27056217193603516,0.27205864,0.001496468063964862,0.760493814945221,0.7483968,0.012097014945220974
nearest_neighbor_baseline,868,92641,67627,0.11871480420590126,0.6958687901496887,0.6977721,0.0019033098503112855,18.09019660949707,17.757969,0.3322276094970711,0.2943706214427948,0.28206044,0.012310181442794776,0.30253201723098755,0.309761,0.00722898276901246,0.3401806354522705,0.33477402,0.005406615452270502
nearest_neighbor_baseline,869,115293,73454,0.1130581580931828,0.062283966690301895,0.053153414,0.009130552690301892,31.465160369873047,31.729973,0.2648126301269542,0.7415218353271484,0.7333999,0.008121935327148444,0.7420982718467712,0.733961,0.008137271846771266,0.08618153631687164,0.07738414,0.008797396316871639
nearest_neighbor_baseline,870,103587,48836,0.11799764430560213,0.20251105725765228,0.23206744,0.02955638274234773,19.83089256286621,19.466583,0.36430956286621097,0.23892691731452942,0.23896624,3.932268547057749e-05,0.24840103089809418,0.2526363,0.004235269101905803,0.33957311511039734,0.34351712,0.00394400488960267
nearest_neighbor_baseline,871,2051,67723,0.043137920484252905,0.9080948233604431,0.90638757,0.001707253360443084,15.896620750427246,16.068407,0.17178624957275446,0.30695840716362,0.3106837,0.003725292836380012,0.3155578076839447,0.318732,0.003174192316055313,0.3389481008052826,0.33904532,9.72191947173906e-05
nearest_neighbor_baseline,872,24942,94814,0.06952795420390763,0.5240306258201599,0.5073852,0.01664542582015993,13.839165687561035,13.901996,0.06283031243896531,0.2407865822315216,0.2419418,0.001155217768478406,0.24634692072868347,0.24626032,8.660072868346691e-05,0.23986324667930603,0.23392703,0.005936216679306022
nearest_neighbor_baseline,873,134292,112252,0.09470493458839382,0.9951788783073425,0.99382055,0.0013583283073425045,3.7994766235351562,3.8106523,0.011175676464843853,0.2650465965270996,0.26952228,0.004475683472900394,0.282906711101532,0.29201302,0.00910630889846803,0.4969028830528259,0.48818466,0.008718223052825935
nearest_neighbor_baseline,874,76273,132831,0.07129780175318313,0.8488273620605469,0.85354733,0.0047199679394531735,18.7716121673584,19.06421,0.2925978326416008,0.4671620726585388,0.4626057,0.00455637265853881,0.4699662923812866,0.46555114,0.004415152381286647,0.1868501752614975,0.19158868,0.004738504738502514
nearest_neighbor_baseline,875,73112,117379,0.12222267324604197,0.6667479276657104,0.650819,0.015928927665710413,20.950674057006836,20.257727,0.6929470570068368,0.4938898980617523,0.4958973,0.002007401938247666,0.49901527166366577,0.50141823,0.0024029583363341933,0.2533071041107178,0.24661198,0.006695124110717765
nearest_neighbor_baseline,876,26521,32746,0.06956199509949247,0.6847517490386963,0.6937452,0.008993450961303662,22.38683319091797,22.419998,0.0331648090820309,0.2547775208950043,0.2567039,0.0019263791049957124,0.26139160990715027,0.26568314,0.004291530092849716,0.28221526741981506,0.27450764,0.007707627419815066
nearest_neighbor_baseline,877,115365,121233,0.0871868077548669,0.3321751058101654,0.342903,0.010727894189834608,26.59246826171875,26.628868,0.03639973828125065,0.39228567481040955,0.39753038,0.005244705189590471,0.39953291416168213,0.40638548,0.006852565838317892,0.2458895593881607,0.25310308,0.007213520611839275
nearest_neighbor_baseline,878,102324,82350,0.0683163238730272,0.26479512453079224,0.27372476,0.008929635469207775,23.663728713989258,24.000326,0.33659728601074335,0.19648241996765137,0.20137854,0.004896120032348628,0.2112632840871811,0.21115078,0.00011250408718108118,0.3878571093082428,0.39044908,0.002591970691757206
nearest_neighbor_baseline,879,77374,76252,0.13416718353942797,0.06855328381061554,0.061811052,0.006742231810615541,30.400562286376953,29.63626,0.7643022863769531,0.6692636609077454,0.6677872,0.0014764609077453361,0.6804253458976746,0.67281103,0.007614315897674584,0.24377846717834473,0.25139996,0.007621492821655251
nearest_neighbor_baseline,880,52668,88078,0.04654988904057028,0.6411027312278748,0.6515215,0.01041876877212522,21.234445571899414,21.068537,0.16590857189941488,0.32240089774131775,0.32093278,0.001468117741317776,0.32508060336112976,0.32567686,0.0005962566388702517,0.19928574562072754,0.2018101,0.002524354379272453
nearest_neighbor_baseline,881,19298,135030,0.0756927165884897,0.844402551651001,0.8444077,5.1483489990067355e-06,8.306784629821777,8.516929,0.21014437017822196,0.2463681548833847,0.24276932,0.003598834883384694,0.25943753123283386,0.26099914,0.001561608767166156,0.3592557907104492,0.34991148,0.009344310710449222
nearest_neighbor_baseline,882,62663,92128,0.06105642780100838,0.9139248132705688,0.9206972,0.006772386729431146,12.460701942443848,12.252737,0.2079649424438479,0.2953517436981201,0.29845813,0.003106386301879871,0.3010631501674652,0.30658802,0.005524869832534807,0.27939337491989136,0.27705142,0.0023419549198913647
nearest_neighbor_baseline,883,67472,93118,0.09842156464409159,0.42729514837265015,0.42081887,0.006476278372650135,25.953922271728516,26.239532,0.2856097282714849,0.23990388214588165,0.23760197,0.002301912145881657,0.24298207461833954,0.24084072,0.0021413546183395304,0.21248218417167664,0.20013571,0.012346474171676641
nearest_neighbor_baseline,884,52898,5133,0.10944926743789776,0.026324177160859108,0.017825283,0.008498894160859107,26.517560958862305,26.125927,0.3916339588623039,0.23349618911743164,0.22655857,0.006937619117431654,0.2403794825077057,0.2361176,0.004261882507705678,0.2831089496612549,0.2730388,0.010070149661254857
nearest_neighbor_baseline,885,84999,17451,0.07573665083526494,0.9424566626548767,0.9488196,0.006362937345123276,4.85255765914917,4.9630165,0.11045884085083024,0.24210712313652039,0.24212018,1.3056863479604663e-05,0.2541027367115021,0.24945453,0.0046482067115020675,0.2601502239704132,0.25098795,0.009162273970413193
nearest_neighbor_baseline,886,101521,84153,0.11907173339993794,0.3560062050819397,0.350924,0.005082205081939684,24.124229431152344,24.36004,0.23581056884765772,0.24535471200942993,0.23318832,0.012166392009429927,0.2713182270526886,0.28073177,0.009413542947311393,0.5971289873123169,0.5937065,0.0034224873123168686
nearest_neighbor_baseline,887,92906,103604,0.10839865596435656,0.1891634464263916,0.19161612,0.0024526735736083993,26.41750144958496,26.645922,0.22842055041503784,0.2129671573638916,0.21861313,0.005645972636108387,0.21896892786026,0.22262764,0.003658712139739978,0.2423332780599594,0.22896549,0.013367788059959418
nearest_neighbor_baseline,888,61784,17635,0.16005905662387745,0.7019428014755249,0.7331022,0.031159398524475135,15.577699661254883,15.036664,0.5410356612548828,0.4126212000846863,0.409893,0.002728200084686272,0.42364978790283203,0.41562188,0.008027907902832032,0.3031490743160248,0.29244965,0.010699424316024775
nearest_neighbor_baseline,889,54182,134151,0.027902712555435107,0.9617184996604919,0.9641086,0.002390100339508039,8.875385284423828,8.87326,0.0021252844238279778,0.24938316643238068,0.24907732,0.0003058464323806853,0.25980013608932495,0.26304534,0.003245203910675065,0.3378463387489319,0.33602992,0.0018164187489319028
nearest_neighbor_baseline,890,93721,38240,0.10886152303699075,0.46343424916267395,0.4862936,0.022859350837326042,18.34200668334961,18.252342,0.08966468334961064,0.340678334236145,0.33568993,0.004988404236144994,0.34295889735221863,0.33775452,0.005204377352218625,0.18538698554039001,0.17704211,0.008344875540390012
nearest_neighbor_baseline,891,136587,60574,0.08315938625136013,0.41205766797065735,0.42245373,0.010396062029342679,26.674320220947266,27.07853,0.40420977905273503,0.39628079533576965,0.3918988,0.004381995335769662,0.4006829857826233,0.39852232,0.0021606657826233056,0.2673812210559845,0.27256495,0.0051837289440154755
nearest_neighbor_baseline,892,44451,33409,0.1515360562149422,0.4713664650917053,0.48899835,0.017631884908294704,24.732946395874023,24.991411,0.25846460412597594,0.788800060749054,0.80181074,0.013010679250946011,0.7892882823944092,0.8022883,0.013000017605590775,0.07897169142961502,0.0826577,0.00368600857038498
nearest_neighbor_baseline,893,102203,75182,0.1291676250576972,0.6671008467674255,0.6609482,0.006152646767425551,21.120389938354492,21.936636,0.8162460616455078,0.2007380574941635,0.19643714,0.004300917494163503,0.23197196424007416,0.2357703,0.0037983357599258305,0.6494942307472229,0.6441909,0.00530333074722289
nearest_neighbor_baseline,894,50398,134260,0.15616313303358378,0.2802674174308777,0.2633009,0.01696651743087768,24.565885543823242,24.253426,0.31245954382324115,0.20659223198890686,0.19633445,0.010257781988906867,0.23364107310771942,0.23374833,0.00010725689228058277,0.645465612411499,0.6281728,0.017292812411499048
nearest_neighbor_baseline,895,89024,111664,0.07995683386473798,0.1577320098876953,0.1413921,0.01633990988769532,24.646875381469727,24.822742,0.17586661853027508,0.20724891126155853,0.21169795,0.004449038738441463,0.2313479781150818,0.23587182,0.004523841884918223,0.5506765246391296,0.5546853,0.004008775360870409
nearest_neighbor_baseline,896,130104,125170,0.06938389537476007,0.9332539439201355,0.9502686,0.01701465607986452,8.696250915527344,8.629272,0.06697891552734347,0.2114880084991455,0.2138359,0.0023478915008544876,0.2261773943901062,0.22741826,0.0012408656098938098,0.40692567825317383,0.41195667,0.005030991746826197
nearest_neighbor_baseline,897,2777,38001,0.10503832643400456,0.1272394359111786,0.12520073,0.002038705911178579,27.295642852783203,27.29738,0.0017371472167972968,0.31733378767967224,0.3038398,0.013493987679672248,0.3311426043510437,0.334308,0.003165395648956293,0.3428690731525421,0.34787557,0.005006496847457909
nearest_neighbor_baseline,898,41400,98936,0.04871327715331818,0.26138073205947876,0.26709038,0.005709647940521256,25.915203094482422,26.192656,0.2774529055175776,0.39679408073425293,0.39399448,0.0027996007342529494,0.4017215073108673,0.40058836,0.0011331473108673329,0.23392736911773682,0.23450056,0.0005731908822631804
nearest_neighbor_baseline,899,124523,109038,0.0500700099676598,0.3112281560897827,0.319169,0.007940843910217266,25.112409591674805,25.13501,0.022600408325196497,0.3757244944572449,0.3804939,0.004769405542755123,0.38741692900657654,0.38441417,0.0030027590065765386,0.27655869722366333,0.27467406,0.0018846372236633324
nearest_neighbor_baseline,900,52511,83503,0.10770768056114324,0.7490148544311523,0.7316212,0.017393654431152372,19.399477005004883,19.277857,0.1216200050048819,0.6994408369064331,0.6905189,0.008921936906433059,0.7004266977310181,0.6919804,0.008446297731018015,0.10213597118854523,0.1038763,0.0017403288114547777
nearest_neighbor_baseline,901,100861,47981,0.1585999031917273,0.6476881504058838,0.64228195,0.005406200405883799,14.410064697265625,14.925413,0.5153483027343757,0.26108813285827637,0.2727037,0.011615567141723626,0.27302202582359314,0.2867194,0.013697374176406873,0.4003896415233612,0.40805823,0.007668588476638816
nearest_neighbor_baseline,902,60811,26960,0.06142311661556737,0.9223581552505493,0.92528313,0.0029249747494506373,10.721976280212402,10.389412,0.33256428021240225,0.27138784527778625,0.26914302,0.0022448252777862443,0.27945050597190857,0.2810756,0.0016250940280914117,0.3442693054676056,0.33944628,0.004823025467605602
nearest_neighbor_baseline,903,133936,74281,0.12126640373973131,0.736720085144043,0.7650523,0.02833221485595705,20.833383560180664,20.311796,0.521587560180663,0.44076910614967346,0.44187534,0.0011062338503265434,0.4604000747203827,0.45800036,0.002399714720382695,0.43318188190460205,0.43461862,0.0014367380953979603
nearest_neighbor_baseline,904,10666,40162,0.040853034434998964,0.4855537414550781,0.48038563,0.005168111455078117,22.11345100402832,22.155483,0.04203199597167995,0.19268932938575745,0.19206777,0.0006215593857574475,0.21363049745559692,0.21685629,0.0032257925444030833,0.5144761800765991,0.5104086,0.004067580076599131
nearest_neighbor_baseline,905,44605,71232,0.0411618824963314,0.7095440030097961,0.69967145,0.00987255300979617,22.742080688476562,22.643763,0.09831768847656264,0.564193606376648,0.5616817,0.0025119063766479988,0.5653405785560608,0.5639726,0.001367978556060745,0.14616712927818298,0.14573354,0.00043358927818298865
nearest_neighbor_baseline,906,126199,39528,0.14921255445470877,0.7654649019241333,0.7914802,0.026015298075866666,18.477460861206055,17.64273,0.8347308612060544,0.2695189118385315,0.2691887,0.00033021183853149116,0.30532780289649963,0.30782408,0.002496277103500366,0.6693263649940491,0.6656633,0.0036630649940491145
nearest_neighbor_baseline,907,63436,51269,0.16156197599300287,0.2818727195262909,0.30423313,0.022360410473709125,22.13909912109375,21.457003,0.6820961210937497,0.19495463371276855,0.19765507,0.0027004362872314336,0.21293166279792786,0.22261463,0.009682967202072151,0.5024570822715759,0.5138273,0.011370217728424059
nearest_neighbor_baseline,908,52149,106272,0.044882022157476005,0.9295353293418884,0.937046,0.007510670658111618,13.020430564880371,13.042496,0.022065435119628773,0.24606621265411377,0.25015235,0.004086137345886254,0.2779834568500519,0.27515495,0.0028285068500518706,0.43283984065055847,0.4343688,0.0015289593494415277
nearest_neighbor_baseline,909,762,81761,0.06143383328827846,0.9160085916519165,0.9067012,0.009307391651916519,14.414109230041504,14.220901,0.19320823004150434,0.22659975290298462,0.22612058,0.00047917290298463144,0.22918851673603058,0.2293623,0.00017378326396941257,0.21831770241260529,0.21165399,0.006663712412605299
nearest_neighbor_baseline,910,39285,119485,0.04603620451041663,0.3625088036060333,0.36828646,0.005777656393966657,21.862220764160156,21.711596,0.15062476416015613,0.30744415521621704,0.30979657,0.0023524147837829523,0.30907681584358215,0.31346068,0.004383864156417838,0.17278173565864563,0.17294703,0.0001652943413543717
nearest_neighbor_baseline,911,59237,10598,0.07187191435503325,0.9405306577682495,0.9524215,0.01189084223175052,13.330987930297852,13.368615,0.037627069702148574,0.22733119130134583,0.23082398,0.0034927886986541867,0.24654459953308105,0.25026196,0.003717360466918951,0.39622148871421814,0.38930023,0.006921258714218115
nearest_neighbor_baseline,912,118467,35493,0.06707939979947142,0.5660223960876465,0.5643141,0.0017082960876464437,22.76223373413086,22.478079,0.28415473413085834,0.2725571095943451,0.26913533,0.003421779594345087,0.2865285277366638,0.28150517,0.005023357736663792,0.4255486726760864,0.42108068,0.004467992676086441
nearest_neighbor_baseline,913,133559,68514,0.04583797484381328,0.6981362104415894,0.6933662,0.004770010441589312,20.366619110107422,20.204279,0.16234011010742222,0.29237619042396545,0.2957316,0.0033554095760345293,0.2952718436717987,0.29875898,0.0034871363282013013,0.20354363322257996,0.20201619,0.001527443222579944
nearest_neighbor_baseline,914,69483,104674,0.07781944691582438,0.2622726261615753,0.27560154,0.01332891383842466,26.75650405883789,27.171581,0.41507694116210914,0.28360968828201294,0.28137264,0.0022370482820129323,0.2901129126548767,0.292628,0.0025150873451232902,0.31319811940193176,0.311852,0.0013461194019317446
nearest_neighbor_baseline,915,138145,78607,0.06005842572223491,0.7904029488563538,0.79990005,0.009497101143646214,19.155790328979492,19.064789,0.09100132897949109,0.2446974813938141,0.24423046,0.0004670213938140766,0.260579377412796,0.263869,0.0032896225872039997,0.4633197784423828,0.46965408,0.006334301557617161
nearest_neighbor_baseline,916,38619,113888,0.0358913695371886,0.9794619083404541,0.9726848,0.0067771083404540855,8.09238338470459,8.115215,0.022831615295409335,0.21385008096694946,0.21439141,0.0005413290330505416,0.23231685161590576,0.2296534,0.002663451615905754,0.4636819660663605,0.46081564,0.0028663260663604473
nearest_neighbor_baseline,917,72648,89388,0.031021580172263277,0.9891256093978882,0.98416114,0.004964469397888194,6.571732997894287,6.6782737,0.10654070210571298,0.23697002232074738,0.23772535,0.0007553276792526264,0.26157963275909424,0.25999463,0.001585002759094234,0.5369539260864258,0.5395078,0.0025538739135742006
nearest_neighbor_baseline,918,43340,128991,0.08450618245227269,0.8842589855194092,0.89234406,0.008085074480590815,14.266191482543945,14.094269,0.1719224825439447,0.23777973651885986,0.23430258,0.003477156518859853,0.2767461836338043,0.2724958,0.004250383633804311,0.4962629973888397,0.5058347,0.009571702611160249
nearest_neighbor_baseline,919,51180,661,0.19723167087581162,0.5557770133018494,0.55046326,0.0053137533018493555,21.40397834777832,21.28202,0.12195834777832104,0.27274084091186523,0.25466776,0.018073080911865214,0.3670976758003235,0.3815084,0.014410724199676539,0.7856094241142273,0.77048755,0.015121874114227274
nearest_neighbor_baseline,920,57088,32619,0.1023288806961054,0.35796311497688293,0.34522092,0.012742194976882948,19.14977264404297,19.425344,0.2755713559570303,0.293235719203949,0.2902765,0.0029592192039489817,0.3037536144256592,0.3118679,0.008114285574340796,0.36487072706222534,0.37322077,0.008350042937774638
nearest_neighbor_baseline,921,79504,90596,0.09303153403225578,0.9673062562942505,0.95348847,0.013817786294250456,8.780716896057129,9.310511,0.5297941039428711,0.2658255398273468,0.26995516,0.0041296201726532256,0.27759820222854614,0.27849934,0.0009011377714538416,0.3339497745037079,0.33283037,0.0011194045037078992
nearest_neighbor_baseline,922,40239,75391,0.07604221606562847,0.3677356541156769,0.36817273,0.0004370758843231237,28.385751724243164,28.30994,0.07581172424316307,0.54949551820755,0.54987913,0.0003836117924499449,0.5521801710128784,0.5559186,0.0037384289871216225,0.2159809172153473,0.22626477,0.010283852784652714
nearest_neighbor_baseline,923,29896,92646,0.07280288293846988,0.954109787940979,0.9584068,0.004297012059020999,12.884252548217773,12.775544,0.10870854821777343,0.2293148785829544,0.22926243,5.2448582954417455e-05,0.24075005948543549,0.2377723,0.002977759485435494,0.35864874720573425,0.34893048,0.009718267205734266
nearest_neighbor_baseline,924,138967,89938,0.09258617743224572,0.7643011808395386,0.7681941,0.0038929191604614166,19.02100372314453,19.173077,0.152073276855468,0.34164735674858093,0.34699196,0.005344603251419056,0.3515184819698334,0.3536294,0.0021109180301666086,0.3307049870491028,0.34229916,0.011594172950897208
nearest_neighbor_baseline,925,117608,130095,0.09044444584653534,0.29704809188842773,0.2922149,0.004833191888427735,29.78325843811035,29.64516,0.13809843811035094,0.5292825102806091,0.5304479,0.0011653897193908413,0.5318350195884705,0.53441167,0.0025766504115295463,0.22924824059009552,0.2168727,0.012375540590095518
nearest_neighbor_baseline,926,112163,71853,0.24258693160383074,0.3295418620109558,0.29377827,0.0357635920109558,22.11786651611328,22.710182,0.5923154838867184,0.631291389465332,0.6261268,0.005164589465332048,0.6338217854499817,0.627213,0.006608785449981669,0.14157290756702423,0.11448529,0.027087617567024228
nearest_neighbor_baseline,927,122448,36851,0.15501918242031945,0.5902004837989807,0.6032759,0.013075416201019263,17.066177368164062,17.84656,0.7803826318359377,0.2062363475561142,0.19881113,0.007425217556114194,0.2107364535331726,0.20207034,0.00866611353317262,0.22093380987644196,0.21257631,0.008357499876441965
nearest_neighbor_baseline,928,70155,66969,0.099998400292246,0.9891747236251831,0.9796422,0.009532523625183087,5.541811466217041,5.790053,0.24824153378295932,0.2801961600780487,0.2850356,0.004839439921951294,0.3380080461502075,0.3373104,0.0006976461502075093,0.582358181476593,0.57048786,0.01187032147659306
nearest_neighbor_baseline,929,40510,102043,0.3264602069576698,0.40729185938835144,0.42345348,0.016161620611648553,23.550329208374023,21.559727,1.9906022083740247,0.38726985454559326,0.3755888,0.011681054545593261,0.6071587204933167,0.618945,0.011786279506683317,0.8180810213088989,0.8331574,0.015076378691101122
nearest_neighbor_baseline,930,138672,94532,0.06779783407258386,0.9699790477752686,0.96003556,0.009943487775268545,9.2024564743042,9.013746,0.18871047430419985,0.2759009599685669,0.2769589,0.0010579400314331133,0.28721413016319275,0.2871578,5.633016319273043e-05,0.31884467601776123,0.3111648,0.007679876017761211
nearest_neighbor_baseline,931,111728,74654,0.07455008785601239,0.5928061008453369,0.5821299,0.010676200845336936,22.73737907409668,22.811275,0.07389592590331873,0.22424203157424927,0.2210041,0.0032379315742492587,0.22743657231330872,0.22572014,0.0017164323133087023,0.23201727867126465,0.24069737,0.008680091328735345
nearest_neighbor_baseline,932,81374,46228,0.05405584982046935,0.6408448815345764,0.6481691,0.0073242184654236375,18.85627555847168,18.81404,0.042235558471681145,0.2932821810245514,0.2956493,0.002367118975448612,0.2995698153972626,0.30428904,0.004719224602737437,0.30421584844589233,0.30844465,0.004228801554107653
nearest_neighbor_baseline,933,22533,23513,0.17339700259174132,0.3868069648742676,0.39827037,0.011463405125732407,19.619823455810547,19.743946,0.12412254418945423,0.2661330997943878,0.25387603,0.012257069794387843,0.3222670257091522,0.30252802,0.019739005709152213,0.5667108297348022,0.56595707,0.0007537597348022951
nearest_neighbor_baseline,934,78734,135750,0.08938957755739776,0.9816741347312927,0.9595471,0.02212703473129274,9.585354804992676,9.739053,0.1536981950073244,0.31716451048851013,0.3211356,0.003971089511489889,0.3210800886154175,0.32575026,0.004670171384582533,0.2278909832239151,0.22983202,0.0019410367760848979
nearest_neighbor_baseline,935,95851,101038,0.06685317076575963,0.894844651222229,0.90963435,0.014789698777771032,14.564826965332031,14.774024,0.20919703466796946,0.3915899097919464,0.39075086,0.0008390497919464335,0.39766839146614075,0.39853978,0.0008713885338592631,0.22950918972492218,0.22460996,0.004899229724922183
nearest_neighbor_baseline,936,114564,129298,0.11450042930583655,0.7377523183822632,0.7122578,0.02549451838226313,15.802689552307129,16.15376,0.35107044769286944,0.3312671184539795,0.32974997,0.0015171484539794888,0.3437235653400421,0.3358979,0.007825665340042087,0.30498766899108887,0.30678007,0.0017924010089111486
nearest_neighbor_baseline,937,20756,89248,0.09588674051713991,0.5157226920127869,0.4935942,0.022128492012786882,20.12746810913086,20.449076,0.3216078908691422,0.2759328782558441,0.27239332,0.003539558255844122,0.27799466252326965,0.27420944,0.003785222523269627,0.1738600730895996,0.17110798,0.0027520930895996165
nearest_neighbor_baseline,938,31889,1809,0.05720782082196458,0.5420900583267212,0.54899615,0.006906091673278825,22.77521324157715,22.752865,0.022348241577148542,0.2576002776622772,0.25121728,0.006382997662277234,0.26770123839378357,0.26598427,0.0017169683937835467,0.3774080276489258,0.38069707,0.003289042351074245
nearest_neighbor_baseline,939,60156,86234,0.06400370723413745,0.7487022280693054,0.7475401,0.0011621280693053793,16.88804054260254,17.135298,0.24725745739745975,0.23498348891735077,0.23057887,0.004404618917350778,0.24150250852108002,0.23787525,0.003627258521080007,0.3032931685447693,0.29825774,0.005035428544769294
nearest_neighbor_baseline,940,100972,6313,0.2296719597562726,0.04443879425525665,0.034491178,0.009947616255256655,21.780092239379883,21.069416,0.7106762393798824,0.3111964166164398,0.3197381,0.008541683383560206,0.3204706609249115,0.34318835,0.022717689075088476,0.3296472430229187,0.31456754,0.015079703022918722
nearest_neighbor_baseline,941,4612,111113,0.04587700664671565,0.6855798959732056,0.69275993,0.007180034026794457,11.646902084350586,11.825057,0.17815491564941333,0.3186829686164856,0.31477907,0.0039038986164856015,0.32469499111175537,0.32326886,0.0014261311117553799,0.23479145765304565,0.23546235,0.0006708923469543326
nearest_neighbor_baseline,942,33462,8164,0.09536357376636594,0.18642164766788483,0.17161937,0.014802277667884833,27.697803497314453,27.450245,0.24755849731445423,0.3048532009124756,0.30578044,0.0009272390875244008,0.3073801100254059,0.30876613,0.0013860199745941437,0.1708535999059677,0.16015938,0.010694219905967722
nearest_neighbor_baseline,943,33123,73354,0.05666108091953273,0.9687626957893372,0.97834504,0.009582344210662841,11.40647029876709,11.321638,0.08483229876708975,0.33174392580986023,0.3334958,0.0017518741901397794,0.3384459614753723,0.34195074,0.003504778524627661,0.2989000380039215,0.30408514,0.005185101996078467
nearest_neighbor_baseline,944,63373,87409,0.08499582795804086,0.40611615777015686,0.38895562,0.01716053777015686,22.751930236816406,22.45186,0.3000702368164063,0.33324000239372253,0.33418542,0.0009454176062774766,0.3377709984779358,0.3394896,0.0017186015220642115,0.2467900514602661,0.24024624,0.0065438114602661135
nearest_neighbor_baseline,945,67724,12065,0.07339450177989204,0.9758328199386597,0.9815074,0.005674580061340362,6.572948932647705,6.5414824,0.03146653264770549,0.2355797439813614,0.22938833,0.006191413981361388,0.27756834030151367,0.2766466,0.0009217403015136516,0.6582367420196533,0.6662839,0.00804715798034672
nearest_neighbor_baseline,946,70399,70905,0.11578426337551713,0.2548640966415405,0.25230572,0.0025583766415405162,23.153844833374023,22.778788,0.37505683337402473,0.2707308232784271,0.28079793,0.01006710672157285,0.29530787467956543,0.30474338,0.009435505320434578,0.42935147881507874,0.4330975,0.0037460211849212888
nearest_neighbor_baseline,947,70753,61345,0.15915213912842754,0.9736006259918213,0.9804085,0.006807874008178727,8.480690002441406,8.046389,0.4343010024414067,0.2824954688549042,0.27094376,0.011551708854904197,0.33802875876426697,0.35258675,0.014557991235733037,0.7181744575500488,0.7262613,0.00808684244995117
nearest_neighbor_baseline,948,30393,79843,0.11177858121503,0.8026517033576965,0.82101154,0.01835983664230345,10.80002212524414,10.389992,0.4100301252441412,0.4020019769668579,0.39539912,0.006602856966857917,0.4071810841560364,0.40065783,0.006523254156036384,0.20042778551578522,0.19587244,0.0045553455157852085
nearest_neighbor_baseline,949,21079,72050,0.0538621796587121,0.8135772943496704,0.8047017,0.008875594349670446,19.72435188293457,19.57317,0.15118188293456924,0.4000605046749115,0.40438575,0.004325245325088489,0.4073712229728699,0.40835792,0.0009866970271301123,0.2676542103290558,0.2711665,0.003512289670944191
nearest_neighbor_baseline,950,83613,90870,0.08571529836025524,0.8587874174118042,0.8506357,0.008151717411804205,16.823104858398438,17.036924,0.21381914160156157,0.23762862384319305,0.24177907,0.004150446156806958,0.2545192241668701,0.26218128,0.007662055833129899,0.40914639830589294,0.4030643,0.006082098305892958
nearest_neighbor_baseline,951,14927,15404,0.11884439655805393,0.30366477370262146,0.27722174,0.026443033702621466,27.436138153076172,27.01156,0.4245781530761725,0.7581528425216675,0.75704265,0.0011101925216674413,0.7593652009963989,0.7580726,0.0012926009963989404,0.1342572569847107,0.1266458,0.0076114569847106905
nearest_neighbor_baseline,952,66599,90100,0.05141610057240185,0.7146497368812561,0.7258901,0.011240363118743879,19.501771926879883,19.339994,0.16177792687988202,0.1896630972623825,0.18591307,0.0037500272623824937,0.1951615810394287,0.19534288,0.00018129896057128558,0.3648070693016052,0.36535096,0.0005438906983947778
nearest_neighbor_baseline,953,35027,30156,0.09549459293562079,0.15025562047958374,0.13044788,0.019807740479583752,28.663436889648438,28.727377,0.0639401103515631,0.2821543216705322,0.28851244,0.006358118329467755,0.2839575707912445,0.28985053,0.005892959208755488,0.14644719660282135,0.14224637,0.004200826602821339
nearest_neighbor_baseline,954,110804,39221,0.07462687801337786,0.1723805069923401,0.17678416,0.004403653007659908,22.777082443237305,23.257652,0.4805695567626955,0.25356316566467285,0.25689152,0.0033283543353271328,0.2613859176635742,0.26303113,0.0016452123364257831,0.2669975757598877,0.26592356,0.001074015759887692
nearest_neighbor_baseline,955,20639,23903,0.06816237140855733,0.1024600937962532,0.106921494,0.0044614002037468015,25.266529083251953,25.175964,0.09056508325195267,0.23838523030281067,0.23720576,0.0011794703028106812,0.25105446577072144,0.25686738,0.005812914229278543,0.42366525530815125,0.43085557,0.007190314691848776
nearest_neighbor_baseline,956,116110,10742,0.07501892219874283,0.8833194375038147,0.89216834,0.008848902496185307,16.641098022460938,17.034542,0.3934439775390608,0.3302678167819977,0.3264587,0.00380911678199769,0.33444106578826904,0.33026856,0.004172505788269054,0.2304159551858902,0.22967462,0.0007413351858902018
nearest_neighbor_baseline,957,112198,52580,0.17479185691565674,0.8709715008735657,0.8737547,0.0027831991264343214,11.260751724243164,10.102742,1.1580097242431648,0.3696292042732239,0.36118668,0.008442524273223895,0.3876103162765503,0.38821444,0.000604123723449701,0.33540210127830505,0.33712333,0.0017212287216949451
nearest_neighbor_baseline,958,3641,107378,0.08919369786147494,0.6364899277687073,0.6247369,0.011753027768707236,24.32694435119629,24.078648,0.2482963511962879,0.4795083701610565,0.48511598,0.005607609838943484,0.4812140464782715,0.48675308,0.00553903352172852,0.1677403599023819,0.1612137,0.006526659902381909
nearest_neighbor_baseline,959,97943,74005,0.11386628224633195,0.8030924797058105,0.7837815,0.019310979705810527,19.525962829589844,19.704144,0.1781811704101557,0.4218701720237732,0.4285409,0.006670727976226809,0.4257524311542511,0.4333179,0.0075654688457488795,0.2369936853647232,0.24493283,0.007939144635276785
nearest_neighbor_baseline,960,129166,15272,0.11551753888260756,0.8480538725852966,0.8562495,0.008195627414703366,14.173282623291016,13.823387,0.3498956232910153,0.2488807588815689,0.25637937,0.007498611118431087,0.2695455551147461,0.279719,0.010173444885253902,0.5300424695014954,0.53630334,0.006260870498504656
nearest_neighbor_baseline,961,63964,48965,0.06355853525173061,0.8951717019081116,0.8766431,0.018528601908111564,15.143807411193848,15.198413,0.05460558880615274,0.2195378690958023,0.22010013,0.0005622609041976978,0.22455023229122162,0.223847,0.0007032322912216282,0.26597946882247925,0.2641178,0.0018616688224792344
nearest_neighbor_baseline,962,55122,136810,0.05229427816685615,0.8755037188529968,0.86947787,0.00602584885299684,15.701870918273926,15.917178,0.21530708172607405,0.21892395615577698,0.21835071,0.0005732461557769741,0.22780360281467438,0.22345679,0.004346812814674389,0.27266132831573486,0.2697422,0.0029191283157348757
nearest_neighbor_baseline,963,91338,106042,0.10490403944693732,0.06802251935005188,0.0506878,0.017334719350051882,24.872268676757812,24.407324,0.46494467675781337,0.2017831951379776,0.20697156,0.005188364862022399,0.2125333547592163,0.21413006,0.0015967052407837024,0.31376412510871887,0.32013997,0.006375844891281124
nearest_neighbor_baseline,964,125504,89314,0.09304910414609677,0.546118974685669,0.5530839,0.006964925314331016,26.002967834472656,26.548082,0.5451141655273446,0.4284953474998474,0.42476973,0.0037256174998474,0.4308713674545288,0.42730507,0.0035662974545287995,0.1886814683675766,0.19291241,0.004230941632423407
nearest_neighbor_baseline,965,7024,100832,0.09997613971127021,0.9116846919059753,0.9210695,0.009384808094024644,15.509151458740234,16.164253,0.6551015412597643,0.3085912764072418,0.30663526,0.0019560164072418007,0.31106171011924744,0.3092137,0.0018480101192474563,0.20543992519378662,0.20700629,0.0015663648062133884
nearest_neighbor_baseline,966,37554,121620,0.08043547876260337,0.5188336372375488,0.53785443,0.019020792762451166,25.36730194091797,25.54105,0.17374805908202973,0.5432804822921753,0.5453327,0.0020522177078247106,0.5443406701087952,0.54644996,0.0021092898912048463,0.13733282685279846,0.1428948,0.005561973147201527
nearest_neighbor_baseline,967,36100,90529,0.06340239128460282,0.821394681930542,0.8292622,0.007867518069457957,17.485795974731445,17.561625,0.07582902526855406,0.2039751261472702,0.20040555,0.0035695761472702148,0.2220352590084076,0.21771908,0.0043161790084075835,0.5156396627426147,0.5097958,0.005843862742614725
nearest_neighbor_baseline,968,13892,112801,0.06140693438176563,0.7621440291404724,0.7613112,0.0008328291404724464,19.117664337158203,19.206514,0.08884966284179541,0.2758620083332062,0.27873358,0.002871571666793804,0.29388192296028137,0.29800326,0.00412133703971862,0.45313072204589844,0.44611934,0.007011382045898462
nearest_neighbor_baseline,969,121660,65660,0.17504437985557506,0.07493637502193451,0.06924335,0.005693025021934514,25.32388687133789,24.13663,1.1872568713378904,0.21990257501602173,0.22386958,0.003967004983978284,0.2639979422092438,0.26898915,0.004991207790756236,0.6483614444732666,0.65000165,0.0016402055267333848
nearest_neighbor_baseline,970,34601,101021,0.11866552737606124,0.1476287990808487,0.16355546,0.01592666091915132,26.251262664794922,26.235617,0.015645664794920577,0.2993027865886688,0.29262534,0.006677446588668812,0.30041706562042236,0.29364786,0.0067692056204223805,0.12914910912513733,0.11724969,0.011899419125137325
nearest_neighbor_baseline,971,63676,68546,0.08265424696084922,0.31032735109329224,0.29423884,0.016088511093292235,27.534440994262695,27.709335,0.17489400573730407,0.305424302816391,0.30042893,0.004995372816391008,0.3076361417770386,0.3032192,0.004416941777038552,0.1755490005016327,0.17075296,0.004796040501632681
nearest_neighbor_baseline,972,118505,83977,0.0707013235366216,0.9818462133407593,0.9782174,0.0036288133407592627,3.734508991241455,3.4259353,0.3085736912414552,0.28597840666770935,0.28566405,0.0003143566677093479,0.3170240819454193,0.31918043,0.0021563480545807034,0.39822784066200256,0.3905963,0.007631540662002556
nearest_neighbor_baseline,973,88392,79500,0.1307234297989423,0.860047459602356,0.89209133,0.032043870397644,18.598779678344727,18.385166,0.2136136783447249,0.4680901765823364,0.47311878,0.005028603417663591,0.4736652374267578,0.48095503,0.007289792573242193,0.2889854907989502,0.2848858,0.004099690798950173
nearest_neighbor_baseline,974,23861,113046,0.06253812786969008,0.1611621081829071,0.178642,0.01747989181709289,27.069843292236328,27.147287,0.07744370776367049,0.9348626732826233,0.93290675,0.001955923282623284,0.935575544834137,0.93363845,0.0019370948341369543,0.08797094970941544,0.088856325,0.0008853752905845641
nearest_neighbor_baseline,975,102119,134967,0.10037906949987123,0.980530321598053,0.99204063,0.011510308401947,6.571314811706543,7.0438666,0.47255178829345734,0.17691047489643097,0.17539856,0.0015119148964309603,0.211221382021904,0.2104582,0.0007631820219039798,0.7262789011001587,0.7355865,0.00930759889984134
nearest_neighbor_baseline,976,27429,85061,0.09425882015692316,0.7351736426353455,0.7302237,0.004949942635345428,18.993074417114258,18.54206,0.4510144171142585,0.19883690774440765,0.1977592,0.0010777077444076577,0.22916284203529358,0.22062029,0.008542552035293582,0.4629015624523163,0.46663278,0.0037312175476837406
nearest_neighbor_baseline,977,72920,123304,0.14886268900080876,0.3649105727672577,0.39733192,0.032421347232742315,26.77286148071289,27.27248,0.499618519287111,0.4837484359741211,0.48501095,0.0012625140258789025,0.4906153082847595,0.49722373,0.006608421715240453,0.3203578293323517,0.32870194,0.008344110667648341
nearest_neighbor_baseline,978,2819,11288,0.196536324951716,0.7417613863945007,0.7479091,0.006147713605499261,19.492155075073242,19.241869,0.25028607507324097,0.21173067390918732,0.19327994,0.018450733909187306,0.27512750029563904,0.25706863,0.018058870295639018,0.9120609760284424,0.90497833,0.00708264602844233
nearest_neighbor_baseline,979,55034,102288,0.13933379349957542,0.3902018070220947,0.36181617,0.028385637022094734,17.17833137512207,17.521343,0.34301162487793135,0.20516647398471832,0.21418272,0.00901624601528167,0.21361005306243896,0.22137085,0.007760796937561043,0.3307490944862366,0.3264155,0.004333594486236547
nearest_neighbor_baseline,980,49627,24859,0.10988317034286108,0.7247011661529541,0.726082,0.0013808338470459036,21.24369239807129,21.71793,0.47423760192871,0.23743590712547302,0.22893505,0.008500857125473021,0.24233058094978333,0.23415019,0.008180390949783317,0.2739139199256897,0.2711679,0.00274601992568968
nearest_neighbor_baseline,981,35042,116187,0.07054778270601522,0.9589963555335999,0.9601258,0.0011294444664001757,5.8502960205078125,5.605202,0.24509402050781226,0.3717486262321472,0.3749286,0.003179973767852784,0.38262873888015747,0.37965736,0.0029713788801574714,0.23279625177383423,0.2405342,0.007737948226165775
nearest_neighbor_baseline,982,36919,38729,0.0798454621582382,0.9683806300163269,0.97581416,0.007433529983673082,4.840953826904297,5.2510104,0.4100565730957033,0.37384364008903503,0.36895105,0.0048925900890350316,0.3875845670700073,0.38628113,0.0013034370700073517,0.38261494040489197,0.37772638,0.004888560404891995
nearest_neighbor_baseline,983,40370,73473,0.0844090511267809,0.2834843397140503,0.29424864,0.010764300285949713,25.935739517211914,25.666697,0.26904251721191486,0.4722280502319336,0.46813968,0.004088370231933591,0.4743112623691559,0.47378114,0.0005301223691558943,0.1837223917245865,0.19244988,0.008727488275413503
nearest_neighbor_baseline,984,63773,44038,0.10104426450211759,0.23775291442871094,0.2193006,0.018452314428710925,26.550384521484375,26.643793,0.09340847851562373,0.2969973385334015,0.29975104,0.002753701466598535,0.29970401525497437,0.30524713,0.005543114745025612,0.20152896642684937,0.21111889,0.009589923573150638
nearest_neighbor_baseline,985,66000,129970,0.12310145822072144,0.749364972114563,0.7443527,0.00501227211456301,23.341815948486328,23.100006,0.24180994848632764,0.2937188446521759,0.2890042,0.0047146446521759144,0.30142319202423096,0.31640932,0.014986127975769037,0.374944806098938,0.37108287,0.003861936098937979
nearest_neighbor_baseline,986,40013,59068,0.08748914737188798,0.7065996527671814,0.6973837,0.009215952767181346,18.24551773071289,18.714375,0.4688572692871098,0.24779102206230164,0.24919657,0.0014055479376983704,0.2634623646736145,0.2569734,0.0064889646736144835,0.3440872132778168,0.3447105,0.0006232867221832028
nearest_neighbor_baseline,987,42403,138279,0.10897847976207964,0.8944640159606934,0.9020502,0.007586184039306665,19.512893676757812,18.782125,0.7307686767578119,0.42970362305641174,0.42976412,6.049694358828406e-05,0.4373572766780853,0.43459922,0.002758056678085319,0.2498631626367569,0.24769625,0.0021669126367568903
nearest_neighbor_baseline,988,102181,95402,0.12259925572321229,0.5626882314682007,0.54142725,0.021260981468200657,21.88176155090332,21.67643,0.20533155090332045,0.328578919172287,0.3271299,0.0014490191722870138,0.33281847834587097,0.33034238,0.0024760983458709807,0.2071513682603836,0.193406,0.013745368260383611
nearest_neighbor_baseline,989,39050,125680,0.07647797860676454,0.26478010416030884,0.26212144,0.0026586641603088546,23.891923904418945,24.331442,0.4395180955810538,0.2705226242542267,0.27538976,0.004867135745773299,0.2823939919471741,0.2804465,0.0019474919471740848,0.2751876413822174,0.27184635,0.003341291382217393
nearest_neighbor_baseline,990,78461,92978,0.13834904583995283,0.7278473973274231,0.7193226,0.008524797327423062,22.66643524169922,22.25183,0.414605241699217,0.4170214533805847,0.4060398,0.01098165338058471,0.41895848512649536,0.40813142,0.010827065126495339,0.15391525626182556,0.16133983,0.007424573738174428
nearest_neighbor_baseline,991,74643,106154,0.0979280412524947,0.5353203415870667,0.5414959,0.00617555841293338,20.586883544921875,21.140804,0.5539204550781243,0.22655260562896729,0.23423591,0.0076833043710327065,0.2533864676952362,0.25293297,0.00045349769523622685,0.4531536400318146,0.4521782,0.0009754400318146006
nearest_neighbor_baseline,992,49226,120350,0.1935847213986928,0.4653645157814026,0.44150457,0.023859945781402603,23.58031463623047,23.306345,0.27396963623046844,0.22281719744205475,0.22121704,0.0016001574420547449,0.2895689308643341,0.2659345,0.02363443086433409,0.8431170582771301,0.8438313,0.0007142417228698239
nearest_neighbor_baseline,993,85966,54843,0.057622425996663375,0.6948438286781311,0.71020895,0.015365121321868846,22.876834869384766,22.95563,0.07879513061523369,0.4100201725959778,0.41139838,0.0013782074040222247,0.41340696811676025,0.4140401,0.0006331318832397681,0.22215336561203003,0.22537066,0.003217294387969971
nearest_neighbor_baseline,994,71125,52102,0.040915675038569924,0.9881522059440613,0.9869026,0.001249605944061316,6.980703830718994,7.095591,0.11488716928100562,0.20245875418186188,0.20714635,0.004687595818138129,0.2328711450099945,0.23366755,0.0007964049900054948,0.5004830360412598,0.49821338,0.002269656041259782
nearest_neighbor_baseline,995,60720,52078,0.09487116048401639,0.061987392604351044,0.049119532,0.012867860604351043,25.017635345458984,25.253155,0.2355196545410152,0.22227585315704346,0.21722645,0.005049403157043469,0.240691676735878,0.25014082,0.009449143264121995,0.47921064496040344,0.48023608,0.0010254350395965672
nearest_neighbor_baseline,996,30624,135813,0.08425065663094608,0.9723024964332581,0.97611487,0.003812373566741911,14.114018440246582,13.621482,0.4925364402465817,0.404599130153656,0.4075573,0.0029581698463440054,0.40948471426963806,0.4137913,0.0043065857303619115,0.3228009343147278,0.3266382,0.0038372656852722065
nearest_neighbor_baseline,997,118379,80881,0.06290689073963074,0.9667373895645142,0.96010333,0.006634059564514128,13.400412559509277,13.609767,0.20935444049072238,0.3099128007888794,0.31119263,0.001279829211120631,0.31461140513420105,0.31621498,0.001603574865798929,0.28667768836021423,0.29383358,0.00715589163978575
nearest_neighbor_baseline,998,80624,84657,0.1987437266147918,0.8514277935028076,0.8620118,0.010584006497192378,10.510477066040039,10.020809,0.4896680660400392,0.35856178402900696,0.37383422,0.015272435970993037,0.405811071395874,0.40889284,0.003081768604125956,0.5927334427833557,0.6140294,0.021295957216644235
nearest_neighbor_baseline,999,122098,68591,0.13330480640051376,0.10963691771030426,0.1059202,0.0037167177103042542,27.42293930053711,26.758583,0.6643563005371078,0.2997514307498932,0.29375872,0.005992710749893215,0.3523659110069275,0.36184826,0.009482348993072487,0.5925989747047424,0.5995507,0.00695172529525756
